Time/Second,Task_No,Time Stamp,OperationMode,isCollision,isCompliance,isReadyToMove,ToolPosition_x,ToolPosition_y,ToolPosition_z,ToolPosition_A,ToolPosition_b,ToolPosition_c,ToolForce_x,ToolForce_y,ToolForce_z,ToolTorque_x,ToolTorque_y,ToolTorque_z,JointPosition,JointPosition,JointPosition,JointPosition,JointPosition,JointPosition,JointPosition,Tool_Velocity,Tool_Acceleration
0,1,1573821190,AUT,FALSE,FALSE,TRUE,471.9512913,-400.0126878,169.9595079,-179.9928208,-0.009920407,-179.9992795,-0.701623455,-0.738408402,2.992677212,-0.192744513,0.278563574,0.090334316,-66.23013497,54.19491119,43.74621276,-78.18060951,-38.99925109,63.0324028,-16.82064171,0.5,1
0.100281954,1,1573821190,AUT,FALSE,FALSE,TRUE,471.9512913,-400.0126878,169.9595079,-179.9928208,-0.009920407,-179.9992795,-0.701623455,-0.738408402,2.992677212,-0.192744513,0.278563574,0.090334316,-66.23013497,54.19491119,43.74621276,-78.18060951,-38.99925109,63.0324028,-16.82064171,0.5,1
0.200829029,1,1573821190,AUT,FALSE,TRUE,TRUE,471.7941918,-399.9015286,169.2309317,-179.9998092,-0.049571168,179.9385213,-0.499063746,-0.58854832,2.560854885,-0.281355897,0.162552639,0.055786253,-66.23007317,54.25647583,43.73562813,-78.18023529,-39.00059692,63.03297615,-16.82060051,1,1
0.301316023,1,1573821190,AUT,FALSE,TRUE,TRUE,471.9552993,-400.4079106,166.7851514,-179.946168,0.007641922,179.9681526,-0.13647473,0.055776523,0.75650966,-0.224697036,0.009539333,0.036920256,-66.22998391,54.48774833,43.69252396,-78.17515411,-39.17129699,62.7987442,-16.81937485,1,1
0.401728868,1,1573821191,AUT,FALSE,TRUE,TRUE,471.9552993,-400.4079106,166.7851514,-179.946168,0.007641922,179.9681526,-0.13647473,0.055776523,0.75650966,-0.224697036,0.009539333,0.036920256,-66.22999421,54.78259048,43.64516258,-78.07427559,-39.33910217,62.65032578,-16.81868134,1,1
0.50222683,1,1573821191,AUT,FALSE,TRUE,TRUE,472.060319,-401.300817,164.2445809,-179.9613114,0.022038392,179.9470085,-0.174498637,0.167382038,0.199567776,-0.221131822,-0.143811941,0.069634237,-66.22999421,54.78259048,43.64516258,-78.07427559,-39.33910217,62.65032578,-16.81868134,1,1
0.602768898,1,1573821191,AUT,FALSE,TRUE,TRUE,472.5319917,-402.4785682,163.2481777,179.9919083,0.063531359,179.9676991,0.468810448,1.125929282,-0.563655422,0.044704272,-0.399442667,0.110515237,-66.22818489,54.99498711,43.64815979,-77.87307815,-39.46833435,62.63096924,-16.82047692,1,1
0.703251839,1,1573821191,AUT,FALSE,TRUE,TRUE,472.5319917,-402.4785682,163.2481777,179.9919083,0.063531359,179.9676991,0.468810448,1.125929282,-0.563655422,0.044704272,-0.399442667,0.110515237,-66.22818489,54.99498711,43.64815979,-77.87307815,-39.46833435,62.63096924,-16.82047692,1,1
0.803747892,1,1573821191,AUT,FALSE,TRUE,TRUE,473.5652848,-401.849322,164.0002833,-179.9246307,0.126563129,179.9609589,-0.617362366,0.797387488,-0.255228068,0.073497286,-0.445367329,0.026463959,-66.18102608,54.99907264,43.75214195,-77.80933685,-39.48241882,62.6851902,-16.81847534,1,1
0.904302835,1,1573821191,AUT,FALSE,TRUE,TRUE,476.1010565,-400.4025058,166.419186,-179.962845,0.189544251,179.9900111,-2.411498474,0.52025636,0.085192038,0.166806175,-0.378987406,-0.123302632,-65.97016754,54.92083969,43.91364441,-77.60061378,-39.45766113,62.93294219,-16.61176071,1,1
1.004837036,1,1573821191,AUT,FALSE,TRUE,TRUE,476.1010565,-400.4025058,166.419186,-179.962845,0.189544251,179.9900111,-2.411498474,0.52025636,0.085192038,0.166806175,-0.378987406,-0.123302632,-65.97016754,54.92083969,43.91364441,-77.60061378,-39.45766113,62.93294219,-16.61176071,1,1
1.105337858,1,1573821191,AUT,FALSE,TRUE,TRUE,481.8252539,-397.7952329,169.5508956,179.9967269,0.273742754,-179.9642832,-4.563654292,-1.086142489,0.720448252,-0.057584973,-0.230380069,-0.030228552,-65.52883644,54.93195648,44.06540336,-77.17719383,-39.43710021,63.26747246,-16.30698968,1,1
1.206319809,1,1573821191,AUT,FALSE,TRUE,TRUE,481.8252539,-397.7952329,169.5508956,179.9967269,0.273742754,-179.9642832,-4.563654292,-1.086142489,0.720448252,-0.057584973,-0.230380069,-0.030228552,-64.48080254,55.35162391,44.09649467,-75.71120567,-39.40782165,64.10430794,-16.03287049,1,1
1.30702281,1,1573821191,AUT,FALSE,TRUE,TRUE,489.9588059,-396.8477538,171.8443972,179.9899665,0.281182558,-179.9300291,-3.293780879,-2.670596507,0.640742566,-0.264247913,-0.283167555,0.041732236,-64.48080254,55.35162391,44.09649467,-75.71120567,-39.40782165,64.10430794,-16.03287049,1,1
1.407563925,1,1573821192,AUT,FALSE,TRUE,TRUE,499.8018642,-398.4300582,173.7338135,179.9535574,0.278433163,-179.9558411,-3.041204937,-1.210929636,0.200454663,-0.206578108,-0.340107801,0.189557781,-63.40634308,56.14913864,44.07933883,-73.68534393,-39.42065917,65.13987236,-16.11646271,1,1
1.508041859,1,1573821192,AUT,FALSE,TRUE,TRUE,499.8018642,-398.4300582,173.7338135,179.9535574,0.278433163,-179.9558411,-3.041204937,-1.210929636,0.200454663,-0.206578108,-0.340107801,0.189557781,-63.40634308,56.14913864,44.07933883,-73.68534393,-39.42065917,65.13987236,-16.11646271,1,1
1.608520985,1,1573821192,AUT,FALSE,TRUE,TRUE,511.3490757,-400.6783827,174.8596537,179.967357,0.319540388,-179.9836013,-3.539639356,-0.939298297,0.906158125,-0.264046271,-0.373227716,0.256196976,-62.15863609,57.25665664,44.06863403,-71.10281181,-39.5329779,66.31951218,-16.31389046,1,1
1.709002972,1,1573821192,AUT,FALSE,TRUE,TRUE,524.6926542,-402.4398295,175.6797953,179.9603517,0.345100196,179.9950272,-3.539639356,-0.939298297,0.906158125,-0.264046271,-0.373227716,0.256196976,-60.68771096,58.51587524,44.04757804,-68.28652496,-39.68950012,67.61670227,-16.45983009,1,1
1.809527874,1,1573821192,AUT,FALSE,TRUE,TRUE,524.6926542,-402.4398295,175.6797953,179.9603517,0.345100196,179.9950272,-3.933706982,0.087954228,-0.33132833,-0.212880428,-0.366099862,0.257556606,-60.68771096,58.51587524,44.04757804,-68.28652496,-39.68950012,67.61670227,-16.45983009,1,1
1.910051823,1,1573821192,AUT,FALSE,TRUE,TRUE,539.5445459,-403.1474986,176.4018557,179.9526291,0.354571264,179.9877305,-2.328293382,-1.147798012,-0.322441939,-0.525649136,-0.558793118,0.259770788,-58.87475739,59.95931053,43.97964478,-64.97794761,-39.86185363,69.00509262,-16.58187447,1,1
2.01055789,1,1573821192,AUT,FALSE,TRUE,TRUE,551.3416502,-403.4817887,176.7437345,179.9455181,0.347363155,179.9894974,-2.131485896,-0.755672275,-1.418838899,-0.328529082,-0.569135356,0.286696236,-57.41449242,61.08690605,43.86014442,-62.34420891,-39.9571875,70.11113434,-16.72375603,1,1
2.111037016,1,1573821192,AUT,FALSE,TRUE,TRUE,551.3416502,-403.4817887,176.7437345,179.9455181,0.347363155,179.9894974,-2.131485896,-0.755672275,-1.418838899,-0.328529082,-0.569135356,0.286696236,-57.41449242,61.08690605,43.86014442,-62.34420891,-39.9571875,70.11113434,-16.72375603,1,1
2.211565018,1,1573821192,AUT,FALSE,TRUE,TRUE,562.7567008,-403.682546,177.0851871,179.9728742,0.2962015,179.9967044,-1.235183351,0.119606638,0.145024952,-0.111862956,-0.401086302,0.321181286,-55.94699021,62.22018699,43.73498268,-59.68448066,-40.06170043,71.26202774,-16.94081154,1,1
2.312052011,1,1573821192,AUT,FALSE,TRUE,TRUE,575.334384,-404.19024,176.9940634,179.9493147,0.253965388,179.9864271,1.135265063,-0.211968552,1.100713003,-0.476766182,-0.927624808,0.215260709,-54.29966927,63.58594551,43.60140266,-56.51081199,-40.19426696,72.58096389,-17.24246521,1,1
2.412606001,1,1573821193,AUT,FALSE,TRUE,TRUE,575.334384,-404.19024,176.9940634,179.9493147,0.253965388,179.9864271,1.135265063,-0.211968552,1.100713003,-0.476766182,-0.927624808,0.215260709,-54.29966927,63.58594551,43.60140266,-56.51081199,-40.19426696,72.58096389,-17.24246521,1,1
2.513090849,1,1573821193,AUT,FALSE,TRUE,TRUE,585.1760992,-404.1360331,176.0277664,-179.9913733,0.195159833,179.9263422,1.447285438,2.644667671,-0.586827075,0.024282842,-0.854477255,0.083668426,-52.97564507,64.75104561,43.49092483,-53.95432777,-40.29369323,73.59738464,-17.57889404,1,1
2.613574982,1,1573821193,AUT,FALSE,TRUE,TRUE,585.1760992,-404.1360331,176.0277664,-179.9913733,0.195159833,179.9263422,1.447285438,2.644667671,-0.586827075,0.024282842,-0.854477255,0.083668426,-52.97564507,64.75104561,43.49092483,-53.95432777,-40.29369323,73.59738464,-17.57889404,1,1
2.71408391,1,1573821193,AUT,FALSE,TRUE,TRUE,594.8307868,-398.8600127,174.8438457,-179.8693653,0.104374971,179.8083397,3.997177599,4.164260824,-1.139467599,0.002633861,-1.265054553,-0.468827454,-51.6333664,65.62126923,43.47815666,-52.17538032,-40.37620056,74.34546432,-17.42597466,1,1
2.814559937,1,1573821193,AUT,FALSE,TRUE,TRUE,599.4459125,-391.7883924,174.4599807,-179.8804072,0.041316069,179.7730906,2.4310368,2.210107456,-2.299318794,-0.378082412,-0.616509287,-0.548815059,-50.90638047,65.70302811,43.4789257,-52.08486328,-40.3856488,74.42758026,-16.75928307,1,1
2.915024042,1,1573821193,AUT,FALSE,TRUE,TRUE,599.4459125,-391.7883924,174.4599807,-179.8804072,0.041316069,179.7730906,2.4310368,2.210107456,-2.299318794,-0.378082412,-0.616509287,-0.548815059,-50.32963257,65.57030639,43.4875534,-52.21731033,-40.38092468,74.46423339,-16.11292992,1,1
3.015607834,1,1573821193,AUT,FALSE,TRUE,TRUE,603.1661343,-385.0427224,175.4674587,-179.8649749,0.006929271,179.806576,-0.295574016,1.32941534,-1.450954984,-0.605452477,-0.016235202,-0.634074785,-50.32963257,65.57030639,43.4875534,-52.21731033,-40.38092468,74.46423339,-16.11292992,1,1
3.116290808,1,1573821193,AUT,FALSE,TRUE,TRUE,606.625027,-377.8037821,177.4970415,-179.8508663,-0.02508794,179.7855027,-0.601407169,1.105912706,-1.188943697,-0.522947461,0.268618324,-0.684145202,-49.76973153,65.32336807,43.51031914,-52.41783485,-40.27470336,74.56454887,-15.45814133,1,1
3.217020988,1,1573821193,AUT,FALSE,TRUE,TRUE,609.9468486,-370.2778101,180.0391308,-179.8563904,-0.065785928,179.8035815,-1.069343456,1.677522376,-0.938922501,-0.389915308,0.479679752,-0.695660707,-49.19872399,65.00466499,43.52855644,-52.67482566,-40.17967163,74.67322083,-14.73987923,1,1
3.317618847,1,1573821193,AUT,FALSE,TRUE,TRUE,613.3875819,-361.2104991,182.1138331,-179.8424593,-0.104579617,179.7837196,-0.267633167,1.494129481,-0.771080846,-0.471163663,0.433332571,-0.70335754,-48.59445878,64.65279693,43.55773888,-53.10119819,-40.0533673,74.68571091,-13.89481774,1,1
3.418115854,1,1573821194,AUT,FALSE,TRUE,TRUE,613.3875819,-361.2104991,182.1138331,-179.8424593,-0.104579617,179.7837196,-0.267633167,1.494129481,-0.771080846,-0.471163663,0.433332571,-0.70335754,-48.59445878,64.65279693,43.55773888,-53.10119819,-40.0533673,74.68571091,-13.89481774,1,1
3.518607855,1,1573821194,AUT,FALSE,TRUE,TRUE,616.53146,-351.2313193,183.6659139,-179.8454323,-0.135368574,179.7671709,-0.329646216,2.268505422,-0.910378723,-0.274171419,0.712196127,-0.672069795,-48.00154038,64.27015342,43.61322669,-53.71574593,-39.97040954,74.5851448,-12.90824891,1,1
3.619134903,1,1573821194,AUT,FALSE,TRUE,TRUE,619.1794078,-340.4848835,184.3424589,-179.8563915,-0.167342781,179.7671551,0.770424278,2.091515943,-0.998440836,-0.329757016,0.515013253,-0.657048494,-47.42891922,63.83570251,43.65828781,-54.59200859,-39.90482666,74.31664581,-11.78899612,1,1
3.719619989,1,1573821194,AUT,FALSE,TRUE,TRUE,621.0502687,-328.8877541,184.219522,-179.8718084,-0.190784593,179.7667105,1.038981013,2.344692147,-0.255531105,-0.253585157,0.568001058,-0.58317363,-46.91323128,63.34534492,43.68917313,-55.74734459,-39.83627197,73.86522446,-10.5459961,1,1
3.820122957,1,1573821194,AUT,FALSE,TRUE,TRUE,621.7328718,-316.4692562,183.7777119,-179.8785015,-0.215482288,179.771051,1.194314173,2.630323828,-0.717078051,-0.165330197,0.488714777,-0.512936934,-46.49193649,62.72730217,43.73506508,-57.25756988,-39.77871459,73.24141731,-9.182877738,1,1
3.920589924,1,1573821194,AUT,FALSE,TRUE,TRUE,621.7328718,-316.4692562,183.7777119,-179.8785015,-0.215482288,179.771051,1.194314173,2.630323828,-0.717078051,-0.165330197,0.488714777,-0.512936934,-46.49193649,62.72730217,43.73506508,-57.25756988,-39.77871459,73.24141731,-9.182877738,1,1
4.021086931,1,1573821194,AUT,FALSE,TRUE,TRUE,620.8810716,-304.4643097,183.2069862,-179.8908627,-0.226288638,179.7982158,1.793426055,1.715233582,-0.586877579,-0.292998957,0.382765582,-0.500892345,-46.22207794,61.98147125,43.77950134,-59.09337501,-39.71282958,72.46384621,-7.794470219,1,1
4.121567965,1,1573821194,AUT,FALSE,TRUE,TRUE,618.9437618,-292.8891152,182.8644323,-179.8827475,-0.196713003,179.8011402,-0.095005652,2.103864278,-0.859548389,-0.191506159,0.527787263,-0.467088231,-46.091502,61.15648727,43.86115379,-61.04648322,-39.62991027,71.60718727,-6.460712819,1,1
4.222121954,1,1573821194,AUT,FALSE,TRUE,TRUE,616.7318846,-281.68424,183.3842095,-179.8931927,-0.155692128,179.7934593,-1.850490784,1.798899811,-0.924924757,-0.302901599,0.660251164,-0.486215116,-46.00446968,60.31882438,44.03883018,-62.93533859,-39.5762915,70.86251335,-5.15502205,1,1
4.32260704,1,1573821194,AUT,FALSE,TRUE,TRUE,616.7318846,-281.68424,183.3842095,-179.8931927,-0.155692128,179.7934593,-1.850490784,1.798899811,-0.924924757,-0.302901599,0.660251164,-0.486215116,-45.84658242,59.53624763,44.26512794,-64.59810562,-39.55724121,70.26257744,-3.900764469,1,1
4.423099041,1,1573821195,AUT,FALSE,TRUE,TRUE,615.0274405,-270.722303,184.4119031,-179.8906546,-0.118604248,179.7968956,-2.808566944,1.74414539,-1.072738139,-0.3048415,0.779409711,-0.457005611,-45.84658242,59.53624763,44.26512794,-64.59810562,-39.55724121,70.26257744,-3.900764469,1,1
4.523615837,1,1573821195,AUT,FALSE,TRUE,TRUE,614.2283675,-259.0771991,185.5345394,-179.8942884,-0.099526319,179.7790591,-3.283509324,1.938502622,-0.740815969,-0.336535649,0.893431911,-0.448269323,-45.53291931,58.85644454,44.51091614,-65.99930191,-39.54155822,69.79487228,-2.6190651,1,1
4.624107838,1,1573821195,AUT,FALSE,TRUE,TRUE,614.3065444,-247.4515719,186.1800481,-179.8900283,-0.100810921,179.7884472,-3.410626027,2.394345733,0.347798162,-0.101912923,1.063108228,-0.411363948,-45.04870377,58.32290726,44.66938019,-67.11576691,-39.52733642,69.41054649,-1.374403388,1,1
4.724602938,1,1573821195,AUT,FALSE,TRUE,TRUE,614.3065444,-247.4515719,186.1800481,-179.8900283,-0.100810921,179.7884472,-3.410626027,2.394345733,0.347798162,-0.101912923,1.063108228,-0.411363948,-45.04870377,58.32290726,44.66938019,-67.11576691,-39.52733642,69.41054649,-1.374403388,1,1
4.825191975,1,1573821195,AUT,FALSE,TRUE,TRUE,615.5534823,-231.4865027,185.2841727,-179.8855037,-0.116599786,179.7785831,-2.247974181,2.04365924,-0.09001929,-0.327526966,1.111634127,-0.441627662,-44.15042038,57.85997085,44.72908401,-68.29439392,-39.49867309,68.86665802,0.274373244,1,1
4.926174879,1,1573821195,AUT,FALSE,TRUE,TRUE,615.5534823,-231.4865027,185.2841727,-179.8855037,-0.116599786,179.7785831,-2.247974181,2.04365924,-0.09001929,-0.327526966,1.111634127,-0.441627662,-42.75749474,57.52105293,44.73310432,-69.47412643,-39.50194702,68.19097481,2.382241056,1,1
5.027231932,1,1573821195,AUT,FALSE,TRUE,TRUE,618.3085139,-210.7457648,182.9491591,-179.8898633,-0.112400765,179.7431563,-2.958597538,2.732945952,0.146194885,-0.211123906,1.130316026,-0.402700043,-42.75749474,57.52105293,44.73310432,-69.47412643,-39.50194702,68.19097481,2.382241056,1,1
5.12775588,1,1573821195,AUT,FALSE,TRUE,TRUE,621.1972301,-194.7223399,181.7552834,-179.8873681,-0.122858916,179.7526611,-2.95043735,3.202966366,-0.219772036,-0.368835005,1.098357108,-0.398992193,-41.51296693,57.34843711,44.73311462,-70.08681679,-39.53301086,67.85790367,3.984511181,1,1
5.228242874,1,1573821195,AUT,FALSE,TRUE,TRUE,621.1972301,-194.7223399,181.7552834,-179.8873681,-0.122858916,179.7526611,-2.95043735,3.202966366,-0.219772036,-0.368835005,1.098357108,-0.398992193,-41.51296693,57.34843711,44.73311462,-70.08681679,-39.53301086,67.85790367,3.984511181,1,1
5.328714848,1,1573821195,AUT,FALSE,TRUE,TRUE,625.6981249,-173.251039,181.0602936,-179.9070752,-0.140570999,179.7564615,-1.852413411,2.235775666,-0.396252534,-0.509484473,1.112257104,-0.397152747,-39.7439106,57.20353775,44.73279533,-70.52756424,-39.53603759,67.6253128,6.002380369,1,1
5.429261923,1,1573821196,AUT,FALSE,TRUE,TRUE,625.6981249,-173.251039,181.0602936,-179.9070752,-0.140570999,179.7564615,-1.852413411,2.235775666,-0.396252534,-0.509484473,1.112257104,-0.397152747,-39.7439106,57.20353775,44.73279533,-70.52756424,-39.53603759,67.6253128,6.002380369,1,1
5.52975297,1,1573821196,AUT,FALSE,TRUE,TRUE,629.3192858,-156.688109,180.7525903,-179.9125632,-0.172412483,179.758913,-1.680467123,2.963253639,-0.331310439,-0.278993177,1.285199172,-0.341090489,-38.29414788,57.1542778,44.73174133,-70.69414101,-39.5360321,67.55577278,7.595696638,1,1
5.630231857,1,1573821196,AUT,FALSE,TRUE,TRUE,629.3192858,-156.688109,180.7525903,-179.9125632,-0.172412483,179.758913,-1.680467123,2.963253639,-0.331310439,-0.278993177,1.285199172,-0.341090489,-38.29414788,57.1542778,44.73174133,-70.69414101,-39.5360321,67.55577278,7.595696638,1,1
5.73071003,1,1573821196,AUT,FALSE,TRUE,TRUE,633.0430359,-136.4201683,179.7719227,-179.9142426,-0.224306397,179.7458212,-0.874112929,2.707638709,0.067791876,-0.563401654,1.21924288,-0.347226748,-36.83770066,57.14465103,44.72760773,-70.85047989,-39.54493652,67.47861443,9.147601313,1,1
5.831185818,1,1573821196,AUT,FALSE,TRUE,TRUE,635.069758,-120.1878965,177.9605298,-179.9303277,-0.214515248,179.752302,-0.869113093,1.731609323,-0.044701778,-0.807621486,1.183253726,-0.294235793,-35.17814026,57.14373436,44.71230583,-71.24451141,-39.63588134,67.1537281,11.03546448,1,1
5.931664944,1,1573821196,AUT,FALSE,TRUE,TRUE,635.069758,-120.1878965,177.9605298,-179.9303277,-0.214515248,179.752302,-0.869113093,1.731609323,-0.044701778,-0.807621486,1.183253726,-0.294235793,-35.17814026,57.14373436,44.71230583,-71.24451141,-39.63588134,67.1537281,11.03546448,1,1
6.032197952,1,1573821196,AUT,FALSE,TRUE,TRUE,636.8033889,-107.4897481,176.6852124,-179.9478232,-0.162207289,179.7613579,-2.353056603,1.059745437,-0.319031857,-1.025361611,1.238949095,-0.239465913,-34.09228593,57.15373535,44.68467864,-71.47836571,-39.70456787,66.90043488,12.29427452,1,1
6.132670879,1,1573821196,AUT,FALSE,TRUE,TRUE,636.8033889,-107.4897481,176.6852124,-179.9478232,-0.162207289,179.7613579,-2.353056603,1.059745437,-0.319031857,-1.025361611,1.238949095,-0.239465913,-32.97666207,57.21222038,44.66485176,-71.46988906,-39.79142028,66.75183449,13.43036384,1,1
6.233150005,1,1573821196,AUT,FALSE,TRUE,TRUE,639.2553029,-95.5489788,175.8155628,-179.9492807,-0.024744286,179.8032825,-1.762485293,2.349618529,0.001301742,-0.640504611,0.397268946,-0.166027016,-32.97666207,57.21222038,44.66485176,-71.46988906,-39.79142028,66.75183449,13.43036384,1,1
6.333614826,1,1573821196,AUT,FALSE,TRUE,TRUE,643.0936374,-85.30219613,174.8607684,-179.9991964,0.123154609,179.8559316,-4.147691687,0.497571818,0.514003704,-0.855985028,0.331617322,-0.022484492,-31.81183663,57.4333683,44.51016426,-71.10942421,-39.88475463,66.62729416,14.3565834,1,1
6.434100866,1,1573821197,AUT,FALSE,TRUE,TRUE,643.0936374,-85.30219613,174.8607684,-179.9991964,0.123154609,179.8559316,-4.147691687,0.497571818,0.514003704,-0.855985028,0.331617322,-0.022484492,-31.81183663,57.4333683,44.51016426,-71.10942421,-39.88475463,66.62729416,14.3565834,1,1
6.534567833,1,1573821197,AUT,FALSE,TRUE,TRUE,648.7326668,-82.2068422,173.6397064,179.941408,0.176841261,179.8940673,-4.528653462,1.666374513,0.852692086,-0.716680803,0.084650235,0.111712648,-30.96537438,57.98304519,44.23816681,-69.97125434,-39.89397216,66.90119705,14.43899459,1,1
6.635131836,1,1573821197,AUT,FALSE,TRUE,TRUE,648.7326668,-82.2068422,173.6397064,179.941408,0.176841261,179.8940673,-4.528653462,1.666374513,0.852692086,-0.716680803,0.084650235,0.111712648,-30.13800088,58.92291526,44.0112442,-68.15607948,-40.00564819,67.47163467,14.1099987,1,1
6.735940933,1,1573821197,AUT,FALSE,TRUE,TRUE,656.2034763,-81.65464597,171.5059344,179.9479286,0.211367884,179.9166932,-4.506779094,2.476541782,1.166657998,-0.516083697,0.127256616,0.227898803,-30.13800088,58.92291526,44.0112442,-68.15607948,-40.00564819,67.47163467,14.1099987,1,1
6.836517811,1,1573821197,AUT,FALSE,TRUE,TRUE,667.6796926,-83.15531645,170.7082665,179.9635382,0.244398671,179.9100516,-4.628896565,2.709185491,0.087321105,-0.453807276,0.092162714,0.199857807,-29.1560463,60.33181228,43.86967506,-65.2260292,-40.20768676,68.56391601,13.32044563,1,1
6.937280893,1,1573821197,AUT,FALSE,TRUE,TRUE,667.6796926,-83.15531645,170.7082665,179.9635382,0.244398671,179.9100516,-4.628896565,2.709185491,0.087321105,-0.453807276,0.092162714,0.199857807,-29.1560463,60.33181228,43.86967506,-65.2260292,-40.20768676,68.56391601,13.32044563,1,1
7.037789822,1,1573821197,AUT,FALSE,TRUE,TRUE,677.4081174,-84.94294598,171.431276,179.9664307,0.230740297,179.9192431,-3.271564778,2.397768985,0.409940237,-0.603417883,-0.101525242,0.209319008,-28.34067536,61.46560821,43.83392829,-62.55754966,-40.34063781,69.74775123,12.54254493,1,1
7.138275862,1,1573821197,AUT,FALSE,TRUE,TRUE,686.2230199,-86.37992358,172.1509129,179.9505972,0.232024617,179.9102596,-3.371642747,2.696152032,-0.879802019,-0.441383466,-0.159955276,0.291740823,-27.55229988,62.50906906,43.77901382,-60.04289245,-40.41999755,70.81647377,11.82335243,1,1
7.238752842,1,1573821197,AUT,FALSE,TRUE,TRUE,694.7288241,-87.28764167,172.6452698,179.9719888,0.217488831,179.8794069,-2.684923684,3.433190752,0.465872985,-0.411383627,-0.172706339,0.173535336,-26.70893097,63.56689452,43.72416801,-57.52032852,-40.49080444,71.89907341,11.07515602,1,1
7.339233875,1,1573821197,AUT,FALSE,TRUE,TRUE,694.7288241,-87.28764167,172.6452698,179.9719888,0.217488831,179.8794069,-2.684923684,3.433190752,0.465872985,-0.411383627,-0.172706339,0.173535336,-26.70893097,63.56689452,43.72416801,-57.52032852,-40.49080444,71.89907341,11.07515602,1,1
7.43972683,1,1573821198,AUT,FALSE,TRUE,TRUE,701.8719429,-85.2181419,172.4154857,-179.976001,0.116417385,179.7893738,0.38796492,5.741393343,0.744102182,-0.143369742,-0.411930026,0.030002223,-25.80073586,64.53303566,43.71205902,-55.31696205,-40.53838623,72.87748489,10.59452819,1,1
7.540226936,1,1573821198,AUT,FALSE,TRUE,TRUE,707.0450559,-78.13138137,170.7532358,-179.942235,0.058045705,179.7274697,0.979671415,5.713660057,0.498392879,-0.398886656,-0.457456015,-0.225716456,-24.73574524,65.28731231,43.69416847,-53.89067916,-40.62099243,73.37512779,10.76496734,1,1
7.640728951,1,1573821198,AUT,FALSE,TRUE,TRUE,710.1534264,-67.11950975,168.0806085,-179.9075557,-0.013058966,179.7248706,1.618699824,5.412325618,0.343015655,-0.315971369,-0.485163143,-0.263426143,-23.59911347,65.78641777,43.65385208,-53.22344513,-40.74783508,73.50946998,11.47435798,1,1
7.741230965,1,1573821198,AUT,FALSE,TRUE,TRUE,711.5401536,-53.68460001,165.9635096,-179.9148431,-0.051573252,179.731925,1.618699824,5.412325618,0.343015655,-0.315971369,-0.485163143,-0.263426143,-22.48311539,66.00433845,43.64061699,-53.14585075,-40.84869506,73.42026443,12.57695274,1,1
7.841739893,1,1573821198,AUT,FALSE,TRUE,TRUE,711.5401536,-53.68460001,165.9635096,-179.9148431,-0.051573252,179.731925,-0.740711087,4.704836695,-0.2416665,-0.467747575,0.172828188,-0.283367757,-22.48311539,66.00433845,43.64061699,-53.14585075,-40.84869506,73.42026443,12.57695274,1,1
7.94222784,1,1573821198,AUT,FALSE,TRUE,TRUE,712.6323252,-39.57856213,165.8407804,-179.8989806,-0.012537675,179.7423013,-2.185979816,6.109864976,-0.315534608,0.022869479,0.284525819,-0.355842091,-21.35077172,66.02282295,43.64112167,-53.14594001,-40.86979431,73.37218208,13.70173301,1,1
8.042711973,1,1573821198,AUT,FALSE,TRUE,TRUE,713.5383471,-19.45947662,167.2267704,-179.8768954,0.020478291,179.7830508,-2.716690944,5.52624923,-0.06338325,-0.059134759,0.205273362,-0.486962811,-19.73360138,65.91053924,43.64701996,-53.14754333,-40.86466918,73.43788376,15.30130806,1,1
8.143199921,1,1573821198,AUT,FALSE,TRUE,TRUE,713.5383471,-19.45947662,167.2267704,-179.8768954,0.020478291,179.7830508,-2.716690944,5.52624923,-0.06338325,-0.059134759,0.205273362,-0.486962811,-19.73360138,65.91053924,43.64701996,-53.14754333,-40.86466918,73.43788376,15.30130806,1,1
8.243690968,1,1573821198,AUT,FALSE,TRUE,TRUE,713.9670193,-2.780605425,168.7411101,-179.8744211,0.084656758,179.7693125,-2.596859177,4.35214517,-0.115077149,-0.187833217,-0.24692112,-0.59704533,-18.40232621,65.78713188,43.65283928,-53.14211197,-40.80056396,73.48152008,16.60972481,1,1
8.344179869,1,1573821198,AUT,FALSE,TRUE,TRUE,713.8602911,14.48430345,170.3414334,-179.8554733,0.104515511,179.7793272,-1.223187414,3.345723423,-0.129085035,-0.359208291,-0.576981537,-0.6598759,-17.03488198,65.65995483,43.66232185,-53.13000298,-40.74944458,73.57517509,17.96641273,1,1
8.444679022,1,1573821199,AUT,FALSE,TRUE,TRUE,713.2245373,32.012043,171.5568606,-179.8248069,0.106097676,179.7847079,-2.686894556,5.933289772,0.10855387,0.157674267,-0.318540198,-0.717749953,-15.61352234,65.55650139,43.66678848,-53.1290966,-40.70341735,73.65884971,19.32841873,1,1
8.545284033,1,1573821199,AUT,FALSE,TRUE,TRUE,713.2245373,32.012043,171.5568606,-179.8248069,0.106097676,179.7847079,-2.686894556,5.933289772,0.10855387,0.157674267,-0.318540198,-0.717749953,-14.16802712,65.51781578,43.66596107,-53.09836578,-40.69092041,73.69776878,20.76347694,1,1
8.646028042,1,1573821199,AUT,FALSE,TRUE,TRUE,712.3277366,49.85248026,172.1275652,-179.844451,0.118632852,179.7913562,-2.726640923,6.323261401,0.356845205,0.257593013,-0.405422912,-0.673734232,-14.16802712,65.51781578,43.66596107,-53.09836578,-40.69092041,73.69776878,20.76347694,1,1
8.746685982,1,1573821199,AUT,FALSE,TRUE,TRUE,711.0056892,65.96792172,172.2292495,-179.8853321,0.087226897,179.8107486,-0.844453464,2.635602175,0.110184834,-0.445356687,-0.650168335,-0.602455353,-12.85394554,65.51965599,43.66099319,-53.06823578,-40.69162353,73.74376373,22.10362357,1,1
8.847247839,1,1573821199,AUT,FALSE,TRUE,TRUE,708.7925642,82.46282083,171.9930651,-179.9116787,-0.05011551,179.8849602,-0.295621711,1.163861487,0.348112899,-0.445356687,-0.650168335,-0.602455353,-11.48484307,65.52839355,43.63687477,-53.07106132,-40.69589172,73.86681747,23.47360839,1,1
8.947717905,1,1573821199,AUT,FALSE,TRUE,TRUE,708.7925642,82.46282083,171.9930651,-179.9116787,-0.05011551,179.8849602,-0.295621711,1.163861487,0.348112899,-0.705317092,-0.014976806,-0.420008026,-11.48484307,65.52839355,43.63687477,-53.07106132,-40.69589172,73.86681747,23.47360839,1,1
9.048193932,1,1573821199,AUT,FALSE,TRUE,TRUE,705.1672768,93.92459031,169.8418376,-179.9189831,-0.337611342,179.9522426,2.375588845,1.353040724,0.710576595,-0.480656797,0.667127761,-0.348600767,-10.57802124,65.54682655,43.61610717,-53.42584076,-40.70246704,73.86336708,24.58572349,1,1
9.148667812,1,1573821199,AUT,FALSE,TRUE,TRUE,705.1672768,93.92459031,169.8418376,-179.9189831,-0.337611342,179.9522426,2.375588845,1.353040724,0.710576595,-0.480656797,0.667127761,-0.348600767,-10.57802124,65.54682655,43.61610717,-53.42584076,-40.70246704,73.86336708,24.58572349,1,1
9.249156952,1,1573821199,AUT,FALSE,TRUE,TRUE,700.4912682,98.37558249,166.1832333,-179.9431291,-0.495138959,-179.980938,4.863904113,1.742481254,-0.169159906,-0.339454685,0.671583726,-0.245929629,-10.48679009,65.37008399,43.5828701,-54.54212379,-40.76939025,73.30574912,25.39353103,1,1
9.349627972,1,1573821199,AUT,FALSE,TRUE,TRUE,700.4912682,98.37558249,166.1832333,-179.9431291,-0.495138959,-179.980938,4.863904113,1.742481254,-0.169159906,-0.339454685,0.671583726,-0.245929629,-10.86047288,64.60412063,43.51189842,-57.0189434,-40.77008239,72.07737808,26.57353477,1,1
9.450131893,1,1573821200,AUT,FALSE,TRUE,TRUE,691.4491339,101.8791886,162.465534,-179.9446179,-0.538310416,-179.9147456,4.914099836,3.062805585,-1.817149863,-0.012703808,0.506709653,-0.173605365,-10.86047288,64.60412063,43.51189842,-57.0189434,-40.77008239,72.07737808,26.57353477,1,1
9.55050993,1,1573821200,AUT,FALSE,TRUE,TRUE,676.4545634,105.5303104,159.8569394,-179.9463968,-0.510306377,-179.8608798,3.154249345,0.95192473,-0.471892529,-0.106237681,0.756924819,-0.180068286,-11.66685562,63.03483696,43.50989685,-61.169664,-40.72855957,70.17485504,28.30697823,1,1
9.650998831,1,1573821200,AUT,FALSE,TRUE,TRUE,676.4545634,105.5303104,159.8569394,-179.9463968,-0.510306377,-179.8608798,3.154249345,0.95192473,-0.471892529,-0.106237681,0.756924819,-0.180068286,-11.66685562,63.03483696,43.50989685,-61.169664,-40.72855957,70.17485504,28.30697823,1,1
9.751488924,1,1573821200,AUT,FALSE,TRUE,TRUE,661.490154,106.4753151,158.2343387,-179.9586269,-0.450768469,-179.8174634,1.444976682,1.644972062,-0.782253748,-0.037134333,0.691810635,-0.2468184,-12.62172203,61.38117485,43.5136219,-65.17332916,-40.6192456,68.37878265,29.69276276,1,1
9.851969957,1,1573821200,AUT,FALSE,TRUE,TRUE,661.490154,106.4753151,158.2343387,-179.9586269,-0.450768469,-179.8174634,1.444976682,1.644972062,-0.782253748,-0.037134333,0.691810635,-0.2468184,-12.62172203,61.38117485,43.5136219,-65.17332916,-40.6192456,68.37878265,29.69276276,1,1
9.952454805,1,1573821200,AUT,FALSE,TRUE,TRUE,642.1293501,104.6153699,157.1136606,-179.9362669,-0.433202826,-179.7817615,0.43166939,3.198393702,1.381737887,0.454399019,0.775008642,-0.320758118,-14.06066666,59.20121956,43.52818908,-70.24834328,-40.45345092,66.07791939,31.24309844,1,1
10.05293798,1,1573821200,AUT,FALSE,TRUE,TRUE,642.1293501,104.6153699,157.1136606,-179.9362669,-0.433202826,-179.7817615,0.43166939,3.198393702,1.381737887,0.454399019,0.775008642,-0.320758118,-15.33375549,57.45920334,43.55969238,-74.38469238,-40.33604553,64.08553848,32.31615028,1,1
10.15342402,1,1573821200,AUT,FALSE,TRUE,TRUE,625.7455666,102.0187921,155.2160642,-179.8946728,-0.391708891,-179.8085779,0.512406433,4.235554386,1.600261139,0.614557628,0.624270484,-0.467805868,-15.33375549,57.45920334,43.55969238,-74.38469238,-40.33604553,64.08553848,32.31615028,1,1
10.25394797,1,1573821200,AUT,FALSE,TRUE,TRUE,609.8159732,102.3370005,152.96717,-179.860715,-0.277545528,-179.9207077,0.512406433,4.235554386,1.600261139,0.614557628,0.624270484,-0.467805868,-16.31440201,55.92478752,43.6714714,-78.20031624,-40.32212036,62.12164306,33.54570236,1,1
10.35444903,1,1573821200,AUT,FALSE,TRUE,TRUE,609.8159732,102.3370005,152.96717,-179.860715,-0.277545528,-179.9207077,-4.287212171,6.341401765,2.810623513,0.92286215,1.195324018,-0.644340905,-16.31440201,55.92478752,43.6714714,-78.20031624,-40.32212036,62.12164306,33.54570236,1,1
10.45492697,1,1573821201,AUT,FALSE,TRUE,TRUE,598.2465861,106.9294746,151.8668021,-179.8405289,-0.127445961,-179.9793325,-7.045915019,8.18317959,2.143556754,0.831988806,1.35640386,-0.723028835,-16.54528656,54.80449791,43.73312187,-80.76625213,-40.33930297,60.75760803,34.81834831,1,1
10.55569696,1,1573821201,AUT,FALSE,TRUE,TRUE,594.4293932,113.3360655,152.3282614,-179.8502188,-0.074676294,179.9703127,-7.165010022,6.361261616,2.154736217,0.295111105,1.429397471,-0.765663036,-16.17943841,54.48724365,43.8587677,-81.42049828,-40.35333251,60.46612014,35.647229,1,1
10.65665984,1,1573821201,AUT,FALSE,TRUE,TRUE,594.0791584,121.4015953,152.5720134,-179.827143,0.011744415,179.9095637,-7.165010022,6.361261616,2.154736217,0.295111105,1.429397471,-0.765663036,-15.41993981,54.55161666,43.89832191,-81.24699325,-40.38085876,60.47386894,36.32895126,1,1
10.75739789,1,1573821201,AUT,FALSE,TRUE,TRUE,594.0791584,121.4015953,152.5720134,-179.827143,0.011744415,179.9095637,-4.244935037,7.384235303,1.948478231,0.33267368,0.394461444,-0.768323772,-15.41993981,54.55161666,43.89832191,-81.24699325,-40.38085876,60.47386894,36.32895126,1,1
10.85791492,1,1573821201,AUT,FALSE,TRUE,TRUE,594.5793526,134.6481244,151.4326039,-179.8154837,-0.00142539,179.8542219,-2.693771139,7.439808479,2.112502039,0.12998546,0.313517142,-0.786152009,-14.02778664,55.00625496,43.896492,-80.5477478,-40.47863159,60.69111327,37.36655159,1,1
10.95839691,1,1573821201,AUT,FALSE,TRUE,TRUE,595.7007377,146.784753,150.4939915,-179.8644561,0.014120161,179.8318049,-3.104566014,5.57136313,1.260712336,-0.440412866,0.468698395,-0.742921722,-12.70255394,55.50112381,43.88444481,-79.72482033,-40.60433715,60.97935333,38.32631034,1,1
11.05887699,1,1573821201,AUT,FALSE,TRUE,TRUE,595.7007377,146.784753,150.4939915,-179.8644561,0.014120161,179.8318049,-3.104566014,5.57136313,1.260712336,-0.440412866,0.468698395,-0.742921722,-12.70255394,55.50112381,43.88444481,-79.72482033,-40.60433715,60.97935333,38.32631034,1,1
11.15934801,1,1573821201,AUT,FALSE,TRUE,TRUE,598.694029,159.0545369,150.8210679,-179.846473,0.053353181,179.8417785,-3.698006988,6.245857356,0.46634671,-0.152138742,0.462011601,-0.683144498,-11.28022271,56.07658081,43.8619091,-78.44086189,-40.68485595,61.54617919,39.03826218,1,1
11.25981998,1,1573821201,AUT,FALSE,TRUE,TRUE,602.8571344,171.0654637,152.3844845,-179.823074,0.073866583,179.8470813,-3.008780286,8.355674408,1.019221862,0.356823082,0.368299458,-0.699806556,-9.820853806,56.70883369,43.86830177,-76.80702324,-40.69094787,62.37763481,39.52250175,1,1
11.360291,1,1573821201,AUT,FALSE,TRUE,TRUE,607.1374232,185.0781758,153.8837453,-179.8777469,0.032511327,179.8239871,-1.795678736,4.654421905,1.52270559,-0.625596309,0.323983288,-0.764398052,-8.151673513,57.46510162,43.87969322,-74.88500633,-40.65992248,63.35179253,40.12644768,1,1
11.46076584,1,1573821202,AUT,FALSE,TRUE,TRUE,610.471557,199.2868754,154.3672776,-179.8122874,-0.010476966,179.8065498,-2.243781405,8.641698291,1.997841469,-0.625596309,0.323983288,-0.764398052,-6.458052069,58.25776863,43.85081634,-73.07300377,-40.66437744,64.19437179,40.67770729,1,1
11.56124902,1,1573821202,AUT,FALSE,TRUE,TRUE,610.471557,199.2868754,154.3672776,-179.8122874,-0.010476966,179.8065498,-2.243781405,8.641698291,1.997841469,0.486849079,0.343966206,-0.669274153,-6.458052069,58.25776863,43.85081634,-73.07300377,-40.66437744,64.19437179,40.67770729,1,1
11.66173291,1,1573821202,AUT,FALSE,TRUE,TRUE,613.8529431,213.3107557,154.2927122,-179.9211584,0.033804806,179.8149017,-2.565789342,2.828763589,0.6932754,-1.075538206,0.584102773,-0.677977542,-4.765131,59.06755028,43.75280799,-71.24949303,-40.73478881,64.93279037,41.37454948,1,1
11.76224089,1,1573821202,AUT,FALSE,TRUE,TRUE,618.973556,224.5371219,154.0446265,-179.9332207,0.102002737,179.9113722,-4.699894055,4.988421726,1.45529503,-0.255887852,0.685468126,-0.396713563,-3.202466588,59.97709808,43.56831321,-69.1582077,-40.82129516,65.76634025,41.64156189,1,1
11.86271381,1,1573821202,AUT,FALSE,TRUE,TRUE,627.1354656,231.2843661,153.9517452,-179.999663,0.171606222,179.9809872,-4.711875804,3.164273676,1.487436624,-0.582629371,0.470665573,-0.154488518,-1.936800388,61.03616638,43.30293159,-66.63137626,-40.83879638,66.76090851,41.31521301,1,1
11.96319485,1,1573821202,AUT,FALSE,TRUE,TRUE,627.1354656,231.2843661,153.9517452,-179.999663,0.171606222,179.9809872,-4.711875804,3.164273676,1.487436624,-0.582629371,0.470665573,-0.154488518,-1.936800388,61.03616638,43.30293159,-66.63137626,-40.83879638,66.76090851,41.31521301,1,1
12.06367683,1,1573821202,AUT,FALSE,TRUE,TRUE,639.549166,234.9780759,153.0996507,-179.9811217,0.081651827,179.9660095,-1.128982407,4.796625174,2.393161228,-0.416916647,0.215150973,-0.19862271,-1.029130556,62.27055588,43.13536606,-63.85112114,-40.8379779,68.18328781,40.18389244,1,1
12.16416097,1,1573821202,AUT,FALSE,TRUE,TRUE,639.549166,234.9780759,153.0996507,-179.9811217,0.081651827,179.9660095,-1.128982407,4.796625174,2.393161228,-0.416916647,0.215150973,-0.19862271,-1.029130556,62.27055588,43.13536606,-63.85112114,-40.8379779,68.18328781,40.18389244,1,1
12.26463795,1,1573821202,AUT,FALSE,TRUE,TRUE,649.5751258,237.5362279,150.9415608,-179.9594372,-0.044712185,179.9540043,1.749782687,5.375002103,0.708709548,-0.405590352,-0.201174845,-0.130496464,0.023548506,64.08885497,43.05471611,-60.13837051,-40.96393615,69.36265983,39.21993484,1,1
12.36527801,1,1573821202,AUT,FALSE,TRUE,TRUE,651.3061447,241.9269225,148.9649244,-179.9409196,-0.307904952,179.9993643,9.852687574,4.042865898,-1.222984034,-0.364486198,-1.047957801,0.032183507,0.658496475,64.81366767,43.08981056,-58.92859039,-41.02546508,69.95501518,39.12676048,1,1
12.46602082,1,1573821203,AUT,FALSE,TRUE,TRUE,645.6270237,248.1580474,148.9101411,179.9362061,-0.556514142,-179.8166091,10.29740055,0.993481057,-3.219238068,-0.187234225,-0.353444788,0.539947886,1.141929244,64.64715614,43.15614738,-59.43351173,-41.04453186,70.05769615,40.11110801,1,1
12.566746,1,1573821203,AUT,FALSE,TRUE,TRUE,634.5265178,255.1276951,152.3651653,179.9505376,-0.608804555,-179.7782138,8.917953732,2.091998308,-1.767960306,-0.187234225,-0.353444788,0.539947886,1.28019905,63.56075248,43.37939644,-61.48390045,-40.94750061,69.55825424,41.56604118,1,1
12.66727996,1,1573821203,AUT,FALSE,TRUE,TRUE,634.5265178,255.1276951,152.3651653,179.9505376,-0.608804555,-179.7782138,8.917953732,2.091998308,-1.767960306,0.388449493,-0.178542258,0.505883709,1.28019905,63.56075248,43.37939644,-61.48390045,-40.94750061,69.55825424,41.56604118,1,1
12.76787591,1,1573821203,AUT,FALSE,TRUE,TRUE,617.4897892,261.4850719,156.2128993,179.9290509,-0.639193193,-179.7035881,9.242283352,0.803309454,-1.508717178,0.513914442,-0.199267423,0.571793838,1.160815425,61.74844436,43.58466568,-64.95284729,-40.70938293,68.4788475,43.58901214,1,1
12.8683629,1,1573821203,AUT,FALSE,TRUE,TRUE,595.2111441,265.9123719,157.522524,179.9130616,-0.594384824,-179.6116998,6.332212039,0.099538172,-0.21305003,0.491431776,-0.128319849,0.550667095,0.799190138,59.46898727,43.66376038,-69.74749374,-40.455,66.55866051,46.05093498,1,1
12.96884584,1,1573821203,AUT,FALSE,TRUE,TRUE,570.9397934,266.2972879,156.0645623,179.9404986,-0.516241857,-179.5833996,1.817065634,3.680482611,1.952116937,1.084302143,0.447027525,0.403844262,0.123647687,57.09537391,43.66595078,-75.10526504,-40.24265625,64.07171288,48.37910614,1,1
13.069345,1,1573821203,AUT,FALSE,TRUE,TRUE,570.9397934,266.2972879,156.0645623,179.9404986,-0.516241857,-179.5833996,1.817065634,3.680482611,1.952116937,1.084302143,0.447027525,0.403844262,0.123647687,57.09537391,43.66595078,-75.10526504,-40.24265625,64.07171288,48.37910614,1,1
13.16985297,1,1573821203,AUT,FALSE,TRUE,TRUE,546.9210289,262.9874081,152.1516,179.9756326,-0.44220373,-179.6010575,0.694783367,4.234608482,2.160045713,0.852608307,0.655829557,0.138051037,-0.769832613,54.90912208,43.66491394,-80.44329529,-40.21412475,61.34902611,50.49379234,1,1
13.27032399,1,1573821203,AUT,FALSE,TRUE,TRUE,525.0551896,257.4914729,147.7737409,-179.9610022,-0.379664657,-179.6546592,-1.58210115,5.075010916,1.222665398,0.642425964,0.699546453,-0.094728613,-1.746874238,52.95818023,43.66029281,-85.34729004,-40.27305541,58.71424369,52.19723281,1,1
13.37078381,1,1573821204,AUT,FALSE,TRUE,TRUE,506.4021017,252.190896,144.8122178,-179.9003135,-0.317983908,-179.7395507,-1.688807433,8.783065747,1.205985428,1.128140261,0.672806923,-0.377019811,-2.610131838,51.26021919,43.70894165,-89.43081207,-40.34740539,56.50070114,53.57140961,1,1
13.47125888,1,1573821204,AUT,FALSE,TRUE,TRUE,506.4021017,252.190896,144.8122178,-179.9003135,-0.317983908,-179.7395507,-1.688807433,8.783065747,1.205985428,1.128140261,0.672806923,-0.377019811,-2.610131838,51.26021919,43.70894165,-89.43081207,-40.34740539,56.50070114,53.57140961,1,1
13.571738,1,1573821204,AUT,FALSE,TRUE,TRUE,490.4503746,251.0836386,144.426918,-179.9001859,-0.26990987,-179.8488904,-2.700302337,9.269340391,2.027108934,0.89325583,0.986181969,-0.471299239,-3.035021213,49.85457001,43.95568428,-92.49385185,-40.35442565,54.98685379,54.95333176,1,1
13.67225099,1,1573821204,AUT,FALSE,TRUE,TRUE,479.9309547,252.0134087,145.5585167,-179.9197324,-0.143112154,-179.8143964,-4.438554835,7.018417745,2.499833757,0.533661397,1.279997049,-0.359556531,-3.035131075,48.81954803,44.14369125,-94.34406624,-40.37330566,54.18901977,56.07339478,1,1
22.86537385,2,1573821213,AUT,FALSE,FALSE,TRUE,471.9360178,-399.9924581,169.9628199,179.9982636,-0.014832446,179.9978062,-0.077807089,-1.583119249,5.625895754,-0.392783053,0.566516038,0.16333981,-66.48708458,54.39630432,44.25480079,-78.18126183,-39.46950439,63.22166633,-16.5591362,0.5,1
22.96648598,2,1573821213,AUT,FALSE,TRUE,TRUE,471.2600342,-400.063744,168.8139702,179.9612494,-0.104430801,179.9113513,-0.331971715,-0.89137623,4.399035659,-0.368210594,0.508087004,0.165987538,-66.50453224,54.48483353,44.21929779,-78.18081207,-39.47365722,63.27412605,-16.56236344,1,1
23.06728983,2,1573821213,AUT,FALSE,TRUE,TRUE,470.8641577,-401.9970525,161.8210138,179.9715156,-0.025365953,179.9443321,-1.256727669,-0.151475778,2.750769592,-0.419079979,0.31796805,0.094272264,-66.50046044,55.06439666,43.91506919,-78.17931862,-39.80125854,62.59486541,-16.58861389,1,1
23.16781902,2,1573821213,AUT,FALSE,TRUE,TRUE,470.8641577,-401.9970525,161.8210138,179.9715156,-0.025365953,179.9443321,-1.256727669,-0.151475778,2.750769592,-0.419079979,0.31796805,0.094272264,-66.50046044,55.06439666,43.91506919,-78.17931862,-39.80125854,62.59486541,-16.58861389,1,1
23.26834893,2,1573821213,AUT,FALSE,TRUE,TRUE,471.9293393,-402.337665,156.642919,-179.9727024,0.104520782,179.9009878,-0.817366142,0.447825605,-1.388051533,-0.465045691,-0.334544314,-0.175980757,-66.45756226,55.64610557,43.89115333,-78.09234809,-40.16694396,62.16951942,-16.49476662,1,1
23.36890197,2,1573821214,AUT,FALSE,TRUE,TRUE,474.7832671,-402.8159545,157.2247789,-179.9560818,0.140058896,179.915184,0.021600622,0.372755157,-1.02798581,-0.233667332,-0.53794655,-0.177484151,-66.31154366,55.94713439,44.07162781,-77.55551834,-40.34775146,62.46917496,-16.43314705,1,1
23.46949792,2,1573821214,AUT,FALSE,TRUE,TRUE,476.9763209,-403.3877314,159.6476368,-179.9692504,0.103402229,-179.9982438,0.021600622,0.372755157,-1.02798581,-0.233667332,-0.53794655,-0.177484151,-66.03282738,55.95940132,44.14089317,-77.07780189,-40.34355468,62.88059578,-16.43325005,1,1
23.57008886,2,1573821214,AUT,FALSE,TRUE,TRUE,476.9763209,-403.3877314,159.6476368,-179.9692504,0.103402229,-179.9982438,-0.185114362,0.270892862,1.049854649,-0.098089185,-0.42054709,-0.152543564,-66.03282738,55.95940132,44.14089317,-77.07780189,-40.34355468,62.88059578,-16.43325005,1,1
23.67061496,2,1573821214,AUT,FALSE,TRUE,TRUE,479.4775787,-402.3392222,160.2398409,-179.975021,0.120961629,179.9461661,-1.573512436,0.410836926,2.155581858,0.009098005,-0.242495385,-0.244360602,-65.75518227,56.04724388,44.16591453,-76.75915718,-40.27489013,63.07278442,-16.34757729,1,1
23.77116799,2,1573821214,AUT,FALSE,TRUE,TRUE,483.4031937,-399.9495925,158.4361413,-179.9691497,0.151511035,179.9185772,-3.27254045,-0.191664312,2.178571353,-0.418749224,-0.004251317,-0.170401289,-65.28511849,56.34908638,44.14515381,-76.46080627,-40.38443481,63.07093048,-16.00367432,1,1
23.87168384,2,1573821214,AUT,FALSE,TRUE,TRUE,483.4031937,-399.9495925,158.4361413,-179.9691497,0.151511035,179.9185772,-3.27254045,-0.191664312,2.178571353,-0.418749224,-0.004251317,-0.170401289,-65.28511849,56.34908638,44.14515381,-76.46080627,-40.38443481,63.07093048,-16.00367432,1,1
23.97220302,2,1573821214,AUT,FALSE,TRUE,TRUE,492.3830534,-397.4380917,154.3792946,-179.9901524,0.209890901,179.9226682,-3.108795114,-1.425175819,2.071738043,-0.668983509,-0.061887406,-0.131425123,-64.39179611,57.06641808,44.07003822,-75.59091224,-40.65019409,63.13591804,-15.47774849,1,1
24.07278681,2,1573821214,AUT,FALSE,TRUE,TRUE,492.3830534,-397.4380917,154.3792946,-179.9901524,0.209890901,179.9226682,-3.108795114,-1.425175819,2.071738043,-0.668983509,-0.061887406,-0.131425123,-64.39179611,57.06641808,44.07003822,-75.59091224,-40.65019409,63.13591804,-15.47774849,1,1
24.17331386,2,1573821214,AUT,FALSE,TRUE,TRUE,501.431315,-397.9878939,151.7281278,-179.9978497,0.205815927,179.9500772,-1.93910214,-1.334011542,1.242907953,-0.736693793,-0.28277068,-0.075791774,-63.11724472,58.21743851,43.85770683,-73.69218292,-40.89453002,63.70267181,-15.36754189,1,1
24.27386403,2,1573821214,AUT,FALSE,TRUE,TRUE,510.4486663,-399.5077587,150.7427462,179.9775841,0.205153609,179.9459281,-0.990670992,-1.323660728,1.22116117,-0.780122648,-0.516622935,0.012096542,-62.09190102,59.22161293,43.81755523,-71.71041412,-41.05091491,64.47174568,-15.43251229,1,1
24.37436986,2,1573821215,AUT,FALSE,TRUE,TRUE,510.4486663,-399.5077587,150.7427462,179.9775841,0.205153609,179.9459281,-0.990670992,-1.323660728,1.22116117,-0.780122648,-0.516622935,0.012096542,-62.09190102,59.22161293,43.81755523,-71.71041412,-41.05091491,64.47174568,-15.43251229,1,1
24.47489285,2,1573821215,AUT,FALSE,TRUE,TRUE,510.4486663,-399.5077587,150.7427462,179.9775841,0.205153609,179.9459281,-0.990670992,-1.323660728,1.22116117,-0.780122648,-0.516622935,0.012096542,-61.04697762,60.37537308,43.81399841,-69.14600601,-41.19214965,65.60008278,-15.64832154,1,1
24.5755899,2,1573821215,AUT,FALSE,TRUE,TRUE,522.0410973,-401.8833995,150.9716064,179.9667694,0.213589454,179.9382948,-1.609584274,0.057760874,0.78428699,-0.408138039,-0.414016361,0.126906565,-61.04697762,60.37537308,43.81399841,-69.14600601,-41.19214965,65.60008278,-15.64832154,1,1
24.67651892,2,1573821215,AUT,FALSE,TRUE,TRUE,533.8803828,-402.7570592,151.9272255,179.9607821,0.213262419,179.9382918,-1.880610891,0.436313648,1.290329215,-0.420195598,-0.398173416,0.155387418,-59.48629418,61.44702415,43.80536727,-66.5770832,-41.24021484,66.78460808,-15.83369866,1,1
24.77715683,2,1573821215,AUT,FALSE,TRUE,TRUE,533.8803828,-402.7570592,151.9272255,179.9607821,0.213262419,179.9382918,-1.880610891,0.436313648,1.290329215,-0.420195598,-0.398173416,0.155387418,-59.48629418,61.44702415,43.80536727,-66.5770832,-41.24021484,66.78460808,-15.83369866,1,1
24.87774181,2,1573821215,AUT,FALSE,TRUE,TRUE,542.1673232,-402.810017,152.8051974,179.9598115,0.216368806,179.9353781,-1.912607086,-0.009576233,1.322515521,-0.394267944,-0.376027937,0.187181688,-58.4871975,62.16161613,43.7936737,-64.75261459,-41.25995727,67.59045524,-15.93107529,1,1
24.97824097,2,1573821215,AUT,FALSE,TRUE,TRUE,549.9477578,-402.4466147,153.5363798,179.9502853,0.223993483,179.9362853,-1.258310117,-0.392213591,1.717067861,-0.45819699,-0.406095111,0.21636573,-57.54990921,62.8138916,43.77753067,-63.1167469,-41.28137512,68.31685066,-15.98411179,1,1
25.07873297,2,1573821215,AUT,FALSE,TRUE,TRUE,557.7634591,-401.4989961,153.81563,179.962551,0.240132468,179.9268081,-1.493076979,-0.278009724,0.493562718,-0.484977476,-0.569388429,0.202000887,-56.58504524,63.4867115,43.74960479,-61.50685157,-41.30842895,68.98865433,-16.02535859,1,1
25.17922091,2,1573821215,AUT,FALSE,TRUE,TRUE,557.7634591,-401.4989961,153.81563,179.962551,0.240132468,179.9268081,-1.493076979,-0.278009724,0.493562718,-0.484977476,-0.569388429,0.202000887,-55.56727868,64.191996,43.70508613,-59.85425377,-41.34585937,69.65112648,-16.04324913,1,1
25.27979088,2,1573821215,AUT,FALSE,TRUE,TRUE,565.9735429,-400.2110035,153.7352843,179.9727624,0.251311557,179.9232176,-1.907146618,-0.775729521,1.443083809,-0.561878635,-0.513462241,0.151917706,-55.56727868,64.191996,43.70508613,-59.85425377,-41.34585937,69.65112648,-16.04324913,1,1
25.3802669,2,1573821216,AUT,FALSE,TRUE,TRUE,574.5122339,-398.639709,153.2896862,179.9653143,0.230344482,179.925567,-2.022013208,-0.471959696,1.71611978,-0.567663087,-0.441925828,0.199282659,-54.44373436,64.97457618,43.62076263,-58.07536468,-41.38674499,70.34879608,-16.04938088,1,1
25.48073888,2,1573821216,AUT,FALSE,TRUE,TRUE,582.3176795,-397.0035778,152.2195831,179.9586601,0.206013462,179.9265563,-2.269735724,0.823283848,1.692831681,-0.269708779,-0.351901678,0.207180183,-53.39899636,65.72678261,43.50718803,-56.43563461,-41.42184082,70.94154624,-16.05999985,1,1
25.58120704,2,1573821216,AUT,FALSE,TRUE,TRUE,589.7648298,-394.9495963,150.5551684,179.9800214,0.164259137,179.9089349,-1.633724463,0.971394133,1.720681569,-0.294985563,-0.361989505,0.139965722,-52.36091538,66.49253654,43.3696598,-54.84889641,-41.44167663,71.47454796,-16.08034173,1,1
25.68172598,2,1573821216,AUT,FALSE,TRUE,TRUE,589.7648298,-394.9495963,150.5551684,179.9800214,0.164259137,179.9089349,-1.633724463,0.971394133,1.720681569,-0.294985563,-0.361989505,0.139965722,-52.36091538,66.49253654,43.3696598,-54.84889641,-41.44167663,71.47454796,-16.08034173,1,1
25.78221297,2,1573821216,AUT,FALSE,TRUE,TRUE,595.955866,-392.7459299,148.6677211,-179.9897545,0.104635504,179.8848535,0.494149511,1.88795009,1.842447954,-0.239350816,-0.556615005,0.009989614,-51.45681267,67.15904274,43.23231697,-53.54951591,-41.45322326,71.89865112,-16.07917099,1,1
25.88273191,2,1573821216,AUT,FALSE,TRUE,TRUE,600.8349403,-389.4817859,146.5373205,-179.9300109,0.043346041,179.8358222,2.463764177,2.640225235,0.879536193,-0.259870347,-0.846902547,-0.29037942,-50.71405449,67.65316658,43.12337379,-52.72756348,-41.45599731,72.12077751,-15.95953674,1,1
25.98322701,2,1573821216,AUT,FALSE,TRUE,TRUE,603.6181277,-385.1644385,144.6900501,-179.9195145,-0.064322815,179.7672585,2.09442833,1.994113446,0.557334965,-0.621013069,-0.480857946,-0.440366519,-50.2356308,67.86735878,43.07468376,-52.56928825,-41.46969726,72.15838165,-15.60600357,1,1
26.08369493,2,1573821216,AUT,FALSE,TRUE,TRUE,603.6181277,-385.1644385,144.6900501,-179.9195145,-0.064322815,179.7672585,2.09442833,1.994113446,0.557334965,-0.621013069,-0.480857946,-0.440366519,-49.91088181,67.88415069,43.07168312,-52.65013389,-41.49674011,72.10495033,-15.24142571,1,1
26.18417192,2,1573821216,AUT,FALSE,TRUE,TRUE,605.6310571,-381.4900395,144.1637188,-179.9124862,-0.081926855,179.7684803,0.659367279,0.456354323,0.353202081,-0.965623658,-0.032633667,-0.450305901,-49.91088181,67.88415069,43.07168312,-52.65013389,-41.49674011,72.10495033,-15.24142571,1,1
26.28463888,2,1573821216,AUT,FALSE,TRUE,TRUE,607.1630073,-378.8581228,144.5948695,-179.9224671,-0.077293096,179.7966463,-0.440687791,0.442451382,0.73109122,-0.992240642,0.190034361,-0.505497766,-49.67489891,67.83149185,43.07164535,-52.70089759,-41.49929443,72.1015995,-14.96083489,1,1
26.38527203,2,1573821217,AUT,FALSE,TRUE,TRUE,608.2693966,-376.0324046,145.9970232,-179.8969322,-0.113037094,179.8154589,-0.359250178,0.509090298,0.776977488,-0.992240642,0.190034361,-0.505497766,-49.51093483,67.7096878,43.08186951,-52.79076576,-41.48796203,72.17607651,-14.70073014,1,1
26.48607802,2,1573821217,AUT,FALSE,TRUE,TRUE,608.2693966,-376.0324046,145.9970232,-179.8969322,-0.113037094,179.8154589,-0.359250178,0.509090298,0.776977488,-0.816271166,0.254790964,-0.599352157,-49.51093483,67.7096878,43.08186951,-52.79076576,-41.48796203,72.17607651,-14.70073014,1,1
26.58666801,2,1573821217,AUT,FALSE,TRUE,TRUE,608.7470585,-373.1557182,147.0423855,-179.8627535,-0.166643889,179.7902756,-0.346544066,1.484269447,0.73652505,-0.671466884,0.429394506,-0.702312117,-49.34458123,67.47018585,43.09515266,-53.09600716,-41.40540527,72.19755134,-14.46264268,1,1
26.68743086,2,1573821217,AUT,FALSE,TRUE,TRUE,609.4575232,-367.3100615,147.7865853,-179.8489518,-0.218416184,179.7558629,-0.163396483,2.562979913,1.278812276,-0.505170186,0.671025486,-0.744415322,-49.15412292,67.1385704,43.14305992,-53.77127494,-41.36216308,72.04802398,-13.8516243,1,1
26.78791881,2,1573821217,AUT,FALSE,TRUE,TRUE,609.4575232,-367.3100615,147.7865853,-179.8489518,-0.218416184,179.7558629,-0.163396483,2.562979913,1.278812276,-0.505170186,0.671025486,-0.744415322,-49.15412292,67.1385704,43.14305992,-53.77127494,-41.36216308,72.04802398,-13.8516243,1,1
26.88840103,2,1573821217,AUT,FALSE,TRUE,TRUE,610.4619699,-359.7699652,147.6626776,-179.8569166,-0.20012517,179.7438795,0.041397561,2.424007626,1.246785544,-0.537457133,0.516126037,-0.719973366,-48.92729645,66.76891823,43.18984451,-54.7063488,-41.35432983,71.64990692,-12.99339638,1,1
26.98889303,2,1573821217,AUT,FALSE,TRUE,TRUE,610.9715264,-350.2825599,146.9077579,-179.8575449,-0.247396575,179.7390251,1.665609373,2.839538156,1.13320939,-0.375507958,0.434929187,-0.700139648,-48.64996719,66.29336814,43.20168571,-55.98578911,-41.35443969,71.12056846,-11.91396904,1,1
27.08947492,2,1573821217,AUT,FALSE,TRUE,TRUE,610.6749373,-338.8270996,145.2145532,-179.8602597,-0.255782269,179.7185249,1.247815755,2.704871279,1.060551632,-0.419857997,0.387750253,-0.670809456,-48.41469498,65.69316787,43.20338172,-57.73810844,-41.35528564,70.29112816,-10.57114106,1,1
27.18999195,2,1573821217,AUT,FALSE,TRUE,TRUE,610.6749373,-338.8270996,145.2145532,-179.8602597,-0.255782269,179.7185249,1.247815755,2.704871279,1.060551632,-0.419857997,0.387750253,-0.670809456,-48.41469498,65.69316787,43.20338172,-57.73810844,-41.35528564,70.29112816,-10.57114106,1,1
27.29047799,2,1573821217,AUT,FALSE,TRUE,TRUE,609.6625773,-325.6040951,143.8699517,-179.8736899,-0.220080646,179.7351754,-0.131555033,2.783486676,1.574867591,-0.394380721,0.48575329,-0.611688598,-48.19229393,64.90304489,43.21532249,-59.89654083,-41.36823852,69.26109123,-8.982106019,1,1
27.39096594,2,1573821218,AUT,FALSE,TRUE,TRUE,608.4115657,-311.9075665,143.456645,-179.8556091,-0.194182038,179.741488,-0.922047598,2.591407866,1.296808316,-0.42196722,0.502526754,-0.636165624,-47.93660088,64.04481697,43.27842521,-62.03729553,-41.37192443,68.32313003,-7.392971425,1,1
27.49145603,2,1573821218,AUT,FALSE,TRUE,TRUE,607.3216091,-298.025229,144.0309453,-179.8737226,-0.18033928,179.749326,-0.773698687,2.31942286,0.536323856,-0.413341051,0.470569118,-0.630683498,-47.60673294,63.17577438,43.39426918,-64.01928062,-41.37133666,67.54880333,-5.781651306,1,1
27.59195781,2,1573821218,AUT,FALSE,TRUE,TRUE,606.4565936,-283.2375196,145.107692,-179.8508479,-0.160324372,179.7533984,-2.495247711,3.193754349,1.73970562,-0.158536313,0.737650493,-0.619921469,-47.18557549,62.28482437,43.55103034,-65.94203911,-41.36904052,66.83202438,-4.126959231,1,1
27.69251084,2,1573821218,AUT,FALSE,TRUE,TRUE,606.4565936,-283.2375196,145.107692,-179.8508479,-0.160324372,179.7533984,-2.495247711,3.193754349,1.73970562,-0.158536313,0.737650493,-0.619921469,-47.18557549,62.28482437,43.55103034,-65.94203911,-41.36904052,66.83202438,-4.126959231,1,1
27.79300499,2,1573821218,AUT,FALSE,TRUE,TRUE,606.1009114,-266.9945688,146.1545852,-179.8819477,-0.153017613,179.7507777,-2.074781121,3.032049651,1.446959507,-0.247585252,0.611689596,-0.637321603,-46.57887955,61.43557434,43.71904907,-67.76889381,-41.36479431,66.16538429,-2.306153875,1,1
27.89348984,2,1573821218,AUT,FALSE,TRUE,TRUE,606.1137596,-245.6766465,146.751747,-179.874408,-0.146119649,179.7611782,-3.053743814,3.811209243,2.194510883,-0.101623091,0.798660724,-0.599856028,-45.60498619,60.47950973,43.8607933,-69.88279724,-41.35960327,65.33383941,-0.001122669,1,1
27.99401188,2,1573821218,AUT,FALSE,TRUE,TRUE,606.1137596,-245.6766465,146.751747,-179.874408,-0.146119649,179.7611782,-3.053743814,3.811209243,2.194510883,-0.101623091,0.798660724,-0.599856028,-45.60498619,60.47950973,43.8607933,-69.88279724,-41.35960327,65.33383941,-0.001122669,1,1
28.09450197,2,1573821218,AUT,FALSE,TRUE,TRUE,606.5110004,-228.1860592,146.5934555,-179.8679999,-0.138354323,179.7648527,-2.733809074,3.334507819,1.191257738,-0.071894905,0.840626976,-0.581468318,-44.65452805,59.83588943,43.93366699,-71.3962532,-41.35931213,64.67814789,1.903360744,1,1
28.19502902,2,1573821218,AUT,FALSE,TRUE,TRUE,607.2160283,-210.6049152,146.43554,-179.8759062,-0.138346772,179.7869846,-2.297671568,2.814754694,1.869312455,-0.253143699,0.823530649,-0.584273691,-43.58351555,59.26305198,43.97353019,-72.69780349,-41.35983398,64.10555419,3.7729763,1,1
28.29607081,2,1573821218,AUT,FALSE,TRUE,TRUE,608.1740621,-193.3279286,146.0613458,-179.8802318,-0.137682051,179.7982335,-2.541954007,3.459981387,1.29809369,-0.043059754,0.860296488,-0.570952685,-42.45752335,58.80502166,43.99455184,-73.79850654,-41.36042175,63.59535599,5.587234494,1,1
28.39680696,2,1573821219,AUT,FALSE,TRUE,TRUE,609.4087364,-176.705583,145.7370913,-179.86348,-0.148223126,179.8066839,-2.991777279,3.90779406,1.390912208,-0.04798061,0.949919207,-0.579592085,-41.24806252,58.43278427,44.01120987,-74.67893371,-41.36100952,63.2021244,7.2864315,1,1
28.49752688,2,1573821219,AUT,FALSE,TRUE,TRUE,609.4087364,-176.705583,145.7370913,-179.86348,-0.148223126,179.8066839,-2.991777279,3.90779406,1.390912208,-0.04798061,0.949919207,-0.579592085,-41.24806252,58.43278427,44.01120987,-74.67893371,-41.36100952,63.2021244,7.2864315,1,1
28.59809303,2,1573821219,AUT,FALSE,TRUE,TRUE,610.9990735,-160.5005736,145.2601606,-179.8827667,-0.140661784,179.8024993,-2.796704275,3.751894096,1.710534298,-0.112730043,0.96477037,-0.603215154,-40.00903473,58.17107277,44.01873207,-75.35081291,-41.36420654,62.8690876,8.950269694,1,1
28.69865704,2,1573821219,AUT,FALSE,TRUE,TRUE,612.8078465,-144.6023745,144.6382419,-179.8694068,-0.157162804,179.8104199,-2.170172982,2.359083473,1.633435543,-0.476251274,0.93191269,-0.599794578,-38.73376579,58.00197944,44.01781539,-75.84375572,-41.39024414,62.61198692,10.53132934,1,1
28.79918694,2,1573821219,AUT,FALSE,TRUE,TRUE,614.8122009,-129.6775316,144.0579715,-179.8967236,-0.163253281,179.8079425,-1.701354353,1.636246462,1.681229334,-0.476251274,0.93191269,-0.599794578,-37.43427544,57.91206321,44.01346549,-76.15793037,-41.41320007,62.43795662,12.02174835,1,1
28.89969993,2,1573821219,AUT,FALSE,TRUE,TRUE,614.8122009,-129.6775316,144.0579715,-179.8967236,-0.163253281,179.8079425,-1.701354353,1.636246462,1.681229334,-0.754949665,0.916832543,-0.571398645,-37.43427544,57.91206321,44.01346549,-76.15793037,-41.41320007,62.43795662,12.02174835,1,1
29.00022697,2,1573821219,AUT,FALSE,TRUE,TRUE,617.3670111,-111.7394954,143.5766241,-179.8618608,-0.205920745,179.8107356,-1.675679263,3.488919504,1.581385021,-0.396383476,1.094655014,-0.614680177,-35.83690109,57.87072029,44.01245269,-76.35272484,-41.43281066,62.35429573,13.70917968,1,1
29.10075784,2,1573821219,AUT,FALSE,TRUE,TRUE,619.1834443,-98.3952828,143.1511154,-179.8619621,-0.226074426,179.8169005,-1.646339236,3.777819895,1.755814109,-0.355160959,1.206519287,-0.622303897,-34.63762665,57.86696091,44.00664024,-76.44605369,-41.45661254,62.29949112,14.97096977,1,1
29.20127082,2,1573821219,AUT,FALSE,TRUE,TRUE,619.1834443,-98.3952828,143.1511154,-179.8619621,-0.226074426,179.8169005,-1.646339236,3.777819895,1.755814109,-0.355160959,1.206519287,-0.622303897,-34.63762665,57.86696091,44.00664024,-76.44605369,-41.45661254,62.29949112,14.97096977,1,1
29.30179381,2,1573821219,AUT,FALSE,TRUE,TRUE,621.4565994,-82.6403953,142.5767171,-179.8989524,-0.178993363,179.8451348,-1.83813653,2.358040103,1.766433975,-0.648816441,0.912220158,-0.54469213,-33.19335709,57.87814293,43.96455231,-76.50707244,-41.49588317,62.18038216,16.50726699,1,1
29.40230703,2,1573821220,AUT,FALSE,TRUE,TRUE,624.8810567,-71.10136109,142.3381718,-179.9482252,0.014403227,179.9436871,-3.365577032,0.228061536,1.383472368,-0.648816441,0.912220158,-0.54469213,-31.91703072,57.96223984,43.82587394,-76.25086441,-41.54862854,62.07876892,17.60568351,1,1
29.50282192,2,1573821220,AUT,FALSE,TRUE,TRUE,624.8810567,-71.10136109,142.3381718,-179.9482252,0.014403227,179.9436871,-3.365577032,0.228061536,1.383472368,-0.976772779,0.492647125,-0.355184103,-31.91703072,57.96223984,43.82587394,-76.25086441,-41.54862854,62.07876892,17.60568351,1,1
29.60336399,2,1573821220,AUT,FALSE,TRUE,TRUE,630.580021,-67.1421481,142.5837304,179.9981377,0.098359318,-179.9690397,-4.244318171,1.86813086,1.651826784,-0.463828737,0.296413041,-0.276008771,-30.98751183,58.37389755,43.62054977,-75.13882141,-41.53241271,62.44888458,17.78004684,1,1
29.70389986,2,1573821220,AUT,FALSE,TRUE,TRUE,636.7717135,-67.21751562,143.2142972,-179.9999772,0.109813289,-179.9783579,-3.899246909,1.099200511,2.015896792,-0.592230622,0.242483513,-0.039089511,-30.48525124,58.97006034,43.61264991,-73.69611053,-41.53296203,63.11529808,17.4190258,1,1
29.80442786,2,1573821220,AUT,FALSE,TRUE,TRUE,636.7717135,-67.21751562,143.2142972,-179.9999772,0.109813289,-179.9783579,-3.899246909,1.099200511,2.015896792,-0.592230622,0.242483513,-0.039089511,-30.48525124,58.97006034,43.61264991,-73.69611053,-41.53296203,63.11529808,17.4190258,1,1
29.90495801,2,1573821220,AUT,FALSE,TRUE,TRUE,646.744366,-70.59854737,144.1910311,179.9930454,0.14764677,-179.9814803,-3.955977795,1.40245779,1.951651969,-0.626068123,0.216698357,-0.05476028,-29.92774659,59.98588371,43.58305892,-71.24575081,-41.54933715,64.20116615,16.50530663,1,1
30.00579381,2,1573821220,AUT,FALSE,TRUE,TRUE,646.744366,-70.59854737,144.1910311,179.9930454,0.14764677,-179.9814803,-3.955977795,1.40245779,1.951651969,-0.626068123,0.216698357,-0.05476028,-29.92774659,59.98588371,43.58305892,-71.24575081,-41.54933715,64.20116615,16.50530663,1,1
30.10641599,2,1573821220,AUT,FALSE,TRUE,TRUE,660.5465673,-77.28195443,145.1447265,-179.9858636,0.146506456,179.9822238,-4.293653195,2.96850623,3.085145037,-0.521439192,0.325203137,-0.135220014,-29.23363724,61.5037754,43.54044571,-67.6102581,-41.56179016,65.8188858,14.97898293,1,1
30.20715189,2,1573821220,AUT,FALSE,TRUE,TRUE,660.5465673,-77.28195443,145.1447265,-179.9858636,0.146506456,179.9822238,-4.293653195,2.96850623,3.085145037,-0.521439192,0.325203137,-0.135220014,-29.23363724,61.5037754,43.54044571,-67.6102581,-41.56179016,65.8188858,14.97898293,1,1
30.30764198,2,1573821220,AUT,FALSE,TRUE,TRUE,675.25547,-81.8050398,144.4754832,-179.9739357,0.181063449,179.9245121,-3.697162324,3.28386328,1.992040065,-0.587636022,0.135716792,-0.146966008,-28.46397286,62.95530624,43.47641944,-63.65971184,-41.65063659,67.4004055,13.54592285,1,1
30.40811682,2,1573821221,AUT,FALSE,TRUE,TRUE,675.25547,-81.8050398,144.4754832,-179.9739357,0.181063449,179.9245121,-3.697162324,3.28386328,1.992040065,-0.587636022,0.135716792,-0.146966008,-28.46397286,62.95530624,43.47641944,-63.65971184,-41.65063659,67.4004055,13.54592285,1,1
30.5086,2,1573821221,AUT,FALSE,TRUE,TRUE,687.2627035,-82.58227213,142.3749966,-179.9876623,0.114686668,179.9271443,-2.746527353,3.898046175,2.554693409,-0.390814102,0.123490801,-0.038265635,-27.12903099,64.8084629,43.34537658,-60.41199531,-41.73537414,68.61721687,12.66991081,1,1
30.60909891,2,1573821221,AUT,FALSE,TRUE,TRUE,697.5488158,-81.28814816,139.4622434,179.9747602,0.127443572,179.9494869,-2.010180045,3.424412561,1.147834776,-0.327301405,-0.183757184,0.135597687,-25.8740387,66.27551193,43.11727638,-57.38779564,-41.82316589,69.61465873,12.01974678,1,1
30.70957398,2,1573821221,AUT,FALSE,TRUE,TRUE,697.5488158,-81.28814816,139.4622434,179.9747602,0.127443572,179.9494869,-2.010180045,3.424412561,1.147834776,-0.327301405,-0.183757184,0.135597687,-25.8740387,66.27551193,43.11727638,-57.38779564,-41.82316589,69.61465873,12.01974678,1,1
30.81007004,2,1573821221,AUT,FALSE,TRUE,TRUE,709.852032,-79.95226534,140.6904161,179.9736364,0.138932044,179.9949271,-2.542638357,3.17209181,0.579531305,-0.240385718,-0.212804627,0.054658787,-24.66299858,67.51562805,43.02538604,-53.70955238,-41.83778869,71.17171669,11.10079536,1,1
30.91056395,2,1573821221,AUT,FALSE,TRUE,TRUE,709.852032,-79.95226534,140.6904161,179.9736364,0.138932044,179.9949271,-2.542638357,3.17209181,0.579531305,-0.240385718,-0.212804627,0.054658787,-24.66299858,67.51562805,43.02538604,-53.70955238,-41.83778869,71.17171669,11.10079536,1,1
31.01104999,2,1573821221,AUT,FALSE,TRUE,TRUE,719.1934993,-77.89840463,145.4612859,-179.9919186,0.121887736,179.9760374,0.211752422,3.395491584,0.287011187,0.007438465,-0.710185621,-0.086038584,-23.23359833,68.61654053,43.06921806,-50.59841308,-41.72071289,72.75768585,10.31881943,1,1
31.11153603,2,1573821221,AUT,FALSE,TRUE,TRUE,719.1934993,-77.89840463,145.4612859,-179.9919186,0.121887736,179.9760374,0.211752422,3.395491584,0.287011187,0.007438465,-0.710185621,-0.086038584,-23.23359833,68.61654053,43.06921806,-50.59841308,-41.72071289,72.75768585,10.31881943,1,1
31.21201086,2,1573821221,AUT,FALSE,TRUE,TRUE,726.680808,-65.44465448,150.196055,-179.8646756,-0.046834441,179.9304758,2.859891881,5.359401761,0.58299294,0.374749335,-0.800863379,-0.481332269,-21.68441964,69.24316291,43.12090873,-48.11285934,-41.5557312,74.26114426,10.38156509,1,1
31.31249499,2,1573821221,AUT,FALSE,TRUE,TRUE,726.680808,-65.44465448,150.196055,-179.8646756,-0.046834441,179.9304758,2.859891881,5.359401761,0.58299294,0.374749335,-0.800863379,-0.481332269,-21.68441964,69.24316291,43.12090873,-48.11285934,-41.5557312,74.26114426,10.38156509,1,1
31.41297102,2,1573821222,AUT,FALSE,TRUE,TRUE,728.0768935,-50.21875632,151.3264502,-179.8631832,-0.056411882,179.9151291,-1.190789708,5.433114709,-0.833855808,0.566638335,-0.02266346,-0.558451897,-20.22335129,69.24489669,43.15221977,-47.99895515,-41.51738891,74.38554382,11.53779373,1,1
31.51346183,2,1573821222,AUT,FALSE,TRUE,TRUE,728.0768935,-50.21875632,151.3264502,-179.8631832,-0.056411882,179.9151291,-1.190789708,5.433114709,-0.833855808,0.566638335,-0.02266346,-0.558451897,-20.22335129,69.24489669,43.15221977,-47.99895515,-41.51738891,74.38554382,11.53779373,1,1
31.61399388,2,1573821222,AUT,FALSE,TRUE,TRUE,728.5382356,-34.20960378,153.7828486,-179.8760718,-0.102869195,179.9283001,-1.742185386,4.652460713,0.411713417,0.162279639,0.275247778,-0.550039872,-19.0062069,69.03522949,43.17294616,-48.05157623,-41.43573852,74.58801841,12.80749054,1,1
31.71447492,2,1573821222,AUT,FALSE,TRUE,TRUE,728.9942685,-19.19294318,156.2550779,-179.861688,-0.052492127,179.9242411,-3.468658517,4.057362567,0.839618848,0.121533313,0.49361489,-0.638650407,-17.81117249,68.80021133,43.18112411,-48.11970863,-41.33038513,74.68484916,13.9617794,1,1
31.81495285,2,1573821222,AUT,FALSE,TRUE,TRUE,729.1645277,-5.148745905,157.9276371,-179.8475526,-0.04820807,179.9131901,-3.245430574,5.206127808,0.853703684,0.121533313,0.49361489,-0.638650407,-16.72871018,68.66589661,43.19870224,-48.1173706,-41.26495605,74.80063476,15.02691078,1,1
31.91551685,2,1573821222,AUT,FALSE,TRUE,TRUE,729.1645277,-5.148745905,157.9276371,-179.8475526,-0.04820807,179.9131901,-3.245430574,5.206127808,0.853703684,0.286757186,0.364500826,-0.697686797,-16.72871018,68.66589661,43.19870224,-48.1173706,-41.26495605,74.80063476,15.02691078,1,1
32.01612282,2,1573821222,AUT,FALSE,TRUE,TRUE,729.1963067,9.371945161,158.6754813,-179.8364708,-0.026367612,179.9008663,-2.965408962,5.249961639,0.56034058,0.343846928,0.232078952,-0.722085781,-15.59074287,68.60688629,43.20944481,-48.11008529,-41.23250793,74.83252258,16.15075035,1,1
32.11692691,2,1573821222,AUT,FALSE,TRUE,TRUE,728.8349174,25.25559762,158.9221612,-179.8560793,-0.030431429,179.8978713,-2.657387916,5.545488977,0.789583979,0.476378546,0.236689976,-0.694016212,-14.34414482,68.59153632,43.21827507,-48.09926032,-41.22486145,74.85658951,17.39805908,1,1
32.21758986,2,1573821222,AUT,FALSE,TRUE,TRUE,728.1158921,42.31211945,159.0208146,-179.8617699,-0.027299537,179.8992835,-2.271899366,4.429257192,0.698387916,0.476378546,0.236689976,-0.694016212,-13.03787384,68.59148826,43.22075043,-48.08213196,-41.22516357,74.86519317,18.74224319,1,1
32.31811094,2,1573821222,AUT,FALSE,TRUE,TRUE,728.1158921,42.31211945,159.0208146,-179.8617699,-0.027299537,179.8992835,-2.271899366,4.429257192,0.698387916,0.147925734,-0.002832167,-0.682787775,-13.03787384,68.59148826,43.22075043,-48.08213196,-41.22516357,74.86519317,18.74224319,1,1
32.41860294,2,1573821223,AUT,FALSE,TRUE,TRUE,726.8104397,57.75302489,159.0006694,-179.9096113,-0.097985468,179.9521709,-0.825837035,2.384657032,0.719052935,-0.348423353,0.023229315,-0.528519421,-11.79668313,68.58936996,43.20078277,-48.07463035,-41.22975036,74.9377819,20.02349968,1,1
32.51911998,2,1573821223,AUT,FALSE,TRUE,TRUE,726.8104397,57.75302489,159.0006694,-179.9096113,-0.097985468,179.9521709,-0.825837035,2.384657032,0.719052935,-0.348423353,0.023229315,-0.528519421,-10.88650361,68.58837089,43.18515816,-48.16780815,-41.23518859,75.01157226,20.93212394,1,1
32.61960793,2,1573821223,AUT,FALSE,TRUE,TRUE,725.0235052,68.6430088,158.4596107,-179.9001238,-0.243156853,-179.9947261,0.562961587,3.377910556,0.62636019,-0.010650167,0.482832706,-0.512761377,-10.88650361,68.58837089,43.18515816,-48.16780815,-41.23518859,75.01157226,20.93212394,1,1
32.72010303,2,1573821223,AUT,FALSE,TRUE,TRUE,725.0235052,68.6430088,158.4596107,-179.9001238,-0.243156853,-179.9947261,0.562961587,3.377910556,0.62636019,-0.010650167,0.482832706,-0.512761377,-10.37370644,68.50981178,43.19980774,-48.63920746,-41.24114868,74.76769981,22.01647453,1,1
32.82058382,2,1573821223,AUT,FALSE,TRUE,TRUE,721.1742443,78.84823719,156.6689606,-179.9187616,-0.42177266,-179.9697694,3.629267678,2.609410001,0.40482033,-0.006646204,0.625152344,-0.438086517,-10.37370644,68.50981178,43.19980774,-48.63920746,-41.24114868,74.76769981,22.01647453,1,1
32.92111897,2,1573821223,AUT,FALSE,TRUE,TRUE,716.3284549,83.83817284,155.7368797,-179.9302844,-0.504486037,-179.8937743,5.388327579,2.247341473,-0.804438575,0.084630592,0.487624398,-0.325606969,-10.23725624,67.97279319,43.19809113,-50.22871284,-41.25468383,74.26998138,22.90705719,1,1
33.02160096,2,1573821223,AUT,FALSE,TRUE,TRUE,709.1773825,88.11116587,155.5349722,-179.9283672,-0.575375307,-179.8536798,6.0648742,2.683250185,-0.702430616,0.47080532,0.383183855,-0.288484407,-10.48358689,67.13381881,43.20739174,-52.27996673,-41.19149597,73.51347313,23.93758163,1,1
33.12215495,2,1573821223,AUT,FALSE,TRUE,TRUE,699.1469514,92.67726951,154.7806182,-179.9233853,-0.568040945,-179.8115004,6.0648742,2.683250185,-0.702430616,0.47080532,0.383183855,-0.288484407,-10.95527802,65.94554443,43.20888176,-55.25980911,-41.10832397,72.24536934,25.30145531,1,1
33.22263885,2,1573821223,AUT,FALSE,TRUE,TRUE,699.1469514,92.67726951,154.7806182,-179.9233853,-0.568040945,-179.8115004,4.694246312,3.870444477,1.289245704,0.783411987,0.540849069,-0.287691953,-10.95527802,65.94554443,43.20888176,-55.25980911,-41.10832397,72.24536934,25.30145531,1,1
33.32312584,2,1573821223,AUT,FALSE,TRUE,TRUE,686.5923337,97.22879616,153.3306027,-179.9483999,-0.541789823,-179.8003755,2.29042136,2.416421729,0.754603837,0.428770945,0.68004515,-0.297727279,-11.56765595,64.56097869,43.21213303,-58.77390289,-41.02458618,70.68189125,26.89314079,1,1
33.42364693,2,1573821224,AUT,FALSE,TRUE,TRUE,673.010831,99.95193237,152.1307497,-179.9358082,-0.446676099,-179.7717656,0.303293917,2.012347703,0.219646332,0.437933748,0.674461677,-0.317660389,-12.36154862,63.00695228,43.21943893,-62.60752029,-40.97090148,68.92440834,28.40196189,1,1
33.52415299,2,1573821224,AUT,FALSE,TRUE,TRUE,659.6879629,100.5097802,151.6023829,-179.912144,-0.414526873,-179.74668,-0.661845072,4.763151401,1.085403142,0.875830883,0.835682373,-0.369988095,-13.25544778,61.46889724,43.24093437,-66.18956794,-40.88296691,67.36810912,29.61825485,1,1
33.62463403,2,1573821224,AUT,FALSE,TRUE,TRUE,659.6879629,100.5097802,151.6023829,-179.912144,-0.414526873,-179.74668,-0.661845072,4.763151401,1.085403142,0.875830883,0.835682373,-0.369988095,-13.25544778,61.46889724,43.24093437,-66.18956794,-40.88296691,67.36810912,29.61825485,1,1
33.72510982,2,1573821224,AUT,FALSE,TRUE,TRUE,647.4848049,100.239336,151.5019677,-179.9235011,-0.364757792,-179.7628981,-1.864212844,4.205070344,1.390783724,0.666561514,0.760215478,-0.488278407,-14.10067749,60.0944561,43.29326019,-69.30019226,-40.77058776,65.97417755,30.63505325,1,1
33.82593203,2,1573821224,AUT,FALSE,TRUE,TRUE,636.0671802,99.78241079,151.6657428,-179.9002095,-0.330751125,-179.7863821,-1.758393909,4.383876079,1.07930841,0.735373451,0.678266864,-0.524441681,-14.92541084,58.78047752,43.39431724,-72.19472579,-40.67824218,64.7209362,31.49564666,1,1
33.92669082,2,1573821224,AUT,FALSE,TRUE,TRUE,625.3096249,99.91358261,151.7852045,-179.87889,-0.27491619,-179.8430527,-2.962114862,4.843569413,0.222002011,0.57647497,0.933698092,-0.667396516,-15.63749314,57.61524696,43.53125496,-74.77706909,-40.61271423,63.56959304,32.33138694,1,1
34.02742791,2,1573821224,AUT,FALSE,TRUE,TRUE,616.6702387,102.0698204,151.4845023,-179.8496043,-0.237044862,-179.9042718,-4.301699588,7.16281385,2.353678344,0.941759936,1.07126053,-0.725193738,-16.01847153,56.75867043,43.67972831,-76.74836311,-40.61258789,62.65988388,33.15028037,1,1
34.12800193,2,1573821224,AUT,FALSE,TRUE,TRUE,616.6702387,102.0698204,151.4845023,-179.8496043,-0.237044862,-179.9042718,-4.301699588,7.16281385,2.353678344,0.941759936,1.07126053,-0.725193738,-16.01847153,56.75867043,43.67972831,-76.74836311,-40.61258789,62.65988388,33.15028037,1,1
34.22847795,2,1573821224,AUT,FALSE,TRUE,TRUE,610.6822756,106.7450095,150.7475104,-179.8457102,-0.186669528,-179.9776986,-5.294066766,6.240167751,1.729903757,0.386047773,1.268955148,-0.82394858,-15.96644783,56.26916084,43.77998543,-78.01085014,-40.64082824,62.00487556,33.99586716,1,1
34.3289659,2,1573821224,AUT,FALSE,TRUE,TRUE,607.7236228,112.7327444,150.5577859,-179.8280767,-0.152230337,179.9852302,-5.364109147,6.934321743,1.999770108,0.46002571,1.408302677,-0.802919935,-15.5878418,56.09566612,43.87840919,-78.49200668,-40.71284912,61.76195411,34.73106193,1,1
34.42944098,2,1573821225,AUT,FALSE,TRUE,TRUE,606.4731103,120.0807665,150.570775,-179.8535412,-0.132063155,179.9631639,-2.576508463,5.898055962,1.958453138,0.223212308,0.787408866,-0.805872174,-14.93907509,56.11594963,43.92510109,-78.48109588,-40.74300109,61.75867195,35.44963646,1,1
34.52995992,2,1573821225,AUT,FALSE,TRUE,TRUE,606.4731103,120.0807665,150.570775,-179.8535412,-0.132063155,179.9631639,-2.576508463,5.898055962,1.958453138,0.223212308,0.787408866,-0.805872174,-14.93907509,56.11594963,43.92510109,-78.48109588,-40.74300109,61.75867195,35.44963646,1,1
34.63044786,2,1573821225,AUT,FALSE,TRUE,TRUE,605.5148418,129.4006926,150.2634093,-179.8439768,-0.074526795,179.94797,-2.184693961,5.924174297,1.489149998,0.195992624,0.517826586,-0.755895579,-14.05102616,56.22083473,43.93642044,-78.33208351,-40.81479125,61.75550308,36.28928718,1,1
34.73092604,2,1573821225,AUT,FALSE,TRUE,TRUE,604.7888786,138.1559833,149.6688465,-179.8602995,-0.061428752,179.9483363,-1.686025223,5.693894533,1.673346194,0.048017648,0.299316445,-0.747455622,-13.15143127,56.39802017,43.9311676,-78.081427,-40.88839965,61.81624718,37.08820266,1,1
34.83139586,2,1573821225,AUT,FALSE,TRUE,TRUE,604.318824,146.9577951,149.1573579,-179.8472344,-0.04603992,179.9277404,-1.696732381,6.358542679,1.304552398,0.040400792,0.255280968,-0.765333933,-12.25480614,56.60449447,43.92537574,-77.75436744,-40.9426062,61.89937248,37.79723281,1,1
34.93188095,2,1573821225,AUT,FALSE,TRUE,TRUE,604.318824,146.9577951,149.1573579,-179.8472344,-0.04603992,179.9277404,-1.696732381,6.358542679,1.304552398,0.040400792,0.255280968,-0.765333933,-11.33773613,56.84573364,43.92660141,-77.26015091,-40.99075378,62.10697631,38.44290619,1,1
35.03237581,2,1573821225,AUT,FALSE,TRUE,TRUE,604.4771414,155.6668185,149.1146863,-179.8293565,-0.030245395,179.9259237,-1.990649874,5.66049832,0.881296805,-0.188410687,0.261087971,-0.83708102,-11.33773613,56.84573364,43.92660141,-77.26015091,-40.99075378,62.10697631,38.44290619,1,1
35.13286591,2,1573821225,AUT,FALSE,TRUE,TRUE,604.9876166,164.8915789,149.5415667,-179.8397721,-0.021588587,179.9088738,-1.301571269,5.446917045,1.301249298,-0.263220701,0.119400513,-0.872075879,-10.34452058,57.1141262,43.93318634,-76.61029243,-40.99335754,62.40855446,39.06413154,1,1
35.23335981,2,1573821225,AUT,FALSE,TRUE,TRUE,604.8960401,175.893597,149.8622155,-179.8187314,-0.029922353,179.8801345,-1.462776182,5.623748434,1.397158543,-0.161810859,0.151211625,-0.898681548,-9.211548619,57.40204353,43.94998855,-75.94460334,-40.99320373,62.71723594,39.80364532,1,1
35.33387685,2,1573821225,AUT,FALSE,TRUE,TRUE,604.408277,188.605971,150.33211,-179.817781,-0.027622318,179.8671583,-2.101996026,7.264834123,1.509011827,0.104119788,0.27943853,-0.887730645,-7.886267856,57.70448341,43.95529976,-75.20923347,-40.99603271,63.07039489,40.72045784,1,1
35.43441296,2,1573821226,AUT,FALSE,TRUE,TRUE,604.408277,188.605971,150.33211,-179.817781,-0.027622318,179.8671583,-2.101996026,7.264834123,1.509011827,0.104119788,0.27943853,-0.887730645,-7.886267856,57.70448341,43.95529976,-75.20923347,-40.99603271,63.07039489,40.72045784,1,1
35.53496385,2,1573821226,AUT,FALSE,TRUE,TRUE,603.7118821,202.1030836,150.9105837,-179.8111922,-0.041286768,179.8725284,-1.580056596,8.33232806,2.145090239,0.464507107,0.220703419,-0.815230531,-6.472780612,58.03631172,43.95799484,-74.37422104,-40.99959228,63.48853798,41.63888397,1,1
35.63547397,2,1573821226,AUT,FALSE,TRUE,TRUE,602.5033748,216.0763418,151.1143144,-179.8687273,-0.073068486,179.8831183,-1.679056755,4.399599855,1.500529173,-0.438193037,0.438608011,-0.760808195,-4.963640219,58.41214027,43.95074729,-73.51465416,-41.01129821,63.91311149,42.68268814,1,1
35.73631287,2,1573821226,AUT,FALSE,TRUE,TRUE,601.5647745,228.4575993,150.5335584,-179.8632979,-0.077669322,179.9327242,-1.430079102,2.241421135,1.679098255,-0.90770703,0.502973219,-0.726297398,-3.594874194,58.82428894,43.89547233,-72.68590736,-41.08389587,64.2493515,43.573106,1,1
35.83686399,2,1573821226,AUT,FALSE,TRUE,TRUE,600.7505416,238.5441824,149.0911509,-179.8874531,-0.124122512,179.9520754,-0.389652609,3.526433522,1.38446013,-0.646628671,0.43094255,-0.691259166,-2.465665056,59.27952804,43.84249763,-71.94728279,-41.16766662,64.50507545,44.27548599,1,1
35.93755293,2,1573821226,AUT,FALSE,TRUE,TRUE,600.7505416,238.5441824,149.0911509,-179.8874531,-0.124122512,179.9520754,-0.389652609,3.526433522,1.38446013,-0.646628671,0.43094255,-0.691259166,-2.465665056,59.27952804,43.84249763,-71.94728279,-41.16766662,64.50507545,44.27548599,1,1
36.03806782,2,1573821226,AUT,FALSE,TRUE,TRUE,599.9669556,246.4478646,147.0696324,-179.8575847,-0.126706099,179.9728834,-0.01675982,3.428070209,1.201158213,-0.74451445,0.3702995,-0.709742531,-1.57568665,59.69554253,43.77665176,-71.41126671,-41.3078247,64.59289741,44.84074287,1,1
36.13855982,2,1573821226,AUT,FALSE,TRUE,TRUE,598.5150926,252.1405612,145.2221718,-179.8850549,-0.19708706,-179.974083,2.363235061,2.76657821,0.453973188,-0.857483388,0.112957509,-0.643275378,-0.94166565,59.99566498,43.74705391,-71.13081665,-41.42544982,64.66200485,45.36217804,1,1
36.23903489,2,1573821226,AUT,FALSE,TRUE,TRUE,594.7741616,256.0751906,143.9105034,-179.9008059,-0.394815151,-179.8659454,4.548691742,2.590633267,-0.38363777,-0.472072062,0.402884064,-0.454735892,-0.558301169,60.02136268,43.76042289,-71.38599815,-41.45445922,64.67105827,45.93534851,1,1
36.33949995,2,1573821226,AUT,FALSE,TRUE,TRUE,594.7741616,256.0751906,143.9105034,-179.9008059,-0.394815151,-179.8659454,4.548691742,2.590633267,-0.38363777,-0.472072062,0.402884064,-0.454735892,-0.558301169,60.02136268,43.76042289,-71.38599815,-41.45445922,64.67105827,45.93534851,1,1
36.439991,2,1573821227,AUT,FALSE,TRUE,TRUE,587.8667105,259.3327251,142.7606803,-179.9071019,-0.519170095,-179.8303048,6.233163045,2.882596827,-0.677210827,-0.185325103,0.431135593,-0.386952331,-0.402669531,59.66435852,43.80116501,-72.45543479,-41.45644226,64.25724792,46.76263618,1,1
36.54046893,2,1573821227,AUT,FALSE,TRUE,TRUE,575.7752833,262.7462658,141.3304317,-179.9239596,-0.516439813,-179.800467,4.372001301,3.081294593,-0.94690046,0.011148215,0.499277916,-0.28797758,-0.384775544,58.78253746,43.84049949,-74.75009079,-41.5085614,63.17733993,48.19337883,1,1
36.64095402,2,1573821227,AUT,FALSE,TRUE,TRUE,560.6609716,265.4357665,139.8388439,-179.9212194,-0.528500959,-179.7459321,4.083628469,3.406157981,0.076646197,0.219823705,0.550382521,-0.251811285,-0.433582306,57.59631614,43.83411026,-77.63686866,-41.51218688,61.82617264,49.83762359,1,1
36.74143386,2,1573821227,AUT,FALSE,TRUE,TRUE,560.6609716,265.4357665,139.8388439,-179.9212194,-0.528500959,-179.7459321,4.083628469,3.406157981,0.076646197,0.219823705,0.550382521,-0.251811285,-0.516930775,56.24892539,43.81660423,-80.91678886,-41.53060546,60.18432769,51.71029816,1,1
36.84196591,2,1573821227,AUT,FALSE,TRUE,TRUE,543.2385056,267.5469949,137.8674949,-179.9513646,-0.500239532,-179.7296693,1.429100966,3.939460933,0.254666592,0.282773599,0.93940568,-0.243217198,-0.516930775,56.24892539,43.81660423,-80.91678886,-41.53060546,60.18432769,51.71029816,1,1
36.94244289,2,1573821227,AUT,FALSE,TRUE,TRUE,527.4382681,267.9838488,136.9152572,-179.9208075,-0.401427497,-179.6799648,-0.568233,5.259280056,1.36525501,0.57733001,1.056909148,-0.295744234,-0.656340413,54.85370636,43.79009284,-84.04427032,-41.5774237,58.65642128,53.30053825,1,1
37.04293799,2,1573821227,AUT,FALSE,TRUE,TRUE,513.8949121,267.2672205,136.9359417,-179.9386013,-0.302117404,-179.6568204,-1.051285874,5.850248316,2.112221525,0.740316183,0.983173741,-0.378236047,-0.858722306,53.54884643,43.79651641,-86.72953834,-41.55754394,57.37789764,54.60686759,1,1
37.143466,2,1573821227,AUT,FALSE,TRUE,TRUE,513.8949121,267.2672205,136.9359417,-179.9386013,-0.302117404,-179.6568204,-1.051285874,5.850248316,2.112221525,0.740316183,0.983173741,-0.378236047,-0.858722306,53.54884643,43.79651641,-86.72953834,-41.55754394,57.37789764,54.60686759,1,1
37.24395084,2,1573821227,AUT,FALSE,TRUE,TRUE,500.0543643,266.3707688,137.0640627,-179.8965843,-0.279316255,-179.6982492,-1.39956448,6.844627657,2.402966498,0.921322468,0.822195451,-0.542104382,-1.08561745,52.22477073,43.83517113,-89.39907875,-41.42221435,56.09156341,55.75660057,1,1
37.34447289,2,1573821227,AUT,FALSE,TRUE,TRUE,490.1536514,266.5174345,136.0850794,-179.9156789,-0.293024915,-179.7116768,-0.957361021,5.84577669,2.828130307,0.741081952,0.848838915,-0.494083848,-1.099600988,51.45569687,43.84552574,-91.15327949,-41.42182983,55.18992576,56.71194076,1,1
45.54504085,3,1573821236,AUT,FALSE,TRUE,TRUE,472.1282652,-399.8455946,169.7307141,-179.9847058,-0.008923192,179.9784925,-6.545598267,-1.159610919,3.732238087,-0.436361856,0.603922826,0.088499386,-66.22812653,54.22028618,43.76853904,-78.17077331,-39.02030639,63.03502922,-16.80105858,1,1
45.64596701,3,1573821236,AUT,FALSE,TRUE,TRUE,472.1282652,-399.8455946,169.7307141,-179.9847058,-0.008923192,179.9784925,-6.545598267,-1.159610919,3.732238087,-0.436361856,0.603922826,0.088499386,-66.22812653,54.22028618,43.76853904,-78.17077331,-39.02030639,63.03502922,-16.80105858,1,1
45.74674988,3,1573821236,AUT,FALSE,TRUE,TRUE,475.4938739,-398.4529228,163.8114509,-179.945008,0.092703965,179.9127691,-3.229895686,-1.203681266,5.13639842,-0.800368195,0.156223694,-0.175260426,-65.84332352,54.84567947,43.64569129,-77.92871704,-39.26210998,62.66179619,-16.51049767,1,1
45.84746385,3,1573821236,AUT,FALSE,TRUE,TRUE,479.2708973,-397.084699,155.8234582,-179.9799412,0.127251882,179.8673612,0.410226544,-0.390803661,0.305509478,-0.79845519,-0.510037977,-0.234651305,-65.36317635,55.82226448,43.57547149,-77.59279633,-39.9166864,62.21619415,-15.95966378,1,1
45.94793797,3,1573821236,AUT,FALSE,TRUE,TRUE,479.2708973,-397.084699,155.8234582,-179.9799412,0.127251882,179.8673612,0.410226544,-0.390803661,0.305509478,-0.79845519,-0.510037977,-0.234651305,-65.36317635,55.82226448,43.57547149,-77.59279633,-39.9166864,62.21619415,-15.95966378,1,1
46.04843783,3,1573821236,AUT,FALSE,TRUE,TRUE,481.775053,-397.8707292,151.7033289,-179.9717212,0.117114226,179.9115405,1.670849358,-0.369385215,-0.933625731,-0.579441807,-0.667102408,-0.152066873,-65.09088364,56.49559936,43.57455826,-77.11517601,-40.38433593,62.14875869,-15.76805191,1,1
46.14893794,3,1573821236,AUT,FALSE,TRUE,TRUE,483.2889836,-400.1040163,150.9045022,179.9849911,0.132071574,179.9457668,0.475802078,0.310496925,-0.38706703,-0.392868098,-0.629974932,0.045064168,-64.98466301,56.85860481,43.58093376,-76.56028404,-40.5366394,62.31869316,-15.86988144,1,1
46.24941587,3,1573821236,AUT,FALSE,TRUE,TRUE,485.3333543,-401.8645118,152.0999506,179.9950989,0.168114579,179.9710851,-2.212891071,0.745409877,0.49315742,0.029860815,-0.269637359,0.177815576,-64.8487484,57.04564018,43.62823333,-75.96496582,-40.53553527,62.63761253,-16.05106316,1,1
46.34992003,3,1573821236,AUT,FALSE,TRUE,TRUE,485.3333543,-401.8645118,152.0999506,179.9950989,0.168114579,179.9710851,-2.212891071,0.745409877,0.49315742,0.029860815,-0.269637359,0.177815576,-64.8487484,57.04564018,43.62823333,-75.96496582,-40.53553527,62.63761253,-16.05106316,1,1
46.45040083,3,1573821237,AUT,FALSE,TRUE,TRUE,489.2930042,-401.6129931,153.7152572,-179.9689092,0.203718115,179.9756018,-3.003974686,-0.047705962,1.269947139,-0.068149883,-0.191281966,0.042265729,-64.45898438,57.21984558,43.68580856,-75.29895744,-40.49967041,63.02916526,-16.05379944,1,1
46.55091381,3,1573821237,AUT,FALSE,TRUE,TRUE,495.3142998,-400.1410588,154.9577289,-179.986694,0.241328664,179.9920811,-4.229390611,0.098301312,1.377767502,0.062789712,0.09816433,-0.096978029,-63.76127701,57.50166206,43.68671493,-74.43775978,-40.4562854,63.45363579,-15.85306549,1,1
46.65143585,3,1573821237,AUT,FALSE,TRUE,TRUE,503.4819806,-398.5744388,156.5090999,-179.9714875,0.269890537,-179.9827728,-4.292762228,-1.195224423,0.953518252,-0.14691527,0.014615417,-0.076428508,-62.81962509,57.93764419,43.68598022,-73.18066978,-40.43903686,64.07392044,-15.66770211,1,1
46.75191689,3,1573821237,AUT,FALSE,TRUE,TRUE,503.4819806,-398.5744388,156.5090999,-179.9714875,0.269890537,-179.9827728,-4.292762228,-1.195224423,0.953518252,-0.14691527,0.014615417,-0.076428508,-62.81962509,57.93764419,43.68598022,-73.18066978,-40.43903686,64.07392044,-15.66770211,1,1
46.85243297,3,1573821237,AUT,FALSE,TRUE,TRUE,513.335434,-398.1955667,158.7051985,179.995505,0.25521603,-179.9497294,-3.209128125,-2.072392368,0.276429656,-0.321029782,-0.153608848,-0.037283128,-61.67311936,58.57599792,43.66904411,-71.34137993,-40.42282104,65.04055252,-15.58489266,1,1
46.95291901,3,1573821237,AUT,FALSE,TRUE,TRUE,523.2101291,-398.8500545,160.8459304,179.9778835,0.271905986,-179.9499066,-4.131731773,-0.379248609,1.784425333,0.003223695,0.107729484,0.104124672,-60.56294747,59.32353859,43.67081909,-69.30287018,-40.41458679,66.05943489,-15.67714348,1,1
47.05346799,3,1573821237,AUT,FALSE,TRUE,TRUE,523.2101291,-398.8500545,160.8459304,179.9778835,0.271905986,-179.9499066,-4.131731773,-0.379248609,1.784425333,0.003223695,0.107729484,0.104124672,-58.97967339,60.4718399,43.66411743,-66.34491806,-40.41944274,67.46026039,-15.83091087,1,1
47.15420485,3,1573821237,AUT,FALSE,TRUE,TRUE,537.1335164,-399.2991682,162.889322,179.9641799,0.291979903,-179.9864631,-4.185318259,-0.382628927,1.786925184,-0.131061086,-0.094043223,0.112225692,-58.97967339,60.4718399,43.66411743,-66.34491806,-40.41944274,67.46026039,-15.83091087,1,1
47.25471091,3,1573821237,AUT,FALSE,TRUE,TRUE,548.3972229,-399.1981093,163.3818991,179.95584,0.294445476,-179.9958656,-2.692355124,-1.086235399,1.669669236,-0.503813469,-0.41792427,0.156251274,-57.64048462,61.49897918,43.63526802,-63.94346809,-40.51322204,68.50873718,-15.91326027,1,1
47.35520101,3,1573821237,AUT,FALSE,TRUE,TRUE,559.699069,-398.8264582,162.6777187,179.9610042,0.279283724,179.9723844,-2.410163037,0.307112825,1.339367668,-0.242144164,-0.197179854,0.258957562,-56.2251812,62.62902259,43.53295097,-61.46350364,-40.58745117,69.49759254,-16.03873444,1,1
47.4558959,3,1573821238,AUT,FALSE,TRUE,TRUE,570.5135503,-398.1817364,161.3446811,179.9772577,0.25805307,179.9647724,-2.449150312,0.524092349,0.775362526,-0.210132638,-0.091359504,0.270786464,-54.83376274,63.76422958,43.38040924,-59.03221549,-40.6689093,70.3945095,-16.18981018,1,1
47.55642891,3,1573821238,AUT,FALSE,TRUE,TRUE,570.5135503,-398.1817364,161.3446811,179.9772577,0.25805307,179.9647724,-2.449150312,0.524092349,0.775362526,-0.210132638,-0.091359504,0.270786464,-54.83376274,63.76422958,43.38040924,-59.03221549,-40.6689093,70.3945095,-16.18981018,1,1
47.65717697,3,1573821238,AUT,FALSE,TRUE,TRUE,580.9654011,-397.2650356,160.0746291,179.9648185,0.24625907,179.9475011,-1.97279876,0.323220936,-0.250932088,-0.299312325,-0.263918427,0.191229609,-53.474366,64.86548538,43.23523521,-56.65681686,-40.72702697,71.26737328,-16.3342289,1,1
47.75778389,3,1573821238,AUT,FALSE,TRUE,TRUE,590.0596178,-396.1451,159.2374219,179.9629696,0.207677449,179.9286056,-0.910043588,0.781896071,-0.093402714,-0.428945008,-0.542823388,0.140115471,-52.24377366,65.83316802,43.10984344,-54.482444,-40.76205688,72.1026123,-16.47687607,1,1
47.85829997,3,1573821238,AUT,FALSE,TRUE,TRUE,590.0596178,-396.1451,159.2374219,179.9629696,0.207677449,179.9286056,-0.910043588,0.781896071,-0.093402714,-0.428945008,-0.542823388,0.140115471,-51.12536202,66.62639122,43.06023674,-52.65140076,-40.79078063,72.94145279,-16.57935448,1,1
47.95881295,3,1573821238,AUT,FALSE,TRUE,TRUE,599.5877801,-393.0466548,158.8819867,-179.9586149,0.067014541,179.8483637,5.466472647,2.614703008,-0.720664594,-0.334115017,-1.354258313,-0.145179757,-51.12536202,66.62639122,43.06023674,-52.65140076,-40.79078063,72.94145279,-16.57935448,1,1
48.05932283,3,1573821238,AUT,FALSE,TRUE,TRUE,604.4743218,-389.0093448,158.344506,-179.877249,-0.015552461,179.7922454,5.962152843,4.290743786,-0.067607859,-0.069160266,-1.118287069,-0.466809373,-50.12237893,67.14926834,43.02329864,-51.52646255,-40.8043872,73.45948906,-16.40164033,1,1
48.15983081,3,1573821238,AUT,FALSE,TRUE,TRUE,606.7406554,-383.7224122,157.7478603,-179.8957656,-0.128121171,179.744947,1.609021214,1.534468755,0.475610332,-0.875116445,0.004747246,-0.587862648,-49.70424614,67.14193496,43.01835136,-51.67349052,-40.80428283,73.47600975,-15.87591706,1,1
48.26033401,3,1573821238,AUT,FALSE,TRUE,TRUE,608.5876164,-378.4374745,158.0082022,-179.8561596,-0.140686422,179.7503664,-0.412276539,2.349955282,-0.248826827,-0.875116445,0.004747246,-0.587862648,-49.3984005,66.96412468,43.03649254,-52.06855201,-40.79975646,73.34591446,-15.35823441,1,1
48.36090493,3,1573821238,AUT,FALSE,TRUE,TRUE,608.5876164,-378.4374745,158.0082022,-179.8561596,-0.140686422,179.7503664,-0.412276539,2.349955282,-0.248826827,-0.62836353,0.555011631,-0.664612681,-49.3984005,66.96412468,43.03649254,-52.06855201,-40.79975646,73.34591446,-15.35823441,1,1
48.46144986,3,1573821239,AUT,FALSE,TRUE,TRUE,610.5219996,-371.5490117,159.1070903,-179.8555115,-0.156847085,179.7374333,-0.433161526,1.888233234,0.503447899,-0.700911668,0.557643857,-0.72913858,-49.0566433,66.63758011,43.07202988,-52.65446319,-40.7368103,73.2016777,-14.65095521,1,1
48.56199193,3,1573821239,AUT,FALSE,TRUE,TRUE,612.1992764,-362.9292337,160.1285991,-179.8518892,-0.185651864,179.7491526,0.835383372,2.724953897,-0.127548728,-0.383136917,0.404258056,-0.708484955,-48.68563156,66.17596893,43.08105583,-53.54750747,-40.66424011,72.93514938,-13.73664551,1,1
48.66253781,3,1573821239,AUT,FALSE,TRUE,TRUE,613.3376266,-353.0516505,160.6435294,-179.8553356,-0.203233033,179.7523707,0.809028376,2.530228622,-0.031147979,-0.357651845,0.423296806,-0.702678143,-48.35681763,65.62058258,43.11383972,-54.76689033,-40.60479858,72.49286041,-12.64116784,1,1
48.76310182,3,1573821239,AUT,FALSE,TRUE,TRUE,613.3376266,-353.0516505,160.6435294,-179.8553356,-0.203233033,179.7523707,0.809028376,2.530228622,-0.031147979,-0.357651845,0.423296806,-0.702678143,-48.35681763,65.62058258,43.11383972,-54.76689033,-40.60479858,72.49286041,-12.64116784,1,1
48.8636179,3,1573821239,AUT,FALSE,TRUE,TRUE,613.8761314,-341.4810989,160.7821381,-179.8555591,-0.209002383,179.7479453,0.739021804,3.387638501,0.193643306,-0.140303086,0.405278027,-0.672542728,-48.05477257,64.95134697,43.19631958,-56.35780334,-40.57805236,71.87897186,-11.32348138,1,1
48.96420288,3,1573821239,AUT,FALSE,TRUE,TRUE,613.8567219,-328.2554387,160.432847,-179.8692581,-0.190279768,179.7566648,0.506072796,1.954690392,-0.138703268,-0.409898816,0.361817127,-0.63254165,-47.75574532,64.17825966,43.28654136,-58.26513633,-40.5711145,71.06373825,-9.79570885,1,1
49.06473804,3,1573821239,AUT,FALSE,TRUE,TRUE,613.1807737,-314.4260147,159.9621101,-179.86744,-0.182644332,179.7655408,-0.927566328,2.606717382,0.905235492,-0.167775809,0.558419223,-0.595278561,-47.45116654,63.34876442,43.36678619,-60.3269989,-40.55482177,70.1826004,-8.210683825,1,1
49.16524696,3,1573821239,AUT,FALSE,TRUE,TRUE,612.1612541,-299.9095901,159.5873361,-179.8770755,-0.168894976,179.7797745,-1.192580765,1.726930409,-0.009143468,-0.167775809,0.558419223,-0.595278561,-47.10857849,62.49404526,43.44318924,-62.39982719,-40.5333435,69.28878708,-6.534111788,1,1
49.26657891,3,1573821239,AUT,FALSE,TRUE,TRUE,612.1612541,-299.9095901,159.5873361,-179.8770755,-0.168894976,179.7797745,-1.192580765,1.726930409,-0.009143468,-0.25960521,0.510770324,-0.556653571,-47.10857849,62.49404526,43.44318924,-62.39982719,-40.5333435,69.28878708,-6.534111788,1,1
49.36726499,3,1573821240,AUT,FALSE,TRUE,TRUE,611.155712,-285.5592502,159.3743685,-179.8725068,-0.158930503,179.7948579,-1.890166956,2.568877671,0.92681959,-0.170625786,0.638238211,-0.529938484,-46.70207406,61.65734711,43.53503838,-64.38845214,-40.52131347,68.44997749,-4.911307531,1,1
49.46779299,3,1573821240,AUT,FALSE,TRUE,TRUE,610.2775134,-270.7710134,159.203211,-179.8881098,-0.143370009,179.8051516,-1.652961424,1.685008281,0.806527413,-0.285367568,0.614338025,-0.527836834,-46.21023331,60.86417198,43.62570304,-66.25557518,-40.50322998,67.64856262,-3.236081319,1,1
49.56837296,3,1573821240,AUT,FALSE,TRUE,TRUE,609.492044,-256.6041486,159.0035167,-179.8668124,-0.150519613,179.8039172,-2.208579395,2.252017033,1.040674366,-0.148401745,0.702165604,-0.534744979,-45.67921258,60.17579269,43.70851593,-67.86872177,-40.4852069,66.97204856,-1.705586244,1,1
49.66888785,3,1573821240,AUT,FALSE,TRUE,TRUE,609.492044,-256.6041486,159.0035167,-179.8668124,-0.150519613,179.8039172,-2.208579395,2.252017033,1.040674366,-0.148401745,0.702165604,-0.534744979,-45.03985978,59.51614609,43.79785538,-69.45149803,-40.48136169,66.28699264,-0.064671712,1,1
49.76940203,3,1573821240,AUT,FALSE,TRUE,TRUE,608.9048325,-242.010122,158.6601324,-179.8983718,-0.142485804,179.8047588,-1.721525984,2.325227207,1.072054865,-0.14187827,0.690430464,-0.541269025,-45.03985978,59.51614609,43.79785538,-69.45149803,-40.48136169,66.28699264,-0.064671712,1,1
49.86993098,3,1573821240,AUT,FALSE,TRUE,TRUE,608.4576707,-226.8800317,157.9819839,-179.8673283,-0.128449661,179.7940181,-2.184896719,2.377389061,0.809906537,-0.257600117,0.597926996,-0.563586828,-44.31564103,58.92216682,43.86970596,-70.92037696,-40.48296569,65.61130943,1.540382763,1,1
49.97044301,3,1573821240,AUT,FALSE,TRUE,TRUE,608.2362101,-211.9705071,157.3175388,-179.8869851,-0.130625921,179.8057732,-2.192205621,3.37686585,1.240190728,-0.078051664,0.724290614,-0.582224164,-43.50466118,58.39434929,43.90367431,-72.22845726,-40.48397094,65.00359726,3.172985456,1,1
50.07104993,3,1573821240,AUT,FALSE,TRUE,TRUE,608.258609,-197.1042621,156.6480401,-179.8520241,-0.138478452,179.7882572,-1.749717444,3.224470554,0.930615518,-0.169399587,0.64647631,-0.605700375,-42.62540131,57.94444542,43.95991058,-73.37590026,-40.48726135,64.47764396,4.727279663,1,1
50.17162585,3,1573821240,AUT,FALSE,TRUE,TRUE,608.258609,-197.1042621,156.6480401,-179.8520241,-0.138478452,179.7882572,-1.749717444,3.224470554,0.930615518,-0.169399587,0.64647631,-0.605700375,-42.62540131,57.94444542,43.95991058,-73.37590026,-40.48726135,64.47764396,4.727279663,1,1
50.27213883,3,1573821240,AUT,FALSE,TRUE,TRUE,608.3987246,-181.462493,155.9925743,-179.8715998,-0.142311655,179.7942301,-1.462947663,3.130971725,1.134172468,-0.131506764,0.729017361,-0.579496921,-41.63353158,57.51390152,44.00631752,-74.46527023,-40.50480651,63.96713333,6.392264556,1,1
50.372648,3,1573821241,AUT,FALSE,TRUE,TRUE,608.456565,-165.5466732,155.3702689,-179.8753364,-0.151371017,179.8019468,-1.398129356,2.84392108,1.59287126,-0.318934714,0.737903244,-0.582422241,-40.56851349,57.10258369,44.02897682,-75.48511047,-40.5085968,63.48369369,8.090582656,1,1
50.47316384,3,1573821241,AUT,FALSE,TRUE,TRUE,608.4653973,-150.2509185,154.6275444,-179.8728799,-0.153871118,179.7980712,-1.507589504,3.778291146,1.015803183,-0.180799049,0.79236451,-0.600464411,-39.50222512,56.75357208,44.04342728,-76.38882866,-40.51225524,63.03367996,9.667512125,1,1
50.57367086,3,1573821241,AUT,FALSE,TRUE,TRUE,608.4518767,-134.4091414,154.0423345,-179.8792232,-0.157271843,179.8110193,-1.507589504,3.778291146,1.015803183,-0.180799049,0.79236451,-0.600464411,-38.35002366,56.41411514,44.05908279,-77.23628311,-40.52363708,62.62105408,11.33818588,1,1
50.67421198,3,1573821241,AUT,FALSE,TRUE,TRUE,608.4518767,-134.4091414,154.0423345,-179.8792232,-0.157271843,179.8110193,-0.993368795,2.591003731,0.714077747,-0.416360438,0.680437885,-0.604174055,-38.35002366,56.41411514,44.05908279,-77.23628311,-40.52363708,62.62105408,11.33818588,1,1
50.77479696,3,1573821241,AUT,FALSE,TRUE,TRUE,608.368407,-119.1256451,153.5113601,-179.8788638,-0.163718543,179.8358887,-1.519108884,2.845674747,0.744335869,-0.320196654,0.790202206,-0.511502464,-37.19720764,56.11305542,44.06161308,-77.97920951,-40.54131408,62.25950088,12.92935295,1,1
50.87558293,3,1573821241,AUT,FALSE,TRUE,TRUE,608.4971236,-104.9774581,153.2665527,-179.9070709,-0.159127602,179.8544585,-1.794933378,2.254268034,1.36437106,-0.466402608,0.943813168,-0.53502242,-36.07629662,55.87001381,44.06338806,-78.53824196,-40.5424237,61.9906208,14.39434547,1,1
50.97635698,3,1573821241,AUT,FALSE,TRUE,TRUE,608.965844,-92.23704765,153.1679162,-179.8865991,-0.156388153,179.8713483,-2.070835139,2.824708089,0.999131493,-0.313067597,0.958285014,-0.535250369,-34.98757897,55.69981498,44.06445236,-78.9164051,-40.54158325,61.81017036,15.67590065,1,1
51.07694292,3,1573821241,AUT,FALSE,TRUE,TRUE,608.965844,-92.23704765,153.1679162,-179.8865991,-0.156388153,179.8713483,-2.070835139,2.824708089,0.999131493,-0.313067597,0.958285014,-0.535250369,-33.91839295,55.62247123,44.06364212,-79.03907433,-40.54155029,61.73710098,16.83931503,1,1
51.17759204,3,1573821241,AUT,FALSE,TRUE,TRUE,610.2501492,-80.41984578,153.3200632,-179.9101101,-0.125267534,179.8853429,-1.868061785,2.047969177,1.032657592,-0.402849749,0.827347419,-0.521936014,-33.91839295,55.62247123,44.06364212,-79.03907433,-40.54155029,61.73710098,16.83931503,1,1
51.27812696,3,1573821241,AUT,FALSE,TRUE,TRUE,612.2514658,-68.28827321,153.2895944,-179.9151258,-0.061275351,179.9102008,-2.162165889,1.586198779,1.554284219,-0.658852745,0.565699915,-0.505110961,-32.96231461,55.62700996,44.04110298,-79.01456108,-40.54361572,61.69424057,17.76537323,1,1
51.37874889,3,1573821242,AUT,FALSE,TRUE,TRUE,615.0859744,-60.86078299,153.2680246,-179.9193587,0.063238981,179.9140787,-3.399673001,1.689231997,1.684231582,-0.658852745,0.565699915,-0.505110961,-31.88100243,55.78033447,43.98949814,-78.6503437,-40.59544372,61.71010208,18.62173691,1,1
51.47926283,3,1573821242,AUT,FALSE,TRUE,TRUE,615.0859744,-60.86078299,153.2680246,-179.9193587,0.063238981,179.9140787,-3.399673001,1.689231997,1.684231582,-0.704237498,0.388560217,-0.507248678,-31.88100243,55.78033447,43.98949814,-78.6503437,-40.59544372,61.71010208,18.62173691,1,1
51.57978296,3,1573821242,AUT,FALSE,TRUE,TRUE,619.3588933,-57.36337717,153.2574461,-179.9357496,0.12421235,179.9672943,-5.065171392,1.375716771,1.246540592,-0.68786574,0.415979259,-0.441504202,-31.18138276,56.11613159,43.85809135,-77.83825493,-40.60997314,61.98740043,18.79312706,1,1
51.680269,3,1573821242,AUT,FALSE,TRUE,TRUE,625.618677,-56.3360657,153.7752991,-179.9948708,0.134546628,179.9854234,-4.040707121,1.637116989,0.825067503,-0.581969511,0.145978802,-0.194026876,-30.55813523,56.69170875,43.76939392,-76.44831276,-40.61000061,62.61218261,18.61495285,1,1
51.7807548,3,1573821242,AUT,FALSE,TRUE,TRUE,632.9739655,-56.39031489,154.5331208,-179.9854807,0.127868807,179.966915,-3.512414169,3.197062906,0.778729572,-0.257334544,0.238505558,-0.084916869,-29.98703156,57.42080612,43.75842819,-74.73785476,-40.63312683,63.42987442,18.18726539,1,1
51.88128185,3,1573821242,AUT,FALSE,TRUE,TRUE,632.9739655,-56.39031489,154.5331208,-179.9854807,0.127868807,179.966915,-3.512414169,3.197062906,0.778729572,-0.257334544,0.238505558,-0.084916869,-29.98703156,57.42080612,43.75842819,-74.73785476,-40.63312683,63.42987442,18.18726539,1,1
51.98186803,3,1573821242,AUT,FALSE,TRUE,TRUE,642.4637676,-56.83279929,155.4279913,-179.9897472,0.129489196,179.942313,-3.289386651,3.35569315,0.812144228,-0.311680348,0.213312765,-0.062572201,-29.25590859,58.41225357,43.75815696,-72.44611015,-40.69031616,64.49130134,17.60349655,1,1
52.08237481,3,1573821242,AUT,FALSE,TRUE,TRUE,650.1439133,-56.80630182,156.1541644,-179.9947153,0.128359006,179.929348,-2.739623101,3.469077542,0.768500461,-0.322585081,0.083764687,-0.095794473,-28.62574654,59.20914001,43.75442848,-70.56255226,-40.73986999,65.35568504,17.14363289,1,1
52.1828599,3,1573821242,AUT,FALSE,TRUE,TRUE,657.6376246,-56.33498769,156.7043205,-179.9868641,0.124312054,179.9156551,-2.739623101,3.469077542,0.768500461,-0.322585081,0.083764687,-0.095794473,-27.94659233,60.00893097,43.73221549,-68.68645477,-40.7806842,66.19714164,16.71207962,1,1
52.28334403,3,1573821242,AUT,FALSE,TRUE,TRUE,657.6376246,-56.33498769,156.7043205,-179.9868641,0.124312054,179.9156551,-2.293953081,3.247707215,0.921040631,-0.545503883,-0.037405312,-0.083506438,-27.94659233,60.00893097,43.73221549,-68.68645477,-40.7806842,66.19714164,16.71207962,1,1
52.38384485,3,1573821243,AUT,FALSE,TRUE,TRUE,664.8681275,-55.03300229,156.9757457,-179.9988907,0.130541845,179.8994016,-2.718977692,2.678711578,0.556146332,-0.664130896,-0.064494688,-0.058341862,-27.21064911,60.79895439,43.70227089,-66.86180076,-40.82939208,66.9817749,16.36872596,1,1
52.48433304,3,1573821243,AUT,FALSE,TRUE,TRUE,671.9363655,-53.24701853,157.0596641,-179.9745111,0.140950346,179.8981335,-3.360195984,3.116784402,1.032505094,-0.477847124,0.038586407,-0.047165332,-26.42197838,61.58242378,43.64507331,-65.05876236,-40.88124755,67.72875938,16.0365509,1,1
52.58481789,3,1573821243,AUT,FALSE,TRUE,TRUE,671.9363655,-53.24701853,157.0596641,-179.9745111,0.140950346,179.8981335,-3.360195984,3.116784402,1.032505094,-0.477847124,0.038586407,-0.047165332,-26.42197838,61.58242378,43.64507331,-65.05876236,-40.88124755,67.72875938,16.0365509,1,1
52.68532896,3,1573821243,AUT,FALSE,TRUE,TRUE,681.0691236,-50.99014534,157.2626789,-179.9903852,0.166548392,179.9132628,-3.813464453,4.284483258,0.411723111,-0.177509555,0.076716666,-0.011091388,-25.36330491,62.58222771,43.51808853,-62.67618484,-40.91058105,68.68609085,15.61046676,1,1
52.78629398,3,1573821243,AUT,FALSE,TRUE,TRUE,688.4186643,-49.0149632,157.7791587,179.9822569,0.150572909,179.9102398,-3.236485093,2.900151375,0.59628135,-0.537241643,-0.033574834,-0.031497593,-24.48370858,63.40775756,43.44534874,-60.66079101,-40.91609069,69.55800018,15.24394569,1,1
52.88710594,3,1573821243,AUT,FALSE,TRUE,TRUE,695.3302061,-46.52324838,158.2234943,-179.9642438,0.119391992,179.8893047,-2.297522617,4.279821441,1.362093112,-0.264264048,-0.056965846,-0.09215542,-23.59743805,64.21342621,43.39227447,-58.66216507,-40.9209082,70.43048973,14.83551178,1,1
52.98767185,3,1573821243,AUT,FALSE,TRUE,TRUE,701.2574407,-42.04876229,158.1432981,-179.9510659,0.055269751,179.8366078,-0.461046554,4.653573078,1.486503898,-0.264264048,-0.056965846,-0.09215542,-22.65677491,64.97308616,43.37728843,-56.90874366,-40.93511901,71.19036254,14.68146629,1,1
53.08814383,3,1573821243,AUT,FALSE,TRUE,TRUE,701.2574407,-42.04876229,158.1432981,-179.9510659,0.055269751,179.8366078,-0.461046554,4.653573078,1.486503898,-0.3621665,-0.186184582,-0.265842846,-22.65677491,64.97308616,43.37728843,-56.90874366,-40.93511901,71.19036254,14.68146629,1,1
53.18862987,3,1573821243,AUT,FALSE,TRUE,TRUE,705.3666468,-33.41969836,156.719206,-179.8659974,-0.005388755,179.7542216,1.394310622,4.052690642,0.744319349,-0.832614656,-0.448746573,-0.643541731,-21.59921723,65.59621353,43.37111893,-55.73109169,-40.96280456,71.61062049,14.95372123,1,1
53.28909993,3,1573821243,AUT,FALSE,TRUE,TRUE,707.7257277,-16.22715097,153.8464296,-179.8415604,-0.063032786,179.7327493,-0.634638375,6.047415283,0.77911068,-0.275385441,0.006877601,-0.683930246,-20.39603234,66.01378669,43.36750717,-55.21378326,-41.07029479,71.68685874,16.18417625,1,1
53.38960695,3,1573821244,AUT,FALSE,TRUE,TRUE,707.7257277,-16.22715097,153.8464296,-179.8415604,-0.063032786,179.7327493,-0.634638375,6.047415283,0.77911068,-0.275385441,0.006877601,-0.683930246,-20.39603234,66.01378669,43.36750717,-55.21378326,-41.07029479,71.68685874,16.18417625,1,1
53.49011302,3,1573821244,AUT,FALSE,TRUE,TRUE,708.394476,1.302649573,152.3890677,-179.8664552,-0.04710396,179.7434067,-2.259402788,6.50772903,0.91978222,-0.191101962,0.27449069,-0.619283824,-18.59493714,66.26406555,43.36639137,-55.05146026,-41.20280639,71.61286239,17.62136993,1,1
53.59059381,3,1573821244,AUT,FALSE,TRUE,TRUE,708.5165829,19.31751301,152.0641194,-179.8838138,-0.026228682,179.7584803,-1.291953214,2.320399907,0.715810326,-1.065455391,-0.013951799,-0.629495327,-17.09962578,66.3283493,43.35852928,-54.97238617,-41.23761657,71.59628677,19.09689903,1,1
53.69108891,3,1573821244,AUT,FALSE,TRUE,TRUE,708.2035168,36.26366509,152.4016756,-179.8524795,-0.023030513,179.8001815,-1.443943761,5.245952926,0.900564236,-0.281845878,-0.057016678,-0.583072581,-15.65823326,66.33577538,43.32841644,-54.86754226,-41.24123107,71.65732613,20.41643944,1,1
53.79157495,3,1573821244,AUT,FALSE,TRUE,TRUE,708.2035168,36.26366509,152.4016756,-179.8524795,-0.023030513,179.8001815,-1.443943761,5.245952926,0.900564236,-0.281845878,-0.057016678,-0.583072581,-15.65823326,66.33577538,43.32841644,-54.86754226,-41.24123107,71.65732613,20.41643944,1,1
53.89205194,3,1573821244,AUT,FALSE,TRUE,TRUE,707.2006163,52.64146801,152.5398256,-179.8667198,-0.042417322,179.8134701,-1.364960638,5.340764723,0.807219037,-0.133938909,0.017815892,-0.59381737,-14.31450577,66.3347866,43.32545356,-54.83786544,-41.23986877,71.69691467,21.74467621,1,1
53.99251986,3,1573821244,AUT,FALSE,TRUE,TRUE,705.3640068,72.05973251,152.506316,-179.8843387,-0.078389871,179.8355035,-1.452368796,3.768404145,0.984085498,-0.660939154,0.140126094,-0.630586744,-12.72394982,66.33339958,43.3167366,-54.84016571,-41.23857238,71.72376938,23.34873161,1,1
54.09298801,3,1573821244,AUT,FALSE,TRUE,TRUE,705.3640068,72.05973251,152.506316,-179.8843387,-0.078389871,179.8355035,-1.452368796,3.768404145,0.984085498,-0.660939154,0.140126094,-0.630586744,-11.60632096,66.33302879,43.28974456,-54.86712684,-41.2366278,71.80486564,24.50005073,1,1
54.19345498,3,1573821244,AUT,FALSE,TRUE,TRUE,703.3609362,85.41712424,152.2507324,-179.9113303,-0.187023567,179.9012892,0.292926425,2.891717684,1.09252184,-0.667461242,0.22342892,-0.499224033,-11.60632096,66.33302879,43.28974456,-54.86712684,-41.2366278,71.80486564,24.50005073,1,1
54.29398203,3,1573821244,AUT,FALSE,TRUE,TRUE,700.4734516,94.87436181,151.2067575,-179.9449843,-0.373702425,-179.9657057,2.310324656,1.800591093,1.004472598,-0.55680109,0.602626495,-0.303336699,-10.82850609,66.27777443,43.19693413,-55.13792266,-41.22773986,71.81373024,25.43597946,1,1
54.39447784,3,1573821245,AUT,FALSE,TRUE,TRUE,696.712084,99.97663328,149.8760437,-179.9530491,-0.470195029,-179.90643,4.685065817,0.929992467,0.238773797,-0.439805811,0.57577235,-0.264723201,-10.55399552,66.03294067,43.11409378,-55.9372467,-41.19328125,71.4850502,26.14737167,1,1
54.49495983,3,1573821245,AUT,FALSE,TRUE,TRUE,690.7379517,102.6885202,148.2835379,-179.9337402,-0.520220937,-179.8846188,4.897335345,3.171714813,0.065371641,-0.439805811,0.57577235,-0.264723201,-10.7233223,65.51510353,43.07281265,-57.53112602,-41.16785339,70.76040916,26.90625915,1,1
54.5955379,3,1573821245,AUT,FALSE,TRUE,TRUE,690.7379517,102.6885202,148.2835379,-179.9337402,-0.520220937,-179.8846188,4.897335345,3.171714813,0.065371641,0.126763121,0.606773444,-0.296947314,-10.7233223,65.51510353,43.07281265,-57.53112602,-41.16785339,70.76040916,26.90625915,1,1
54.69626403,3,1573821245,AUT,FALSE,TRUE,TRUE,679.9872809,106.2351365,146.4600377,-179.9136227,-0.517002465,-179.8688547,2.987165718,3.929849252,0.1063736,0.288426201,0.79905365,-0.306698395,-11.23872872,64.3855236,43.07240409,-60.46201057,-41.15326904,69.4144844,28.19743423,1,1
54.79675794,3,1573821245,AUT,FALSE,TRUE,TRUE,669.4260968,109.1508079,145.1371717,-179.947157,-0.495517548,-179.8408746,1.911502509,3.25599717,0.708246935,0.258355139,0.857839105,-0.24437396,-11.71970329,63.28798256,43.07318344,-63.26007728,-41.14533691,68.13778038,29.46048774,1,1
54.89733982,3,1573821245,AUT,FALSE,TRUE,TRUE,669.4260968,109.1508079,145.1371717,-179.947157,-0.495517548,-179.8408746,1.911502509,3.25599717,0.708246935,0.258355139,0.857839105,-0.24437396,-11.71970329,63.28798256,43.07318344,-63.26007728,-41.14533691,68.13778038,29.46048774,1,1
54.99785781,3,1573821245,AUT,FALSE,TRUE,TRUE,658.2896173,110.8633153,144.7106717,-179.951974,-0.439598244,-179.8073402,1.093829304,2.675470942,-0.592384655,0.13462762,0.736252276,-0.254994668,-12.30641442,62.05574913,43.07739258,-66.17344894,-41.11008728,66.83631591,30.62177009,1,1
55.09836197,3,1573821245,AUT,FALSE,TRUE,TRUE,646.8378849,111.2977828,145.1053763,-179.9380889,-0.421203359,-179.7840646,0.390243785,2.538439666,-0.809109475,0.198590578,0.672647606,-0.304715621,-12.98582268,60.7196846,43.08914794,-69.08731155,-40.99124816,65.6155529,31.61619758,1,1
55.19883084,3,1573821245,AUT,FALSE,TRUE,TRUE,632.7591017,110.935367,145.6870523,-179.9274485,-0.347734757,-179.7849118,0.390243785,2.538439666,-0.809109475,0.198590578,0.672647606,-0.304715621,-13.69853325,59.41834373,43.12049331,-71.88563232,-40.85687988,64.08386993,32.73846473,1,1
55.29935002,3,1573821245,AUT,FALSE,TRUE,TRUE,632.7591017,110.935367,145.6870523,-179.9274485,-0.347734757,-179.7849118,-1.578662333,4.627706399,1.047982259,0.586351402,0.901410061,-0.418342932,-13.69853325,59.41834373,43.12049331,-71.88563232,-40.85687988,64.08386993,32.73846473,1,1
55.39982891,3,1573821246,AUT,FALSE,TRUE,TRUE,622.8870946,110.3724015,145.8493709,-179.901429,-0.275651491,-179.7999369,-3.292756634,5.06915229,2.36435385,0.524914886,1.130932082,-0.522410465,-14.51018601,57.94470978,43.13572998,-74.99371948,-40.74360534,62.95341453,33.44929733,1,1
55.50029182,3,1573821246,AUT,FALSE,TRUE,TRUE,615.2939761,110.2782525,145.4583841,-179.8837515,-0.220745861,-179.8222791,-4.198396487,5.777710819,2.75319716,0.649663279,1.143806046,-0.594946981,-14.95373498,57.12341652,43.1394207,-76.81555824,-40.69318359,62.055447,34.01922683,1,1
55.60078096,3,1573821246,AUT,FALSE,TRUE,TRUE,610.131126,111.5262456,144.6229512,-179.864915,-0.185542764,-179.8789123,-4.936182275,6.411343264,2.750373899,0.617452797,1.286029553,-0.690874683,-15.13427467,56.64709053,43.14601249,-77.99321365,-40.67528686,61.42031364,34.49575538,1,1
55.70126796,3,1573821246,AUT,FALSE,TRUE,TRUE,610.131126,111.5262456,144.6229512,-179.864915,-0.185542764,-179.8789123,-4.936182275,6.411343264,2.750373899,0.617452797,1.286029553,-0.690874683,-15.13427467,56.64709053,43.14601249,-77.99321365,-40.67528686,61.42031364,34.49575538,1,1
55.80173993,3,1573821246,AUT,FALSE,TRUE,TRUE,607.424464,114.5450017,143.459257,-179.8569433,-0.175052642,-179.9618712,-5.483556301,6.259901246,3.226012582,0.144357658,1.574990957,-0.854982692,-15.01369629,56.51769561,43.16206283,-78.52049217,-40.68598754,61.06276703,34.93018913,1,1
55.90221381,3,1573821246,AUT,FALSE,TRUE,TRUE,606.6093123,120.5513101,142.1006456,-179.8313246,-0.147339629,-179.996588,-3.227933697,6.326759144,2.987935781,0.138001689,1.04090117,-0.817868213,-14.47665711,56.66291771,43.16949234,-78.50305481,-40.80296997,60.94001884,35.50318451,1,1
56.00270486,3,1573821246,AUT,FALSE,TRUE,TRUE,606.6093123,120.5513101,142.1006456,-179.8313246,-0.147339629,-179.996588,-3.227933697,6.326759144,2.987935781,0.138001689,1.04090117,-0.817868213,-14.47665711,56.66291771,43.16949234,-78.50305481,-40.80296997,60.94001884,35.50318451,1,1
56.10318494,3,1573821246,AUT,FALSE,TRUE,TRUE,606.4292196,127.3966831,140.5000183,-179.8390577,-0.130613104,179.9577359,-2.400273795,5.471943087,2.648440243,-0.189742687,0.815733311,-0.815311197,-13.80719834,56.93339424,43.17143211,-78.27418899,-40.92951599,60.89941406,36.11760864,1,1
56.20366192,3,1573821246,AUT,FALSE,TRUE,TRUE,606.420661,135.8282532,138.8192178,-179.8267491,-0.092108244,179.9374501,-1.730412248,6.068152942,1.964446613,-0.170075139,0.587556022,-0.82811979,-13.00307122,57.24523429,43.16236496,-77.95001678,-41.08453857,60.90045433,36.79869575,1,1
56.30415988,3,1573821246,AUT,FALSE,TRUE,TRUE,606.3709252,144.8659775,137.7292788,-179.8241305,-0.070056671,179.8936243,-2.064484545,7.363387263,1.856968844,-0.037175494,0.507218311,-0.907122697,-12.03125153,57.57475547,43.15972824,-77.51065292,-41.18400878,60.97038231,37.56477584,1,1
56.40464401,3,1573821247,AUT,FALSE,TRUE,TRUE,606.3709252,144.8659775,137.7292788,-179.8241305,-0.070056671,179.8936243,-2.064484545,7.363387263,1.856968844,-0.037175494,0.507218311,-0.907122697,-10.89052391,57.87029457,43.18108978,-76.89458084,-41.22750366,61.23834228,38.35478897,1,1
56.50519395,3,1573821247,AUT,FALSE,TRUE,TRUE,606.500757,155.8756701,137.7810944,-179.800262,-0.059354251,179.8802671,-2.02237052,9.032588947,1.167010437,0.316054391,0.399197294,-0.943151493,-10.89052391,57.87029457,43.18108978,-76.89458084,-41.22750366,61.23834228,38.35478897,1,1
56.60583901,3,1573821247,AUT,FALSE,TRUE,TRUE,606.7529304,168.6578043,138.9365294,-179.8306277,-0.023176674,179.905536,-2.183987776,6.473246991,1.428245887,-0.180275053,0.351892978,-0.826779747,-9.554782106,58.13832664,43.20403404,-76.09392471,-41.22660827,61.66016235,39.28812561,1,1
56.70675802,3,1573821247,AUT,FALSE,TRUE,TRUE,607.6636855,181.2467441,140.7234408,-179.8715833,0.016263493,179.9575627,-2.878247534,3.682953399,1.034346603,-0.704507153,0.37591668,-0.796500381,-8.143021775,58.42540626,43.20427093,-75.09924316,-41.19829101,62.22661399,40.12607689,1,1
56.80724192,3,1573821247,AUT,FALSE,TRUE,TRUE,609.5933355,192.7975227,142.9464343,-179.8481341,0.023388626,179.9908251,-2.133202952,4.89774761,1.216955259,-0.141402257,0.168488516,-0.79363035,-6.815193563,58.78411331,43.20336113,-73.83724022,-41.10358337,62.94393883,40.64943809,1,1
56.90772486,3,1573821247,AUT,FALSE,TRUE,TRUE,609.5933355,192.7975227,142.9464343,-179.8481341,0.023388626,179.9908251,-2.133202952,4.89774761,1.216955259,-0.141402257,0.168488516,-0.79363035,-6.815193563,58.78411331,43.20336113,-73.83724022,-41.10358337,62.94393883,40.64943809,1,1
57.00820398,3,1573821247,AUT,FALSE,TRUE,TRUE,611.8465067,203.1473105,144.6721898,-179.841658,0.020021807,179.9811279,-1.648663399,6.202615586,1.543365368,0.164175169,0.072791368,-0.815288551,-5.604534531,59.21280326,43.21204376,-72.54312973,-41.02402587,63.63873481,41.05931739,1,1
57.10869789,3,1573821247,AUT,FALSE,TRUE,TRUE,614.2544825,216.2229682,145.9740166,-179.8333373,0.002650454,179.9709532,-1.504028414,6.478812158,1.852230934,0.164175169,0.072791368,-0.815288551,-4.102796175,59.82818527,43.22489433,-70.92508736,-40.99598327,64.44571495,41.59025917,1,1
57.20917392,3,1573821247,AUT,FALSE,TRUE,TRUE,614.2544825,216.2229682,145.9740166,-179.8333373,0.002650454,179.9709532,-1.504028414,6.478812158,1.852230934,0.18092686,0.161317864,-0.844556559,-4.102796175,59.82818527,43.22489433,-70.92508736,-40.99598327,64.44571495,41.59025917,1,1
57.30966687,3,1573821247,AUT,FALSE,TRUE,TRUE,616.1998523,231.4137688,146.4653595,-179.8607836,-0.032727055,179.9684492,-1.003987129,4.173177116,0.946981957,-0.336723485,0.140264884,-0.798715006,-2.387476731,60.57772408,43.21596794,-69.16058006,-41.00287719,65.2834053,42.29094657,1,1
57.41017699,3,1573821248,AUT,FALSE,TRUE,TRUE,616.1998523,231.4137688,146.4653595,-179.8607836,-0.032727055,179.9684492,-1.003987129,4.173177116,0.946981957,-0.336723485,0.140264884,-0.798715006,-2.387476731,60.57772408,43.21596794,-69.16058006,-41.00287719,65.2834053,42.29094657,1,1
57.51064897,3,1573821248,AUT,FALSE,TRUE,TRUE,617.2653019,240.550236,146.8303051,-179.8566192,-0.049183606,-179.9992281,0.118917761,4.243909318,0.448434577,-0.393663918,0.037563988,-0.759178662,-1.284981538,61.05750389,43.207481,-68.01024971,-41.03829711,65.81841201,42.69640045,1,1
57.61112785,3,1573821248,AUT,FALSE,TRUE,TRUE,617.2981142,247.0122013,146.958705,-179.8442137,-0.111731709,-179.9707744,1.753235149,3.56577035,0.363312295,-0.509303593,-0.130951903,-0.744124142,-0.55022965,61.36101837,43.20981903,-67.3127346,-41.03855529,66.18578796,42.99870643,1,1
57.71160698,3,1573821248,AUT,FALSE,TRUE,TRUE,614.302193,252.5037014,145.8820792,-179.8914558,-0.301793894,-179.88899,3.638256837,4.051566817,1.19947213,-0.190402471,0.162655715,-0.538346882,-0.005458838,61.47119064,43.21016922,-67.27461204,-41.03802246,66.31093941,43.57575645,1,1
57.81210685,3,1573821248,AUT,FALSE,TRUE,TRUE,614.302193,252.5037014,145.8820792,-179.8914558,-0.301793894,-179.88899,3.638256837,4.051566817,1.19947213,-0.190402471,0.162655715,-0.538346882,-0.005458838,61.47119064,43.21016922,-67.27461204,-41.03802246,66.31093941,43.57575645,1,1
57.91256595,3,1573821248,AUT,FALSE,TRUE,TRUE,608.286731,257.7578667,143.6695913,-179.9169754,-0.433620972,-179.8641066,4.415274771,3.966479259,1.319078514,0.039096763,0.555944391,-0.396739774,0.371684644,61.34105415,43.2237339,-68.05430145,-41.07801818,65.95209503,44.46131973,1,1
58.01305985,3,1573821248,AUT,FALSE,TRUE,TRUE,595.5548224,263.8387256,140.2797142,-179.9093575,-0.523148013,-179.8162109,5.016994773,2.60045078,0.159266753,-0.239452546,0.589034064,-0.347231591,0.622523113,60.6654602,43.22360687,-70.29564628,-41.18577209,64.84676399,46.09196891,1,1
58.113585,3,1573821248,AUT,FALSE,TRUE,TRUE,595.5548224,263.8387256,140.2797142,-179.9093575,-0.523148013,-179.8162109,5.016994773,2.60045078,0.159266753,-0.239452546,0.589034064,-0.347231591,0.626361463,59.70273514,43.22100792,-72.98917465,-41.24756469,63.51483993,47.71657219,1,1
58.21414304,3,1573821248,AUT,FALSE,TRUE,TRUE,581.5874208,267.6825223,137.6748758,-179.9071986,-0.558617918,-179.801696,4.848870913,3.383248493,-0.103626441,-0.096280615,0.703236459,-0.341247179,0.626361463,59.70273514,43.22100792,-72.98917465,-41.24756469,63.51483993,47.71657219,1,1
58.31465292,3,1573821248,AUT,FALSE,TRUE,TRUE,564.5748411,271.3695184,135.5332541,-179.9084246,-0.53874275,-179.76246,3.103609619,4.021199292,0.925451466,0.089478396,0.778202316,-0.341486425,0.615725325,58.42097396,43.21776695,-76.23673324,-41.32338134,61.92081985,49.66242599,1,1
58.41520596,3,1573821249,AUT,FALSE,TRUE,TRUE,546.8303629,273.9403194,134.0793317,-179.9249486,-0.485335363,-179.7137223,0.743217167,5.37105584,1.94167441,0.422264145,1.082866019,-0.363995047,0.586086269,56.98587799,43.19836235,-79.63463287,-41.37712097,60.29011917,51.61727486,1,1
58.51574993,3,1573821249,AUT,FALSE,TRUE,TRUE,530.1332861,274.7947854,133.5867754,-179.9100803,-0.394668649,-179.6826341,-0.372449039,4.979007058,1.14137412,0.35789863,1.032728898,-0.409039954,0.471677394,55.51710548,43.19164352,-82.88583069,-41.38946411,58.73712273,53.32277526,1,1
58.61637688,3,1573821249,AUT,FALSE,TRUE,TRUE,530.1332861,274.7947854,133.5867754,-179.9100803,-0.394668649,-179.6826341,-0.372449039,4.979007058,1.14137412,0.35789863,1.032728898,-0.409039954,0.471677394,55.51710548,43.19164352,-82.88583069,-41.38946411,58.73712273,53.32277526,1,1
58.71701002,3,1573821249,AUT,FALSE,TRUE,TRUE,516.923307,274.422932,134.1413112,-179.9281773,-0.307670001,-179.6560023,-0.838964524,4.436766158,0.980100828,0.460308343,0.831468076,-0.414270341,0.306645581,54.21405487,43.21423416,-85.49948158,-41.33945434,57.53966789,54.61023559,1,1
58.81748581,3,1573821249,AUT,FALSE,TRUE,TRUE,505.2823313,273.1184378,135.0276327,-179.9121088,-0.233057629,-179.6364813,-1.035347935,5.673003873,1.226594331,0.806980457,0.68692964,-0.456866793,0.101321406,52.98759613,43.21658592,-87.80551529,-41.22524047,56.47296066,55.59799919,1,1
58.91800499,3,1573821249,AUT,FALSE,TRUE,TRUE,495.6406369,271.8573137,135.9095807,-179.9100889,-0.202443509,-179.6290437,-0.840586835,5.629328928,0.939510623,0.898582147,0.553963129,-0.466443919,-0.083537294,51.96830864,43.25236015,-89.68071327,-41.09461853,55.64686775,56.37970047,1,1
65.93015599,4,1573821256,AUT,FALSE,FALSE,TRUE,471.9444761,-400.0032815,169.9692144,-179.993458,-0.013204284,179.9991266,-0.518681296,-0.701219973,3.440383203,-0.173115402,0.367066991,0.150932139,-65.9899601,54.01019325,43.27672233,-78.17986106,-38.56229187,62.86953735,-17.05430374,0.5,1
66.03070283,4,1573821256,AUT,FALSE,TRUE,TRUE,471.83663,-399.8350428,169.3130277,-179.9883086,-0.048343111,179.93453,-0.680897374,-0.307036881,3.196475054,-0.157521718,0.283484894,0.141123916,-65.98945885,54.06464081,43.2744564,-78.17971687,-38.56329162,62.87474213,-17.05989648,1,1
66.13119388,4,1573821256,AUT,FALSE,TRUE,TRUE,471.4917264,-399.9126684,166.9024839,-179.919526,-0.170186695,179.8756933,-0.476204257,0.020164081,2.659804829,-0.182939479,0.192489749,0.077702751,-65.98914299,54.32112007,43.27483063,-78.15667991,-38.73533752,62.86128731,-17.05854721,1,1
66.23169398,4,1573821256,AUT,FALSE,TRUE,TRUE,472.2098126,-401.4192667,164.0266335,-179.9517947,-0.020507403,179.9090379,-0.406541348,0.547192896,2.054699963,-0.216671663,0.041520324,0.045699988,-65.98821259,54.67967949,43.22731819,-77.9818634,-38.94832397,62.58419838,-17.05857124,1,1
66.33227491,4,1573821256,AUT,FALSE,TRUE,TRUE,472.2098126,-401.4192667,164.0266335,-179.9517947,-0.020507403,179.9090379,-0.406541348,0.547192896,2.054699963,-0.216671663,0.041520324,0.045699988,-65.98758774,55.04103355,43.12769966,-77.90125465,-39.17742187,62.3151329,-17.05849571,1,1
66.432796,4,1573821257,AUT,FALSE,TRUE,TRUE,472.1712996,-402.5526336,160.461842,-179.9473672,0.005526123,179.9193167,0.023811348,0.692848092,1.592172245,-0.206801899,-0.066833277,0.022236021,-65.98758774,55.04103355,43.12769966,-77.90125465,-39.17742187,62.3151329,-17.05849571,1,1
66.53327703,4,1573821257,AUT,FALSE,TRUE,TRUE,472.1563846,-403.1110765,156.7090816,-179.9110954,0.041179516,179.8826957,-0.266496277,0.798188134,0.928786567,-0.336128445,-0.174488608,-0.056191075,-65.98744698,55.41394043,43.04421043,-77.87811813,-39.38050415,62.02102203,-17.05812149,1,1
66.63375783,4,1573821257,AUT,FALSE,TRUE,TRUE,473.0734945,-403.4870359,155.1551666,-179.8860637,0.123682263,179.8746045,-1.704850159,0.964804956,0.597553161,-0.277704378,-0.131502014,-0.065756408,-65.94091644,55.64565582,43.04468765,-77.74213486,-39.49578369,61.89997672,-17.05698509,1,1
66.73425198,4,1573821257,AUT,FALSE,TRUE,TRUE,473.0734945,-403.4870359,155.1551666,-179.8860637,0.123682263,179.8746045,-1.704850159,0.964804956,0.597553161,-0.277704378,-0.131502014,-0.065756408,-65.94091644,55.64565582,43.04468765,-77.74213486,-39.49578369,61.89997672,-17.05698509,1,1
66.83471489,4,1573821257,AUT,FALSE,TRUE,TRUE,475.6215916,-403.5986807,154.8450751,-179.8571317,0.193884988,179.8713457,-3.200436631,0.517295527,1.072025049,-0.353170658,-0.176471413,-0.06991756,-65.70897103,55.87406501,43.04930191,-77.34894104,-39.5303247,61.99306869,-17.05150223,1,1
66.93523383,4,1573821257,AUT,FALSE,TRUE,TRUE,479.7565134,-403.977479,155.23608,-179.9318346,0.198085246,179.9240786,-3.452726278,0.164781029,1.955446442,-0.366601313,-0.041634156,-0.113304144,-65.26580315,56.19625625,43.05818023,-76.5950901,-39.61277709,62.33899726,-16.90648957,1,1
67.03626585,4,1573821257,AUT,FALSE,TRUE,TRUE,487.6220089,-403.5257617,155.5322333,-179.9535174,0.220957619,179.9102278,-2.045735012,-0.743403164,1.119424553,-0.366601313,-0.041634156,-0.113304144,-64.40035172,56.80024338,43.06533851,-75.28053817,-39.67027954,62.93694191,-16.73972054,1,1
67.13687086,4,1573821257,AUT,FALSE,TRUE,TRUE,487.6220089,-403.5257617,155.5322333,-179.9535174,0.220957619,179.9102278,-2.045735012,-0.743403164,1.119424553,-0.596153189,-0.281707106,-0.187643285,-64.40035172,56.80024338,43.06533851,-75.28053817,-39.67027954,62.93694191,-16.73972054,1,1
67.23737097,4,1573821257,AUT,FALSE,TRUE,TRUE,495.000078,-403.1034175,155.7559429,-179.9383618,0.246706827,179.9006373,-3.392421698,-0.354290385,1.340489183,-0.629375291,-0.147901478,-0.229598601,-63.58039742,57.37670288,43.05723266,-74.0032402,-39.71991027,63.49563446,-16.6403698,1,1
67.33789682,4,1573821257,AUT,FALSE,TRUE,TRUE,503.4384838,-402.7031591,156.1790802,-179.9519531,0.262915683,179.9077369,-3.674448495,-0.072016393,1.59098914,-0.59389228,0.008852677,-0.236083671,-62.64309883,58.02671585,43.04991989,-72.54365501,-39.78659729,64.15576858,-16.50860939,1,1
67.4383719,4,1573821258,AUT,FALSE,TRUE,TRUE,512.3801619,-402.2725254,156.7635098,-179.9329852,0.280780491,179.9035038,-3.063748134,-0.896356541,0.733056419,-0.801754714,-0.326268353,-0.267311403,-61.61574669,58.74260559,43.04213676,-70.86964073,-39.83724426,64.91416511,-16.44513588,1,1
67.5388999,4,1573821258,AUT,FALSE,TRUE,TRUE,512.3801619,-402.2725254,156.7635098,-179.9329852,0.280780491,179.9035038,-3.063748134,-0.896356541,0.733056419,-0.801754714,-0.326268353,-0.267311403,-60.45711136,59.54779701,43.0289257,-68.91237144,-39.88964355,65.83503914,-16.40621681,1,1
67.63937402,4,1573821258,AUT,FALSE,TRUE,TRUE,522.5342175,-402.0731278,157.8098182,-179.9427937,0.279799309,179.9153973,-2.602377363,-1.053088555,0.825740027,-0.760932568,-0.221166573,-0.223392735,-60.45711136,59.54779701,43.0289257,-68.91237144,-39.88964355,65.83503914,-16.40621681,1,1
67.73985887,4,1573821258,AUT,FALSE,TRUE,TRUE,532.982789,-402.0413852,158.8898808,-179.9720552,0.274084591,179.9240186,-3.464658774,-0.414058445,0.093383438,-0.648740436,-0.246971717,-0.14637038,-59.25018769,60.41531181,43.00387344,-66.77547913,-39.94091674,66.82618789,-16.41046029,1,1
67.84034085,4,1573821258,AUT,FALSE,TRUE,TRUE,543.6812519,-401.7499094,159.6149115,-179.9744381,0.286266221,179.9281303,-2.477924629,-0.193839625,-0.729288405,-0.458453568,-0.347608649,-0.069496578,-57.98300743,61.34525299,42.9835041,-64.55875053,-40.01554138,67.81195678,-16.44994584,1,1
67.94081497,4,1573821258,AUT,FALSE,TRUE,TRUE,554.4972497,-401.0642529,160.0637192,-179.9778432,0.278616295,179.9276532,-1.772643648,-0.999763567,-0.245023952,-0.650875439,-0.471610796,-0.059169755,-56.66388245,62.31708641,42.94874611,-62.26745911,-40.09432434,68.80053062,-16.49070511,1,1
68.04130983,4,1573821258,AUT,FALSE,TRUE,TRUE,554.4972497,-401.0642529,160.0637192,-179.9778432,0.278616295,179.9276532,-1.772643648,-0.999763567,-0.245023952,-0.650875439,-0.471610796,-0.059169755,-56.66388245,62.31708641,42.94874611,-62.26745911,-40.09432434,68.80053062,-16.49070511,1,1
68.14189482,4,1573821258,AUT,FALSE,TRUE,TRUE,564.8343599,-400.1828951,160.1010307,-179.9923951,0.254420895,179.9270565,0.081632296,-1.595372153,-0.172972691,-0.886254354,-0.87681843,-0.048302106,-55.36810341,63.28826751,42.89200172,-60.02475814,-40.17812805,69.76250038,-16.5376339,1,1
68.24238181,4,1573821258,AUT,FALSE,TRUE,TRUE,576.301635,-399.2197994,159.6491779,-179.9823077,0.187845473,179.9335937,-0.585627087,1.158419044,0.865452923,-0.285920414,-0.44373851,0.039971632,-53.88810769,64.43006629,42.78861694,-57.42453117,-40.27964721,70.84489746,-16.66256562,1,1
68.34288192,4,1573821258,AUT,FALSE,TRUE,TRUE,576.301635,-399.2197994,159.6491779,-179.9823077,0.187845473,179.9335937,-0.585627087,1.158419044,0.865452923,-0.285920414,-0.44373851,0.039971632,-53.88810769,64.43006629,42.78861694,-57.42453117,-40.27964721,70.84489746,-16.66256562,1,1
68.44337082,4,1573821259,AUT,FALSE,TRUE,TRUE,583.5784838,-398.285788,159.013324,-179.9817311,0.126039148,179.9122033,1.465411269,1.398558252,0.707785568,-0.392381899,-0.955763376,-0.031540196,-52.88935776,65.21557502,42.70076751,-55.68349342,-40.32012084,71.55495758,-16.76140824,1,1
68.54385591,4,1573821259,AUT,FALSE,TRUE,TRUE,590.1801762,-396.0303197,157.711862,-179.9174763,0.042464982,179.8418845,4.716336396,2.261386691,0.396159451,-0.353102435,-1.204197363,-0.248765959,-51.96400681,65.91396904,42.62173805,-54.24361839,-40.34468078,72.13016739,-16.79499207,1,1
68.64436197,4,1573821259,AUT,FALSE,TRUE,TRUE,590.1801762,-396.0303197,157.711862,-179.9174763,0.042464982,179.8418845,4.716336396,2.261386691,0.396159451,-0.353102435,-1.204197363,-0.248765959,-51.96400681,65.91396904,42.62173805,-54.24361839,-40.34468078,72.13016739,-16.79499207,1,1
68.74487591,4,1573821259,AUT,FALSE,TRUE,TRUE,592.7991011,-392.6158034,156.6524711,-179.9022849,-0.010388083,179.7806066,1.976522841,2.215413116,-0.327269602,-0.584777429,-0.621625133,-0.543610617,-51.54055253,66.1013031,42.61115341,-54.05529556,-40.35290405,72.19450264,-16.52606393,1,1
68.84550285,4,1573821259,AUT,FALSE,TRUE,TRUE,595.3383637,-388.5316066,156.8702268,-179.8385199,-0.002999423,179.7930802,-0.364965031,1.024366857,-0.125177671,-0.736604028,-0.088886654,-0.611645908,-51.17419624,66.07023239,42.61619682,-54.10385856,-40.35294799,72.17966079,-16.17942124,1,1
68.94630694,4,1573821259,AUT,FALSE,TRUE,TRUE,597.9790273,-383.7990545,157.9975818,-179.8731944,-0.011098524,179.8213588,-1.509348705,1.529209706,-0.201144196,-0.50346712,0.186134988,-0.659154253,-50.76201668,65.93583869,42.62196121,-54.20576019,-40.33066772,72.21388321,-15.68290787,1,1
69.04722881,4,1573821259,AUT,FALSE,TRUE,TRUE,600.8161308,-378.074433,159.4795037,-179.8497925,-0.044325394,179.8154943,-1.616265359,0.887012308,0.073575269,-0.533654172,0.299846008,-0.672409014,-50.30083466,65.74883079,42.62756767,-54.35300789,-40.25120361,72.28830871,-15.16954423,1,1
69.14772797,4,1573821259,AUT,FALSE,TRUE,TRUE,600.8161308,-378.074433,159.4795037,-179.8497925,-0.044325394,179.8154943,-1.616265359,0.887012308,0.073575269,-0.533654172,0.299846008,-0.672409014,-50.30083466,65.74883079,42.62756767,-54.35300789,-40.25120361,72.28830871,-15.16954423,1,1
69.24821591,4,1573821259,AUT,FALSE,TRUE,TRUE,603.7018243,-371.9663893,161.0241524,-179.8501625,-0.076053965,179.8300548,-1.10691106,0.66757029,0.920359318,-0.605731714,0.364013722,-0.713198141,-49.82588196,65.53627968,42.64065513,-54.55089569,-40.19714538,72.34091263,-14.57806778,1,1
69.34874487,4,1573821259,AUT,FALSE,TRUE,TRUE,605.9115447,-365.5325957,162.0283926,-179.8536071,-0.148385531,179.8215157,-0.840843339,1.482344765,0.369794819,-0.355956798,0.60125309,-0.681347401,-49.39138985,65.31693763,42.64716796,-54.86755943,-40.1425708,72.34710617,-13.96585465,1,1
69.44921803,4,1573821260,AUT,FALSE,TRUE,TRUE,607.781012,-359.6433064,162.7135871,-179.8736936,-0.169234457,179.8300387,0.257816765,0.670975133,0.355491731,-0.540097321,0.523981892,-0.667540431,-49.01954041,65.0681797,42.65263366,-55.30410804,-40.09720275,72.24261932,-13.3270237,1,1
69.54972601,4,1573821260,AUT,FALSE,TRUE,TRUE,607.781012,-359.6433064,162.7135871,-179.8736936,-0.169234457,179.8300387,0.257816765,0.670975133,0.355491731,-0.540097321,0.523981892,-0.667540431,-48.78400383,64.80619698,42.65528755,-55.84563789,-40.06532592,72.05485954,-12.77813645,1,1
69.6502099,4,1573821260,AUT,FALSE,TRUE,TRUE,608.6811848,-354.4883903,163.0487637,-179.8655405,-0.187719599,179.8417219,0.535949942,0.780309102,-0.020435553,-0.516893049,0.460461164,-0.654496648,-48.78400383,64.80619698,42.65528755,-55.84563789,-40.06532592,72.05485954,-12.77813645,1,1
69.75070596,4,1573821260,AUT,FALSE,TRUE,TRUE,608.9794613,-349.7621371,163.13043,-179.8545635,-0.170531294,179.8473515,-0.112730062,0.918836159,0.256860522,-0.468023424,0.528957829,-0.666151285,-48.64931488,64.51593132,42.66514091,-56.50253791,-40.03194946,71.77314262,-12.25917321,1,1
69.8511939,4,1573821260,AUT,FALSE,TRUE,TRUE,608.9655368,-344.7130037,163.1247295,-179.8609166,-0.164389466,179.8330809,-0.466762635,1.444040159,0.263719755,-0.413686097,0.518083094,-0.688669087,-48.54816513,64.20235404,42.7023983,-57.2516716,-40.00701599,71.47212753,-11.68868409,1,1
69.95172191,4,1573821260,AUT,FALSE,TRUE,TRUE,608.9263875,-339.1294155,163.0850244,-179.8488541,-0.152295936,179.8237923,-0.400167279,1.693679256,0.29522676,-0.400733177,0.440420284,-0.695023155,-48.44283714,63.86309623,42.76400413,-58.07707443,-40.00179199,71.12764778,-11.06118279,1,1
70.05227184,4,1573821260,AUT,FALSE,TRUE,TRUE,608.9263875,-339.1294155,163.0850244,-179.8488541,-0.152295936,179.8237923,-0.400167279,1.693679256,0.29522676,-0.400733177,0.440420284,-0.695023155,-48.44283714,63.86309623,42.76400413,-58.07707443,-40.00179199,71.12764778,-11.06118279,1,1
70.15276003,4,1573821260,AUT,FALSE,TRUE,TRUE,608.9171698,-330.180209,163.1494001,-179.843115,-0.151746932,179.7973011,-0.527388292,2.008682461,0.033244981,-0.30009092,0.474458065,-0.690351252,-48.2419487,63.35140114,42.86635208,-59.30788994,-39.99072875,70.65025749,-10.06214104,1,1
70.25324893,4,1573821260,AUT,FALSE,TRUE,TRUE,608.9171698,-330.180209,163.1494001,-179.843115,-0.151746932,179.7973011,-0.527388292,2.008682461,0.033244981,-0.30009092,0.474458065,-0.690351252,-47.99502411,62.75984916,42.9574974,-60.66829261,-39.98309875,70.12597618,-8.94656525,1,1
70.35374284,4,1573821260,AUT,FALSE,TRUE,TRUE,608.7842905,-317.7759525,163.3663018,-179.8375962,-0.158905549,179.7959136,-0.210303783,2.101695822,-0.073127656,-0.306549279,0.40205293,-0.70487862,-47.99502411,62.75984916,42.9574974,-60.66829261,-39.98309875,70.12597618,-8.94656525,1,1
70.45443892,4,1573821261,AUT,FALSE,TRUE,TRUE,608.5431851,-306.3485303,163.4638872,-179.8524691,-0.147407928,179.8142971,-1.319032584,1.814544539,1.187117111,-0.318777443,0.643823997,-0.676325738,-47.58393288,61.95632286,43.05482597,-62.52505416,-39.95070556,69.36388549,-7.383705144,1,1
70.55498195,4,1573821261,AUT,FALSE,TRUE,TRUE,608.5431851,-306.3485303,163.4638872,-179.8524691,-0.147407928,179.8142971,-1.319032584,1.814544539,1.187117111,-0.318777443,0.643823997,-0.676325738,-47.58393288,61.95632286,43.05482597,-62.52505416,-39.95070556,69.36388549,-7.383705144,1,1
70.65552282,4,1573821261,AUT,FALSE,TRUE,TRUE,608.3036457,-296.1270542,163.4618629,-179.8588466,-0.145490574,179.8139519,-1.687187435,1.779439266,0.198543462,-0.223475745,0.632627427,-0.648008784,-47.24836236,61.38500633,43.09811897,-63.82460976,-39.90006408,68.81937561,-6.258135225,1,1
70.75603104,4,1573821261,AUT,FALSE,TRUE,TRUE,608.2860927,-285.2173348,163.272923,-179.8482566,-0.139467791,179.8180788,-1.727327525,2.109191186,0.419035708,-0.256454471,0.642398715,-0.66517444,-46.83415032,60.83862533,43.14403839,-65.10060653,-39.87054931,68.27094154,-5.0788456,1,1
70.85675502,4,1573821261,AUT,FALSE,TRUE,TRUE,608.5888628,-273.7676528,162.8749548,-179.8539609,-0.131051061,179.809283,-1.495535933,1.528635611,0.589977587,-0.420739297,0.533932772,-0.669341308,-46.33744469,60.34576492,43.19740448,-66.30089721,-39.84919738,67.73281746,-3.831183244,1,1
70.95736384,4,1573821261,AUT,FALSE,TRUE,TRUE,609.3085649,-261.4496714,162.3679815,-179.8551639,-0.124800015,179.7958353,-2.253408081,2.892514916,0.289746964,-0.090989905,0.775444385,-0.642923996,-45.74159775,59.90596504,43.26295166,-67.41379509,-39.84810974,67.22827721,-2.548876194,1,1
71.05811596,4,1573821261,AUT,FALSE,TRUE,TRUE,609.3085649,-261.4496714,162.3679815,-179.8551639,-0.124800015,179.7958353,-2.253408081,2.892514916,0.289746964,-0.090989905,0.775444385,-0.642923996,-45.74159775,59.90596504,43.26295166,-67.41379509,-39.84810974,67.22827721,-2.548876194,1,1
71.15862989,4,1573821261,AUT,FALSE,TRUE,TRUE,610.0545628,-248.8472448,161.7110424,-179.8509845,-0.147009931,179.7961864,-0.959394604,2.380556034,0.829452886,-0.21227176,0.663647151,-0.645445766,-45.04184075,59.48369179,43.30123901,-68.49113503,-39.84893371,66.74913597,-1.194756319,1,1
71.25911283,4,1573821261,AUT,FALSE,TRUE,TRUE,610.8156953,-231.769066,160.3503898,-179.8514667,-0.163702968,179.7862071,-0.459415362,2.419491591,1.053915237,-0.317315023,0.537332842,-0.667085015,-44.07704201,58.96811371,43.32416954,-69.88601418,-39.8521527,66.06633567,0.612020869,1,1
71.35960293,4,1573821261,AUT,FALSE,TRUE,TRUE,610.8156953,-231.769066,160.3503898,-179.8514667,-0.163702968,179.7862071,-0.459415362,2.419491591,1.053915237,-0.317315023,0.537332842,-0.667085015,-43.28288841,58.52255974,43.35381203,-71.11729316,-39.85790405,65.46279144,2.145049663,1,1
71.46013093,4,1573821262,AUT,FALSE,TRUE,TRUE,610.9061764,-217.3200135,159.2660294,-179.8491229,-0.165821623,179.7755054,-0.542745965,3.141424071,0.479456731,-0.163013294,0.526347579,-0.652416498,-43.28288841,58.52255974,43.35381203,-71.11729316,-39.85790405,65.46279144,2.145049663,1,1
71.56064081,4,1573821262,AUT,FALSE,TRUE,TRUE,610.465878,-202.2867139,158.3153755,-179.8411675,-0.16809448,179.7763987,-1.10386423,3.517810288,0.396677884,-0.195724585,0.610957403,-0.655435056,-42.45648651,58.02036094,43.40320244,-72.41326789,-39.88017333,64.84781113,3.7633358,1,1
71.66119885,4,1573821262,AUT,FALSE,TRUE,TRUE,609.7018459,-186.5713519,157.7557246,-179.8608795,-0.166593381,179.7979463,-1.317649861,3.716163257,0.747482368,-0.07325696,0.680588359,-0.633171558,-41.55609513,57.46112594,43.45271301,-73.75253906,-39.89184631,64.22677459,5.4810791,1,1
71.76169682,4,1573821262,AUT,FALSE,TRUE,TRUE,608.8816972,-171.3151408,157.5666819,-179.8434388,-0.147200757,179.804051,-1.637660313,3.231854795,0.800723676,-0.07325696,0.680588359,-0.633171558,-40.67389641,56.92361298,43.5276226,-74.99578971,-39.89157165,63.66116409,7.121104425,1,1
71.86221385,4,1573821262,AUT,FALSE,TRUE,TRUE,608.8816972,-171.3151408,157.5666819,-179.8434388,-0.147200757,179.804051,-1.637660313,3.231854795,0.800723676,-0.162859513,0.692564496,-0.642413662,-40.67389641,56.92361298,43.5276226,-74.99578971,-39.89157165,63.66116409,7.121104425,1,1
71.96269584,4,1573821262,AUT,FALSE,TRUE,TRUE,608.1507693,-154.5234573,157.7643655,-179.8753351,-0.136311909,179.8260919,-1.617515598,2.097330644,0.727212764,-0.433608447,0.606112022,-0.654391525,-39.647715,56.38125915,43.61452789,-76.18028411,-39.89017089,63.15783233,8.9307312,1,1
72.06323099,4,1573821262,AUT,FALSE,TRUE,TRUE,607.8694962,-137.3777487,158.3716137,-179.8647581,-0.121885124,179.8409644,-1.664667541,2.456926449,0.923023019,-0.256354596,0.696193267,-0.656020836,-38.47681961,55.87749824,43.72551727,-77.17323189,-39.88185424,62.782481,10.66100921,1,1
72.16370797,4,1573821262,AUT,FALSE,TRUE,TRUE,607.8694962,-137.3777487,158.3716137,-179.8647581,-0.121885124,179.8409644,-1.664667541,2.456926449,0.923023019,-0.256354596,0.696193267,-0.656020836,-38.47681961,55.87749824,43.72551727,-77.17323189,-39.88185424,62.782481,10.66100921,1,1
72.26426601,4,1573821262,AUT,FALSE,TRUE,TRUE,607.9597919,-122.568256,158.6288885,-179.8732003,-0.135135663,179.8578976,-1.349272234,2.233196002,0.790503414,-0.250145746,0.70011208,-0.62305251,-37.37218552,55.54027633,43.79178886,-77.85996323,-39.87250488,62.52803421,12.20108986,1,1
72.36480784,4,1573821262,AUT,FALSE,TRUE,TRUE,607.9597919,-122.568256,158.6288885,-179.8732003,-0.135135663,179.8578976,-1.349272234,2.233196002,0.790503414,-0.250145746,0.70011208,-0.62305251,-37.37218552,55.54027633,43.79178886,-77.85996323,-39.87250488,62.52803421,12.20108986,1,1
72.46543598,4,1573821263,AUT,FALSE,TRUE,TRUE,608.7835719,-101.6964931,158.3082685,-179.8627914,-0.126245023,179.8589106,-2.651695783,3.737245491,0.937053907,0.049242639,0.945602589,-0.658552911,-35.96357346,55.26837844,43.81833801,-78.47987709,-39.86998901,62.18443679,14.32490501,1,1
72.56608701,4,1573821263,AUT,FALSE,TRUE,TRUE,608.7835719,-101.6964931,158.3082685,-179.8627914,-0.126245023,179.8589106,-2.651695783,3.737245491,0.937053907,0.049242639,0.945602589,-0.658552911,-35.96357346,55.26837844,43.81833801,-78.47987709,-39.86998901,62.18443679,14.32490501,1,1
72.66667986,4,1573821263,AUT,FALSE,TRUE,TRUE,611.0696754,-83.93627018,158.0394354,-179.8715005,-0.103226092,179.8643252,-1.901657589,1.904271935,1.331490479,-0.512062289,0.638807887,-0.641511033,-34.05022202,55.19067764,43.81223373,-78.70406341,-39.88014038,62.08030357,16.05449638,1,1
72.76745296,4,1573821263,AUT,FALSE,TRUE,TRUE,611.0696754,-83.93627018,158.0394354,-179.8715005,-0.103226092,179.8643252,-1.901657589,1.904271935,1.331490479,-0.512062289,0.638807887,-0.641511033,-32.87662812,55.27506981,43.77710838,-78.54627914,-39.96867919,62.028479,17.17108841,1,1
72.86800385,4,1573821263,AUT,FALSE,TRUE,TRUE,613.7637465,-70.73399049,157.6976347,-179.9023825,0.039283096,179.9131018,-2.626246306,1.887536054,1.097694974,-0.456697517,0.314253299,-0.472016835,-32.87662812,55.27506981,43.77710838,-78.54627914,-39.96867919,62.028479,17.17108841,1,1
72.96849585,4,1573821263,AUT,FALSE,TRUE,TRUE,618.858814,-65.91099523,157.411944,-179.9523268,0.087639733,179.9707937,-3.504594044,0.635650086,0.842706093,-0.639499761,0.15673765,-0.3454377,-31.79583779,55.66613159,43.59442978,-77.66347961,-39.99375,62.27634429,17.66564483,1,1
73.06900191,4,1573821263,AUT,FALSE,TRUE,TRUE,618.858814,-65.91099523,157.411944,-179.9523268,0.087639733,179.9707937,-3.504594044,0.635650086,0.842706093,-0.639499761,0.15673765,-0.3454377,-31.79583779,55.66613159,43.59442978,-77.66347961,-39.99375,62.27634429,17.66564483,1,1
73.16948295,4,1573821263,AUT,FALSE,TRUE,TRUE,624.9698284,-65.87334281,157.8857501,-179.9627439,0.121874565,179.9812329,-3.275775751,1.057701701,0.559550409,-0.687612012,0.079639723,-0.16765467,-31.27277527,56.24415321,43.51288376,-76.31804924,-40.01400878,62.86146583,17.38533554,1,1
73.27004886,4,1573821263,AUT,FALSE,TRUE,TRUE,632.6750869,-68.30228078,158.9653846,-179.9756652,0.151966487,179.9652922,-3.270318389,1.573864118,1.131554941,-0.710040394,0.04133389,-0.198690481,-30.85369149,57.01280823,43.50862312,-74.47192383,-40.05322998,63.72529678,16.75643005,1,1
73.37053394,4,1573821264,AUT,FALSE,TRUE,TRUE,632.6750869,-68.30228078,158.9653846,-179.9756652,0.151966487,179.9652922,-3.270318389,1.573864118,1.131554941,-0.710040394,0.04133389,-0.198690481,-30.85369149,57.01280823,43.50862312,-74.47192383,-40.05322998,63.72529678,16.75643005,1,1
73.47103381,4,1573821264,AUT,FALSE,TRUE,TRUE,643.437747,-72.81092195,160.8527349,-179.949433,0.149379087,179.9486839,-2.55500828,2.951643416,0.587046901,-0.348298172,-0.034032436,-0.202328848,-30.43227997,57.90727043,43.50602417,-71.78825226,-40.0865625,65.03842048,15.6914875,1,1
73.57156491,4,1573821264,AUT,FALSE,TRUE,TRUE,643.437747,-72.81092195,160.8527349,-179.949433,0.149379087,179.9486839,-2.55500828,2.951643416,0.587046901,-0.348298172,-0.034032436,-0.202328848,-30.43227997,57.90727043,43.50602417,-71.78825226,-40.0865625,65.03842048,15.6914875,1,1
73.67204785,4,1573821264,AUT,FALSE,TRUE,TRUE,652.7773653,-75.43895919,162.4667901,-179.9420852,0.153587359,179.914398,-3.001251679,3.375730812,1.224757189,-0.405998617,-0.052239896,-0.259087277,-29.77197762,59.04447212,43.50534439,-69.41574096,-40.10405273,66.18898429,14.86436119,1,1
73.77253485,4,1573821264,AUT,FALSE,TRUE,TRUE,652.7773653,-75.43895919,162.4667901,-179.9420852,0.153587359,179.914398,-3.001251679,3.375730812,1.224757189,-0.405998617,-0.052239896,-0.259087277,-29.77197762,59.04447212,43.50534439,-69.41574096,-40.10405273,66.18898429,14.86436119,1,1
73.87302303,4,1573821264,AUT,FALSE,TRUE,TRUE,664.1059914,-76.41458028,163.8212205,-179.9586091,0.197075277,179.8951423,-4.591596889,4.547235791,1.048578669,-0.37746743,0.022285928,-0.21326928,-28.86434556,60.24541168,43.49150848,-66.52874679,-40.19422851,67.45114174,14.10978241,1,1
73.97349787,4,1573821264,AUT,FALSE,TRUE,TRUE,673.7172091,-76.04763064,164.708765,-179.9596557,0.210093267,179.9015491,-4.031318017,2.819544246,0.290652284,-0.427382736,-0.023460335,-0.178715303,-27.93050423,61.28845711,43.40807762,-63.94888229,-40.23870117,68.5762928,13.52065773,1,1
74.07401299,4,1573821264,AUT,FALSE,TRUE,TRUE,673.7172091,-76.04763064,164.708765,-179.9596557,0.210093267,179.9015491,-4.031318017,2.819544246,0.290652284,-0.427382736,-0.023460335,-0.178715303,-27.93050423,61.28845711,43.40807762,-63.94888229,-40.23870117,68.5762928,13.52065773,1,1
74.17452097,4,1573821264,AUT,FALSE,TRUE,TRUE,683.6168046,-75.30990522,165.4818287,-179.956129,0.209592061,179.9073163,-3.725903385,3.144319013,-0.4162151,-0.455846841,-0.0230122,-0.168270093,-26.86018524,62.39262084,43.28581352,-61.25257301,-40.26369506,69.74137916,12.88822631,1,1
74.27505088,4,1573821264,AUT,FALSE,TRUE,TRUE,692.8177501,-74.0891818,165.6847866,-179.9602848,0.194390533,179.9021949,-2.832378953,3.519783032,0.909064905,-0.234525597,-0.041590391,-0.134214873,-25.79012375,63.48662567,43.15323944,-58.65158386,-40.28332763,70.80834388,12.31239852,1,1
74.37560987,4,1573821265,AUT,FALSE,TRUE,TRUE,692.8177501,-74.0891818,165.6847866,-179.9602848,0.194390533,179.9021949,-2.832378953,3.519783032,0.909064905,-0.234525597,-0.041590391,-0.134214873,-25.79012375,63.48662567,43.15323944,-58.65158386,-40.28332763,70.80834388,12.31239852,1,1
74.47618985,4,1573821265,AUT,FALSE,TRUE,TRUE,700.6941432,-71.44995129,164.8005316,-179.9484141,0.136931673,179.8711775,-1.512651193,4.273132161,0.320452291,-0.241691991,-0.290742608,-0.169279981,-24.76277161,64.50466003,43.0321701,-56.38992119,-40.31269958,71.69678764,11.90128669,1,1
74.57680583,4,1573821265,AUT,FALSE,TRUE,TRUE,707.7939087,-62.83688696,162.0540094,-179.8848255,0.036338307,179.7527646,0.889147545,5.703294625,0.578589271,-0.244850121,-0.334470909,-0.567937353,-23.41619454,65.61514778,43.00040931,-54.32672653,-40.40302917,72.43200302,11.96942939,1,1
74.67751098,4,1573821265,AUT,FALSE,TRUE,TRUE,707.7939087,-62.83688696,162.0540094,-179.8848255,0.036338307,179.7527646,0.889147545,5.703294625,0.578589271,-0.244850121,-0.334470909,-0.567937353,-23.41619454,65.61514778,43.00040931,-54.32672653,-40.40302917,72.43200302,11.96942939,1,1
74.77801394,4,1573821265,AUT,FALSE,TRUE,TRUE,711.7646801,-50.42775312,159.0757938,-179.8293524,0.021940354,179.7216257,-0.336612816,6.851420803,-0.03728248,-0.035129602,-0.240002625,-0.658236809,-22.08412629,66.27516518,42.98647041,-53.39540176,-40.564682,72.59307632,12.69842033,1,1
74.87847686,4,1573821265,AUT,FALSE,TRUE,TRUE,714.2647282,-36.19976487,157.5992531,-179.8601597,0.03199506,179.7340429,-0.414100458,4.225989594,-0.30790317,-0.680774571,-0.468942939,-0.660096079,-20.75506554,66.60516014,42.95595932,-52.91214409,-40.64815612,72.66293907,13.77588386,1,1
74.97898483,4,1573821265,AUT,FALSE,TRUE,TRUE,715.6582658,-20.9536251,157.7088792,-179.8494296,0.011580365,179.7577776,0.415846173,3.422637659,-0.252479829,-0.730721798,-0.559757565,-0.663470939,-19.43681946,66.71474876,42.93658218,-52.63650054,-40.65786804,72.79337425,14.90529556,1,1
75.07946587,4,1573821265,AUT,FALSE,TRUE,TRUE,716.1487456,-6.034614375,158.2864973,-179.8613654,0.004051281,179.7866681,0.496528108,2.082130111,0.182108835,-0.845363039,-0.558400859,-0.62921575,-18.21073838,66.70146904,42.93280906,-52.55437431,-40.6574945,72.87502327,16.10087585,1,1
75.17993689,4,1573821265,AUT,FALSE,TRUE,TRUE,716.1487456,-6.034614375,158.2864973,-179.8613654,0.004051281,179.7866681,0.496528108,2.082130111,0.182108835,-0.845363039,-0.558400859,-0.62921575,-18.21073838,66.70146904,42.93280906,-52.55437431,-40.6574945,72.87502327,16.10087585,1,1
75.28042102,4,1573821265,AUT,FALSE,TRUE,TRUE,716.0938567,7.98037138,158.9687893,-179.8600911,0.000849091,179.8217543,-0.889398641,2.575686599,0.325233745,-0.645255066,-0.227627398,-0.616573114,-17.05436211,66.64407578,42.93007621,-52.55395889,-40.65622009,72.93157196,17.23784065,1,1
75.38090181,4,1573821266,AUT,FALSE,TRUE,TRUE,715.7647687,20.91208003,159.6341779,-179.866474,-0.009133943,179.8410059,-1.509000527,2.937730032,0.734529612,-0.679665445,-0.136567956,-0.665838638,-16.00971337,66.58668937,42.93017234,-52.55438804,-40.64295959,72.99147491,18.27380333,1,1
75.48139095,4,1573821266,AUT,FALSE,TRUE,TRUE,715.2465451,32.77069792,159.9516783,-179.8393642,-0.026163673,179.8452772,-1.599033347,2.700410577,0.803113865,-0.722051089,-0.043294147,-0.749389973,-15.06372872,66.55826912,42.92911491,-52.55462494,-40.62429382,73.0275032,19.19244232,1,1
75.5819149,4,1573821266,AUT,FALSE,TRUE,TRUE,715.2465451,32.77069792,159.9516783,-179.8393642,-0.026163673,179.8452772,-1.599033347,2.700410577,0.803113865,-0.722051089,-0.043294147,-0.749389973,-15.06372872,66.55826912,42.92911491,-52.55462494,-40.62429382,73.0275032,19.19244232,1,1
75.68239093,4,1573821266,AUT,FALSE,TRUE,TRUE,714.4571989,46.2083304,159.9753439,-179.8358485,-0.039842166,179.8499458,-1.757105016,3.436612917,0.708040571,-0.61172969,0.021256079,-0.761833559,-13.98087159,66.55460243,42.92719917,-52.55529785,-40.62105834,73.04104385,20.26629066,1,1
75.78287482,4,1573821266,AUT,FALSE,TRUE,TRUE,713.6978718,56.06673085,159.9409345,-179.851818,-0.055638639,179.8582316,-1.878877433,4.625669519,0.744796972,-0.298357107,0.145282341,-0.721936376,-13.17591706,66.55584182,42.92273254,-52.55584373,-40.62122314,73.05222244,21.08196373,1,1
75.8833499,4,1573821266,AUT,FALSE,TRUE,TRUE,713.6978718,56.06673085,159.9409345,-179.851818,-0.055638639,179.8582316,-1.878877433,4.625669519,0.744796972,-0.298357107,0.145282341,-0.721936376,-12.44293328,66.55614051,42.91171531,-52.56440277,-40.62167358,73.09357223,21.82349281,1,1
75.98383284,4,1573821266,AUT,FALSE,TRUE,TRUE,712.7225742,64.98355826,159.8490325,-179.8640618,-0.107009779,179.888204,-1.06319895,3.033086494,0.655685456,-0.594074255,0.195177238,-0.632801892,-12.44293328,66.55614051,42.91171531,-52.56440277,-40.62167358,73.09357223,21.82349281,1,1
76.08434296,4,1573821266,AUT,FALSE,TRUE,TRUE,711.4772021,71.6655079,159.5391505,-179.8974201,-0.193873108,179.9397538,0.608314989,1.949329052,0.115243858,-0.631554767,0.274217394,-0.516227171,-11.89635315,66.54027214,42.88687248,-52.64586639,-40.62220092,73.12777404,22.43770752,1,1
76.18483686,4,1573821266,AUT,FALSE,TRUE,TRUE,709.4850345,75.44266988,159.2736778,-179.8824204,-0.336743447,-179.9982958,1.403403561,2.555634406,0.119218924,-0.631554767,0.274217394,-0.516227171,-11.64691887,66.42465477,42.87672043,-52.96915283,-40.61426879,73.12497253,22.85780411,1,1
76.28541899,4,1573821266,AUT,FALSE,TRUE,TRUE,709.4850345,75.44266988,159.2736778,-179.8824204,-0.336743447,-179.9982958,1.403403561,2.555634406,0.119218924,-0.390167196,0.59766055,-0.522545606,-11.64691887,66.42465477,42.87672043,-52.96915283,-40.61426879,73.12497253,22.85780411,1,1
76.38601995,4,1573821267,AUT,FALSE,TRUE,TRUE,704.7873246,79.55777452,158.5055069,-179.8762942,-0.442050366,-179.9828026,3.423209836,4.191320748,0.586039841,0.081779271,0.657560525,-0.521295999,-11.65862274,65.98078994,42.87812118,-54.16994819,-40.55650268,72.69140739,23.56826591,1,1
76.48659897,4,1573821267,AUT,FALSE,TRUE,TRUE,698.6098431,84.60258997,157.2980156,-179.8981423,-0.450197855,-179.9627051,2.668071084,3.566162098,0.432834774,0.068043952,0.750655346,-0.464826249,-11.73590469,65.35782051,42.87911339,-55.86923446,-40.53816101,71.91216087,24.57037353,1,1
76.5872519,4,1573821267,AUT,FALSE,TRUE,TRUE,698.6098431,84.60258997,157.2980156,-179.8981423,-0.450197855,-179.9627051,2.668071084,3.566162098,0.432834774,0.068043952,0.750655346,-0.464826249,-11.73590469,65.35782051,42.87911339,-55.86923446,-40.53816101,71.91216087,24.57037353,1,1
76.68773699,4,1573821267,AUT,FALSE,TRUE,TRUE,686.2297907,91.99330451,155.7321651,-179.9185195,-0.442442402,-179.8870182,1.587279312,2.624891916,0.402847687,0.124712361,0.761341112,-0.315839616,-11.96330453,64.29531898,42.87901039,-58.6220993,-40.51847351,70.42076683,26.34469986,1,1
76.78820992,4,1573821267,AUT,FALSE,TRUE,TRUE,676.1749452,95.41366088,154.9977986,-179.919922,-0.470038225,-179.8559815,2.131899026,2.8944619,1.133552681,0.312202464,0.691290349,-0.346339218,-12.46492653,62.93044624,42.88032875,-61.9224781,-40.42185424,69.29291725,27.50531273,1,1
76.8886869,4,1573821267,AUT,FALSE,TRUE,TRUE,676.1749452,95.41366088,154.9977986,-179.919922,-0.470038225,-179.8559815,2.131899026,2.8944619,1.133552681,0.312202464,0.691290349,-0.346339218,-12.46492653,62.93044624,42.88032875,-61.9224781,-40.42185424,69.29291725,27.50531273,1,1
76.989182,4,1573821267,AUT,FALSE,TRUE,TRUE,665.0991144,98.08037958,153.6497377,-179.9142087,-0.452724352,-179.8381966,1.332721041,3.715191588,1.222633454,0.471070622,0.677864316,-0.388425662,-12.99802437,61.77016639,42.88659096,-64.8075222,-40.37099304,67.96247978,28.69397163,1,1
77.089674,4,1573821267,AUT,FALSE,TRUE,TRUE,653.5017145,100.33129,151.9197004,-179.8871985,-0.411558301,-179.8271242,-0.465679352,3.436394048,0.522455014,0.41131318,0.863247784,-0.419830547,-13.57066613,60.59013862,42.89576454,-67.7757843,-40.35472229,66.53546562,29.86777153,1,1
77.19020987,4,1573821267,AUT,FALSE,TRUE,TRUE,653.5017145,100.33129,151.9197004,-179.8871985,-0.411558301,-179.8271242,-0.465679352,3.436394048,0.522455014,0.41131318,0.863247784,-0.419830547,-13.57066613,60.59013862,42.89576454,-67.7757843,-40.35472229,66.53546562,29.86777153,1,1
77.290694,4,1573821267,AUT,FALSE,TRUE,TRUE,635.3286935,103.2157642,149.2540217,-179.8776605,-0.353528284,-179.8440616,-0.912180049,4.899839222,1.430588141,0.597214,0.797973845,-0.561061249,-14.29584618,59.1078701,42.91563263,-72.19376106,-40.3281958,64.36102753,31.61660614,1,1
77.39117098,4,1573821268,AUT,FALSE,TRUE,TRUE,635.3286935,103.2157642,149.2540217,-179.8776605,-0.353528284,-179.8440616,-0.912180049,4.899839222,1.430588141,0.597214,0.797973845,-0.561061249,-14.29584618,59.1078701,42.91563263,-72.19376106,-40.3281958,64.36102753,31.61660614,1,1
77.49164391,4,1573821268,AUT,FALSE,TRUE,TRUE,621.4243769,107.2850538,146.4924997,-179.8410598,-0.312465699,-179.9570812,-3.816070807,7.118937714,3.479250009,0.64881012,1.235332971,-0.826487915,-14.86385994,57.58183479,42.92739143,-75.43479309,-40.32542724,62.68802261,33.00238037,1,1
77.59211493,4,1573821268,AUT,FALSE,TRUE,TRUE,621.4243769,107.2850538,146.4924997,-179.8410598,-0.312465699,-179.9570812,-3.816070807,7.118937714,3.479250009,0.64881012,1.235332971,-0.826487915,-14.86385994,57.58183479,42.92739143,-75.43479309,-40.32542724,62.68802261,33.00238037,1,1
77.69259191,4,1573821268,AUT,FALSE,TRUE,TRUE,607.9920696,117.2316908,141.406366,-179.8129463,-0.215423768,179.9391937,-6.296178952,7.319086787,3.167286199,0.074093575,1.70604851,-0.961740781,-14.62051621,56.75770912,42.92664299,-78.23875122,-40.54872436,60.96296997,34.9311779,1,1
77.79306793,4,1573821268,AUT,FALSE,TRUE,TRUE,607.9920696,117.2316908,141.406366,-179.8129463,-0.215423768,179.9391937,-6.296178952,7.319086787,3.167286199,0.074093575,1.70604851,-0.961740781,-14.62051621,56.75770912,42.92664299,-78.23875122,-40.54872436,60.96296997,34.9311779,1,1
77.89354587,4,1573821268,AUT,FALSE,TRUE,TRUE,602.8585507,132.9235925,138.5936393,-179.7967502,-0.116159463,179.8910957,-3.999200937,7.307884251,1.932697296,0.010004716,1.001045951,-0.993970052,-13.30267868,56.77486153,42.92152061,-78.83609504,-40.78183776,60.37616958,36.69001693,1,1
77.99411893,4,1573821268,AUT,FALSE,TRUE,TRUE,602.8585507,132.9235925,138.5936393,-179.7967502,-0.116159463,179.8910957,-3.999200937,7.307884251,1.932697296,0.010004716,1.001045951,-0.993970052,-11.92172814,57.02613601,42.92337799,-78.27127761,-40.81273132,60.58553466,37.80889893,1,1
78.09461188,4,1573821268,AUT,FALSE,TRUE,TRUE,602.4035202,146.9269978,138.7330633,-179.7878687,-0.07938435,179.8771904,-2.455081721,7.110972179,2.003304847,-0.209872005,0.544943429,-1.031928903,-11.92172814,57.02613601,42.92337799,-78.27127761,-40.81273132,60.58553466,37.80889893,1,1
78.19509196,4,1573821268,AUT,FALSE,TRUE,TRUE,602.5600962,162.0813498,139.8512873,-179.808677,-0.039568344,179.9163716,-2.145964782,5.470512027,1.252274898,-0.291062341,0.374445653,-0.967069794,-10.32229729,57.31121749,42.92417793,-77.43988724,-40.81662597,61.04607811,38.95653076,1,1
78.29616094,4,1573821268,AUT,FALSE,TRUE,TRUE,602.5600962,162.0813498,139.8512873,-179.808677,-0.039568344,179.9163716,-2.145964782,5.470512027,1.252274898,-0.291062341,0.374445653,-0.967069794,-10.32229729,57.31121749,42.92417793,-77.43988724,-40.81662597,61.04607811,38.95653076,1,1
78.39692092,4,1573821269,AUT,FALSE,TRUE,TRUE,603.2898471,178.601342,141.4922431,-179.8172968,-0.028637165,179.9269508,-2.180193643,6.017381108,2.082643248,-0.077650671,0.330077865,-0.951982642,-8.536335756,57.70609703,42.93409996,-76.24389839,-40.76436401,61.69529114,40.03748245,1,1
78.4976449,4,1573821269,AUT,FALSE,TRUE,TRUE,604.2163535,194.4463848,142.4451594,-179.795151,-0.023303759,179.9273519,-1.576697897,6.874265894,1.949408604,0.129220955,0.196579047,-0.977942132,-6.7533268,58.22558555,42.93671951,-74.91114693,-40.74747253,62.3399517,40.99636574,1,1
78.5981369,4,1573821269,AUT,FALSE,TRUE,TRUE,604.2163535,194.4463848,142.4451594,-179.795151,-0.023303759,179.9273519,-1.576697897,6.874265894,1.949408604,0.129220955,0.196579047,-0.977942132,-6.7533268,58.22558555,42.93671951,-74.91114693,-40.74747253,62.3399517,40.99636574,1,1
78.69860291,4,1573821269,AUT,FALSE,TRUE,TRUE,604.1602611,211.5578383,142.7145603,-179.7945109,-0.052329924,179.8878888,-1.002266806,6.637291335,1.108285063,-0.111727392,0.179049853,-1.055669589,-4.941519931,58.80359344,42.95003013,-73.61854362,-40.7437207,62.92773056,42.06180267,1,1
78.79906487,4,1573821269,AUT,FALSE,TRUE,TRUE,604.1602611,211.5578383,142.7145603,-179.7945109,-0.052329924,179.8878888,-1.002266806,6.637291335,1.108285063,-0.111727392,0.179049853,-1.055669589,-4.941519931,58.80359344,42.95003013,-73.61854362,-40.7437207,62.92773056,42.06180267,1,1
78.89955497,4,1573821269,AUT,FALSE,TRUE,TRUE,600.9648908,235.4392019,142.7792584,-179.8466709,-0.168901202,179.9332819,1.903711588,3.185156998,0.517106127,-0.613171523,-0.024590565,-0.849707641,-2.900177769,59.43239593,42.95396118,-72.21909141,-40.75048828,63.6575798,43.82997322,1,1
79.00003481,4,1573821269,AUT,FALSE,TRUE,TRUE,600.9648908,235.4392019,142.7792584,-179.8466709,-0.168901202,179.9332819,1.903711588,3.185156998,0.517106127,-0.613171523,-0.024590565,-0.849707641,-2.900177769,59.43239593,42.95396118,-72.21909141,-40.75048828,63.6575798,43.82997322,1,1
79.10051894,4,1573821269,AUT,FALSE,TRUE,TRUE,592.2398526,255.4613693,142.4255247,-179.8744318,-0.309707502,-179.9033862,2.895929439,2.23258219,0.584253181,-0.285561488,0.375723572,-0.495943372,-0.712998963,59.55266189,42.95031166,-72.12086334,-40.78638061,63.87143898,45.83316193,1,1
79.20098281,4,1573821269,AUT,FALSE,TRUE,TRUE,592.2398526,255.4613693,142.4255247,-179.8744318,-0.309707502,-179.9033862,2.895929439,2.23258219,0.584253181,-0.285561488,0.375723572,-0.495943372,-0.712998963,59.55266189,42.95031166,-72.12086334,-40.78638061,63.87143898,45.83316193,1,1
79.30145001,4,1573821269,AUT,FALSE,TRUE,TRUE,579.8236127,267.3161588,141.9308955,-179.9098849,-0.396384314,-179.7958592,4.069784899,1.791020034,-0.293922094,-0.212511008,0.492736923,-0.407300068,0.508701319,59.10100364,42.95582542,-73.13637084,-40.77965148,63.55320625,47.37574539,1,1
79.40195584,4,1573821270,AUT,FALSE,TRUE,TRUE,579.8236127,267.3161588,141.9308955,-179.9098849,-0.396384314,-179.7958592,4.069784899,1.791020034,-0.293922094,-0.212511008,0.492736923,-0.407300068,0.508701319,59.10100364,42.95582542,-73.13637084,-40.77965148,63.55320625,47.37574539,1,1
79.50244403,4,1573821270,AUT,FALSE,TRUE,TRUE,564.2478709,270.9426241,141.4399406,-179.9050357,-0.385158873,-179.7035606,2.309688078,2.592697625,-0.367552466,0.181187325,0.507070457,-0.391826289,0.754784769,57.93273811,42.95826988,-75.80464439,-40.74245178,62.09516944,49.42767219,1,1
79.6029079,4,1573821270,AUT,FALSE,TRUE,TRUE,550.3120726,270.9141588,141.0198012,-179.8796447,-0.390356679,-179.6802533,1.355895702,3.898995968,0.059857476,0.446341545,0.641787472,-0.508872816,0.456667325,56.36036796,42.95626488,-79.25449219,-40.63946594,60.79733734,50.71503982,1,1
79.703408,4,1573821270,AUT,FALSE,TRUE,TRUE,550.3120726,270.9141588,141.0198012,-179.8796447,-0.390356679,-179.6802533,1.355895702,3.898995968,0.059857476,0.446341545,0.641787472,-0.508872816,0.456667325,56.36036796,42.95626488,-79.25449219,-40.63946594,60.79733734,50.71503982,1,1
79.80386901,4,1573821270,AUT,FALSE,TRUE,TRUE,534.1829833,270.7489868,139.760551,-179.8927448,-0.353918123,-179.6740802,0.248040881,5.132463057,0.603444078,0.783258133,0.608893273,-0.455165228,0.192257306,54.92344894,42.96017189,-82.51892166,-40.61843261,59.20151138,52.27795829,1,1
79.90441585,4,1573821270,AUT,FALSE,TRUE,TRUE,521.6159382,270.359928,138.74176,-179.8858635,-0.318352998,-179.6692419,-0.22649712,5.587688927,1.892587091,0.82491668,0.77177956,-0.503070209,0.018522263,53.84115143,42.95787506,-84.97674522,-40.62050903,57.97259101,53.46038589,1,1
80.00489998,4,1573821270,AUT,FALSE,TRUE,TRUE,521.6159382,270.359928,138.74176,-179.8858635,-0.318352998,-179.6692419,-0.22649712,5.587688927,1.892587091,0.82491668,0.77177956,-0.503070209,0.018522263,53.84115143,42.95787506,-84.97674522,-40.62050903,57.97259101,53.46038589,1,1
80.10543585,4,1573821270,AUT,FALSE,TRUE,TRUE,510.0084431,270.1040146,137.661497,-179.8875033,-0.302015128,-179.6793045,-0.712190941,5.834196066,1.732651175,0.841226237,0.774476972,-0.546861969,-0.097819525,52.87288169,42.95819778,-87.18635673,-40.62081115,56.84617309,54.54844779,1,1
80.20629692,4,1573821270,AUT,FALSE,TRUE,TRUE,496.9746464,270.2603691,136.2474756,-179.8930433,-0.279021362,-179.6881836,-0.44278922,5.728296985,2.192915097,0.724964949,0.934440956,-0.556951859,-0.126459506,52.05001945,42.95588722,-89.58152733,-40.6574945,55.59232063,55.83184318,1,1
87.70475292,5,1573821278,AUT,FALSE,FALSE,TRUE,471.8993121,-400.0399744,169.9465379,-179.9975408,-0.017086414,-179.9996838,-0.302037786,-0.581080952,4.491625507,-0.262165885,0.4202727,0.065315304,-65.81987801,53.88014603,42.93652038,-78.18079491,-38.25140075,62.75101204,-17.22202721,0.5,1
87.80559897,5,1573821278,AUT,FALSE,TRUE,TRUE,471.7252533,-399.7853447,168.9580944,-179.9962857,-0.073191754,179.9051687,-0.392369049,-0.331547375,4.213650287,-0.350218703,0.319043308,0.025469255,-65.81893044,53.96410904,42.93315925,-78.18122749,-38.2548944,62.76141128,-17.22190361,1,1
87.90642786,5,1573821278,AUT,FALSE,TRUE,TRUE,472.1220946,-400.1794208,164.7809202,-179.8693357,0.004351906,179.9007111,-0.437323565,0.00251244,2.893117969,-0.379766987,0.196371948,-0.068942142,-65.81894761,54.37179794,42.92151374,-78.17639694,-38.55610107,62.41407165,-17.21762581,1,1
88.00726891,5,1573821278,AUT,FALSE,TRUE,TRUE,471.5049034,-401.8112719,158.1946306,-179.8815699,-0.002015595,179.882708,-1.232301998,0.630585936,2.303787003,-0.313629404,0.218486456,-0.088867838,-65.81881028,54.97364273,42.68936576,-78.13547973,-38.88388916,61.92195625,-17.21653061,1,1
88.1078229,5,1573821278,AUT,FALSE,TRUE,TRUE,471.3005649,-403.9262506,152.8961388,-179.9323279,0.034634396,179.90746,-0.613117371,0.867737397,1.198474992,-0.33585421,-0.042274679,-0.052091829,-65.81995354,55.52236519,42.49160499,-77.97297478,-39.20269042,61.52546997,-17.21764298,1,1
88.208323,5,1573821278,AUT,FALSE,TRUE,TRUE,471.3005649,-403.9262506,152.8961388,-179.9323279,0.034634396,179.90746,-0.613117371,0.867737397,1.198474992,-0.33585421,-0.042274679,-0.052091829,-65.81995354,55.52236519,42.49160499,-77.97297478,-39.20269042,61.52546997,-17.21764298,1,1
88.30887485,5,1573821278,AUT,FALSE,TRUE,TRUE,471.9658345,-405.0402746,149.3078432,-179.900147,0.077939578,179.8865945,-1.128747418,1.212292437,1.367942706,-0.268823916,-0.100433335,-0.108758071,-65.80042534,56.00028763,42.48004531,-77.75475883,-39.48652221,61.34259224,-17.21761551,1,1
88.40936494,5,1573821279,AUT,FALSE,TRUE,TRUE,474.92076,-405.1197855,146.6556793,-179.9632422,0.187004852,179.8582573,-2.227010189,0.366669879,0.885844871,-0.621185962,-0.319875451,-0.279868308,-65.54429284,56.49018173,42.48092079,-77.3176506,-39.67635498,61.26634025,-17.04150811,1,1
88.50988293,5,1573821279,AUT,FALSE,TRUE,TRUE,474.92076,-405.1197855,146.6556793,-179.9632422,0.187004852,179.8582573,-2.227010189,0.366669879,0.885844871,-0.621185962,-0.319875451,-0.279868308,-65.54429284,56.49018173,42.48092079,-77.3176506,-39.67635498,61.26634025,-17.04150811,1,1
88.61036801,5,1573821279,AUT,FALSE,TRUE,TRUE,479.6828859,-403.9461858,145.7216371,-179.9153006,0.23633637,179.8728915,-3.688278318,-0.236324979,1.854725594,-0.560763718,-0.073349371,-0.237657324,-65.03085023,56.87213859,42.49703636,-76.72397346,-39.8127777,61.42644195,-16.83599167,1,1
88.71085286,5,1573821279,AUT,FALSE,TRUE,TRUE,489.6263418,-401.5759293,146.0350457,-179.9270232,0.285877386,179.9048228,-4.846620116,-0.926074976,1.469481579,-0.61899016,0.089852452,-0.211778099,-63.93061066,57.47331047,42.4956459,-75.38515892,-39.88391418,61.98506241,-16.42208176,1,1
88.81133389,5,1573821279,AUT,FALSE,TRUE,TRUE,489.6263418,-401.5759293,146.0350457,-179.9270232,0.285877386,179.9048228,-4.846620116,-0.926074976,1.469481579,-0.61899016,0.089852452,-0.211778099,-63.93061066,57.47331047,42.4956459,-75.38515892,-39.88391418,61.98506241,-16.42208176,1,1
88.91186595,5,1573821279,AUT,FALSE,TRUE,TRUE,499.9237061,-400.3703145,147.5029927,-179.9357323,0.281171542,179.93518,-4.201378788,-1.486914184,2.43106454,-0.801454299,0.073964899,-0.222933368,-62.72804718,58.12854194,42.48887558,-73.68158454,-39.88802307,62.83939704,-16.20322037,1,1
89.01234388,5,1573821279,AUT,FALSE,TRUE,TRUE,511.4327916,-399.8887802,148.9136718,-179.94607,0.282659732,179.9361695,-3.64135213,-0.171169861,1.08410746,-0.405646982,-0.024328122,-0.210553144,-61.42882119,58.96968269,42.48098259,-71.56593018,-39.8886383,63.87254791,-16.11425514,1,1
89.11284399,5,1573821279,AUT,FALSE,TRUE,TRUE,523.5120815,-399.7141059,149.7137228,-179.9538386,0.283451925,179.9207991,-2.590793963,-1.232705112,2.224129336,-0.886013282,-0.172284979,-0.209655376,-60.06667443,59.95859642,42.45745124,-69.21143646,-39.91355529,64.95318374,-16.10367737,1,1
89.21336794,5,1573821279,AUT,FALSE,TRUE,TRUE,535.5884003,-399.6289384,149.4538853,-179.9728392,0.268617953,179.926396,-2.590793963,-1.232705112,2.224129336,-0.886013282,-0.172284979,-0.209655376,-58.66253243,61.0581871,42.40019188,-66.78895798,-40.00458251,65.98952408,-16.10861435,1,1
89.31391692,5,1573821279,AUT,FALSE,TRUE,TRUE,535.5884003,-399.6289384,149.4538853,-179.9728392,0.268617953,179.926396,-1.211171781,-1.739050228,0.659809008,-0.892089922,-0.434466972,-0.154413895,-58.66253243,61.0581871,42.40019188,-66.78895798,-40.00458251,65.98952408,-16.10861435,1,1
89.4143939,5,1573821280,AUT,FALSE,TRUE,TRUE,547.4846632,-399.2339165,148.1311426,-179.9688785,0.2712866,179.9286074,-2.327247043,0.667946562,2.456812363,-0.47907548,-0.19209864,-0.152368163,-57.2452652,62.2664978,42.32829322,-64.30310211,-40.14004943,66.93778839,-16.13208389,1,1
89.51494384,5,1573821280,AUT,FALSE,TRUE,TRUE,559.225685,-398.0900543,145.8743372,-179.9572564,0.247660394,179.9126332,-2.086597068,0.875225659,1.529683218,-0.386072611,-0.2424951,-0.14454781,-55.79348374,63.50591011,42.23357047,-61.87174873,-40.28847473,67.81237221,-16.13683205,1,1
89.61550283,5,1573821280,AUT,FALSE,TRUE,TRUE,559.225685,-398.0900543,145.8743372,-179.9572564,0.247660394,179.9126332,-2.086597068,0.875225659,1.529683218,-0.386072611,-0.2424951,-0.14454781,-55.79348374,63.50591011,42.23357047,-61.87174873,-40.28847473,67.81237221,-16.13683205,1,1
89.71627188,5,1573821280,AUT,FALSE,TRUE,TRUE,572.799734,-395.4845556,143.0797753,-179.9031288,0.184348739,179.8447305,-0.085279197,2.255579189,1.196068004,-0.397394564,-0.440630207,-0.339339215,-54.42264748,64.66210441,42.1506752,-59.0439743,-40.42474365,68.85532837,-16.15082245,1,1
89.81694984,5,1573821280,AUT,FALSE,TRUE,TRUE,582.5607681,-391.5406639,141.5978359,-179.8769706,0.132888027,179.813134,0.81555006,3.557609275,0.548613476,-0.218692332,-0.540009699,-0.550032299,-52.76601906,65.84594993,42.08211364,-57.26928749,-40.49829162,69.52960739,-15.96144562,1,1
89.91751885,5,1573821280,AUT,FALSE,TRUE,TRUE,590.6810599,-385.6288366,140.9652564,-179.8422502,0.08319894,179.7672212,1.379695205,4.232229848,0.520465663,-0.095957375,-0.608142687,-0.647028342,-51.63361703,66.38860588,42.05361786,-56.11403046,-40.51103576,70.01569748,-15.58336144,1,1
90.01805282,5,1573821280,AUT,FALSE,TRUE,TRUE,597.245493,-377.1187565,140.9688456,-179.8534168,0.027875523,179.7413005,2.762974539,3.755718583,0.993920189,-0.095957375,-0.608142687,-0.647028342,-50.65009689,66.55263176,42.05533104,-55.73814697,-40.51121154,70.21996765,-14.80042763,1,1
90.11858487,5,1573821280,AUT,FALSE,TRUE,TRUE,597.245493,-377.1187565,140.9688456,-179.8534168,0.027875523,179.7413005,2.762974539,3.755718583,0.993920189,-0.276794645,-0.766145752,-0.67119797,-50.65009689,66.55263176,42.05533104,-55.73814697,-40.51121154,70.21996765,-14.80042763,1,1
90.21908784,5,1573821280,AUT,FALSE,TRUE,TRUE,602.680628,-366.8608951,141.2346497,-179.8589778,-0.045363621,179.7378726,0.549605583,1.56004707,0.410816368,-0.716161312,-0.089631161,-0.667035646,-49.7510685,66.4722599,42.06174088,-55.89422149,-40.51013488,70.24151458,-13.80339432,1,1
90.31958389,5,1573821280,AUT,FALSE,TRUE,TRUE,607.2840908,-357.1039855,142.7145224,-179.8488583,-0.103885512,179.786524,0.158871363,1.004659417,0.388222357,-0.717967239,0.135999991,-0.673487484,-48.94285927,66.23268585,42.06594314,-56.17583885,-40.49321594,70.26462021,-12.83782998,1,1
90.42006493,5,1573821281,AUT,FALSE,TRUE,TRUE,610.5177789,-348.188491,145.1490305,-179.8528083,-0.148581902,179.8017809,0.909710579,1.655993107,-0.201691202,-0.464298654,0.181221475,-0.754659305,-48.30433388,65.84314499,42.07289886,-56.61538124,-40.37823303,70.29351425,-11.97334671,1,1
90.52054501,5,1573821281,AUT,FALSE,TRUE,TRUE,610.5177789,-348.188491,145.1490305,-179.8528083,-0.148581902,179.8017809,0.909710579,1.655993107,-0.201691202,-0.464298654,0.181221475,-0.754659305,-48.30433388,65.84314499,42.07289886,-56.61538124,-40.37823303,70.29351425,-11.97334671,1,1
90.62105489,5,1573821281,AUT,FALSE,TRUE,TRUE,612.6164937,-339.5378631,148.0990315,-179.8270661,-0.187966591,179.8100803,0.625678465,1.838804088,0.862298916,-0.345162431,0.351887082,-0.780054535,-47.83066521,65.34537849,42.14527473,-57.25123214,-40.27942749,70.28333816,-11.1268673,1,1
90.72160602,5,1573821281,AUT,FALSE,TRUE,TRUE,614.1251037,-327.5249071,151.1801178,-179.806344,-0.20569633,179.7934507,1.192695054,3.251583038,0.658036589,-0.066250758,0.389830716,-0.83286071,-47.34371338,64.57799377,42.27798957,-58.48856392,-40.16001159,70.03912926,-9.893209081,1,1
90.82211685,5,1573821281,AUT,FALSE,TRUE,TRUE,614.1251037,-327.5249071,151.1801178,-179.806344,-0.20569633,179.7934507,1.192695054,3.251583038,0.658036589,-0.066250758,0.389830716,-0.83286071,-46.95649681,63.79626159,42.38082504,-60.07414169,-40.07327453,69.52310143,-8.526956181,1,1
90.9226079,5,1573821281,AUT,FALSE,TRUE,TRUE,614.2759364,-314.7636068,152.5720994,-179.8034334,-0.227983069,179.7671854,0.441982831,3.415402717,0.419710045,-0.063527339,0.534463786,-0.8548815,-46.95649681,63.79626159,42.38082504,-60.07414169,-40.07327453,69.52310143,-8.526956181,1,1
91.02311492,5,1573821281,AUT,FALSE,TRUE,TRUE,613.7449339,-300.185904,152.9694196,-179.8282506,-0.220903301,179.7738702,0.551459563,3.273289959,1.175117185,-0.085741115,0.438223004,-0.826165908,-46.53745079,62.90931473,42.45494499,-62.04631805,-40.02130371,68.71875114,-6.877565006,1,1
91.12362099,5,1573821281,AUT,FALSE,TRUE,TRUE,612.6326248,-284.4803069,153.2240213,-179.8219824,-0.198910512,179.7758162,-0.17732636,2.671821013,0.496106915,-0.068757408,0.45420937,-0.775555427,-46.09747239,61.98357925,42.57176399,-64.17774811,-39.99509033,67.84408493,-5.124191669,1,1
91.22413301,5,1573821281,AUT,FALSE,TRUE,TRUE,611.2381499,-267.7332856,153.5275677,-179.8531442,-0.171889516,179.7819982,-1.111080079,2.546537397,0.383901389,-0.125472299,0.41577788,-0.728972383,-45.57898636,61.01683731,42.70053749,-66.36586418,-39.97724304,66.93561516,-3.217074969,1,1
91.32469583,5,1573821281,AUT,FALSE,TRUE,TRUE,611.2381499,-267.7332856,153.5275677,-179.8531442,-0.171889516,179.7819982,-1.111080079,2.546537397,0.383901389,-0.125472299,0.41577788,-0.728972383,-45.57898636,61.01683731,42.70053749,-66.36586418,-39.97724304,66.93561516,-3.217074969,1,1
91.42534304,5,1573821282,AUT,FALSE,TRUE,TRUE,609.2604103,-246.7350973,153.9438042,-179.8551513,-0.164282111,179.7992187,-1.072481775,2.452794553,0.104839645,-0.243439401,0.490788548,-0.681787066,-44.85585938,59.87262153,42.86335144,-68.93169021,-39.96445495,65.88503379,-0.870216756,1,1
91.52610493,5,1573821282,AUT,FALSE,TRUE,TRUE,609.2604103,-246.7350973,153.9438042,-179.8551513,-0.164282111,179.7992187,-1.072481775,2.452794553,0.104839645,-0.243439401,0.490788548,-0.681787066,-44.85585938,59.87262153,42.86335144,-68.93169021,-39.96445495,65.88503379,-0.870216756,1,1
91.62694097,5,1573821282,AUT,FALSE,TRUE,TRUE,607.5729008,-226.1097793,154.3178655,-179.8554805,-0.150802332,179.8350412,-2.067046897,1.118087108,1.342372125,-0.334090311,0.670347769,-0.625222016,-43.95445519,58.81698989,42.99867553,-71.23021888,-39.95323242,64.94442558,1.410472869,1,1
91.72757697,5,1573821282,AUT,FALSE,TRUE,TRUE,607.5729008,-226.1097793,154.3178655,-179.8554805,-0.150802332,179.8350412,-2.067046897,1.118087108,1.342372125,-0.334090311,0.670347769,-0.625222016,-43.05838967,58.05273628,43.05531006,-72.90814361,-39.91582397,64.19653129,3.314063644,1,1
91.82806802,5,1573821282,AUT,FALSE,TRUE,TRUE,606.4003917,-204.9839304,154.0726969,-179.8403799,-0.140384883,179.8550821,-2.329247691,2.140513601,2.044662149,-0.189052986,0.670298084,-0.655385537,-43.05838967,58.05273628,43.05531006,-72.90814361,-39.91582397,64.19653129,3.314063644,1,1
91.92864299,5,1573821282,AUT,FALSE,TRUE,TRUE,606.2161097,-187.9641766,153.1283731,-179.8568036,-0.124506717,179.857266,-2.357192376,2.293987103,1.919015221,-0.079198768,0.801222488,-0.654036891,-41.81815682,57.38323631,43.06376609,-74.55485344,-39.90831481,63.38349838,5.518398281,1,1
92.02912998,5,1573821282,AUT,FALSE,TRUE,TRUE,606.2161097,-187.9641766,153.1283731,-179.8568036,-0.124506717,179.857266,-2.357192376,2.293987103,1.919015221,-0.079198768,0.801222488,-0.654036891,-41.81815682,57.38323631,43.06376609,-74.55485344,-39.90831481,63.38349838,5.518398281,1,1
92.12961292,5,1573821282,AUT,FALSE,TRUE,TRUE,607.0494679,-172.9479487,152.1147785,-179.8534879,-0.111458332,179.8389511,-1.993796242,1.682544352,1.148432637,-0.398483335,0.682396017,-0.706131912,-40.75162812,57.07504921,43.06419181,-75.4203701,-39.91326416,62.91775016,7.065475844,1,1
92.23013687,5,1573821282,AUT,FALSE,TRUE,TRUE,609.0921879,-157.790904,151.5693636,-179.8539148,-0.111911853,179.8485909,-1.993796242,1.682544352,1.148432637,-0.398483335,0.682396017,-0.706131912,-39.49549943,56.8934555,43.06324768,-75.92188224,-39.9331549,62.64824867,8.585451506,1,1
92.33062482,5,1573821282,AUT,FALSE,TRUE,TRUE,609.0921879,-157.790904,151.5693636,-179.8539148,-0.111911853,179.8485909,-2.532562442,2.49119919,1.510168645,-0.387126566,0.893547757,-0.716438408,-39.49549943,56.8934555,43.06324768,-75.92188224,-39.9331549,62.64824867,8.585451506,1,1
92.43111491,5,1573821283,AUT,FALSE,TRUE,TRUE,612.6256059,-140.7758884,151.3019916,-179.8374733,-0.139530946,179.8573342,-1.654714524,3.05718026,1.076750961,-0.29056644,0.830721456,-0.749075033,-37.98056374,56.85731048,43.06065559,-76.05272941,-39.94994201,62.59722061,10.18743324,1,1
92.53164196,5,1573821283,AUT,FALSE,TRUE,TRUE,612.6256059,-140.7758884,151.3019916,-179.8374733,-0.139530946,179.8573342,-1.654714524,3.05718026,1.076750961,-0.29056644,0.830721456,-0.749075033,-37.98056374,56.85731048,43.06065559,-76.05272941,-39.94994201,62.59722061,10.18743324,1,1
92.63213587,5,1573821283,AUT,FALSE,TRUE,TRUE,615.4518474,-127.3169124,151.2585516,-179.8412433,-0.148427985,179.859225,-1.727613828,3.430210348,1.048071106,-0.146984676,0.89607729,-0.759580169,-36.72595253,56.85303611,43.06146927,-76.07416992,-39.95012878,62.59148025,11.45512161,1,1
92.73261595,5,1573821283,AUT,FALSE,TRUE,TRUE,615.4518474,-127.3169124,151.2585516,-179.8412433,-0.148427985,179.859225,-1.727613828,3.430210348,1.048071106,-0.146984676,0.89607729,-0.759580169,-36.72595253,56.85303611,43.06146927,-76.07416992,-39.95012878,62.59148025,11.45512161,1,1
92.83311391,5,1573821283,AUT,FALSE,TRUE,TRUE,618.0444691,-114.1142216,151.4171787,-179.8571373,-0.133742286,179.8772748,-1.074697496,2.555207253,0.954186396,-0.408549442,0.609624229,-0.718373912,-35.49116822,56.83741836,43.06078606,-76.07626076,-39.95473754,62.58883323,12.67592583,1,1
92.93359184,5,1573821283,AUT,FALSE,TRUE,TRUE,618.0444691,-114.1142216,151.4171787,-179.8571373,-0.133742286,179.8772748,-1.074697496,2.555207253,0.954186396,-0.408549442,0.609624229,-0.718373912,-35.49116822,56.83741836,43.06078606,-76.07626076,-39.95473754,62.58883323,12.67592583,1,1
93.034096,5,1573821283,AUT,FALSE,TRUE,TRUE,620.7749789,-100.1816783,151.4580014,-179.8640383,-0.084431004,179.8932148,-1.294548783,2.216138985,0.967219013,-0.55480017,0.409064192,-0.636551154,-34.18203393,56.83525543,43.05576324,-76.06574134,-39.97417236,62.54662513,14.00716667,1,1
93.13463092,5,1573821283,AUT,FALSE,TRUE,TRUE,620.7749789,-100.1816783,151.4580014,-179.8640383,-0.084431004,179.8932148,-1.294548783,2.216138985,0.967219013,-0.55480017,0.409064192,-0.636551154,-34.18203393,56.83525543,43.05576324,-76.06574134,-39.97417236,62.54662513,14.00716667,1,1
93.23512793,5,1573821283,AUT,FALSE,TRUE,TRUE,623.7522361,-90.30501975,151.2481493,-179.9079513,0.001176224,179.9475897,-2.628986737,1.332007338,1.918014984,-0.600214337,0.29196809,-0.569417625,-33.11319809,56.92310486,42.97689857,-75.8400238,-40.00410461,62.54071998,14.94347305,1,1
93.33597302,5,1573821283,AUT,FALSE,TRUE,TRUE,623.7522361,-90.30501975,151.2481493,-179.9079513,0.001176224,179.9475897,-2.628986737,1.332007338,1.918014984,-0.600214337,0.29196809,-0.569417625,-32.43753204,57.32555122,42.74511795,-75.11850013,-40.03558044,62.6397274,15.11627082,1,1
93.436764,5,1573821284,AUT,FALSE,TRUE,TRUE,627.6794687,-87.62115383,149.6738439,-179.9629519,0.0602653,-179.9894992,-3.393660126,0.992432659,1.592660954,-0.555823352,0.218308114,-0.291655166,-32.43753204,57.32555122,42.74511795,-75.11850013,-40.03558044,62.6397274,15.11627082,1,1
93.53734899,5,1573821284,AUT,FALSE,TRUE,TRUE,627.6794687,-87.62115383,149.6738439,-179.9629519,0.0602653,-179.9894992,-3.393660126,0.992432659,1.592660954,-0.555823352,0.218308114,-0.291655166,-32.43753204,57.32555122,42.74511795,-75.11850013,-40.03558044,62.6397274,15.11627082,1,1
93.63797903,5,1573821284,AUT,FALSE,TRUE,TRUE,636.6742733,-89.76080099,148.6581076,-179.9490391,0.126043757,179.9874659,-3.788277018,2.409329768,0.717688187,-0.451839229,0.053209284,-0.267316344,-31.84121476,58.39419479,42.65913963,-72.99913101,-40.17402465,63.39956588,14.50220031,1,1
93.73854804,5,1573821284,AUT,FALSE,TRUE,TRUE,643.6755446,-91.56838131,149.9837747,-179.93625,0.142285885,179.9840087,-3.431922251,3.086547707,0.247548275,-0.157789967,0.006130769,-0.281376849,-31.40408593,59.09053573,42.67318153,-71.26382331,-40.1841101,64.25455284,13.92357788,1,1
93.83906293,5,1573821284,AUT,FALSE,TRUE,TRUE,643.6755446,-91.56838131,149.9837747,-179.93625,0.142285885,179.9840087,-3.431922251,3.086547707,0.247548275,-0.157789967,0.006130769,-0.281376849,-31.40408593,59.09053573,42.67318153,-71.26382331,-40.1841101,64.25455284,13.92357788,1,1
93.93958688,5,1573821284,AUT,FALSE,TRUE,TRUE,652.7715522,-91.61551992,152.1834531,-179.9351617,0.147493038,179.9901885,-2.802617481,3.148352021,0.588962881,-0.080818759,-0.089604289,-0.291014895,-30.82682305,59.72509918,42.68578491,-69.50995903,-40.17681518,65.37020073,13.39058647,1,1
94.04009485,5,1573821284,AUT,FALSE,TRUE,TRUE,659.9905502,-89.61092861,153.6869084,-179.9377103,0.167552637,179.9631005,-3.72632434,4.503234519,0.952572511,0.183670295,-0.047524575,-0.28521055,-29.86030769,60.58783149,42.68813324,-67.23471794,-40.13757751,66.23662376,13.11329498,1,1
94.14060402,5,1573821284,AUT,FALSE,TRUE,TRUE,667.7300458,-86.00277059,155.3439672,-179.9305403,0.203996365,179.958725,-4.373538396,4.329460389,1.509973228,0.248258736,0.07553653,-0.238545936,-28.905122,61.27972298,42.68698311,-65.36958618,-40.13545166,67.11234054,12.95425071,1,1
94.24113202,5,1573821284,AUT,FALSE,TRUE,TRUE,667.7300458,-86.00277059,155.3439672,-179.9305403,0.203996365,179.958725,-4.373538396,4.329460389,1.509973228,0.248258736,0.07553653,-0.238545936,-28.905122,61.27972298,42.68698311,-65.36958618,-40.13545166,67.11234054,12.95425071,1,1
94.34173203,5,1573821284,AUT,FALSE,TRUE,TRUE,675.6287446,-81.60101088,157.0089101,-179.939507,0.213328999,179.9567035,-4.403396593,2.66924469,0.445872369,-0.154679347,-0.042417344,-0.222358398,-27.84698067,62.01426201,42.68077239,-63.37986946,-40.13295227,68.06226311,12.83953628,1,1
94.44225693,5,1573821285,AUT,FALSE,TRUE,TRUE,686.2220947,-76.38258503,159.0230313,-179.9407211,0.209836822,179.9385006,-3.991194367,2.71066859,1.071797358,-0.242873133,-0.070021675,-0.230437168,-26.46515122,63.05014572,42.66350326,-60.60922737,-40.13434204,69.37326851,12.56149292,1,1
94.54277682,5,1573821285,AUT,FALSE,TRUE,TRUE,694.3019867,-71.4896581,160.2698033,-179.9174252,0.157181517,179.8949162,-3.991194367,2.71066859,1.071797358,-0.242873133,-0.070021675,-0.230437168,-25.28807946,63.94683609,42.66465339,-58.33406181,-40.13458374,70.44692459,12.33287429,1,1
94.64329004,5,1573821285,AUT,FALSE,TRUE,TRUE,694.3019867,-71.4896581,160.2698033,-179.9174252,0.157181517,179.8949162,-2.243876123,4.920022924,1.035467417,0.086154924,-0.28702115,-0.351011183,-25.28807946,63.94683609,42.66465339,-58.33406181,-40.13458374,70.44692459,12.33287429,1,1
94.74380684,5,1573821285,AUT,FALSE,TRUE,TRUE,700.7606456,-63.03787412,160.4236563,-179.8784537,0.075615182,179.8235999,0.416217686,4.756462994,0.089023309,-0.116482785,-0.525284533,-0.635017868,-24.01436921,64.71598205,42.66718025,-56.55548515,-40.13637451,71.26874999,12.47758484,1,1
94.84431291,5,1573821285,AUT,FALSE,TRUE,TRUE,705.4637607,-50.26866908,159.7787729,-179.8226205,0.040517964,179.7701801,0.700616056,5.026137443,0.680611932,-0.208535478,-0.463582667,-0.776149763,-22.61684304,65.27093582,42.66473579,-55.39034729,-40.16405456,71.7175724,13.1407093,1,1
94.94481182,5,1573821285,AUT,FALSE,TRUE,TRUE,708.18747,-34.35481765,159.1157595,-179.8142775,0.025489881,179.7421051,-0.012511011,5.61820542,0.383916983,-0.138938345,-0.38642611,-0.768245896,-21.15040513,65.57493095,42.66303634,-54.82611351,-40.19638732,71.90162429,14.26178513,1,1
95.04536986,5,1573821285,AUT,FALSE,TRUE,TRUE,708.18747,-34.35481765,159.1157595,-179.8142775,0.025489881,179.7421051,-0.012511011,5.61820542,0.383916983,-0.138938345,-0.38642611,-0.768245896,-21.15040513,65.57493095,42.66303634,-54.82611351,-40.19638732,71.90162429,14.26178513,1,1
95.146101,5,1573821285,AUT,FALSE,TRUE,TRUE,709.3934326,-15.77083205,158.8235639,-179.8352264,0.012173438,179.7458147,0.133848038,3.631246179,0.613372582,-0.618351535,-0.492491634,-0.769725669,-19.59167863,65.6804512,42.65992584,-54.64417991,-40.22071655,71.96378631,15.73956985,1,1
95.24676585,5,1573821285,AUT,FALSE,TRUE,TRUE,709.5710474,2.996375678,158.773833,-179.8353974,0.004922221,179.7637819,-1.183091837,3.663274062,0.495058428,-0.488319894,-0.192873816,-0.716472852,-18.07301102,65.68582077,42.65483779,-54.64120674,-40.23637207,71.96727791,17.26299591,1,1
95.34745288,5,1573821285,AUT,FALSE,TRUE,TRUE,709.3584303,20.69231656,158.8361356,-179.8318279,0.00801234,179.7880553,-1.46824978,4.404549083,0.767145423,-0.286296085,-0.197316963,-0.724534602,-16.63698121,65.68407326,42.64796791,-54.62650909,-40.25413146,71.97282943,18.69045296,1,1
95.44794798,5,1573821286,AUT,FALSE,TRUE,TRUE,708.4989126,37.45079799,158.7691044,-179.8389498,-0.039696839,179.8073216,-1.46824978,4.404549083,0.767145423,-0.286296085,-0.197316963,-0.724534602,-15.25078469,65.68507233,42.6385643,-54.63083839,-40.25383483,72.00940361,20.07391319,1,1
95.54842591,5,1573821286,AUT,FALSE,TRUE,TRUE,708.4989126,37.45079799,158.7691044,-179.8389498,-0.039696839,179.8073216,-2.222726355,5.197702032,1.006280452,-0.218187453,0.17471164,-0.782003412,-15.25078469,65.68507233,42.6385643,-54.63083839,-40.25383483,72.00940361,20.07391319,1,1
95.64890003,5,1573821286,AUT,FALSE,TRUE,TRUE,706.9621078,53.27375316,158.3168194,-179.8548401,-0.144553663,179.8347753,-0.688396264,2.785936801,1.150710458,-0.652725433,0.302280358,-0.715311785,-13.96479035,65.69767914,42.63094253,-54.67689171,-40.25292846,72.05809364,21.39513587,1,1
95.74937391,5,1573821286,AUT,FALSE,TRUE,TRUE,704.0867837,66.14905985,156.6873061,-179.876059,-0.389268058,179.9440409,3.289885651,1.615825716,0.707541493,-0.609070735,0.473603416,-0.556857411,-12.92636261,65.69271469,42.55301513,-54.9540081,-40.25323059,72.06493263,22.58766746,1,1
95.84987783,5,1573821286,AUT,FALSE,TRUE,TRUE,704.0867837,66.14905985,156.6873061,-179.876059,-0.389268058,179.9440409,3.289885651,1.615825716,0.707541493,-0.609070735,0.473603416,-0.556857411,-12.38961182,65.48269386,42.48898887,-55.98358154,-40.25840515,71.60955963,23.738451,1,1
95.95033789,5,1573821286,AUT,FALSE,TRUE,TRUE,699.1067401,75.48800977,153.7632285,-179.9034754,-0.569248701,179.9959451,7.406776114,0.526411507,0.195322821,-0.708292976,0.356663407,-0.447845741,-12.38961182,65.48269386,42.48898887,-55.98358154,-40.25840515,71.60955963,23.738451,1,1
96.05081987,5,1573821286,AUT,FALSE,TRUE,TRUE,688.7244485,82.47446373,149.702953,-179.9091574,-0.641029736,-179.9267947,7.08836444,3.303294161,0.687744934,0.027157728,0.516288565,-0.397914188,-12.51336594,64.61092873,42.38455353,-58.75578231,-40.28416259,70.22344551,25.26790581,1,1
96.15130901,5,1573821286,AUT,FALSE,TRUE,TRUE,688.7244485,82.47446373,149.702953,-179.9091574,-0.641029736,-179.9267947,7.08836444,3.303294161,0.687744934,0.027157728,0.516288565,-0.397914188,-12.51336594,64.61092873,42.38455353,-58.75578231,-40.28416259,70.22344551,25.26790581,1,1
96.2517879,5,1573821286,AUT,FALSE,TRUE,TRUE,672.2632541,89.56372583,146.5351381,-179.843206,-0.591795962,-179.9237839,4.251978081,5.480282596,0.418156948,0.375332395,0.801155573,-0.610174618,-13.10808678,62.98169746,42.37739524,-63.14645118,-40.28183898,68.10280266,27.27001648,1,1
96.35227299,5,1573821286,AUT,FALSE,TRUE,TRUE,654.0791233,99.97427409,144.6077852,-179.8084385,-0.506611573,-179.9940858,-0.448569187,7.884049599,1.752512927,0.375332395,0.801155573,-0.610174618,-13.45831719,61.16185341,42.4415863,-67.66781273,-40.22994506,65.9508419,29.58257331,1,1
96.45274687,5,1573821287,AUT,FALSE,TRUE,TRUE,654.0791233,99.97427409,144.6077852,-179.8084385,-0.506611573,-179.9940858,-0.448569187,7.884049599,1.752512927,0.726489508,1.076584923,-0.80918346,-13.45831719,61.16185341,42.4415863,-67.66781273,-40.22994506,65.9508419,29.58257331,1,1
96.55323792,5,1573821287,AUT,FALSE,TRUE,TRUE,631.5367854,117.7207723,142.8237252,-179.812236,-0.341272525,179.9658733,-4.834321071,7.780191623,3.094805047,0.587084335,1.269862267,-0.867399872,-13.15179177,59.09335098,42.52151527,-72.66144905,-40.24586975,63.48882293,32.86087646,1,1
96.65372396,5,1573821287,AUT,FALSE,TRUE,TRUE,619.2191113,131.4303555,142.2918925,-179.8080477,-0.164149165,179.9425088,-8.509970107,7.682758095,3.000075982,0.220502597,1.694699576,-0.943178555,-12.45936127,58.01206627,42.53050003,-75.1034111,-40.2717041,62.21935272,34.97841568,1,1
96.75419497,5,1573821287,AUT,FALSE,TRUE,TRUE,619.2191113,131.4303555,142.2918925,-179.8080477,-0.164149165,179.9425088,-8.509970107,7.682758095,3.000075982,0.220502597,1.694699576,-0.943178555,-12.45936127,58.01206627,42.53050003,-75.1034111,-40.2717041,62.21935272,34.97841568,1,1
96.85467482,5,1573821287,AUT,FALSE,TRUE,TRUE,613.4409407,144.3923975,143.2423726,-179.8194344,-0.035433596,179.9620439,-9.378857995,7.050863197,3.055874374,0.220810927,1.641781848,-0.949100676,-11.43306313,57.54350967,42.54170265,-75.90235404,-40.26707336,61.83244171,36.4736721,1,1
96.95574689,5,1573821287,AUT,FALSE,TRUE,TRUE,612.2938253,157.0917944,144.474161,-179.8050703,0.039362244,179.9271169,-5.200856842,7.790477217,2.701837694,0.526311769,0.576399258,-0.95803073,-10.18691139,57.59194564,42.54529381,-75.52840004,-40.20829101,62.02593498,37.4590805,1,1
97.05642891,5,1573821287,AUT,FALSE,TRUE,TRUE,613.3243104,174.0235106,144.8202231,-179.7974961,-0.002941481,179.9039692,-5.200856842,7.790477217,2.701837694,0.526311769,0.576399258,-0.95803073,-8.371739963,58.14436913,42.54674949,-74.24517288,-40.19879333,62.61434898,38.53189544,1,1
97.157058,5,1573821287,AUT,FALSE,TRUE,TRUE,613.3243104,174.0235106,144.8202231,-179.7974961,-0.002941481,179.9039692,-3.046417929,5.880846817,2.620466746,-0.171256505,0.475234368,-1.024774126,-8.371739963,58.14436913,42.54674949,-74.24517288,-40.19879333,62.61434898,38.53189544,1,1
97.25768495,5,1573821287,AUT,FALSE,TRUE,TRUE,614.0805161,188.1362102,144.1567746,-179.7946111,-0.064184053,179.8773176,-1.370301335,5.820429136,1.801394001,-0.308252311,0.307815828,-1.026257016,-6.846645356,58.74717521,42.54165458,-73.08683624,-40.23400451,63.11906433,39.40704574,1,1
97.35819101,5,1573821287,AUT,FALSE,TRUE,TRUE,613.3746399,204.189772,143.259237,-179.7315871,-0.104891663,179.8496916,-0.001226846,11.01325621,1.912438375,0.84389353,0.101303267,-1.006880686,-5.214361956,59.3090332,42.54592895,-72.03764877,-40.31282592,63.53581009,40.44223594,1,1
97.45869994,5,1573821288,AUT,FALSE,TRUE,TRUE,609.6932061,222.3772128,142.5130089,-179.8377414,-0.217319875,179.8799905,3.553639879,5.105588161,0.993807903,-0.218823966,-0.151604719,-0.8928202,-3.352800756,59.72419967,42.55091056,-71.31717224,-40.34524108,63.89592133,41.99667778,1,1
97.55922604,5,1573821288,AUT,FALSE,TRUE,TRUE,609.6932061,222.3772128,142.5130089,-179.8377414,-0.217319875,179.8799905,3.553639879,5.105588161,0.993807903,-0.218823966,-0.151604719,-0.8928202,-3.352800756,59.72419967,42.55091056,-71.31717224,-40.34524108,63.89592133,41.99667778,1,1
97.65973091,5,1573821288,AUT,FALSE,TRUE,TRUE,601.3395138,241.0772548,141.3634142,-179.8641097,-0.388049018,-179.9858594,5.47797029,3.010591313,-0.443754325,-0.250092568,-0.028305435,-0.513118962,-1.561792375,59.80730438,42.54923515,-71.3897953,-40.39752502,63.9810894,43.86708641,1,1
97.76024795,5,1573821288,AUT,FALSE,TRUE,TRUE,590.5676296,256.1719418,140.9270475,-179.8988431,-0.467469043,-179.836251,5.165024852,-0.109647055,-1.064129034,-0.433267567,0.384953169,-0.311655113,-0.153077319,59.46579437,42.54859314,-72.25034065,-40.43406005,63.71639442,45.85041389,1,1
97.86072588,5,1573821288,AUT,FALSE,TRUE,TRUE,577.7691418,266.9029644,141.0438711,-179.9498052,-0.454444014,-179.7451179,4.834737795,1.382710591,-0.592552589,0.01174993,0.35014646,-0.295272972,0.737477869,58.68074226,42.55451546,-73.95926743,-40.42338684,63.03603859,47.71293983,1,1
97.96123695,5,1573821288,AUT,FALSE,TRUE,TRUE,577.7691418,266.9029644,141.0438711,-179.9498052,-0.454444014,-179.7451179,4.834737795,1.382710591,-0.592552589,0.01174993,0.35014646,-0.295272972,0.737477869,58.68074226,42.55451546,-73.95926743,-40.42338684,63.03603859,47.71293983,1,1
98.0617559,5,1573821288,AUT,FALSE,TRUE,TRUE,561.6062006,273.2068455,141.0548449,-179.9070903,-0.468901367,-179.6739344,4.997491672,0.447442518,0.424529483,-0.036035157,0.226836931,-0.291797759,1.111589813,57.42200431,42.57613449,-76.68573418,-40.33662231,61.87564201,49.58616714,1,1
98.16225195,5,1573821288,AUT,FALSE,TRUE,TRUE,545.3873167,274.7443883,140.5028894,-179.9251514,-0.418820911,-179.6339843,2.289513741,2.853119955,0.624869575,0.43319554,0.40119745,-0.373815608,1.022116469,55.99007721,42.58078308,-79.83687744,-40.29991149,60.40279426,51.26247139,1,1
98.26273489,5,1573821288,AUT,FALSE,TRUE,TRUE,528.8154805,274.3688592,139.2860488,-179.8834347,-0.383226855,-179.6299668,0.868997434,5.069152087,1.604162714,0.87865535,0.456601605,-0.454043107,0.775277706,54.54641533,42.58362236,-83.08892669,-40.26916076,58.80497703,52.77822074,1,1
98.36321783,5,1573821288,AUT,FALSE,TRUE,TRUE,512.4340001,273.2234221,137.8038061,-179.9088487,-0.349605204,-179.6350267,0.868997434,5.069152087,1.604162714,0.87865535,0.456601605,-0.454043107,0.514225388,53.10598068,42.5844532,-86.37153854,-40.27031982,57.15980186,54.31678047,1,1
98.46370888,5,1573821289,AUT,FALSE,TRUE,TRUE,512.4340001,273.2234221,137.8038061,-179.9088487,-0.349605204,-179.6350267,0.274379791,4.621179278,1.268347422,0.782202303,0.430716238,-0.479347663,0.514225388,53.10598068,42.5844532,-86.37153854,-40.27031982,57.15980186,54.31678047,1,1
98.5641818,5,1573821289,AUT,FALSE,TRUE,TRUE,497.4358932,271.2501066,136.5134612,-179.8951246,-0.296139091,-179.6314082,-1.075544622,4.923626944,0.455207787,0.750096209,0.678370338,-0.48084581,0.254302594,51.77628822,42.57599716,-89.31600838,-40.28861206,55.63439483,55.63501968,1,1
105.7483819,6,1573821296,AUT,FALSE,FALSE,TRUE,471.9759363,-400.0075835,169.9774616,-179.9942538,-0.00700235,-179.9990589,-0.56998583,-0.548537755,2.73567833,-0.200400602,0.214365326,0.048877389,-65.62090874,53.73335838,42.55985412,-78.17882423,-37.89741027,62.61283493,-17.41233101,0.5,1
105.8489549,6,1573821296,AUT,FALSE,TRUE,TRUE,471.8503506,-399.8224861,169.2272125,-179.9942448,-0.047265149,179.9283017,-0.527852345,-0.416556015,3.076924895,-0.235348435,0.177743638,0.056505652,-65.62060318,53.79632034,42.55712471,-78.17830924,-37.89888793,62.61843796,-17.41325112,1,1
105.9494429,6,1573821296,AUT,FALSE,TRUE,TRUE,471.4260554,-399.9469062,166.7246886,-179.9144932,-0.185988901,179.8801793,0.150284701,-0.251908036,3.094391177,-0.256950563,0.167038691,0.021339513,-65.62128639,54.05870819,42.55564155,-78.15943336,-38.09242858,62.60680618,-17.41109162,1,1
106.0499609,6,1573821296,AUT,FALSE,TRUE,TRUE,471.4260554,-399.9469062,166.7246886,-179.9144932,-0.185988901,179.8801793,0.150284701,-0.251908036,3.094391177,-0.256950563,0.167038691,0.021339513,-65.62434197,54.45678062,42.45797996,-78.01841011,-38.31181457,62.25420341,-17.41115341,1,1
106.1504898,6,1573821296,AUT,FALSE,TRUE,TRUE,471.8700969,-401.5495818,163.0595485,-179.9568552,-0.045338616,179.9109458,-0.130750611,0.2975948,2.393290748,-0.338504171,0.047481736,-0.018810595,-65.62434197,54.45678062,42.45797996,-78.01841011,-38.31181457,62.25420341,-17.41115341,1,1
106.2509739,6,1573821296,AUT,FALSE,TRUE,TRUE,471.6643802,-402.9074611,156.6717263,-179.920605,0.017514188,179.9035402,-0.543088851,0.195793718,2.056687056,-0.464853332,-0.007499941,-0.095536625,-65.62072678,55.03725357,42.25930252,-77.99201202,-38.65090209,61.70121689,-17.41069336,1,1
106.3514659,6,1573821296,AUT,FALSE,TRUE,TRUE,471.6643802,-402.9074611,156.6717263,-179.920605,0.017514188,179.9035402,-0.543088851,0.195793718,2.056687056,-0.464853332,-0.007499941,-0.095536625,-65.62072678,55.03725357,42.25930252,-77.99201202,-38.65090209,61.70121689,-17.41069336,1,1
106.452003,6,1573821297,AUT,FALSE,TRUE,TRUE,472.8716593,-403.3517772,151.0109945,-179.8896708,0.171155649,179.9059318,-3.384027739,0.543600247,1.31071011,-0.419766295,0.018354186,-0.222147027,-65.54673729,55.64317016,42.17861137,-77.86849479,-38.97697082,61.23727111,-17.22450257,1,1
106.5525,6,1573821297,AUT,FALSE,TRUE,TRUE,472.8716593,-403.3517772,151.0109945,-179.8896708,0.171155649,179.9059318,-3.384027739,0.543600247,1.31071011,-0.419766295,0.018354186,-0.222147027,-65.54673729,55.64317016,42.17861137,-77.86849479,-38.97697082,61.23727111,-17.22450257,1,1
106.652976,6,1573821297,AUT,FALSE,TRUE,TRUE,480.2158463,-401.3918956,147.8882089,-179.9121206,0.280581779,179.9048952,-5.444907425,-0.434615792,1.747866514,-0.40867636,0.15644039,-0.160324107,-64.81076661,56.40668907,42.25582466,-77.04632606,-39.39818664,61.27203941,-16.75348435,1,1
106.7534549,6,1573821297,AUT,FALSE,TRUE,TRUE,490.600176,-399.6671638,149.0872617,-179.9567318,0.345390515,179.9549923,-6.566836914,-1.573790889,2.361053297,-0.587177561,0.230456582,-0.114640919,-63.68890801,57.00667304,42.25584526,-75.56473045,-39.43014587,61.97360229,-16.38585434,1,1
106.8539779,6,1573821297,AUT,FALSE,TRUE,TRUE,490.600176,-399.6671638,149.0872617,-179.9567318,0.345390515,179.9549923,-6.566836914,-1.573790889,2.361053297,-0.587177561,0.230456582,-0.114640919,-63.68890801,57.00667304,42.25584526,-75.56473045,-39.43014587,61.97360229,-16.38585434,1,1
106.9545019,6,1573821297,AUT,FALSE,TRUE,TRUE,506.0850185,-398.8573386,152.2265284,-179.9618018,0.370106372,-179.9815287,-5.976999554,-1.522717521,1.999201536,-0.369921058,0.237515477,-0.10718347,-61.97311478,57.96954574,42.25682716,-72.84932213,-39.41213928,63.34083709,-16.19865074,1,1
107.0550699,6,1573821297,AUT,FALSE,TRUE,TRUE,506.0850185,-398.8573386,152.2265284,-179.9618018,0.370106372,-179.9815287,-5.976999554,-1.522717521,1.999201536,-0.369921058,0.237515477,-0.10718347,-59.78633766,59.38776054,42.25078468,-69.15540619,-39.36346984,65.13287887,-16.10235558,1,1
107.156203,6,1573821297,AUT,FALSE,TRUE,TRUE,525.677218,-397.6890603,155.2934448,-179.9527009,0.417622654,179.9769254,-7.924520502,0.482396353,2.501847978,0.028024933,0.511402256,-0.129262664,-59.78633766,59.38776054,42.25078468,-69.15540619,-39.36346984,65.13287887,-16.10235558,1,1
107.257015,6,1573821297,AUT,FALSE,TRUE,TRUE,525.677218,-397.6890603,155.2934448,-179.9527009,0.417622654,179.9769254,-7.924520502,0.482396353,2.501847978,0.028024933,0.511402256,-0.129262664,-59.78633766,59.38776054,42.25078468,-69.15540619,-39.36346984,65.13287887,-16.10235558,1,1
107.35759,6,1573821297,AUT,FALSE,TRUE,TRUE,558.9175092,-394.3405296,157.8075132,-179.9915826,0.451498314,179.9618381,-8.812843177,-0.006695102,2.952661432,-0.327035772,0.982677136,-0.012192557,-55.91401406,62.05678939,42.20645828,-62.72486801,-39.48988952,68.05827713,-15.99535561,1,1
107.4581249,6,1573821298,AUT,FALSE,TRUE,TRUE,580.033991,-391.9311541,158.0907793,-179.9651162,0.366496837,179.942518,-2.565781444,-1.129582793,3.246279445,-1.073558275,-0.542275352,-0.005283575,-53.22354813,64.08900261,42.11211319,-57.99765014,-39.64561523,70.11812782,-16.13885422,1,1
107.558651,6,1573821298,AUT,FALSE,TRUE,TRUE,580.033991,-391.9311541,158.0907793,-179.9651162,0.366496837,179.942518,-2.565781444,-1.129582793,3.246279445,-1.073558275,-0.542275352,-0.005283575,-51.02938271,65.78797302,42.01005363,-54.14976768,-39.71516418,71.76777992,-16.33039055,1,1
107.65922,6,1573821298,AUT,FALSE,TRUE,TRUE,596.5798214,-388.8873874,157.4979918,-179.937019,0.276009714,179.8528817,2.63001299,2.556973435,0.723079608,-0.397958431,-1.125420144,-0.214194535,-51.02938271,65.78797302,42.01005363,-54.14976768,-39.71516418,71.76777992,-16.33039055,1,1
107.7597258,6,1573821298,AUT,FALSE,TRUE,TRUE,609.8839115,-382.9824955,156.4105298,-179.8506515,0.116403445,179.7494248,2.572353529,7.154237407,1.0663123,0.256099311,-0.528810154,-0.577017538,-49.12741242,67.08561287,41.95063476,-51.29393005,-39.79276062,73.00729179,-16.26253281,1,1
107.8602428,6,1573821298,AUT,FALSE,TRUE,TRUE,620.4788515,-372.729184,154.4232727,-179.8027001,-0.06394519,179.648137,10.16828864,5.44600928,0.181609859,-0.476485144,-1.776414501,-0.876632472,-47.49299698,67.87501488,41.87927513,-49.79291954,-39.82537902,73.66189155,-15.60792618,1,1
107.960743,6,1573821298,AUT,FALSE,TRUE,TRUE,626.7535828,-360.3061443,152.1319565,-179.8247827,-0.209554467,179.5953918,7.916206934,4.224238091,-1.689849121,-0.721888409,-0.629775773,-0.813413798,-46.37732163,68.01383399,41.82013778,-49.90310554,-39.85179016,73.59895363,-14.43024674,1,1
108.061255,6,1573821298,AUT,FALSE,TRUE,TRUE,626.7535828,-360.3061443,152.1319565,-179.8247827,-0.209554467,179.5953918,7.916206934,4.224238091,-1.689849121,-0.721888409,-0.629775773,-0.813413798,-46.37732163,68.01383399,41.82013778,-49.90310554,-39.85179016,73.59895363,-14.43024674,1,1
108.161787,6,1573821298,AUT,FALSE,TRUE,TRUE,630.2582302,-348.1068675,151.756901,-179.8206044,-0.305648415,179.6177456,5.996276693,3.037006476,-0.41980938,-0.965041223,-0.094499997,-0.795330971,-45.65217248,67.69404258,41.81897392,-50.76541214,-39.87001098,73.28259544,-13.18165054,1,1
108.262352,6,1573821298,AUT,FALSE,TRUE,TRUE,630.6265599,-336.8082178,152.8623501,-179.8289133,-0.350458502,179.6815339,6.507065384,3.554086493,-0.337302585,-0.601405712,-0.110901391,-0.759814272,-45.31801644,66.92132606,41.83576927,-52.40826301,-39.83919982,72.71520653,-11.85384636,1,1
108.3628809,6,1573821298,AUT,FALSE,TRUE,TRUE,630.6265599,-336.8082178,152.8623501,-179.8289133,-0.350458502,179.6815339,6.507065384,3.554086493,-0.337302585,-0.601405712,-0.110901391,-0.759814272,-45.31801644,66.92132606,41.83576927,-52.40826301,-39.83919982,72.71520653,-11.85384636,1,1
108.4633799,6,1573821299,AUT,FALSE,TRUE,TRUE,627.7214836,-321.9866877,155.1565062,-179.8527066,-0.319039824,179.7384686,1.578081823,3.648757208,0.109630362,-0.188588264,0.549096187,-0.651072695,-45.30698204,65.46427459,41.86115799,-55.38197364,-39.65097106,71.59853554,-10.03714027,1,1
108.563869,6,1573821299,AUT,FALSE,TRUE,TRUE,624.8275686,-307.6527805,156.8327049,-179.837873,-0.229832545,179.7372938,-1.022906052,3.156308433,0.673250636,-0.170116105,0.570186721,-0.666245116,-45.29685403,64.15863532,41.9742588,-58.12866898,-39.50819274,70.50282096,-8.364550788,1,1
108.664356,6,1573821299,AUT,FALSE,TRUE,TRUE,622.148401,-290.7828651,157.7772622,-179.8408596,-0.199064635,179.6976309,-1.853562794,3.798018442,1.65358114,-0.129660715,0.67398189,-0.664382457,-45.13148919,62.89960212,42.23458671,-60.94850921,-39.49697021,69.42863273,-6.394911581,1,1
108.7649119,6,1573821299,AUT,FALSE,TRUE,TRUE,622.148401,-290.7828651,157.7772622,-179.8408596,-0.199064635,179.6976309,-1.853562794,3.798018442,1.65358114,-0.129660715,0.67398189,-0.664382457,-44.73651353,61.68901863,42.44754638,-63.78199997,-39.4993927,68.29774131,-4.21822815,1,1
108.8655488,6,1573821299,AUT,FALSE,TRUE,TRUE,619.6087081,-271.7363129,158.00577,-179.8472086,-0.188683262,179.6933709,-1.844439197,4.652588109,2.096668671,0.061753194,0.94619309,-0.631056967,-44.73651353,61.68901863,42.44754638,-63.78199997,-39.4993927,68.29774131,-4.21822815,1,1
108.966558,6,1573821299,AUT,FALSE,TRUE,TRUE,617.0333879,-246.707107,158.0239118,-179.8407531,-0.163602754,179.7302645,-2.171903501,2.84370253,1.342471521,-0.251881042,0.733519408,-0.606984214,-43.93132553,60.28959732,42.62841568,-67.00142326,-39.49937622,66.93000869,-1.416027838,1,1
109.0671549,6,1573821299,AUT,FALSE,TRUE,TRUE,615.0598506,-225.4856165,158.0257134,-179.8530534,-0.169840443,179.7383675,-1.457526752,2.706851226,0.686280648,-0.273262134,0.597358572,-0.619129615,-43.07642441,59.22256736,42.78783416,-69.42897949,-39.49532775,65.92610549,0.934706494,1,1
109.1676979,6,1573821299,AUT,FALSE,TRUE,TRUE,615.0598506,-225.4856165,158.0257134,-179.8530534,-0.169840443,179.7383675,-1.457526752,2.706851226,0.686280648,-0.273262134,0.597358572,-0.619129615,-43.07642441,59.22256736,42.78783416,-69.42897949,-39.49532775,65.92610549,0.934706494,1,1
109.268193,6,1573821299,AUT,FALSE,TRUE,TRUE,613.2280343,-203.9499078,158.1379395,-179.8389205,-0.160943817,179.7406013,-2.12097319,3.161553426,1.241775774,-0.177097398,0.575010019,-0.657406226,-42.09918709,58.24425201,42.96184044,-71.63962097,-39.4948883,65.00091591,3.290419006,1,1
109.368665,6,1573821300,AUT,FALSE,TRUE,TRUE,610.5548808,-176.3710882,157.3003186,-179.8259198,-0.178799193,179.7380028,-1.204759524,3.545889547,1.508327096,-0.055824146,0.694769448,-0.753676867,-40.67434616,57.16177597,43.10587463,-74.21059341,-39.49600891,63.86579818,6.257246013,1,1
109.4689739,6,1573821300,AUT,FALSE,TRUE,TRUE,610.5548808,-176.3710882,157.3003186,-179.8259198,-0.178799193,179.7380028,-1.204759524,3.545889547,1.508327096,-0.055824146,0.694769448,-0.753676867,-39.39661561,56.42101249,43.18764724,-76.15400962,-39.51370239,62.91464309,8.671368025,1,1
109.569463,6,1573821300,AUT,FALSE,TRUE,TRUE,608.1928484,-153.9550191,155.7015398,-179.808664,-0.181537489,179.7077632,-1.509248556,4.235881465,1.54453295,-0.096951775,0.753173135,-0.79856257,-39.39661561,56.42101249,43.18764724,-76.15400962,-39.51370239,62.91464309,8.671368025,1,1
109.6699729,6,1573821300,AUT,FALSE,TRUE,TRUE,605.8630119,-130.730062,153.8919843,-179.8049864,-0.15580275,179.7239302,-3.442774106,5.418085235,2.183684304,0.25861055,1.146682896,-0.703367489,-37.93342553,55.75039329,43.21309776,-77.94589347,-39.58072448,61.95012931,11.20807343,1,1
109.7704408,6,1573821300,AUT,FALSE,TRUE,TRUE,605.4651802,-109.0197724,152.8147766,-179.9383626,0.003694557,179.7833305,-6.871729723,0.302057264,1.545012123,-0.987180993,1.248861609,-0.493032745,-36.30442086,55.26305694,43.20260925,-79.18116531,-39.67273498,61.17152824,13.70381012,1,1
109.8709378,6,1573821300,AUT,FALSE,TRUE,TRUE,609.5709142,-94.00631523,154.2339533,-179.9129122,0.181083967,179.9548017,-7.659701728,0.045482032,1.733094782,-0.987180993,1.248861609,-0.493032745,-34.70492477,55.14078597,43.09364204,-79.04303627,-39.69307067,61.14695663,15.12092285,1,1
109.971421,6,1573821300,AUT,FALSE,TRUE,TRUE,609.5709142,-94.00631523,154.2339533,-179.9129122,0.181083967,179.9548017,-7.659701728,0.045482032,1.733094782,-0.59381982,0.805000241,-0.263620496,-34.70492477,55.14078597,43.09364204,-79.04303627,-39.69307067,61.14695663,15.12092285,1,1
110.0719929,6,1573821300,AUT,FALSE,TRUE,TRUE,616.8085736,-85.98228081,156.876519,-179.9879602,0.239958015,-179.9758634,-6.65753674,-0.018391319,1.829440898,-0.611198791,0.498858422,-0.295452005,-33.35388451,55.44057197,42.93738899,-77.72857361,-39.52462829,61.83452911,15.60857162,1,1
110.1725218,6,1573821300,AUT,FALSE,TRUE,TRUE,626.988292,-83.83505302,159.3265928,179.9668621,0.270558329,-179.9462128,-6.173982223,1.596790355,2.262132779,-0.00797226,0.340015129,-0.055226719,-32.30348511,56.23272056,42.85680428,-75.50069389,-39.46080871,62.97034034,15.34978866,1,1
110.2730088,6,1573821300,AUT,FALSE,TRUE,TRUE,626.988292,-83.83505302,159.3265928,179.9668621,0.270558329,-179.9462128,-6.173982223,1.596790355,2.262132779,-0.00797226,0.340015129,-0.055226719,-32.30348511,56.23272056,42.85680428,-75.50069389,-39.46080871,62.97034034,15.34978866,1,1
110.3735199,6,1573821301,AUT,FALSE,TRUE,TRUE,642.1940297,-84.67891452,161.018256,-179.9913847,0.296558043,179.9770053,-5.867302958,2.624900388,1.259488407,-0.168313082,0.32042806,-0.15821063,-31.12808533,57.77137642,42.82924576,-71.88197593,-39.48455566,64.64251785,14.40465546,1,1
110.474046,6,1573821301,AUT,FALSE,TRUE,TRUE,655.4984634,-86.71903909,160.9995924,-179.9639201,0.284616863,179.9490277,-5.569057013,3.971316634,2.587109414,-0.068564281,0.394289848,-0.143581366,-30.10987588,59.28040695,42.73198929,-68.55734138,-39.59369384,66.06720085,13.45496979,1,1
110.5745299,6,1573821301,AUT,FALSE,TRUE,TRUE,668.6507549,-87.87933288,159.0953841,-179.9518323,0.272624083,179.8981114,-5.109408654,4.063611436,1.939532052,-0.174441396,0.324106474,-0.182586106,-28.93430786,60.97309113,42.54019546,-65.08708305,-39.70732543,67.37963791,12.54276466,1,1
110.675108,6,1573821301,AUT,FALSE,TRUE,TRUE,668.6507549,-87.87933288,159.0953841,-179.9518323,0.272624083,179.8981114,-5.109408654,4.063611436,1.939532052,-0.174441396,0.324106474,-0.182586106,-27.54269714,62.74811439,42.32654914,-61.52313537,-39.84135314,68.61393127,11.75408363,1,1
110.7759409,6,1573821301,AUT,FALSE,TRUE,TRUE,682.1875911,-86.88188179,156.3765649,-179.9232183,0.295825274,179.854597,-5.826734569,5.389689572,2.574046539,-0.245100232,0.30204335,-0.255713477,-27.54269714,62.74811439,42.32654914,-61.52313537,-39.84135314,68.61393127,11.75408363,1,1
110.876709,6,1573821301,AUT,FALSE,TRUE,TRUE,694.7753794,-81.20904971,153.8275567,-179.9160197,0.202851838,179.761292,-0.092576451,5.219701184,0.516039163,-0.404249802,-0.364905641,-0.452079032,-25.8815712,64.48547173,42.25738678,-58.04997253,-39.98025329,69.93879318,11.3418457,1,1
110.977366,6,1573821301,AUT,FALSE,TRUE,TRUE,705.0491608,-69.4831724,151.9850206,-179.8195517,0.091992429,179.7001732,2.670405598,5.279072121,0.198343376,-0.552431293,-0.841135442,-0.768076253,-23.99496804,65.87156524,42.26042862,-55.22606392,-40.12699218,71.07762565,11.4802082,1,1
111.0779099,6,1573821301,AUT,FALSE,TRUE,TRUE,712.4542238,-52.12660765,150.9470414,-179.7635113,0.016506275,179.6724862,1.08448769,9.325511668,-0.621607521,0.33028401,-0.405592416,-0.752246722,-21.96076012,66.79974861,42.2598175,-53.27908401,-40.22172729,71.86184006,12.32362861,1,1
111.1783888,6,1573821301,AUT,FALSE,TRUE,TRUE,712.4542238,-52.12660765,150.9470414,-179.7635113,0.016506275,179.6724862,1.08448769,9.325511668,-0.621607521,0.33028401,-0.405592416,-0.752246722,-21.96076012,66.79974861,42.2598175,-53.27908401,-40.22172729,71.86184006,12.32362861,1,1
111.2789838,6,1573821301,AUT,FALSE,TRUE,TRUE,717.557527,-23.9530811,151.4821332,-179.7982207,-0.017478676,179.6867033,4.157579447,4.160738385,-1.072627542,-0.590425185,-1.048443861,-0.720646229,-19.31474419,67.2825531,42.25501098,-52.06660881,-40.25065429,72.41858596,14.25399856,1,1
111.3794739,6,1573821302,AUT,FALSE,TRUE,TRUE,718.7181163,1.189085136,152.9747942,-179.7936207,0.00539951,179.729687,1.502524857,3.736232257,0.464037569,-0.669573112,-0.848000684,-0.674635202,-17.24831543,67.26683578,42.26694145,-51.82501259,-40.24851745,72.59813346,16.20819168,1,1
111.4799459,6,1573821302,AUT,FALSE,TRUE,TRUE,718.7181163,1.189085136,152.9747942,-179.7936207,0.00539951,179.729687,1.502524857,3.736232257,0.464037569,-0.669573112,-0.848000684,-0.674635202,-15.2731556,67.12955131,42.26448326,-51.8245491,-40.2316864,72.70633506,18.23025284,1,1
111.5804529,6,1573821302,AUT,FALSE,TRUE,TRUE,718.2774345,25.51863194,154.6361497,-179.8519343,0.022100495,179.7828053,-3.496035332,8.241884292,0.747074451,0.656611966,0.14848335,-0.558753596,-15.2731556,67.12955131,42.26448326,-51.8245491,-40.2316864,72.70633506,18.23025284,1,1
111.680918,6,1573821302,AUT,FALSE,TRUE,TRUE,716.8808258,47.94079203,156.1016693,-179.9060052,-0.031909071,179.8122613,-1.516500826,4.897355167,1.106960949,0.043724447,0.056807343,-0.639398164,-13.45090142,67.00611992,42.26119766,-51.81996574,-40.17120666,72.86310653,20.05811004,1,1
111.7814009,6,1573821302,AUT,FALSE,TRUE,TRUE,714.2910901,67.96094197,156.5388208,-179.8472158,-0.22390135,179.8686247,1.593194933,4.442038748,0.580280962,-0.027157115,0.193113907,-0.57795538,-11.8440445,66.94039764,42.26217956,-51.87914772,-40.12992553,73.05604362,21.62719116,1,1
111.8820009,6,1573821302,AUT,FALSE,TRUE,TRUE,709.4768064,84.42747095,155.6370606,-179.9408767,-0.521674982,179.9952992,6.798569948,-0.72168143,0.210013266,-0.828562351,0.256006625,-0.333707765,-10.61778145,66.75730705,42.24759521,-52.47421531,-40.12104858,73.06230926,23.28945351,1,1
111.982393,6,1573821302,AUT,FALSE,TRUE,TRUE,709.4768064,84.42747095,155.6370606,-179.9408767,-0.521674982,179.9952992,6.798569948,-0.72168143,0.210013266,-0.828562351,0.256006625,-0.333707765,-10.61778145,66.75730705,42.24759521,-52.47421531,-40.12104858,73.06230926,23.28945351,1,1
112.0829539,6,1573821302,AUT,FALSE,TRUE,TRUE,702.32291,94.93594595,154.2567262,-179.9362221,-0.641909791,-179.9032915,10.31462973,-0.291624405,0.789325429,-0.386531989,0.04557195,-0.248969609,-10.15558319,66.16211586,42.22471962,-54.14356727,-40.12090576,72.42773895,24.72527732,1,1
112.183471,6,1573821302,AUT,FALSE,TRUE,TRUE,688.0359387,102.5417596,151.5450385,-179.9167358,-0.671632948,-179.8236543,7.385696623,1.17611101,-0.217275499,0.015949705,0.449548488,-0.299763137,-10.55350113,64.72117996,42.2177845,-58.04352836,-40.11628051,70.66254158,26.68424949,1,1
112.2839808,6,1573821302,AUT,FALSE,TRUE,TRUE,688.0359387,102.5417596,151.5450385,-179.9167358,-0.671632948,-179.8236543,7.385696623,1.17611101,-0.217275499,0.015949705,0.449548488,-0.299763137,-10.55350113,64.72117996,42.2177845,-58.04352836,-40.11628051,70.66254158,26.68424949,1,1
112.384496,6,1573821303,AUT,FALSE,TRUE,TRUE,672.9910975,106.4221454,149.1645316,-179.9073544,-0.621974193,-179.8302289,4.383363539,2.02306678,-0.221467145,0.082469308,0.50808486,-0.401219555,-11.30688858,63.13421172,42.21752701,-62.1431076,-40.06403503,68.70794334,28.38542404,1,1
112.4850779,6,1573821303,AUT,FALSE,TRUE,TRUE,656.218874,109.6085346,147.0772638,-179.840539,-0.494105795,-179.8556483,-1.391221139,6.513170342,1.991908282,0.89049878,1.051811537,-0.568679028,-12.19150773,61.32176284,42.23303489,-66.64591941,-40.03583312,66.52274894,30.08795128,1,1
112.58587,6,1573821303,AUT,FALSE,TRUE,TRUE,640.0680971,114.0170116,145.5549956,-179.832119,-0.352090711,-179.9114753,-3.903380439,5.807786342,1.667664117,0.491194085,1.179998759,-0.801189748,-12.80813943,59.64554786,42.25134773,-70.67181816,-39.98743835,64.52461738,31.80761375,1,1
112.686589,6,1573821303,AUT,FALSE,TRUE,TRUE,640.0680971,114.0170116,145.5549956,-179.832119,-0.352090711,-179.9114753,-3.903380439,5.807786342,1.667664117,0.491194085,1.179998759,-0.801189748,-12.80813943,59.64554786,42.25134773,-70.67181816,-39.98743835,64.52461738,31.80761375,1,1
112.7872698,6,1573821303,AUT,FALSE,TRUE,TRUE,622.8167114,123.923035,143.9217521,-179.7939142,-0.238350487,179.9910445,-6.736839009,9.034477461,3.706098843,0.72416393,1.490230045,-0.976916551,-12.87398529,58.02997741,42.30053215,-74.50388717,-39.94840942,62.59519501,33.93208465,1,1
112.8877769,6,1573821303,AUT,FALSE,TRUE,TRUE,622.8167114,123.923035,143.9217521,-179.7939142,-0.238350487,179.9910445,-6.736839009,9.034477461,3.706098843,0.72416393,1.490230045,-0.976916551,-12.10264893,57.29172363,42.36988334,-76.36111908,-39.99433227,61.59352341,35.8712059,1,1
112.988281,6,1573821303,AUT,FALSE,TRUE,TRUE,612.4410798,137.7410762,142.8901295,-179.7956159,-0.122345123,179.9154611,-8.840572596,9.709295045,3.421422015,0.622089791,1.804560324,-1.01526242,-12.10264893,57.29172363,42.36988334,-76.36111908,-39.99433227,61.59352341,35.8712059,1,1
113.088871,6,1573821303,AUT,FALSE,TRUE,TRUE,612.4410798,137.7410762,142.8901295,-179.7956159,-0.122345123,179.9154611,-8.840572596,9.709295045,3.421422015,0.622089791,1.804560324,-1.01526242,-9.98925705,57.40849113,42.35977249,-76.27182769,-40.08521667,61.42871475,37.90909424,1,1
113.1893649,6,1573821303,AUT,FALSE,TRUE,TRUE,608.2105028,160.1564962,141.9754178,-179.7698624,-0.013233189,179.8508008,-5.363577155,7.778183838,3.363369172,-0.195052242,0.964697034,-1.049931855,-9.98925705,57.40849113,42.35977249,-76.27182769,-40.08521667,61.42871475,37.90909424,1,1
113.2898839,6,1573821303,AUT,FALSE,TRUE,TRUE,608.2105028,160.1564962,141.9754178,-179.7698624,-0.013233189,179.8508008,-5.363577155,7.778183838,3.363369172,-0.195052242,0.964697034,-1.049931855,-7.4543438,58.27060546,42.32817306,-74.76305809,-40.24554016,61.9992382,39.64154548,1,1
113.3903658,6,1573821304,AUT,FALSE,TRUE,TRUE,608.1769479,184.2113323,140.1359968,-179.768948,-0.054733279,179.8208631,-2.079811676,4.912044519,2.544866448,-0.730369123,0.640396075,-0.984360223,-7.4543438,58.27060546,42.32817306,-74.76305809,-40.24554016,61.9992382,39.64154548,1,1
113.4908519,6,1573821304,AUT,FALSE,TRUE,TRUE,608.8465848,210.6117409,138.4989297,-179.8672204,-0.110707966,179.8459512,-2.079811676,4.912044519,2.544866448,-0.730369123,0.640396075,-0.984360223,-4.580234531,59.4139801,42.30880279,-72.63362961,-40.41364196,62.86945152,41.46903534,1,1
113.5913339,6,1573821304,AUT,FALSE,TRUE,TRUE,608.8465848,210.6117409,138.4989297,-179.8672204,-0.110707966,179.8459512,-0.24507976,9.012683132,1.5729353,0.389786366,0.354845352,-0.814445635,-4.580234531,59.4139801,42.30880279,-72.63362961,-40.41364196,62.86945152,41.46903534,1,1
113.6918268,6,1573821304,AUT,FALSE,TRUE,TRUE,608.8465848,210.6117409,138.4989297,-179.8672204,-0.110707966,179.8459512,-0.24507976,9.012683132,1.5729353,0.389786366,0.354845352,-0.814445635,-2.054978944,60.07248001,42.32816619,-71.12517242,-40.46425598,63.79095726,43.09152718,1,1
113.7923069,6,1573821304,AUT,FALSE,TRUE,TRUE,605.5680002,234.7206267,138.9984151,-179.7677516,-0.286270593,-179.9633063,7.343780313,1.588377575,-0.453583365,-0.533219279,-0.500818955,-0.520641391,-2.054978944,60.07248001,42.32816619,-71.12517242,-40.46425598,63.79095726,43.09152718,1,1
113.8927748,6,1573821304,AUT,FALSE,TRUE,TRUE,591.4533193,254.447595,139.3939301,-179.9250934,-0.446362377,-179.8163908,6.20688059,1.238973543,-1.262224277,-0.533219279,-0.500818955,-0.520641391,-0.234770969,59.58184433,42.37531814,-72.19646644,-40.42224975,63.57147446,45.68852691,1,1
113.9933128,6,1573821304,AUT,FALSE,TRUE,TRUE,591.4533193,254.447595,139.3939301,-179.9250934,-0.446362377,-179.8163908,6.20688059,1.238973543,-1.262224277,-0.204465373,0.164171953,-0.379808718,-0.234770969,59.58184433,42.37531814,-72.19646644,-40.42224975,63.57147446,45.68852691,1,1
114.0938089,6,1573821304,AUT,FALSE,TRUE,TRUE,569.1999812,266.4474241,139.9439523,-179.8904969,-0.48079416,-179.7000872,4.708579808,0.266315987,-0.912977703,-0.204465373,0.164171953,-0.379808718,0.590621563,57.94129714,42.39399147,-75.76130333,-40.28332763,62.12970428,48.427985,1,1
114.194284,6,1573821304,AUT,FALSE,TRUE,TRUE,569.1999812,266.4474241,139.9439523,-179.8904969,-0.48079416,-179.7000872,4.708579808,0.266315987,-0.912977703,-0.277212068,0.241474359,-0.414581375,0.590621563,57.94129714,42.39399147,-75.76130333,-40.28332763,62.12970428,48.427985,1,1
114.2947628,6,1573821304,AUT,FALSE,TRUE,TRUE,541.4078079,270.3334122,138.6379813,-179.8831203,-0.441137101,-179.6440978,4.708579808,0.266315987,-0.912977703,-0.277212068,0.241474359,-0.414581375,0.535593794,55.58868484,42.43544083,-80.94849128,-40.24593566,59.66694374,51.30664329,1,1
114.395256,6,1573821305,AUT,FALSE,TRUE,TRUE,541.4078079,270.3334122,138.6379813,-179.8831203,-0.441137101,-179.6440978,2.654690485,4.96054188,0.484561908,0.490099125,0.313833497,-0.503528668,0.535593794,55.58868484,42.43544083,-80.94849128,-40.24593566,59.66694374,51.30664329,1,1
114.496058,6,1573821305,AUT,FALSE,TRUE,TRUE,514.3374072,271.7823373,136.2757264,-179.8864479,-0.384486954,-179.6749794,-0.226652169,6.147602713,2.473471681,0.91113125,0.636847491,-0.572189199,0.414308163,53.32777748,42.4350666,-86.12996292,-40.23347717,57.10331154,53.97466964,1,1
114.596807,6,1573821305,AUT,FALSE,TRUE,TRUE,514.3374072,271.7823373,136.2757264,-179.8864479,-0.384486954,-179.6749794,-0.226652169,6.147602713,2.473471681,0.91113125,0.636847491,-0.572189199,0.414308163,53.32777748,42.4350666,-86.12996292,-40.23347717,57.10331154,53.97466964,1,1
114.6974709,6,1573821305,AUT,FALSE,TRUE,TRUE,494.1177858,271.6850451,135.2872324,-179.8828355,-0.260597359,-179.6371405,-2.021451351,6.008743027,2.665876819,0.826017551,0.961460807,-0.569254734,0.381290813,51.57209014,42.41747818,-89.91081504,-40.27348937,55.17483329,55.96680336,1,1
122.086611,7,1573821312,AUT,FALSE,TRUE,TRUE,471.9530215,-399.9800739,169.9683814,-179.9935036,-0.0156247,179.9960625,-0.575318432,-0.557336061,4.839388526,-0.321757935,0.451783989,-0.003821004,-65.51061288,53.65196686,42.34722748,-78.18121719,-37.69990356,62.54440727,-17.51783752,1,1
122.1872339,7,1573821312,AUT,FALSE,TRUE,TRUE,471.9530215,-399.9800739,169.9683814,-179.9935036,-0.0156247,179.9960625,-0.575318432,-0.557336061,4.839388526,-0.321757935,0.451783989,-0.003821004,-65.51029358,53.82747688,42.30489921,-78.18124123,-37.72084899,62.54521064,-17.51917305,1,1
122.28775,7,1573821312,AUT,FALSE,TRUE,TRUE,471.381218,-399.9224522,166.7315492,-179.9641328,-0.177547185,179.8596024,-0.801618858,-0.028286955,4.349097821,-0.485811821,0.394417963,-0.047991073,-65.51029358,53.82747688,42.30489921,-78.18124123,-37.72084899,62.54521064,-17.51917305,1,1
122.3882508,7,1573821313,AUT,FALSE,TRUE,TRUE,471.6101713,-400.9407771,161.0010749,-179.9373107,-0.003679983,179.8629309,-0.83886186,0.263786796,2.327100026,-0.517067451,0.230031272,-0.196297151,-65.51065407,54.47135468,42.17033043,-78.17715911,-38.13829101,61.93203621,-17.48398591,1,1
122.4887249,7,1573821313,AUT,FALSE,TRUE,TRUE,471.8170697,-401.6865896,155.2265103,-179.9137075,0.050291853,179.8767872,-0.902027627,0.39400684,1.115556163,-0.502929882,0.03213581,-0.286011877,-65.51019745,55.0415451,42.10360221,-78.17021026,-38.58132568,61.44473076,-17.32695008,1,1
122.5892529,7,1573821313,AUT,FALSE,TRUE,TRUE,471.8170697,-401.6865896,155.2265103,-179.9137075,0.050291853,179.8767872,-0.902027627,0.39400684,1.115556163,-0.502929882,0.03213581,-0.286011877,-65.51019745,55.0415451,42.10360221,-78.17021026,-38.58132568,61.44473076,-17.32695008,1,1
122.689723,7,1573821313,AUT,FALSE,TRUE,TRUE,472.870406,-401.5519484,150.2037116,-179.9262771,0.103836486,179.8618871,-1.227595495,0.199425468,1.018654665,-0.645390547,-0.180580103,-0.338587374,-65.42816048,55.59105377,42.10656509,-78.09302444,-38.98133239,61.11214714,-17.06765213,1,1
122.7901878,7,1573821313,AUT,FALSE,TRUE,TRUE,472.870406,-401.5519484,150.2037116,-179.9262771,0.103836486,179.8618871,-1.227595495,0.199425468,1.018654665,-0.645390547,-0.180580103,-0.338587374,-65.42816048,55.59105377,42.10656509,-78.09302444,-38.98133239,61.11214714,-17.06765213,1,1
122.8906598,7,1573821313,AUT,FALSE,TRUE,TRUE,478.2660779,-399.7991382,147.2617069,-179.9120862,0.244336853,179.8926691,-3.600411083,0.132093766,1.00661348,-0.412698249,0.01356859,-0.252933648,-65.02774659,56.06726989,42.12931366,-77.71660881,-39.24488342,60.98865394,-16.66339303,1,1
122.991154,7,1573821313,AUT,FALSE,TRUE,TRUE,486.2300167,-397.8495876,146.9995098,-179.9201873,0.228865672,179.8997861,-3.668860903,-1.362492364,1.260825168,-0.828671344,-0.180430163,-0.259759379,-63.97746392,56.69846191,42.10499268,-76.51697387,-39.37799926,61.47042503,-16.30331612,1,1
123.091624,7,1573821313,AUT,FALSE,TRUE,TRUE,486.2300167,-397.8495876,146.9995098,-179.9201873,0.228865672,179.8997861,-3.668860903,-1.362492364,1.260825168,-0.828671344,-0.180430163,-0.259759379,-63.97746392,56.69846191,42.10499268,-76.51697387,-39.37799926,61.47042503,-16.30331612,1,1
123.1921589,7,1573821313,AUT,FALSE,TRUE,TRUE,496.3583389,-397.3263947,147.6128056,-179.9422571,0.260936924,179.9176356,-3.53777004,-1.172056862,1.932706379,-0.815420732,-0.118697219,-0.213214983,-62.86140061,57.44347572,42.09744644,-74.79379577,-39.42692138,62.23330193,-16.11234971,1,1
123.2926569,7,1573821313,AUT,FALSE,TRUE,TRUE,496.3583389,-397.3263947,147.6128056,-179.9422571,0.260936924,179.9176356,-3.53777004,-1.172056862,1.932706379,-0.815420732,-0.118697219,-0.213214983,-62.86140061,57.44347572,42.09744644,-74.79379577,-39.42692138,62.23330193,-16.11234971,1,1
123.3931389,7,1573821314,AUT,FALSE,TRUE,TRUE,511.0957227,-397.9976219,148.0143509,-179.9625694,0.270863619,179.9248476,-2.561835205,-1.270183877,1.687168977,-0.875925093,-0.223290153,-0.15706677,-61.53557739,58.45883903,42.0348793,-71.95538521,-39.49299316,63.51727409,-16.08176651,1,1
123.4936199,7,1573821314,AUT,FALSE,TRUE,TRUE,511.0957227,-397.9976219,148.0143509,-179.9625694,0.270863619,179.9248476,-2.561835205,-1.270183877,1.687168977,-0.875925093,-0.223290153,-0.15706677,-61.53557739,58.45883903,42.0348793,-71.95538521,-39.49299316,63.51727409,-16.08176651,1,1
123.59413,7,1573821314,AUT,FALSE,TRUE,TRUE,524.8156498,-398.7333597,147.5402698,-179.9834984,0.28731326,179.9229509,-2.866851266,-0.779656281,0.520316643,-0.675894649,-0.202192337,-0.078949214,-59.68997383,59.99603576,41.94978676,-69.12114258,-39.58270751,64.67215347,-16.11941529,1,1
123.694659,7,1573821314,AUT,FALSE,TRUE,TRUE,524.8156498,-398.7333597,147.5402698,-179.9834984,0.28731326,179.9229509,-2.866851266,-0.779656281,0.520316643,-0.675894649,-0.202192337,-0.078949214,-59.68997383,59.99603576,41.94978676,-69.12114258,-39.58270751,64.67215347,-16.11941529,1,1
123.7954559,7,1573821314,AUT,FALSE,TRUE,TRUE,543.626849,-398.2195431,146.9101918,-179.9822449,0.316686325,179.9139196,-4.050596239,-0.055871932,2.085764814,-0.496123629,-0.026875295,-0.050846124,-57.49818078,61.75961952,41.86466331,-65.34422836,-39.70811645,66.21258087,-16.14759179,1,1
123.8960819,7,1573821314,AUT,FALSE,TRUE,TRUE,557.8639803,-397.1613922,147.2345648,-179.9753815,0.290289137,179.9189807,-3.607673796,0.66807933,0.28927002,-0.36733914,-0.143573389,-0.003879087,-55.77263374,63.04137726,41.77821464,-62.3410675,-39.74829895,67.51040611,-16.2151474,1,1
123.996747,7,1573821314,AUT,FALSE,TRUE,TRUE,570.228545,-395.8964859,148.1480996,-179.9769623,0.236659064,179.9167311,0.261616467,0.240466157,1.316296683,-0.573992785,-0.680891514,-0.112687029,-54.23612023,64.12318039,41.7081253,-59.63487739,-39.75316589,68.74820823,-16.31408616,1,1
124.0975718,7,1573821314,AUT,FALSE,TRUE,TRUE,570.228545,-395.8964859,148.1480996,-179.9769623,0.236659064,179.9167311,0.261616467,0.240466157,1.316296683,-0.573992785,-0.680891514,-0.112687029,-54.23612023,64.12318039,41.7081253,-59.63487739,-39.75316589,68.74820823,-16.31408616,1,1
124.1981199,7,1573821314,AUT,FALSE,TRUE,TRUE,580.6563129,-393.9349673,149.362045,-179.9584846,0.148696501,179.8883362,1.799367741,2.026100779,0.50600197,-0.260482547,-0.722702166,-0.128301878,-52.87027588,65.0270359,41.67977371,-57.32944793,-39.75317687,69.88350448,-16.37542076,1,1
124.2986059,7,1573821314,AUT,FALSE,TRUE,TRUE,588.9177418,-390.4862138,150.2637874,-179.8908952,0.072299752,179.8461124,3.727742661,2.660221994,0.790000211,-0.276490756,-0.954487153,-0.418168129,-51.75888176,65.65982437,41.67604866,-55.69421883,-39.74915588,70.71115264,-16.31049843,1,1
124.3991759,7,1573821315,AUT,FALSE,TRUE,TRUE,595.1527375,-384.9263218,150.1971887,-179.8722119,0.029425592,179.7918221,4.563642634,4.028965876,0.287734843,-0.084849314,-1.181006577,-0.629438885,-50.86296387,66.0039505,41.67567787,-54.91328316,-39.74088867,71.08729019,-15.91867104,1,1
124.4996719,7,1573821315,AUT,FALSE,TRUE,TRUE,599.8669669,-376.7302898,149.5320606,-179.8455545,-0.027864251,179.7299884,-0.986035258,3.603720326,0.033857641,-0.084849314,-1.181006577,-0.629438885,-50.13055688,66.04813957,41.68222847,-54.94822311,-39.73473632,71.09000244,-15.17643471,1,1
124.600147,7,1573821315,AUT,FALSE,TRUE,TRUE,599.8669669,-376.7302898,149.5320606,-179.8455545,-0.027864251,179.7299884,-0.986035258,3.603720326,0.033857641,-0.194832199,0.232950549,-0.650696897,-50.13055688,66.04813957,41.68222847,-54.94822311,-39.73473632,71.09000244,-15.17643471,1,1
124.7006159,7,1573821315,AUT,FALSE,TRUE,TRUE,605.5182271,-366.8132557,149.8450652,-179.8510799,-0.013197419,179.7420533,-2.158806553,1.485317503,0.304676509,-0.66707487,0.579562255,-0.687562935,-49.25767251,65.97216224,41.69495888,-55.0901905,-39.72929809,71.03794784,-14.21879426,1,1
124.8011019,7,1573821315,AUT,FALSE,TRUE,TRUE,611.6941878,-355.7013548,151.2872575,-179.8194886,-0.024749455,179.7503463,-2.823115458,2.884243065,0.047789315,-0.268027273,0.743902023,-0.712335856,-48.26219444,65.81889267,41.70087089,-55.17656708,-39.66876342,71.10765609,-13.20991974,1,1
124.901593,7,1573821315,AUT,FALSE,TRUE,TRUE,618.021231,-343.2825798,153.2807371,-179.8282012,-0.073713337,179.7588602,-1.146698441,2.62471714,0.086912174,-0.249164917,0.605723794,-0.733705579,-47.19198189,65.60086555,41.71407165,-55.30117264,-39.59091979,71.23119049,-12.05018921,1,1
125.0021648,7,1573821315,AUT,FALSE,TRUE,TRUE,618.021231,-343.2825798,153.2807371,-179.8282012,-0.073713337,179.7588602,-1.146698441,2.62471714,0.086912174,-0.249164917,0.605723794,-0.733705579,-47.19198189,65.60086555,41.71407165,-55.30117264,-39.59091979,71.23119049,-12.05018921,1,1
125.1026468,7,1573821315,AUT,FALSE,TRUE,TRUE,622.9588353,-330.4215894,154.7728581,-179.827829,-0.212543949,179.7529075,1.378160632,2.141321112,1.276437819,-0.452680928,0.475917037,-0.782935975,-46.17310296,65.3093708,41.71819496,-55.67498932,-39.5167456,71.31176491,-10.84234543,1,1
125.2031589,7,1573821315,AUT,FALSE,TRUE,TRUE,626.9448473,-313.2357026,154.4058252,-179.8400858,-0.276951831,179.7422646,3.207371472,3.491408634,1.274833924,-0.207131123,0.397568826,-0.765786435,-45.14483414,64.80675659,41.73266601,-56.89365463,-39.48033691,70.84546738,-9.077817538,1,1
125.3036449,7,1573821315,AUT,FALSE,TRUE,TRUE,626.9448473,-313.2357026,154.4058252,-179.8400858,-0.276951831,179.7422646,3.207371472,3.491408634,1.274833924,-0.207131123,0.397568826,-0.765786435,-45.14483414,64.80675659,41.73266601,-56.89365463,-39.48033691,70.84546738,-9.077817538,1,1
125.4041278,7,1573821316,AUT,FALSE,TRUE,TRUE,627.7204771,-298.0773905,152.9178263,-179.8052375,-0.292869351,179.724946,3.638151331,3.557014054,0.834423468,-0.244478603,0.133377148,-0.812800322,-44.55175782,64.18307991,41.76050262,-58.65107574,-39.47878784,70.01696777,-7.449022294,1,1
125.5046129,7,1573821316,AUT,FALSE,TRUE,TRUE,626.3673846,-282.1738929,151.2864446,-179.8437121,-0.302823202,179.7157159,3.050290387,3.737826026,-0.22814522,-0.114108558,0.34041396,-0.753592881,-44.11179658,63.34559211,41.79879684,-60.89478607,-39.481875,68.97238769,-5.617666631,1,1
125.605283,7,1573821316,AUT,FALSE,TRUE,TRUE,626.3673846,-282.1738929,151.2864446,-179.8437121,-0.302823202,179.7157159,3.050290387,3.737826026,-0.22814522,-0.114108558,0.34041396,-0.753592881,-43.64653931,61.90600204,41.96078338,-64.37988281,-39.48888427,67.41283378,-3.003995138,1,1
125.7067299,7,1573821316,AUT,FALSE,TRUE,TRUE,622.600027,-259.6703323,150.7489087,-179.844083,-0.230336635,179.7175539,0.826825272,3.284374209,0.146600874,-0.278136005,0.231539736,-0.752599971,-43.64653931,61.90600204,41.96078338,-64.37988281,-39.48888427,67.41283378,-3.003995138,1,1
125.807339,7,1573821316,AUT,FALSE,TRUE,TRUE,619.177529,-240.6634251,152.3796072,-179.8319357,-0.190555788,179.7200911,-0.929991497,3.394537336,-0.239285736,-0.2290672,0.345064202,-0.712697267,-43.21017953,60.62556266,42.23006172,-67.11270103,-39.49473999,66.38143043,-0.851512531,1,1
125.9078069,7,1573821316,AUT,FALSE,TRUE,TRUE,616.0642737,-221.6690367,155.1483311,-179.8338077,-0.17178759,179.7520696,-2.411054556,4.020664724,0.139673318,0.063782944,0.707630792,-0.669050409,-42.64862709,59.36590805,42.55529823,-69.54816055,-39.49234497,65.59285583,1.297248456,1,1
126.0082929,7,1573821316,AUT,FALSE,TRUE,TRUE,613.3131677,-201.3341343,158.1125261,-179.8328658,-0.157764824,179.749186,-2.998124484,2.876208191,1.284782866,-0.159401783,0.668926435,-0.728354581,-41.88937569,58.15452117,42.8787117,-71.80746459,-39.42474609,64.89093246,3.510677719,1,1
126.1088219,7,1573821316,AUT,FALSE,TRUE,TRUE,613.3131677,-201.3341343,158.1125261,-179.8328658,-0.157764824,179.749186,-2.998124484,2.876208191,1.284782866,-0.159401783,0.668926435,-0.728354581,-41.88937569,58.15452117,42.8787117,-71.80746459,-39.42474609,64.89093246,3.510677719,1,1
126.2094419,7,1573821316,AUT,FALSE,TRUE,TRUE,611.0901129,-180.8081111,160.3769944,-179.8398407,-0.12788421,179.7649266,-3.30209692,3.568774765,1.542957392,0.13509708,0.835773732,-0.710118295,-40.91753541,57.0720108,43.11640091,-73.80121879,-39.33625122,64.21404419,5.715050125,1,1
126.3099599,7,1573821316,AUT,FALSE,TRUE,TRUE,609.9043637,-160.982942,161.9101117,-179.8438939,-0.083434976,179.7858546,-4.10984545,3.195420243,1.008310141,0.01470607,0.859172021,-0.689966264,-39.79460908,56.22704201,43.2874237,-75.36105079,-39.26992675,63.62759743,7.815333938,1,1
126.4104409,7,1573821317,AUT,FALSE,TRUE,TRUE,610.3218502,-142.2030968,163.1474794,-179.8658465,-0.024499722,179.8092994,-5.069941576,1.497178036,1.438426277,-0.315123611,1.019971172,-0.667225366,-38.46094437,55.62938232,43.36711578,-76.39326782,-39.18266235,63.22249374,9.7354763,1,1
126.5109189,7,1573821317,AUT,FALSE,TRUE,TRUE,610.3218502,-142.2030968,163.1474794,-179.8658465,-0.024499722,179.8092994,-5.069941576,1.497178036,1.438426277,-0.315123611,1.019971172,-0.667225366,-36.88513756,55.36989898,43.36983833,-76.61468696,-39.12253417,63.14998054,11.38680381,1,1
126.6113958,7,1573821317,AUT,FALSE,TRUE,TRUE,613.5572428,-124.6679905,164.6134026,-179.8426731,0.06391417,179.8648028,-5.035986818,2.556611389,1.700537388,0.040589962,0.73047781,-0.58423428,-36.88513756,55.36989898,43.36983833,-76.61468696,-39.12253417,63.14998054,11.38680381,1,1
126.711889,7,1573821317,AUT,FALSE,TRUE,TRUE,617.6815184,-110.4865114,164.9541484,-179.8956138,0.116464965,179.8768607,-3.94466704,2.198648146,1.784920073,-0.247454924,0.270963315,-0.567548345,-35.46121674,55.43404541,43.32489051,-76.35988998,-39.10524719,63.22239074,12.69913444,1,1
126.8124208,7,1573821317,AUT,FALSE,TRUE,TRUE,622.4533165,-99.05500315,164.1425442,-179.9127076,0.129695842,179.8857122,-3.809176037,0.136543813,1.312800174,-0.73545567,0.145951954,-0.49775723,-34.09254685,55.76912498,43.22929572,-75.75280609,-39.13785461,63.39751625,13.67968139,1,1
126.9129519,7,1573821317,AUT,FALSE,TRUE,TRUE,628.9407778,-91.95554088,162.8689975,-179.9350301,0.187412537,179.9257175,-4.595473264,-0.262869104,1.145869293,-0.857965311,0.151202695,-0.478905917,-32.8630909,56.36702843,42.99472389,-74.58412513,-39.18667785,63.70771523,14.13033371,1,1
127.0134399,7,1573821317,AUT,FALSE,TRUE,TRUE,628.9407778,-91.95554088,162.8689975,-179.9350301,0.187412537,179.9257175,-4.595473264,-0.262869104,1.145869293,-0.857965311,0.151202695,-0.478905917,-32.8630909,56.36702843,42.99472389,-74.58412513,-39.18667785,63.70771523,14.13033371,1,1
127.113956,7,1573821317,AUT,FALSE,TRUE,TRUE,637.4751037,-88.41409959,162.3708021,-179.9402149,0.234557605,179.9391482,-5.196721352,0.879135014,0.727770354,-0.632291139,0.179559242,-0.31548243,-31.79108963,57.21569481,42.80350685,-72.76128387,-39.22851379,64.37095642,14.09194679,1,1
127.2144699,7,1573821317,AUT,FALSE,TRUE,TRUE,648.0292,-86.14576529,162.860303,-179.9682003,0.258111459,179.9152009,-5.284312684,2.015233091,0.747100499,-0.583658553,0.227727448,-0.262747262,-30.72064019,58.2867382,42.73311195,-70.34435348,-39.29908996,65.42313423,13.7821495,1,1
127.3149948,7,1573821317,AUT,FALSE,TRUE,TRUE,659.5263334,-84.45164034,163.9674218,-179.9404073,0.277162911,179.8955333,-5.434280806,2.967597333,1.797561779,-0.364706993,0.162328209,-0.249669384,-29.55488434,59.49913101,42.68346405,-67.47699051,-39.36284912,66.70523872,13.26202926,1,1
127.4157789,7,1573821318,AUT,FALSE,TRUE,TRUE,659.5263334,-84.45164034,163.9674218,-179.9404073,0.277162911,179.8955333,-5.434280806,2.967597333,1.797561779,-0.364706993,0.162328209,-0.249669384,-28.25910531,60.78221054,42.64257774,-64.41783028,-39.41589111,68.10420684,12.76847878,1,1
127.5165079,7,1573821318,AUT,FALSE,TRUE,TRUE,671.4725098,-81.71240664,165.164279,-179.9484072,0.268253433,179.8525777,-4.488175528,3.20614596,0.538663588,-0.454761258,0.033558749,-0.318090347,-28.25910531,60.78221054,42.64257774,-64.41783028,-39.41589111,68.10420684,12.76847878,1,1
127.617039,7,1573821318,AUT,FALSE,TRUE,TRUE,682.3525963,-76.02740222,165.3058509,-179.8677709,0.169599726,179.7769021,-1.929464887,5.754359785,1.434788289,-0.123634631,-0.100202844,-0.392627887,-26.83227997,62.05077095,42.62576866,-61.55442581,-39.48368225,69.41368446,12.45043488,1,1
127.7176099,7,1573821318,AUT,FALSE,TRUE,TRUE,693.1726023,-64.01188678,163.0544175,-179.8954801,0.172498251,179.7200972,-1.510775415,3.641539379,0.376056293,-0.761175416,-0.171995659,-0.70108807,-24.87818642,63.43064346,42.54561653,-58.83783302,-39.64476928,70.35410728,12.81075554,1,1
127.8181269,7,1573821318,AUT,FALSE,TRUE,TRUE,693.1726023,-64.01188678,163.0544175,-179.8954801,0.172498251,179.7200972,-1.510775415,3.641539379,0.376056293,-0.761175416,-0.171995659,-0.70108807,-24.87818642,63.43064346,42.54561653,-58.83783302,-39.64476928,70.35410728,12.81075554,1,1
127.918597,7,1573821318,AUT,FALSE,TRUE,TRUE,702.7272512,-46.30649383,159.5433086,-179.8916586,0.126388406,179.7043706,-0.721896285,5.031044929,0.601346268,-0.541487437,-0.243126615,-0.755739143,-22.57010651,64.73567504,42.36418762,-56.43384246,-39.78368591,71.09539261,13.64830169,1,1
128.0191829,7,1573821318,AUT,FALSE,TRUE,TRUE,702.7272512,-46.30649383,159.5433086,-179.8916586,0.126388406,179.7043706,-0.721896285,5.031044929,0.601346268,-0.541487437,-0.243126615,-0.755739143,-22.57010651,64.73567504,42.36418762,-56.43384246,-39.78368591,71.09539261,13.64830169,1,1
128.119709,7,1573821318,AUT,FALSE,TRUE,TRUE,710.4642766,-24.13129967,156.9560563,-179.8904574,0.099440693,179.692553,-1.719163401,4.121615167,0.922988076,-0.679933426,0.033698642,-0.7405273,-20.07287293,65.78241463,42.19595947,-54.42337875,-39.84639587,71.71596908,14.89398308,1,1
128.220171,7,1573821318,AUT,FALSE,TRUE,TRUE,715.4637031,-2.975526386,156.2166428,-179.8789463,0.05996551,179.7105111,-1.099243264,4.970328119,0.836362228,-0.376620325,-0.027612861,-0.712971865,-17.84399414,66.46490593,42.10032692,-52.92659798,-39.87778381,72.2810543,16.15427284,1,1
128.3206699,7,1573821318,AUT,FALSE,TRUE,TRUE,718.5142791,17.04718041,155.9437134,-179.8601174,0.017711588,179.7316655,1.046938688,3.484819743,-0.620200909,-0.743178195,-0.464068591,-0.727148101,-15.84663849,66.94121475,42.02603874,-51.8190525,-39.88376586,72.73342323,17.40382004,1,1
128.4211478,7,1573821319,AUT,FALSE,TRUE,TRUE,718.5142791,17.04718041,155.9437134,-179.8601174,0.017711588,179.7316655,1.046938688,3.484819743,-0.620200909,-0.743178195,-0.464068591,-0.727148101,-15.84663849,66.94121475,42.02603874,-51.8190525,-39.88376586,72.73342323,17.40382004,1,1
128.521625,7,1573821319,AUT,FALSE,TRUE,TRUE,719.7981738,36.82471386,155.702131,-179.7788403,-0.040383586,179.7548907,1.846861472,3.872617941,0.493732464,-0.806643657,-0.595515385,-0.755541618,-14.02533531,67.26042938,41.97497978,-51.08457527,-39.88423828,73.05416564,18.68724975,1,1
128.6221819,7,1573821319,AUT,FALSE,TRUE,TRUE,718.9336709,54.41813554,155.2783625,-179.8193623,-0.16535065,179.8537362,2.31417757,2.404665972,0.04591728,-0.458205132,-0.1719049,-0.515339684,-12.50217019,67.37084541,41.91510086,-50.87223014,-39.88347473,73.20397453,20.2065319,1,1
128.7226589,7,1573821319,AUT,FALSE,TRUE,TRUE,718.9336709,54.41813554,155.2783625,-179.8193623,-0.16535065,179.8537362,2.31417757,2.404665972,0.04591728,-0.458205132,-0.1719049,-0.515339684,-11.01785546,67.26654053,41.81216583,-51.14254188,-39.87004394,73.27991409,21.81431923,1,1
128.823139,7,1573821319,AUT,FALSE,TRUE,TRUE,715.6255646,72.6432032,154.8863977,-179.9523017,-0.348581374,179.9861018,4.21084248,-0.090979235,0.214006144,-0.808939962,0.247894956,-0.334598401,-11.01785546,67.26654053,41.81216583,-51.14254188,-39.87004394,73.27991409,21.81431923,1,1
128.9235969,7,1573821319,AUT,FALSE,TRUE,TRUE,709.2802371,83.62771039,155.1271085,-179.9389624,-0.527402775,-179.9571277,7.005912236,0.685471905,-0.761614249,-0.458517057,0.191979881,-0.380941054,-10.48798829,66.66246758,41.8110363,-52.53027305,-39.76843688,72.91293296,23.13883438,1,1
129.0240769,7,1573821319,AUT,FALSE,TRUE,TRUE,709.2802371,83.62771039,155.1271085,-179.9389624,-0.527402775,-179.9571277,7.005912236,0.685471905,-0.761614249,-0.458517057,0.191979881,-0.380941054,-10.61798744,65.77995987,41.81098137,-54.62279777,-39.70920959,72.08445739,24.19830436,1,1
129.124573,7,1573821319,AUT,FALSE,TRUE,TRUE,701.8344239,88.88909698,155.0107981,-179.8899445,-0.556468107,-179.8998554,4.999079821,3.59055778,0.633711591,0.35947941,0.606707574,-0.373847093,-10.61798744,65.77995987,41.81098137,-54.62279777,-39.70920959,72.08445739,24.19830436,1,1
129.225173,7,1573821319,AUT,FALSE,TRUE,TRUE,688.5504151,95.14602017,153.5169712,-179.8805815,-0.542366015,-179.8630214,2.457830383,4.571672063,1.188171986,0.35947941,0.606707574,-0.373847093,-11.11401672,64.29332084,41.81417427,-58.33343696,-39.62352172,70.43424224,25.92171593,1,1
129.3259029,7,1573821319,AUT,FALSE,TRUE,TRUE,688.5504151,95.14602017,153.5169712,-179.8805815,-0.542366015,-179.8630214,2.457830383,4.571672063,1.188171986,0.622403676,0.739968772,-0.438064502,-11.11401672,64.29332084,41.81417427,-58.33343696,-39.62352172,70.43424224,25.92171593,1,1
129.4266288,7,1573821320,AUT,FALSE,TRUE,TRUE,667.6484001,102.5188649,149.8804811,-179.8820185,-0.505029344,-179.8539004,1.659535932,3.226654378,0.463032983,0.391553486,0.752171953,-0.500391301,-11.92886925,62.18619118,41.82053604,-63.81190681,-39.59211181,67.83718758,28.39904365,1,1
129.5272908,7,1573821320,AUT,FALSE,TRUE,TRUE,667.6484001,102.5188649,149.8804811,-179.8820185,-0.505029344,-179.8539004,1.659535932,3.226654378,0.463032983,0.391553486,0.752171953,-0.500391301,-11.92886925,62.18619118,41.82053604,-63.81190681,-39.59211181,67.83718758,28.39904365,1,1
129.6277728,7,1573821320,AUT,FALSE,TRUE,TRUE,649.2729671,108.8038475,146.8408808,-179.8377501,-0.470689037,-179.8707898,-0.439221161,6.405150084,2.446423709,0.960244565,0.816133205,-0.641975957,-12.55024567,60.39900741,41.84348373,-68.40407867,-39.5841687,65.55365181,30.42627182,1,1
129.7282329,7,1573821320,AUT,FALSE,TRUE,TRUE,628.6450141,119.9748255,143.4781989,-179.7701388,-0.296833877,-179.9987699,-4.923905984,8.640907272,3.255169609,0.960244565,0.816133205,-0.641975957,-12.74603234,58.5085144,41.86952476,-73.26244239,-39.600401,63.01283684,32.94711227,1,1
129.828702,7,1573821320,AUT,FALSE,TRUE,TRUE,628.6450141,119.9748255,143.4781989,-179.7701388,-0.296833877,-179.9987699,-4.923905984,8.640907272,3.255169609,0.779210272,1.258648389,-0.931369162,-12.74603234,58.5085144,41.86952476,-73.26244239,-39.600401,63.01283684,32.94711227,1,1
129.929178,7,1573821320,AUT,FALSE,TRUE,TRUE,617.5442052,131.4504675,141.8404797,-179.7913838,-0.197325957,179.938655,-8.14319467,9.168743051,3.977138776,0.578294975,1.680495556,-1.020414871,-12.24471589,57.65706367,41.94364471,-75.45748329,-39.70030517,61.83697014,34.80406608,1,1
130.0296528,7,1573821320,AUT,FALSE,TRUE,TRUE,611.7512891,144.3922526,140.5466919,-179.7799592,-0.139603076,179.8898947,-8.071353243,9.430663587,3.087302716,0.595783837,1.807112591,-1.001913938,-11.22287064,57.42344284,41.95362511,-76.22832184,-39.77092529,61.33407096,36.27302742,1,1
130.130167,7,1573821320,AUT,FALSE,TRUE,TRUE,610.2109432,158.1769549,139.9010239,-179.7796341,-0.023645466,179.8434711,-5.09416173,7.91796666,2.452158599,0.185671769,0.92291863,-0.999276429,-9.884725575,57.60516357,41.92535591,-75.94877128,-39.84602233,61.29038314,37.47379188,1,1
130.2306468,7,1573821320,AUT,FALSE,TRUE,TRUE,610.2109432,158.1769549,139.9010239,-179.7796341,-0.023645466,179.8434711,-5.09416173,7.91796666,2.452158599,0.185671769,0.92291863,-0.999276429,-9.884725575,57.60516357,41.92535591,-75.94877128,-39.84602233,61.29038314,37.47379188,1,1
130.3311539,7,1573821320,AUT,FALSE,TRUE,TRUE,611.5524172,175.567974,139.7307393,-179.7948101,-0.03569304,179.8665417,-5.09416173,7.91796666,2.452158599,0.185671769,0.92291863,-0.999276429,-8.013692094,58.23555564,41.89208107,-74.60243111,-39.90650756,61.88442764,38.61184844,1,1
130.4316299,7,1573821321,AUT,FALSE,TRUE,TRUE,611.5524172,175.567974,139.7307393,-179.7948101,-0.03569304,179.8665417,-3.549021547,8.542012048,2.165646774,-0.600042635,0.6866076,-1.025599683,-8.013692094,58.23555564,41.89208107,-74.60243111,-39.90650756,61.88442764,38.61184844,1,1
130.5321288,7,1573821321,AUT,FALSE,TRUE,TRUE,616.438084,199.2255865,140.0122378,-179.7825046,-0.041167106,179.8618155,-2.182138554,9.036302967,1.801271917,0.291086695,0.5469518,-0.959685869,-5.32275925,59.47455597,41.88679733,-71.85597954,-39.98720214,63.1449234,39.76916885,1,1
130.6326089,7,1573821321,AUT,FALSE,TRUE,TRUE,616.438084,199.2255865,140.0122378,-179.7825046,-0.041167106,179.8618155,-2.182138554,9.036302967,1.801271917,0.291086695,0.5469518,-0.959685869,-5.32275925,59.47455597,41.88679733,-71.85597954,-39.98720214,63.1449234,39.76916885,1,1
130.733084,7,1573821321,AUT,FALSE,TRUE,TRUE,619.6453655,217.1843178,141.4375537,-179.7784009,-0.090849373,179.9236356,0.45370818,6.951294723,1.575521154,0.127886946,0.199023187,-0.872805534,-3.340674594,60.33524894,41.89357796,-69.69820976,-39.9972052,64.24896354,40.53576049,1,1
130.8335459,7,1573821321,AUT,FALSE,TRUE,TRUE,618.5588247,233.4731961,141.4240306,-179.8847799,-0.240936059,179.9854347,4.024269964,1.809777274,1.073628736,0.127886946,0.199023187,-0.872805534,-1.428826906,60.99380722,41.89792442,-68.22053489,-39.99047607,65.03933029,41.66644592,1,1
130.9340789,7,1573821321,AUT,FALSE,TRUE,TRUE,618.5588247,233.4731961,141.4240306,-179.8847799,-0.240936059,179.9854347,4.024269964,1.809777274,1.073628736,-0.881780735,-0.02990494,-0.681707815,-1.428826906,60.99380722,41.89792442,-68.22053489,-39.99047607,65.03933029,41.66644592,1,1
131.0345628,7,1573821321,AUT,FALSE,TRUE,TRUE,612.7299189,245.6259976,139.42394,-179.8732839,-0.481201341,-179.9207332,4.558670241,1.728455208,1.662302188,-0.571079718,0.539945251,-0.504079376,-0.264406587,61.15900039,41.88030509,-68.24750289,-39.99834777,65.1092514,42.80523376,1,1
131.135061,7,1573821321,AUT,FALSE,TRUE,TRUE,604.3241496,255.1811256,136.5459742,-179.9048349,-0.512004187,-179.8535996,4.741888713,1.467789478,1.16855198,-0.578073504,0.807061348,-0.418426474,0.545618819,60.99308281,41.85994606,-69.21702232,-40.1677185,64.56328926,44.28013801,1,1
131.2357779,7,1573821321,AUT,FALSE,TRUE,TRUE,593.1765491,261.6083694,133.4025635,-179.8953195,-0.560174129,-179.7965516,5.083247455,2.060941608,0.971663074,-0.40500216,0.721340525,-0.427697931,0.934311675,60.45530548,41.84703712,-71.07411346,-40.32372436,63.57498321,45.78992043,1,1
131.3365848,7,1573821321,AUT,FALSE,TRUE,TRUE,593.1765491,261.6083694,133.4025635,-179.8953195,-0.560174129,-179.7965516,5.083247455,2.060941608,0.971663074,-0.40500216,0.721340525,-0.427697931,0.934311675,60.45530548,41.84703712,-71.07411346,-40.32372436,63.57498321,45.78992043,1,1
131.4372878,7,1573821322,AUT,FALSE,TRUE,TRUE,575.2706714,265.7794733,129.5048609,-179.8640173,-0.620748784,-179.7386016,4.691823649,4.425215185,2.199701536,0.160212338,0.909069704,-0.484005788,0.970868681,59.55934296,41.82947616,-74.49174041,-40.49533081,61.86390381,47.82123756,1,1
131.537807,7,1573821322,AUT,FALSE,TRUE,TRUE,557.3776018,268.9162501,126.671027,-179.8365117,-0.609692725,-179.753691,2.6482367,5.508649406,1.35673147,0.193470938,1.181196381,-0.588276283,0.910697931,57.97036972,41.81755256,-77.97299881,-40.6250299,60.08958778,49.77929993,1,1
131.6383178,7,1573821322,AUT,FALSE,TRUE,TRUE,557.3776018,268.9162501,126.671027,-179.8365117,-0.609692725,-179.753691,2.6482367,5.508649406,1.35673147,0.193470938,1.181196381,-0.588276283,0.924842831,56.50637626,41.82101326,-81.53402481,-40.75265258,58.29364929,51.8883007,1,1
131.7388229,7,1573821322,AUT,FALSE,TRUE,TRUE,538.2777012,271.6889039,124.838709,-179.8646073,-0.562059921,-179.7425743,1.526713993,4.176605331,-0.265139599,-0.102142253,1.043753309,-0.643297005,0.924842831,56.50637626,41.82101326,-81.53402481,-40.75265258,58.29364929,51.8883007,1,1
131.839344,7,1573821322,AUT,FALSE,TRUE,TRUE,515.5949183,273.1692274,124.493588,-179.8491752,-0.484582946,-179.6812772,0.322425238,5.61772402,1.21103131,0.363236822,1.246170698,-0.602261255,0.9204792,54.56702156,41.82627983,-85.75478324,-40.81186889,56.29619408,54.21312103,1,1
131.939847,7,1573821322,AUT,FALSE,TRUE,TRUE,515.5949183,273.1692274,124.493588,-179.8491752,-0.484582946,-179.6812772,0.322425238,5.61772402,1.21103131,0.363236822,1.246170698,-0.602261255,0.9204792,54.56702156,41.82627983,-85.75478324,-40.81186889,56.29619408,54.21312103,1,1
132.0403669,7,1573821322,AUT,FALSE,TRUE,TRUE,496.211294,273.2087141,126.3027223,-179.8464696,-0.301012555,-179.6427116,-1.652127114,6.291171005,1.887570255,0.363236822,1.246170698,-0.602261255,0.888440319,52.65382461,41.85053558,-89.40894241,-40.75427307,54.61357956,56.10173606,1,1
140.976454,8,1573821331,AUT,FALSE,FALSE,TRUE,471.8161133,-400.0768659,169.8839577,179.9946332,-0.020006114,179.9933254,1.780660973,-1.135970299,4.211504541,-0.337887276,0.296108724,0.082442203,-65.34008789,53.5227848,41.98421516,-78.18449249,-37.36843505,62.42085571,-17.70021744,0.5,1
141.0772009,8,1573821331,AUT,FALSE,TRUE,TRUE,471.2116406,-400.0695237,169.4742269,179.990913,-0.129688607,179.9973022,-0.641480552,-1.347698105,3.701146723,-0.556710159,0.396457375,0.008889739,-65.32130814,53.51113586,41.91571541,-78.22612724,-37.36882507,62.448246,-17.70027924,1,1
141.1777189,8,1573821331,AUT,FALSE,TRUE,TRUE,470.1288462,-400.0575505,167.3737131,179.9964429,-0.121877715,-179.9502701,-3.06624612,-2.815117584,3.630498105,-0.976348924,0.827177278,-0.034891505,-65.32134247,53.51154785,41.69287834,-78.47872696,-37.36874816,62.09611015,-17.70027581,1,1
141.2782259,8,1573821331,AUT,FALSE,TRUE,TRUE,469.7004019,-399.4652443,166.1114255,-179.9473613,-0.096445669,-179.9556406,-3.399070202,-3.260060517,3.115672035,-1.122365037,0.831438468,-0.105390171,-65.32138711,53.51163711,41.60347709,-78.68479614,-37.36869323,61.85811195,-17.69934197,1,1
141.3787999,8,1573821332,AUT,FALSE,TRUE,TRUE,469.7004019,-399.4652443,166.1114255,-179.9473613,-0.096445669,-179.9556406,-3.399070202,-3.260060517,3.115672035,-1.122365037,0.831438468,-0.105390171,-65.32138711,53.51163711,41.60347709,-78.68479614,-37.36869323,61.85811195,-17.69934197,1,1
141.479388,8,1573821332,AUT,FALSE,TRUE,TRUE,469.4636632,-399.6249206,165.8526553,-179.9631903,-0.108860318,-179.9395022,-3.522814506,-2.882443438,3.804425729,-1.030060876,0.905078992,-0.079687853,-65.32132874,53.51178474,41.55937042,-78.7078125,-37.36866027,61.82445602,-17.6994793,1,1
141.5799229,8,1573821332,AUT,FALSE,TRUE,TRUE,468.8229617,-399.6025044,165.1010603,-179.9676313,-0.176943767,-179.9409648,-4.05381493,-3.927237041,7.335223672,-1.335913973,1.281314316,-0.071276522,-65.32094765,53.51352539,41.48333473,-78.78282165,-37.36866577,61.77278938,-17.6994381,1,1
141.680433,8,1573821332,AUT,FALSE,TRUE,TRUE,467.9007317,-399.6968126,158.8749393,179.9600528,-0.133296431,179.864263,-3.911135348,-2.44369718,7.302053021,-0.873363147,1.434908114,0.079444196,-65.31892891,53.9123188,41.19839401,-78.94877357,-37.3804486,61.21056404,-17.70057449,1,1
141.780947,8,1573821332,AUT,FALSE,TRUE,TRUE,467.9007317,-399.6968126,158.8749393,179.9600528,-0.133296431,179.864263,-3.911135348,-2.44369718,7.302053021,-0.873363147,1.434908114,0.079444196,-65.24905586,54.99676208,40.83866386,-78.85022964,-38.0479779,60.19246788,-17.697258,1,1
141.881469,8,1573821332,AUT,FALSE,TRUE,TRUE,468.086012,-402.0282411,147.0912786,-179.9090904,0.00242878,179.8845933,-4.416528966,-2.285338059,6.841741374,-1.099146764,0.789137132,-0.106492826,-65.24905586,54.99676208,40.83866386,-78.85022964,-38.0479779,60.19246788,-17.697258,1,1
141.982064,8,1573821332,AUT,FALSE,TRUE,TRUE,471.9171558,-405.9587068,135.2768335,-179.9326048,0.218523037,179.9119503,-4.416528966,-2.285338059,6.841741374,-1.099146764,0.789137132,-0.106492826,-65.0176117,56.67360878,40.74448356,-77.89115753,-38.97993713,59.57599411,-17.53555985,1,1
142.0825689,8,1573821332,AUT,FALSE,TRUE,TRUE,471.9171558,-405.9587068,135.2768335,-179.9326048,0.218523037,179.9119503,-1.78172076,-0.354567458,0.163384154,-0.32242676,-0.264564614,-0.140703903,-65.0176117,56.67360878,40.74448356,-77.89115753,-38.97993713,59.57599411,-17.53555985,1,1
142.1830859,8,1573821332,AUT,FALSE,TRUE,TRUE,480.4054024,-409.3441459,133.0254691,-179.9374849,0.317399848,179.9373907,-4.453855405,0.702243832,0.7604932,-0.269098738,-0.091570772,-0.081512523,-64.35464173,57.89321479,40.94603119,-76.00709839,-39.45805664,60.23071403,-17.54948159,1,1
142.2835939,8,1573821332,AUT,FALSE,TRUE,TRUE,490.905222,-410.0501122,136.4200377,-179.9331045,0.334163649,179.9642748,-4.728226315,-0.263383263,0.161341179,-0.294128644,-0.150940095,-0.109896797,-63.35006905,58.56729813,41.14808693,-74.02615699,-39.47015258,61.39980354,-17.52811318,1,1
142.3841128,8,1573821333,AUT,FALSE,TRUE,TRUE,504.5261332,-409.1777242,142.5545716,-179.9350698,0.349817028,179.9676333,-3.846566352,-0.180871436,0.865476502,-0.012061838,-0.076248443,-0.190789619,-61.96727143,59.17529182,41.37044334,-71.63348579,-39.31380615,62.95501785,-17.43664513,1,1
142.4846609,8,1573821333,AUT,FALSE,TRUE,TRUE,504.5261332,-409.1777242,142.5545716,-179.9350698,0.349817028,179.9676333,-3.846566352,-0.180871436,0.865476502,-0.012061838,-0.076248443,-0.190789619,-61.96727143,59.17529182,41.37044334,-71.63348579,-39.31380615,62.95501785,-17.43664513,1,1
142.5852649,8,1573821333,AUT,FALSE,TRUE,TRUE,519.3985479,-406.9980976,148.4414342,-179.9353665,0.328391879,-179.981877,-5.759727156,0.636274074,0.298721022,0.327933944,0.361355634,-0.14359475,-60.28130264,59.84427681,41.46354217,-69.01373405,-39.15608093,64.54777107,-17.25737916,1,1
142.6859789,8,1573821333,AUT,FALSE,TRUE,TRUE,535.3922295,-403.9996896,152.821215,-179.9585891,0.345056135,-179.9667714,-5.97700101,-0.801499964,2.623469597,-0.031547616,0.4713055,-0.169970668,-58.39348412,60.72238655,41.46935119,-66.17670021,-39.01506591,66.07082634,-17.02149583,1,1
142.7867339,8,1573821333,AUT,FALSE,TRUE,TRUE,551.968712,-400.2539556,155.5747474,-179.954857,0.344099269,-179.9674502,-2.654208319,-1.054799732,2.047475711,-0.187210217,-0.067559565,-0.24446407,-56.3981987,61.8262104,41.45821724,-63.17351532,-38.9865509,67.55772629,-16.80549774,1,1
142.8873858,8,1573821333,AUT,FALSE,TRUE,TRUE,567.4637223,-396.0896171,156.9560901,-179.9012642,0.274604287,179.9602697,-1.55167757,-0.888594527,1.181852681,-0.187210217,-0.067559565,-0.24446407,-54.48630982,63.00681496,41.43474083,-60.22672806,-38.99002258,68.97737617,-16.66329346,1,1
142.987983,8,1573821333,AUT,FALSE,TRUE,TRUE,567.4637223,-396.0896171,156.9560901,-179.9012642,0.274604287,179.9602697,-1.55167757,-0.888594527,1.181852681,-0.371035827,-0.440039369,-0.303081926,-54.48630982,63.00681496,41.43474083,-60.22672806,-38.99002258,68.97737617,-16.66329346,1,1
143.088454,8,1573821333,AUT,FALSE,TRUE,TRUE,581.5696698,-391.4943731,157.2095989,-179.8829109,0.134619144,179.8827465,2.053025028,2.884701749,1.666880598,0.009847587,-0.340816225,-0.509323783,-52.61465149,64.22592659,41.39915886,-57.38896637,-39.0535675,70.34476204,-16.49507904,1,1
143.188972,8,1573821333,AUT,FALSE,TRUE,TRUE,592.240343,-384.7079556,155.7816341,-179.8419842,0.021688841,179.7793207,5.884760247,4.799842163,0.458968406,-0.033397464,-1.107595693,-0.698667254,-51.11525803,65.12389412,41.38073616,-55.61442031,-39.12507202,71.12108345,-16.08082581,1,1
143.289449,8,1573821333,AUT,FALSE,TRUE,TRUE,599.6624291,-374.7498275,153.6112701,-179.8268797,-0.077936349,179.6834615,4.806675937,5.553433838,-0.192790163,-0.087152316,-0.764444853,-0.747720237,-49.99737511,65.50034408,41.37176513,-55.1853939,-39.17583984,71.24585724,-15.20503693,1,1
143.389962,8,1573821334,AUT,FALSE,TRUE,TRUE,599.6624291,-374.7498275,153.6112701,-179.8268797,-0.077936349,179.6834615,4.806675937,5.553433838,-0.192790163,-0.087152316,-0.764444853,-0.747720237,-49.99737511,65.50034408,41.37176513,-55.1853939,-39.17583984,71.24585724,-15.20503693,1,1
143.4904509,8,1573821334,AUT,FALSE,TRUE,TRUE,605.370458,-362.6453136,152.6174798,-179.8402404,-0.131158955,179.6681056,0.979586886,3.402472656,0.037212684,-0.515301235,0.466860827,-0.713720102,-49.01961251,65.43066329,41.37968559,-55.57056083,-39.21125427,71.06732254,-13.98928299,1,1
143.5909359,8,1573821334,AUT,FALSE,TRUE,TRUE,610.397933,-349.1877826,153.8929863,-179.8295802,-0.151914668,179.7196676,0.654086251,3.956720587,-0.69395444,-0.212600062,0.491271435,-0.683189923,-48.09986115,65.02945633,41.4118515,-56.31049003,-39.19908691,70.85593872,-12.62132034,1,1
143.6914189,8,1573821334,AUT,FALSE,TRUE,TRUE,614.5788434,-333.6913362,156.7042089,-179.8201645,-0.178628157,179.7189941,1.181568163,4.268437363,-1.172325933,0.028653026,0.43983601,-0.698691799,-47.20392266,64.34796409,41.49979362,-57.39101257,-39.08189575,70.63410072,-11.07750779,1,1
143.7919559,8,1573821334,AUT,FALSE,TRUE,TRUE,614.5788434,-333.6913362,156.7042089,-179.8201645,-0.178628157,179.7189941,1.181568163,4.268437363,-1.172325933,0.028653026,0.43983601,-0.698691799,-47.20392266,64.34796409,41.49979362,-57.39101257,-39.08189575,70.63410072,-11.07750779,1,1
143.8924429,8,1573821334,AUT,FALSE,TRUE,TRUE,618.5139464,-310.8969664,160.5041326,-179.8160835,-0.188913423,179.705135,1.36611584,4.827799235,0.579999473,0.16405155,0.526627466,-0.723602864,-46.08423043,63.20051422,41.69041671,-59.37613906,-38.9212152,70.12343559,-8.755238344,1,1
143.992909,8,1573821334,AUT,FALSE,TRUE,TRUE,620.2031359,-283.5126958,163.0074773,-179.8184972,-0.24042711,179.7041014,1.09274916,4.437411815,-0.073225868,0.16405155,0.526627466,-0.723602864,-44.94688111,61.80483513,41.97467766,-62.18752327,-38.86648681,69.22310943,-5.823897175,1,1
144.0934429,8,1573821334,AUT,FALSE,TRUE,TRUE,620.2031359,-283.5126958,163.0074773,-179.8184972,-0.24042711,179.7041014,1.09274916,4.437411815,-0.073225868,0.106640006,0.430292912,-0.665100564,-44.94688111,61.80483513,41.97467766,-62.18752327,-38.86648681,69.22310943,-5.823897175,1,1
144.193964,8,1573821334,AUT,FALSE,TRUE,TRUE,619.7711114,-260.9765063,163.8933413,-179.8552169,-0.20158636,179.7242713,0.847323883,2.682927528,0.677241549,-0.203600109,0.295366537,-0.642723904,-44.09862328,60.61129417,42.17499961,-64.78794594,-38.83011657,68.18316078,-3.338806919,1,1
144.294467,8,1573821334,AUT,FALSE,TRUE,TRUE,618.3958035,-238.1655388,164.7158723,-179.845133,-0.149294903,179.7351217,-2.130765443,3.342133973,0.002997688,0.00647217,0.606027957,-0.615313326,-43.24958954,59.42598266,42.39702301,-67.36175079,-38.80635864,67.13657569,-0.882178119,1,1
144.3949959,8,1573821335,AUT,FALSE,TRUE,TRUE,616.8921957,-215.9295124,165.8185372,-179.8528863,-0.122759806,179.750955,-3.081397308,3.261515787,0.846934194,0.14251891,0.806855134,-0.579067499,-42.28156357,58.29477882,42.62948684,-69.72776985,-38.7772229,66.21864738,1.539091869,1,1
144.4956498,8,1573821335,AUT,FALSE,TRUE,TRUE,616.8921957,-215.9295124,165.8185372,-179.8528863,-0.122759806,179.750955,-3.081397308,3.261515787,0.846934194,0.14251891,0.806855134,-0.579067499,-41.17049561,57.26727562,42.84503517,-71.80894088,-38.72328002,65.450037,3.947363663,1,1
144.5962579,8,1573821335,AUT,FALSE,TRUE,TRUE,615.4739197,-193.364842,167.0694872,-179.8491561,-0.117066511,179.7586571,-2.863006122,3.60710666,0.674177769,0.069013583,0.704695254,-0.647107722,-41.17049561,57.26727562,42.84503517,-71.80894088,-38.72328002,65.450037,3.947363663,1,1
144.696898,8,1573821335,AUT,FALSE,TRUE,TRUE,614.2267827,-165.3965511,168.6465949,-179.8551196,-0.102394132,179.7609642,-1.77822263,1.858094865,0.196980022,-0.348456147,0.505205784,-0.666068379,-39.62240181,56.17982826,43.12376518,-73.97034301,-38.66230041,64.66593246,6.866094588,1,1
144.797478,8,1573821335,AUT,FALSE,TRUE,TRUE,613.5520228,-143.750436,169.5581787,-179.8439264,-0.08945342,179.7891322,-1.77822263,1.858094865,0.196980022,-0.348456147,0.505205784,-0.666068379,-38.22084847,55.44415969,43.26608619,-75.38420448,-38.61381225,64.1324604,9.106278988,1,1
144.8980269,8,1573821335,AUT,FALSE,TRUE,TRUE,613.5520228,-143.750436,169.5581787,-179.8439264,-0.08945342,179.7891322,-3.114414216,3.88789002,1.357462759,0.209850284,0.869823416,-0.607081242,-38.22084847,55.44415969,43.26608619,-75.38420448,-38.61381225,64.1324604,9.106278988,1,1
144.998554,8,1573821335,AUT,FALSE,TRUE,TRUE,614.0460837,-118.4103639,170.0926007,-179.869263,-0.029318717,179.8277731,-4.142185835,1.43647255,0.962411607,-0.355863168,0.798240795,-0.620604824,-36.30370331,54.80832596,43.30293503,-76.57602196,-38.53838012,63.59367027,11.6859066,1,1
145.0990429,8,1573821335,AUT,FALSE,TRUE,TRUE,616.6319301,-101.5521421,170.4756318,-179.8917071,0.046354076,179.8545799,-4.91716778,2.695030726,0.694891795,0.010148312,0.718517519,-0.499856415,-34.79331666,54.67278213,43.29581794,-76.76241874,-38.53208496,63.464011,13.32041816,1,1
145.199548,8,1573821335,AUT,FALSE,TRUE,TRUE,616.6319301,-101.5521421,170.4756318,-179.8917071,0.046354076,179.8545799,-4.91716778,2.695030726,0.694891795,0.010148312,0.718517519,-0.499856415,-34.79331666,54.67278213,43.29581794,-76.76241874,-38.53208496,63.464011,13.32041816,1,1
145.3000309,8,1573821335,AUT,FALSE,TRUE,TRUE,620.6159757,-87.87487594,170.7297379,-179.9005042,0.116891851,179.8692219,-4.833753763,3.144520163,1.297342913,0.042331717,0.330008777,-0.477916993,-33.36674881,54.79038734,43.24245186,-76.41711502,-38.53330444,63.55359764,14.52182464,1,1
145.400512,8,1573821336,AUT,FALSE,TRUE,TRUE,626.2543952,-78.12990923,170.3241797,-179.9505759,0.199647625,179.9270105,-5.772522179,0.634612388,2.115941601,-0.634152549,0.255018751,-0.340751788,-32.00252495,55.19843673,43.06254387,-75.52552986,-38.56467041,63.80189209,15.31310119,1,1
145.501024,8,1573821336,AUT,FALSE,TRUE,TRUE,626.2543952,-78.12990923,170.3241797,-179.9505759,0.199647625,179.9270105,-5.772522179,0.634612388,2.115941601,-0.634152549,0.255018751,-0.340751788,-32.00252495,55.19843673,43.06254387,-75.52552986,-38.56467041,63.80189209,15.31310119,1,1
145.601578,8,1573821336,AUT,FALSE,TRUE,TRUE,636.4941877,-73.68675843,169.6376789,-179.9790575,0.243486017,179.9842227,-5.524553018,0.051373307,1.520498831,-0.652775645,0.166344282,-0.147620059,-30.62380257,56.20190391,42.72206383,-73.33908577,-38.5897467,64.59442176,15.29401588,1,1
145.7021658,8,1573821336,AUT,FALSE,TRUE,TRUE,646.3129994,-73.48980406,169.1973729,-179.9894577,0.24972646,179.9582314,-4.95094457,3.245760111,1.866501432,-0.108801593,0.234541766,-0.095867492,-29.7315548,57.30697403,42.55761566,-70.98582458,-38.65754882,65.53321037,14.79793854,1,1
145.8026719,8,1573821336,AUT,FALSE,TRUE,TRUE,657.1949347,-74.36682681,169.1391022,-179.9793512,0.275042977,179.9098789,-5.694231155,3.120259069,0.94173923,-0.327619114,0.177908432,-0.122405711,-28.87358437,58.55938453,42.49231567,-68.30385589,-38.78322692,66.6571495,14.1230587,1,1
145.903157,8,1573821336,AUT,FALSE,TRUE,TRUE,657.1949347,-74.36682681,169.1391022,-179.9793512,0.275042977,179.9098789,-5.694231155,3.120259069,0.94173923,-0.327619114,0.177908432,-0.122405711,-27.89780961,59.91356964,42.40487136,-65.27532348,-38.90277465,67.9455883,13.31383323,1,1
146.003643,8,1573821336,AUT,FALSE,TRUE,TRUE,668.8712887,-75.52490916,169.5569703,-179.9644654,0.29876467,179.8969048,-4.547178783,3.004410392,0.34530609,-0.379230484,-0.035882248,-0.145052396,-27.89780961,59.91356964,42.40487136,-65.27532348,-38.90277465,67.9455883,13.31383323,1,1
146.104147,8,1573821336,AUT,FALSE,TRUE,TRUE,680.6812417,-75.66179863,170.3010012,-179.9340164,0.297836346,179.8766054,-3.477485449,3.30405946,-0.212415354,-0.369922569,-0.107261698,-0.185879601,-26.80278854,61.28141212,42.32665214,-62.07465248,-38.99039611,69.33789939,12.51271706,1,1
146.20468,8,1573821336,AUT,FALSE,TRUE,TRUE,691.9108615,-73.87131751,171.0533059,-179.9546325,0.268203898,179.8587581,-3.225517444,5.123805832,-1.202094834,0.061133541,-0.112561729,-0.120226811,-25.5711422,62.60996818,42.25929565,-58.90918922,-39.08780639,70.72711372,11.90149956,1,1
146.305198,8,1573821336,AUT,FALSE,TRUE,TRUE,701.9032335,-69.59075557,171.6639658,-179.9191746,0.235699706,179.8077146,-3.198160707,5.393855132,0.404715225,0.061133541,-0.112561729,-0.120226811,-24.23892632,63.84074592,42.22332916,-56.01609764,-39.16369445,71.99123153,11.47900658,1,1
146.405983,8,1573821337,AUT,FALSE,TRUE,TRUE,701.9032335,-69.59075557,171.6639658,-179.9191746,0.235699706,179.8077146,-3.198160707,5.393855132,0.404715225,-0.230505449,-0.052514349,-0.254244191,-24.23892632,63.84074592,42.22332916,-56.01609764,-39.16369445,71.99123153,11.47900658,1,1
146.5066838,8,1573821337,AUT,FALSE,TRUE,TRUE,713.2581527,-58.80814855,171.8188682,-179.8668028,0.173191084,179.7199788,-1.85977359,6.584045455,0.494982731,-0.018945598,-0.059187024,-0.528046054,-22.26303177,65.27561188,42.17734451,-52.67617492,-39.22909606,73.41107025,11.39430885,1,1
146.6074219,8,1573821337,AUT,FALSE,TRUE,TRUE,720.2629135,-45.93990371,171.2592431,-179.847292,0.128663117,179.6902057,-0.272117542,4.75527483,-0.054950664,-0.656785422,-0.360125129,-0.718920884,-20.53513298,66.19179611,42.12070999,-50.62526436,-39.29293762,74.23130264,11.8437767,1,1
146.707901,8,1573821337,AUT,FALSE,TRUE,TRUE,720.2629135,-45.93990371,171.2592431,-179.847292,0.128663117,179.6902057,-0.272117542,4.75527483,-0.054950664,-0.656785422,-0.360125129,-0.718920884,-18.74952508,66.9319725,42.01336326,-49.0769371,-39.33875061,74.77284622,12.62285842,1,1
146.8084049,8,1573821337,AUT,FALSE,TRUE,TRUE,725.6184267,-30.10156393,169.9728638,-179.7912005,0.093921294,179.6938278,-1.393347303,8.069324081,0.427924177,0.194878912,-0.089484993,-0.67360396,-18.74952508,66.9319725,42.01336326,-49.0769371,-39.33875061,74.77284622,12.62285842,1,1
146.908875,8,1573821337,AUT,FALSE,TRUE,TRUE,729.5898771,-11.11057329,168.3753525,-179.8946036,0.069196181,179.6966328,0.081106281,4.717762063,0.760206929,-0.473431557,-0.332918601,-0.686403014,-16.82938271,67.53561973,41.88956451,-47.89825172,-39.35903137,75.12647896,13.88016471,1,1
147.0093479,8,1573821337,AUT,FALSE,TRUE,TRUE,731.6643855,9.174735239,166.7933482,-179.8416974,0.010744682,179.7116865,0.835170298,4.792298567,0.384140547,-0.421344217,-0.500485118,-0.679503537,-14.94386788,67.97079849,41.79053306,-47.13076744,-39.37736755,75.35559196,15.16544838,1,1
147.109813,8,1573821337,AUT,FALSE,TRUE,TRUE,732.0360285,28.76580223,165.3849273,-179.8334395,-0.032885705,179.7299578,1.690468885,4.261698641,0.231238441,-0.444323957,-0.560875593,-0.611437297,-13.31120339,68.21086349,41.72441253,-46.78828926,-39.39504455,75.41262131,16.62436409,1,1
147.21031,8,1573821337,AUT,FALSE,TRUE,TRUE,732.0360285,28.76580223,165.3849273,-179.8334395,-0.032885705,179.7299578,1.690468885,4.261698641,0.231238441,-0.444323957,-0.560875593,-0.611437297,-13.31120339,68.21086349,41.72441253,-46.78828926,-39.39504455,75.41262131,16.62436409,1,1
147.3107898,8,1573821337,AUT,FALSE,TRUE,TRUE,730.6446692,48.16679148,164.3645345,-179.8864472,-0.127796058,179.7736637,0.495756136,3.587118558,0.208938934,-0.613705091,0.015259326,-0.580431252,-11.7422596,68.27633858,41.67492599,-46.81409683,-39.40600891,75.41087036,18.20069274,1,1
147.4112649,8,1573821338,AUT,FALSE,TRUE,TRUE,728.2923408,64.94815078,163.4976773,-179.8762288,-0.272919234,179.8457883,2.073964602,0.871359285,0.274430024,-0.938358835,0.322743598,-0.454474621,-10.42435684,68.25565338,41.63019104,-47.00417747,-39.40642639,75.41066093,19.62022934,1,1
147.5117509,8,1573821338,AUT,FALSE,TRUE,TRUE,724.589777,77.58479976,161.9858011,-179.924974,-0.479973907,179.9559412,5.731570358,1.196664718,0.559194618,-0.557735927,0.463918113,-0.360471896,-9.527117163,68.1111763,41.55473556,-47.59218635,-39.39769775,75.27643547,20.87290764,1,1
147.612222,8,1573821338,AUT,FALSE,TRUE,TRUE,724.589777,77.58479976,161.9858011,-179.924974,-0.479973907,179.9559412,5.731570358,1.196664718,0.559194618,-0.557735927,0.463918113,-0.360471896,-9.169189456,67.65441284,41.55234947,-49.17995452,-39.3913092,74.59399566,22.18491898,1,1
147.7127039,8,1573821338,AUT,FALSE,TRUE,TRUE,718.2968798,87.38424403,159.3531095,-179.9117906,-0.637852695,179.9928984,9.721096765,0.832008493,-0.131214477,-0.54109861,0.20290048,-0.295223233,-9.169189456,67.65441284,41.55234947,-49.17995452,-39.3913092,74.59399566,22.18491898,1,1
147.8131869,8,1573821338,AUT,FALSE,TRUE,TRUE,705.3307151,96.5554011,155.0104182,-179.9243968,-0.712826636,-179.9165937,9.074841795,0.724544647,0.180532562,-0.316080979,0.279954373,-0.202892918,-9.439061738,66.38308525,41.50080299,-52.97256546,-39.39309448,72.80950355,24.21138496,1,1
147.9136529,8,1573821338,AUT,FALSE,TRUE,TRUE,691.0444492,101.8253885,151.935716,-179.935895,-0.70252821,-179.851901,5.337327358,2.43075778,0.624410818,0.148177359,0.571500243,-0.182025715,-10.09461251,64.85960426,41.48549766,-57.13068123,-39.39152893,70.87043381,26.05609588,1,1
148.014148,8,1573821338,AUT,FALSE,TRUE,TRUE,691.0444492,101.8253885,151.935716,-179.935895,-0.70252821,-179.851901,5.337327358,2.43075778,0.624410818,0.148177359,0.571500243,-0.182025715,-10.09461251,64.85960426,41.48549766,-57.13068123,-39.39152893,70.87043381,26.05609588,1,1
148.114615,8,1573821338,AUT,FALSE,TRUE,TRUE,674.0807756,105.175707,149.8169155,-179.9394222,-0.627740998,-179.8187373,4.662931092,2.559398183,0.452634808,0.166419966,0.575796337,-0.288024663,-11.03254281,62.97075233,41.48739281,-61.86935577,-39.34752319,68.66219558,27.8977169,1,1
148.215127,8,1573821338,AUT,FALSE,TRUE,TRUE,656.1389023,106.7077291,148.9322514,-179.8449634,-0.526414406,-179.7999274,-0.553346389,4.97339237,-1.09242965,0.667250981,0.745534083,-0.408127187,-12.10990334,60.88162307,41.49690971,-66.70816383,-39.24608093,66.43899879,29.53513298,1,1
148.316062,8,1573821338,AUT,FALSE,TRUE,TRUE,638.618319,108.8419665,148.3292071,-179.850408,-0.375365308,-179.8455328,-4.849299405,7.544952517,3.081815829,0.90821538,1.350436517,-0.676821761,-13.01854821,58.89309082,41.52800102,-71.16646041,-39.11498657,64.29964828,31.14530296,1,1
148.4168448,8,1573821339,AUT,FALSE,TRUE,TRUE,638.618319,108.8419665,148.3292071,-179.850408,-0.375365308,-179.8455328,-4.849299405,7.544952517,3.081815829,0.90821538,1.350436517,-0.676821761,-13.01854821,58.89309082,41.52800102,-71.16646041,-39.11498657,64.29964828,31.14530296,1,1
148.517597,8,1573821339,AUT,FALSE,TRUE,TRUE,617.6141641,117.4759008,146.202156,-179.8112724,-0.197331357,179.9801836,-9.277578758,9.59922097,4.450234152,0.994517944,1.670848749,-0.91869728,-13.48808671,57.13778801,41.62525749,-75.92324867,-39.05831359,61.85610694,33.36398163,1,1
148.6181328,8,1573821339,AUT,FALSE,TRUE,TRUE,617.6141641,117.4759008,146.202156,-179.8112724,-0.197331357,179.9801836,-9.277578758,9.59922097,4.450234152,0.994517944,1.670848749,-0.91869728,-12.92907829,56.39085159,41.64873733,-77.34389076,-39.17052246,60.96807861,34.74243621,1,1
148.7186558,8,1573821339,AUT,FALSE,TRUE,TRUE,610.6275665,126.6428418,144.3995146,-179.7904428,-0.096971896,179.9376655,-9.737793186,8.496218102,3.49770413,0.437220853,1.825965045,-0.971930261,-12.92907829,56.39085159,41.64873733,-77.34389076,-39.17052246,60.96807861,34.74243621,1,1
148.819164,8,1573821339,AUT,FALSE,TRUE,TRUE,608.864488,138.2493071,143.7935971,-179.7863592,-0.007507664,179.8741143,-6.83927873,9.457537738,3.471672537,0.443304486,1.157863936,-0.963743595,-11.86683083,56.47083893,41.65268554,-77.30313491,-39.23123291,60.84800491,35.80929108,1,1
148.9196599,8,1573821339,AUT,FALSE,TRUE,TRUE,609.4942367,151.939753,143.7454231,-179.8068272,0.022838976,179.8483719,-3.994018617,6.562331417,1.53023949,-0.275262851,0.590709215,-0.984835582,-10.45305176,56.86136856,41.65150108,-76.49086074,-39.27562866,61.16477851,36.82743187,1,1
149.020149,8,1573821339,AUT,FALSE,TRUE,TRUE,611.4519912,167.0032688,144.3835937,-179.7737643,0.003700585,179.8593372,-2.952669551,7.99617208,1.32685768,0.2827672,0.388778545,-0.89316593,-8.809012988,57.42457237,41.65175171,-75.16480751,-39.28919677,61.82773476,37.72037658,1,1
149.120661,8,1573821339,AUT,FALSE,TRUE,TRUE,611.4519912,167.0032688,144.3835937,-179.7737643,0.003700585,179.8593372,-2.952669551,7.99617208,1.32685768,0.2827672,0.388778545,-0.89316593,-8.809012988,57.42457237,41.65175171,-75.16480751,-39.28919677,61.82773476,37.72037658,1,1
149.221169,8,1573821339,AUT,FALSE,TRUE,TRUE,613.2738339,182.9362347,145.4759659,-179.8145012,-0.008233019,179.8672505,-1.492299578,5.518919064,1.445142502,-0.367749515,0.326488145,-0.974833334,-7.03183365,58.02225609,41.66196213,-73.68279304,-39.28777404,62.58288688,38.67396583,1,1
149.321672,8,1573821339,AUT,FALSE,TRUE,TRUE,614.3355222,201.5353171,146.7110211,-179.7320097,-0.024547173,179.8611829,-1.554053081,8.551139298,2.21347583,0.34820819,0.261707234,-0.836292009,-5.100457769,58.63862342,41.68600158,-72.12024192,-39.28421447,63.37328796,39.71512985,1,1
149.422209,8,1573821340,AUT,FALSE,TRUE,TRUE,614.3355222,201.5353171,146.7110211,-179.7320097,-0.024547173,179.8611829,-1.554053081,8.551139298,2.21347583,0.34820819,0.261707234,-0.836292009,-5.100457769,58.63862342,41.68600158,-72.12024192,-39.28421447,63.37328796,39.71512985,1,1
149.5227699,8,1573821340,AUT,FALSE,TRUE,TRUE,613.9507358,224.7676067,148.3129042,-179.8230014,-0.089691194,179.9432459,1.922349118,4.340540925,1.562287269,-0.078656331,-0.044479276,-0.629169686,-2.592787175,59.35900039,41.68567199,-70.24005203,-39.28232482,64.40333176,41.21551208,1,1
149.6232769,8,1573821340,AUT,FALSE,TRUE,TRUE,613.9507358,224.7676067,148.3129042,-179.8230014,-0.089691194,179.9432459,1.922349118,4.340540925,1.562287269,-0.078656331,-0.044479276,-0.629169686,-2.592787175,59.35900039,41.68567199,-70.24005203,-39.28232482,64.40333176,41.21551208,1,1
149.7237959,8,1573821340,AUT,FALSE,TRUE,TRUE,607.2791749,246.5750158,147.5488229,-179.9270699,-0.400389031,-179.870719,5.818722298,-1.2620772,1.235297218,-0.888703711,0.12049263,-0.373540091,-0.237452319,59.78995971,41.65831604,-69.40423622,-39.25640258,65.04602165,43.17715187,1,1
149.8243408,8,1573821340,AUT,FALSE,TRUE,TRUE,597.4031058,256.7327261,144.2367584,-179.9570796,-0.496216964,-179.8296319,5.165299615,0.630787194,0.878705406,-0.451233279,0.655870647,-0.331629139,0.600341031,59.57030182,41.65197487,-70.57564316,-39.37667541,64.41323318,44.72408523,1,1
149.9248519,8,1573821340,AUT,FALSE,TRUE,TRUE,585.0924948,262.2853116,140.8010565,-179.8522281,-0.563852724,-179.8105436,5.890005893,2.68233993,0.807495179,-0.451233279,0.655870647,-0.331629139,0.8685688,58.91743927,41.66260757,-72.74315986,-39.49948608,63.27385826,46.16816597,1,1
150.0254378,8,1573821340,AUT,FALSE,TRUE,TRUE,585.0924948,262.2853116,140.8010565,-179.8522281,-0.563852724,-179.8105436,5.890005893,2.68233993,0.807495179,-0.093025091,0.509146923,-0.438418308,0.8685688,58.91743927,41.66260757,-72.74315986,-39.49948608,63.27385826,46.16816597,1,1
150.1260939,8,1573821340,AUT,FALSE,TRUE,TRUE,567.1392266,266.4538983,137.5327784,-179.8686208,-0.538582438,-179.7752425,3.866037149,3.011944665,-0.751642782,-0.069997385,0.629926277,-0.487364682,0.900662613,57.64337883,41.66881141,-76.20450897,-39.65037231,61.50444831,48.24610977,1,1
150.2268689,8,1573821340,AUT,FALSE,TRUE,TRUE,549.5555378,269.155728,136.8382126,-179.8696077,-0.450452285,-179.7346262,2.0228338,5.072319317,-0.192043191,-0.069997385,0.629926277,-0.487364682,0.878940581,56.13974189,41.67780304,-79.5828186,-39.67623962,59.87119674,50.12273941,1,1
150.3275659,8,1573821340,AUT,FALSE,TRUE,TRUE,549.5555378,269.155728,136.8382126,-179.8696077,-0.450452285,-179.7346262,2.0228338,5.072319317,-0.192043191,0.48268199,0.582806151,-0.486335213,0.878940581,56.13974189,41.67780304,-79.5828186,-39.67623962,59.87119674,50.12273941,1,1
150.428072,8,1573821341,AUT,FALSE,TRUE,TRUE,524.3896252,272.6771986,141.1769626,-179.8836374,-0.334207327,-179.6638632,0.931579746,5.184145852,-0.241146683,0.838457467,0.465720046,-0.457531129,0.859281919,53.58388595,41.94160881,-84.17942619,-39.44696594,58.10194129,52.65323753,1,1
150.528579,8,1573821341,AUT,FALSE,TRUE,TRUE,509.1552641,274.2001156,145.4917698,-179.9161696,-0.272926305,-179.6635766,0.395592025,4.641168181,-0.192751505,0.838457467,0.465720046,-0.457531129,0.792344281,51.87468452,42.22303047,-86.89149742,-39.14946166,57.19895096,54.05768509,1,1
150.6290698,8,1573821341,AUT,FALSE,TRUE,TRUE,509.1552641,274.2001156,145.4917698,-179.9161696,-0.272926305,-179.6635766,0.395592025,4.641168181,-0.192751505,0.727966951,0.365170961,-0.473547402,0.792344281,51.87468452,42.22303047,-86.89149742,-39.14946166,57.19895096,54.05768509,1,1
150.7295909,8,1573821341,AUT,FALSE,TRUE,TRUE,496.2012748,274.4058483,149.6594778,-179.8724717,-0.191575536,-179.6722752,-1.857200405,6.089565311,1.200250133,1.10153902,0.573197262,-0.480564353,0.647582244,50.32434539,42.48281936,-89.20828743,-38.82261291,56.42418479,55.06208954,1,1
165.7774179,9,1573821356,AUT,FALSE,FALSE,TRUE,471.9772979,-399.9654483,169.9736074,-179.9972235,-0.009584449,179.997095,-0.691539065,-1.263074332,5.102361603,-0.242274169,0.577223698,0.101239818,-65.68765412,53.78520012,42.64777565,-78.20824013,-38.01994079,62.66316948,-17.33771668,0.5,1
165.878005,9,1573821356,AUT,FALSE,TRUE,TRUE,471.5041063,-400.0544684,169.5674112,179.9864637,-0.084940756,179.9976272,-0.789694381,-1.316648694,4.45353299,-0.374349886,0.585617561,0.045466507,-65.68765412,53.78520012,42.64777565,-78.20824013,-38.01994079,62.66316948,-17.33771668,1,1
165.978513,9,1573821356,AUT,FALSE,TRUE,TRUE,469.6824806,-400.3280265,166.7103838,179.9612245,-0.139191248,-179.9280384,-3.153834308,-2.665019789,3.348298477,-0.790239557,0.971092654,0.019121002,-65.69075776,53.78552628,42.31067734,-78.5292263,-38.01910583,62.24797897,-17.33790894,1,1
166.078989,9,1573821356,AUT,FALSE,TRUE,TRUE,468.8901786,-399.6704833,164.7431253,-179.9779448,-0.101771134,-179.9247922,-4.620119883,-3.326311367,3.811678927,-1.003726414,1.140627058,-0.064121719,-65.69808769,53.78659744,42.15184249,-78.82543831,-38.01872131,61.89151382,-17.33499069,1,1
166.1794698,9,1573821356,AUT,FALSE,TRUE,TRUE,468.8901786,-399.6704833,164.7431253,-179.9779448,-0.101771134,-179.9247922,-4.620119883,-3.326311367,3.811678927,-1.003726414,1.140627058,-0.064121719,-65.66357003,53.78719826,42.14486274,-78.93950729,-38.01867187,61.73920211,-17.23123856,1,1
166.2799489,9,1573821356,AUT,FALSE,TRUE,TRUE,469.2670175,-398.7981528,164.2011435,-179.9869506,-0.03990108,-179.9352328,-5.989819808,-3.783162158,4.257715438,-1.085478769,1.185205383,-0.124327493,-65.66357003,53.78719826,42.14486274,-78.93950729,-38.01867187,61.73920211,-17.23123856,1,1
166.3804438,9,1573821357,AUT,FALSE,TRUE,TRUE,471.8456115,-397.1200842,161.1755637,179.9984856,0.081016817,179.8225292,-4.267115114,-2.141591474,4.929772701,-0.807597227,0.654325079,-0.146157577,-65.42923851,54.16649437,42.15859222,-78.75010643,-38.02111633,61.59198532,-17.07499238,1,1
166.48103,9,1573821357,AUT,FALSE,TRUE,TRUE,471.8456115,-397.1200842,161.1755637,179.9984856,0.081016817,179.8225292,-4.267115114,-2.141591474,4.929772701,-0.807597227,0.654325079,-0.146157577,-65.42923851,54.16649437,42.15859222,-78.75010643,-38.02111633,61.59198532,-17.07499238,1,1
166.581558,9,1573821357,AUT,FALSE,TRUE,TRUE,476.6994035,-398.4635153,153.3565393,-179.9476791,0.133922075,179.9602677,-3.912662013,-1.66399629,3.488455506,-0.822804028,0.303166045,-0.17758764,-64.86918297,55.27485008,41.97594452,-77.95932083,-38.71072814,61.26964988,-16.76880684,1,1
166.6820948,9,1573821357,AUT,FALSE,TRUE,TRUE,476.6994035,-398.4635153,153.3565393,-179.9476791,0.133922075,179.9602677,-3.912662013,-1.66399629,3.488455506,-0.822804028,0.303166045,-0.17758764,-64.86918297,55.27485008,41.97594452,-77.95932083,-38.71072814,61.26964988,-16.76880684,1,1
166.7825649,9,1573821357,AUT,FALSE,TRUE,TRUE,486.8860136,-400.3032169,143.8466011,-179.9379281,0.304164961,179.917062,-3.490553308,-0.45009122,0.818148712,-0.610297627,-0.146839893,-0.250563642,-63.91595078,57.12166214,41.9883316,-76.10053024,-39.5402893,61.32257995,-16.44873391,1,1
166.8830509,9,1573821357,AUT,FALSE,TRUE,TRUE,498.135692,-402.1810098,142.4744265,-179.9847524,0.330327639,179.9379218,-3.844205962,-0.012077121,-0.08146139,-0.396552082,-0.222213784,-0.101057029,-62.76494751,58.36693496,42.01497688,-73.84130173,-39.81275573,62.2200016,-16.39600639,1,1
166.983531,9,1573821357,AUT,FALSE,TRUE,TRUE,498.135692,-402.1810098,142.4744265,-179.9847524,0.330327639,179.9379218,-3.844205962,-0.012077121,-0.08146139,-0.396552082,-0.222213784,-0.101057029,-62.76494751,58.36693496,42.01497688,-73.84130173,-39.81275573,62.2200016,-16.39600639,1,1
167.0840619,9,1573821357,AUT,FALSE,TRUE,TRUE,512.8165878,-404.0627853,146.621217,179.9923755,0.286159069,-179.9759454,-2.85135999,0.034657904,0.022238355,-0.092050829,-0.205558676,0.075548908,-61.19970474,59.42078819,42.06395874,-70.75893288,-39.79919311,63.89306831,-16.52823373,1,1
167.1845698,9,1573821357,AUT,FALSE,TRUE,TRUE,527.4024497,-404.5403269,151.4401499,179.9927318,0.277835844,-179.9572832,-2.755251891,0.338267233,1.422936078,0.158884806,-0.094678392,0.070949295,-59.59179382,60.35744476,42.10815468,-67.7864685,-39.67582214,65.52408828,-16.6792202,1,1
167.285043,9,1573821357,AUT,FALSE,TRUE,TRUE,527.4024497,-404.5403269,151.4401499,179.9927318,0.277835844,-179.9572832,-2.755251891,0.338267233,1.422936078,0.158884806,-0.094678392,0.070949295,-59.59179382,60.35744476,42.10815468,-67.7864685,-39.67582214,65.52408828,-16.6792202,1,1
167.3858709,9,1573821358,AUT,FALSE,TRUE,TRUE,542.4008176,-402.9004837,154.8933827,-179.9623343,0.288044186,-179.9663971,-3.241474968,-0.221771816,1.873002442,-0.008102259,0.001665072,-0.025270434,-57.869553,61.38489647,42.14433403,-64.80682869,-39.62044006,67.07329788,-16.69344063,1,1
167.4867699,9,1573821358,AUT,FALSE,TRUE,TRUE,558.1149042,-400.1362977,156.8505408,-179.9791972,0.29753666,179.9963617,-3.904553839,0.95613455,0.990097978,0.16629272,0.036873485,-0.124760674,-55.93710251,62.56964493,42.12708206,-61.74111099,-39.60734985,68.51173782,-16.60696449,1,1
167.5873568,9,1573821358,AUT,FALSE,TRUE,TRUE,558.1149042,-400.1362977,156.8505408,-179.9791972,0.29753666,179.9963617,-3.904553839,0.95613455,0.990097978,0.16629272,0.036873485,-0.124760674,-55.93710251,62.56964493,42.12708206,-61.74111099,-39.60734985,68.51173782,-16.60696449,1,1
167.6879029,9,1573821358,AUT,FALSE,TRUE,TRUE,574.045151,-396.8477284,158.0552389,-179.9573003,0.276664731,179.9642893,-3.322405663,0.17883913,1.05333467,-0.279626146,-0.103160116,-0.205514122,-53.96834221,63.88238411,42.09815025,-58.50676689,-39.6616278,69.97970695,-16.5679905,1,1
167.7883799,9,1573821358,AUT,FALSE,TRUE,TRUE,586.5926069,-393.6411873,158.4011019,-179.9368076,0.212894107,179.9120677,-0.249659681,1.298729964,1.374138174,-0.279626146,-0.103160116,-0.205514122,-52.28580666,65.01810951,42.06745376,-55.83591499,-39.71880615,71.18455009,-16.55947953,1,1
167.888849,9,1573821358,AUT,FALSE,TRUE,TRUE,586.5926069,-393.6411873,158.4011019,-179.9368076,0.212894107,179.9120677,-0.249659681,1.298729964,1.374138174,-0.269574457,-0.599438367,-0.284375605,-52.28580666,65.01810951,42.06745376,-55.83591499,-39.71880615,71.18455009,-16.55947953,1,1
167.9893398,9,1573821358,AUT,FALSE,TRUE,TRUE,596.5450191,-389.4530571,158.0927695,-179.9034659,0.127400635,179.8316256,3.189181037,2.50647988,0.587133462,-0.357678354,-1.01647331,-0.560460681,-50.91817704,65.90361099,42.03135681,-53.80918464,-39.74467895,72.08525047,-16.45927048,1,1
168.0898049,9,1573821358,AUT,FALSE,TRUE,TRUE,604.0631957,-383.1074753,157.038109,-179.8340775,0.017998515,179.7560653,6.145110246,4.257034169,0.060702413,-0.159499147,-1.301161569,-0.727552456,-49.80806351,66.45227851,41.99651641,-52.71480903,-39.77137023,72.58262214,-16.0918396,1,1
168.190284,9,1573821358,AUT,FALSE,TRUE,TRUE,609.0843012,-373.9973297,155.4948738,-179.8202162,-0.100758079,179.6711176,2.225239058,4.252472082,0.188056286,-0.438728321,-0.170518799,-0.802699798,-48.98175774,66.58315658,41.99299049,-52.72827415,-39.79026672,72.59738846,-15.25159149,1,1
168.290839,9,1573821358,AUT,FALSE,TRUE,TRUE,609.0843012,-373.9973297,155.4948738,-179.8202162,-0.100758079,179.6711176,2.225239058,4.252472082,0.188056286,-0.438728321,-0.170518799,-0.802699798,-48.98175774,66.58315658,41.99299049,-52.72827415,-39.79026672,72.59738846,-15.25159149,1,1
168.3913209,9,1573821359,AUT,FALSE,TRUE,TRUE,613.1558234,-363.699746,154.5058197,-179.8243832,-0.168433638,179.6544797,1.089231863,3.00997899,-0.472573481,-0.927663329,0.319720967,-0.838438609,-48.25096436,66.45772018,41.99517746,-53.22875976,-39.8122998,72.38547592,-14.21894532,1,1
168.4918089,9,1573821359,AUT,FALSE,TRUE,TRUE,616.2527604,-349.7127298,154.5481783,-179.8122442,-0.269488368,179.6834914,3.826452402,3.084884086,-0.757850826,-0.603622998,0.139998729,-0.850478163,-47.52326775,65.92145347,42.00557327,-54.50548782,-39.80869079,71.9458889,-12.73076821,1,1
168.592304,9,1573821359,AUT,FALSE,TRUE,TRUE,616.2527604,-349.7127298,154.5481783,-179.8122442,-0.269488368,179.6834914,3.826452402,3.084884086,-0.757850826,-0.603622998,0.139998729,-0.850478163,-47.52326775,65.92145347,42.00557327,-54.50548782,-39.80869079,71.9458889,-12.73076821,1,1
168.6927838,9,1573821359,AUT,FALSE,TRUE,TRUE,616.8598174,-334.2702293,154.7851683,-179.8010209,-0.243722232,179.6878274,1.16090744,3.63500252,-0.529289634,-0.346994739,0.355964192,-0.844756471,-47.09998512,64.99049949,42.05146522,-56.65182151,-39.72606262,71.04057426,-11.01582642,1,1
168.793293,9,1573821359,AUT,FALSE,TRUE,TRUE,616.8598174,-334.2702293,154.7851683,-179.8010209,-0.243722232,179.6878274,1.16090744,3.63500252,-0.529289634,-0.346994739,0.355964192,-0.844756471,-46.79035263,64.04905014,42.14077377,-58.86979637,-39.69652038,70.15210648,-9.322888188,1,1
168.8938189,9,1573821359,AUT,FALSE,TRUE,TRUE,616.0905001,-315.3451504,154.8088344,-179.8042424,-0.243770928,179.6881607,0.75344408,4.014988942,0.591220105,-0.177098991,0.385467078,-0.84827356,-46.79035263,64.04905014,42.14077377,-58.86979637,-39.69652038,70.15210648,-9.322888188,1,1
168.994314,9,1573821359,AUT,FALSE,TRUE,TRUE,613.9956134,-297.0951855,154.5430178,-179.8021634,-0.210883206,179.6778559,-0.910968775,3.646329463,-0.392195313,-0.250943564,0.44128558,-0.854940535,-46.34915543,62.62369079,42.32238808,-62.28960342,-39.68038146,68.69494171,-6.760787206,1,1
169.0947928,9,1573821359,AUT,FALSE,TRUE,TRUE,612.4042199,-276.3594735,154.7964505,-179.802237,-0.169040531,179.6462133,-2.529056817,4.526481983,0.497999527,-0.111946185,0.649811013,-0.852189473,-45.80849076,61.43812866,42.54194984,-65.06079483,-39.67750305,67.54305611,-4.446383288,1,1
169.1952848,9,1573821359,AUT,FALSE,TRUE,TRUE,612.4042199,-276.3594735,154.7964505,-179.802237,-0.169040531,179.6462133,-2.529056817,4.526481983,0.497999527,-0.111946185,0.649811013,-0.852189473,-44.94907838,60.24665451,42.77505913,-67.75025139,-39.68084289,66.44392204,-1.852888875,1,1
169.2958488,9,1573821359,AUT,FALSE,TRUE,TRUE,611.4183697,-252.9390484,155.3409594,-179.7988548,-0.140863462,179.6350204,-3.801672823,5.747954395,1.404897625,0.270938672,0.912467598,-0.784857434,-44.94907838,60.24665451,42.77505913,-67.75025139,-39.68084289,66.44392204,-1.852888875,1,1
169.3966529,9,1573821360,AUT,FALSE,TRUE,TRUE,610.9816749,-227.1070383,156.1830154,-179.8074314,-0.118159641,179.6474628,-3.15321602,4.476896697,0.865509539,-0.045327755,0.718202727,-0.733369936,-43.74765473,59.09026108,43.01070556,-70.28411064,-39.68868713,65.45953331,0.925038525,1,1
169.4972348,9,1573821360,AUT,FALSE,TRUE,TRUE,610.9816749,-227.1070383,156.1830154,-179.8074314,-0.118159641,179.6474628,-3.15321602,4.476896697,0.865509539,-0.045327755,0.718202727,-0.733369936,-43.74765473,59.09026108,43.01070556,-70.28411064,-39.68868713,65.45953331,0.925038525,1,1
169.597743,9,1573821360,AUT,FALSE,TRUE,TRUE,611.1338112,-186.5896295,157.5613987,-179.8094811,-0.101601104,179.7020535,-2.902819475,3.605625188,0.601228804,-0.074712339,0.762282554,-0.665152348,-41.45243912,57.58356514,43.30138321,-73.44254264,-39.68809936,64.21458664,5.237924194,1,1
169.6982419,9,1573821360,AUT,FALSE,TRUE,TRUE,611.6906316,-159.9392523,158.1578354,-179.8769597,-0.084339629,179.7297435,-2.554430589,1.658708468,1.427107489,-0.508029876,0.660817648,-0.705955547,-39.71103058,56.80568848,43.41728897,-75.03869476,-39.65766174,63.57110023,8.083108519,1,1
169.7987459,9,1573821360,AUT,FALSE,TRUE,TRUE,611.6906316,-159.9392523,158.1578354,-179.8769597,-0.084339629,179.7297435,-2.554430589,1.658708468,1.427107489,-0.508029876,0.660817648,-0.705955547,-39.71103058,56.80568848,43.41728897,-75.03869476,-39.65766174,63.57110023,8.083108519,1,1
169.899256,9,1573821360,AUT,FALSE,TRUE,TRUE,614.9928136,-120.4337148,158.296178,-179.8589779,-0.012727562,179.8070744,-2.554430589,1.658708468,1.427107489,-0.508029876,0.660817648,-0.705955547,-37.47164956,56.18817787,43.42569694,-76.49936485,-39.63688659,62.85722236,11.99353065,1,1
169.9999139,9,1573821360,AUT,FALSE,TRUE,TRUE,614.9928136,-120.4337148,158.296178,-179.8589779,-0.012727562,179.8070744,-5.40989258,2.376811528,1.406431522,-0.237599688,0.955224093,-0.561069384,-37.47164956,56.18817787,43.42569694,-76.49936485,-39.63688659,62.85722236,11.99353065,1,1
170.1004939,9,1573821360,AUT,FALSE,TRUE,TRUE,621.6211264,-99.95137334,158.7141543,-179.8863845,0.210215161,179.9152158,-7.040274239,-1.680330391,1.619133552,-0.237599688,0.955224093,-0.561069384,-34.37437363,56.19374313,43.31335831,-76.08573989,-39.67990905,62.84180374,13.87790909,1,1
170.2009909,9,1573821360,AUT,FALSE,TRUE,TRUE,621.6211264,-99.95137334,158.7141543,-179.8863845,0.210215161,179.9152158,-7.040274239,-1.680330391,1.619133552,-1.153329583,0.545587513,-0.466692246,-34.37437363,56.19374313,43.31335831,-76.08573989,-39.67990905,62.84180374,13.87790909,1,1
170.301491,9,1573821360,AUT,FALSE,TRUE,TRUE,635.9245613,-85.73617598,160.8007519,-179.9325992,0.349685875,179.9404344,-8.622856686,0.043763799,2.95588686,-1.153329583,0.545587513,-0.466692246,-31.93670654,57.22792739,43.14920883,-73.35362205,-39.67421813,64.03215523,14.65597458,1,1
170.402035,9,1573821361,AUT,FALSE,TRUE,TRUE,635.9245613,-85.73617598,160.8007519,-179.9325992,0.349685875,179.9404344,-8.622856686,0.043763799,2.95588686,-0.924169599,0.660434446,-0.304525632,-31.93670654,57.22792739,43.14920883,-73.35362205,-39.67421813,64.03215523,14.65597458,1,1
170.5025399,9,1573821361,AUT,FALSE,TRUE,TRUE,657.3532635,-79.76728321,164.8171763,-179.9899527,0.354510632,179.9217318,-5.142187016,2.490305372,0.799409712,-0.391813299,0.215471282,-0.19518793,-29.61847458,59.19268455,43.06735725,-68.29613456,-39.67228454,66.46485443,14.04825897,1,1
170.6031759,9,1573821361,AUT,FALSE,TRUE,TRUE,657.3532635,-79.76728321,164.8171763,-179.9899527,0.354510632,179.9217318,-5.142187016,2.490305372,0.799409712,-0.391813299,0.215471282,-0.19518793,-29.61847458,59.19268455,43.06735725,-68.29613456,-39.67228454,66.46485443,14.04825897,1,1
170.703686,9,1573821361,AUT,FALSE,TRUE,TRUE,674.8445292,-76.05675979,167.2385061,-179.9108187,0.300092974,179.8484976,-3.556845623,6.306669014,0.152107676,0.170926533,0.007909427,-0.303448876,-27.71037598,61.03616294,43.0300827,-63.73176841,-39.71929504,68.63373756,13.16293602,1,1
170.804189,9,1573821361,AUT,FALSE,TRUE,TRUE,689.9352865,-66.64847465,167.0981709,-179.8572258,0.18992646,179.7258594,-2.568202338,10.51837689,1.795829153,0.791721541,0.144117597,-0.564292737,-25.63095933,62.81692657,43.01511383,-59.73764076,-39.8192871,70.37361488,12.86590347,1,1
170.9047389,9,1573821361,AUT,FALSE,TRUE,TRUE,689.9352865,-66.64847465,167.0981709,-179.8572258,0.18992646,179.7258594,-2.568202338,10.51837689,1.795829153,0.791721541,0.144117597,-0.564292737,-25.63095933,62.81692657,43.01511383,-59.73764076,-39.8192871,70.37361488,12.86590347,1,1
171.0052769,9,1573821361,AUT,FALSE,TRUE,TRUE,701.362093,-50.1071039,163.6290159,-179.8217781,0.17012214,179.6624101,-3.282176819,9.997068177,0.860815303,0.624832858,0.312361273,-0.760898809,-23.20002136,64.40715637,42.89297676,-56.74372558,-40.01701354,71.36042747,13.45177345,1,1
171.1065199,9,1573821361,AUT,FALSE,TRUE,TRUE,709.3622707,-30.80430382,160.2906302,-179.8303725,0.137495894,179.6339646,-2.548426881,9.534389966,1.548785717,0.437687701,0.242953571,-0.869336874,-20.92092819,65.55368957,42.75274314,-54.66926994,-40.14830017,71.95195541,14.46779938,1,1
171.2076159,9,1573821361,AUT,FALSE,TRUE,TRUE,715.0784959,-7.716598376,157.7524745,-179.7927456,0.082977851,179.6348355,0.102833856,6.668222348,0.165220222,-0.357058747,-0.254788804,-0.866241319,-18.49535294,66.44832344,42.67010536,-53.02829018,-40.27019897,72.46340332,15.84268684,1,1
171.308151,9,1573821361,AUT,FALSE,TRUE,TRUE,718.6115313,17.4407231,156.587996,-179.8119015,0.021796382,179.6672196,1.757376313,1.98104295,-0.192529766,-1.182732982,-0.597867481,-0.7617731,-16.06547585,67.05797539,42.60121765,-51.79334793,-40.34074218,72.92258377,17.5184658,1,1
171.4086289,9,1573821362,AUT,FALSE,TRUE,TRUE,718.6115313,17.4407231,156.587996,-179.8119015,0.021796382,179.6672196,1.757376313,1.98104295,-0.192529766,-1.182732982,-0.597867481,-0.7617731,-16.06547585,67.05797539,42.60121765,-51.79334793,-40.34074218,72.92258377,17.5184658,1,1
171.50912,9,1573821362,AUT,FALSE,TRUE,TRUE,720.0361155,41.37501086,156.668155,-179.8260087,-0.051520653,179.7611995,2.605915657,0.997122308,0.274684731,-1.055910753,-0.612844566,-0.703089619,-13.79301911,67.40701789,42.50347366,-50.89929771,-40.35476623,73.34736671,19.19788742,1,1
171.6096609,9,1573821362,AUT,FALSE,TRUE,TRUE,718.6717455,61.9835226,156.9301314,-179.8465917,-0.223255834,179.8735832,5.32829251,4.568062422,-0.43326741,0.182457737,-0.477835349,-0.521271768,-12.01306229,67.4880558,42.43008499,-50.61441193,-40.3421759,73.65133094,20.81701469,1,1
171.7101779,9,1573821362,AUT,FALSE,TRUE,TRUE,714.8946314,77.68082525,156.9815262,-179.9429145,-0.423269036,179.9729342,5.207633281,1.023448827,-0.772963939,-0.413375146,0.247423879,-0.495857233,-10.80491295,67.29413338,42.40558891,-51.06663666,-40.30251525,73.67800713,22.34193763,1,1
171.8107309,9,1573821362,AUT,FALSE,TRUE,TRUE,714.8946314,77.68082525,156.9815262,-179.9429145,-0.423269036,179.9729342,5.207633281,1.023448827,-0.772963939,-0.413375146,0.247423879,-0.495857233,-10.22600556,66.7653923,42.40476494,-52.22005348,-40.2470288,73.35358429,23.53434563,1,1
171.911221,9,1573821362,AUT,FALSE,TRUE,TRUE,709.60534,88.47611789,157.5377547,-179.8777532,-0.51035007,-179.950558,6.891069321,0.108151477,-1.641473933,-0.426193715,0.173242339,-0.439825102,-10.22600556,66.7653923,42.40476494,-52.22005348,-40.2470288,73.35358429,23.53434563,1,1
172.0117328,9,1573821362,AUT,FALSE,TRUE,TRUE,699.3560526,96.62663345,158.2918881,-179.8851728,-0.569501509,-179.8802124,6.418164342,2.011743813,-1.242636751,0.232361114,0.322055811,-0.438518188,-10.22707329,65.83275261,42.40663604,-54.27992477,-40.10211364,72.34249878,25.11915779,1,1
172.1122489,9,1573821362,AUT,FALSE,TRUE,TRUE,699.3560526,96.62663345,158.2918881,-179.8851728,-0.569501509,-179.8802124,6.418164342,2.011743813,-1.242636751,0.232361114,0.322055811,-0.438518188,-10.78457108,64.07627563,42.41425094,-58.34702911,-39.93101806,70.94026565,26.63980636,1,1
172.21279,9,1573821362,AUT,FALSE,TRUE,TRUE,687.1759408,101.9138712,158.2189656,-179.8946635,-0.566467964,-179.8668742,5.297797585,2.332352298,-0.653296477,0.244674753,0.365287857,-0.513748038,-10.78457108,64.07627563,42.41425094,-58.34702911,-39.93101806,70.94026565,26.63980636,1,1
172.3132749,9,1573821362,AUT,FALSE,TRUE,TRUE,672.557155,107.1782789,157.2803678,-179.8487146,-0.553437344,-179.8617654,1.73982323,6.249797158,0.058563783,1.097154201,0.66194238,-0.525998943,-11.37688866,62.43708458,42.42102813,-62.23819084,-39.77337524,69.22113876,28.29282646,1,1
172.4138908,9,1573821363,AUT,FALSE,TRUE,TRUE,657.131168,113.052215,155.823611,-179.8842703,-0.440342387,-179.8775781,-0.01682422,3.671400615,0.703427843,0.39213226,0.663064316,-0.644193255,-11.90270119,60.77517242,42.4339508,-66.20451622,-39.66562133,67.33329277,30.12558288,1,1
172.514389,9,1573821363,AUT,FALSE,TRUE,TRUE,657.131168,113.052215,155.823611,-179.8842703,-0.440342387,-179.8775781,-0.01682422,3.671400615,0.703427843,0.39213226,0.663064316,-0.644193255,-11.90270119,60.77517242,42.4339508,-66.20451622,-39.66562133,67.33329277,30.12558288,1,1
172.614918,9,1573821363,AUT,FALSE,TRUE,TRUE,637.7860044,123.8890466,152.4074092,-179.830626,-0.326319581,-179.9456887,-3.762828872,6.212397092,2.477494334,0.668702723,1.047898958,-0.779855499,-12.2841671,58.96388397,42.45148086,-70.71457214,-39.59008483,65.09464645,32.30516739,1,1
172.7154648,9,1573821363,AUT,FALSE,TRUE,TRUE,637.7860044,123.8890466,152.4074092,-179.830626,-0.326319581,-179.9456887,-3.762828872,6.212397092,2.477494334,0.668702723,1.047898958,-0.779855499,-12.2841671,58.96388397,42.45148086,-70.71457214,-39.59008483,65.09464645,32.30516739,1,1
172.816179,9,1573821363,AUT,FALSE,TRUE,TRUE,614.5795951,138.5108026,149.0244965,-179.8113264,-0.197134391,179.9711138,-6.160417411,8.011203343,1.863857073,0.672242539,1.299478142,-0.855743637,-12.03940544,57.26305618,42.51557922,-75.14407081,-39.65052612,62.75656013,35.55720291,1,1
172.9168508,9,1573821363,AUT,FALSE,TRUE,TRUE,614.5795951,138.5108026,149.0244965,-179.8113264,-0.197134391,179.9711138,-6.160417411,8.011203343,1.863857073,0.672242539,1.299478142,-0.855743637,-11.06832734,56.46587104,42.5552124,-77.11984519,-39.70632568,61.68831138,37.24572258,1,1
173.0177288,9,1573821363,AUT,FALSE,TRUE,TRUE,605.8008415,150.8704248,148.2579187,-179.798149,-0.132539847,179.9496742,-6.865250406,7.702624411,2.193765678,0.333866589,1.485947298,-0.944538525,-11.06832734,56.46587104,42.5552124,-77.11984519,-39.70632568,61.68831138,37.24572258,1,1
173.1182568,9,1573821363,AUT,FALSE,TRUE,TRUE,605.8008415,150.8704248,148.2579187,-179.798149,-0.132539847,179.9496742,-6.865250406,7.702624411,2.193765678,0.333866589,1.485947298,-0.944538525,-9.501155094,56.43449134,42.5769104,-77.00241165,-39.70356811,61.67991714,38.74285354,1,1
173.218792,9,1573821363,AUT,FALSE,TRUE,TRUE,602.5438591,167.5761567,149.1591555,-179.7851643,-0.003807794,179.8917332,-3.35670779,7.522491322,1.379977425,0.270051588,0.416456003,-1.008263208,-9.501155094,56.43449134,42.5769104,-77.00241165,-39.70356811,61.67991714,38.74285354,1,1
173.319309,9,1573821363,AUT,FALSE,TRUE,TRUE,602.5438591,167.5761567,149.1591555,-179.7851643,-0.003807794,179.8917332,-3.35670779,7.522491322,1.379977425,0.270051588,0.416456003,-1.008263208,-9.501155094,56.43449134,42.5769104,-77.00241165,-39.70356811,61.67991714,38.74285354,1,1
173.4198248,9,1573821364,AUT,FALSE,TRUE,TRUE,601.1600199,193.4350095,150.7516664,-179.8049649,0.002355597,179.8387187,-2.388453492,10.00411412,1.292212162,0.813335219,0.151063671,-0.966835308,-6.942212681,56.95327949,42.67150268,-75.62272109,-39.70368896,62.39901352,40.65919533,1,1
173.5203578,9,1573821364,AUT,FALSE,TRUE,TRUE,601.1600199,193.4350095,150.7516664,-179.8049649,0.002355597,179.8387187,-2.388453492,10.00411412,1.292212162,0.813335219,0.151063671,-0.966835308,-6.942212681,56.95327949,42.67150268,-75.62272109,-39.70368896,62.39901352,40.65919533,1,1
173.6209259,9,1573821364,AUT,FALSE,TRUE,TRUE,598.7541807,217.2078689,151.6937104,-179.8141262,-0.107057675,179.8751129,1.609461185,6.183289776,1.487331984,0.065848573,-0.038180724,-0.840722823,-4.464054112,57.5382946,42.70854378,-74.23786697,-39.70264526,63.18270263,42.40253677,1,1
173.7214599,9,1573821364,AUT,FALSE,TRUE,TRUE,589.8758388,241.2030434,150.0924038,-179.8073287,-0.327872747,179.9969061,1.609461185,6.183289776,1.487331984,0.065848573,-0.038180724,-0.840722823,-2.053334431,57.8432476,42.71003036,-73.90314102,-39.7650531,63.44957771,44.64563942,1,1
173.822022,9,1573821364,AUT,FALSE,TRUE,TRUE,589.8758388,241.2030434,150.0924038,-179.8073287,-0.327872747,179.9969061,4.143013898,5.000225759,1.390259395,0.31744148,0.1728423,-0.539024181,-2.053334431,57.8432476,42.71003036,-73.90314102,-39.7650531,63.44957771,44.64563942,1,1
173.9225428,9,1573821364,AUT,FALSE,TRUE,TRUE,577.73639,256.9027999,147.5711588,-179.8814814,-0.458787294,-179.8794667,4.517302468,1.437029939,0.041456084,0.31744148,0.1728423,-0.539024181,-0.527278519,57.62134094,42.69021378,-74.90706825,-39.86346313,62.98490409,46.81539459,1,1
174.023052,9,1573821364,AUT,FALSE,TRUE,TRUE,577.73639,256.9027999,147.5711588,-179.8814814,-0.458787294,-179.8794667,4.517302468,1.437029939,0.041456084,-0.260391883,0.56250191,-0.472329361,-0.527278519,57.62134094,42.69021378,-74.90706825,-39.86346313,62.98490409,46.81539459,1,1
174.12357,9,1573821364,AUT,FALSE,TRUE,TRUE,556.8624559,268.8325771,145.3033274,-179.8928373,-0.522360875,-179.806203,4.587159282,1.884474378,-1.163423154,-0.314922824,0.515052328,-0.476606638,0.381218719,56.41733551,42.71730881,-77.99052887,-39.89030273,61.55634498,49.51690178,1,1
174.224159,9,1573821364,AUT,FALSE,TRUE,TRUE,556.8624559,268.8325771,145.3033274,-179.8928373,-0.522360875,-179.806203,4.587159282,1.884474378,-1.163423154,-0.314922824,0.515052328,-0.476606638,0.381218719,56.41733551,42.71730881,-77.99052887,-39.89030273,61.55634498,49.51690178,1,1
174.3246739,9,1573821364,AUT,FALSE,TRUE,TRUE,536.1430069,273.0249695,143.1776165,-179.8798902,-0.546390413,-179.7401753,4.012738348,3.28002655,1.43417577,0.136567154,0.621291002,-0.474054388,0.562757488,54.84845695,42.73982047,-81.72460327,-39.89480712,59.76153603,51.72165527,1,1
174.425262,9,1573821365,AUT,FALSE,TRUE,TRUE,536.1430069,273.0249695,143.1776165,-179.8798902,-0.546390413,-179.7401753,4.012738348,3.28002655,1.43417577,0.136567154,0.621291002,-0.474054388,0.5017456,52.91016311,42.739151,-87.00638694,-39.93498413,57.05394859,54.57026253,1,1
174.526118,9,1573821365,AUT,FALSE,TRUE,TRUE,507.4497793,274.1467731,141.1804652,-179.8602627,-0.383116732,-179.6885965,-0.414968997,5.894976724,0.065158971,0.783126957,0.698711815,-0.525531941,0.5017456,52.91016311,42.739151,-87.00638694,-39.93498413,57.05394859,54.57026253,1,1
174.626842,9,1573821365,AUT,FALSE,TRUE,TRUE,507.4497793,274.1467731,141.1804652,-179.8602627,-0.383116732,-179.6885965,-0.414968997,5.894976724,0.065158971,0.783126957,0.698711815,-0.525531941,0.392400738,50.50862732,42.7508789,-90.65645027,-39.74804077,55.34292755,56.51018028,1,1
174.7274978,9,1573821365,AUT,FALSE,TRUE,TRUE,485.5916588,273.2209819,143.008188,-179.8817476,-0.191054572,-179.6556759,-1.996789135,6.920550519,2.301681847,1.102570682,0.647278725,-0.580428347,0.392400738,50.50862732,42.7508789,-90.65645027,-39.74804077,55.34292755,56.51018028,1,1
185.558111,10,1573821376,AUT,FALSE,TRUE,TRUE,471.9612628,-399.9342078,169.9124742,-179.987457,-0.028271628,179.9902724,-1.199841568,-1.697760634,8.091257702,-0.476645071,0.885784891,0.165026534,-65.91117783,53.95287552,43.14203682,-78.18408737,-38.43275756,62.82112541,-17.12509346,1,1
185.6586568,10,1573821376,AUT,FALSE,TRUE,TRUE,471.9612628,-399.9342078,169.9124742,-179.987457,-0.028271628,179.9902724,-1.199841568,-1.697760634,8.091257702,-0.476645071,0.885784891,0.165026534,-65.91117783,53.95287552,43.14203682,-78.18408737,-38.43275756,62.82112541,-17.12509346,1,1
185.7592089,10,1573821376,AUT,FALSE,TRUE,TRUE,471.107019,-401.4474818,163.0029527,-179.9812122,-0.082424131,179.9772524,-0.330346417,-0.999402443,5.130500873,-0.669075654,0.242769882,0.027442456,-65.87786866,54.49860077,42.8374237,-78.18257675,-38.72958618,62.32218818,-17.12984848,1,1
185.8596818,10,1573821376,AUT,FALSE,TRUE,TRUE,471.8482016,-403.1084769,149.8290314,-179.9673372,0.135579576,179.9175924,-2.902080699,-0.26001927,2.244792684,-0.668498742,0.05899735,-0.230654467,-65.78652077,55.75220604,42.4957489,-78.10634193,-39.43245849,61.18340034,-16.95091896,1,1
185.960146,10,1573821376,AUT,FALSE,TRUE,TRUE,471.8482016,-403.1084769,149.8290314,-179.9673372,0.135579576,179.9175924,-2.902080699,-0.26001927,2.244792684,-0.668498742,0.05899735,-0.230654467,-65.78652077,55.75220604,42.4957489,-78.10634193,-39.43245849,61.18340034,-16.95091896,1,1
186.0606248,10,1573821376,AUT,FALSE,TRUE,TRUE,477.6358443,-403.5261645,141.1481973,-179.9267381,0.358147645,179.9049308,-7.395674627,-0.755866196,1.943801303,-0.591623949,0.473068781,-0.221907262,-65.31382714,57.02620811,42.51538009,-77.30288086,-40.16339538,60.77875671,-16.59698754,1,1
186.1610999,10,1573821376,AUT,FALSE,TRUE,TRUE,477.6358443,-403.5261645,141.1481973,-179.9267381,0.358147645,179.9049308,-7.395674627,-0.755866196,1.943801303,-0.591623949,0.473068781,-0.221907262,-64.28591194,58.02426109,42.54632034,-75.73241958,-40.46214111,61.21340332,-16.30547562,1,1
186.261595,10,1573821376,AUT,FALSE,TRUE,TRUE,487.6572075,-403.1512809,139.2033659,-179.9506565,0.469624815,179.9437197,-9.509904802,-1.768250246,1.754587564,-0.551527127,0.643748399,-0.096590799,-64.28591194,58.02426109,42.54632034,-75.73241958,-40.46214111,61.21340332,-16.30547562,1,1
186.362144,10,1573821376,AUT,FALSE,TRUE,TRUE,513.8896639,-403.2459535,143.0621465,-179.9649614,0.458753815,-179.9486528,-8.651913104,-0.323408558,1.949376252,-0.015893016,0.433099953,0.004675971,-61.46476708,59.83202705,42.54950294,-71.03673248,-40.50479553,63.61506958,-16.12398834,1,1
186.4626389,10,1573821377,AUT,FALSE,TRUE,TRUE,513.8896639,-403.2459535,143.0621465,-179.9649614,0.458753815,-179.9486528,-8.651913104,-0.323408558,1.949376252,-0.015893016,0.433099953,0.004675971,-61.46476708,59.83202705,42.54950294,-71.03673248,-40.50479553,63.61506958,-16.12398834,1,1
186.5631158,10,1573821377,AUT,FALSE,TRUE,TRUE,536.3834124,-403.494584,148.142908,-179.9934496,0.45862851,-179.908375,-3.644403449,-2.457473092,1.185300692,-0.394693291,-0.377335873,0.133356812,-58.82682953,61.47394753,42.55420303,-66.28198699,-40.39253173,65.91411666,-16.27564431,1,1
186.6635909,10,1573821377,AUT,FALSE,TRUE,TRUE,563.8684578,-401.9571196,152.8666677,179.989135,0.467628623,-179.930025,-3.644403449,-2.457473092,1.185300692,-0.394693291,-0.377335873,0.133356812,-55.64908219,63.59028168,42.56194496,-60.55249328,-40.3595288,68.68190231,-16.51740876,1,1
186.7640688,10,1573821377,AUT,FALSE,TRUE,TRUE,563.8684578,-401.9571196,152.8666677,179.989135,0.467628623,-179.930025,-6.893208713,-0.353516268,3.63139025,0.094851287,0.133179768,0.182217362,-55.64908219,63.59028168,42.56194496,-60.55249328,-40.3595288,68.68190231,-16.51740876,1,1
186.8645589,10,1573821377,AUT,FALSE,TRUE,TRUE,593.7727277,-395.4061586,154.7405282,-179.915546,0.166162723,179.8787363,3.721054638,3.950231237,0.336355131,0.139929005,-0.802983941,-0.20809614,-51.67040406,66.31951218,42.51592254,-53.79469299,-40.43144531,72.00333023,-16.77113114,1,1
186.9651098,10,1573821377,AUT,FALSE,TRUE,TRUE,593.7727277,-395.4061586,154.7405282,-179.915546,0.166162723,179.8787363,3.721054638,3.950231237,0.336355131,0.139929005,-0.802983941,-0.20809614,-51.67040406,66.31951218,42.51592254,-53.79469299,-40.43144531,72.00333023,-16.77113114,1,1
187.065902,10,1573821377,AUT,FALSE,TRUE,TRUE,608.510863,-386.707816,152.5996121,-179.8348306,-0.19761959,179.7307289,14.12304169,6.218690262,1.13942788,0.056391034,-1.526753927,-0.721654337,-49.34961434,67.76126174,42.36621666,-50.70309906,-40.46420104,73.40709114,-16.49090081,1,1
187.1666398,10,1573821377,AUT,FALSE,TRUE,TRUE,614.5548472,-376.0535484,147.7247339,-179.825237,-0.274879508,179.6316623,14.12304169,6.218690262,1.13942788,0.056391034,-1.526753927,-0.721654337,-48.28606567,68.12758026,42.20506096,-50.74009895,-40.46489318,73.11046714,-15.52478714,1,1
187.2673218,10,1573821377,AUT,FALSE,TRUE,TRUE,614.5548472,-376.0535484,147.7247339,-179.825237,-0.274879508,179.6316623,7.150406509,4.052341304,-0.672679642,-0.646716904,-0.236045335,-0.815008421,-48.28606567,68.12758026,42.20506096,-50.74009895,-40.46489318,73.11046714,-15.52478714,1,1
187.3677928,10,1573821378,AUT,FALSE,TRUE,TRUE,615.9399678,-366.3324499,146.2340533,-179.7915554,-0.322453914,179.6302937,5.146854755,4.056550553,-0.073186431,-0.709102158,0.018209322,-0.831674564,-47.94829445,67.76440315,42.22382354,-51.95504264,-40.51039306,72.54424209,-14.44614945,1,1
187.4682789,10,1573821378,AUT,FALSE,TRUE,TRUE,615.9399678,-366.3324499,146.2340533,-179.7915554,-0.322453914,179.6302937,5.146854755,4.056550553,-0.073186431,-0.709102158,0.018209322,-0.831674564,-47.89426232,66.58272743,42.30016136,-54.49206733,-40.41357604,71.62890586,-12.77836991,1,1
187.5688179,10,1573821378,AUT,FALSE,TRUE,TRUE,614.5140007,-352.4565313,148.1555507,-179.7923132,-0.298918943,179.6580791,3.720131422,4.530887835,-2.042574705,-0.196393523,0.086598604,-0.825731387,-47.89426232,66.58272743,42.30016136,-54.49206733,-40.41357604,71.62890586,-12.77836991,1,1
187.6692989,10,1573821378,AUT,FALSE,TRUE,TRUE,611.9474929,-334.4211275,151.7088434,-179.7709627,-0.276380912,179.658629,1.430305237,5.075824055,-0.108639897,0.031874121,0.377262971,-0.840868149,-47.87311707,64.95448151,42.53637428,-57.75655861,-40.30047729,70.51341591,-10.67982674,1,1
187.7697799,10,1573821378,AUT,FALSE,TRUE,TRUE,611.9474929,-334.4211275,151.7088434,-179.7709627,-0.276380912,179.658629,1.430305237,5.075824055,-0.108639897,0.031874121,0.377262971,-0.840868149,-47.87311707,64.95448151,42.53637428,-57.75655861,-40.30047729,70.51341591,-10.67982674,1,1
187.870245,10,1573821378,AUT,FALSE,TRUE,TRUE,608.8435942,-309.8344467,154.4746383,-179.8179207,-0.217740772,179.6421526,0.389455552,3.891892062,0.756947473,-0.138209863,0.640072061,-0.790017299,-47.65408402,63.00188484,42.94614715,-61.95221328,-40.27470886,69.04431038,-7.750325781,1,1
187.970726,10,1573821378,AUT,FALSE,TRUE,TRUE,608.8435942,-309.8344467,154.4746383,-179.8179207,-0.217740772,179.6421526,0.389455552,3.891892062,0.756947473,-0.138209863,0.640072061,-0.790017299,-47.65408402,63.00188484,42.94614715,-61.95221328,-40.27470886,69.04431038,-7.750325781,1,1
188.071209,10,1573821378,AUT,FALSE,TRUE,TRUE,604.5685756,-272.505212,155.4127748,-179.7954525,-0.164140225,179.6149589,-2.979176318,4.973299895,1.189403039,0.172993723,0.88158074,-0.738645041,-47.04655381,60.67079544,43.39880104,-67.30651359,-40.2815039,66.89046134,-3.512696462,1,1
188.171752,10,1573821378,AUT,FALSE,TRUE,TRUE,602.5774734,-244.7159186,155.4176758,-179.8093835,-0.119538843,179.6217938,-4.223899006,5.060161877,1.174889836,0.116085193,0.97355506,-0.697557537,-45.86199418,59.24389801,43.6508995,-70.59724846,-40.31005187,65.48855438,-0.402281575,1,1
188.272233,10,1573821378,AUT,FALSE,TRUE,TRUE,601.5420271,-215.3982183,155.7446814,-179.7912671,-0.112533776,179.6313159,-4.73865212,5.43818619,2.05729507,0.182500615,1.053732208,-0.667046274,-44.45325508,58.00452003,43.88262519,-73.40411109,-40.31966491,64.33955612,2.776389313,1,1
188.3727319,10,1573821379,AUT,FALSE,TRUE,TRUE,601.5420271,-215.3982183,155.7446814,-179.7912671,-0.112533776,179.6313159,-4.73865212,5.43818619,2.05729507,0.182500615,1.053732208,-0.667046274,-42.74818039,56.93341484,44.04973411,-75.68417587,-40.31725341,63.38629646,5.938731763,1,1
188.4732149,10,1573821379,AUT,FALSE,TRUE,TRUE,601.3881696,-186.5135529,156.3325886,-179.8327172,-0.07564123,179.683531,-3.692301777,3.399980478,1.543769277,-0.147732957,0.863261754,-0.674794263,-42.74818039,56.93341484,44.04973411,-75.68417587,-40.31725341,63.38629646,5.938731763,1,1
188.573693,10,1573821379,AUT,FALSE,TRUE,TRUE,602.3434329,-150.796988,157.1154193,-179.8377009,-0.056555822,179.7140064,-3.939264955,3.272929692,2.704790047,-0.07765767,0.964778913,-0.669839278,-40.31547089,55.94276046,44.21766014,-77.71914596,-40.28516784,62.54679679,9.681533431,1,1
188.674233,10,1573821379,AUT,FALSE,TRUE,TRUE,604.5004127,-124.6693337,157.2790839,-179.9122877,0.010383931,179.7598718,-3.939264955,3.272929692,2.704790047,-0.07765767,0.964778913,-0.669839278,-38.16432724,55.4722229,44.24334068,-78.66833038,-40.28262451,62.08727646,12.38601036,1,1
188.7748129,10,1573821379,AUT,FALSE,TRUE,TRUE,604.5004127,-124.6693337,157.2790839,-179.9122877,0.010383931,179.7598718,-5.351482235,2.745237704,0.667916897,-0.280806369,1.02784481,-0.592757421,-38.16432724,55.4722229,44.24334068,-78.66833038,-40.28262451,62.08727646,12.38601036,1,1
188.8753049,10,1573821379,AUT,FALSE,TRUE,TRUE,609.8744114,-102.40105,158.3426026,-179.8932187,0.188921233,179.8402929,-5.814372449,0.173128596,1.361161359,-0.760636097,0.510510571,-0.507528627,-35.97706261,55.37914123,44.19716034,-78.58841857,-40.28760681,62.02263908,14.49108009,1,1
188.9759209,10,1573821379,AUT,FALSE,TRUE,TRUE,617.8332117,-86.94834456,159.9495679,-179.8991322,0.284310519,179.9699466,-6.792742965,-0.755075335,0.754571112,-0.714691009,0.163822217,-0.38734582,-33.96709328,55.70352974,44.05562896,-77.44628677,-40.28315185,62.52827453,15.75177154,1,1
189.076587,10,1573821379,AUT,FALSE,TRUE,TRUE,629.0852152,-78.09848524,161.3440196,-179.9532768,0.327484821,179.9976694,-9.218296992,3.431309099,2.007730449,0.450332402,0.660658617,-0.237277514,-32.22227211,56.56133537,43.85681419,-75.18360443,-40.20835144,63.52152099,16.08833084,1,1
189.177459,10,1573821379,AUT,FALSE,TRUE,TRUE,629.0852152,-78.09848524,161.3440196,-179.9532768,0.327484821,179.9976694,-9.218296992,3.431309099,2.007730449,0.450332402,0.660658617,-0.237277514,-32.22227211,56.56133537,43.85681419,-75.18360443,-40.20835144,63.52152099,16.08833084,1,1
189.2781339,10,1573821379,AUT,FALSE,TRUE,TRUE,642.7879335,-74.09733233,162.0234074,179.9547779,0.343762286,179.9999392,-5.781772087,-0.580501342,3.35516278,-0.830544898,0.187836326,-0.194031774,-30.63978424,57.88305244,43.63708419,-72.09537506,-40.20534667,64.86406403,15.80010109,1,1
189.37869,10,1573821380,AUT,FALSE,TRUE,TRUE,658.1607164,-72.96813383,161.1408949,-179.9133859,0.338438975,179.9744798,-6.683039245,3.878348778,2.513448675,0.077668345,0.40192936,-0.164680149,-29.1310421,59.61558266,43.40113563,-68.31496238,-40.2851184,66.36771126,14.87797737,1,1
189.479192,10,1573821380,AUT,FALSE,TRUE,TRUE,673.003599,-71.41645361,159.7454667,-179.9421115,0.354194329,179.8660334,-4.804682006,4.593583784,-0.28414599,-0.257235388,-0.000730211,-0.313614462,-27.67678528,61.38761558,43.23452797,-64.5856842,-40.36247863,67.79975166,14.07961464,1,1
189.579684,10,1573821380,AUT,FALSE,TRUE,TRUE,687.2256976,-67.06315969,158.0452597,-179.8960769,0.243257001,179.792648,-2.137870491,5.329437122,0.708699618,-0.257235388,-0.000730211,-0.313614462,-25.94194794,63.23231621,43.13508796,-60.69148063,-40.49670959,69.35802154,13.40839805,1,1
189.6801698,10,1573821380,AUT,FALSE,TRUE,TRUE,687.2256976,-67.06315969,158.0452597,-179.8960769,0.243257001,179.792648,-2.137870491,5.329437122,0.708699618,-0.293491655,-0.273333801,-0.406421628,-25.94194794,63.23231621,43.13508796,-60.69148063,-40.49670959,69.35802154,13.40839805,1,1
189.780653,10,1573821380,AUT,FALSE,TRUE,TRUE,698.9126688,-55.83016265,155.7985974,-179.7652314,0.062928694,179.6608161,2.541958244,6.84584259,2.598608149,-0.46563123,-0.509400629,-0.694742419,-23.95628243,64.86876068,43.11401138,-57.38020134,-40.60171691,70.71976318,13.30220489,1,1
189.8811328,10,1573821380,AUT,FALSE,TRUE,TRUE,706.2917763,-36.2558662,152.1508491,-179.7388374,-0.028659388,179.5924781,3.43952299,6.953215357,1.602056127,-0.526459225,-0.560251411,-0.846882464,-21.73162995,66.01751861,43.09478188,-55.43772239,-40.77598205,71.32533646,14.38179016,1,1
189.9817028,10,1573821380,AUT,FALSE,TRUE,TRUE,710.0864223,-11.54327354,149.1830152,-179.7907057,-0.00614642,179.6198092,1.266829869,5.062808281,0.726837941,-0.640216777,-0.470899601,-0.720083053,-19.44181138,66.62660408,43.06002044,-54.59718246,-40.97138488,71.41867218,16.24185448,1,1
190.0822599,10,1573821380,AUT,FALSE,TRUE,TRUE,710.0864223,-11.54327354,149.1830152,-179.7907057,-0.00614642,179.6198092,1.266829869,5.062808281,0.726837941,-0.640216777,-0.470899601,-0.720083053,-19.44181138,66.62660408,43.06002044,-54.59718246,-40.97138488,71.41867218,16.24185448,1,1
190.182775,10,1573821380,AUT,FALSE,TRUE,TRUE,711.385469,15.29208061,148.1361376,-179.828611,-0.019317624,179.6756258,1.062064315,3.212681616,0.567020824,-0.701510699,-0.446560082,-0.648259019,-17.12150231,66.88554153,43.00995026,-54.18300819,-41.05087097,71.51128693,18.35318298,1,1
190.2833009,10,1573821380,AUT,FALSE,TRUE,TRUE,710.5866575,43.87063113,148.4220018,-179.8450475,-0.04895982,179.7595541,2.143509571,4.012348076,-0.298986202,-0.555937909,-0.673988274,-0.632635097,-14.75345078,66.91487159,42.93498229,-54.02508659,-41.05122802,71.61681404,20.64938393,1,1
190.3837988,10,1573821381,AUT,FALSE,TRUE,TRUE,710.5866575,43.87063113,148.4220018,-179.8450475,-0.04895982,179.7595541,2.143509571,4.012348076,-0.298986202,-0.555937909,-0.673988274,-0.632635097,-14.75345078,66.91487159,42.93498229,-54.02508659,-41.05122802,71.61681404,20.64938393,1,1
190.484329,10,1573821381,AUT,FALSE,TRUE,TRUE,705.5760872,77.72741708,150.0719436,-179.875124,-0.354625001,179.95006,4.306457621,2.235056628,-0.095917127,-0.310955246,0.074667706,-0.307571544,-12.34129601,66.74577827,42.90540504,-54.14397239,-40.97152221,71.94494476,23.52583122,1,1
190.5848999,10,1573821381,AUT,FALSE,TRUE,TRUE,705.5760872,77.72741708,150.0719436,-179.875124,-0.354625001,179.95006,4.306457621,2.235056628,-0.095917127,-0.310955246,0.074667706,-0.307571544,-12.34129601,66.74577827,42.90540504,-54.14397239,-40.97152221,71.94494476,23.52583122,1,1
190.6854799,10,1573821381,AUT,FALSE,TRUE,TRUE,697.4681355,94.99217795,152.0850147,-179.9226756,-0.569528693,-179.9318097,9.133999949,0.721916278,-0.9978641,-0.142985864,-0.037757772,-0.201223053,-10.87374573,65.89023857,42.87870826,-55.75702286,-40.79700439,71.70635948,25.48945541,1,1
190.7863579,10,1573821381,AUT,FALSE,TRUE,TRUE,697.4681355,94.99217795,152.0850147,-179.9226756,-0.569528693,-179.9318097,9.133999949,0.721916278,-0.9978641,-0.142985864,-0.037757772,-0.201223053,-10.87374573,65.89023857,42.87870826,-55.75702286,-40.79700439,71.70635948,25.48945541,1,1
190.8870039,10,1573821381,AUT,FALSE,TRUE,TRUE,679.9153394,106.9336842,153.3758021,-179.9079827,-0.580403758,-179.8447746,4.562239207,2.605067859,0.861875263,0.323435184,0.479694775,-0.33455345,-11.04764214,63.80516395,42.88132782,-60.26058997,-40.55176757,69.96760483,27.96591453,1,1
190.9877288,10,1573821381,AUT,FALSE,TRUE,TRUE,679.9153394,106.9336842,153.3758021,-179.9079827,-0.580403758,-179.8447746,4.562239207,2.605067859,0.861875263,0.323435184,0.479694775,-0.33455345,-11.70902596,61.68662567,42.89455948,-65.30285454,-40.37872741,67.62901382,30.31306801,1,1
191.0882199,10,1573821381,AUT,FALSE,TRUE,TRUE,659.8198153,114.9964378,152.1609894,-179.852249,-0.497633092,-179.8645994,0.600508285,5.932772056,1.900036547,0.788696711,0.881501077,-0.57174903,-11.70902596,61.68662567,42.89455948,-65.30285454,-40.37872741,67.62901382,30.31306801,1,1
191.188767,10,1573821381,AUT,FALSE,TRUE,TRUE,644.1013831,122.2084749,149.7479829,-179.794934,-0.42312835,-179.9295193,-2.676480922,8.120957364,2.850617478,1.092919898,1.134856574,-0.785035617,-12.07450676,60.14135399,42.92922821,-69.22436599,-40.34034667,65.74073181,32.13304939,1,1
191.2892659,10,1573821381,AUT,FALSE,TRUE,TRUE,627.7708118,133.5338388,146.2212276,-179.7627262,-0.308114389,179.9294465,-6.12894737,8.280780254,3.452452082,0.597154995,1.404703709,-1.017668828,-11.97692071,58.87458916,42.96002769,-72.71988945,-40.36379699,63.81504821,34.32771949,1,1
191.389786,10,1573821382,AUT,FALSE,TRUE,TRUE,627.7708118,133.5338388,146.2212276,-179.7627262,-0.308114389,179.9294465,-6.12894737,8.280780254,3.452452082,0.597154995,1.404703709,-1.017668828,-11.97692071,58.87458916,42.96002769,-72.71988945,-40.36379699,63.81504821,34.32771949,1,1
191.490273,10,1573821382,AUT,FALSE,TRUE,TRUE,614.4203669,148.4129955,143.1329781,-179.7750466,-0.183546204,179.8787715,-8.096885185,9.192835262,2.475803437,0.431590413,1.657797587,-1.050844972,-11.21493988,58.00413894,42.97259674,-75.31278648,-40.54295654,62.30594558,36.71638412,1,1
191.5907619,10,1573821382,AUT,FALSE,TRUE,TRUE,608.4491361,163.1434305,142.651509,-179.7317849,-0.127541674,179.8686553,-6.5114676,9.329558996,2.289063753,0.470478861,1.407998338,-1.074778516,-9.932969288,57.75966568,42.97600593,-75.91484069,-40.58868713,61.96402016,38.28064155,1,1
191.691236,10,1573821382,AUT,FALSE,TRUE,TRUE,605.1789367,181.1605757,143.1961936,-179.7827279,-0.070255371,179.8486897,-3.161095445,5.667697856,1.672516436,-0.509746206,0.553891112,-1.062828278,-8.188041688,57.86477394,42.97906494,-75.57176857,-40.58850585,62.09794693,39.87988358,1,1
191.7917819,10,1573821382,AUT,FALSE,TRUE,TRUE,605.1789367,181.1605757,143.1961936,-179.7827279,-0.070255371,179.8486897,-3.161095445,5.667697856,1.672516436,-0.509746206,0.553891112,-1.062828278,-8.188041688,57.86477394,42.97906494,-75.57176857,-40.58850585,62.09794693,39.87988358,1,1
191.892266,10,1573821382,AUT,FALSE,TRUE,TRUE,602.3890036,201.7662822,143.8569744,-179.7479379,-0.064919797,179.8598984,-1.722647584,7.191225565,1.787130279,-0.107148133,0.342156285,-0.99684245,-6.170450594,58.17030716,42.9802185,-74.77408218,-40.58981323,62.47837601,41.39973907,1,1
191.992739,10,1573821382,AUT,FALSE,TRUE,TRUE,602.3890036,201.7662822,143.8569744,-179.7479379,-0.064919797,179.8598984,-1.722647584,7.191225565,1.787130279,-0.107148133,0.342156285,-0.99684245,-6.170450594,58.17030716,42.9802185,-74.77408218,-40.58981323,62.47837601,41.39973907,1,1
192.0932379,10,1573821382,AUT,FALSE,TRUE,TRUE,597.6023797,224.4420286,144.6440849,-179.7428853,-0.179032887,179.9011499,2.821322399,4.370054743,0.827569651,-0.390645704,-0.17012492,-0.820077225,-3.878973775,58.50079994,43.03623848,-73.93642273,-40.58297973,63.00416107,43.23515281,1,1
192.1937289,10,1573821382,AUT,FALSE,TRUE,TRUE,597.6023797,224.4420286,144.6440849,-179.7428853,-0.179032887,179.9011499,2.821322399,4.370054743,0.827569651,-0.390645704,-0.17012492,-0.820077225,-1.2851326,58.50502968,43.03742981,-74.13173218,-40.57892578,63.20824584,46.22045746,1,1
192.29427,10,1573821382,AUT,FALSE,TRUE,TRUE,584.8637481,250.3556328,143.7414154,-179.9735581,-0.454567133,-179.8684172,5.234163607,-0.628659179,-0.066166996,-0.757523483,0.370038308,-0.349593715,-1.2851326,58.50502968,43.03742981,-74.13173218,-40.57892578,63.20824584,46.22045746,1,1
192.394804,10,1573821383,AUT,FALSE,TRUE,TRUE,569.2112904,264.2060134,142.1822823,-179.9400139,-0.514217659,-179.8331551,6.113654708,0.909035004,0.529803692,-0.350333448,0.476218172,-0.370692302,-0.052147294,57.78688431,43.04299164,-76.00876693,-40.58289733,62.34883346,48.46978797,1,1
192.4953189,10,1573821383,AUT,FALSE,TRUE,TRUE,569.2112904,264.2060134,142.1822823,-179.9400139,-0.514217659,-179.8331551,6.113654708,0.909035004,0.529803692,-0.350333448,0.476218172,-0.370692302,-0.052147294,57.78688431,43.04299164,-76.00876693,-40.58289733,62.34883346,48.46978797,1,1
192.5960639,10,1573821383,AUT,FALSE,TRUE,TRUE,544.1955518,273.6638966,140.2553164,-179.8715437,-0.474164591,-179.7389072,2.717964053,1.880199064,-0.045776024,-0.176594939,0.845926001,-0.407856218,0.52283935,56.07371406,43.0517086,-80.14948654,-40.62702392,60.35887298,51.4027565,1,1
192.696769,10,1573821383,AUT,FALSE,TRUE,TRUE,544.1955518,273.6638966,140.2553164,-179.8715437,-0.474164591,-179.7389072,2.717964053,1.880199064,-0.045776024,-0.176594939,0.845926001,-0.407856218,0.52283935,56.07371406,43.0517086,-80.14948654,-40.62702392,60.35887298,51.4027565,1,1
192.797384,10,1573821383,AUT,FALSE,TRUE,TRUE,524.3296484,275.1849251,140.2060676,-179.8968055,-0.363413896,-179.6585367,0.412337469,5.095939367,0.289830769,0.757192187,0.687550199,-0.447410468,0.538645931,54.28278465,43.0581665,-83.86552963,-40.59632263,58.65348587,53.41142463,1,1
192.898047,10,1573821383,AUT,FALSE,TRUE,TRUE,524.3296484,275.1849251,140.2060676,-179.8968055,-0.363413896,-179.6585367,0.412337469,5.095939367,0.289830769,0.757192187,0.687550199,-0.447410468,0.538645931,54.28278465,43.0581665,-83.86552963,-40.59632263,58.65348587,53.41142463,1,1
192.998601,10,1573821383,AUT,FALSE,TRUE,TRUE,501.8386354,275.0055156,140.2637758,-179.871992,-0.296038885,-179.6660014,-0.622928599,5.568324664,0.69387076,0.88588945,0.561523853,-0.498630216,0.355854031,52.17590904,43.10746765,-88.14045753,-40.42263977,56.62918624,55.49721336,1,1
193.099107,10,1573821383,AUT,FALSE,TRUE,TRUE,486.5896425,274.0851869,140.1546547,-179.8792498,-0.202506382,-179.6358612,-1.121244916,5.415147208,1.462201731,0.924702005,0.500065838,-0.520071904,0.254827875,50.73759956,43.12065811,-91.02970733,-40.37141601,55.21903267,56.90768966,1,1
198.7726228,11,1573821389,AUT,FALSE,FALSE,TRUE,471.9263349,-400.05362,169.9743979,179.9994032,-0.011218867,-179.9986562,0.116275301,-1.538659199,3.922949699,-0.245573058,0.345664418,0.166024214,-65.91469002,53.952388,43.12947121,-78.17886543,-38.42660522,62.81539879,-17.12569771,0.5,1
198.8731768,11,1573821389,AUT,FALSE,TRUE,TRUE,471.9153601,-399.6747956,168.7497026,-179.9885614,-0.0489484,179.8868252,-3.302430619,-1.233455009,5.045304121,-0.226384954,0.626881878,0.132181235,-65.91127739,54.04930458,43.12781296,-78.17503738,-38.42814331,62.80663376,-17.12587968,1,1
198.9736629,11,1573821389,AUT,FALSE,TRUE,TRUE,471.9153601,-399.6747956,168.7497026,-179.9885614,-0.0489484,179.8868252,-3.302430619,-1.233455009,5.045304121,-0.226384954,0.626881878,0.132181235,-65.91127739,54.04930458,43.12781296,-78.17503738,-38.42814331,62.80663376,-17.12587968,1,1
199.0741849,11,1573821389,AUT,FALSE,TRUE,TRUE,476.3506324,-398.6749265,159.3478067,-179.9845477,0.153453665,179.8821808,-3.833473639,-0.301659895,3.771865629,-0.463063524,0.201611403,-0.186836192,-65.52410202,55.12716979,43.12349396,-77.85347443,-39.16258483,62.15894508,-16.55643082,1,1
199.1746669,11,1573821389,AUT,FALSE,TRUE,TRUE,483.5777112,-397.1281912,150.0097278,-179.957004,0.252477491,179.8625171,-4.418164237,-1.066293155,1.899565836,-0.463063524,0.201611403,-0.186836192,-64.75860901,56.48650474,43.12338066,-77.01866798,-39.97770446,61.82568168,-15.91571846,1,1
199.2752988,11,1573821389,AUT,FALSE,TRUE,TRUE,483.5777112,-397.1281912,150.0097278,-179.957004,0.252477491,179.8625171,-4.418164237,-1.066293155,1.899565836,-0.66708228,0.245159552,-0.146314429,-64.75860901,56.48650474,43.12338066,-77.01866798,-39.97770446,61.82568168,-15.91571846,1,1
199.376282,11,1573821390,AUT,FALSE,TRUE,TRUE,494.985935,-397.4943915,144.1971187,-179.964734,0.314635379,179.9186911,-3.576321563,-2.463381231,2.500977788,-0.887353379,-0.118436812,-0.186026308,-63.55354614,57.99282989,43.10762558,-75.1067276,-40.60608947,62.19314002,-15.54710999,1,1
199.4768388,11,1573821390,AUT,FALSE,TRUE,TRUE,494.985935,-397.4943915,144.1971187,-179.964734,0.314635379,179.9186911,-3.576321563,-2.463381231,2.500977788,-0.887353379,-0.118436812,-0.186026308,-63.55354614,57.99282989,43.10762558,-75.1067276,-40.60608947,62.19314002,-15.54710999,1,1
199.577492,11,1573821390,AUT,FALSE,TRUE,TRUE,511.4345103,-400.1977884,141.1961113,179.9925489,0.312241882,179.9563471,-4.035669606,0.11932194,2.166682796,-0.22493422,0.097623666,0.069079364,-61.59297753,59.75766678,42.74839324,-71.64475364,-40.73621154,63.38477554,-15.66602669,1,1
199.6780169,11,1573821390,AUT,FALSE,TRUE,TRUE,511.4345103,-400.1977884,141.1961113,179.9925489,0.312241882,179.9563471,-4.035669606,0.11932194,2.166682796,-0.22493422,0.097623666,0.069079364,-61.59297753,59.75766678,42.74839324,-71.64475364,-40.73621154,63.38477554,-15.66602669,1,1
199.7785299,11,1573821390,AUT,FALSE,TRUE,TRUE,527.5742526,-400.985318,141.1113429,179.9677961,0.343791085,179.9428821,-2.948453348,-0.257647635,1.151435591,-0.410863268,-0.271042622,0.084011724,-59.79265481,61.22776108,42.63474998,-68.33880272,-40.74782409,64.74438858,-15.78224488,1,1
199.879076,11,1573821390,AUT,FALSE,TRUE,TRUE,544.766678,-400.4947381,142.3140494,179.9734262,0.333493222,179.949704,-2.408981167,-0.743768947,1.826866667,-0.555098511,-0.256758227,0.115778806,-57.74704857,62.67562523,42.60996894,-64.81524009,-40.78801208,66.34625015,-15.88654633,1,1
199.979588,11,1573821390,AUT,FALSE,TRUE,TRUE,558.9939678,-399.9350503,143.6350517,179.9979137,0.281765157,179.963747,-2.408981167,-0.743768947,1.826866667,-0.555098511,-0.256758227,0.115778806,-56.03679658,63.87340622,42.54739494,-61.75998344,-40.78941833,67.76424179,-16.05760003,1,1
200.0800869,11,1573821390,AUT,FALSE,TRUE,TRUE,558.9939678,-399.9350503,143.6350517,179.9979137,0.281765157,179.963747,-3.062145758,0.211528002,2.121630604,-0.364722558,-0.033589335,0.142504346,-56.03679658,63.87340622,42.54739494,-61.75998344,-40.78941833,67.76424179,-16.05760003,1,1
200.1805739,11,1573821390,AUT,FALSE,TRUE,TRUE,571.9712536,-398.5596912,144.7243618,-179.9969854,0.241622094,179.9398486,-0.695362741,0.251093973,1.102903663,-0.414362892,-0.460649743,-0.025335171,-54.38503304,65.03146476,42.51376304,-58.84122505,-40.78789672,69.08722916,-16.21931878,1,1
200.281069,11,1573821390,AUT,FALSE,TRUE,TRUE,583.5998717,-395.8741544,145.0683345,-179.9581885,0.166634639,179.8718139,0.744080462,3.207522258,1.615215261,0.021712189,-0.48461071,-0.162324564,-52.86615258,66.07082977,42.48659591,-56.31643982,-40.78789672,70.23188095,-16.29315033,1,1
200.3815479,11,1573821391,AUT,FALSE,TRUE,TRUE,592.8332461,-390.4356154,144.1446149,-179.8545347,0.017151288,179.7783861,4.829198432,4.489528385,1.845555622,-0.068016567,-0.87598406,-0.613976324,-51.54732971,66.83491173,42.43367271,-54.66721687,-40.78783081,71.00460777,-16.1188797,1,1
200.4821229,11,1573821391,AUT,FALSE,TRUE,TRUE,592.8332461,-390.4356154,144.1446149,-179.8545347,0.017151288,179.7783861,4.829198432,4.489528385,1.845555622,-0.068016567,-0.87598406,-0.613976324,-51.54732971,66.83491173,42.43367271,-54.66721687,-40.78783081,71.00460777,-16.1188797,1,1
200.5826349,11,1573821391,AUT,FALSE,TRUE,TRUE,599.2418817,-381.6633773,141.7864115,-179.8439322,-0.137474811,179.6375132,3.410132458,4.666812513,0.691460164,-0.431002669,-0.178535743,-0.787934274,-50.53091584,67.18798484,42.37385216,-54.27092628,-40.78827575,71.11953163,-15.37260933,1,1
200.683116,11,1573821391,AUT,FALSE,TRUE,TRUE,605.3221983,-367.4873802,139.7882597,-179.8355469,-0.160897083,179.6170373,1.578356203,3.58763149,0.035535332,-0.734275408,0.324276432,-0.824945068,-49.49271812,67.10220909,42.36884651,-54.90591201,-40.82429992,70.78921394,-13.94935456,1,1
200.783608,11,1573821391,AUT,FALSE,TRUE,TRUE,605.3221983,-367.4873802,139.7882597,-179.8355469,-0.160897083,179.6170373,1.578356203,3.58763149,0.035535332,-0.734275408,0.324276432,-0.824945068,-49.49271812,67.10220909,42.36884651,-54.90591201,-40.82429992,70.78921394,-13.94935456,1,1
200.8840818,11,1573821391,AUT,FALSE,TRUE,TRUE,610.1350614,-350.031061,140.3584349,-179.8062696,-0.21888385,179.666355,2.323744754,3.954245687,-0.309097511,-0.505966873,0.246445462,-0.853809246,-48.50563431,66.48179741,42.38081818,-56.304039,-40.82067993,70.27475509,-12.11415024,1,1
200.9845719,11,1573821391,AUT,FALSE,TRUE,TRUE,612.5736466,-334.2010533,141.8533172,-179.8264964,-0.216564077,179.6574446,1.077837778,4.675560713,-0.277014434,-0.117236587,0.269774612,-0.839753152,-47.83837968,65.68287506,42.42835464,-57.94511146,-40.71479919,69.70466423,-10.42059059,1,1
201.08512,11,1573821391,AUT,FALSE,TRUE,TRUE,612.5736466,-334.2010533,141.8533172,-179.8264964,-0.216564077,179.6574446,1.077837778,4.675560713,-0.277014434,-0.117236587,0.269774612,-0.839753152,-47.83837968,65.68287506,42.42835464,-57.94511146,-40.71479919,69.70466423,-10.42059059,1,1
201.1863039,11,1573821391,AUT,FALSE,TRUE,TRUE,614.1216136,-315.9162021,143.8917001,-179.791484,-0.213821803,179.6557732,-0.143015556,4.272152078,0.068469965,-0.15180937,0.529193845,-0.838822597,-47.13621254,64.64341049,42.52693977,-59.99069366,-40.61282409,68.99632072,-8.475783925,1,1
201.2870848,11,1573821391,AUT,FALSE,TRUE,TRUE,615.0354901,-294.8355637,145.9224055,-179.8279321,-0.207171985,179.6769729,0.561688892,3.227335193,-0.240034816,-0.154205124,0.237378004,-0.83093893,-46.33729019,63.47062339,42.68970566,-62.41990471,-40.55933715,68.16238632,-6.141865544,1,1
201.3878279,11,1573821392,AUT,FALSE,TRUE,TRUE,615.3927818,-270.8547059,147.7132643,-179.8247688,-0.181066344,179.668571,-0.231678075,3.935522764,-0.583661966,0.040584286,0.410200899,-0.784637689,-45.41510811,62.22499694,42.91820068,-65.05028915,-40.52999816,67.19218025,-3.519665913,1,1
201.488332,11,1573821392,AUT,FALSE,TRUE,TRUE,615.4290395,-245.3445276,149.8346124,-179.8364022,-0.137395259,179.6826936,-1.307645557,2.991692018,0.577178404,0.040584286,0.410200899,-0.784637689,-44.34849701,60.97498283,43.19764137,-67.63431473,-40.52866882,66.26142196,-0.747128681,1,1
201.5888638,11,1573821392,AUT,FALSE,TRUE,TRUE,615.4290395,-245.3445276,149.8346124,-179.8364022,-0.137395259,179.6826936,-1.307645557,2.991692018,0.577178404,-0.243096875,0.380119021,-0.747091887,-44.34849701,60.97498283,43.19764137,-67.63431473,-40.52866882,66.26142196,-0.747128681,1,1
201.6894338,11,1573821392,AUT,FALSE,TRUE,TRUE,615.1164721,-219.4454216,152.2122351,-179.8332708,-0.140560028,179.7004709,-1.028618542,3.424090178,0.2604037,-0.139080954,0.332728312,-0.768632397,-43.09865112,59.76175918,43.47289352,-70.01183166,-40.50139526,65.47462578,2.028831481,1,1
201.789969,11,1573821392,AUT,FALSE,TRUE,TRUE,614.6016676,-193.4476087,154.5279606,-179.8295101,-0.125642718,179.7214515,-1.466090763,3.487193404,0.3714841,-0.030735317,0.420661574,-0.777769393,-41.72087975,58.63556099,43.71972885,-72.18964119,-40.43838867,64.73730239,4.783519363,1,1
201.8904719,11,1573821392,AUT,FALSE,TRUE,TRUE,614.1117178,-168.4333259,156.5443058,-179.8132036,-0.103962034,179.7365769,-2.897342948,4.231454395,0.6069677,0.326678971,0.734577258,-0.73937787,-40.25548554,57.66638145,43.93292198,-74.00578766,-40.3701416,64.1248867,7.378108975,1,1
201.990972,11,1573821392,AUT,FALSE,TRUE,TRUE,614.1117178,-168.4333259,156.5443058,-179.8132036,-0.103962034,179.7365769,-2.897342948,4.231454395,0.6069677,0.326678971,0.734577258,-0.73937787,-40.25548554,57.66638145,43.93292198,-74.00578766,-40.3701416,64.1248867,7.378108975,1,1
202.091485,11,1573821392,AUT,FALSE,TRUE,TRUE,614.0781637,-142.0891817,158.1925659,-179.8633965,-0.068618547,179.7410857,-4.040392834,2.955295802,1.74134207,-0.153693806,0.795016698,-0.81106011,-38.54547386,56.8339508,44.13170242,-75.55091514,-40.31484741,63.57610588,10.13625068,1,1
202.1920068,11,1573821392,AUT,FALSE,TRUE,TRUE,615.3954647,-117.7749336,158.7816607,-179.8252815,-0.006058187,179.7993144,-8.001295786,5.392806254,3.136481172,0.604374223,1.464938278,-0.609645373,-36.64307099,56.32930412,44.18095207,-76.51278534,-40.30608032,63.15289535,12.57989502,1,1
202.2925649,11,1573821392,AUT,FALSE,TRUE,TRUE,619.7690067,-96.8312498,159.099463,-179.976092,0.148303356,179.8463546,-7.630713726,0.550884327,2.864176943,-0.384946612,1.033783132,-0.537962373,-34.64832459,56.26432343,44.11749573,-76.51847076,-40.30717895,63.01407966,14.69776382,1,1
202.393146,11,1573821393,AUT,FALSE,TRUE,TRUE,627.4103195,-81.86583704,159.5527868,-179.9526515,0.280745969,179.9562866,-6.996289805,-0.198717542,1.530086901,-0.384946612,1.033783132,-0.537962373,-32.68925629,56.6567276,43.89582939,-75.40969276,-40.31065612,63.36046829,15.8159214,1,1
202.4937348,11,1573821393,AUT,FALSE,TRUE,TRUE,627.4103195,-81.86583704,159.5527868,-179.9526515,0.280745969,179.9562866,-6.996289805,-0.198717542,1.530086901,-0.627479975,0.399211165,-0.431454237,-32.68925629,56.6567276,43.89582939,-75.40969276,-40.31065612,63.36046829,15.8159214,1,1
202.5942769,11,1573821393,AUT,FALSE,TRUE,TRUE,638.2817541,-73.05185067,160.3399876,-179.9551253,0.302801954,179.9926954,-6.93018408,1.604684184,1.76811814,-0.222344191,0.335597582,-0.381432349,-30.96802139,57.56033592,43.68460006,-73.15139465,-40.28220153,64.32625579,16.0981224,1,1
202.694833,11,1573821393,AUT,FALSE,TRUE,TRUE,651.1943496,-67.92896463,161.1719973,179.9914841,0.298565537,179.9387062,-5.184589789,0.746159329,-0.038683468,-0.493831121,0.046294236,-0.297419923,-29.43153191,58.83984489,43.57986946,-70.16235123,-40.28289367,65.65489769,15.85899811,1,1
202.7955859,11,1573821393,AUT,FALSE,TRUE,TRUE,651.1943496,-67.92896463,161.1719973,179.9914841,0.298565537,179.9387062,-5.184589789,0.746159329,-0.038683468,-0.493831121,0.046294236,-0.297419923,-27.5799717,60.61435661,43.52085571,-66.06805229,-40.39467407,67.45684776,15.23419533,1,1
202.8963358,11,1573821393,AUT,FALSE,TRUE,TRUE,667.5635826,-62.85509899,162.0692008,-179.948642,0.279922487,179.8838732,-4.867164755,4.802144197,1.253116458,-0.047580139,0.023263779,-0.320257382,-27.5799717,60.61435661,43.52085571,-66.06805229,-40.39467407,67.45684776,15.23419533,1,1
202.9971678,11,1573821393,AUT,FALSE,TRUE,TRUE,679.8822891,-57.33886397,162.1298472,-179.9495152,0.233368017,179.8260168,-2.438240146,3.255712621,1.183685478,-0.543611462,-0.162026851,-0.416939361,-26.00801354,62.03495407,43.47100181,-62.85225792,-40.46873291,68.83865661,14.88141059,1,1
203.0976799,11,1573821393,AUT,FALSE,TRUE,TRUE,691.5800313,-48.54490613,161.4542949,-179.8767773,0.198289495,179.7783359,-2.146951745,6.240131149,1.111072899,-0.138725248,-0.260025402,-0.503626805,-24.25152969,63.40383339,43.35510292,-59.81525573,-40.53227233,70.06980171,14.69736557,1,1
203.198231,11,1573821393,AUT,FALSE,TRUE,TRUE,691.5800313,-48.54490613,161.4542949,-179.8767773,0.198289495,179.7783359,-2.146951745,6.240131149,1.111072899,-0.138725248,-0.260025402,-0.503626805,-24.25152969,63.40383339,43.35510292,-59.81525573,-40.53227233,70.06980171,14.69736557,1,1
203.298764,11,1573821393,AUT,FALSE,TRUE,TRUE,702.8263248,-34.8521373,160.1590144,-179.8190031,0.155270109,179.7652375,-2.622880669,6.294169355,-0.148526001,-0.272623214,-0.177901332,-0.729274183,-21.98450089,64.83840408,43.15196228,-56.65760307,-40.57058166,71.25565567,14.88855514,1,1
203.399333,11,1573821394,AUT,FALSE,TRUE,TRUE,712.4864259,-16.31587061,158.8440767,-179.7890761,0.110216656,179.7402902,-2.622880669,6.294169355,-0.148526001,-0.272623214,-0.177901332,-0.729274183,-19.55543747,66.07220993,42.97997131,-53.89831123,-40.58678649,72.30028038,15.52324218,1,1
203.4998269,11,1573821394,AUT,FALSE,TRUE,TRUE,712.4864259,-16.31587061,158.8440767,-179.7890761,0.110216656,179.7402902,-0.947323778,4.315672338,0.433868685,-0.454648581,-0.046941171,-0.801224633,-19.55543747,66.07220993,42.97997131,-53.89831123,-40.58678649,72.30028038,15.52324218,1,1
203.600348,11,1573821394,AUT,FALSE,TRUE,TRUE,720.7733851,11.42962292,157.6247679,-179.8340367,0.052199084,179.7150265,-2.365525163,7.447600858,1.066627377,-0.046632841,0.108464772,-0.790306235,-16.46057168,67.29593239,42.86567916,-51.13629341,-40.63970214,73.32192306,16.99846229,1,1
203.7008309,11,1573821394,AUT,FALSE,TRUE,TRUE,720.7733851,11.42962292,157.6247679,-179.8340367,0.052199084,179.7150265,-2.365525163,7.447600858,1.066627377,-0.046632841,0.108464772,-0.790306235,-16.46057168,67.29593239,42.86567916,-51.13629341,-40.63970214,73.32192306,16.99846229,1,1
203.8013248,11,1573821394,AUT,FALSE,TRUE,TRUE,724.5229571,34.6741743,156.9317889,-179.8055218,0.012036558,179.7563549,-0.040929443,3.45792276,1.052600708,-0.733025613,-0.309004368,-0.730370023,-14.07463989,67.9845211,42.77213745,-49.59258728,-40.68166442,73.91640701,18.35229378,1,1
203.9018099,11,1573821394,AUT,FALSE,TRUE,TRUE,724.6511919,57.65039964,155.418169,-179.8278553,-0.237688262,179.8621348,7.615549269,2.584649681,0.224963805,-0.733025613,-0.309004368,-0.730370023,-11.88983346,68.4442852,42.64180183,-48.72482185,-40.68013183,74.37769203,19.87521514,1,1
204.002347,11,1573821394,AUT,FALSE,TRUE,TRUE,724.6511919,57.65039964,155.418169,-179.8278553,-0.237688262,179.8621348,7.615549269,2.584649681,0.224963805,-0.635890961,-1.067089331,-0.562505839,-11.88983346,68.4442852,42.64180183,-48.72482185,-40.68013183,74.37769203,19.87521514,1,1
204.102865,11,1573821394,AUT,FALSE,TRUE,TRUE,720.7972426,73.69427687,152.7546136,-179.9179264,-0.520836008,179.9493249,7.548131352,-0.189428988,1.25504778,-1.005636176,0.2427679,-0.42613935,-10.61514473,68.46244011,42.55851516,-49.17908935,-40.67638549,74.28222771,21.49378281,1,1
204.2033479,11,1573821394,AUT,FALSE,TRUE,TRUE,714.5169796,85.39162412,149.5716256,-179.9100704,-0.622517188,179.9861599,8.277797093,2.129012255,0.675067107,-0.313710307,0.338550157,-0.433488612,-10.08734779,68.06946601,42.49519271,-50.72246246,-40.67731933,73.51892166,22.9380352,1,1
204.3038349,11,1573821394,AUT,FALSE,TRUE,TRUE,705.200518,94.26859565,146.7567935,-179.9055411,-0.637734122,-179.9577459,6.268355361,2.306549779,-0.847655809,-0.224601325,0.550073763,-0.449284724,-10.07552719,67.18501167,42.43476791,-53.37124557,-40.68166442,72.2530632,24.56507949,1,1
204.404314,11,1573821395,AUT,FALSE,TRUE,TRUE,705.200518,94.26859565,146.7567935,-179.9055411,-0.637734122,-179.9577459,6.268355361,2.306549779,-0.847655809,-0.224601325,0.550073763,-0.449284724,-10.07552719,67.18501167,42.43476791,-53.37124557,-40.68166442,72.2530632,24.56507949,1,1
204.5048149,11,1573821395,AUT,FALSE,TRUE,TRUE,693.2941491,102.2253163,145.2618493,-179.8759892,-0.604896053,-179.8936036,3.407902518,3.817087723,-0.939647633,0.20570089,0.642959399,-0.451679148,-10.32248612,65.90817031,42.41357116,-56.68747902,-40.67964294,70.76218071,26.32793198,1,1
204.605408,11,1573821395,AUT,FALSE,TRUE,TRUE,679.3799497,109.9028941,144.9709486,-179.9077079,-0.568587404,-179.880698,2.60989076,2.826058324,-0.300430385,0.149687916,0.607140032,-0.500309392,-10.67510605,64.33844032,42.42036209,-60.42234649,-40.57254821,69.15493583,28.25415458,1,1
204.7060449,11,1573821395,AUT,FALSE,TRUE,TRUE,663.9747866,117.334905,145.3943194,-179.8779793,-0.489242566,-179.8445817,0.578687131,6.354136733,2.256143681,0.99041169,0.998857536,-0.536679017,-11.05335846,62.61295509,42.44861068,-64.32358131,-40.48018066,67.47475891,30.17644615,1,1
204.806675,11,1573821395,AUT,FALSE,TRUE,TRUE,648.669423,126.0064594,145.8682276,-179.8411297,-0.357951598,-179.8947963,-3.03848613,6.475885808,-0.30342573,0.841804267,0.870223889,-0.763216538,-11.24516945,60.92342605,42.49642868,-68.01181183,-40.3441809,65.82570763,32.09606666,1,1
204.9073019,11,1573821395,AUT,FALSE,TRUE,TRUE,648.669423,126.0064594,145.8682276,-179.8411297,-0.357951598,-179.8947963,-3.03848613,6.475885808,-0.30342573,0.841804267,0.870223889,-0.763216538,-11.24516945,60.92342605,42.49642868,-68.01181183,-40.3441809,65.82570763,32.09606666,1,1
205.0077779,11,1573821395,AUT,FALSE,TRUE,TRUE,631.9450221,140.1045615,147.2071753,-179.796612,-0.219201943,179.9964897,-5.994759922,8.907283149,2.177177338,0.911529668,1.133224053,-0.977686012,-10.98152161,59.27788009,42.75329933,-71.5466629,-40.30131225,64.27130013,34.5189331,1,1
205.108294,11,1573821395,AUT,FALSE,TRUE,TRUE,622.3108237,153.9819488,150.0845119,-179.7783695,-0.1321797,179.9345866,-6.847030759,8.193720121,1.439329903,0.504870574,1.268588342,-1.044199775,-10.25934906,58.38148155,43.08651123,-73.15948333,-40.30743713,63.76725082,36.34965019,1,1
205.2088718,11,1573821395,AUT,FALSE,TRUE,TRUE,622.3108237,153.9819488,150.0845119,-179.7783695,-0.1321797,179.9345866,-6.847030759,8.193720121,1.439329903,0.504870574,1.268588342,-1.044199775,-10.25934906,58.38148155,43.08651123,-73.15948333,-40.30743713,63.76725082,36.34965019,1,1
205.3093619,11,1573821395,AUT,FALSE,TRUE,TRUE,616.8512751,169.0997698,153.3893042,-179.8058268,-0.048272593,179.8777895,-6.570888715,9.126358487,2.109776425,0.570376793,1.131030325,-1.092708297,-9.127589038,57.95291862,43.39056473,-73.59029159,-40.30639343,63.79852409,37.90803337,1,1
205.409889,11,1573821396,AUT,FALSE,TRUE,TRUE,612.7006147,185.927154,154.8109038,-179.7763798,-0.047008979,179.8757914,-2.813881608,9.17579894,2.542126002,0.941599287,0.270084107,-0.934875424,-7.591679769,57.92647934,43.50323295,-73.41444168,-40.30415222,64.01649971,39.39479942,1,1
205.510371,11,1573821396,AUT,FALSE,TRUE,TRUE,607.6743679,203.8107064,154.1304279,-179.8650088,-0.138199146,179.8719356,1.06297802,4.121824005,1.512971797,-0.334608665,-0.072297447,-0.943824983,-5.889286425,58.08530731,43.50136871,-73.19505501,-40.30478942,64.12478027,41.03178634,1,1
205.6109319,11,1573821396,AUT,FALSE,TRUE,TRUE,607.6743679,203.8107064,154.1304279,-179.8650088,-0.138199146,179.8719356,1.06297802,4.121824005,1.512971797,-0.334608665,-0.072297447,-0.943824983,-5.889286425,58.08530731,43.50136871,-73.19505501,-40.30478942,64.12478027,41.03178634,1,1
205.7114458,11,1573821396,AUT,FALSE,TRUE,TRUE,599.5578086,221.042099,151.7628604,-179.8122564,-0.360299631,-179.9942445,3.890381791,5.475776229,1.689737673,0.530442816,0.297364943,-0.553439933,-4.248282625,58.19764251,43.48914642,-73.43138466,-40.39708557,64.10340499,42.84111442,1,1
205.812047,11,1573821396,AUT,FALSE,TRUE,TRUE,588.4324647,236.6775407,148.8981904,-179.9536476,-0.490170695,-179.9605566,6.141476262,2.504255904,0.02479386,-0.327930802,0.441252037,-0.45886251,-2.868592075,58.01374168,43.49179687,-74.45176048,-40.48316894,63.56546631,44.97603607,1,1
205.912534,11,1573821396,AUT,FALSE,TRUE,TRUE,570.1509851,251.7071793,146.6012617,-179.9173653,-0.500439032,-179.8678399,6.141476262,2.504255904,0.02479386,-0.327930802,0.441252037,-0.45886251,-1.669097906,57.07974586,43.49054718,-76.97227821,-40.56890625,62.34184341,47.62239189,1,1
206.0130129,11,1573821396,AUT,FALSE,TRUE,TRUE,570.1509851,251.7071793,146.6012617,-179.9173653,-0.500439032,-179.8678399,4.175087732,1.439684059,-1.710186956,-0.322662153,0.533815871,-0.469581706,-1.669097906,57.07974586,43.49054718,-76.97227821,-40.56890625,62.34184341,47.62239189,1,1
206.1135058,11,1573821396,AUT,FALSE,TRUE,TRUE,549.5219156,261.0824064,146.7106205,-179.8958674,-0.423263055,-179.7703364,3.135018692,2.065201986,-2.015349794,-0.047806158,0.346205481,-0.533834917,-1.037638094,55.49615936,43.53376121,-80.32913704,-40.52840515,60.85656738,50.13656158,1,1
206.214015,11,1573821396,AUT,FALSE,TRUE,TRUE,549.5219156,261.0824064,146.7106205,-179.8958674,-0.423263055,-179.7703364,3.135018692,2.065201986,-2.015349794,-0.047806158,0.346205481,-0.533834917,-1.037638094,55.49615936,43.53376121,-80.32913704,-40.52840515,60.85656738,50.13656158,1,1
206.314503,11,1573821396,AUT,FALSE,TRUE,TRUE,523.6316128,266.2604129,148.9167602,-179.8934904,-0.315963308,-179.7279622,1.265473387,3.222502004,-0.311646728,0.355445137,0.301684121,-0.618077947,-0.896961594,53.11012459,43.75254707,-84.92173462,-40.30323486,58.92780418,52.83756065,1,1
206.415112,11,1573821397,AUT,FALSE,TRUE,TRUE,523.6316128,266.2604129,148.9167602,-179.8934904,-0.315963308,-179.7279622,1.265473387,3.222502004,-0.311646728,0.355445137,0.301684121,-0.618077947,-0.896961594,53.11012459,43.75254707,-84.92173462,-40.30323486,58.92780418,52.83756065,1,1
206.5156729,11,1573821397,AUT,FALSE,TRUE,TRUE,503.8990786,268.1248681,151.4884758,-179.8594692,-0.26610058,-179.7604848,-0.01758839,5.039540955,-0.133768509,0.637918351,0.395820375,-0.710394653,-0.986695862,51.16704483,43.99437332,-88.3923603,-39.99690856,57.50554504,54.59498519,1,1
206.616658,11,1573821397,AUT,FALSE,TRUE,TRUE,503.8990786,268.1248681,151.4884758,-179.8594692,-0.26610058,-179.7604848,-0.01758839,5.039540955,-0.133768509,0.637918351,0.395820375,-0.710394653,-0.986695862,51.16704483,43.99437332,-88.3923603,-39.99690856,57.50554504,54.59498519,1,1
206.7175629,11,1573821397,AUT,FALSE,TRUE,TRUE,485.0393072,269.7945101,155.805172,-179.9044401,-0.145007453,-179.7332965,-2.372829014,5.203723858,0.004866241,0.784341808,0.513474166,-0.590866382,-1.006309894,49.14738006,44.30926551,-91.63566513,-39.58388854,56.30116539,56.31583214,1,1
214.296339,12,1573821404,AUT,FALSE,FALSE,TRUE,471.9141793,-399.9467443,169.9228413,-179.990837,-0.018654264,179.9964529,-1.848041121,-1.243695357,9.685197226,-0.327524793,1.027618579,0.085993257,-66.67317238,54.54572181,44.62476196,-78.19016075,-39.81611206,63.35576133,-16.38105126,0.5,1
214.3970048,12,1573821405,AUT,FALSE,TRUE,TRUE,471.1397763,-399.829436,166.9947808,179.972298,-0.204627278,179.8353365,-2.472994051,-1.983107761,9.612139691,-0.853336445,0.849457588,0.025247027,-66.63467904,54.73189888,44.49800377,-78.18482551,-39.82031433,63.33785019,-16.38209152,1,1
214.497592,12,1573821405,AUT,FALSE,TRUE,TRUE,472.4831817,-401.2721887,154.1254432,-179.9928079,0.031927895,179.8721642,-2.472994051,-1.983107761,9.612139691,-0.853336445,0.849457588,0.025247027,-66.39840431,55.85286827,44.00493049,-78.12552681,-40.42851745,62.11779785,-16.19804993,1,1
214.5981309,12,1573821405,AUT,FALSE,TRUE,TRUE,472.4831817,-401.2721887,154.1254432,-179.9928079,0.031927895,179.8721642,-0.86316155,-1.500845368,4.038766855,-0.948622522,-0.037910979,-0.244102662,-66.39840431,55.85286827,44.00493049,-78.12552681,-40.42851745,62.11779785,-16.19804993,1,1
214.698642,12,1573821405,AUT,FALSE,TRUE,TRUE,475.9837328,-402.6578166,141.7167128,-179.9117301,0.252727253,179.8812578,-0.86316155,-1.500845368,4.038766855,-0.948622522,-0.037910979,-0.244102662,-66.19260292,57.16763306,43.9116909,-77.76698112,-41.36456909,61.38357467,-15.83414154,1,1
214.79915,12,1573821405,AUT,FALSE,TRUE,TRUE,475.9837328,-402.6578166,141.7167128,-179.9117301,0.252727253,179.8812578,-3.538485753,0.454197254,-0.440523758,-0.481074657,-0.135634833,-0.236683561,-66.19260292,57.16763306,43.9116909,-77.76698112,-41.36456909,61.38357467,-15.83414154,1,1
214.8996708,12,1573821405,AUT,FALSE,TRUE,TRUE,481.7360093,-403.2681604,141.1857356,-179.9421432,0.340582834,179.9033378,-5.16083824,-0.187187122,-0.312507123,-0.527958246,-0.170987618,-0.173126413,-65.62011223,58.01908722,44.0695713,-76.61980247,-41.75286437,61.65835648,-15.70198288,1,1
215.000288,12,1573821405,AUT,FALSE,TRUE,TRUE,493.1217509,-404.1625203,146.7723518,-179.9675998,0.341181476,-179.9867822,-3.955430448,-0.992123729,-0.401040562,-0.252729181,-0.305208854,-0.091202229,-64.47040329,58.55018005,44.26591072,-74.47590637,-41.70686462,63.00783119,-15.69698067,1,1
215.1008019,12,1573821405,AUT,FALSE,TRUE,TRUE,505.2693495,-404.1104646,153.2800398,-179.9929362,0.319714477,-179.9437932,-3.525627951,-1.200283451,1.842148114,-0.108238375,-0.06232916,-0.019039794,-63.16213418,59.02210121,44.41240997,-72.19945335,-41.49638854,64.50878334,-15.73570404,1,1
215.2013168,12,1573821405,AUT,FALSE,TRUE,TRUE,505.2693495,-404.1104646,153.2800398,-179.9929362,0.319714477,-179.9437932,-3.525627951,-1.200283451,1.842148114,-0.108238375,-0.06232916,-0.019039794,-63.16213418,59.02210121,44.41240997,-72.19945335,-41.49638854,64.50878334,-15.73570404,1,1
215.301918,12,1573821405,AUT,FALSE,TRUE,TRUE,518.7578839,-403.5802927,158.1109485,-179.9982797,0.312893702,-179.9240725,-4.840629946,-1.110130503,1.787495721,0.1919911,0.319357458,0.120018168,-61.56388779,59.75135994,44.42633171,-69.54690742,-41.3238153,65.97662544,-15.77634316,1,1
215.402431,12,1573821406,AUT,FALSE,TRUE,TRUE,533.5867928,-402.4868964,160.50609,179.9982773,0.343737661,-179.9490018,-3.21020308,-1.806476644,0.848505535,-0.205443992,-0.175330835,0.017743347,-59.81444206,60.80873909,44.41506386,-66.70661544,-41.30064514,67.34818267,-15.78272896,1,1
215.5029528,12,1573821406,AUT,FALSE,TRUE,TRUE,548.8240623,-400.0817282,160.8458636,-179.9433278,0.364368446,179.973942,-5.646925637,0.735201796,1.417039693,0.001803461,0.03705312,-0.097717021,-57.97521058,62.05716362,44.38292198,-63.78139572,-41.34771057,68.59006348,-15.76984749,1,1
215.6035609,12,1573821406,AUT,FALSE,TRUE,TRUE,548.8240623,-400.0817282,160.8458636,-179.9433278,0.364368446,179.973942,-5.646925637,0.735201796,1.417039693,0.001803461,0.03705312,-0.097717021,-57.97521058,62.05716362,44.38292198,-63.78139572,-41.34771057,68.59006348,-15.76984749,1,1
215.7040899,12,1573821406,AUT,FALSE,TRUE,TRUE,563.6985263,-397.2918587,160.2751458,-179.9495146,0.348925079,179.9355318,-3.346408512,-0.133034825,2.678255166,-0.378796412,0.006551504,-0.208435674,-56.10179444,63.35155906,44.30685539,-60.89248924,-41.45849121,69.77011871,-15.68621407,1,1
215.80461,12,1573821406,AUT,FALSE,TRUE,TRUE,577.8794512,-394.2411471,159.0812879,-179.9472417,0.2553866,179.9150393,2.338496075,0.646637822,-0.406384799,-0.440508557,-0.846654433,-0.30030253,-54.16795006,64.67379799,44.1226387,-57.94883995,-41.52933105,70.93084488,-15.67506294,1,1
215.9051189,12,1573821406,AUT,FALSE,TRUE,TRUE,589.8055038,-389.1719155,157.7831919,-179.8509175,0.107030078,179.7876819,4.423452209,5.533073414,-1.104702997,0.123286987,-0.961768407,-0.654210874,-52.48306961,65.7713562,44.01376076,-55.58438644,-41.54485473,71.94512672,-15.60889779,1,1
216.005677,12,1573821406,AUT,FALSE,TRUE,TRUE,598.9273836,-379.7132252,155.8116272,-179.7930258,-0.023851208,179.6566873,7.135893866,7.846962929,0.403802406,0.182355565,-1.301455633,-0.900612899,-51.13936272,66.35897369,43.99992141,-54.56805153,-41.58697631,72.36976547,-14.94540253,1,1
216.106339,12,1573821406,AUT,FALSE,TRUE,TRUE,598.9273836,-379.7132252,155.8116272,-179.7930258,-0.023851208,179.6566873,7.135893866,7.846962929,0.403802406,0.182355565,-1.301455633,-0.900612899,-51.13936272,66.35897369,43.99992141,-54.56805153,-41.58697631,72.36976547,-14.94540253,1,1
216.2069209,12,1573821406,AUT,FALSE,TRUE,TRUE,606.0650935,-365.0039262,153.5156795,-179.7884156,-0.11827999,179.5668843,2.993576859,4.900783419,-0.931693234,-0.55765196,0.080453823,-0.921374838,-49.94887391,66.41704674,44.01789093,-54.94236603,-41.6347998,72.16626778,-13.47072144,1,1
216.307714,12,1573821406,AUT,FALSE,TRUE,TRUE,612.592493,-347.5049129,152.3149108,-179.801259,-0.123861571,179.5731499,1.202650776,4.093591939,-0.680088586,-0.596532839,0.344949802,-0.846662219,-48.78740959,66.11448326,44.03067627,-55.93598328,-41.6673468,71.67845077,-11.67327919,1,1
216.4082079,12,1573821407,AUT,FALSE,TRUE,TRUE,618.4156057,-326.6860187,152.7553739,-179.7995352,-0.152053917,179.597075,1.339095808,3.705469879,-0.722604658,-0.619887473,0.172800502,-0.799678674,-47.58338013,65.50375328,44.09513854,-57.36250991,-41.66414978,71.14363289,-9.510644538,1,1
216.508687,12,1573821407,AUT,FALSE,TRUE,TRUE,623.0342927,-303.5295415,154.3043694,-179.8169716,-0.174255071,179.5858559,2.050630006,3.687670692,0.104168812,-0.47328469,0.054587772,-0.783292794,-46.35640298,64.64181061,44.2631401,-59.18985214,-41.62840026,70.55658874,-7.063096619,1,1
216.6091728,12,1573821407,AUT,FALSE,TRUE,TRUE,623.0342927,-303.5295415,154.3043694,-179.8169716,-0.174255071,179.5858559,2.050630006,3.687670692,0.104168812,-0.47328469,0.054587772,-0.783292794,-46.35640298,64.64181061,44.2631401,-59.18985214,-41.62840026,70.55658874,-7.063096619,1,1
216.709667,12,1573821407,AUT,FALSE,TRUE,TRUE,626.0549736,-278.1652387,156.0665227,-179.8211996,-0.211116378,179.609976,1.081591262,5.142195939,0.547689533,0.006610708,0.466904295,-0.70809527,-45.11545258,63.58558502,44.42407264,-61.40234756,-41.57425964,69.82978821,-4.37847405,1,1
216.8102279,12,1573821407,AUT,FALSE,TRUE,TRUE,627.4248379,-251.3697268,157.1370512,-179.8357213,-0.216540693,179.6578311,0.211433797,3.843144807,0.232821578,-0.057563361,0.521624053,-0.617867489,-43.88266983,62.45508842,44.55084114,-63.9193222,-41.51771301,68.88080635,-1.488321306,1,1
216.910749,12,1573821407,AUT,FALSE,TRUE,TRUE,627.1293104,-224.5926172,157.451034,-179.8345996,-0.226241015,179.6666619,-0.989870402,5.631860084,2.156564437,0.225516793,0.731821925,-0.626081596,-42.62548371,61.3005764,44.70690536,-66.50848045,-41.48132629,67.85255813,1.397241206,1,1
217.0112338,12,1573821407,AUT,FALSE,TRUE,TRUE,627.1293104,-224.5926172,157.451034,-179.8345996,-0.226241015,179.6666619,-0.989870402,5.631860084,2.156564437,0.225516793,0.731821925,-0.626081596,-42.62548371,61.3005764,44.70690536,-66.50848045,-41.48132629,67.85255813,1.397241206,1,1
217.1117339,12,1573821407,AUT,FALSE,TRUE,TRUE,625.1654162,-192.6341627,156.6282657,-179.832027,-0.201772281,179.6573011,-2.405968597,5.439934161,1.242466338,0.038775777,0.821001729,-0.652888137,-41.17116509,60.07597503,44.87630768,-69.51873779,-41.47988708,66.49797478,4.875402831,1,1
217.2122169,12,1573821407,AUT,FALSE,TRUE,TRUE,621.5592374,-154.5910996,155.0160085,-179.7978844,-0.187045291,179.6687182,-2.137067604,4.696344992,0.878911304,0.065913264,0.77795592,-0.689399174,-39.22501259,58.73535118,45.03446617,-72.94808235,-41.51485656,64.95380859,8.916685863,1,1
217.3127089,12,1573821407,AUT,FALSE,TRUE,TRUE,621.5592374,-154.5910996,155.0160085,-179.7978844,-0.187045291,179.6687182,-2.137067604,4.696344992,0.878911304,0.065913264,0.77795592,-0.689399174,-39.22501259,58.73535118,45.03446617,-72.94808235,-41.51485656,64.95380859,8.916685863,1,1
217.4132478,12,1573821408,AUT,FALSE,TRUE,TRUE,617.2483351,-115.9361359,153.3852742,-179.7884658,-0.192514075,179.6633514,-3.498897845,7.119462019,2.798822089,0.065913264,0.77795592,-0.689399174,-36.89228554,57.55627784,45.19222984,-75.99195099,-41.57424316,63.54712601,13.20827179,1,1
217.5137348,12,1573821408,AUT,FALSE,TRUE,TRUE,617.2483351,-115.9361359,153.3852742,-179.7884658,-0.192514075,179.6633514,-3.498897845,7.119462019,2.798822089,0.682340344,0.633361719,-0.698492589,-36.89228554,57.55627784,45.19222984,-75.99195099,-41.57424316,63.54712601,13.20827179,1,1
217.6142249,12,1573821408,AUT,FALSE,TRUE,TRUE,614.2410987,-73.93168112,152.7128433,-179.9733193,-0.007307594,179.7927956,-6.611166377,1.268573515,0.194090548,-0.772663231,1.193167021,-0.436945691,-33.74762078,56.47719726,45.20592842,-78.40196342,-41.65811828,62.29011154,17.87649994,1,1
217.7147079,12,1573821408,AUT,FALSE,TRUE,TRUE,614.2410987,-73.93168112,152.7128433,-179.9733193,-0.007307594,179.7927956,-6.611166377,1.268573515,0.194090548,-0.772663231,1.193167021,-0.436945691,-33.74762078,56.47719726,45.20592842,-78.40196342,-41.65811828,62.29011154,17.87649994,1,1
217.815228,12,1573821408,AUT,FALSE,TRUE,TRUE,619.4062559,-53.22527844,155.4911888,179.9674057,0.21971881,179.9924891,-8.300107397,-0.773291147,1.826818157,-0.546113052,0.676870732,-0.245872117,-31.46413651,56.31051063,44.99959144,-77.95722999,-41.56385559,62.44131431,19.79178772,1,1
217.9158909,12,1573821408,AUT,FALSE,TRUE,TRUE,619.4062559,-53.22527844,155.4911888,179.9674057,0.21971881,179.9924891,-8.300107397,-0.773291147,1.826818157,-0.546113052,0.676870732,-0.245872117,-31.46413651,56.31051063,44.99959144,-77.95722999,-41.56385559,62.44131431,19.79178772,1,1
218.0165648,12,1573821408,AUT,FALSE,TRUE,TRUE,635.9157025,-44.04773543,159.9845562,179.9782076,0.407500746,-179.9659929,-10.00367157,1.925410744,2.441965189,-0.08182506,0.662505122,-0.097545538,-29.26679879,57.41836853,44.75498428,-74.48059616,-41.34086608,64.04294242,19.64939804,1,1
218.1169169,12,1573821408,AUT,FALSE,TRUE,TRUE,657.8522008,-45.03247719,163.8543611,-179.9925885,0.476815156,-179.9783024,-10.85660617,1.425810931,2.815748358,-0.317786843,0.647906264,-0.165275355,-27.56063232,59.42712249,44.67270012,-69.19068946,-41.36523376,66.50875511,18.11722755,1,1
218.2176189,12,1573821408,AUT,FALSE,TRUE,TRUE,657.8522008,-45.03247719,163.8543611,-179.9925885,0.476815156,-179.9783024,-10.85660617,1.425810931,2.815748358,-0.317786843,0.647906264,-0.165275355,-27.56063232,59.42712249,44.67270012,-69.19068946,-41.36523376,66.50875511,18.11722755,1,1
218.31813,12,1573821408,AUT,FALSE,TRUE,TRUE,682.1952981,-48.05798671,165.2303169,-179.8916162,0.35937451,179.8890339,-5.890597131,6.420509265,0.211499281,0.283527113,0.23539978,-0.342440344,-25.54496384,62.25927429,44.59824714,-62.59805488,-41.49569641,69.43031845,15.97077026,1,1
218.418622,12,1573821409,AUT,FALSE,TRUE,TRUE,701.3154695,-41.29058027,162.7480547,-179.7989195,0.19596167,179.6588897,-5.890597131,6.420509265,0.211499281,0.283527113,0.23539978,-0.342440344,-23.18216172,64.88650703,44.60062637,-57.03230896,-41.70211853,71.67702942,14.87740402,1,1
218.519104,12,1573821409,AUT,FALSE,TRUE,TRUE,701.3154695,-41.29058027,162.7480547,-179.7989195,0.19596167,179.6588897,0.956596013,12.4837261,0.979445004,0.806367337,-0.109723471,-0.669399774,-23.18216172,64.88650703,44.60062637,-57.03230896,-41.70211853,71.67702942,14.87740402,1,1
218.6196389,12,1573821409,AUT,FALSE,TRUE,TRUE,718.5309007,-12.92074512,156.7557905,-179.7874272,0.174398331,179.6241721,-1.343887342,5.69720887,0.494169943,0.806367337,-0.109723471,-0.669399774,-20.00616188,67.05196037,44.55224876,-52.14196815,-42.18604431,73.22712822,15.77151603,1,1
218.7201278,12,1573821409,AUT,FALSE,TRUE,TRUE,718.5309007,-12.92074512,156.7557905,-179.7874272,0.174398331,179.6241721,-1.343887342,5.69720887,0.494169943,-0.389656127,-0.19029378,-0.891101734,-20.00616188,67.05196037,44.55224876,-52.14196815,-42.18604431,73.22712822,15.77151603,1,1
218.8206129,12,1573821409,AUT,FALSE,TRUE,TRUE,727.8868046,18.43655199,153.7576784,-179.8008911,0.068419476,179.6284894,1.801807978,5.504593623,-1.460025608,-0.389656127,-0.19029378,-0.891101734,-15.71843148,69.00033416,44.40302696,-48.87752151,-42.33539794,74.36839141,17.27006493,1,1
218.9211109,12,1573821409,AUT,FALSE,TRUE,TRUE,727.8868046,18.43655199,153.7576784,-179.8008911,0.068419476,179.6284894,1.801807978,5.504593623,-1.460025608,-0.353536011,-0.459524186,-0.782618849,-15.71843148,69.00033416,44.40302696,-48.87752151,-42.33539794,74.36839141,17.27006493,1,1
219.021596,12,1573821409,AUT,FALSE,TRUE,TRUE,731.7501248,58.00260091,152.7726305,-179.8649557,-0.244524554,179.8629091,10.15269688,-0.797524298,0.377467968,-1.039378488,-1.205339437,-0.501382257,-11.52113228,70.0765789,44.12280006,-46.27333603,-42.33612854,75.55550537,19.67116813,1,1
219.122112,12,1573821409,AUT,FALSE,TRUE,TRUE,728.4840524,80.33564554,151.3530059,-179.9019844,-0.517391782,179.9818,10.17801673,1.070210269,-0.166742688,-0.179643009,-0.279965528,-0.242916761,-9.652766419,70.15445823,43.96388969,-46.26575889,-42.25424194,75.70880928,21.50116424,1,1
219.222667,12,1573821409,AUT,FALSE,TRUE,TRUE,728.4840524,80.33564554,151.3530059,-179.9019844,-0.517391782,179.9818,10.17801673,1.070210269,-0.166742688,-0.179643009,-0.279965528,-0.242916761,-9.652766419,70.15445823,43.96388969,-46.26575889,-42.25424194,75.70880928,21.50116424,1,1
219.323148,12,1573821409,AUT,FALSE,TRUE,TRUE,722.6865826,94.5728345,150.0191327,-179.9674648,-0.664694747,-179.9062443,10.27930834,0.119571982,0.06773974,-0.362663191,0.020462123,-0.196637909,-8.808199313,69.76772232,43.89488525,-47.47195816,-42.23299438,75.30073242,23.14152259,1,1
219.4236379,12,1573821410,AUT,FALSE,TRUE,TRUE,713.8197332,103.7243156,148.6889815,-179.9414127,-0.718768761,-179.8348922,10.0283678,-0.800542744,-1.844687397,-0.304748709,0.09824281,-0.176371146,-8.780328375,68.86549072,43.89058685,-49.96859092,-42.21601501,74.29168968,24.75183334,1,1
219.5241568,12,1573821410,AUT,FALSE,TRUE,TRUE,701.6744493,109.6169705,147.4605699,-179.9388634,-0.719489029,-179.7924847,7.908705257,-0.62748039,-0.681310407,-0.188919556,0.300453493,-0.243895617,-9.325693131,67.48531265,43.88746948,-53.58719558,-42.15398071,72.76400986,26.49695663,1,1
219.6246529,12,1573821410,AUT,FALSE,TRUE,TRUE,701.6744493,109.6169705,147.4605699,-179.9388634,-0.719489029,-179.7924847,7.908705257,-0.62748039,-0.681310407,-0.188919556,0.300453493,-0.243895617,-9.325693131,67.48531265,43.88746948,-53.58719558,-42.15398071,72.76400986,26.49695663,1,1
219.725179,12,1573821410,AUT,FALSE,TRUE,TRUE,686.2793581,113.6980111,146.2225689,-179.8902428,-0.629558597,-179.7744819,2.921892648,3.682252262,-0.418982393,0.683528287,0.597851473,-0.359407743,-10.25533562,65.69529648,43.89179534,-58.11989708,-42.08454711,70.75956459,28.38474426,1,1
219.8262949,12,1573821410,AUT,FALSE,TRUE,TRUE,670.9631131,116.1068423,145.9428015,-179.9100056,-0.472555255,-179.784745,-1.280806264,4.740491604,1.048789301,0.534897287,1.102814451,-0.553769164,-11.23783951,63.84625625,43.90599861,-62.51958847,-41.9985791,68.79633865,30.12172394,1,1
219.927038,12,1573821410,AUT,FALSE,TRUE,TRUE,655.0886724,118.7570824,145.8232558,-179.7982651,-0.41683123,-179.860247,-3.124467492,7.397001249,1.62326304,0.880518569,1.071865264,-0.757919151,-12.14043846,62.04961052,43.94594078,-66.63353919,-41.8173706,66.96419678,31.61926689,1,1
220.0276849,12,1573821410,AUT,FALSE,TRUE,TRUE,640.6698191,125.271577,144.9721162,-179.7644705,-0.280257917,-179.9961366,-7.357649009,9.8293811,2.788290193,0.952672227,1.541939244,-1.05937222,-12.54781838,60.60945739,44.04243164,-70.12220306,-41.75191955,65.26443672,33.34902305,1,1
220.1281638,12,1573821410,AUT,FALSE,TRUE,TRUE,640.6698191,125.271577,144.9721162,-179.7644705,-0.280257917,-179.9961366,-7.357649009,9.8293811,2.788290193,0.952672227,1.541939244,-1.05937222,-12.54781838,60.60945739,44.04243164,-70.12220306,-41.75191955,65.26443672,33.34902305,1,1
220.2286398,12,1573821410,AUT,FALSE,TRUE,TRUE,628.9610652,137.216665,143.7805317,-179.728085,-0.178072393,179.8824696,-9.430036092,10.98577182,3.374923117,0.851228735,1.723553213,-1.213172226,-12.19491692,59.70226478,44.19565315,-72.50306053,-41.81773315,64.05380859,35.22542953,1,1
220.3291578,12,1573821410,AUT,FALSE,TRUE,TRUE,622.1940633,152.6745013,143.1098539,-179.7647928,-0.087627512,179.8414278,-10.39184536,10.84453104,3.451808055,0.845637726,1.906347299,-1.088093954,-11.04145203,59.37552452,44.27521133,-73.41800194,-41.93066162,63.54728737,37.04440498,1,1
220.429693,12,1573821411,AUT,FALSE,TRUE,TRUE,622.1940633,152.6745013,143.1098539,-179.7647928,-0.087627512,179.8414278,-10.39184536,10.84453104,3.451808055,0.845637726,1.906347299,-1.088093954,-8.807337575,59.63425941,44.24689407,-72.76408195,-41.9667572,63.75464401,38.92083549,1,1
220.5302088,12,1573821411,AUT,FALSE,TRUE,TRUE,619.4897451,175.4562173,143.3435967,-179.7886262,0.001429321,179.8249131,-6.01392588,8.016589337,3.052669989,0.066338082,0.932712265,-1.05751913,-8.807337575,59.63425941,44.24689407,-72.76408195,-41.9667572,63.75464401,38.92083549,1,1
220.630687,12,1573821411,AUT,FALSE,TRUE,TRUE,619.497993,193.8899454,143.5033203,-179.8342516,-0.040812519,179.8361455,-2.247712468,6.57274898,1.968675555,-0.286539458,0.448371796,-1.041798255,-6.832919313,60.20255813,44.23716087,-71.45665741,-41.99551391,64.36773605,40.13447113,1,1
220.731164,12,1573821411,AUT,FALSE,TRUE,TRUE,618.0197447,213.2464356,142.8970921,-179.7321086,-0.193689938,179.8463047,1.872955892,5.062383309,1.389967774,-0.421549198,0.153060966,-0.962438423,-4.800836569,60.83274421,44.24861412,-70.18236008,-42.00663208,64.99494553,41.32123146,1,1
220.8316739,12,1573821411,AUT,FALSE,TRUE,TRUE,611.6356141,234.040384,140.9741554,-179.7760948,-0.357556953,179.917501,5.209885117,5.473373521,1.468742518,-0.091745085,0.073933609,-0.772757186,-2.781820681,61.22624016,44.25409355,-69.72389717,-42.0989447,65.22066993,43.1868267,1,1
220.9321609,12,1573821411,AUT,FALSE,TRUE,TRUE,611.6356141,234.040384,140.9741554,-179.7760948,-0.357556953,179.917501,5.209885117,5.473373521,1.468742518,-0.091745085,0.073933609,-0.772757186,-2.781820681,61.22624016,44.25409355,-69.72389717,-42.0989447,65.22066993,43.1868267,1,1
221.0327089,12,1573821411,AUT,FALSE,TRUE,TRUE,599.7621394,254.7224664,138.5658471,-179.8425395,-0.504979708,-179.9653099,5.694760776,4.981891496,0.86170395,0.553530469,0.402542966,-0.481963271,-0.886349488,61.1857521,44.2664154,-70.34991188,-42.21753112,64.96389541,45.59671211,1,1
221.133189,12,1573821411,AUT,FALSE,TRUE,TRUE,579.8807148,276.4167055,137.3502967,-179.8692317,-0.530251211,-179.8234127,5.694760776,4.981891496,0.86170395,0.553530469,0.402542966,-0.481963271,0.954935069,60.38009033,44.26553306,-72.53476639,-42.31063476,64.04424019,48.82176933,1,1
221.2336729,12,1573821411,AUT,FALSE,TRUE,TRUE,579.8807148,276.4167055,137.3502967,-179.8692317,-0.530251211,-179.8234127,5.363830898,2.10705936,-0.174017445,0.04063252,0.29839504,-0.352298667,0.954935069,60.38009033,44.26553306,-72.53476639,-42.31063476,64.04424019,48.82176933,1,1
221.334228,12,1573821411,AUT,FALSE,TRUE,TRUE,579.8807148,276.4167055,137.3502967,-179.8692317,-0.530251211,-179.8234127,5.363830898,2.10705936,-0.174017445,0.04063252,0.29839504,-0.352298667,2.181359481,58.34218139,44.31281891,-77.12921104,-42.25614807,62.094524,52.8077774,1,1
221.434716,12,1573821412,AUT,FALSE,TRUE,TRUE,549.289017,292.8348163,137.3522464,-179.9226476,-0.505123847,-179.6887375,3.959546267,1.816681545,0.61056483,0.085827113,0.473552706,-0.382421202,2.181359481,58.34218139,44.31281891,-77.12921104,-42.25614807,62.094524,52.8077774,1,1
221.5353179,12,1573821412,AUT,FALSE,TRUE,TRUE,523.9198247,296.642901,138.0028194,-179.9077999,-0.359349328,-179.6219956,0.158473409,2.610510316,1.223338137,0.307840211,0.666832586,-0.453828704,2.313868331,56.13096313,44.34797516,-81.65917969,-42.17526123,60.0629013,55.54962501,1,1
221.636183,12,1573821412,AUT,FALSE,TRUE,TRUE,523.9198247,296.642901,138.0028194,-179.9077999,-0.359349328,-179.6219956,0.158473409,2.610510316,1.223338137,0.307840211,0.666832586,-0.453828704,2.313868331,56.13096313,44.34797516,-81.65917969,-42.17526123,60.0629013,55.54962501,1,1
221.736917,12,1573821412,AUT,FALSE,TRUE,TRUE,501.2469813,294.1467272,139.2950347,-179.8764186,-0.194580566,-179.5921831,-2.327022863,6.055127705,1.509963049,0.307840211,0.666832586,-0.453828704,2.008252713,54.11242447,44.34385872,-86.30764618,-41.96901489,57.91954422,57.63522491,1,1
221.837467,12,1573821412,AUT,FALSE,TRUE,TRUE,501.2469813,294.1467272,139.2950347,-179.8764186,-0.194580566,-179.5921831,-2.327022863,6.055127705,1.509963049,1.106390907,0.655473311,-0.558610002,2.008252713,54.11242447,44.34385872,-86.30764618,-41.96901489,57.91954422,57.63522491,1,1
221.93799,12,1573821412,AUT,FALSE,TRUE,TRUE,487.8996825,288.7159706,141.8621803,-179.9183921,-0.128287846,-179.608603,-2.144896612,5.142725844,0.363724857,0.879895842,0.600367621,-0.538407002,1.284222787,51.95955734,44.34640617,-89.34615211,-41.55916442,56.63027801,58.46748733,1,1
229.4660408,13,1573821420,AUT,FALSE,TRUE,TRUE,471.9574148,-399.9641725,169.9005338,-179.9908062,-0.017002554,179.9863611,-1.58721298,-1.181800753,4.53008217,-0.286554577,0.528853794,0.130857161,-66.68369866,54.55843506,44.64961166,-78.17937355,-39.8352832,63.36594772,-16.37407838,1,1
229.5667229,13,1573821420,AUT,FALSE,TRUE,TRUE,471.9574148,-399.9641725,169.9005338,-179.9908062,-0.017002554,179.9863611,-1.58721298,-1.181800753,4.53008217,-0.286554577,0.528853794,0.130857161,-66.68369866,54.55843506,44.64961166,-78.17937355,-39.8352832,63.36594772,-16.37407838,1,1
229.667578,13,1573821420,AUT,FALSE,TRUE,TRUE,471.6130194,-399.7229355,167.3714145,-179.9359577,-0.132516645,179.8676713,-1.257050937,-0.450607854,3.981692993,-0.254924768,0.47812417,0.095533725,-66.68346176,54.80672264,44.64971809,-78.17275772,-39.94734924,63.35195732,-16.37353593,1,1
229.7680979,13,1573821420,AUT,FALSE,TRUE,TRUE,472.0249549,-400.628356,163.1960884,-179.8605997,0.003945096,179.861424,-1.110591042,0.330265492,3.046154709,-0.030539738,0.499604196,0.038781697,-66.72141266,55.24754562,44.64869842,-78.12844162,-40.27921875,62.98162879,-16.37008209,1,1
229.868614,13,1573821420,AUT,FALSE,TRUE,TRUE,471.9725758,-402.1206806,158.6846625,-179.9129783,0.009590836,179.9091969,-1.110591042,0.330265492,3.046154709,-0.030539738,0.499604196,0.038781697,-66.77304154,55.76451073,44.64768906,-78.02511177,-40.74088623,62.7055767,-16.21680909,1,1
229.9691229,13,1573821420,AUT,FALSE,TRUE,TRUE,471.9725758,-402.1206806,158.6846625,-179.9129783,0.009590836,179.9091969,-0.448944463,0.460400259,2.222842441,-0.155852745,0.26696369,-0.117383751,-66.77304154,55.76451073,44.64768906,-78.02511177,-40.74088623,62.7055767,-16.21680909,1,1
230.069695,13,1573821420,AUT,FALSE,TRUE,TRUE,472.7480678,-402.3092037,152.9958431,-179.9355132,0.100606999,179.8805892,-1.691015339,0.480238049,1.68743295,-0.174245306,0.104418293,-0.191806448,-66.74903641,56.37686119,44.64789505,-77.98474731,-41.19803833,62.27416076,-15.98075753,1,1
230.1702678,13,1573821420,AUT,FALSE,TRUE,TRUE,475.1994284,-401.6545966,150.0618081,-179.924683,0.188751624,179.8759061,-3.231209464,-0.0195558,1.636592585,-0.174245306,0.104418293,-0.191806448,-66.51982041,56.78496551,44.64808731,-77.76889343,-41.4481311,62.10119133,-15.76674729,1,1
230.2707798,13,1573821420,AUT,FALSE,TRUE,TRUE,475.1994284,-401.6545966,150.0618081,-179.924683,0.188751624,179.8759061,-3.231209464,-0.0195558,1.636592585,-0.316209324,0.101761397,-0.173909674,-66.51982041,56.78496551,44.64808731,-77.76889343,-41.4481311,62.10119133,-15.76674729,1,1
230.3712618,13,1573821421,AUT,FALSE,TRUE,TRUE,482.8431851,-400.5569406,148.7206203,-179.9654111,0.268846173,179.8940018,-2.812532004,-1.789219995,1.728412022,-0.664481857,-0.205279501,-0.120355856,-65.87483711,57.31282424,44.64804268,-76.96044731,-41.6428363,62.40967712,-15.42466393,1,1
230.471796,13,1573821421,AUT,FALSE,TRUE,TRUE,482.8431851,-400.5569406,148.7206203,-179.9654111,0.268846173,179.8940018,-2.812532004,-1.789219995,1.728412022,-0.664481857,-0.205279501,-0.120355856,-65.87483711,57.31282424,44.64804268,-76.96044731,-41.6428363,62.40967712,-15.42466393,1,1
230.572331,13,1573821421,AUT,FALSE,TRUE,TRUE,489.8885967,-400.9308623,149.0278466,-179.9641597,0.27397564,179.9084291,-4.056834668,-0.946516889,2.095163344,-0.386015401,0.143017278,-0.027595092,-64.89111443,58.02567214,44.64801521,-75.37750969,-41.71408264,63.00182991,-15.38298798,1,1
230.6728499,13,1573821421,AUT,FALSE,TRUE,TRUE,498.4547844,-401.8050169,149.6410357,-179.9617425,0.273707351,179.9188645,-2.834355257,-1.192234181,2.627479314,-0.545763866,-0.057378894,0.050535884,-63.94198837,58.74766616,44.64781952,-73.68384018,-41.77685852,63.78348656,-15.41751595,1,1
230.7734149,13,1573821421,AUT,FALSE,TRUE,TRUE,507.7403614,-402.9236917,150.0573268,-179.9755556,0.272190227,179.9114589,-2.932334644,-0.261536644,2.150394006,-0.195242196,0.071241153,0.150819322,-62.90563431,59.58808937,44.64778862,-71.75697555,-41.84819824,64.66585693,-15.4936821,1,1
230.873991,13,1573821421,AUT,FALSE,TRUE,TRUE,507.7403614,-402.9236917,150.0573268,-179.9755556,0.272190227,179.9114589,-2.932334644,-0.261536644,2.150394006,-0.195242196,0.071241153,0.150819322,-61.81805992,60.48952446,44.64773369,-69.76271667,-41.96638366,65.51327018,-15.55244179,1,1
230.9745159,13,1573821421,AUT,FALSE,TRUE,TRUE,517.5794975,-403.8029544,150.0156245,-179.9905556,0.287546981,179.9163167,-4.25306361,-0.586385092,3.388125501,-0.304011024,0.201522833,0.159771934,-61.81805992,60.48952446,44.64773369,-69.76271667,-41.96638366,65.51327018,-15.55244179,1,1
231.075037,13,1573821421,AUT,FALSE,TRUE,TRUE,528.2473116,-403.9916938,149.5772657,-179.9723036,0.312337203,179.9190255,-4.102876464,0.083680057,3.461625387,-0.175600901,0.200461604,0.164096062,-60.576931,61.50430755,44.64681358,-67.59094963,-42.10790405,66.38089828,-15.59815521,1,1
231.175652,13,1573821421,AUT,FALSE,TRUE,TRUE,539.6807764,-403.4789724,149.0584828,-179.9728004,0.324679051,179.8991087,-4.418698412,0.656849214,2.224483445,-0.026753307,0.261699797,0.169214318,-59.22755242,62.56458435,44.64673118,-65.31346321,-42.23730651,67.30436783,-15.61656761,1,1
231.276567,13,1573821421,AUT,FALSE,TRUE,TRUE,551.2654648,-402.6380776,149.0409445,-179.9752667,0.330817492,179.8980044,-2.546366822,-0.705583209,1.483042928,-0.344686139,-0.181862432,0.173328812,-57.83892517,63.59251671,44.64590721,-62.94733086,-42.35260803,68.2907135,-15.65625229,1,1
231.377393,13,1573821422,AUT,FALSE,TRUE,TRUE,551.2654648,-402.6380776,149.0409445,-179.9752667,0.330817492,179.8980044,-2.546366822,-0.705583209,1.483042928,-0.344686139,-0.181862432,0.173328812,-57.83892517,63.59251671,44.64590721,-62.94733086,-42.35260803,68.2907135,-15.65625229,1,1
231.4778969,13,1573821422,AUT,FALSE,TRUE,TRUE,562.6249662,-401.8854521,149.7728862,179.9980966,0.301462135,179.8917528,-0.447935958,-1.036758778,1.332026077,-0.363623563,-0.512800725,0.174012833,-56.40521966,64.60776329,44.64498711,-60.44339218,-42.42411254,69.40648841,-15.75810242,1,1
231.5783808,13,1573821422,AUT,FALSE,TRUE,TRUE,573.1828998,-401.1059475,150.8788647,-179.9704724,0.269749844,179.8951016,-1.026134196,0.941315469,1.524945218,-0.073008883,-0.279489929,0.144287273,-55.05173836,65.52949905,44.62702446,-58.03434791,-42.45465454,70.47999,-15.9610405,1,1
231.6788568,13,1573821422,AUT,FALSE,TRUE,TRUE,583.4215612,-399.47398,150.7959484,-179.949861,0.131691671,179.9184476,1.190243952,2.168938092,0.806094062,0.020325537,-0.559944086,-0.096622079,-53.57845802,66.40663033,44.30501518,-55.65288963,-42.3270758,71.46730384,-16.15824166,1,1
231.7793369,13,1573821422,AUT,FALSE,TRUE,TRUE,583.4215612,-399.47398,150.7959484,-179.949861,0.131691671,179.9184476,1.190243952,2.168938092,0.806094062,0.020325537,-0.559944086,-0.096622079,-53.57845802,66.40663033,44.30501518,-55.65288963,-42.3270758,71.46730384,-16.15824166,1,1
231.8798149,13,1573821422,AUT,FALSE,TRUE,TRUE,591.0389414,-394.8916797,149.0945821,-179.8730286,0.022435477,179.8359506,3.656725208,4.678942164,1.552984786,0.36715431,-0.732430995,-0.579737966,-52.37847291,67.07084312,44.11082839,-54.32278862,-42.23285156,71.96107063,-16.02844506,1,1
231.9803798,13,1573821422,AUT,FALSE,TRUE,TRUE,595.7984672,-387.3163133,146.7725567,-179.8373099,-0.08285182,179.738346,2.206648105,3.614047119,0.387613816,-0.166364342,-0.199004022,-0.734250674,-51.60897675,67.30377044,44.05785369,-54.21576118,-42.23805908,71.95491142,-15.39033852,1,1
232.080869,13,1573821422,AUT,FALSE,TRUE,TRUE,600.2054099,-378.842105,145.8631513,-179.8294033,-0.07864534,179.7436285,-0.344592341,1.081614925,0.359718957,-0.863565478,0.318652691,-0.767531006,-50.93860818,67.26755333,44.06171951,-54.51068573,-42.2811145,71.75856171,-14.51974754,1,1
232.1813679,13,1573821422,AUT,FALSE,TRUE,TRUE,600.2054099,-378.842105,145.8631513,-179.8294033,-0.07864534,179.7436285,-0.344592341,1.081614925,0.359718957,-0.863565478,0.318652691,-0.767531006,-50.93860818,67.26755333,44.06171951,-54.51068573,-42.2811145,71.75856171,-14.51974754,1,1
232.2818758,13,1573821422,AUT,FALSE,TRUE,TRUE,604.1685561,-370.2026234,146.7455528,-179.8317437,-0.124737318,179.7653548,0.123159732,1.891679509,-0.455289502,-0.567499809,0.509075233,-0.764349049,-50.28483239,67.07779541,44.07697334,-54.82243309,-42.27264953,71.72795448,-13.66242256,1,1
232.382354,13,1573821423,AUT,FALSE,TRUE,TRUE,607.6800183,-360.8856561,148.4114366,-179.8120859,-0.173962317,179.7504224,0.238365793,2.744819897,0.568100994,-0.363100841,0.655383097,-0.847480793,-49.64145584,66.735149,44.08866691,-55.31136246,-42.16593383,71.69746742,-12.76017723,1,1
232.4828489,13,1573821423,AUT,FALSE,TRUE,TRUE,610.5555695,-349.3966695,149.7873246,-179.8077589,-0.21256598,179.7382771,2.174956533,2.467956297,0.996100367,-0.363100841,0.655383097,-0.847480793,-49.05138016,66.25062103,44.10983276,-56.20816955,-42.06457946,71.46407661,-11.61291619,1,1
232.5833859,13,1573821423,AUT,FALSE,TRUE,TRUE,610.5555695,-349.3966695,149.7873246,-179.8077589,-0.21256598,179.7382771,2.174956533,2.467956297,0.996100367,-0.394981288,0.330996189,-0.833940821,-49.05138016,66.25062103,44.10983276,-56.20816955,-42.06457946,71.46407661,-11.61291619,1,1
232.683872,13,1573821423,AUT,FALSE,TRUE,TRUE,612.4523673,-332.8001293,150.2678948,-179.8107587,-0.2095092,179.7532649,1.678591993,2.938642369,-0.16835648,-0.2320438,0.211946715,-0.795279259,-48.40474549,65.39619369,44.1452877,-58.13897209,-41.99119079,70.70855026,-9.747111512,1,1
232.7843518,13,1573821423,AUT,FALSE,TRUE,TRUE,612.6327831,-318.2247164,150.6213569,-179.8243133,-0.208620651,179.7531225,0.357987894,2.75080144,-0.851020749,-0.124515762,0.323791742,-0.746136402,-48.00043144,64.58593483,44.22356873,-60.04913406,-41.95099182,69.96244468,-8.086816413,1,1
232.88483,13,1573821423,AUT,FALSE,TRUE,TRUE,611.9300662,-303.4421493,151.340145,-179.8271914,-0.195955544,179.7737693,-0.482888972,2.754302688,1.109275348,-0.124515762,0.323791742,-0.746136402,-47.61812096,63.64210281,44.30749397,-62.13776207,-41.9007788,69.14853286,-6.384580994,1,1
232.9855299,13,1573821423,AUT,FALSE,TRUE,TRUE,611.9300662,-303.4421493,151.340145,-179.8271914,-0.195955544,179.7737693,-0.482888972,2.754302688,1.109275348,-0.116226363,0.441939415,-0.684725224,-47.61812096,63.64210281,44.30749397,-62.13776207,-41.9007788,69.14853286,-6.384580994,1,1
233.0863678,13,1573821423,AUT,FALSE,TRUE,TRUE,610.5948133,-288.3227118,152.6457207,-179.863623,-0.169418869,179.7954825,-1.180168069,2.756559498,1.282319337,-0.125156447,0.525820661,-0.675415497,-47.25402031,62.64818687,44.38366356,-64.241716,-41.80033081,68.35012207,-4.698292925,1,1
233.1871378,13,1573821423,AUT,FALSE,TRUE,TRUE,610.5948133,-288.3227118,152.6457207,-179.863623,-0.169418869,179.7954825,-1.180168069,2.756559498,1.282319337,-0.125156447,0.525820661,-0.675415497,-47.25402031,62.64818687,44.38366356,-64.241716,-41.80033081,68.35012207,-4.698292925,1,1
233.2876489,13,1573821423,AUT,FALSE,TRUE,TRUE,608.8722029,-261.5224603,155.2670361,-179.8406943,-0.117297913,179.8104936,-2.148361658,2.751445042,0.54789041,-0.030972726,0.592687854,-0.647145425,-46.69858589,61.44959564,44.53758888,-67.11767234,-41.64457214,67.10863609,-1.728489306,1,1
233.3881319,13,1573821424,AUT,FALSE,TRUE,TRUE,608.8722029,-261.5224603,155.2670361,-179.8406943,-0.117297913,179.8104936,-2.148361658,2.751445042,0.54789041,-0.030972726,0.592687854,-0.647145425,-46.69858589,61.44959564,44.53758888,-67.11767234,-41.64457214,67.10863609,-1.728489306,1,1
233.4886069,13,1573821424,AUT,FALSE,TRUE,TRUE,608.8227689,-241.1331429,156.4225121,-179.8386204,-0.106545477,179.8015419,-2.635936088,2.583157284,1.307119759,-0.275044384,0.577717993,-0.679829986,-45.47241554,60.02093353,44.72070007,-69.57662201,-41.51688903,66.37297783,0.450048063,1,1
233.5890849,13,1573821424,AUT,FALSE,TRUE,TRUE,608.8227689,-241.1331429,156.4225121,-179.8386204,-0.106545477,179.8015419,-2.635936088,2.583157284,1.307119759,-0.275044384,0.577717993,-0.679829986,-45.47241554,60.02093353,44.72070007,-69.57662201,-41.51688903,66.37297783,0.450048063,1,1
233.6895609,13,1573821424,AUT,FALSE,TRUE,TRUE,609.8991879,-215.6966982,155.5880686,-179.8519491,-0.106749049,179.7853397,-2.954173876,3.616508861,1.99194567,-0.138048221,0.76154046,-0.7252488,-44.03217659,59.21162567,44.78823853,-71.54847564,-41.48699523,65.46786918,3.1574501,1,1
233.7901139,13,1573821424,AUT,FALSE,TRUE,TRUE,611.4028388,-195.3619289,154.0416034,-179.813824,-0.106618997,179.7482019,-3.386581763,4.718808802,1.362709783,0.213272343,0.979245217,-0.732707725,-42.65638276,58.77748718,44.80286064,-72.83384514,-41.49346618,64.81727256,5.220847319,1,1
233.8905969,13,1573821424,AUT,FALSE,TRUE,TRUE,613.1610351,-175.7371915,152.8023928,-179.8056245,-0.11775889,179.7485006,-3.101176279,5.070270833,1.361425419,0.171031791,0.995755776,-0.730173264,-41.25832787,58.45140609,44.81215782,-73.81334495,-41.53614257,64.31000633,7.241487119,1,1
233.99107,13,1573821424,AUT,FALSE,TRUE,TRUE,613.1610351,-175.7371915,152.8023928,-179.8056245,-0.11775889,179.7485006,-3.101176279,5.070270833,1.361425419,0.171031791,0.995755776,-0.730173264,-41.25832787,58.45140609,44.81215782,-73.81334495,-41.53614257,64.31000633,7.241487119,1,1
234.0915079,13,1573821424,AUT,FALSE,TRUE,TRUE,615.1820555,-155.5974499,151.7635807,-179.853259,-0.113796355,179.745159,-2.093328126,2.674185746,0.907745266,-0.514059452,0.748606843,-0.752949716,-39.70084419,58.17891426,44.82073402,-74.62721558,-41.56765136,63.87647209,9.3254219,1,1
234.1920218,13,1573821424,AUT,FALSE,TRUE,TRUE,617.8302634,-135.9783433,151.2377027,-179.8208182,-0.078904761,179.7620797,-4.22657603,3.507983036,1.229405416,-0.110109783,1.155782926,-0.654492563,-38.0770134,57.99027557,44.82002678,-75.145475,-41.60282409,63.57783966,11.25914268,1,1
234.2925138,13,1573821424,AUT,FALSE,TRUE,TRUE,621.8959035,-117.6959517,151.798433,-179.9079962,0.02073846,179.8139525,-3.499577645,1.309269352,0.779234803,-0.613946975,0.59447289,-0.521172259,-36.38195,57.92027549,44.81019744,-75.17518272,-41.62302795,63.51020851,13.03521995,1,1
234.393101,13,1573821425,AUT,FALSE,TRUE,TRUE,621.8959035,-117.6959517,151.798433,-179.9079962,0.02073846,179.8139525,-3.499577645,1.309269352,0.779234803,-0.613946975,0.59447289,-0.521172259,-34.79557572,57.98868599,44.75505294,-74.58541602,-41.63904602,63.74446793,14.24441986,1,1
234.4935858,13,1573821425,AUT,FALSE,TRUE,TRUE,627.5891733,-103.6013523,153.6709021,-179.8912401,0.175105501,179.9409052,-6.269913141,0.539457034,2.362626652,-0.636511795,0.479765011,-0.410078994,-34.79557572,57.98868599,44.75505294,-74.58541602,-41.63904602,63.74446793,14.24441986,1,1
234.594095,13,1573821425,AUT,FALSE,TRUE,TRUE,635.2258761,-94.59988345,155.4808607,-179.9396728,0.210429873,179.9712568,-6.373832967,2.630692342,1.823686708,-0.01687786,0.514832584,-0.376402811,-33.3683281,58.43519439,44.68814621,-73.17584266,-41.57010131,64.44000206,14.7578762,1,1
234.694581,13,1573821425,AUT,FALSE,TRUE,TRUE,644.5203704,-90.41143306,156.2973009,-179.9682365,0.231219504,-179.9950753,-6.376831197,1.589092226,3.231899647,-0.236124978,0.377141609,-0.198540345,-32.1546135,59.23510208,44.54202118,-71.11867332,-41.54449768,65.33498954,14.67044219,1,1
234.795059,13,1573821425,AUT,FALSE,TRUE,TRUE,655.2193866,-88.12730785,155.8919046,-179.9716505,0.253362669,179.9761906,-5.733598162,2.665707872,2.714695904,-0.347271611,0.326961519,-0.155618842,-31.00549508,60.37902946,44.45404472,-68.60062065,-41.62509887,66.34456787,14.28652839,1,1
234.89556,13,1573821425,AUT,FALSE,TRUE,TRUE,655.2193866,-88.12730785,155.8919046,-179.9716505,0.253362669,179.9761906,-5.733598162,2.665707872,2.714695904,-0.347271611,0.326961519,-0.155618842,-31.00549508,60.37902946,44.45404472,-68.60062065,-41.62509887,66.34456787,14.28652839,1,1
234.996331,13,1573821425,AUT,FALSE,TRUE,TRUE,666.6757035,-86.77082485,154.9519064,-179.9574244,0.270465042,179.9281926,-6.828346182,2.962216947,2.065978479,-0.313706496,0.341689536,-0.134343166,-29.81535645,61.73572082,44.36911697,-65.72134094,-41.73574768,67.4447834,13.69278946,1,1
235.096895,13,1573821425,AUT,FALSE,TRUE,TRUE,678.7737748,-85.76494862,153.9028842,-179.9840549,0.25310157,179.9171923,-3.603122936,2.155456941,2.117475236,-0.641004299,0.035690092,-0.149216108,-28.51839981,63.18810653,44.22227783,-62.49987144,-41.82268798,68.69246292,12.99584427,1,1
235.197578,13,1573821425,AUT,FALSE,TRUE,TRUE,690.1334578,-84.00907494,152.9120654,-179.9585333,0.201972343,179.8870378,-1.238090915,1.841295901,0.32806347,-0.708688961,-0.409330724,-0.1984865,-27.18918114,64.60675735,44.08267593,-59.3252243,-41.8675122,69.94140243,12.27489395,1,1
235.29813,13,1573821425,AUT,FALSE,TRUE,TRUE,690.1334578,-84.00907494,152.9120654,-179.9585333,0.201972343,179.8870378,-1.238090915,1.841295901,0.32806347,-0.708688961,-0.409330724,-0.1984865,-25.81014634,65.86855087,44.05604095,-56.54455032,-41.97033325,71.06075134,11.88482094,1,1
235.398638,13,1573821426,AUT,FALSE,TRUE,TRUE,699.9177951,-79.12372425,151.6905886,-179.8925017,0.111225302,179.8288456,-1.029517413,7.15868397,1.181337021,0.219362131,-0.21457544,-0.331244865,-25.81014634,65.86855087,44.05604095,-56.54455032,-41.97033325,71.06075134,11.88482094,1,1
235.4991598,13,1573821426,AUT,FALSE,TRUE,TRUE,709.9644947,-65.57806534,150.4065258,-179.8487361,0.080110338,179.7892615,0.039453283,4.66190565,1.735425336,-0.458750366,-0.215821293,-0.638283602,-23.77405014,67.14859886,44.04791107,-53.81610603,-42.09635742,72.09537506,12.1758522,1,1
235.5997069,13,1573821426,AUT,FALSE,TRUE,TRUE,715.6023175,-51.16270547,149.4235305,-179.8042758,0.040345519,179.7557233,-0.942051001,7.918055428,0.561880036,0.336680258,-0.10752047,-0.683299122,-22.13484536,67.83923378,44.03746719,-52.35537071,-42.15793579,72.63715209,12.86202393,1,1
235.700218,13,1573821426,AUT,FALSE,TRUE,TRUE,715.6023175,-51.16270547,149.4235305,-179.8042758,0.040345519,179.7557233,-0.942051001,7.918055428,0.561880036,0.336680258,-0.10752047,-0.683299122,-22.13484536,67.83923378,44.03746719,-52.35537071,-42.15793579,72.63715209,12.86202393,1,1
235.8007469,13,1573821426,AUT,FALSE,TRUE,TRUE,719.7791221,-33.75924196,149.1014777,-179.8787519,0.027288657,179.7478198,1.052738851,4.253979696,1.170434326,-0.602751568,-0.518234206,-0.729694088,-20.39707261,68.29652939,44.02178078,-51.30915641,-42.18956542,73.03422203,14.0201992,1,1
235.9012609,13,1573821426,AUT,FALSE,TRUE,TRUE,721.7725605,-14.84481061,148.9072881,-179.7805163,-0.044175774,179.7571213,0.236206502,8.311578371,0.550209307,0.349505088,-0.32616789,-0.690664551,-18.68924103,68.5372776,44.00824013,-50.76543617,-42.19942016,73.29079742,15.27065277,1,1
236.0017679,13,1573821426,AUT,FALSE,TRUE,TRUE,721.9251562,5.940388705,148.527508,-179.8915075,-0.094845898,179.7656694,0.460749268,2.804092889,1.378004135,-0.857030042,-0.07222222,-0.714336617,-17.00323792,68.59500732,43.99684868,-50.69692268,-42.20080444,73.33380546,17.01886253,1,1
236.1022909,13,1573821426,AUT,FALSE,TRUE,TRUE,721.9251562,5.940388705,148.527508,-179.8915075,-0.094845898,179.7656694,0.460749268,2.804092889,1.378004135,-0.857030042,-0.07222222,-0.714336617,-15.41936989,68.59856071,43.97189254,-50.79993668,-42.20270507,73.33333511,18.55555114,1,1
236.2028968,13,1573821426,AUT,FALSE,TRUE,TRUE,720.8391929,26.25753421,147.8756688,-179.7959017,-0.190597106,179.797708,-2.634667215,7.84978976,1.400090523,0.477291985,0.882165043,-0.673322978,-15.41936989,68.59856071,43.97189254,-50.79993668,-42.20270507,73.33333511,18.55555114,1,1
236.3034098,13,1573821426,AUT,FALSE,TRUE,TRUE,719.3126303,45.43931254,146.8999195,-179.885679,-0.258481384,179.8309802,-1.561124138,3.218180848,2.42840865,-0.611563907,1.077743723,-0.695783183,-13.88707581,68.61252365,43.92615852,-50.92275352,-42.20291931,73.27271461,20.23997154,1,1
236.4039099,13,1573821427,AUT,FALSE,TRUE,TRUE,716.5490123,63.1729441,144.4190397,-179.853828,-0.418383209,179.8795555,1.637917951,3.281836225,2.199297991,-0.381824968,1.054989802,-0.560396808,-12.50669861,68.67108421,43.83728599,-51.20767021,-42.20357299,73.1194931,21.73322296,1,1
236.504406,13,1573821427,AUT,FALSE,TRUE,TRUE,716.5490123,63.1729441,144.4190397,-179.853828,-0.418383209,179.8795555,1.637917951,3.281836225,2.199297991,-0.381824968,1.054989802,-0.560396808,-12.50669861,68.67108421,43.83728599,-51.20767021,-42.20357299,73.1194931,21.73322296,1,1
236.6049559,13,1573821427,AUT,FALSE,TRUE,TRUE,709.2800654,81.73612953,138.1656221,-179.9016846,-0.696752758,-179.9892412,9.901073871,0.313734338,1.184956981,-0.740357073,0.350274706,-0.279087314,-11.31590081,68.55225334,43.63057823,-52.61323356,-42.25853759,72.36824798,23.80894203,1,1
236.705507,13,1573821427,AUT,FALSE,TRUE,TRUE,698.9820828,93.09517347,132.1750176,-179.9281329,-0.748992917,-179.9333474,9.913377728,1.626887411,0.988885291,-0.488371435,0.360261008,-0.265356878,-11.09992333,67.91629944,43.49096603,-55.30401878,-42.37885437,70.86979179,25.76588173,1,1
236.806509,13,1573821427,AUT,FALSE,TRUE,TRUE,685.3420648,101.9956085,129.5564654,-179.92247,-0.674559097,-179.8620496,9.913377728,1.626887411,0.988885291,-0.488371435,0.360261008,-0.265356878,-11.3561348,66.5922512,43.42817573,-59.08584251,-42.48516357,69.09892616,27.85851288,1,1
236.9072449,13,1573821427,AUT,FALSE,TRUE,TRUE,685.3420648,101.9956085,129.5564654,-179.92247,-0.674559097,-179.8620496,6.929596944,1.604081624,-3.035775273,-0.205518858,0.36404174,-0.222160022,-11.3561348,66.5922512,43.42817573,-59.08584251,-42.48516357,69.09892616,27.85851288,1,1
237.007858,13,1573821427,AUT,FALSE,TRUE,TRUE,664.4279057,110.0413809,133.7463654,-179.9216327,-0.571110358,-179.7577678,2.941740307,3.621856622,-2.259267677,0.571752739,0.276886551,-0.28554734,-12.08539353,64.07027435,43.49747886,-64.52052154,-42.31961608,67.06661682,30.46506042,1,1
237.108325,13,1573821427,AUT,FALSE,TRUE,TRUE,647.0511313,116.1446949,138.4902958,-179.8427493,-0.50051966,-179.816907,1.728148011,7.24491354,1.247817588,1.117637904,0.473303864,-0.607865811,-12.77444229,61.72530441,43.66965523,-68.78198089,-41.98584045,65.54394951,32.27422371,1,1
237.2088139,13,1573821427,AUT,FALSE,TRUE,TRUE,647.0511313,116.1446949,138.4902958,-179.8427493,-0.50051966,-179.816907,1.728148011,7.24491354,1.247817588,1.117637904,0.473303864,-0.607865811,-12.77444229,61.72530441,43.66965523,-68.78198089,-41.98584045,65.54394951,32.27422371,1,1
237.3092949,13,1573821427,AUT,FALSE,TRUE,TRUE,629.13733,127.2875535,142.6303857,-179.8335136,-0.268290371,-179.8705188,-6.738634735,7.124685561,3.58631351,0.865426565,1.397190226,-0.74820445,-13.12696953,59.66313629,43.91662101,-72.83227272,-41.83391601,63.92776108,34.44391708,1,1
237.4097869,13,1573821428,AUT,FALSE,TRUE,TRUE,611.2854366,137.8739043,144.9866654,-179.8290384,-0.150223571,-179.9538473,-6.738634735,7.124685561,3.58631351,0.865426565,1.397190226,-0.74820445,-12.93142663,57.7458435,44.18760223,-76.51906128,-41.68167297,62.42900962,36.87856979,1,1
237.5103149,13,1573821428,AUT,FALSE,TRUE,TRUE,611.2854366,137.8739043,144.9866654,-179.8290384,-0.150223571,-179.9538473,-7.974182817,7.440191832,3.764110609,0.805312763,1.489971606,-0.971878365,-12.93142663,57.7458435,44.18760223,-76.51906128,-41.68167297,62.42900962,36.87856979,1,1
237.610805,13,1573821428,AUT,FALSE,TRUE,TRUE,602.7637614,152.6722538,146.6598973,-179.8003722,-0.072026439,179.9588643,-8.346686636,8.664780121,3.775192499,0.652501381,1.538977093,-1.031997635,-11.96853333,57.05998077,44.41925583,-77.77561569,-41.65460266,61.95703354,38.67487907,1,1
237.7112849,13,1573821428,AUT,FALSE,TRUE,TRUE,601.2546574,165.3381383,146.3083579,-179.7761201,0.004233559,179.8667929,-4.523810601,9.448904904,3.101078588,0.573906576,0.614623483,-1.020988476,-10.76114617,57.22683563,44.4308361,-77.47917366,-41.682052,61.95838623,39.708078,1,1
237.8117719,13,1573821428,AUT,FALSE,TRUE,TRUE,601.2546574,165.3381383,146.3083579,-179.7761201,0.004233559,179.8667929,-4.523810601,9.448904904,3.101078588,0.573906576,0.614623483,-1.020988476,-10.76114617,57.22683563,44.4308361,-77.47917366,-41.682052,61.95838623,39.708078,1,1
237.91225,13,1573821428,AUT,FALSE,TRUE,TRUE,600.7940796,179.3227775,144.9201937,-179.7961268,0.000312898,179.8381824,-3.766979883,5.951127996,1.642300469,-0.415463574,0.567630611,-1.066773276,-9.299566275,57.70899811,44.4243267,-76.73430061,-41.81516235,62.17624511,40.81475486,1,1
238.012748,13,1573821428,AUT,FALSE,TRUE,TRUE,601.063582,194.83074,143.9265133,-179.7507562,-0.02486279,179.8309807,-2.711709978,9.25488228,2.053579283,0.513769405,0.448943436,-0.963616245,-7.623258594,58.33310738,44.41883698,-75.60741234,-41.93513854,62.62649231,41.83689537,1,1
238.113308,13,1573821428,AUT,FALSE,TRUE,TRUE,600.6835207,213.9480358,143.4876766,-179.8181638,-0.084158787,179.8238315,-0.629471802,6.877234624,1.524918581,-0.245465775,0.307414092,-0.962991116,-5.607720569,59.01076126,44.41821556,-74.245475,-41.99849121,63.24599762,43.16864433,1,1
238.2137969,13,1573821428,AUT,FALSE,TRUE,TRUE,600.6835207,213.9480358,143.4876766,-179.8181638,-0.084158787,179.8238315,-0.629471802,6.877234624,1.524918581,-0.245465775,0.307414092,-0.962991116,-5.607720569,59.01076126,44.41821556,-74.245475,-41.99849121,63.24599762,43.16864433,1,1
238.3142779,13,1573821428,AUT,FALSE,TRUE,TRUE,595.9936856,236.3895135,143.416707,-179.9309616,-0.263894304,-179.9801195,6.763562885,1.035891582,-1.212124601,-0.365815353,-0.517793714,-0.332705073,-3.2192688,59.53421859,44.41539001,-73.13769951,-42.05392822,63.94705581,45.07580909,1,1
238.414763,13,1573821429,AUT,FALSE,TRUE,TRUE,595.9936856,236.3895135,143.416707,-179.9309616,-0.263894304,-179.9801195,6.763562885,1.035891582,-1.212124601,-0.365815353,-0.517793714,-0.332705073,-1.653919606,59.21721839,44.43865013,-73.79972534,-42.01586059,63.95336609,47.0378334,1,1
238.5152919,13,1573821429,AUT,FALSE,TRUE,TRUE,585.2992788,251.830197,143.7095102,179.970769,-0.446454942,-179.7900784,6.951065463,-1.563030038,-0.469233138,-0.422032702,0.070648054,-0.079643342,-1.653919606,59.21721839,44.43865013,-73.79972534,-42.01586059,63.95336609,47.0378334,1,1
238.615993,13,1573821429,AUT,FALSE,TRUE,TRUE,568.4163078,260.7826056,144.0939828,-179.9793289,-0.463088136,-179.7001542,5.089159916,0.579369157,0.472769483,-0.086733331,0.198570058,-0.238562686,-1.077274706,57.98089943,44.46038246,-76.46285934,-41.9075354,62.86868248,49.10176964,1,1
238.7165239,13,1573821429,AUT,FALSE,TRUE,TRUE,568.4163078,260.7826056,144.0939828,-179.9793289,-0.463088136,-179.7001542,5.089159916,0.579369157,0.472769483,-0.086733331,0.198570058,-0.238562686,-1.077274706,57.98089943,44.46038246,-76.46285934,-41.9075354,62.86868248,49.10176964,1,1
238.8171358,13,1573821429,AUT,FALSE,TRUE,TRUE,542.5950252,264.4008205,144.5274823,-179.8755756,-0.443982155,-179.6619034,3.397647398,5.327512479,0.194739235,1.073411173,0.23450737,-0.361390175,-1.190310288,55.70051879,44.57138901,-81.30568084,-41.72204772,60.74272499,51.66474953,1,1
238.917624,13,1573821429,AUT,FALSE,TRUE,TRUE,542.5950252,264.4008205,144.5274823,-179.8755756,-0.443982155,-179.6619034,3.397647398,5.327512479,0.194739235,1.073411173,0.23450737,-0.361390175,-1.190310288,55.70051879,44.57138901,-81.30568084,-41.72204772,60.74272499,51.66474953,1,1
239.0181489,13,1573821429,AUT,FALSE,TRUE,TRUE,519.6678494,267.2444168,144.6919563,-179.8792757,-0.35718424,-179.7019746,0.422350308,5.848739514,1.369337643,1.133440941,0.485808862,-0.492987696,-1.390117269,53.75291748,44.77758865,-85.43711014,-41.65009277,58.86454696,54.01536026,1,1
239.1186399,13,1573821429,AUT,FALSE,TRUE,TRUE,519.6678494,267.2444168,144.6919563,-179.8792757,-0.35718424,-179.7019746,0.422350308,5.848739514,1.369337643,1.133440941,0.485808862,-0.492987696,-1.392400362,51.61271896,44.86973304,-89.85302353,-41.57873657,56.73709946,56.39109878,1,1
239.2191219,13,1573821429,AUT,FALSE,TRUE,TRUE,495.7644112,269.0023723,144.3770969,-179.8542353,-0.230473349,-179.6970779,-2.360520499,6.921857347,3.506626184,1.088396473,0.767415018,-0.619689098,-1.392400362,51.61271896,44.86973304,-89.85302353,-41.57873657,56.73709946,56.39109878,1,1
246.5560949,14,1573821437,AUT,FALSE,FALSE,TRUE,471.9410198,-400.023698,169.9837967,-179.9970803,-0.011675856,179.9992228,-0.727790699,-1.213918999,5.697978925,-0.305741919,0.65122516,0.040486605,-66.80478173,54.64929543,44.88312606,-78.17825088,-40.05291137,63.45231399,-16.25636673,0.5,1
246.6568899,14,1573821437,AUT,FALSE,TRUE,TRUE,471.833912,-399.5008328,167.998139,-179.9744147,-0.075811926,179.8316682,-1.658691284,-0.87582996,5.234379138,-0.327867812,0.511852272,0.060897526,-66.79438934,54.82704734,44.87922249,-78.17538071,-40.06536987,63.4348423,-16.25684052,1,1
246.7574599,14,1573821437,AUT,FALSE,TRUE,TRUE,471.833912,-399.5008328,167.998139,-179.9744147,-0.075811926,179.8316682,-1.658691284,-0.87582996,5.234379138,-0.327867812,0.511852272,0.060897526,-66.79438934,54.82704734,44.87922249,-78.17538071,-40.06536987,63.4348423,-16.25684052,1,1
246.8579819,14,1573821437,AUT,FALSE,TRUE,TRUE,472.1390447,-400.8567139,159.4153298,-179.9371987,0.002329088,179.916411,-0.526893142,-0.615253774,2.777212487,-0.529679617,0.140422827,-0.20458783,-66.76571503,55.62284889,44.75557823,-78.16967811,-40.74740661,62.73734779,-16.04266205,1,1
246.958468,14,1573821437,AUT,FALSE,TRUE,TRUE,472.7616415,-402.3182239,149.1665235,-179.9368842,0.123782319,179.9065961,-1.921222837,0.097591851,1.295067947,-0.557361235,-0.084236625,-0.316532458,-66.65248032,56.61363716,44.45279502,-78.05501174,-41.35255554,61.92884674,-15.88307877,1,1
247.058959,14,1573821437,AUT,FALSE,TRUE,TRUE,472.7616415,-402.3182239,149.1665235,-179.9368842,0.123782319,179.9065961,-1.921222837,0.097591851,1.295067947,-0.557361235,-0.084236625,-0.316532458,-66.65248032,56.61363716,44.45279502,-78.05501174,-41.35255554,61.92884674,-15.88307877,1,1
247.1594419,14,1573821437,AUT,FALSE,TRUE,TRUE,477.0194855,-402.7699251,144.0855297,-179.9290409,0.284942415,179.9083002,-4.793715407,-0.802729837,1.14036954,-0.6373323,0.032435137,-0.235604666,-66.29765282,57.46321678,44.45337868,-77.44627991,-41.82357788,61.69160728,-15.65647889,1,1
247.2599828,14,1573821437,AUT,FALSE,TRUE,TRUE,483.859993,-403.3794671,142.9503745,-179.9486628,0.324599112,179.9231767,-4.669199722,-1.369094833,1.138268412,-0.755381082,-0.098056715,-0.213216613,-65.56820526,58.16776314,44.45415802,-76.21298904,-42.00512145,62.11701164,-15.55566903,1,1
247.3604898,14,1573821437,AUT,FALSE,TRUE,TRUE,493.8883999,-404.2348937,143.8063406,-179.9634622,0.369320602,179.9519793,-5.400605711,-1.22008619,1.724990389,-0.696561081,-0.020637646,-0.147829868,-64.4863575,58.94942665,44.45298729,-74.33917465,-42.04619934,62.94301872,-15.55493431,1,1
247.460994,14,1573821438,AUT,FALSE,TRUE,TRUE,493.8883999,-404.2348937,143.8063406,-179.9634622,0.369320602,179.9519793,-5.400605711,-1.22008619,1.724990389,-0.696561081,-0.020637646,-0.147829868,-63.01177941,59.91608963,44.45280189,-71.81374054,-42.04823181,64.13648071,-15.56623307,1,1
247.5614889,14,1573821438,AUT,FALSE,TRUE,TRUE,507.1377557,-404.8250883,145.6808157,-179.991424,0.400472135,179.9839228,-5.897075134,-1.984894993,1.838328159,-0.644551836,0.092143784,-0.030799739,-63.01177941,59.91608963,44.45280189,-71.81374054,-42.04823181,64.13648071,-15.56623307,1,1
247.662004,14,1573821438,AUT,FALSE,TRUE,TRUE,522.7194758,-404.793994,147.4942271,-179.9777088,0.408735132,179.9804212,-4.525801882,-0.930526665,2.063660848,-0.526986862,-0.191567697,0.019422072,-61.25447503,61.09889488,44.44727096,-68.79666481,-42.05085205,65.5397026,-15.64145508,1,1
247.7624969,14,1573821438,AUT,FALSE,TRUE,TRUE,538.5784114,-404.6859301,149.0180772,179.9712412,0.396642113,179.9824215,-4.095841763,-0.644271042,1.334874499,-0.193789871,0.178034914,0.132862056,-59.35505906,62.39963836,44.42288475,-65.50658226,-42.07936706,67.05880966,-15.71737061,1,1
247.8630319,14,1573821438,AUT,FALSE,TRUE,TRUE,555.8464767,-404.2271743,149.9409631,179.9737575,0.348595952,179.971035,-3.630471127,0.227012807,2.705201686,-0.193789871,0.178034914,0.132862056,-57.26344757,63.88223304,44.34911842,-61.86022339,-42.12726745,68.6615879,-15.93903694,1,1
247.9635029,14,1573821438,AUT,FALSE,TRUE,TRUE,555.8464767,-404.2271743,149.9409631,179.9737575,0.348595952,179.971035,-3.630471127,0.227012807,2.705201686,-0.309216641,0.213579361,0.157510585,-57.26344757,63.88223304,44.34911842,-61.86022339,-42.12726745,68.6615879,-15.93903694,1,1
248.064029,14,1573821438,AUT,FALSE,TRUE,TRUE,570.1222867,-403.5480417,150.0466023,179.9772698,0.233152653,179.9488936,1.341604861,1.604977279,2.105979212,0.019974515,-0.467283002,0.0130418,-55.36704598,65.25688019,44.21151466,-58.51742706,-42.14817993,70.12428359,-16.21824761,1,1
248.164531,14,1573821438,AUT,FALSE,TRUE,TRUE,570.1222867,-403.5480417,150.0466023,179.9772698,0.233152653,179.9488936,1.341604861,1.604977279,2.105979212,0.019974515,-0.467283002,0.0130418,-55.36704598,65.25688019,44.21151466,-58.51742706,-42.14817993,70.12428359,-16.21824761,1,1
248.2650299,14,1573821438,AUT,FALSE,TRUE,TRUE,586.4506184,-399.4295274,148.4808822,-179.8505631,-0.019237094,179.7814195,7.994676524,6.081040495,0.434140869,0.178449274,-1.233166763,-0.547024082,-53.0200058,66.93707084,44.04855308,-54.67452278,-42.14885559,71.81703987,-16.49788056,1,1
248.3658738,14,1573821438,AUT,FALSE,TRUE,TRUE,593.2006226,-389.5558955,145.7435812,-179.7856578,-0.190113567,179.6151433,6.26421374,5.120656818,-0.556239429,-0.47285494,-0.544978889,-0.909610131,-51.93439866,67.33392105,44.02378921,-54.31494369,-42.16145141,71.95817299,-15.70417328,1,1
248.4665658,14,1573821439,AUT,FALSE,TRUE,TRUE,593.2006226,-389.5558955,145.7435812,-179.7856578,-0.190113567,179.6151433,6.26421374,5.120656818,-0.556239429,-0.47285494,-0.544978889,-0.909610131,-51.93439866,67.33392105,44.02378921,-54.31494369,-42.16145141,71.95817299,-15.70417328,1,1
248.5671799,14,1573821439,AUT,FALSE,TRUE,TRUE,597.5935608,-375.4068014,145.2780061,-179.7944931,-0.194521253,179.6235658,2.856153397,4.094016889,-1.477048982,-0.399867959,0.103838661,-0.880793775,-51.18260422,66.89723511,44.05269699,-55.53019981,-42.17103698,71.43951874,-14.16188164,1,1
248.6677558,14,1573821439,AUT,FALSE,TRUE,TRUE,597.5935608,-375.4068014,145.2780061,-179.7944931,-0.194521253,179.6235658,2.856153397,4.094016889,-1.477048982,-0.399867959,0.103838661,-0.880793775,-51.18260422,66.89723511,44.05269699,-55.53019981,-42.17103698,71.43951874,-14.16188164,1,1
248.768235,14,1573821439,AUT,FALSE,TRUE,TRUE,601.1748332,-352.2825917,147.8822442,-179.8177402,-0.160717984,179.6361508,0.813497443,4.29403471,-0.80964,-0.186976554,0.246956101,-0.837879057,-50.35749664,65.63608703,44.24139748,-58.19832229,-42.10928283,70.53004303,-11.57300492,1,1
248.8687229,14,1573821439,AUT,FALSE,TRUE,TRUE,603.3688099,-330.0392217,150.6933342,-179.8320814,-0.145816816,179.6871512,-0.527189146,3.520766344,0.633470596,-0.119923544,0.406525279,-0.729174607,-49.59382324,64.32794494,44.44015731,-60.81344604,-42.04374389,69.67431793,-9.074370575,1,1
248.969208,14,1573821439,AUT,FALSE,TRUE,TRUE,603.3688099,-330.0392217,150.6933342,-179.8320814,-0.145816816,179.6871512,-0.527189146,3.520766344,0.633470596,-0.119923544,0.406525279,-0.729174607,-49.59382324,64.32794494,44.44015731,-60.81344604,-42.04374389,69.67431793,-9.074370575,1,1
249.0697389,14,1573821439,AUT,FALSE,TRUE,TRUE,605.2664663,-304.223678,153.4469689,-179.8493509,-0.134401394,179.745,-1.461763809,2.077100123,0.532454663,-0.159402238,0.497895188,-0.648178435,-48.59553338,62.89646072,44.61489486,-63.68661117,-41.94139526,68.68020973,-6.204329688,1,1
249.1702559,14,1573821439,AUT,FALSE,TRUE,TRUE,605.2664663,-304.223678,153.4469689,-179.8493509,-0.134401394,179.745,-1.461763809,2.077100123,0.532454663,-0.159402238,0.497895188,-0.648178435,-48.59553338,62.89646072,44.61489486,-63.68661117,-41.94139526,68.68020973,-6.204329688,1,1
249.270736,14,1573821439,AUT,FALSE,TRUE,TRUE,607.0555351,-277.1920355,154.8894843,-179.8527932,-0.119737018,179.7534115,-3.393762559,3.217603968,1.442097547,0.067789192,0.804774925,-0.662661578,-47.4135315,61.64970817,44.75826988,-66.32141075,-41.82868103,67.70201454,-3.3664753,1,1
249.371223,14,1573821440,AUT,FALSE,TRUE,TRUE,608.7667521,-255.1566882,154.590124,-179.8654675,-0.106183487,179.7406765,-2.954588549,2.941484892,1.510574257,-0.07942384,0.743532348,-0.661907111,-46.25753632,60.83410034,44.86049423,-68.25634689,-41.80518127,66.86101456,-0.937672806,1,1
249.4716909,14,1573821440,AUT,FALSE,TRUE,TRUE,610.3676078,-233.5331465,153.3884624,-179.8313502,-0.132421861,179.7299296,-2.471848319,3.599888091,2.089351011,-0.07942384,0.743532348,-0.661907111,-44.99489136,60.20429534,44.89637833,-69.94020767,-41.80712036,66.10238113,1.323117825,1,1
249.5721769,14,1573821440,AUT,FALSE,TRUE,TRUE,610.3676078,-233.5331465,153.3884624,-179.8313502,-0.132421861,179.7299296,-2.471848319,3.599888091,2.089351011,0.072863351,0.836542316,-0.657489206,-44.99489136,60.20429534,44.89637833,-69.94020767,-41.80712036,66.10238113,1.323117825,1,1
249.672693,14,1573821440,AUT,FALSE,TRUE,TRUE,611.8934758,-204.5653428,151.1018856,-179.8287094,-0.157082942,179.725293,-0.940802168,3.231305932,1.754006129,-0.211843981,0.687253862,-0.714597287,-43.20457649,59.48731384,44.90637931,-71.99572563,-41.85125793,65.0767868,4.388979719,1,1
249.773159,14,1573821440,AUT,FALSE,TRUE,TRUE,612.227466,-182.3447666,149.2911314,-179.8426174,-0.163888051,179.7201459,-0.682323159,2.946560228,0.750646791,-0.37544565,0.600576485,-0.742579397,-41.83146401,58.96279907,44.91458473,-73.55514564,-41.89731811,64.27756233,6.776075363,1,1
249.873625,14,1573821440,AUT,FALSE,TRUE,TRUE,612.227466,-182.3447666,149.2911314,-179.8426174,-0.163888051,179.7201459,-0.682323159,2.946560228,0.750646791,-0.37544565,0.600576485,-0.742579397,-41.83146401,58.96279907,44.91458473,-73.55514564,-41.89731811,64.27756233,6.776075363,1,1
249.9741089,14,1573821440,AUT,FALSE,TRUE,TRUE,611.9791456,-152.9764237,147.6852806,-179.8243926,-0.163538062,179.7104327,-1.11770763,4.026120663,1.954107699,-0.174454798,0.716421529,-0.748178867,-39.92735482,58.26318283,44.94849815,-75.47459793,-41.93829162,63.32190284,9.867761988,1,1
250.074579,14,1573821440,AUT,FALSE,TRUE,TRUE,611.3274578,-123.951452,146.5420885,-179.8193467,-0.107446412,179.7359296,-1.11770763,4.026120663,1.954107699,-0.174454798,0.716421529,-0.748178867,-37.87694206,57.59204521,44.9847496,-77.18118668,-42.00199035,62.4579792,12.95994987,1,1
250.1752219,14,1573821440,AUT,FALSE,TRUE,TRUE,611.3274578,-123.951452,146.5420885,-179.8193467,-0.107446412,179.7359296,-3.919053098,6.017412944,1.025932327,0.355483028,1.011297883,-0.611048815,-37.87694206,57.59204521,44.9847496,-77.18118668,-42.00199035,62.4579792,12.95994987,1,1
250.275943,14,1573821440,AUT,FALSE,TRUE,TRUE,615.8444647,-94.51089939,148.9271729,-179.9529803,0.201727664,179.9168605,-6.933539702,-0.118705744,0.37943494,-0.650307113,0.57586958,-0.395708371,-35.19918594,57.10653534,44.96679039,-77.68858681,-42.02713806,62.1107151,16.00668182,1,1
250.376673,14,1573821441,AUT,FALSE,TRUE,TRUE,615.8444647,-94.51089939,148.9271729,-179.9529803,0.201727664,179.9168605,-6.933539702,-0.118705744,0.37943494,-0.650307113,0.57586958,-0.395708371,-35.19918594,57.10653534,44.96679039,-77.68858681,-42.02713806,62.1107151,16.00668182,1,1
250.4772439,14,1573821441,AUT,FALSE,TRUE,TRUE,624.8573456,-82.79777437,152.8795888,-179.9738934,0.298433134,-179.9640555,-9.778956859,1.304598181,2.204178898,0.199838053,0.628164286,-0.179546656,-33.48495141,57.38170853,44.88908271,-76.1797142,-41.88176696,62.94016228,16.73610877,1,1
250.5777268,14,1573821441,AUT,FALSE,TRUE,TRUE,624.8573456,-82.79777437,152.8795888,-179.9738934,0.298433134,-179.9640555,-9.778956859,1.304598181,2.204178898,0.199838053,0.628164286,-0.179546656,-31.58288841,58.71097526,44.82157859,-72.28183708,-41.73417114,64.88826141,16.19191474,1,1
250.6782169,14,1573821441,AUT,FALSE,TRUE,TRUE,641.9762421,-78.11038782,158.2086794,-179.9973501,0.371418759,-179.9671698,-8.116477093,1.976738985,1.003968899,0.224000537,0.387065548,-0.072662281,-31.58288841,58.71097526,44.82157859,-72.28183708,-41.73417114,64.88826141,16.19191474,1,1
250.7787089,14,1573821441,AUT,FALSE,TRUE,TRUE,667.0378171,-79.7775536,160.1193888,179.994743,0.405685419,-179.9883791,-5.462473408,0.653014534,0.081336072,-0.510169,0.070089565,-0.131948879,-29.45063096,61.21410713,44.69733353,-66.10448913,-41.80657653,67.69888687,14.46314049,1,1
250.8792379,14,1573821441,AUT,FALSE,TRUE,TRUE,667.0378171,-79.7775536,160.1193888,179.994743,0.405685419,-179.9883791,-5.462473408,0.653014534,0.081336072,-0.510169,0.070089565,-0.131948879,-29.45063096,61.21410713,44.69733353,-66.10448913,-41.80657653,67.69888687,14.46314049,1,1
250.9797258,14,1573821441,AUT,FALSE,TRUE,TRUE,686.9289294,-81.79923634,161.115545,-179.9363821,0.276460253,179.9028045,-0.604891754,5.178636062,-0.286761029,-0.222135767,-0.226149017,-0.321093103,-27.62473412,63.5981678,44.6331047,-60.45376396,-41.89510986,70.20424347,12.72270698,1,1
251.0802319,14,1573821441,AUT,FALSE,TRUE,TRUE,686.9289294,-81.79923634,161.115545,-179.9363821,0.276460253,179.9028045,-0.604891754,5.178636062,-0.286761029,-0.222135767,-0.226149017,-0.321093103,-27.62473412,63.5981678,44.6331047,-60.45376396,-41.89510986,70.20424347,12.72270698,1,1
251.1806979,14,1573821441,AUT,FALSE,TRUE,TRUE,703.3351768,-75.26248025,160.3358399,-179.8463239,0.143671155,179.7460235,2.151581301,6.544735425,1.37299087,-0.080848442,-0.560558955,-0.559053903,-25.40167809,65.74080391,44.6385395,-55.52276001,-42.03464172,72.20227546,11.8880825,1,1
251.2811649,14,1573821441,AUT,FALSE,TRUE,TRUE,703.3351768,-75.26248025,160.3358399,-179.8463239,0.143671155,179.7460235,2.151581301,6.544735425,1.37299087,-0.080848442,-0.560558955,-0.559053903,-25.40167809,65.74080391,44.6385395,-55.52276001,-42.03464172,72.20227546,11.8880825,1,1
251.3817599,14,1573821442,AUT,FALSE,TRUE,TRUE,716.7408224,-51.10579061,158.5162362,-179.8651409,0.090123211,179.6756759,-0.753734718,7.414100813,1.788732731,0.45188058,0.035451235,-0.720684942,-22.26838761,67.40929413,44.62067642,-51.95798836,-42.20923095,73.54948425,12.81208076,1,1
251.482291,14,1573821442,AUT,FALSE,TRUE,TRUE,722.6675834,-26.08180397,157.0105466,-179.8389347,0.011168642,179.6804488,0.27679631,4.729123994,0.810460715,-0.657639094,-0.544857345,-0.726477096,-19.72035942,68.19300041,44.55822944,-50.32626114,-42.29625366,74.12807922,14.31646957,1,1
251.5827949,14,1573821442,AUT,FALSE,TRUE,TRUE,722.6675834,-26.08180397,157.0105466,-179.8389347,0.011168642,179.6804488,0.27679631,4.729123994,0.810460715,-0.657639094,-0.544857345,-0.726477096,-19.72035942,68.19300041,44.55822944,-50.32626114,-42.29625366,74.12807922,14.31646957,1,1
251.6833038,14,1573821442,AUT,FALSE,TRUE,TRUE,724.3960863,3.548772804,155.8007725,-179.8391376,-0.139547358,179.706296,1.014644021,7.705615094,1.038420615,0.546271809,0.388517739,-0.639150566,-17.06305504,68.54572678,44.49822006,-49.69340744,-42.30895385,74.39905357,16.45369148,1,1
251.783787,14,1573821442,AUT,FALSE,TRUE,TRUE,724.3960863,3.548772804,155.8007725,-179.8391376,-0.139547358,179.706296,1.014644021,7.705615094,1.038420615,0.546271809,0.388517739,-0.639150566,-17.06305504,68.54572678,44.49822006,-49.69340744,-42.30895385,74.39905357,16.45369148,1,1
251.884311,14,1573821442,AUT,FALSE,TRUE,TRUE,721.6330223,37.05930784,155.0920255,-179.8323649,-0.325689372,179.8761892,3.077245365,0.673810864,-0.662233298,-0.759054194,0.433618922,-0.454038626,-14.44790726,68.42931976,44.40699234,-50.07915802,-42.32838867,74.37684059,19.33353767,1,1
251.9848809,14,1573821442,AUT,FALSE,TRUE,TRUE,716.1513301,55.65978761,156.3747799,-179.9182709,-0.527389404,179.9486605,3.077245365,0.673810864,-0.662233298,-0.759054194,0.433618922,-0.454038626,-13.24721489,67.87513504,44.39549789,-51.17019309,-42.19339965,74.24802246,21.23638344,1,1
252.0855038,14,1573821442,AUT,FALSE,TRUE,TRUE,716.1513301,55.65978761,156.3747799,-179.9182709,-0.527389404,179.9486605,8.528922408,-0.028248764,-0.370511551,-0.607499554,-0.012101415,-0.460275729,-13.24721489,67.87513504,44.39549789,-51.17019309,-42.19339965,74.24802246,21.23638344,1,1
252.18606,14,1573821442,AUT,FALSE,TRUE,TRUE,705.3266879,70.19152013,158.0360989,-179.9399646,-0.573223599,-179.9127547,8.528922408,-0.028248764,-0.370511551,0.29602313,0.184835947,-0.319130775,-12.92425804,66.57322769,44.41840095,-54.03050766,-42.07641723,73.26494179,23.42591056,1,1
252.286782,14,1573821442,AUT,FALSE,TRUE,TRUE,705.3266879,70.19152013,158.0360989,-179.9399646,-0.573223599,-179.9127547,8.200962441,1.585544531,-1.018854234,0.29602313,0.184835947,-0.319130775,-12.92425804,66.57322769,44.41840095,-54.03050766,-42.07641723,73.26494179,23.42591056,1,1
252.387521,14,1573821443,AUT,FALSE,TRUE,TRUE,685.4812304,81.15872251,159.2749279,-179.9000249,-0.543311931,-179.8476717,4.659096086,3.596759653,0.208207731,0.644148442,0.41762381,-0.395326956,-13.60954056,64.12337951,44.41851081,-59.65561066,-41.7538861,71.08968658,26.07922897,1,1
252.4880199,14,1573821443,AUT,FALSE,TRUE,TRUE,670.0822636,86.20548734,158.9792931,-179.8772249,-0.507029502,-179.8579804,4.659096086,3.596759653,0.208207731,0.644148442,0.41762381,-0.395326956,-14.38574181,62.30603141,44.42966194,-63.74592018,-41.53167114,69.32029381,27.79322662,1,1
252.588603,14,1573821443,AUT,FALSE,TRUE,TRUE,670.0822636,86.20548734,158.9792931,-179.8772249,-0.507029502,-179.8579804,0.501690686,4.177527862,0.531838859,0.63555672,0.695621862,-0.507602255,-14.38574181,62.30603141,44.42966194,-63.74592018,-41.53167114,69.32029381,27.79322662,1,1
252.68909,14,1573821443,AUT,FALSE,TRUE,TRUE,651.8128942,94.04407242,157.0626857,-179.7254694,-0.345655869,179.9809029,-5.13593338,10.91416737,3.431176781,1.42286811,1.401625736,-1.044578731,-15.11191407,60.40531769,44.53060569,-68.40766296,-41.37898864,67.03428268,29.79564285,1,1
252.7895648,14,1573821443,AUT,FALSE,TRUE,TRUE,636.430728,107.6446047,153.5555334,-179.7401245,-0.292531388,179.8122032,-6.389729838,11.09174932,3.978989062,0.852858205,1.489538578,-1.242048708,-14.98680382,59.25331535,44.75600052,-71.86219024,-41.48262268,65.25359115,32.18390236,1,1
252.8900719,14,1573821443,AUT,FALSE,TRUE,TRUE,636.430728,107.6446047,153.5555334,-179.7401245,-0.292531388,179.8122032,-6.389729838,11.09174932,3.978989062,0.852858205,1.489538578,-1.242048708,-14.07294731,58.58339996,44.81951866,-74.26649666,-41.76548767,63.85465049,34.71947136,1,1
252.9905579,14,1573821443,AUT,FALSE,TRUE,TRUE,623.7775904,124.9861972,149.2507777,-179.7361271,-0.202129056,179.7850579,-8.561037391,10.35525754,3.665149263,0.676295264,1.816635225,-1.113546604,-14.07294731,58.58339996,44.81951866,-74.26649666,-41.76548767,63.85465049,34.71947136,1,1
253.0910499,14,1573821443,AUT,FALSE,TRUE,TRUE,615.8051021,144.1059097,146.1427188,-179.7958039,-0.131082453,179.8004194,-8.635081092,7.384732425,3.364139271,-0.212445967,1.991121466,-1.19724056,-12.54906121,58.41412124,44.80345116,-75.29374923,-42.01614074,63.13128662,37.03654289,1,1
253.1916089,14,1573821443,AUT,FALSE,TRUE,TRUE,612.3667524,163.6676076,144.5543794,-179.6969204,-0.036463293,179.7717424,-5.815516601,9.306153435,2.156720752,-0.514870815,0.886660078,-1.115423968,-10.67526055,58.65890693,44.78939209,-75.10047912,-42.19628356,63.02013244,38.73863754,1,1
253.2920959,14,1573821443,AUT,FALSE,TRUE,TRUE,612.3667524,163.6676076,144.5543794,-179.6969204,-0.036463293,179.7717424,-5.815516601,9.306153435,2.156720752,-0.514870815,0.886660078,-1.115423968,-10.67526055,58.65890693,44.78939209,-75.10047912,-42.19628356,63.02013244,38.73863754,1,1
253.3925719,14,1573821444,AUT,FALSE,TRUE,TRUE,610.4809612,189.3793118,143.09211,-179.7669423,-0.102654145,179.8087334,-1.17620801,7.380982316,2.34205715,-0.165600074,0.456608472,-1.067395237,-7.964205556,59.36885719,44.73855629,-73.81275444,-42.33347534,63.52828789,40.75870743,1,1
253.4931068,14,1573821444,AUT,FALSE,TRUE,TRUE,607.6010848,209.8628142,142.0576721,-179.7638327,-0.201549864,179.8195262,1.651806799,4.54616357,1.325256511,-0.642638101,0.234357328,-0.987305493,-5.8609417,59.90778808,44.74180755,-72.85881843,-42.39314208,63.94498901,42.33839721,1,1
253.593595,14,1573821444,AUT,FALSE,TRUE,TRUE,607.6010848,209.8628142,142.0576721,-179.7638327,-0.201549864,179.8195262,1.651806799,4.54616357,1.325256511,-0.642638101,0.234357328,-0.987305493,-3.858889394,60.09757347,44.73953476,-72.53711471,-42.49139282,64.25109214,44.27963333,1,1
253.69415,14,1573821444,AUT,FALSE,TRUE,TRUE,601.1250433,229.5656351,141.7103434,-179.9541251,-0.351666968,-179.9320336,6.62571401,-2.224314994,-2.409567072,-1.190314052,-0.200208763,-0.355163803,-3.858889394,60.09757347,44.73953476,-72.53711471,-42.49139282,64.25109214,44.27963333,1,1
253.794688,14,1573821444,AUT,FALSE,TRUE,TRUE,589.1566949,246.9030825,143.0956088,-179.8410166,-0.425384606,-179.8481226,6.446286158,1.574224811,-1.10127004,0.051833591,-0.027084291,-0.413717314,-2.257168581,59.57252311,44.77571754,-73.46178932,-42.40594116,64.1377819,46.36772232,1,1
253.895196,14,1573821444,AUT,FALSE,TRUE,TRUE,576.3285596,256.7204483,144.3109181,-179.8873572,-0.397983585,-179.7997678,3.980067933,1.107560345,-0.607299638,-0.247113624,0.298353695,-0.564519616,-1.567031481,58.64213218,44.83771476,-75.30151519,-42.30162048,63.42809258,48.2137207,1,1
253.9959679,14,1573821444,AUT,FALSE,TRUE,TRUE,576.3285596,256.7204483,144.3109181,-179.8873572,-0.397983585,-179.7997678,3.980067933,1.107560345,-0.607299638,-0.247113624,0.298353695,-0.564519616,-1.567031481,58.64213218,44.83771476,-75.30151519,-42.30162048,63.42809258,48.2137207,1,1
254.0966718,14,1573821444,AUT,FALSE,TRUE,TRUE,557.5031886,264.6183384,146.1206987,-179.8856665,-0.374575776,-179.7345322,2.837563498,2.0173645,-0.012654081,0.041514838,0.281580904,-0.585090289,-1.197499469,57.08192252,45.00570946,-78.41316604,-42.17829345,62.25735855,50.46936836,1,1
254.197356,14,1573821444,AUT,FALSE,TRUE,TRUE,557.5031886,264.6183384,146.1206987,-179.8856665,-0.374575776,-179.7345322,2.837563498,2.0173645,-0.012654081,0.041514838,0.281580904,-0.585090289,-1.197499469,57.08192252,45.00570946,-78.41316604,-42.17829345,62.25735855,50.46936836,1,1
254.2978749,14,1573821444,AUT,FALSE,TRUE,TRUE,538.1617494,267.9281701,147.3051668,-179.8823169,-0.322759359,-179.7094558,1.005037261,3.041356636,1.901943435,0.901278065,0.475737606,-0.633806757,-1.253498844,55.30956001,45.13439026,-81.98813438,-42.00357788,60.74993476,52.48814049,1,1
254.398375,14,1573821445,AUT,FALSE,TRUE,TRUE,538.1617494,267.9281701,147.3051668,-179.8823169,-0.322759359,-179.7094558,1.005037261,3.041356636,1.901943435,0.901278065,0.475737606,-0.633806757,-1.253498844,55.30956001,45.13439026,-81.98813438,-42.00357788,60.74993476,52.48814049,1,1
254.4988439,14,1573821445,AUT,FALSE,TRUE,TRUE,510.3279201,270.4959552,146.6632817,-179.8503816,-0.256555249,-179.7180548,-1.043638827,5.193362122,-0.005780933,0.699540213,0.501126999,-0.689083612,-1.336287694,52.90144271,45.19304008,-87.03985061,-41.79023986,58.35048294,55.19138832,1,1
254.599324,14,1573821445,AUT,FALSE,TRUE,TRUE,510.3279201,270.4959552,146.6632817,-179.8503816,-0.256555249,-179.7180548,-1.043638827,5.193362122,-0.005780933,0.699540213,0.501126999,-0.689083612,-1.336287694,52.90144271,45.19304008,-87.03985061,-41.79023986,58.35048294,55.19138832,1,1
254.699805,14,1573821445,AUT,FALSE,TRUE,TRUE,494.2631442,271.4742524,145.4785508,-179.8482947,-0.212094851,-179.7574819,-2.439234623,6.5195071,2.331082292,0.737111323,1.042887332,-0.815180232,-1.333070756,51.60886001,45.21108513,-89.88125839,-41.7366925,56.89416961,56.74782486,1,1
262.1976218,15,1573821452,AUT,FALSE,FALSE,TRUE,471.6677143,-399.4184434,168.223774,-179.973218,-0.120803013,179.8554289,-2.831320315,-0.19196544,9.231513261,-0.604652588,1.252408755,0.194119778,-66.9213089,54.88939133,45.13693084,-78.19312363,-40.31809387,63.57710494,-16.1167511,0.5,1
262.2982628,15,1573821452,AUT,FALSE,TRUE,TRUE,471.6677143,-399.4184434,168.223774,-179.973218,-0.120803013,179.8554289,-2.831320315,-0.19196544,9.231513261,-0.164505127,1.109814408,0.120660127,-66.9213089,54.88939133,45.13693084,-78.19312363,-40.31809387,63.57710494,-16.1167511,1,1
262.398798,15,1573821453,AUT,FALSE,TRUE,TRUE,472.4439491,-400.5731378,157.6810335,179.9926578,-0.032920083,179.9486069,-1.810218334,-1.152226557,6.381854812,-0.707228602,0.421352815,-0.188072719,-66.6303669,55.72585258,44.58421897,-78.17185134,-40.78258483,62.60553932,-15.92217293,1,1
262.4993229,15,1573821453,AUT,FALSE,TRUE,TRUE,474.7110418,-400.8629918,143.9754061,-179.9114532,0.150148281,179.9291103,-2.058786477,-1.102423446,2.32479218,-0.970416975,-0.237710175,-0.367134461,-66.29272957,57.05336838,44.18730698,-78.0305603,-41.58600402,61.45000076,-15.58560677,1,1
262.5998578,15,1573821453,AUT,FALSE,TRUE,TRUE,479.5362239,-401.150018,136.5837428,-179.9392444,0.268064231,179.9293063,-3.728321593,-0.005557558,0.739255226,-0.463119629,-0.054287236,-0.209057558,-65.86249809,58.19879608,44.23836593,-77.30438118,-42.31659484,61.19771003,-15.17516785,1,1
262.7004399,15,1573821453,AUT,FALSE,TRUE,TRUE,479.5362239,-401.150018,136.5837428,-179.9392444,0.268064231,179.9293063,-3.728321593,-0.005557558,0.739255226,-0.463119629,-0.054287236,-0.209057558,-65.86249809,58.19879608,44.23836593,-77.30438118,-42.31659484,61.19771003,-15.17516785,1,1
262.8009548,15,1573821453,AUT,FALSE,TRUE,TRUE,488.0489196,-402.8876723,134.9942624,-179.9754781,0.299187576,179.9634698,-4.070679587,-0.578942385,0.170374913,-0.337065147,-0.168683138,-0.01858069,-64.97724038,59.17027244,44.24656448,-75.60293541,-42.57472412,61.79130134,-15.13703499,1,1
262.901438,15,1573821453,AUT,FALSE,TRUE,TRUE,498.3566892,-404.2245412,137.4155425,-179.9902128,0.296014629,-179.9724253,-4.502939447,-0.305070141,0.090749883,-0.053055199,-0.042686961,0.073048007,-63.87103043,59.88717155,44.2935894,-73.56172371,-42.56753906,62.85678291,-15.22828674,1,1
263.001951,15,1573821453,AUT,FALSE,TRUE,TRUE,510.8626982,-403.7550147,140.4470879,-179.9678322,0.306171441,-179.9818058,-5.242143748,-0.084970867,1.582558512,0.070186401,0.219305915,0.047465798,-62.51882973,60.65403442,44.38871383,-71.28409309,-42.49345275,64.07869606,-15.24850159,1,1
263.1024289,15,1573821453,AUT,FALSE,TRUE,TRUE,510.8626982,-403.7550147,140.4470879,-179.9678322,0.306171441,-179.9818058,-5.242143748,-0.084970867,1.582558512,0.070186401,0.219305915,0.047465798,-62.51882973,60.65403442,44.38871383,-71.28409309,-42.49345275,64.07869606,-15.24850159,1,1
263.202915,15,1573821453,AUT,FALSE,TRUE,TRUE,525.1138446,-402.3501813,142.6043992,-179.9681291,0.322524846,-179.9778327,-5.33207694,-0.971135993,3.672134602,-0.133803176,0.23298591,-0.097358298,-60.82614213,61.60260086,44.38524284,-68.63841018,-42.42728759,65.33175887,-15.19505654,1,1
263.3034689,15,1573821453,AUT,FALSE,TRUE,TRUE,540.7660534,-400.1904434,143.5888766,-179.9721481,0.332953502,179.9986895,-4.871634114,-1.592642776,2.661435018,-0.405512167,0.0136382,-0.125491271,-58.96976166,62.76662292,44.36145744,-65.75289573,-42.42860595,66.62390556,-15.12103959,1,1
263.4039769,15,1573821454,AUT,FALSE,TRUE,TRUE,556.2224963,-398.4196572,143.8514258,-179.9724819,0.311200081,-179.9970061,-5.388100622,0.015973115,2.814029038,-0.01253314,0.328141079,-0.023764143,-57.04564705,64.06045532,44.31106796,-62.65853119,-42.49050842,67.94235077,-15.14587899,1,1
263.5045109,15,1573821454,AUT,FALSE,TRUE,TRUE,556.2224963,-398.4196572,143.8514258,-179.9724819,0.311200081,-179.9970061,-5.388100622,0.015973115,2.814029038,-0.01253314,0.328141079,-0.023764143,-57.04564705,64.06045532,44.31106796,-62.65853119,-42.49050842,67.94235077,-15.14587899,1,1
263.6050019,15,1573821454,AUT,FALSE,TRUE,TRUE,570.4891315,-396.9016565,143.4585993,-179.9977006,0.189296038,179.9597759,0.407864864,0.172864923,2.028331979,-0.357940339,-0.389990907,-0.012549644,-55.17411233,65.42273254,44.21188202,-59.45697441,-42.5288562,69.33577766,-15.29529305,1,1
263.7058599,15,1573821454,AUT,FALSE,TRUE,TRUE,581.9883819,-394.0567673,142.0583141,-179.9061745,0.097136209,179.8321485,3.718719289,5.047353001,0.536092137,0.271748865,-0.854635276,-0.318368556,-53.62826042,66.57735443,44.14841537,-56.97885017,-42.53682128,70.34824333,-15.44037094,1,1
263.80638,15,1573821454,AUT,FALSE,TRUE,TRUE,590.5279571,-387.9880705,140.3036,-179.8299671,-0.011647054,179.738565,5.761567007,6.045691025,0.778153767,0.169663397,-0.992159997,-0.679944972,-52.39527169,67.27972069,44.13232727,-55.64661713,-42.59620788,70.89239616,-15.13128434,1,1
263.9075239,15,1573821454,AUT,FALSE,TRUE,TRUE,590.5279571,-387.9880705,140.3036,-179.8299671,-0.011647054,179.738565,5.761567007,6.045691025,0.778153767,0.169663397,-0.992159997,-0.679944972,-52.39527169,67.27972069,44.13232727,-55.64661713,-42.59620788,70.89239616,-15.13128434,1,1
264.0080929,15,1573821454,AUT,FALSE,TRUE,TRUE,597.7304015,-375.8152902,138.5445682,-179.8109908,-0.10851933,179.6681471,1.770453195,3.400782343,-0.405732041,-0.562751875,0.065446258,-0.754140085,-51.25163269,67.44181366,44.13299331,-55.64949074,-42.63668151,70.87449531,-13.97549515,1,1
264.108619,15,1573821454,AUT,FALSE,TRUE,TRUE,597.7304015,-375.8152902,138.5445682,-179.8109908,-0.10851933,179.6681471,1.770453195,3.400782343,-0.405732041,-0.562751875,0.065446258,-0.754140085,-51.25163269,67.44181366,44.13299331,-55.64949074,-42.63668151,70.87449531,-13.97549515,1,1
264.209126,15,1573821454,AUT,FALSE,TRUE,TRUE,604.2393559,-360.4562472,140.7136612,-179.825105,-0.190359214,179.7317533,0.452989988,2.475127818,0.180721361,-0.580691094,0.554980167,-0.789515307,-50.1232338,67.01846924,44.16315422,-56.29798279,-42.62072937,70.80681266,-12.42453117,1,1
264.3096459,15,1573821454,AUT,FALSE,TRUE,TRUE,607.722649,-347.2853597,144.0119509,-179.8017555,-0.259520537,179.7193082,1.58033695,3.589029575,0.706901068,-0.348512102,0.476777642,-0.910925014,-49.38579713,66.34174919,44.20559921,-57.28170204,-42.44507446,70.70701218,-11.08307648,1,1
264.4102008,15,1573821455,AUT,FALSE,TRUE,TRUE,607.722649,-347.2853597,144.0119509,-179.8017555,-0.259520537,179.7193082,1.58033695,3.589029575,0.706901068,-0.348512102,0.476777642,-0.910925014,-49.38579713,66.34174919,44.20559921,-57.28170204,-42.44507446,70.70701218,-11.08307648,1,1
264.510792,15,1573821455,AUT,FALSE,TRUE,TRUE,608.9781665,-326.1660907,146.1708204,-179.7744188,-0.287951885,179.6855852,2.13752812,4.51115366,1.095128052,-0.04418469,0.300323427,-0.938438675,-48.82861176,65.38117676,44.34153786,-59.24071198,-42.34806518,70.09228248,-8.7901474,1,1
264.6113088,15,1573821455,AUT,FALSE,TRUE,TRUE,608.9781665,-326.1660907,146.1708204,-179.7744188,-0.287951885,179.6855852,2.13752812,4.51115366,1.095128052,-0.04418469,0.300323427,-0.938438675,-48.82861176,65.38117676,44.34153786,-59.24071198,-42.34806518,70.09228248,-8.7901474,1,1
264.7118199,15,1573821455,AUT,FALSE,TRUE,TRUE,608.1001461,-303.5777541,146.3708759,-179.7893658,-0.230940854,179.6523128,0.471353011,4.291983551,1.774695562,-0.153945782,0.381933139,-0.884916749,-48.20787392,63.81975174,44.60223656,-63.02755165,-42.33961669,68.60407448,-6.162451175,1,1
264.8123519,15,1573821455,AUT,FALSE,TRUE,TRUE,608.1001461,-303.5777541,146.3708759,-179.7893658,-0.230940854,179.6523128,0.471353011,4.291983551,1.774695562,-0.153945782,0.381933139,-0.884916749,-48.20787392,63.81975174,44.60223656,-63.02755165,-42.33961669,68.60407448,-6.162451175,1,1
264.912869,15,1573821455,AUT,FALSE,TRUE,TRUE,606.9852488,-266.7759695,148.875099,-179.8206262,-0.144152872,179.7066623,-2.014997683,2.909415473,0.641650234,-0.108050362,0.555297058,-0.724668267,-47.49895363,62.41501236,44.96383438,-67.48250084,-42.34424194,66.89010773,-1.9645649,1,1
265.0133889,15,1573821455,AUT,FALSE,TRUE,TRUE,606.9852488,-266.7759695,148.875099,-179.8206262,-0.144152872,179.7066623,-2.014997683,2.909415473,0.641650234,-0.108050362,0.555297058,-0.724668267,-45.84176903,60.41817169,45.31807479,-70.22212028,-42.33505187,66.03980026,1.101382825,1,1
265.1140208,15,1573821455,AUT,FALSE,TRUE,TRUE,606.9951995,-238.0735006,151.9732458,-179.8430318,-0.130132729,179.7416887,-3.891096507,3.952070161,1.871781283,0.055367386,0.958532399,-0.683318479,-45.84176903,60.41817169,45.31807479,-70.22212028,-42.33505187,66.03980026,1.101382825,1,1
265.2145369,15,1573821455,AUT,FALSE,TRUE,TRUE,607.5170704,-212.6832686,153.6205052,-179.8310066,-0.136720627,179.7463032,-3.492739956,3.342892068,1.938254193,0.012734164,0.947132646,-0.679469801,-44.41122551,59.34408646,45.53767089,-72.36059532,-42.26811218,65.30039291,3.915475844,1,1
265.31514,15,1573821455,AUT,FALSE,TRUE,TRUE,608.1762456,-189.894058,153.4433687,-179.8386012,-0.135861582,179.7778846,-2.066348497,1.01954665,2.110532643,-0.52218625,0.719122002,-0.717213643,-42.96782113,58.62951851,45.56737174,-73.95695343,-42.22511169,64.59909096,6.335808563,1,1
265.4158139,15,1573821456,AUT,FALSE,TRUE,TRUE,608.1762456,-189.894058,153.4433687,-179.8386012,-0.135861582,179.7778846,-2.066348497,1.01954665,2.110532643,-0.52218625,0.719122002,-0.717213643,-42.96782113,58.62951851,45.56737174,-73.95695343,-42.22511169,64.59909096,6.335808563,1,1
265.516516,15,1573821456,AUT,FALSE,TRUE,TRUE,608.7449234,-168.8602657,151.845745,-179.817118,-0.159035929,179.7356601,-2.606851052,4.059590371,2.115016056,0.078535551,0.945115097,-0.729278954,-41.55785294,58.19571304,45.56748504,-75.22249603,-42.223656,63.9528511,8.49197845,1,1
265.6172459,15,1573821456,AUT,FALSE,TRUE,TRUE,609.5228797,-148.5060317,149.5919158,-179.8088487,-0.149536224,179.7383839,-3.337873501,4.965791533,1.363047344,-0.04469984,1.085029397,-0.745976138,-40.07075729,57.91703109,45.55774498,-76.29691086,-42.33600769,63.31956482,10.64775009,1,1
265.717936,15,1573821456,AUT,FALSE,TRUE,TRUE,611.3314453,-128.2531004,147.8991837,-179.8702498,-0.079522127,179.7301134,-4.44236094,1.674736397,1.341159306,-0.900870057,1.169245622,-0.689451818,-38.46622811,57.75210914,45.54993095,-77.01985244,-42.42971008,62.80999145,12.79055443,1,1
265.8184788,15,1573821456,AUT,FALSE,TRUE,TRUE,611.3314453,-128.2531004,147.8991837,-179.8702498,-0.079522127,179.7301134,-4.44236094,1.674736397,1.341159306,-0.900870057,1.169245622,-0.689451818,-38.46622811,57.75210914,45.54993095,-77.01985244,-42.42971008,62.80999145,12.79055443,1,1
265.918998,15,1573821456,AUT,FALSE,TRUE,TRUE,616.0040905,-109.2178619,148.0466569,-179.8673862,0.068155081,179.7880317,-5.350974225,4.190084702,0.750714985,-0.174230537,0.650172617,-0.550581838,-36.66629677,57.75114098,45.51083679,-76.97115554,-42.4951831,62.69538002,14.5642353,1,1
266.0195229,15,1573821456,AUT,FALSE,TRUE,TRUE,624.2295746,-92.79382764,149.9759144,-179.8607504,0.201025826,179.9161639,-6.426697304,3.36358815,0.565444117,0.027088646,0.562465824,-0.451277921,-34.61414681,58.01393051,45.39961738,-75.8660717,-42.47973083,63.15760918,15.89182319,1,1
266.1200418,15,1573821456,AUT,FALSE,TRUE,TRUE,624.2295746,-92.79382764,149.9759144,-179.8607504,0.201025826,179.9161639,-6.426697304,3.36358815,0.565444117,0.027088646,0.562465824,-0.451277921,-34.61414681,58.01393051,45.39961738,-75.8660717,-42.47973083,63.15760918,15.89182319,1,1
266.220567,15,1573821456,AUT,FALSE,TRUE,TRUE,636.7799604,-81.88470858,152.7406755,-179.9527742,0.284203971,179.9572417,-7.706754555,3.098966416,2.707647044,-0.209743341,0.440902158,-0.326335113,-32.62699471,58.83161888,45.30367928,-73.35709991,-42.38034301,64.34401588,16.34664001,1,1
266.321188,15,1573821456,AUT,FALSE,TRUE,TRUE,636.7799604,-81.88470858,152.7406755,-179.9527742,0.284203971,179.9572417,-7.706754555,3.098966416,2.707647044,-0.209743341,0.440902158,-0.326335113,-32.62699471,58.83161888,45.30367928,-73.35709991,-42.38034301,64.34401588,16.34664001,1,1
266.4217339,15,1573821457,AUT,FALSE,TRUE,TRUE,656.6405387,-75.89201279,154.0834301,-179.9432528,0.307957021,179.9773406,-6.716851804,2.768424544,4.185690816,-0.089370595,0.40632067,-0.165409701,-30.29470711,60.68517036,45.08281288,-68.68557929,-42.37406433,66.34644584,15.69219131,1,1
266.5222628,15,1573821457,AUT,FALSE,TRUE,TRUE,672.2840828,-73.90150948,152.9762598,-179.9598191,0.31423468,179.9403005,-5.09166116,1.429151758,1.908240131,-0.676627787,0.099566973,-0.288626331,-28.57186547,62.50230217,44.84716988,-64.75821762,-42.41134643,67.84259148,14.828302,1,1
266.6227798,15,1573821457,AUT,FALSE,TRUE,TRUE,672.2840828,-73.90150948,152.9762598,-179.9598191,0.31423468,179.9403005,-5.09166116,1.429151758,1.908240131,-0.676627787,0.099566973,-0.288626331,-28.57186547,62.50230217,44.84716988,-64.75821762,-42.41134643,67.84259148,14.828302,1,1
266.7233009,15,1573821457,AUT,FALSE,TRUE,TRUE,692.1070076,-67.98416672,149.1561622,-179.9071609,0.199371937,179.8407076,-2.571169967,4.006477069,3.161612689,-0.502273682,-0.040360905,-0.41857781,-26.56700478,65.09009399,44.65574684,-59.34253463,-42.59908081,69.86023063,13.81402016,1,1
266.8238618,15,1573821457,AUT,FALSE,TRUE,TRUE,692.1070076,-67.98416672,149.1561622,-179.9071609,0.199371937,179.8407076,-2.571169967,4.006477069,3.161612689,-0.502273682,-0.040360905,-0.41857781,-26.56700478,65.09009399,44.65574684,-59.34253463,-42.59908081,69.86023063,13.81402016,1,1
266.9244668,15,1573821457,AUT,FALSE,TRUE,TRUE,705.1983099,-51.2295813,143.8194045,-179.7993752,0.054825686,179.71461,-1.434646664,11.06133325,2.252137848,0.753520818,0.100044763,-0.815516824,-23.83129578,66.98958549,44.61442451,-55.72983169,-42.82669555,71.13290748,13.73850631,1,1
267.024996,15,1573821457,AUT,FALSE,TRUE,TRUE,705.1983099,-51.2295813,143.8194045,-179.7993752,0.054825686,179.71461,-1.434646664,11.06133325,2.252137848,0.753520818,0.100044763,-0.815516824,-23.83129578,66.98958549,44.61442451,-55.72983169,-42.82669555,71.13290748,13.73850631,1,1
267.1259129,15,1573821457,AUT,FALSE,TRUE,TRUE,716.7885474,-17.92404194,139.0672373,-179.8003825,-0.001038528,179.6542033,-1.362157729,9.886323278,1.372493088,0.390205941,0.008114028,-0.886926519,-20.43276787,68.77135162,44.59009323,-52.57488098,-43.10592407,72.01231842,15.83504104,1,1
267.226692,15,1573821457,AUT,FALSE,TRUE,TRUE,716.7885474,-17.92404194,139.0672373,-179.8003825,-0.001038528,179.6542033,-1.362157729,9.886323278,1.372493088,0.390205941,0.008114028,-0.886926519,-20.43276787,68.77135162,44.59009323,-52.57488098,-43.10592407,72.01231842,15.83504104,1,1
267.327307,15,1573821457,AUT,FALSE,TRUE,TRUE,720.0746756,11.39981054,138.9255579,-179.816017,-0.018837557,179.7063576,0.815092852,4.476244597,-0.151607165,-0.466473048,-0.552791072,-0.785861126,-17.08602677,69.22675552,44.56257934,-51.5302185,-43.16474487,72.41330566,17.90578537,1,1
267.427798,15,1573821458,AUT,FALSE,TRUE,TRUE,720.713224,36.55484142,141.8613685,-179.8350542,-0.056443201,179.8194285,4.264992137,3.442607852,-0.566961887,-0.169888689,-0.960742305,-0.558072989,-14.84563294,69.22676239,44.57008438,-50.96128807,-43.14582092,72.8987915,19.78303299,1,1
267.52841,15,1573821458,AUT,FALSE,TRUE,TRUE,720.713224,36.55484142,141.8613685,-179.8350542,-0.056443201,179.8194285,4.264992137,3.442607852,-0.566961887,-0.169888689,-0.960742305,-0.558072989,-12.49545479,68.74669761,44.56514396,-50.93407631,-42.90933471,73.57677841,22.11554031,1,1
267.628901,15,1573821458,AUT,FALSE,TRUE,TRUE,717.5991378,64.93583116,147.8728054,-179.9460196,-0.287530415,179.9763592,5.070417567,-0.481545339,-0.698827524,-0.680649173,-0.386188213,-0.406209282,-12.49545479,68.74669761,44.56514396,-50.93407631,-42.90933471,73.57677841,22.11554031,1,1
267.7293689,15,1573821458,AUT,FALSE,TRUE,TRUE,712.6464513,81.17575143,153.8997847,-179.9596698,-0.410038544,-179.9234187,6.070630125,1.073512475,-1.581411445,-0.030841028,-0.134052672,-0.220031461,-11.40551491,67.92362938,44.57206878,-51.73595466,-42.62354187,73.81726913,23.67335701,1,1
267.829875,15,1573821458,AUT,FALSE,TRUE,TRUE,712.6464513,81.17575143,153.8997847,-179.9596698,-0.410038544,-179.9234187,6.070630125,1.073512475,-1.581411445,-0.030841028,-0.134052672,-0.220031461,-11.40551491,67.92362938,44.57206878,-51.73595466,-42.62354187,73.81726913,23.67335701,1,1
267.9303448,15,1573821458,AUT,FALSE,TRUE,TRUE,704.0932532,90.66828081,160.1659551,-179.9626114,-0.544533093,-179.8494706,7.964348353,0.060724784,-2.722166353,0.066092082,-0.019497338,-0.150812813,-11.18835297,66.60501594,44.59163475,-53.70269279,-42.23293395,73.60800018,25.05411529,1,1
268.030848,15,1573821458,AUT,FALSE,TRUE,TRUE,691.5019918,95.68410802,165.4956504,-179.9173319,-0.611472466,-179.815078,6.272989461,2.723315393,-1.267276586,0.595701896,0.328168223,-0.2160704,-11.75477028,64.68980026,44.60981369,-57.12684974,-41.7376538,72.66569252,26.45556908,1,1
268.131397,15,1573821458,AUT,FALSE,TRUE,TRUE,691.5019918,95.68410802,165.4956504,-179.9173319,-0.611472466,-179.815078,6.272989461,2.723315393,-1.267276586,0.595701896,0.328168223,-0.2160704,-11.75477028,64.68980026,44.60981369,-57.12684974,-41.7376538,72.66569252,26.45556908,1,1
268.231904,15,1573821458,AUT,FALSE,TRUE,TRUE,674.5288067,100.35624,168.669016,-179.877942,-0.546302423,-179.8413632,3.557482534,3.329471955,-0.970342225,0.634223011,0.273147319,-0.433124401,-12.70476151,62.39710464,44.67812461,-61.78022232,-41.27047119,70.91000862,28.25339928,1,1
268.332408,15,1573821458,AUT,FALSE,TRUE,TRUE,674.5288067,100.35624,168.669016,-179.877942,-0.546302423,-179.8413632,3.557482534,3.329471955,-0.970342225,0.634223011,0.273147319,-0.433124401,-12.70476151,62.39710464,44.67812461,-61.78022232,-41.27047119,70.91000862,28.25339928,1,1
268.4328949,15,1573821459,AUT,FALSE,TRUE,TRUE,649.6445292,107.3651133,169.0142565,-179.8675596,-0.420275377,-179.913519,-0.348824678,4.870218015,0.118841422,0.633461802,0.78878562,-0.675950653,-13.97771645,59.6120121,44.91602669,-68.05210075,-40.94756103,68.23517761,30.89095573,1,1
268.5333929,15,1573821459,AUT,FALSE,TRUE,TRUE,629.9262073,117.0513646,166.174923,-179.7801863,-0.254441366,179.9095463,-7.432501577,9.768505591,2.638884047,0.950429685,1.526208334,-1.085008882,-14.52774353,57.77974662,45.16439323,-72.71615066,-40.92539611,65.89709473,33.22798118,1,1
268.633914,15,1573821459,AUT,FALSE,TRUE,TRUE,629.9262073,117.0513646,166.174923,-179.7801863,-0.254441366,179.9095463,-7.432501577,9.768505591,2.638884047,0.950429685,1.526208334,-1.085008882,-14.52774353,57.77974662,45.16439323,-72.71615066,-40.92539611,65.89709473,33.22798118,1,1
268.7344868,15,1573821459,AUT,FALSE,TRUE,TRUE,616.0617994,133.0049058,162.3577387,-179.7338421,-0.132120144,179.7654804,-9.261799004,10.93715868,2.81643423,0.820020046,1.700689766,-1.242390976,-13.94176369,56.91558266,45.42980232,-75.55204124,-41.18361877,64.29061203,35.68146858,1,1
268.8350039,15,1573821459,AUT,FALSE,TRUE,TRUE,616.0617994,133.0049058,162.3577387,-179.7338421,-0.132120144,179.7654804,-9.261799004,10.93715868,2.81643423,0.820020046,1.700689766,-1.242390976,-13.94176369,56.91558266,45.42980232,-75.55204124,-41.18361877,64.29061203,35.68146858,1,1
268.9356599,15,1573821459,AUT,FALSE,TRUE,TRUE,608.2808737,160.0277316,158.3590335,-179.7438292,-0.045025227,179.7170014,-6.942502203,8.088690723,2.300165973,-0.1588028,1.176834867,-1.21780303,-12.14946785,56.99355812,45.51670761,-76.07008094,-41.5778302,63.73611145,38.57223243,1,1
269.036459,15,1573821459,AUT,FALSE,TRUE,TRUE,608.2808737,160.0277316,158.3590335,-179.7438292,-0.045025227,179.7170014,-6.942502203,8.088690723,2.300165973,-0.1588028,1.176834867,-1.21780303,-12.14946785,56.99355812,45.51670761,-76.07008094,-41.5778302,63.73611145,38.57223243,1,1
269.1371999,15,1573821459,AUT,FALSE,TRUE,TRUE,606.9456134,190.4133982,155.0584568,-179.7398279,-0.017997432,179.7333273,-4.754271402,7.982552544,3.614557459,0.005148752,1.008086392,-1.028843864,-8.988996506,57.90940589,45.44890136,-74.88986434,-41.86731994,64.14988059,40.97135468,1,1
269.2377899,15,1573821459,AUT,FALSE,TRUE,TRUE,606.9456134,190.4133982,155.0584568,-179.7398279,-0.017997432,179.7333273,-4.754271402,7.982552544,3.614557459,0.005148752,1.008086392,-1.028843864,-5.715795138,59.26283226,45.33461609,-72.57302284,-42.22380981,64.88091087,42.57118378,1,1
269.3384299,15,1573821459,AUT,FALSE,TRUE,TRUE,607.5219495,213.7366179,152.2058372,-179.822506,-0.132948666,179.8254127,2.463391437,6.79342607,0.621312694,0.015021777,0.106127901,-0.793908921,-5.715795138,59.26283226,45.33461609,-72.57302284,-42.22380981,64.88091087,42.57118378,1,1
269.4389119,15,1573821460,AUT,FALSE,TRUE,TRUE,607.5219495,213.7366179,152.2058372,-179.822506,-0.132948666,179.8254127,2.463391437,6.79342607,0.621312694,0.015021777,0.106127901,-0.793908921,-2.976155094,60.09949608,45.26998558,-71.26053772,-42.35660705,65.55198669,44.55988769,1,1
269.539382,15,1573821460,AUT,FALSE,TRUE,TRUE,602.2099549,239.5462258,149.697123,-179.8307246,-0.450851694,179.9954556,10.1168435,-0.45111373,-3.816183572,-0.964179599,-0.515515537,-0.503850147,-2.976155094,60.09949608,45.26998558,-71.26053772,-42.35660705,65.55198669,44.55988769,1,1
269.6398568,15,1573821460,AUT,FALSE,TRUE,TRUE,602.2099549,239.5462258,149.697123,-179.8307246,-0.450851694,179.9954556,10.1168435,-0.45111373,-3.816183572,-0.964179599,-0.515515537,-0.503850147,-1.187072756,59.29185333,45.44613075,-73.23267974,-42.35610717,64.94551734,47.68634262,1,1
269.74034,15,1573821460,AUT,FALSE,TRUE,TRUE,583.2029474,261.2647303,149.7731659,-179.8647943,-0.496471379,-179.8942817,5.803199243,2.899971988,-1.12306761,0.149235508,0.237435117,-0.449126153,-1.187072756,59.29185333,45.44613075,-73.23267974,-42.35610717,64.94551734,47.68634262,1,1
269.840816,15,1573821460,AUT,FALSE,TRUE,TRUE,557.9524156,276.1025592,150.5363475,-179.8558457,-0.372575056,-179.8219286,5.803199243,2.899971988,-1.12306761,0.149235508,0.237435117,-0.449126153,-0.189119344,57.40144271,45.49803772,-77.20544243,-42.24995727,63.20201454,51.01636391,1,1
269.9412849,15,1573821460,AUT,FALSE,TRUE,TRUE,557.9524156,276.1025592,150.5363475,-179.8558457,-0.372575056,-179.8219286,0.364688468,3.617800533,0.600768848,0.187600615,0.878896946,-0.671614319,-0.189119344,57.40144271,45.49803772,-77.20544243,-42.24995727,63.20201454,51.01636391,1,1
270.0417619,15,1573821460,AUT,FALSE,TRUE,TRUE,557.9524156,276.1025592,150.5363475,-179.8558457,-0.372575056,-179.8219286,0.364688468,3.617800533,0.600768848,0.187600615,0.878896946,-0.671614319,-0.189119344,57.40144271,45.49803772,-77.20544243,-42.24995727,63.20201454,51.01636391,1,1
270.1422548,15,1573821460,AUT,FALSE,TRUE,TRUE,535.0090846,280.5729432,152.58666,-179.8457862,-0.254983414,-179.7586034,-0.558923295,5.127299196,0.011050974,0.609456124,0.571452382,-0.747120358,-0.046788025,55.51781616,45.50124435,-81.3091999,-41.90950195,61.44545517,53.41564407,1,1
270.2427559,15,1573821460,AUT,FALSE,TRUE,TRUE,522.8881809,282.1298652,153.9979814,-179.8537798,-0.245999632,-179.7750217,-0.558923295,5.127299196,0.011050974,0.609456124,0.571452382,-0.747120358,-0.092089463,54.03725395,45.56319008,-83.47766761,-41.63955688,60.56610603,54.56288109,1,1
270.3432429,15,1573821460,AUT,FALSE,TRUE,TRUE,522.8881809,282.1298652,153.9979814,-179.8537798,-0.245999632,-179.7750217,0.173059216,5.799189981,1.285335485,0.838863312,0.590550953,-0.667206366,-0.092089463,54.03725395,45.56319008,-83.47766761,-41.63955688,60.56610603,54.56288109,1,1
270.443769,15,1573821461,AUT,FALSE,TRUE,TRUE,522.8881809,282.1298652,153.9979814,-179.8537798,-0.245999632,-179.7750217,0.173059216,5.799189981,1.285335485,0.838863312,0.590550953,-0.667206366,-0.116259388,52.74718094,45.62730217,-85.89041977,-41.42447753,59.53858223,55.83432541,1,1
270.5442538,15,1573821461,AUT,FALSE,TRUE,TRUE,509.740981,283.1150872,155.1553356,-179.8847564,-0.182924086,-179.7408457,-1.533284024,5.360722531,1.636741885,0.830747289,0.742990499,-0.605743563,-0.116259388,52.74718094,45.62730217,-85.89041977,-41.42447753,59.53858223,55.83432541,1,1
270.6447389,15,1573821461,AUT,FALSE,TRUE,TRUE,509.740981,283.1150872,155.1553356,-179.8847564,-0.182924086,-179.7408457,-1.533284024,5.360722531,1.636741885,0.830747289,0.742990499,-0.605743563,-0.282571794,51.88509063,45.62676315,-87.54164772,-41.29064758,58.75288124,56.53425064,1,1
270.7452269,15,1573821461,AUT,FALSE,TRUE,TRUE,501.207753,282.0770788,155.0392188,-179.8787474,-0.170107657,-179.7318685,-0.840555226,5.312260221,0.811720711,0.884477612,0.661955431,-0.569173048,-0.282571794,51.88509063,45.62676315,-87.54164772,-41.29064758,58.75288124,56.53425064,1,1
270.8461258,15,1573821461,AUT,FALSE,TRUE,TRUE,495.6566817,279.8913507,154.0322705,-179.8820566,-0.177759702,-179.7227342,-0.655580458,5.008728054,0.974888783,0.818300082,0.777857544,-0.538647441,-0.538941194,51.36198006,45.61768569,-88.78216209,-41.27501953,58.12275696,56.94410591,1,1