Time/Second,Task_No,Time Stamp,OperationMode,isCollision,isCompliance,isReadyToMove,ToolPosition_x,ToolPosition_y,ToolPosition_z,ToolPosition_A,ToolPosition_b,ToolPosition_c,ToolForce_x,ToolForce_y,ToolForce_z,ToolTorque_x,ToolTorque_y,ToolTorque_z,JointPosition,JointPosition,JointPosition,JointPosition,JointPosition,JointPosition,JointPosition,Tool_Velocity,Tool_Acceleration
0,1,1573819846,AUT,FALSE,FALSE,TRUE,471.9021587,-399.9778674,169.8912077,-179.9944704,-0.020172905,179.993637,-0.576785888,-0.412623335,4.16902513,-0.060005546,0.7548756,-0.041492587,-63.17771073,52.08769226,37.93765869,-78.18410454,-33.64431701,61.12408104,-19.76190834,0.5,1
0.100282907,1,1573819846,AUT,FALSE,FALSE,TRUE,471.9021587,-399.9778674,169.8912077,-179.9944704,-0.020172905,179.993637,-0.576785888,-0.412623335,4.16902513,-0.060005546,0.7548756,-0.041492587,-63.17771073,52.08769226,37.93765869,-78.18410454,-33.64431701,61.12408104,-19.76190834,0.5,1
0.201004982,1,1573819846,AUT,FALSE,TRUE,TRUE,470.1474991,-398.9761507,166.6598789,-179.9332371,-0.27785968,179.854199,-1.827236796,-2.141207736,8.40161051,-0.75123913,1.343432172,-0.214902139,-63.16870537,52.19287948,37.81269264,-78.40525932,-33.66156555,61.08454399,-19.76418114,1,1
0.301521063,1,1573819846,AUT,FALSE,TRUE,TRUE,470.6145887,-399.6821029,156.8568996,-179.8831907,-0.113144177,179.9192301,-0.838508735,-1.839236893,2.964913559,-0.877452779,0.394387844,-0.529008272,-63.05668603,52.99731903,37.49293899,-78.55974769,-34.15003967,60.00924683,-19.57352028,1,1
0.401983023,1,1573819846,AUT,FALSE,TRUE,TRUE,470.6145887,-399.6821029,156.8568996,-179.8831907,-0.113144177,179.9192301,-0.838508735,-1.839236893,2.964913559,-0.877452779,0.394387844,-0.529008272,-63.05668603,52.99731903,37.49293899,-78.55974769,-34.15003967,60.00924683,-19.57352028,1,1
0.502447844,1,1573819846,AUT,FALSE,TRUE,TRUE,470.6340848,-400.6339581,148.4011772,-179.837945,-0.163279079,179.9134773,3.28905678,0.081131343,1.03063815,-0.60743533,-0.016176824,-0.776091315,-63.02250824,53.89032554,37.42375602,-78.48233184,-34.78999877,59.45272408,-19.35688363,1,1
0.602885962,1,1573819847,AUT,FALSE,TRUE,TRUE,470.6340848,-400.6339581,148.4011772,-179.837945,-0.163279079,179.9134773,3.28905678,0.081131343,1.03063815,-0.60743533,-0.016176824,-0.776091315,-63.02250824,53.89032554,37.42375602,-78.48233184,-34.78999877,59.45272408,-19.35688363,1,1
0.703361034,1,1573819847,AUT,FALSE,TRUE,TRUE,470.106137,-402.072642,144.3770155,-179.8498487,-0.051397704,179.9057648,0.36535391,1.410389572,-1.074910539,-0.076021677,0.166081957,-0.595505135,-63.17241326,54.31872368,37.39735107,-78.48660278,-35.07952148,59.02588806,-19.35896759,1,1
0.803910017,1,1573819847,AUT,FALSE,TRUE,TRUE,470.106137,-402.072642,144.3770155,-179.8498487,-0.051397704,179.9057648,0.36535391,1.410389572,-1.074910539,-0.076021677,0.166081957,-0.595505135,-63.13909378,54.17328873,37.49976081,-78.47692108,-35.05372009,59.19488182,-19.28157234,1,1
0.904400826,1,1573819847,AUT,FALSE,TRUE,TRUE,470.74554,-401.3510474,146.4197039,-179.8503026,-0.050757843,179.9328673,0.201522296,0.508592617,-0.342302678,-0.092743603,0.1086261,-0.625865074,-63.13909378,54.17328873,37.49976081,-78.47692108,-35.05372009,59.19488182,-19.28157234,1,1
1.004868984,1,1573819847,AUT,FALSE,TRUE,TRUE,470.74554,-401.3510474,146.4197039,-179.8503026,-0.050757843,179.9328673,0.201522296,0.508592617,-0.342302678,-0.092743603,0.1086261,-0.625865074,-63.13909378,54.17328873,37.49976081,-78.47692108,-35.05372009,59.19488182,-19.28157234,1,1
1.105360985,1,1573819847,AUT,FALSE,TRUE,TRUE,475.2758806,-398.5958101,151.5201905,-179.9126491,0.140376999,179.9857666,-4.703182884,-0.445151412,1.870617429,0.062007812,0.335395683,-0.349049348,-62.90809937,53.89823227,37.70093078,-78.29925156,-34.88759033,59.58575478,-18.94370499,1,1
1.205847979,1,1573819847,AUT,FALSE,TRUE,TRUE,484.5940143,-395.3105845,154.5722518,-179.9617005,0.287560355,-179.9469179,-8.816752209,-1.930071753,3.336065522,0.212875274,0.889198161,-0.017674734,-61.91739006,54.11370506,37.92812805,-77.20838814,-34.88585998,60.17532578,-18.37071304,1,1
1.306304932,1,1573819847,AUT,FALSE,TRUE,TRUE,484.5940143,-395.3105845,154.5722518,-179.9617005,0.287560355,-179.9469179,-8.816752209,-1.930071753,3.336065522,0.212875274,0.889198161,-0.017674734,-61.91739006,54.11370506,37.92812805,-77.20838814,-34.88585998,60.17532578,-18.37071304,1,1
1.406829834,1,1573819847,AUT,FALSE,TRUE,TRUE,505.7842487,-394.0313385,157.50941,-179.9948917,0.417364287,-179.8836726,-8.980092482,-5.007037803,1.286093135,-0.383862813,0.607525157,0.064313798,-59.76882477,55.50909576,37.93252944,-73.77075233,-34.93050842,61.86099586,-17.89468918,1,1
1.507310867,1,1573819847,AUT,FALSE,TRUE,TRUE,525.4796766,-395.4675451,159.6777695,-179.9901823,0.413058269,-179.9047134,-5.974042865,-3.820805473,2.414220465,-0.610426713,0.218758846,0.004367589,-57.67541771,57.30592346,37.92348633,-69.58994636,-35.01309265,63.86787872,-17.91107254,1,1
1.607781887,1,1573819848,AUT,FALSE,TRUE,TRUE,525.4796766,-395.4675451,159.6777695,-179.9901823,0.413058269,-179.9047134,-5.974042865,-3.820805473,2.414220465,-0.610426713,0.218758846,0.004367589,-57.67541771,57.30592346,37.92348633,-69.58994636,-35.01309265,63.86787872,-17.91107254,1,1
1.708304882,1,1573819848,AUT,FALSE,TRUE,TRUE,545.8774343,-397.0127028,160.1716353,-179.9648417,0.407080727,-179.9579037,-4.78976686,-0.761520995,1.359368876,-0.246086509,0.070032931,0.051795877,-55.47920609,59.36547203,37.82548484,-65.08106804,-35.11233764,65.91440506,-18.09934388,1,1
1.809069872,1,1573819848,AUT,FALSE,TRUE,TRUE,566.1714346,-397.4971419,159.9773147,-179.9707973,0.348526518,-179.993887,-1.13202118,-1.021594717,1.820835329,-0.435696177,-0.442727935,-0.011034709,-53.15445786,61.55053939,37.71385689,-60.35686454,-35.26220214,67.99737167,-18.27983208,1,1
1.909625053,1,1573819848,AUT,FALSE,TRUE,TRUE,584.1024128,-397.7870244,159.605721,-179.9678545,0.204564061,179.9892422,4.95443657,-0.22206989,-0.624312796,-0.479076685,-1.150277284,-0.102635097,-50.96079369,63.62141075,37.54983444,-55.81390457,-35.38377685,70.03894386,-18.59948273,1,1
2.010334969,1,1573819848,AUT,FALSE,TRUE,TRUE,584.1024128,-397.7870244,159.605721,-179.9678545,0.204564061,179.9892422,4.95443657,-0.22206989,-0.624312796,-0.479076685,-1.150277284,-0.102635097,-50.96079369,63.62141075,37.54983444,-55.81390457,-35.38377685,70.03894386,-18.59948273,1,1
2.110960007,1,1573819848,AUT,FALSE,TRUE,TRUE,599.0676552,-401.1227856,158.6971923,-179.9434839,-0.001365497,-179.9671102,7.184231126,2.15644431,-1.864299154,0.279926563,-0.993366033,-0.260992315,-48.96302605,65.73124923,37.19210586,-51.09799576,-35.42428344,72.10640259,-19.37387123,1,1
2.211426973,1,1573819848,AUT,FALSE,TRUE,TRUE,604.9777894,-404.4741513,157.8251882,-179.8935387,-0.104892116,179.9461915,8.747738514,3.455293409,0.757746304,0.238918067,-1.211725572,-0.482976748,-48.1565712,66.89072914,37.07715454,-48.60654029,-35.41751586,73.19343109,-20.05352669,1,1
2.311897039,1,1573819848,AUT,FALSE,TRUE,TRUE,606.8991157,-406.0770494,156.876813,-179.8450254,-0.179911327,179.8439447,8.925330982,6.511643588,-0.446459841,0.660823613,-1.308305026,-0.624588855,-47.87767639,67.44874534,37.06954994,-47.52917632,-35.41841674,73.68003272,-20.41832428,1,1
2.412358046,1,1573819848,AUT,FALSE,TRUE,TRUE,606.8991157,-406.0770494,156.876813,-179.8450254,-0.179911327,179.8439447,8.925330982,6.511643588,-0.446459841,0.660823613,-1.308305026,-0.624588855,-47.87767639,67.44874534,37.06954994,-47.52917632,-35.41841674,73.68003272,-20.41832428,1,1
2.512825012,1,1573819848,AUT,FALSE,TRUE,TRUE,606.9788585,-404.3877647,155.7637616,-179.8068224,-0.231426295,179.7729971,2.966501832,3.392088722,-0.375543958,-0.243140567,0.138433059,-0.882448634,-47.83171577,67.47174453,37.08426132,-47.71083183,-35.41773559,73.60870399,-20.29750214,1,1
2.613385916,1,1573819849,AUT,FALSE,TRUE,TRUE,607.3942654,-400.1749436,155.9596894,-179.7563647,-0.241221592,179.7080361,0.244636951,3.729494575,-1.153616273,-0.230595174,0.678759063,-1.056308013,-47.75358925,67.20091781,37.12315292,-48.32970199,-35.36333679,73.38524208,-19.91560707,1,1
2.713875055,1,1573819849,AUT,FALSE,TRUE,TRUE,608.1214136,-392.1671637,156.5326615,-179.737677,-0.312209772,179.6611531,2.784313035,5.057554998,0.422705349,-0.136891527,0.454267707,-1.225622668,-47.54680939,66.65308799,37.16241531,-49.47352981,-35.30206054,73.02603378,-19.08609467,1,1
2.814347982,1,1573819849,AUT,FALSE,TRUE,TRUE,608.1214136,-392.1671637,156.5326615,-179.737677,-0.312209772,179.6611531,2.784313035,5.057554998,0.422705349,-0.136891527,0.454267707,-1.225622668,-47.54680939,66.65308799,37.16241531,-49.47352981,-35.30206054,73.02603378,-19.08609467,1,1
2.914834976,1,1573819849,AUT,FALSE,TRUE,TRUE,609.3451877,-373.4714015,155.23804,-179.7298164,-0.339094036,179.5376048,2.586683059,7.380917686,-0.585598104,0.284509676,0.422574459,-1.1377842,-47.2641655,65.82526131,37.27717438,-52.30622063,-35.26733825,71.80644493,-17.06241646,1,1
3.015315056,1,1573819849,AUT,FALSE,TRUE,TRUE,610.0996789,-351.107044,153.645836,-179.7914407,-0.353379775,179.5080557,3.558836625,6.271867322,-0.598749108,-0.089323317,0.255289183,-0.853527826,-46.60715218,64.22689819,37.48212776,-55.65902138,-35.28645446,70.29685478,-14.52177658,1,1
3.11578393,1,1573819849,AUT,FALSE,TRUE,TRUE,609.8028779,-324.9590797,152.7379803,-179.8187018,-0.325816988,179.5109661,0.691714902,5.517457953,0.068155545,-0.089323317,0.255289183,-0.853527826,-45.91426506,62.58826332,37.65899048,-59.57030525,-35.30924011,68.53364524,-11.60516396,1,1
3.216333866,1,1573819849,AUT,FALSE,TRUE,TRUE,609.8028779,-324.9590797,152.7379803,-179.8187018,-0.325816988,179.5109661,0.691714902,5.517457953,0.068155545,0.031742528,0.612686909,-0.544865483,-45.91426506,62.58826332,37.65899048,-59.57030525,-35.30924011,68.53364524,-11.60516396,1,1
3.316815853,1,1573819849,AUT,FALSE,TRUE,TRUE,608.677222,-295.5759904,153.9864669,-179.8813264,-0.269898327,179.5378893,1.010368586,3.718341197,-1.637133097,-0.345913708,0.420295339,-0.311259159,-45.03976708,60.71404037,37.94239654,-63.59789314,-35.31255798,66.84587402,-8.344394306,1,1
3.417320967,1,1573819849,AUT,FALSE,TRUE,TRUE,608.677222,-295.5759904,153.9864669,-179.8813264,-0.269898327,179.5378893,1.010368586,3.718341197,-1.637133097,-0.345913708,0.420295339,-0.311259159,-43.70987893,58.38280334,38.38739776,-68.2269001,-35.29359008,65.13788109,-4.321774294,1,1
3.51779604,1,1573819849,AUT,FALSE,TRUE,TRUE,606.3097159,-258.499538,157.4291507,-179.9161869,-0.263898425,179.5593148,-2.789792819,4.825780494,1.196415833,-0.119798401,1.002870538,-0.166100324,-43.70987893,58.38280334,38.38739776,-68.2269001,-35.29359008,65.13788109,-4.321774294,1,1
3.618309975,1,1573819850,AUT,FALSE,TRUE,TRUE,602.3684304,-212.1399542,160.6602169,-179.9048688,-0.21967454,179.5840645,-3.811674533,3.872199059,2.432650551,-0.114619848,1.114397721,-0.094940115,-41.73103867,55.80522194,38.95995026,-73.28419189,-35.24388244,63.17434616,0.604866025,1,1
3.718906879,1,1573819850,AUT,FALSE,TRUE,TRUE,602.3684304,-212.1399542,160.6602169,-179.9048688,-0.21967454,179.5840645,-3.811674533,3.872199059,2.432650551,-0.114619848,1.114397721,-0.094940115,-41.73103867,55.80522194,38.95995026,-73.28419189,-35.24388244,63.17434616,0.604866025,1,1
3.819747925,1,1573819850,AUT,FALSE,TRUE,TRUE,599.8968603,-174.1990343,161.5782159,179.9979706,-0.134265705,179.6544926,-4.560642531,1.457612127,1.480274924,-0.517706848,0.895146747,0.091694856,-39.65755806,54.17325783,39.25335731,-76.60835609,-35.24225646,61.72430191,4.730146406,1,1
3.920502901,1,1573819850,AUT,FALSE,TRUE,TRUE,599.8968603,-174.1990343,161.5782159,179.9979706,-0.134265705,179.6544926,-4.560642531,1.457612127,1.480274924,-0.517706848,0.895146747,0.091694856,-37.05848809,53.05786743,39.30930176,-78.88091926,-35.1736029,60.69258613,8.433634181,1,1
4.021138906,1,1573819850,AUT,FALSE,TRUE,TRUE,599.4557687,-138.564332,161.2749961,-179.9492504,-0.146127585,179.7190076,-5.870967721,3.478391649,2.656800421,0.031930798,1.368205091,0.14206744,-37.05848809,53.05786743,39.30930176,-78.88091926,-35.1736029,60.69258613,8.433634181,1,1
4.121600866,1,1573819850,AUT,FALSE,TRUE,TRUE,601.5065441,-100.3109104,159.5133933,179.9883858,-0.171711133,179.7351721,-1.61269935,2.468602056,-0.145448433,-0.577347366,0.925496006,0.107697838,-33.83139496,52.60190734,39.26524314,-80.14156608,-35.19636657,59.97687836,12.28226166,1,1
4.222066879,1,1573819850,AUT,FALSE,TRUE,TRUE,601.5065441,-100.3109104,159.5133933,179.9883858,-0.171711133,179.7351721,-1.61269935,2.468602056,-0.145448433,-0.577347366,0.925496006,0.107697838,-33.83139496,52.60190734,39.26524314,-80.14156608,-35.19636657,59.97687836,12.28226166,1,1
4.322541952,1,1573819850,AUT,FALSE,TRUE,TRUE,603.5991064,-76.39706063,158.5083642,179.9867504,-0.251524067,179.7650459,-0.051023583,1.1800636,0.389537222,-0.900794862,1.031290857,0.011997117,-31.59777489,52.55269546,39.23678856,-80.41961288,-35.24799682,59.83715629,14.62331428,1,1
4.423040867,1,1573819850,AUT,FALSE,TRUE,TRUE,603.5991064,-76.39706063,158.5083642,179.9867504,-0.251524067,179.7650459,-0.051023583,1.1800636,0.389537222,-0.900794862,1.031290857,0.011997117,-31.59777489,52.55269546,39.23678856,-80.41961288,-35.24799682,59.83715629,14.62331428,1,1
4.523500919,1,1573819850,AUT,FALSE,TRUE,TRUE,605.3041903,-56.01028127,157.4023752,179.9346144,-0.240382839,179.7967144,-1.519641194,0.194266334,1.05528403,-1.104007063,1.075693504,0.322527309,-29.62886353,52.56157036,39.17132034,-80.57886657,-35.28519104,59.6572689,16.68980484,1,1
4.623955011,1,1573819851,AUT,FALSE,TRUE,TRUE,605.3041903,-56.01028127,157.4023752,179.9346144,-0.240382839,179.7967144,-1.519641194,0.194266334,1.05528403,-1.104007063,1.075693504,0.322527309,-28.05459481,52.61660842,38.63367348,-80.23504257,-35.31234924,59.46380653,17.76400337,1,1
4.724403858,1,1573819851,AUT,FALSE,TRUE,TRUE,608.8964081,-45.90200833,156.7573082,179.8670834,0.004577626,-179.8671683,-1.944606425,-2.168924795,-0.827223944,-0.780740164,0.312240599,0.573800814,-28.05459481,52.61660842,38.63367348,-80.23504257,-35.31234924,59.46380653,17.76400337,1,1
4.824915886,1,1573819851,AUT,FALSE,TRUE,TRUE,616.5330857,-47.71479037,159.6850211,179.9333342,0.278991656,-179.9403992,-11.39342067,3.88599128,2.42498371,0.300877806,0.932569078,0.36806076,-27.72911454,53.00881691,38.48636054,-78.79993629,-35.09485839,60.03726883,17.08207512,1,1
4.925529003,1,1573819851,AUT,FALSE,TRUE,TRUE,616.5330857,-47.71479037,159.6850211,179.9333342,0.278991656,-179.9403992,-11.39342067,3.88599128,2.42498371,0.300877806,0.932569078,0.36806076,-27.72911454,53.00881691,38.48636054,-78.79993629,-35.09485839,60.03726883,17.08207512,1,1
5.026038885,1,1573819851,AUT,FALSE,TRUE,TRUE,633.133476,-50.93961234,164.1845021,179.9341145,0.42068883,-179.9803493,-11.61438206,3.154249976,1.965887538,0.141813022,1.019264678,0.34181736,-26.98117562,54.42098579,38.52877464,-75.07862319,-35.07664306,61.90987129,16.00118523,1,1
5.126524925,1,1573819851,AUT,FALSE,TRUE,TRUE,633.133476,-50.93961234,164.1845021,179.9341145,0.42068883,-179.9803493,-11.61438206,3.154249976,1.965887538,0.141813022,1.019264678,0.34181736,-25.5927269,56.89372329,38.46443596,-69.40571251,-35.09439697,64.73839759,14.35500412,1,1
5.226997852,1,1573819851,AUT,FALSE,TRUE,TRUE,655.2829051,-54.29588333,166.777958,-179.997474,0.293090962,179.9100851,-6.035740653,5.699128626,2.772257333,0.48797507,0.66101666,0.081295019,-25.5927269,56.89372329,38.46443596,-69.40571251,-35.09439697,64.73839759,14.35500412,1,1
5.327450037,1,1573819851,AUT,FALSE,TRUE,TRUE,676.5052902,-54.72430556,162.0254098,179.9689634,0.182321666,179.88164,-3.167634101,1.248206348,3.931099736,-0.699435988,0.341245926,0.232562156,-23.92378006,59.69177284,38.19968261,-64.15608101,-35.37278503,66.85290527,13.24542618,1,1
5.427934885,1,1573819851,AUT,FALSE,TRUE,TRUE,676.5052902,-54.72430556,162.0254098,179.9689634,0.182321666,179.88164,-3.167634101,1.248206348,3.931099736,-0.699435988,0.341245926,0.232562156,-23.92378006,59.69177284,38.19968261,-64.15608101,-35.37278503,66.85290527,13.24542618,1,1
5.528497934,1,1573819851,AUT,FALSE,TRUE,TRUE,697.8809875,-52.65914548,152.9150565,179.9777823,0.099946937,179.890637,1.442075612,1.905475749,-1.905795816,-0.701476269,-0.724910939,0.260646362,-22.05467606,62.63368492,37.69049034,-58.91699638,-35.68479675,68.74582214,12.08017845,1,1
5.629176855,1,1573819852,AUT,FALSE,TRUE,TRUE,697.8809875,-52.65914548,152.9150565,179.9777823,0.099946937,179.890637,1.442075612,1.905475749,-1.905795816,-0.701476269,-0.724910939,0.260646362,-22.05467606,62.63368492,37.69049034,-58.91699638,-35.68479675,68.74582214,12.08017845,1,1
5.730203867,1,1573819852,AUT,FALSE,TRUE,TRUE,711.5941994,-43.57382223,153.5657087,-179.9257148,-0.010352985,179.8410928,2.881605462,6.344136774,-0.17509863,0.111578914,-0.539988168,0.095332776,-19.63673287,65.12789039,37.62978058,-53.71024933,-35.77294555,70.71080246,11.69162636,1,1
5.831001043,1,1573819852,AUT,FALSE,TRUE,TRUE,717.210974,-29.64997462,155.3187926,-179.9332204,-0.085820785,179.7394459,3.277818888,6.771108998,0.482561408,0.142137599,-0.504048619,-0.205778724,-18.09352112,65.76402626,37.68289948,-51.97529869,-35.69308044,71.62283249,12.31281738,1,1
5.931421041,1,1573819852,AUT,FALSE,TRUE,TRUE,717.210974,-29.64997462,155.3187926,-179.9332204,-0.085820785,179.7394459,3.277818888,6.771108998,0.482561408,0.142137599,-0.504048619,-0.205778724,-18.09352112,65.76402626,37.68289948,-51.97529869,-35.69308044,71.62283249,12.31281738,1,1
6.031893969,1,1573819852,AUT,FALSE,TRUE,TRUE,719.0280407,-9.633023136,155.2188296,-179.9239623,-0.14809858,179.714225,1.756505256,9.013114905,1.157484178,0.586953594,-0.177993511,0.073630944,-16.36986924,65.99892425,37.68721504,-51.46318817,-35.67963317,71.88594131,13.7453556,1,1
6.132439852,1,1573819852,AUT,FALSE,TRUE,TRUE,718.3310776,13.64198989,154.2483062,179.9797285,-0.234452617,179.7055835,-0.941482918,6.729904608,0.386498061,0.19219549,0.747745664,0.116637026,-14.55217781,66.02975464,37.68682365,-51.57966384,-35.67883117,71.84330406,15.73168029,1,1
6.232941866,1,1573819852,AUT,FALSE,TRUE,TRUE,717.644802,38.45419801,154.366045,-179.9458284,-0.168597902,179.7096603,-1.576355383,3.529505876,-0.483303051,-0.568283762,0.610983519,-0.072756366,-12.58014221,66.01065559,37.67911263,-51.61301079,-35.68293457,71.76051178,17.62531128,1,1
6.333441973,1,1573819852,AUT,FALSE,TRUE,TRUE,716.3535776,61.49371446,155.5348015,-179.8956015,-0.148937669,179.754157,-1.910127345,6.754706621,0.95465087,0.028515355,0.409313241,-0.137634229,-10.70987778,65.95090026,37.67685013,-51.52551498,-35.68336853,71.86443901,19.42327194,1,1
6.433912992,1,1573819852,AUT,FALSE,TRUE,TRUE,716.3535776,61.49371446,155.5348015,-179.8956015,-0.148937669,179.754157,-1.910127345,6.754706621,0.95465087,0.028515355,0.409313241,-0.137634229,-10.70987778,65.95090026,37.67685013,-51.52551498,-35.68336853,71.86443901,19.42327194,1,1
6.534368038,1,1573819852,AUT,FALSE,TRUE,TRUE,714.3570661,83.0358161,156.1181439,-179.9926631,-0.133509932,179.7950097,-1.242869661,4.229345351,1.145499626,-0.190766292,0.299273414,-0.077004291,-8.931187825,65.91401024,37.65367927,-51.48142891,-35.680979,71.90957908,21.24733543,1,1
6.634839058,1,1573819853,AUT,FALSE,TRUE,TRUE,712.0379153,100.2168604,156.2848719,179.9644404,-0.158689338,179.9381952,0.51697056,-0.000695518,0.282402298,-0.725553561,0.031057465,0.25873359,-7.474132925,65.88333778,37.55262565,-51.46541633,-35.68345642,71.96840744,22.69249076,1,1
6.735373974,1,1573819853,AUT,FALSE,TRUE,TRUE,712.0379153,100.2168604,156.2848719,179.9644404,-0.158689338,179.9381952,0.51697056,-0.000695518,0.282402298,-0.725553561,0.031057465,0.25873359,-7.474132925,65.88333778,37.55262565,-51.46541633,-35.68345642,71.96840744,22.69249076,1,1
6.835945845,1,1573819853,AUT,FALSE,TRUE,TRUE,708.6088331,105.844954,157.0066916,179.9832072,-0.682175412,-179.8236786,10.32290068,0.436613373,-0.021944797,-0.222478935,0.15872681,0.25483634,-6.844475556,65.6284481,37.29067383,-51.76583061,-35.44099914,72.23926849,23.25589371,1,1
6.936427832,1,1573819853,AUT,FALSE,TRUE,TRUE,708.6088331,105.844954,157.0066916,179.9832072,-0.682175412,-179.8236786,10.32290068,0.436613373,-0.021944797,-0.222478935,0.15872681,0.25483634,-6.844475556,65.6284481,37.29067383,-51.76583061,-35.44099914,72.23926849,23.25589371,1,1
7.036892891,1,1573819853,AUT,FALSE,TRUE,TRUE,695.265886,106.0298602,153.2311344,-179.9958854,-0.911871783,-179.7961472,12.85515118,0.603594971,-1.297865616,0.06943456,0.012886552,0.198925171,-7.684545138,64.27663879,37.27738724,-55.42313461,-35.32410461,70.77084274,24.3388298,1,1
7.137403965,1,1573819853,AUT,FALSE,TRUE,TRUE,673.7553301,108.1063085,147.217471,-179.9969978,-0.806843567,-179.8263935,8.11412924,1.972182117,-0.498594423,0.057801795,0.328088941,0.15514774,-8.98122025,61.97406921,37.29439544,-61.72121544,-35.35942016,67.48191032,26.42539444,1,1
7.237926006,1,1573819853,AUT,FALSE,TRUE,TRUE,673.7553301,108.1063085,147.217471,-179.9969978,-0.806843567,-179.8263935,8.11412924,1.972182117,-0.498594423,0.057801795,0.328088941,0.15514774,-8.98122025,61.97406921,37.29439544,-61.72121544,-35.35942016,67.48191032,26.42539444,1,1
7.338471889,1,1573819853,AUT,FALSE,TRUE,TRUE,639.9526213,107.5931621,145.8248124,-179.9431454,-0.639405167,-179.7508411,0.836532024,4.617678455,0.435286592,0.057801795,0.328088941,0.15514774,-10.5448494,58.75053634,37.39949341,-70.48653373,-35.35126281,63.33615417,29.12928085,1,1
7.43917799,1,1573819853,AUT,FALSE,TRUE,TRUE,639.9526213,107.5931621,145.8248124,-179.9431454,-0.639405167,-179.7508411,0.836532024,4.617678455,0.435286592,0.739596243,0.700500188,-0.067652096,-10.5448494,58.75053634,37.39949341,-70.48653373,-35.35126281,63.33615417,29.12928085,1,1
7.539906025,1,1573819853,AUT,FALSE,TRUE,TRUE,615.2308808,103.9805337,148.1364866,-179.9024849,-0.362129591,-179.7507315,-6.577676879,4.420870897,0.725829173,0.66699974,1.373834079,-0.491563506,-12.56144829,54.83614883,37.54847488,-76.85228348,-35.12462036,60.45660667,30.55699883,1,1
7.640758038,1,1573819854,AUT,FALSE,TRUE,TRUE,602.143421,100.74744,150.8228029,-179.8099579,-0.18784074,-179.846412,-9.094208808,8.560398582,2.24896349,1.275243209,1.402375326,-0.874109209,-13.6094513,53.00827789,37.6507061,-80.05916862,-34.83380676,58.98309288,30.95882721,1,1
7.741262913,1,1573819854,AUT,FALSE,TRUE,TRUE,602.143421,100.74744,150.8228029,-179.8099579,-0.18784074,-179.846412,-9.094208808,8.560398582,2.24896349,1.275243209,1.402375326,-0.874109209,-13.6094513,53.00827789,37.6507061,-80.05916862,-34.83380676,58.98309288,30.95882721,1,1
7.841748953,1,1573819854,AUT,FALSE,TRUE,TRUE,595.5423803,102.0498575,152.6392317,-179.7930956,-0.112143435,-179.9876986,-11.31954739,9.928405507,4.679684581,1.131583905,2.138815937,-1.093727347,-13.98752175,52.12818374,37.90188446,-81.56158333,-34.70984802,58.37705612,31.39134864,1,1
7.942306042,1,1573819854,AUT,FALSE,TRUE,TRUE,595.2820529,110.4808156,152.2983936,-179.7545558,-0.007316508,179.8222708,-8.125657033,11.33765357,5.669082944,0.93547484,1.414838529,-1.083980946,-13.38112793,52.26190796,38.10233688,-81.45137672,-34.80978515,58.28789863,32.11126556,1,1
8.042789936,1,1573819854,AUT,FALSE,TRUE,TRUE,595.2820529,110.4808156,152.2983936,-179.7545558,-0.007316508,179.8222708,-8.125657033,11.33765357,5.669082944,0.93547484,1.414838529,-1.083980946,-13.38112793,52.26190796,38.10233688,-81.45137672,-34.80978515,58.28789863,32.11126556,1,1
8.143247843,1,1573819854,AUT,FALSE,TRUE,TRUE,597.3518977,125.0960213,149.0146681,-179.6999508,-0.027444991,179.6969814,-6.064592657,14.63266368,4.854975242,1.295200574,1.073410409,-1.156612067,-11.95424767,53.12599296,38.21121826,-80.44625816,-35.11972045,58.49966011,33.24553871,1,1
8.243713856,1,1573819854,AUT,FALSE,TRUE,TRUE,600.750221,151.9153911,145.0759026,-179.7040886,0.000142533,179.6664123,-3.811892051,9.745433732,0.59509792,0.45973489,0.56231821,-1.031727654,-9.798798756,54.2627758,38.29643783,-78.46714324,-35.6385498,59.11873626,35.39252815,1,1
8.344187975,1,1573819854,AUT,FALSE,TRUE,TRUE,600.750221,151.9153911,145.0759026,-179.7040886,0.000142533,179.6664123,-3.811892051,9.745433732,0.59509792,0.45973489,0.56231821,-1.031727654,-9.798798756,54.2627758,38.29643783,-78.46714324,-35.6385498,59.11873626,35.39252815,1,1
8.444676876,1,1573819854,AUT,FALSE,TRUE,TRUE,603.4457644,177.3824084,145.0829802,-179.8015929,-0.051277714,179.6672055,-1.712186923,9.578115851,1.088627523,0.512541082,0.369904669,-0.891410618,-6.415758137,55.6203804,38.32603912,-76.31098022,-35.75889404,60.15332565,37.22435074,1,1
8.545150995,1,1573819854,AUT,FALSE,TRUE,TRUE,606.0871283,202.1426274,147.2045542,-179.8006967,-0.041426295,179.7822188,-1.457864999,4.19095415,0.264524386,-0.491903905,0.465420642,-0.800604062,-3.662505344,56.54736557,38.29705238,-73.95282669,-35.80695922,61.42171783,38.74956894,1,1
8.645613909,1,1573819855,AUT,FALSE,TRUE,TRUE,607.9776065,224.4202411,150.3652963,-179.8479399,-0.111920351,179.8522522,1.014106298,2.251392683,0.04868647,-0.677815272,0.191939579,-0.754308455,-1.199470144,57.35841064,38.29140816,-71.61440734,-35.71812377,62.80093803,40.00217514,1,1
8.746094942,1,1573819855,AUT,FALSE,TRUE,TRUE,607.9840253,243.4392685,152.4643741,-179.8684747,-0.164088003,179.9190597,1.014106298,2.251392683,0.04868647,-0.677815272,0.191939579,-0.754308455,0.870041656,58.00798073,38.28621025,-69.82086181,-35.67949035,63.83273964,41.1163845,1,1
8.846557856,1,1573819855,AUT,FALSE,TRUE,TRUE,607.9840253,243.4392685,152.4643741,-179.8684747,-0.164088003,179.9190597,1.973432131,2.121702376,1.409700163,-0.505092704,0.17608388,-0.611885981,0.870041656,58.00798073,38.28621025,-69.82086181,-35.67949035,63.83273964,41.1163845,1,1
8.947031021,1,1573819855,AUT,FALSE,TRUE,TRUE,606.9816014,256.8352398,153.2869236,-179.8746657,-0.143396672,-179.9802555,1.536254969,1.957074725,0.432772444,-0.285183429,0.137558291,-0.408675361,2.416315838,58.43054237,38.19085235,-68.69933968,-35.67696899,64.41094322,42.03941459,1,1
9.047497988,1,1573819855,AUT,FALSE,TRUE,TRUE,605.4363284,265.4197967,153.2898188,-179.8282148,-0.199655056,179.9797377,2.408176258,3.124420965,0.907550913,-0.533528753,0.035678795,-0.869998122,3.349800106,58.66520348,38.10737343,-68.14431381,-35.56920959,64.65131378,42.51523246,1,1
9.147954941,1,1573819855,AUT,FALSE,TRUE,TRUE,602.5849536,271.4278153,151.996064,-179.8571358,-0.244259418,-179.9640722,-0.410358237,1.829251114,0.219756926,-0.675057781,0.745457623,-0.748124359,3.944963831,58.78925285,38.1027523,-68.13279876,-35.62935424,64.62656021,43.15218544,1,1
9.248433828,1,1573819855,AUT,FALSE,TRUE,TRUE,602.5849536,271.4278153,151.996064,-179.8571358,-0.244259418,-179.9640722,-0.410358237,1.829251114,0.219756926,-0.675057781,0.745457623,-0.748124359,3.944963831,58.78925285,38.1027523,-68.13279876,-35.62935424,64.62656021,43.15218544,1,1
9.349197865,1,1573819855,AUT,FALSE,TRUE,TRUE,599.8157481,273.36595,151.0339328,-179.8624566,-0.438266619,-179.8475695,6.198528053,1.579213363,-0.887164412,-0.413878995,0.197091762,-0.605055706,4.173942944,58.77260169,38.09378814,-68.3578022,-35.65658386,64.66313438,43.50071296,1,1
9.45004487,1,1573819855,AUT,FALSE,TRUE,TRUE,591.1633228,275.6149112,149.9623942,-179.8561172,-0.665917495,-179.8034843,10.72342307,3.136909433,-1.587076699,0.339895671,-0.05148188,-0.405245352,4.174797819,58.22200126,38.21542396,-69.84797401,-35.60501953,64.14465179,44.33026657,1,1
9.550748825,1,1573819855,AUT,FALSE,TRUE,TRUE,574.5121974,279.6698529,149.582713,-179.8710152,-0.710677782,-179.7594149,8.823228151,2.717978656,-1.095711633,0.437253169,0.123816654,-0.272270481,4.169981,56.83911781,38.41640854,-72.98709754,-35.62339416,62.80320396,46.12251434,1,1
9.651324987,1,1573819856,AUT,FALSE,TRUE,TRUE,574.5121974,279.6698529,149.582713,-179.8710152,-0.710677782,-179.7594149,8.823228151,2.717978656,-1.095711633,0.437253169,0.123816654,-0.272270481,4.059317775,54.81601295,38.44517212,-77.33825683,-35.62333923,60.74622001,48.30806236,1,1
9.751821041,1,1573819856,AUT,FALSE,TRUE,TRUE,553.2163003,281.2841265,148.897999,-179.9381692,-0.568890634,-179.6419463,3.449520622,0.996890553,0.863274148,0.263247517,0.65422175,-0.204131128,4.059317775,54.81601295,38.44517212,-77.33825683,-35.62333923,60.74622001,48.30806236,1,1
9.852294922,1,1573819856,AUT,FALSE,TRUE,TRUE,531.2138093,278.5903296,147.8796499,-179.9143311,-0.523441965,-179.5860733,1.813566211,3.320361133,2.114505129,0.689066955,0.732697051,-0.378766657,3.614141463,52.59119224,38.43194733,-82.02747917,-35.47390869,58.51803818,50.06693229,1,1
9.952754974,1,1573819856,AUT,FALSE,TRUE,TRUE,508.4738354,273.2031812,145.0475251,-179.8068436,-0.453576321,-179.7003091,-3.231697315,7.025281475,4.561452165,0.849708972,1.5978505,-0.905237074,2.928275294,50.38431358,38.4229248,-86.94146804,-35.36874206,55.84141502,51.60217895,1,1
10.05321097,1,1573819856,AUT,FALSE,TRUE,TRUE,508.4738354,273.2031812,145.0475251,-179.8068436,-0.453576321,-179.7003091,-3.231697315,7.025281475,4.561452165,0.849708972,1.5978505,-0.905237074,2.928275294,50.38431358,38.4229248,-86.94146804,-35.36874206,55.84141502,51.60217895,1,1
10.15368605,1,1573819856,AUT,FALSE,TRUE,TRUE,491.406894,268.4689593,140.4138068,-179.7840788,-0.263177807,-179.8048428,-5.867424061,8.730342851,3.65156623,0.745440286,1.896766953,-1.064808045,2.505583188,48.88200531,38.25363922,-90.74962806,-35.54567138,53.44459648,52.93572349,1,1
16.60422087,2,1573819863,AUT,FALSE,FALSE,TRUE,471.9441332,-399.9850172,169.9589129,-179.991708,-0.015449675,179.9992733,-4.359640044,-1.350107847,4.8033213,-0.342693524,1.025909984,0.019494376,-63.36572113,52.26886368,38.26715584,-78.18285828,-33.97738952,61.23419494,-19.58007431,0.5,1
16.70478106,2,1573819863,AUT,FALSE,TRUE,TRUE,471.6448519,-400.1112124,167.8235211,-179.9969065,-0.194081628,179.9279955,-1.526400217,-1.241476631,7.635127069,-0.353580934,0.867471215,0.067942529,-63.36572113,52.26886368,38.26715584,-78.18285828,-33.97738952,61.23419494,-19.58007431,1,1
16.80530691,2,1573819863,AUT,FALSE,TRUE,TRUE,471.113702,-402.20518,157.3704884,-179.9614922,-0.028521092,179.945332,-1.262688845,0.427308607,1.933225236,-0.292912669,0.274639506,-0.09691043,-63.28026467,53.25388412,37.80519104,-78.17394905,-34.4513562,60.21905823,-19.58029748,1,1
16.90582991,2,1573819863,AUT,FALSE,TRUE,TRUE,471.113702,-402.20518,157.3704884,-179.9614922,-0.028521092,179.945332,-1.262688845,0.427308607,1.933225236,-0.292912669,0.274639506,-0.09691043,-63.28026467,53.25388412,37.80519104,-78.17394905,-34.4513562,60.21905823,-19.58029748,1,1
17.00631094,2,1573819863,AUT,FALSE,TRUE,TRUE,471.3021434,-402.7924438,148.5992689,-179.9141186,-0.003346203,179.8545453,1.445090735,2.339881001,0.126502305,-0.290090461,-0.200101131,-0.534624508,-63.26586914,54.13723297,37.72162971,-78.12863044,-34.97167968,59.59030723,-19.43203698,1,1
17.10679603,2,1573819863,AUT,FALSE,TRUE,TRUE,471.436011,-402.9349973,143.9226736,-179.8835341,-0.006590673,179.8569685,1.021628079,1.445078869,-0.626667771,-0.374617251,-0.024778606,-0.551383036,-63.26696091,54.63095856,37.7327671,-78.13553466,-35.3761029,59.24372291,-19.24389611,1,1
17.20725703,2,1573819863,AUT,FALSE,TRUE,TRUE,471.9230741,-402.020732,143.2144656,-179.8632568,-0.031721323,179.8399485,0.914302919,1.458475392,-0.802828182,-0.341856778,0.039424207,-0.592027235,-63.21305581,54.72304115,37.78260727,-78.16542778,-35.47249145,59.21728363,-19.11397248,1,1
17.30778694,2,1573819863,AUT,FALSE,TRUE,TRUE,471.9230741,-402.020732,143.2144656,-179.8632568,-0.031721323,179.8399485,0.914302919,1.458475392,-0.802828182,-0.341856778,0.039424207,-0.592027235,-63.21305581,54.72304115,37.78260727,-78.16542778,-35.47249145,59.21728363,-19.11397248,1,1
17.4082799,2,1573819863,AUT,FALSE,TRUE,TRUE,474.4735419,-400.5208673,144.4081898,-179.938992,0.159410137,179.9193349,-5.204594395,0.28700285,1.356077899,-0.286753274,0.513667905,-0.288948469,-63.02717057,54.66294937,37.85185203,-78.10657539,-35.47377136,59.1586132,-18.824366,1,1
17.50876188,2,1573819863,AUT,FALSE,TRUE,TRUE,481.9760811,-397.1391999,146.4740185,179.9758001,0.388147139,179.9770351,-11.00682493,-2.788815728,3.878227839,-0.455749983,0.872997659,0.220899695,-62.33233681,54.8090023,38.0108448,-77.48549079,-35.47295837,59.41306343,-18.25724144,1,1
17.60964203,2,1573819864,AUT,FALSE,TRUE,TRUE,496.9018976,-393.8219016,148.6218941,179.9107955,0.507665321,-179.9515817,-12.8254885,-4.214580059,4.124177762,-0.476194291,1.244746806,0.440785647,-60.76541519,55.57625313,38.033535,-75.44586181,-35.47554565,60.37669143,-17.60150872,1,1
17.71027899,2,1573819864,AUT,FALSE,TRUE,TRUE,517.9500768,-391.8566465,149.9803603,179.9593047,0.553113695,-179.9316314,-11.11788338,-3.354835134,3.492332371,-0.780824938,0.87774605,0.115150395,-58.48439942,57.15571632,37.96876373,-71.83479309,-35.52132019,62.07012748,-17.24452172,1,1
17.81090784,2,1573819864,AUT,FALSE,TRUE,TRUE,517.9500768,-391.8566465,149.9803603,179.9593047,0.553113695,-179.9316314,-11.11788338,-3.354835134,3.492332371,-0.780824938,0.87774605,0.115150395,-58.48439942,57.15571632,37.96876373,-71.83479309,-35.52132019,62.07012748,-17.24452172,1,1
17.9114399,2,1573819864,AUT,FALSE,TRUE,TRUE,542.0927067,-391.2329275,150.3124265,179.9804824,0.495764783,-179.9190432,-7.880231967,-0.713478266,2.099063288,-0.044827327,1.019060688,0.103692956,-55.79110108,59.36290398,37.82594833,-66.99565887,-35.63223815,64.26272049,-17.11978226,1,1
18.01192188,2,1573819864,AUT,FALSE,TRUE,TRUE,565.9050752,-391.7327313,149.5217358,179.9663557,0.401859844,-179.9348303,-2.43320284,-2.281529326,4.162963794,-0.489803592,-0.029524577,0.160450573,-53.09419785,61.83932533,37.64508934,-61.65690765,-35.75253295,66.61263771,-17.30650178,1,1
18.11240697,2,1573819864,AUT,FALSE,TRUE,TRUE,585.8431101,-393.5241037,148.9350084,179.9907815,0.267848904,-179.9566781,3.436480091,-0.184013683,0.44697627,-0.330605047,-0.558742193,0.023054291,-50.74806061,64.20735283,37.48555755,-56.51977958,-35.85655151,68.92459373,-17.85594178,1,1
18.21289587,2,1573819864,AUT,FALSE,TRUE,TRUE,585.8431101,-393.5241037,148.9350084,179.9907815,0.267848904,-179.9566781,3.436480091,-0.184013683,0.44697627,-0.330605047,-0.558742193,0.023054291,-50.74806061,64.20735283,37.48555755,-56.51977958,-35.85655151,68.92459373,-17.85594178,1,1
18.31339598,2,1573819864,AUT,FALSE,TRUE,TRUE,600.0237993,-396.7238138,149.1096131,-179.9245425,0.014811772,-179.9816195,6.226970918,3.287701791,1.876316621,0.284583054,-0.937519755,-0.2362396,-48.88123284,66.22853164,37.30041389,-51.84589691,-35.89715148,71.10792732,-18.70251046,1,1
18.41385889,2,1573819864,AUT,FALSE,TRUE,TRUE,607.7979017,-400.3692357,148.6517296,-179.9146591,-0.159467526,179.9523691,10.90039538,4.596300885,0.066318306,0.208838677,-1.37748843,-0.496758963,-47.80958519,67.61720352,37.16535416,-48.68659629,-35.89270751,72.58455848,-19.45894661,1,1
18.51440287,2,1573819864,AUT,FALSE,TRUE,TRUE,610.8658629,-402.2601143,147.3713273,-179.8665385,-0.201647096,179.8483765,10.01133757,7.411361096,0.308551682,0.696644085,-1.27790683,-0.568615814,-47.39306946,68.35419731,37.1541687,-47.24629554,-35.89243286,73.16368904,-19.90100212,1,1
18.61487985,2,1573819865,AUT,FALSE,TRUE,TRUE,610.8658629,-402.2601143,147.3713273,-179.8665385,-0.201647096,179.8483765,10.01133757,7.411361096,0.308551682,0.696644085,-1.27790683,-0.568615814,-47.29016876,68.41664428,37.19107589,-47.35628586,-35.88622558,73.09630165,-19.78425866,1,1
18.71534705,2,1573819865,AUT,FALSE,TRUE,TRUE,611.5108051,-400.1178491,146.2954746,-179.7966101,-0.22864047,179.75593,3.489118559,4.66650289,-0.597258638,-0.071372734,0.169895039,-0.840539345,-47.29016876,68.41664428,37.19107589,-47.35628586,-35.88622558,73.09630165,-19.78425866,1,1
18.81581688,2,1573819865,AUT,FALSE,TRUE,TRUE,612.522807,-393.8849293,147.2571464,-179.7492521,-0.25224488,179.6593536,1.324432231,5.98325871,-0.716876775,-0.048040425,0.601878013,-1.129582397,-47.12720376,68.04052048,37.28695221,-48.12157974,-35.83359008,72.9097229,-19.20888749,1,1
18.91628695,2,1573819865,AUT,FALSE,TRUE,TRUE,614.5164289,-380.6665486,148.6938334,-179.7067853,-0.352839903,179.5180108,2.173701172,9.405234793,2.067769113,0.31485225,0.735752403,-1.327428508,-46.72367592,67.27412796,37.46416511,-49.7107624,-35.78080078,72.50415573,-17.88351059,1,1
19.016752,2,1573819865,AUT,FALSE,TRUE,TRUE,616.8540596,-358.6800312,147.8377482,-179.7277528,-0.39160518,179.4216669,3.005645877,9.809389757,1.755033577,0.352807234,0.749699012,-1.146100926,-46.07845574,66.09273033,37.6516262,-52.65895042,-35.78082824,71.28929786,-15.49094925,1,1
19.11735487,2,1573819865,AUT,FALSE,TRUE,TRUE,616.8540596,-358.6800312,147.8377482,-179.7277528,-0.39160518,179.4216669,3.005645877,9.809389757,1.755033577,0.352807234,0.749699012,-1.146100926,-46.07845574,66.09273033,37.6516262,-52.65895042,-35.78082824,71.28929786,-15.49094925,1,1
19.21784902,2,1573819865,AUT,FALSE,TRUE,TRUE,618.5441664,-328.7545009,145.4856523,-179.8361335,-0.322242975,179.4269485,2.624441634,6.946585584,-1.483470099,-0.08308662,0.544802226,-0.641916716,-45.16638794,64.49516716,37.80651283,-56.81110268,-35.84718566,69.27163811,-12.04530716,1,1
19.318326,2,1573819865,AUT,FALSE,TRUE,TRUE,617.9980355,-285.3086347,145.9403754,-179.9082568,-0.345340308,179.4854518,3.185731835,3.512654197,-1.879363532,-0.337676896,0.262193192,-0.144193709,-43.67546082,61.97497215,38.06550865,-62.52139434,-35.88416015,66.87085075,-7.261609269,1,1
19.41896605,2,1573819865,AUT,FALSE,TRUE,TRUE,617.9980355,-285.3086347,145.9403754,-179.9082568,-0.345340308,179.4854518,3.185731835,3.512654197,-1.879363532,-0.337676896,0.262193192,-0.144193709,-43.67546082,61.97497215,38.06550865,-62.52139434,-35.88416015,66.87085075,-7.261609269,1,1
19.51971698,2,1573819865,AUT,FALSE,TRUE,TRUE,615.1999252,-248.436806,148.3040307,-179.9497792,-0.297724709,179.5317039,-0.987698394,3.859800175,-0.117841337,-0.208880293,0.642523079,0.003834435,-42.32944679,59.73900032,38.33498954,-67.10604057,-35.83874816,64.97736396,-3.234241106,1,1
19.62028503,2,1573819866,AUT,FALSE,TRUE,TRUE,612.0901053,-213.2697006,151.4535161,-179.9909223,-0.220127778,179.5651283,-4.583167373,2.88205462,2.045570898,-0.744374167,0.994489828,0.18127892,-40.82408982,57.67976418,38.73585663,-71.10730247,-35.81241943,63.43387069,0.606321713,1,1
19.72083282,2,1573819866,AUT,FALSE,TRUE,TRUE,609.6802369,-178.9859375,154.2720654,-179.9915364,-0.143798577,179.5903436,-7.875366457,5.049766048,3.886106272,0.249342417,1.775179777,0.344247585,-39.04512864,56.01188507,39.11266365,-74.26522636,-35.78840332,62.23786125,4.219385144,1,1
19.82136297,2,1573819866,AUT,FALSE,TRUE,TRUE,609.6802369,-178.9859375,154.2720654,-179.9915364,-0.143798577,179.5903436,-7.875366457,5.049766048,3.886106272,0.249342417,1.775179777,0.344247585,-39.04512864,56.01188507,39.11266365,-74.26522636,-35.78840332,62.23786125,4.219385144,1,1
19.92183399,2,1573819866,AUT,FALSE,TRUE,TRUE,608.7519877,-138.6208986,155.3612387,179.9504729,-0.132746669,179.6925108,-6.007338598,0.906752123,2.465223543,-0.643138552,1.375370142,0.542269889,-36.31033631,54.64375763,39.27277565,-76.91463776,-35.76708984,61.13379707,8.465484238,1,1
20.02230883,2,1573819866,AUT,FALSE,TRUE,TRUE,610.4457788,-105.3665246,154.589402,179.903381,-0.124250048,179.735028,-6.007338598,0.906752123,2.465223543,-0.643138552,1.375370142,0.542269889,-33.58096848,54.12522697,39.23204727,-78.0910778,-35.7598059,60.52003212,11.86152305,1,1
20.12276196,2,1573819866,AUT,FALSE,TRUE,TRUE,610.4457788,-105.3665246,154.589402,179.903381,-0.124250048,179.735028,-3.984933155,0.662060215,1.854033736,-0.745521854,1.356355047,0.508783451,-33.58096848,54.12522697,39.23204727,-78.0910778,-35.7598059,60.52003212,11.86152305,1,1
20.22321391,2,1573819866,AUT,FALSE,TRUE,TRUE,614.3965973,-73.57499913,153.2902769,179.9145039,-0.208253163,179.7451925,-0.024146171,0.974295833,1.133629084,-0.745521854,1.356355047,0.508783451,-30.58132324,54.14955482,39.16615333,-78.22001609,-35.77343444,60.41105118,14.83715973,1,1
20.32373905,2,1573819866,AUT,FALSE,TRUE,TRUE,614.3965973,-73.57499913,153.2902769,179.9145039,-0.208253163,179.7451925,-0.024146171,0.974295833,1.133629084,-1.225229239,0.775194481,0.383485649,-30.58132324,54.14955482,39.16615333,-78.22001609,-35.77343444,60.41105118,14.83715973,1,1
20.42420292,2,1573819866,AUT,FALSE,TRUE,TRUE,618.3456992,-56.08803372,151.5064319,179.8346608,0.001223292,179.9369871,-3.493844149,-2.87510029,0.440428702,-1.63799508,0.718676177,0.672266039,-28.60481072,54.35103034,38.87838363,-77.98766212,-35.91860778,60.15436935,16.63880424,1,1
20.52466989,2,1573819866,AUT,FALSE,TRUE,TRUE,618.3456992,-56.08803372,151.5064319,179.8346608,0.001223292,179.9369871,-3.493844149,-2.87510029,0.440428702,-1.63799508,0.718676177,0.672266039,-28.60481072,54.35103034,38.87838363,-77.98766212,-35.91860778,60.15436935,16.63880424,1,1
20.62515903,2,1573819867,AUT,FALSE,TRUE,TRUE,625.6905434,-52.71737126,151.8070306,179.8283716,0.168710799,-179.9099163,-6.161805337,-1.480407025,2.151540316,-1.107910599,0.65575049,0.750920279,-27.46898575,54.84487266,38.37855034,-76.56883964,-35.74945129,60.55627327,16.62753296,1,1
20.72567701,2,1573819867,AUT,FALSE,TRUE,TRUE,625.6905434,-52.71737126,151.8070306,179.8283716,0.168710799,-179.9099163,-6.161805337,-1.480407025,2.151540316,-1.107910599,0.65575049,0.750920279,-26.75328484,56.10655975,38.25395164,-73.49731292,-35.68071533,61.89086494,15.62266846,1,1
20.82619691,2,1573819867,AUT,FALSE,TRUE,TRUE,639.1946201,-55.35966073,153.3268833,179.8893259,0.309845742,179.9929146,-9.182240837,2.366162354,0.738816866,-0.216995665,0.747090177,0.539332338,-26.75328484,56.10655975,38.25395164,-73.49731292,-35.68071533,61.89086494,15.62266846,1,1
20.92673492,2,1573819867,AUT,FALSE,TRUE,TRUE,661.1795149,-60.61219034,155.4734865,179.9314592,0.217705946,179.9574418,-9.182240837,2.366162354,0.738816866,-0.216995665,0.747090177,0.539332338,-25.51326142,58.627462,38.23864974,-67.87052421,-35.75553222,64.63644447,13.86635627,1,1
21.02722383,2,1573819867,AUT,FALSE,TRUE,TRUE,661.1795149,-60.61219034,155.4734865,179.9314592,0.217705946,179.9574418,-4.916671992,4.130343329,1.797062304,-0.316532868,0.271714125,0.327495163,-25.51326142,58.627462,38.23864974,-67.87052421,-35.75553222,64.63644447,13.86635627,1,1
21.12767982,2,1573819867,AUT,FALSE,TRUE,TRUE,681.5474479,-61.60346579,152.1432519,179.9114368,0.168355643,179.8836155,-2.541829799,3.076662496,0.746663756,-0.628627567,0.079801725,0.487692218,-23.93447457,61.37914581,38.12621841,-62.46283378,-35.99022766,66.78250008,12.62828293,1,1
21.22813201,2,1573819867,AUT,FALSE,TRUE,TRUE,681.5474479,-61.60346579,152.1432519,179.9114368,0.168355643,179.8836155,-2.541829799,3.076662496,0.746663756,-0.628627567,0.079801725,0.487692218,-23.93447457,61.37914581,38.12621841,-62.46283378,-35.99022766,66.78250008,12.62828293,1,1
21.32867193,2,1573819867,AUT,FALSE,TRUE,TRUE,694.4594702,-59.7652009,147.7573158,179.8769188,0.041867223,179.8922707,2.460262207,3.402265173,1.174779245,-0.520315184,-0.337366342,0.579946115,-22.55273438,63.38366318,37.89758949,-58.68983345,-36.16157043,68.17741699,11.98467293,1,1
21.42968392,2,1573819867,AUT,FALSE,TRUE,TRUE,703.458031,-55.55568705,145.6270453,179.9031172,-0.05383502,179.9028682,3.385001167,4.252254384,-1.251613932,-0.226351911,-0.586415251,0.584872896,-21.32688675,64.77525673,37.76515274,-56.05520897,-36.24607177,69.21540871,11.67131881,1,1
21.53042102,2,1573819867,AUT,FALSE,TRUE,TRUE,703.458031,-55.55568705,145.6270453,179.9031172,-0.05383502,179.9028682,3.385001167,4.252254384,-1.251613932,-0.226351911,-0.586415251,0.584872896,-21.32688675,64.77525673,37.76515274,-56.05520897,-36.24607177,69.21540871,11.67131881,1,1
21.63124895,2,1573819868,AUT,FALSE,TRUE,TRUE,707.785269,-49.29305822,146.6903544,-179.9788342,-0.129915729,179.8833553,5.253580294,6.080942322,-0.681521567,0.111862606,-0.746285348,0.208999178,-20.42292481,65.30785675,37.78273429,-54.69381408,-36.23014709,69.95861664,11.7192707,1,1
21.73172283,2,1573819868,AUT,FALSE,TRUE,TRUE,708.6817638,-36.85525273,148.1827346,-179.8965814,-0.18146143,179.751369,1.046725952,7.351011152,1.346566789,0.005505923,0.034042855,-0.36753807,-19.48577729,65.28649521,37.91170692,-54.54648399,-36.13000122,70.1619873,12.53462448,1,1
21.83220601,2,1573819868,AUT,FALSE,TRUE,TRUE,708.6899626,-17.15318846,149.0178456,-179.8282924,-0.142879213,179.7353867,-5.805975095,7.63862051,1.593508183,0.396999713,1.515071494,-0.759240639,-18.03508073,65.11353607,37.97921791,-54.8134449,-36.13073181,70.08539543,14.12479591,1,1
21.93267488,2,1573819868,AUT,FALSE,TRUE,TRUE,708.6899626,-17.15318846,149.0178456,-179.8282924,-0.142879213,179.7353867,-5.805975095,7.63862051,1.593508183,0.396999713,1.515071494,-0.759240639,-18.03508073,65.11353607,37.97921791,-54.8134449,-36.13073181,70.08539543,14.12479591,1,1
22.03315401,2,1573819868,AUT,FALSE,TRUE,TRUE,709.6748979,7.498536889,149.9010876,-179.8252888,-0.022198436,179.7491132,-4.302636923,4.767222641,0.947222074,-0.274423503,0.726892057,-0.654286124,-16.04289551,65.08142166,37.97412986,-54.71545028,-36.13075378,70.07128829,16.06449738,1,1
22.13368988,2,1573819868,AUT,FALSE,TRUE,TRUE,709.0508786,33.55739294,150.5447261,-179.8064578,-0.105155317,179.7579755,-1.233966957,6.10502719,1.919800581,0.18034277,0.237267751,-0.671047398,-13.89709053,65.0854351,37.97898788,-54.57658653,-36.09487792,70.24347839,18.10972252,1,1
22.23414898,2,1573819868,AUT,FALSE,TRUE,TRUE,707.1074962,60.7822036,150.0551135,-179.8579685,-0.150315367,179.7902984,-2.936326225,4.818769675,1.971340735,-0.056317583,0.646854871,-0.562907424,-11.68604737,65.11370773,37.94614563,-54.58033905,-36.09700927,70.24137726,20.37367172,1,1
22.33464599,2,1573819868,AUT,FALSE,TRUE,TRUE,707.1074962,60.7822036,150.0551135,-179.8579685,-0.150315367,179.7902984,-2.936326225,4.818769675,1.971340735,-0.056317583,0.646854871,-0.562907424,-11.68604737,65.11370773,37.94614563,-54.58033905,-36.09700927,70.24137726,20.37367172,1,1
22.43511987,2,1573819868,AUT,FALSE,TRUE,TRUE,704.7022697,85.9738924,149.4533137,-179.9009576,-0.134787273,179.9349311,-0.293531066,0.747745044,1.178718498,-0.589492438,0.163003447,-0.369954631,-9.551558306,65.15386276,37.823703,-54.53194427,-36.14339355,70.21597137,22.50233116,1,1
22.53559089,2,1573819868,AUT,FALSE,TRUE,TRUE,701.6557159,102.1302713,148.6304473,-179.9208374,-0.303581738,-179.9121403,3.126995504,-1.176515094,0.490397468,-0.765649322,0.221099329,-0.324974783,-8.054520038,65.15603942,37.66156196,-54.57900009,-36.11473571,70.30011291,23.87765808,1,1
22.63606501,2,1573819869,AUT,FALSE,TRUE,TRUE,701.6557159,102.1302713,148.6304473,-179.9208374,-0.303581738,-179.9121403,3.126995504,-1.176515094,0.490397468,-0.765649322,0.221099329,-0.324974783,-8.054520038,65.15603942,37.66156196,-54.57900009,-36.11473571,70.30011291,23.87765808,1,1
22.736655,2,1573819869,AUT,FALSE,TRUE,TRUE,696.6696754,107.1289386,146.7436698,-179.9519957,-0.663644442,-179.7880982,9.84457548,-1.463730611,-0.477331168,-0.402562001,0.319235797,-0.228441787,-7.720683294,64.93465461,37.60773582,-55.42311401,-36.07721191,70.17792091,24.64180526,1,1
22.83715892,2,1573819869,AUT,FALSE,TRUE,TRUE,696.6696754,107.1289386,146.7436698,-179.9519957,-0.663644442,-179.7880982,9.84457548,-1.463730611,-0.477331168,-0.402562001,0.319235797,-0.228441787,-8.319819263,63.84569321,37.60579605,-58.50560989,-36.05973266,68.73468818,25.66773948,1,1
22.93763304,2,1573819869,AUT,FALSE,TRUE,TRUE,685.6133636,108.3357447,143.9093764,-179.9050135,-0.749806026,-179.7933323,8.625360666,2.485006349,-0.400351816,0.236942974,0.476651448,-0.390018487,-8.319819263,63.84569321,37.60579605,-58.50560989,-36.05973266,68.73468818,25.66773948,1,1
23.03813505,2,1573819869,AUT,FALSE,TRUE,TRUE,685.6133636,108.3357447,143.9093764,-179.9050135,-0.749806026,-179.7933323,8.625360666,2.485006349,-0.400351816,0.236942974,0.476651448,-0.390018487,-9.4727314,61.33994522,37.60879669,-64.57236328,-36.06664306,65.66264991,27.76119117,1,1
23.13863993,2,1573819869,AUT,FALSE,TRUE,TRUE,663.9451834,111.1333896,140.7553674,-179.8714977,-0.573100695,-179.8093049,0.845743931,4.183327977,0.095365452,0.418728379,1.173216291,-0.534027068,-9.4727314,61.33994522,37.60879669,-64.57236328,-36.06664306,65.66264991,27.76119117,1,1
23.23944187,2,1573819869,AUT,FALSE,TRUE,TRUE,645.5416391,114.9533981,140.8250626,-179.7810122,-0.413714562,-179.8905787,-5.379914663,8.7079276,0.688281039,0.985101989,1.383210554,-1.004669925,-10.26747551,59.18101158,37.71833724,-69.30624504,-36.02824584,63.39728622,29.46225586,1,1
23.34009194,2,1573819869,AUT,FALSE,TRUE,TRUE,645.5416391,114.9533981,140.8250626,-179.7810122,-0.413714562,-179.8905787,-5.379914663,8.7079276,0.688281039,0.985101989,1.383210554,-1.004669925,-10.26747551,59.18101158,37.71833724,-69.30624504,-36.02824584,63.39728622,29.46225586,1,1
23.44060993,2,1573819869,AUT,FALSE,TRUE,TRUE,628.4344232,129.8264296,141.2454057,-179.7736714,-0.186342219,179.9571946,-9.385039503,10.05234109,2.861630231,0.927260346,1.846412753,-1.036400699,-9.895996863,57.45782318,37.96220626,-73.03040771,-36.03741394,61.54431152,31.91660499,1,1
23.54129386,2,1573819869,AUT,FALSE,TRUE,TRUE,628.4344232,129.8264296,141.2454057,-179.7736714,-0.186342219,179.9571946,-9.385039503,10.05234109,2.861630231,0.927260346,1.846412753,-1.036400699,-8.611018756,57.08597031,38.10224418,-73.67344093,-36.03683166,61.30452118,33.69435768,1,1
23.64176702,2,1573819870,AUT,FALSE,TRUE,TRUE,622.1550838,147.3385568,142.2942365,-179.766875,-0.147269702,179.8898593,-6.819563406,11.30046388,3.900325074,0.961901882,1.606650216,-1.078473478,-8.611018756,57.08597031,38.10224418,-73.67344093,-36.03683166,61.30452118,33.69435768,1,1
23.74222898,2,1573819870,AUT,FALSE,TRUE,TRUE,618.4002887,168.2667611,141.5234776,-179.8259726,-0.127599276,179.8987277,-3.638963823,7.500640043,3.248021474,0.432676831,0.887208848,-0.750539553,-6.608835988,57.29204292,38.10665588,-73.36516456,-36.11107727,61.37835273,35.62398948,1,1
23.84270287,2,1573819870,AUT,FALSE,TRUE,TRUE,618.4002887,168.2667611,141.5234776,-179.8259726,-0.127599276,179.8987277,-3.638963823,7.500640043,3.248021474,0.432676831,0.887208848,-0.750539553,-6.608835988,57.29204292,38.10665588,-73.36516456,-36.11107727,61.37835273,35.62398948,1,1
23.94324994,2,1573819870,AUT,FALSE,TRUE,TRUE,615.6401897,189.1863175,139.6116617,-179.8582106,-0.137382315,179.9609139,-1.505356161,4.848107172,1.704528235,-0.233799466,0.694495934,-0.610564102,-4.478803256,57.79514808,38.01552086,-72.59496116,-36.24111694,61.59253807,37.40469818,1,1
24.04376388,2,1573819870,AUT,FALSE,TRUE,TRUE,612.4749333,206.3064371,138.2542555,-179.8901004,-0.24945787,179.9740368,1.965750334,2.3175478,0.21729947,-0.233799466,0.694495934,-0.610564102,-2.721402744,58.24080848,37.98509559,-71.94512672,-36.25227355,61.88102531,38.80931053,1,1
24.14423895,2,1573819870,AUT,FALSE,TRUE,TRUE,612.4749333,206.3064371,138.2542555,-179.8901004,-0.24945787,179.9740368,1.965750334,2.3175478,0.21729947,-0.63315756,0.369917945,-0.646746891,-2.721402744,58.24080848,37.98509559,-71.94512672,-36.25227355,61.88102531,38.80931053,1,1
24.24473405,2,1573819870,AUT,FALSE,TRUE,TRUE,606.093742,223.364123,139.4961972,-179.801581,-0.314674763,179.9970906,1.99823164,7.228981574,0.905932363,0.36073918,0.495158988,-0.776152973,-1.154453663,58.18144454,38.09315986,-71.93723373,-36.26950561,62.05810089,40.33725471,1,1
24.34523296,2,1573819870,AUT,FALSE,TRUE,TRUE,606.093742,223.364123,139.4961972,-179.801581,-0.314674763,179.9970906,1.99823164,7.228981574,0.905932363,0.36073918,0.495158988,-0.776152973,-1.154453663,58.18144454,38.09315986,-71.93723373,-36.26950561,62.05810089,40.33725471,1,1
24.44570398,2,1573819870,AUT,FALSE,TRUE,TRUE,591.0310686,243.5572263,139.558615,-179.9099221,-0.612503148,-179.8765763,8.247834836,2.376901444,0.443134962,0.030573615,0.254452956,-0.357858348,0.265591044,57.78076629,38.24469909,-72.80965805,-36.23117431,61.81438636,42.89306602,1,1
24.54625583,2,1573819870,AUT,FALSE,TRUE,TRUE,591.0310686,243.5572263,139.558615,-179.9099221,-0.612503148,-179.8765763,8.247834836,2.376901444,0.443134962,0.030573615,0.254452956,-0.357858348,0.265591044,57.78076629,38.24469909,-72.80965805,-36.23117431,61.81438636,42.89306602,1,1
24.64672494,2,1573819871,AUT,FALSE,TRUE,TRUE,571.3567445,255.8238772,137.2479155,-179.9184771,-0.649906156,-179.7717295,6.814397011,0.171897027,-0.781316393,-0.415226493,0.699166595,-0.192962775,1.556635663,56.41518288,38.26400756,-76.25389938,-36.30250854,60.36640548,45.47917213,1,1
24.74723792,2,1573819871,AUT,FALSE,TRUE,TRUE,571.3567445,255.8238772,137.2479155,-179.9184771,-0.649906156,-179.7717295,6.814397011,0.171897027,-0.781316393,-0.415226493,0.699166595,-0.192962775,1.556635663,56.41518288,38.26400756,-76.25389938,-36.30250854,60.36640548,45.47917213,1,1
24.84772086,2,1573819871,AUT,FALSE,TRUE,TRUE,541.7918899,263.4165986,135.7123392,-179.897556,-0.520944155,-179.7232919,1.433198068,1.361287513,0.100427894,-0.495898402,1.261922254,-0.539790488,2.018243406,53.99493942,38.26342048,-81.62448692,-36.33669799,57.67322388,48.64620094,1,1
24.94821286,2,1573819871,AUT,FALSE,TRUE,TRUE,523.5943244,264.0237057,134.6387185,-179.8407752,-0.465966458,-179.7237123,-1.250223067,6.975464971,4.266867075,0.616937132,1.459810403,-0.726099024,1.980340575,52.36903839,38.25510521,-85.12801666,-36.32578857,55.90679054,50.26634788,1,1
25.04924893,2,1573819871,AUT,FALSE,TRUE,TRUE,507.7934639,265.5347759,132.9882581,-179.7937506,-0.416299,-179.8640963,-2.40357454,7.73503363,2.802831555,0.616937132,1.459810403,-0.726099024,2.043024444,51.09180908,38.27114524,-88.05801201,-36.31441223,54.2649559,51.69642791,1,1
25.14990401,2,1573819871,AUT,FALSE,TRUE,TRUE,507.7934639,265.5347759,132.9882581,-179.7937506,-0.416299,-179.8640963,-2.40357454,7.73503363,2.802831555,0.219395211,1.606679958,-1.109834502,2.043024444,51.09180908,38.27114524,-88.05801201,-36.31441223,54.2649559,51.69642791,1,1
25.25047398,2,1573819871,AUT,FALSE,TRUE,TRUE,494.4737775,267.5535131,132.1821147,-179.8055068,-0.359328438,-179.8435685,-2.672911711,6.979088242,2.590128684,0.112637323,1.839889138,-0.965039808,2.31854095,50.04688911,38.27006721,-90.3082798,-36.36648742,53.07697334,53.08366813,1,1
31.86013198,3,1573819878,AUT,FALSE,FALSE,TRUE,471.968299,-399.9799999,169.9707553,-179.9972709,-0.011682858,179.9987508,-2.095284871,-0.436769871,2.844484512,-0.106254802,0.68630763,0.040333096,-63.3797493,52.20932808,38.31815299,-78.17994689,-33.98996337,61.23764191,-19.56269875,0.5,1
31.96088505,3,1573819878,AUT,FALSE,TRUE,TRUE,471.5089453,-399.8981594,169.6095116,-179.996539,-0.126942921,179.9491937,-1.647510223,-0.408440157,5.286699875,-0.139964751,0.791877579,-0.044474112,-63.37859917,52.22548141,38.29880676,-78.18566666,-33.99202331,61.31222534,-19.56981926,1,1
32.06167102,3,1573819878,AUT,FALSE,TRUE,TRUE,471.2964207,-400.6251696,165.2028704,-179.9599612,-0.136722268,179.9706973,-0.440107792,0.304229814,4.855168119,-0.266513676,0.717018865,-0.276443564,-63.31567841,52.56011467,38.11257133,-78.1853096,-34.15938354,60.99073104,-19.57055741,1,1
32.16216493,3,1573819878,AUT,FALSE,TRUE,TRUE,471.2964207,-400.6251696,165.2028704,-179.9599612,-0.136722268,179.9706973,-0.440107792,0.304229814,4.855168119,-0.266513676,0.717018865,-0.276443564,-63.31567841,52.56011467,38.11257133,-78.1853096,-34.15938354,60.99073104,-19.57055741,1,1
32.262676,3,1573819878,AUT,FALSE,TRUE,TRUE,471.4242269,-401.5130679,152.3467309,-179.9200325,-0.126259596,179.8576764,0.918722862,0.469000907,3.300928174,-0.60099724,0.254448756,-0.531615445,-63.24627228,53.77872505,37.87988434,-78.18117599,-34.86484863,59.98647766,-19.33638039,1,1
32.36315393,3,1573819878,AUT,FALSE,TRUE,TRUE,472.3555906,-401.7690326,143.9093611,-179.8967188,0.027242354,179.8372292,0.375124732,1.074399124,-0.184215992,-0.60099724,0.254448756,-0.531615445,-63.22463951,54.63872451,37.85550156,-78.1603775,-35.4320343,59.26430511,-19.06165696,1,1
32.46367502,3,1573819878,AUT,FALSE,TRUE,TRUE,472.3555906,-401.7690326,143.9093611,-179.8967188,0.027242354,179.8372292,0.375124732,1.074399124,-0.184215992,-0.454260503,-0.150234971,-0.50569581,-63.22463951,54.63872451,37.85550156,-78.1603775,-35.4320343,59.26430511,-19.06165696,1,1
32.564188,3,1573819878,AUT,FALSE,TRUE,TRUE,474.4414208,-401.1809797,142.5581766,-179.904523,0.091769994,179.9108954,-0.293068554,1.264802496,-0.204169691,-0.139726928,-0.31466353,-0.355361288,-63.05952187,54.91175537,37.86630592,-78.01675873,-35.65627075,59.14460563,-18.82388535,1,1
32.66475296,3,1573819879,AUT,FALSE,TRUE,TRUE,474.4414208,-401.1809797,142.5581766,-179.904523,0.091769994,179.9108954,-0.293068554,1.264802496,-0.204169691,-0.139726928,-0.31466353,-0.355361288,-63.05952187,54.91175537,37.86630592,-78.01675873,-35.65627075,59.14460563,-18.82388535,1,1
32.76533294,3,1573819879,AUT,FALSE,TRUE,TRUE,479.9342732,-398.9382607,145.3801729,-179.9684412,0.264441418,179.9748866,-7.038569526,-0.568943183,1.866852064,-0.139726928,-0.31466353,-0.355361288,-62.55742608,54.92207908,38.02681274,-77.49653549,-35.62209228,59.43953018,-18.43363038,1,1
32.86586094,3,1573819879,AUT,FALSE,TRUE,TRUE,479.9342732,-398.9382607,145.3801729,-179.9684412,0.264441418,179.9748866,-7.038569526,-0.568943183,1.866852064,-0.133203492,0.517537958,-0.007454835,-62.55742608,54.92207908,38.02681274,-77.49653549,-35.62209228,59.43953018,-18.43363038,1,1
32.96633983,3,1573819879,AUT,FALSE,TRUE,TRUE,497.110871,-394.8913363,150.2104766,179.9926888,0.3725833,-179.9218278,-9.391368137,-2.459734457,2.470564977,0.00275587,0.92010302,0.117033973,-60.73931923,55.62374839,38.13444443,-75.13851928,-35.54502868,60.77508659,-17.74674454,1,1
33.066854,3,1573819879,AUT,FALSE,TRUE,TRUE,497.110871,-394.8913363,150.2104766,179.9926888,0.3725833,-179.9218278,-9.391368137,-2.459734457,2.470564977,0.00275587,0.92010302,0.117033973,-60.73931923,55.62374839,38.13444443,-75.13851928,-35.54502868,60.77508659,-17.74674454,1,1
33.16733289,3,1573819879,AUT,FALSE,TRUE,TRUE,518.5072138,-393.0278333,152.7885339,179.9904818,0.387490917,-179.9157908,-8.868517389,-3.316277604,4.176117401,-0.353243167,0.996498211,-0.014852276,-58.46309968,57.11163368,38.08172721,-71.4850193,-35.52110046,62.60256614,-17.39226036,1,1
33.26789284,3,1573819879,AUT,FALSE,TRUE,TRUE,541.765378,-392.8587344,152.6851253,179.99819,0.426946603,-179.9299463,-9.524238866,-0.112143027,1.990371456,0.390911169,1.326770647,0.013202039,-55.93433876,59.25846863,37.93430099,-66.86765785,-35.60261352,64.58487739,-17.33546105,1,1
33.36837506,3,1573819879,AUT,FALSE,TRUE,TRUE,541.765378,-392.8587344,152.6851253,179.99819,0.426946603,-179.9299463,-9.524238866,-0.112143027,1.990371456,0.390911169,1.326770647,0.013202039,-55.93433876,59.25846863,37.93430099,-66.86765785,-35.60261352,64.58487739,-17.33546105,1,1
33.46887684,3,1573819879,AUT,FALSE,TRUE,TRUE,572.6805829,-394.1408544,152.3070923,179.978658,0.294340376,-179.9371965,-4.001258513,0.678788133,2.6320855,0.052272114,0.386037722,0.201381716,-52.42994042,62.54709549,37.75635337,-59.49454078,-35.8372705,67.87597961,-17.65810204,1,1
33.56974888,3,1573819879,AUT,FALSE,TRUE,TRUE,588.2729492,-396.9857289,151.5727235,179.9708002,0.171486351,-179.9497055,1.478656943,1.161447336,1.820227853,0.052272114,0.386037722,0.201381716,-50.44895782,64.61582794,37.52704124,-55.09258003,-35.86224243,69.80860176,-18.29063645,1,1
33.67023396,3,1573819880,AUT,FALSE,TRUE,TRUE,588.2729492,-396.9857289,151.5727235,179.9708002,0.171486351,-179.9497055,1.478656943,1.161447336,1.820227853,0.037152753,-0.175285692,0.045402148,-50.44895782,64.61582794,37.52704124,-55.09258003,-35.86224243,69.80860176,-18.29063645,1,1
33.77090192,3,1573819880,AUT,FALSE,TRUE,TRUE,599.7910428,-400.0512447,151.2679614,-179.9586235,0.082753738,179.99007,2.432609745,2.596518503,1.458782139,-0.017998205,-0.298621962,-0.115455343,-49.01350823,66.30330391,37.38887443,-51.30278091,-35.86330261,71.46179008,-19.07254029,1,1
33.87168503,3,1573819880,AUT,FALSE,TRUE,TRUE,607.2397386,-403.0644312,150.834449,-179.956334,-0.062966054,179.9667198,5.53198661,3.580353878,1.11301433,0.175818662,-0.679727163,-0.263700426,-47.98702126,67.58883133,37.26962814,-48.41591377,-35.89192749,72.77681236,-19.7005394,1,1
33.97217202,3,1573819880,AUT,FALSE,TRUE,TRUE,610.9665902,-405.2317292,149.2726247,-179.9173894,-0.137812483,179.8991145,7.995485588,4.43919277,1.136039889,0.298834437,-1.032359526,-0.395737499,-47.44180069,68.42858848,37.1866539,-46.72447586,-35.89237243,73.46145629,-20.18763886,1,1
34.07263398,3,1573819880,AUT,FALSE,TRUE,TRUE,610.9665902,-405.2317292,149.2726247,-179.9173894,-0.137812483,179.8991145,7.995485588,4.43919277,1.136039889,0.298834437,-1.032359526,-0.395737499,-47.44180069,68.42858848,37.1866539,-46.72447586,-35.89237243,73.46145629,-20.18763886,1,1
34.173105,3,1573819880,AUT,FALSE,TRUE,TRUE,611.7380292,-405.0137609,147.2209614,-179.8741257,-0.21244994,179.8102945,6.02739249,4.087432457,0.132819697,-0.034660982,-0.642720061,-0.515938078,-47.29809266,68.75590553,37.17634048,-46.37477417,-35.91312561,73.54757538,-20.27290993,1,1
34.27356195,3,1573819880,AUT,FALSE,TRUE,TRUE,611.6482505,-403.6624346,146.5087264,-179.8198849,-0.228461678,179.7832945,0.694736224,2.027993402,-0.004799903,-0.629430175,0.490266135,-0.836183267,-47.2944603,68.71027107,37.17826653,-46.63380775,-35.91393859,73.40737266,-20.17721558,1,1
34.37404895,3,1573819880,AUT,FALSE,TRUE,TRUE,611.76841,-400.5855922,147.359072,-179.7950505,-0.265551219,179.7531345,0.841164927,2.615014029,0.570722699,-0.482462647,0.741109865,-0.986998846,-47.25035706,68.44808235,37.21854858,-47.11946525,-35.89108154,73.30822105,-19.87010994,1,1
34.47459793,3,1573819880,AUT,FALSE,TRUE,TRUE,612.1263433,-394.3275533,147.7241621,-179.7737599,-0.312780368,179.7050279,2.239904843,4.115782534,0.629375604,-0.482462647,0.741109865,-0.986998846,-47.12541504,67.99757766,37.23112106,-48.08531799,-35.81752258,72.9863697,-19.22656861,1,1
34.57507896,3,1573819880,AUT,FALSE,TRUE,TRUE,612.1263433,-394.3275533,147.7241621,-179.7737599,-0.312780368,179.7050279,2.239904843,4.115782534,0.629375604,-0.226965908,0.611036998,-1.093254632,-47.12541504,67.99757766,37.23112106,-48.08531799,-35.81752258,72.9863697,-19.22656861,1,1
34.67554688,3,1573819881,AUT,FALSE,TRUE,TRUE,612.3298553,-383.8227656,146.5408279,-179.7602785,-0.369903746,179.6476644,2.591075755,5.717680278,0.955327161,0.019387909,0.565692179,-1.057288731,-46.94560662,67.31368217,37.25867614,-49.86052666,-35.79113891,72.21557922,-18.05427246,1,1
34.7760129,3,1573819881,AUT,FALSE,TRUE,TRUE,612.4790047,-368.0699233,143.7364811,-179.7881915,-0.352686733,179.5660942,2.542126847,5.638895508,2.052269949,-0.087878385,0.499646911,-0.941372634,-46.6875927,66.39728851,37.33288879,-52.51280823,-35.795484,70.89966087,-16.25404587,1,1
34.87646985,3,1573819881,AUT,FALSE,TRUE,TRUE,612.4790047,-368.0699233,143.7364811,-179.7881915,-0.352686733,179.5660942,2.542126847,5.638895508,2.052269949,-0.087878385,0.499646911,-0.941372634,-46.6875927,66.39728851,37.33288879,-52.51280823,-35.795484,70.89966087,-16.25404587,1,1
34.97693801,3,1573819881,AUT,FALSE,TRUE,TRUE,612.2614201,-341.1230203,140.4629283,-179.8222493,-0.291156117,179.5119001,0.653008061,6.494271249,-1.224828717,0.010248908,0.605649492,-0.667181506,-46.28278428,65.21405067,37.42928696,-55.84445343,-35.86752136,69.20931816,-13.8970459,1,1
35.07750583,3,1573819881,AUT,FALSE,TRUE,TRUE,612.3358598,-313.9999452,141.9453319,-179.8997695,-0.251533398,179.5189762,0.788253405,4.932895146,-2.145808422,-0.364026611,0.364488697,-0.380520208,-45.34919358,63.12303314,37.77068023,-60.57597999,-35.94704589,67.25318527,-10.11437416,1,1
35.17797494,3,1573819881,AUT,FALSE,TRUE,TRUE,611.379198,-284.8239749,146.1594458,-179.8968447,-0.315685131,179.593573,0.340097995,4.056076362,1.361986041,-0.355464638,0.574632781,-0.235264702,-44.35263405,61.16492614,38.07146186,-64.26053352,-35.93496643,66.0395359,-6.944547275,1,1
35.27839899,3,1573819881,AUT,FALSE,TRUE,TRUE,611.379198,-284.8239749,146.1594458,-179.8968447,-0.315685131,179.593573,0.340097995,4.056076362,1.361986041,-0.355464638,0.574632781,-0.235264702,-43.23831139,59.21809387,38.3883419,-67.94395065,-35.82009887,64.70553474,-3.773302463,1,1
35.37894583,3,1573819881,AUT,FALSE,TRUE,TRUE,609.4626697,-255.0886891,149.7399294,-179.9113959,-0.263559425,179.5972909,-3.646024258,4.110137107,0.80448487,-0.08747269,1.173445398,-0.185257832,-43.23831139,59.21809387,38.3883419,-67.94395065,-35.82009887,64.70553474,-3.773302463,1,1
35.47970891,3,1573819881,AUT,FALSE,TRUE,TRUE,606.9319253,-224.5527931,151.8886319,-179.9705725,-0.23674118,179.617177,-1.499612498,2.268317273,-0.405757868,-0.407964018,0.615663292,-0.078583477,-41.93744774,57.51358909,38.72232284,-71.35076637,-35.81206237,63.39093475,-0.428013613,1,1
35.58047891,3,1573819881,AUT,FALSE,TRUE,TRUE,604.4869772,-194.9536913,152.5865774,-179.971003,-0.181245856,179.6435515,-3.714704152,3.888995101,2.695175645,-0.084067909,1.157720561,0.071090997,-40.44342728,56.09274444,38.94937591,-74.30427246,-35.81532531,62.09301338,2.734486769,1,1
35.68116689,3,1573819882,AUT,FALSE,TRUE,TRUE,602.412816,-166.4287323,152.3464349,-179.9663048,-0.201523592,179.6827949,-3.009594747,3.45891149,2.386074487,-0.297509902,1.025208067,0.070075092,-38.71719018,54.97386589,39.06297111,-76.71073151,-35.81405639,61.02395439,5.766294475,1,1
35.78166294,3,1573819882,AUT,FALSE,TRUE,TRUE,602.412816,-166.4287323,152.3464349,-179.9663048,-0.201523592,179.6827949,-3.009594747,3.45891149,2.386074487,-0.297509902,1.025208067,0.070075092,-38.71719018,54.97386589,39.06297111,-76.71073151,-35.81405639,61.02395439,5.766294475,1,1
35.88213301,3,1573819882,AUT,FALSE,TRUE,TRUE,600.7340406,-131.2965391,150.8470392,-179.9994523,-0.185478144,179.7181645,-2.454919047,3.160477361,2.942932745,-0.081850338,1.428064107,0.161560366,-36.28204994,53.97518806,39.06815185,-79.03588486,-35.81703918,59.82446708,9.466894912,1,1
35.98259592,3,1573819882,AUT,FALSE,TRUE,TRUE,600.7340406,-131.2965391,150.8470392,-179.9994523,-0.185478144,179.7181645,-2.454919047,3.160477361,2.942932745,-0.081850338,1.428064107,0.161560366,-36.28204994,53.97518806,39.06815185,-79.03588486,-35.81703918,59.82446708,9.466894912,1,1
36.08304501,3,1573819882,AUT,FALSE,TRUE,TRUE,601.1547256,-97.65000964,149.8504142,179.9629707,-0.149596484,179.7982954,-5.151054363,2.087441266,2.743850719,-0.35955168,1.648510346,0.325829403,-33.50481949,53.35509567,39.04680748,-80.46931228,-35.86819702,59.04788475,12.98029174,1,1
36.18351698,3,1573819882,AUT,FALSE,TRUE,TRUE,601.1547256,-97.65000964,149.8504142,179.9629707,-0.149596484,179.7982954,-5.151054363,2.087441266,2.743850719,-0.35955168,1.648510346,0.325829403,-33.50481949,53.35509567,39.04680748,-80.46931228,-35.86819702,59.04788475,12.98029174,1,1
36.28404593,3,1573819882,AUT,FALSE,TRUE,TRUE,604.384343,-75.43589932,149.8790306,179.9360148,-0.125377866,179.9638499,-0.804480194,1.48772505,0.744176249,-0.55422237,0.568304301,0.356351191,-31.47545586,53.25115814,38.92023467,-80.56782188,-35.88287475,58.97459221,15.2177227,1,1
36.38455987,3,1573819882,AUT,FALSE,TRUE,TRUE,607.5045053,-68.24886723,149.7448382,179.9269426,0.020709893,-179.9586193,-3.398639338,-0.644105957,1.045953795,-0.55422237,0.568304301,0.356351191,-30.15195694,53.34821548,38.61040649,-80.17466583,-35.8085083,58.93994064,15.83471832,1,1
36.48502588,3,1573819882,AUT,FALSE,TRUE,TRUE,607.5045053,-68.24886723,149.7448382,179.9269426,0.020709893,-179.9586193,-3.398639338,-0.644105957,1.045953795,-0.821043605,0.529363511,0.259608196,-30.15195694,53.34821548,38.61040649,-80.17466583,-35.8085083,58.93994064,15.83471832,1,1
36.58551693,3,1573819882,AUT,FALSE,TRUE,TRUE,615.0503054,-68.83312165,151.0448953,179.912126,0.292940622,-179.9652053,-10.50041392,1.083604283,2.222001433,-0.542790739,0.893054966,0.276430141,-29.69283143,53.90200538,38.51268997,-78.74704399,-35.79743408,59.40703124,15.50886382,1,1
36.68598795,3,1573819883,AUT,FALSE,TRUE,TRUE,615.0503054,-68.83312165,151.0448953,179.912126,0.292940622,-179.9652053,-10.50041392,1.083604283,2.222001433,-0.542790739,0.893054966,0.276430141,-28.95748902,55.26495895,38.53075561,-75.33954506,-35.79786254,61.09871635,14.45655212,1,1
36.78645992,3,1573819883,AUT,FALSE,TRUE,TRUE,630.1219414,-72.07996546,154.2523602,179.9656143,0.400052227,-179.9714873,-11.4712945,3.475994416,2.864987238,-0.003588915,0.927936593,0.155776344,-28.95748902,55.26495895,38.53075561,-75.33954506,-35.79786254,61.09871635,14.45655212,1,1
36.88698888,3,1573819883,AUT,FALSE,TRUE,TRUE,647.0649866,-74.70130526,157.1629255,179.972607,0.384094517,179.9936597,-8.550671088,3.413521297,1.973222899,0.172953876,0.694928441,0.10081397,-27.93368683,56.95995369,38.52694129,-71.22200317,-35.7950061,63.19389496,13.34261054,1,1
36.98746991,3,1573819883,AUT,FALSE,TRUE,TRUE,665.3465244,-75.52015427,156.9548861,179.9743808,0.27963884,179.9337404,-2.982162323,4.392217129,2.799260345,-0.016709513,0.132083992,0.092634495,-26.54420471,59.12598724,38.42844886,-66.45570488,-35.88477539,65.36622505,12.25815353,1,1
37.08794904,3,1573819883,AUT,FALSE,TRUE,TRUE,680.8696992,-74.3349097,153.4497146,179.9382519,0.235447302,179.9121054,-1.555496145,0.880714984,-1.400927789,-0.016709513,0.132083992,0.092634495,-24.99410248,61.36870193,38.21389274,-62.29271393,-36.05934265,66.93470192,11.52070656,1,1
37.18841505,3,1573819883,AUT,FALSE,TRUE,TRUE,680.8696992,-74.3349097,153.4497146,179.9382519,0.235447302,179.9121054,-1.555496145,0.880714984,-1.400927789,-0.826599025,-0.392579245,0.227126319,-24.99410248,61.36870193,38.21389274,-62.29271393,-36.05934265,66.93470192,11.52070656,1,1
37.28890896,3,1573819883,AUT,FALSE,TRUE,TRUE,694.3001449,-72.70478216,149.7515417,179.9624788,0.100072434,179.9372864,0.284696696,4.043115246,1.645708819,-0.098945758,-0.253117162,0.332528072,-23.53407097,63.35063552,37.93244705,-58.47273331,-36.16043334,68.38245621,10.78187256,1,1
37.38945389,3,1573819883,AUT,FALSE,TRUE,TRUE,706.4462145,-68.06390371,146.0280806,179.9773573,-0.062013542,179.8960879,6.342582466,4.6164309,-1.925521667,-0.104963385,-0.919348736,0.217301827,-21.92178956,65.28010254,37.70228691,-54.77297401,-36.2022528,69.80193099,10.24650535,1,1
37.49003506,3,1573819883,AUT,FALSE,TRUE,TRUE,706.4462145,-68.06390371,146.0280806,179.9773573,-0.062013542,179.8960879,6.342582466,4.6164309,-1.925521667,-0.104963385,-0.919348736,0.217301827,-20.81806183,66.0775074,37.71575889,-53.00025101,-36.22118225,70.59235267,10.31923484,1,1
37.590765,3,1573819883,AUT,FALSE,TRUE,TRUE,712.4900663,-60.76707212,146.215686,-179.953755,-0.094067811,179.8593183,4.752083189,6.234936663,-0.770955616,0.093249223,-0.678450135,-0.055139501,-20.81806183,66.0775074,37.71575889,-53.00025101,-36.22118225,70.59235267,10.31923484,1,1
37.69146395,3,1573819884,AUT,FALSE,TRUE,TRUE,715.0679029,-44.82389021,147.6656229,-179.9427927,-0.199751514,179.8007649,4.752083189,6.234936663,-0.770955616,0.093249223,-0.678450135,-0.055139501,-19.46847039,66.26279182,37.77033691,-52.37015762,-36.14325073,71.03277054,11.31804313,1,1
37.79201889,3,1573819884,AUT,FALSE,TRUE,TRUE,715.0679029,-44.82389021,147.6656229,-179.9427927,-0.199751514,179.8007649,0.99363216,6.926750144,1.063933555,0.324870965,0.257281308,-0.14973721,-19.46847039,66.26279182,37.77033691,-52.37015762,-36.14325073,71.03277054,11.31804313,1,1
37.89249301,3,1573819884,AUT,FALSE,TRUE,TRUE,715.6140129,-17.66328435,148.5673773,179.9959805,-0.160855834,179.8160102,-3.577113925,3.930574728,0.95168275,-0.272601391,1.101148186,0.104341333,-17.34176102,66.07518997,37.77483788,-52.60811119,-36.11532348,70.9840908,13.67415046,1,1
37.99294901,3,1573819884,AUT,FALSE,TRUE,TRUE,715.6140129,-17.66328435,148.5673773,179.9959805,-0.160855834,179.8160102,-3.577113925,3.930574728,0.95168275,-0.272601391,1.101148186,0.104341333,-17.34176102,66.07518997,37.77483788,-52.60811119,-36.11532348,70.9840908,13.67415046,1,1
38.09350896,3,1573819884,AUT,FALSE,TRUE,TRUE,715.8377479,4.332333083,149.2181472,179.9963039,-0.167710683,179.8337564,-2.950612395,3.648621668,2.086649972,-0.338520522,0.928726155,0.096636359,-15.54358063,66.01875801,37.76295891,-52.59570694,-36.08507263,71.03649216,15.42807312,1,1
38.1939919,3,1573819884,AUT,FALSE,TRUE,TRUE,715.8377479,4.332333083,149.2181472,179.9963039,-0.167710683,179.8337564,-2.950612395,3.648621668,2.086649972,-0.338520522,0.928726155,0.096636359,-15.54358063,66.01875801,37.76295891,-52.59570694,-36.08507263,71.03649216,15.42807312,1,1
38.29448891,3,1573819884,AUT,FALSE,TRUE,TRUE,715.1268981,38.43303236,148.5058382,-179.9822222,-0.158709133,179.8040391,-2.009970956,4.44571492,1.297497916,-0.280728452,0.638107502,-0.04867728,-13.22801285,66.08853836,37.76279068,-52.54869575,-36.08620422,70.99328842,17.68261184,1,1
38.39498806,3,1573819884,AUT,FALSE,TRUE,TRUE,715.1268981,38.43303236,148.5058382,-179.9822222,-0.158709133,179.8040391,-2.009970956,4.44571492,1.297497916,-0.280728452,0.638107502,-0.04867728,-13.22801285,66.08853836,37.76279068,-52.54869575,-36.08620422,70.99328842,17.68261184,1,1
38.49546099,3,1573819884,AUT,FALSE,TRUE,TRUE,713.5025152,62.7634258,148.3004696,-179.9667921,-0.163495569,179.8221983,-1.648955806,6.545907652,0.775407619,0.084087366,0.579651828,-0.051719968,-10.91348534,66.1337471,37.7565319,-52.50458221,-36.10672668,70.98414573,20.04269485,1,1
38.59593391,3,1573819884,AUT,FALSE,TRUE,TRUE,712.1839343,79.68529966,148.7255096,-179.9920217,-0.113842785,179.8801023,-1.033343487,2.357601955,0.289004098,-0.600366166,0.26131118,-0.040662222,-9.430149081,66.1227848,37.73898124,-52.44547233,-36.13744445,70.99897728,21.44405594,1,1
38.69649696,3,1573819885,AUT,FALSE,TRUE,TRUE,710.6250883,91.95184969,149.8120468,-179.9737457,-0.158903245,179.9696908,0.575189603,1.342597809,0.437557857,-0.80300151,0.078605485,-0.10888436,-8.370267106,66.05497513,37.7112957,-52.38624573,-36.13794982,71.16239204,22.42442093,1,1
38.79697585,3,1573819885,AUT,FALSE,TRUE,TRUE,710.6250883,91.95184969,149.8120468,-179.9737457,-0.158903245,179.9696908,0.575189603,1.342597809,0.437557857,-0.80300151,0.078605485,-0.10888436,-8.370267106,66.05497513,37.7112957,-52.38624573,-36.13794982,71.16239204,22.42442093,1,1
38.89746785,3,1573819885,AUT,FALSE,TRUE,TRUE,708.4321195,99.11933876,150.9102574,-179.9927391,-0.307725158,-179.9429981,1.583041207,0.537018729,1.095205255,-0.680474264,0.57026511,-0.034761668,-7.781801606,65.88990211,37.69633026,-52.55243111,-36.09004943,71.33318824,23.09708633,1,1
38.99793601,3,1573819885,AUT,FALSE,TRUE,TRUE,708.4321195,99.11933876,150.9102574,-179.9927391,-0.307725158,-179.9429981,1.583041207,0.537018729,1.095205255,-0.680474264,0.57026511,-0.034761668,-7.811117938,65.46152458,37.68565636,-53.59525337,-36.01805053,71.15839233,23.58187523,1,1
39.09840083,3,1573819885,AUT,FALSE,TRUE,TRUE,703.4534177,101.5359365,149.7415761,-179.9693948,-0.677962745,-179.8467917,8.11154084,2.682015134,1.471414894,0.09728834,0.64999669,-0.10246127,-7.811117938,65.46152458,37.68565636,-53.59525337,-36.01805053,71.15839233,23.58187523,1,1
39.19907689,3,1573819885,AUT,FALSE,TRUE,TRUE,688.575414,105.0181162,144.8217763,-179.9681706,-0.723988209,-179.8654911,7.586325302,1.528681892,-0.833744898,0.09728834,0.64999669,-0.10246127,-8.500201038,64.08070793,37.67712478,-57.69886665,-36.03492553,69.03636246,25.20968513,1,1
39.30021095,3,1573819885,AUT,FALSE,TRUE,TRUE,688.575414,105.0181162,144.8217763,-179.9681706,-0.723988209,-179.8654911,7.586325302,1.528681892,-0.833744898,-0.190286007,0.68407958,-0.089506801,-8.500201038,64.08070793,37.67712478,-57.69886665,-36.03492553,69.03636246,25.20968513,1,1
39.40078902,3,1573819885,AUT,FALSE,TRUE,TRUE,671.1770707,107.5788068,142.486293,-179.998962,-0.634876286,-179.770756,4.535851502,0.04144414,-1.57480725,-0.431698521,0.674146334,-0.056681338,-9.392314913,62.07916718,37.67372589,-62.65128021,-36.10395812,66.6908226,27.02871894,1,1
39.50129199,3,1573819885,AUT,FALSE,TRUE,TRUE,671.1770707,107.5788068,142.486293,-179.998962,-0.634876286,-179.770756,4.535851502,0.04144414,-1.57480725,-0.431698521,0.674146334,-0.056681338,-9.392314913,62.07916718,37.67372589,-62.65128021,-36.10395812,66.6908226,27.02871894,1,1
39.60174084,3,1573819886,AUT,FALSE,TRUE,TRUE,650.634516,105.6064286,144.395868,-179.9769751,-0.601578004,-179.700481,3.85866489,0.67952429,0.061395825,-0.024319752,0.71503289,-0.236650017,-10.7060463,59.44644813,37.7046318,-68.10126457,-35.89326232,64.4104248,28.47619514,1,1
39.70205498,3,1573819886,AUT,FALSE,TRUE,TRUE,630.7034673,101.0584617,146.2010746,-179.9242623,-0.47152088,-179.7157812,-2.598224436,4.822742411,1.961902426,0.964319677,1.484153848,-0.362165703,-12.24036599,56.79312286,37.73629646,-73.30983467,-35.62333923,62.09810143,29.48924789,1,1
39.80256605,3,1573819886,AUT,FALSE,TRUE,TRUE,630.7034673,101.0584617,146.2010746,-179.9242623,-0.47152088,-179.7157812,-2.598224436,4.822742411,1.961902426,0.964319677,1.484153848,-0.362165703,-12.24036599,56.79312286,37.73629646,-73.30983467,-35.62333923,62.09810143,29.48924789,1,1
39.90305805,3,1573819886,AUT,FALSE,TRUE,TRUE,614.1552983,96.73213484,147.0513599,-179.8721248,-0.284220168,-179.7961679,-7.311010727,7.294673697,3.104952731,1.229356942,1.583903381,-0.637811869,-13.55546379,54.69764557,37.81171074,-77.47427101,-35.44105407,60.06975059,30.20212669,1,1
40.00351787,3,1573819886,AUT,FALSE,TRUE,TRUE,614.1552983,96.73213484,147.0513599,-179.8721248,-0.284220168,-179.7961679,-7.311010727,7.294673697,3.104952731,1.229356942,1.583903381,-0.637811869,-13.55546379,54.69764557,37.81171074,-77.47427101,-35.44105407,60.06975059,30.20212669,1,1
40.10397005,3,1573819886,AUT,FALSE,TRUE,TRUE,603.4283918,95.34444436,147.8432482,-179.8234761,-0.125028579,-179.8618238,-9.007978178,8.111052448,3.120715647,1.128721379,1.826834989,-0.861711479,-14.26359444,53.46249389,37.90637169,-80.10549659,-35.33947998,58.77597999,30.72325286,1,1
40.20444083,3,1573819886,AUT,FALSE,TRUE,TRUE,602.5229022,100.6154278,148.2241793,-179.8085907,-0.103402845,179.9653445,-9.007978178,8.111052448,3.120715647,1.128721379,1.826834989,-0.861711479,-14.02999421,53.31788292,38.09201316,-80.19629859,-35.32431335,58.72897224,31.15388259,1,1
40.30490994,3,1573819886,AUT,FALSE,TRUE,TRUE,602.5229022,100.6154278,148.2241793,-179.8085907,-0.103402845,179.9653445,-4.377963776,8.931750956,3.10093107,0.859492682,1.018190527,-0.903034465,-14.02999421,53.31788292,38.09201316,-80.19629859,-35.32431335,58.72897224,31.15388259,1,1
40.40542293,3,1573819886,AUT,FALSE,TRUE,TRUE,602.5229022,100.6154278,148.2241793,-179.8085907,-0.103402845,179.9653445,-4.377963776,8.931750956,3.10093107,0.859492682,1.018190527,-0.903034465,-12.91853829,53.71774749,38.30635986,-79.74929581,-35.54801696,58.82027893,32.34950409,1,1
40.50589585,3,1573819886,AUT,FALSE,TRUE,TRUE,602.6689223,113.7643233,146.9636972,-179.8388946,-0.056951095,179.8156309,-3.197471533,8.21682296,1.795402011,0.331879646,0.575984273,-0.718094491,-12.91853829,53.71774749,38.30635986,-79.74929581,-35.54801696,58.82027893,32.34950409,1,1
40.60636592,3,1573819887,AUT,FALSE,TRUE,TRUE,603.9085341,137.6396143,146.693038,-179.8835504,-0.021524686,179.8040506,-3.456082272,6.281147259,1.183447443,-0.46916197,0.676785206,-0.630412029,-10.53417892,54.4434597,38.42114296,-78.45930862,-35.7496875,59.36373825,34.27983971,1,1
40.70683789,3,1573819887,AUT,FALSE,TRUE,TRUE,603.9085341,137.6396143,146.693038,-179.8835504,-0.021524686,179.8040506,-3.456082272,6.281147259,1.183447443,-0.46916197,0.676785206,-0.630412029,-10.53417892,54.4434597,38.42114296,-78.45930862,-35.7496875,59.36373825,34.27983971,1,1
40.80731487,3,1573819887,AUT,FALSE,TRUE,TRUE,606.0089843,158.5496423,147.7228992,-179.8433674,-0.018370278,179.8057716,-3.078598268,6.003044465,1.865470619,-0.336348219,0.679303982,-0.656799367,-8.322627644,55.12024154,38.42354278,-76.82321091,-35.76633178,60.2035675,35.72353935,1,1
40.90778995,3,1573819887,AUT,FALSE,TRUE,TRUE,606.0089843,158.5496423,147.7228992,-179.8433674,-0.018370278,179.8057716,-3.078598268,6.003044465,1.865470619,-0.336348219,0.679303982,-0.656799367,-5.711558538,55.99991684,38.41061668,-74.78695335,-35.76634826,61.25005989,37.24033241,1,1
41.00825787,3,1573819887,AUT,FALSE,TRUE,TRUE,608.4072286,181.9984147,148.9416938,-179.8745709,-0.060333054,179.8096633,-1.585321065,8.786095739,1.717129171,0.494491132,0.503708411,-0.583088437,-5.711558538,55.99991684,38.41061668,-74.78695335,-35.76634826,61.25005989,37.24033241,1,1
41.10874486,3,1573819887,AUT,FALSE,TRUE,TRUE,610.3820177,208.4075696,149.815461,-179.8238564,-0.070768365,179.8103344,-1.917062291,7.704210042,2.524022555,-0.089800598,0.853833993,-0.738045129,-3.361830144,56.89371299,38.39250298,-72.76895027,-35.78671142,62.22456779,38.55092583,1,1
41.20963883,3,1573819887,AUT,FALSE,TRUE,TRUE,610.3820177,208.4075696,149.815461,-179.8238564,-0.070768365,179.8103344,-1.917062291,7.704210042,2.524022555,-0.089800598,0.853833993,-0.738045129,-3.361830144,56.89371299,38.39250298,-72.76895027,-35.78671142,62.22456779,38.55092583,1,1
41.310606,3,1573819887,AUT,FALSE,TRUE,TRUE,611.3410741,231.0068783,150.1856703,-179.8044361,-0.12972484,179.8498665,-1.063484013,5.297082222,0.591417224,-0.668643618,0.646737324,-0.80867534,-0.474963,58.02611847,38.38772049,-70.27689399,-35.87195983,63.45544166,40.13739281,1,1
41.41122198,3,1573819887,AUT,FALSE,TRUE,TRUE,611.3410741,231.0068783,150.1856703,-179.8044361,-0.12972484,179.8498665,-1.063484013,5.297082222,0.591417224,-0.668643618,0.646737324,-0.80867534,-0.474963,58.02611847,38.38772049,-70.27689399,-35.87195983,63.45544166,40.13739281,1,1
41.51169991,3,1573819887,AUT,FALSE,TRUE,TRUE,612.4202244,251.8946876,150.3940796,-179.87039,-0.09839071,179.9883159,0.391786417,2.088680963,0.220664564,-0.820425842,0.420721054,-0.718381566,1.687015913,58.87148208,38.20951194,-68.35282058,-35.9304895,64.33414192,41.38513412,1,1
41.61216593,3,1573819888,AUT,FALSE,TRUE,TRUE,612.4202244,251.8946876,150.3940796,-179.87039,-0.09839071,179.9883159,0.391786417,2.088680963,0.220664564,-0.820425842,0.420721054,-0.718381566,1.687015913,58.87148208,38.20951194,-68.35282058,-35.9304895,64.33414192,41.38513412,1,1
41.7126379,3,1573819888,AUT,FALSE,TRUE,TRUE,610.8866583,264.4596693,149.9894053,-179.8489669,-0.225212837,179.962333,1.649635638,4.697840685,1.699253345,-0.30640348,0.23775352,-0.780340818,3.336661144,59.53299636,38.20494232,-67.00640144,-35.8971405,64.94652328,42.11930236,1,1
41.81310797,3,1573819888,AUT,FALSE,TRUE,TRUE,606.308339,272.7493208,148.4883831,-179.9023974,-0.363721761,-179.8913737,2.257406881,1.449992385,-0.116989292,-0.570591225,0.76615296,-0.483018528,4.184390256,59.65335159,38.16755791,-67.02298049,-35.95991088,65.02361641,43.04600601,1,1
41.91357493,3,1573819888,AUT,FALSE,TRUE,TRUE,606.308339,272.7493208,148.4883831,-179.9023974,-0.363721761,-179.8913737,2.257406881,1.449992385,-0.116989292,-0.570591225,0.76615296,-0.483018528,4.184390256,59.65335159,38.16755791,-67.02298049,-35.95991088,65.02361641,43.04600601,1,1
42.01404285,3,1573819888,AUT,FALSE,TRUE,TRUE,599.9105747,276.998443,147.5317228,-179.9000307,-0.522231924,-179.7966955,6.661209416,1.889015475,-1.284823936,-0.185378256,0.575426348,-0.394021201,4.539159388,59.37853203,38.18867912,-67.83395004,-35.96197631,64.76770363,43.82582244,1,1
42.11453104,3,1573819888,AUT,FALSE,TRUE,TRUE,588.139634,279.4177636,147.7232822,-179.9179472,-0.586491013,-179.6800506,7.606516925,2.473400623,-2.04278474,0.392622892,0.365457942,-0.211280279,4.530658719,58.37286758,38.28130073,-70.09909744,-35.95508239,63.90062484,45.10094375,1,1
42.21500802,3,1573819888,AUT,FALSE,TRUE,TRUE,588.139634,279.4177636,147.7232822,-179.9179472,-0.586491013,-179.6800506,7.606516925,2.473400623,-2.04278474,0.392622892,0.365457942,-0.211280279,4.391489406,56.76880874,38.3580471,-73.50436821,-35.80623962,62.43062668,46.66531791,1,1
42.31548095,3,1573819888,AUT,FALSE,TRUE,TRUE,571.4402022,281.5690047,147.4880264,-179.9009231,-0.652892393,-179.6688035,6.273323507,3.449614868,-0.799709588,0.728884284,0.294127648,-0.290913524,4.391489406,56.76880874,38.3580471,-73.50436821,-35.80623962,62.43062668,46.66531791,1,1
42.41596889,3,1573819888,AUT,FALSE,TRUE,TRUE,550.291875,282.0037936,145.555388,-179.9341689,-0.58781701,-179.5985178,4.182897123,1.753462598,0.858118461,0.411864689,0.807773638,-0.259405901,4.167824931,54.85527191,38.36062546,-77.85958557,-35.79962036,60.28625336,48.72428627,1,1
42.51643586,3,1573819888,AUT,FALSE,TRUE,TRUE,550.291875,282.0037936,145.555388,-179.9341689,-0.58781701,-179.5985178,4.182897123,1.753462598,0.858118461,0.411864689,0.807773638,-0.259405901,3.764152906,52.87956276,38.34957733,-82.37444114,-35.79991149,57.98569564,50.53918304,1,1
42.61695099,3,1573819889,AUT,FALSE,TRUE,TRUE,528.8884703,279.5891119,142.6088716,-179.9041637,-0.493553779,-179.5806556,0.644156501,3.985285677,0.488840782,0.843796118,1.035535816,-0.425422201,3.764152906,52.87956276,38.34957733,-82.37444114,-35.79991149,57.98569564,50.53918304,1,1
42.71745396,3,1573819889,AUT,FALSE,TRUE,TRUE,504.5948214,273.3199863,141.6123829,-179.8794317,-0.348393756,-179.5790517,-1.29570159,4.626032814,1.789639841,0.676926609,1.116168598,-0.702732046,3.042203519,50.37151794,38.35851402,-87.66978607,-35.79911499,55.23770599,52.35016937,1,1
42.81797504,3,1573819889,AUT,FALSE,TRUE,TRUE,489.0616498,268.285042,140.703984,-179.8393922,-0.307931584,-179.6333149,-2.426000851,8.485925194,2.531272941,1.412285809,1.032225935,-0.787587679,2.488623044,48.75302925,38.39197083,-91.066539,-35.7072583,53.50786743,53.30085754,1,1
50.5162859,4,1573819896,AUT,FALSE,FALSE,TRUE,471.9449057,-399.965695,169.9601795,-179.9931411,-0.013770817,179.9964044,-3.796560917,-1.452076715,5.959756017,-0.28034934,1.120576849,0.023495756,-63.41979447,52.25694351,38.32920113,-78.28681984,-34.05726013,61.26750412,-19.52990456,0.5,1
50.61681294,4,1573819897,AUT,FALSE,TRUE,TRUE,471.0000253,-399.5256199,168.8048086,-179.9754698,-0.17223026,179.9160726,-3.94971566,-1.025215857,7.158632347,-0.189053537,1.364644082,-0.009849118,-63.41979447,52.25694351,38.32920113,-78.28681984,-34.05726013,61.26750412,-19.52990456,1,1
50.71732187,4,1573819897,AUT,FALSE,TRUE,TRUE,471.0813541,-400.218261,158.2066933,-179.981284,-0.099687724,179.9333638,-3.327971445,-1.223751756,4.00389047,-0.534028314,0.926066838,-0.179516167,-63.2218277,53.03886451,37.85218849,-78.40575714,-34.38703674,60.27843589,-19.41901474,1,1
50.81787705,4,1573819897,AUT,FALSE,TRUE,TRUE,471.0813541,-400.218261,158.2066933,-179.981284,-0.099687724,179.9333638,-3.327971445,-1.223751756,4.00389047,-0.534028314,0.926066838,-0.179516167,-63.2218277,53.03886451,37.85218849,-78.40575714,-34.38703674,60.27843589,-19.41901474,1,1
50.91837883,4,1573819897,AUT,FALSE,TRUE,TRUE,472.1973464,-401.7539101,146.8707048,-179.8879971,-0.076674444,179.9114474,3.164658324,0.704502207,1.692967285,-0.494558614,-0.23223452,-0.535181117,-63.08353729,54.28574409,37.69995574,-78.10763969,-35.14698303,59.55146369,-19.2008297,1,1
51.0188849,4,1573819897,AUT,FALSE,TRUE,TRUE,473.0789175,-401.8608784,138.995998,-179.8813062,0.013521508,179.8700399,3.164658324,0.704502207,1.692967285,-0.494558614,-0.23223452,-0.535181117,-63.06795388,55.14772453,37.71512374,-78.07653465,-35.76035522,58.88788261,-18.88924714,1,1
51.11954403,4,1573819897,AUT,FALSE,TRUE,TRUE,473.0789175,-401.8608784,138.995998,-179.8813062,0.013521508,179.8700399,1.05333116,1.134327061,-0.750482981,-0.236895692,-0.249723148,-0.416466089,-63.06795388,55.14772453,37.71512374,-78.07653465,-35.76035522,58.88788261,-18.88924714,1,1
51.22024894,4,1573819897,AUT,FALSE,TRUE,TRUE,473.9835821,-401.8353108,139.2841508,-179.9280752,0.053096028,179.9383765,-0.480082858,0.977371849,0.195644321,-0.045509814,-0.221438513,-0.331817625,-62.99710579,55.20822143,37.75690956,-77.97787399,-35.86281372,58.90855064,-18.7508709,1,1
51.32088685,4,1573819897,AUT,FALSE,TRUE,TRUE,473.9835821,-401.8353108,139.2841508,-179.9280752,0.053096028,179.9383765,-0.480082858,0.977371849,0.195644321,-0.045509814,-0.221438513,-0.331817625,-62.99710579,55.20822143,37.75690956,-77.97787399,-35.86281372,58.90855064,-18.7508709,1,1
51.42144895,4,1573819897,AUT,FALSE,TRUE,TRUE,478.5631449,-399.8507133,142.707407,-179.9773222,0.304042984,179.9651195,-8.127321012,-0.732247965,2.303480287,-0.008831062,0.558142436,0.032046672,-62.73089676,55.11829834,37.99863281,-77.66702614,-35.78029541,59.12147598,-18.48798523,1,1
51.52192903,4,1573819897,AUT,FALSE,TRUE,TRUE,478.5631449,-399.8507133,142.707407,-179.9773222,0.304042984,179.9651195,-8.127321012,-0.732247965,2.303480287,-0.008831062,0.558142436,0.032046672,-62.73089676,55.11829834,37.99863281,-77.66702614,-35.78029541,59.12147598,-18.48798523,1,1
51.62240005,4,1573819898,AUT,FALSE,TRUE,TRUE,496.9960564,-395.9942979,149.0465725,179.9940288,0.432987746,-179.9460886,-10.68473737,-3.716199593,3.901511974,-0.260230169,0.958541788,0.130367864,-61.36630211,55.57170753,38.22249298,-75.7654541,-35.70856567,60.68951339,-17.79429818,1,1
51.72288895,4,1573819898,AUT,FALSE,TRUE,TRUE,521.8349402,-393.2886916,151.5072356,179.9897891,0.492914321,-179.9291046,-10.66722412,-3.084599816,4.555009135,-0.260230169,0.958541788,0.130367864,-58.25611382,57.54800033,38.20944328,-70.88061676,-35.71425659,62.72409553,-17.31607704,1,1
51.82335901,4,1573819898,AUT,FALSE,TRUE,TRUE,521.8349402,-393.2886916,151.5072356,179.9897891,0.492914321,-179.9291046,-10.66722412,-3.084599816,4.555009135,-0.153397661,0.325417594,-0.011526348,-58.25611382,57.54800033,38.20944328,-70.88061676,-35.71425659,62.72409553,-17.31607704,1,1
51.92386889,4,1573819898,AUT,FALSE,TRUE,TRUE,555.2708696,-392.8628744,152.5792471,-179.9647729,0.402263625,-179.9406609,-7.790735864,0.076159891,3.414746341,-0.007904692,0.700734244,0.040531917,-54.52487526,60.64792671,38.02916107,-63.96697883,-35.85335998,65.90959511,-17.34719582,1,1
52.02439284,4,1573819898,AUT,FALSE,TRUE,TRUE,555.2708696,-392.8628744,152.5792471,-179.9647729,0.402263625,-179.9406609,-7.790735864,0.076159891,3.414746341,-0.007904692,0.700734244,0.040531917,-54.52487526,60.64792671,38.02916107,-63.96697883,-35.85335998,65.90959511,-17.34719582,1,1
52.12487602,4,1573819898,AUT,FALSE,TRUE,TRUE,578.2719311,-393.5034025,152.7526287,-179.9781563,0.272919322,-179.9832748,-0.206195282,0.562584684,1.151702935,-0.412354026,-0.520478247,-0.041588983,-51.8268219,63.11807899,37.87191925,-58.37516441,-35.92849548,68.45828933,-17.72263298,1,1
52.22536206,4,1573819898,AUT,FALSE,TRUE,TRUE,578.2719311,-393.5034025,152.7526287,-179.9781563,0.272919322,-179.9832748,-0.206195282,0.562584684,1.151702935,-0.412354026,-0.520478247,-0.041588983,-51.8268219,63.11807899,37.87191925,-58.37516441,-35.92849548,68.45828933,-17.72263298,1,1
52.32581806,4,1573819898,AUT,FALSE,TRUE,TRUE,600.1606292,-395.3895936,151.2646136,-179.9222938,-0.02503886,-179.9915673,8.467807972,3.006144942,0.869972271,0.095549981,-1.09379571,-0.266815428,-49.3107502,65.59080276,37.58575286,-52.87745819,-35.98645385,71.30447273,-18.54140969,1,1
52.42627192,4,1573819898,AUT,FALSE,TRUE,TRUE,608.1138582,-398.2174464,148.0953369,-179.8824356,-0.15415495,179.9122615,9.248906562,5.533447207,-0.03498081,0.095549981,-1.09379571,-0.266815428,-47.78376389,67.5485218,37.27092247,-48.99012451,-35.97149597,72.45134239,-19.23598938,1,1
52.52676892,4,1573819898,AUT,FALSE,TRUE,TRUE,608.1138582,-398.2174464,148.0953369,-179.8824356,-0.15415495,179.9122615,9.248906562,5.533447207,-0.03498081,0.533366536,-1.311719437,-0.582770414,-47.78376389,67.5485218,37.27092247,-48.99012451,-35.97149597,72.45134239,-19.23598938,1,1
52.62728786,4,1573819899,AUT,FALSE,TRUE,TRUE,610.8156496,-395.8642914,145.7396959,-179.7646777,-0.240726606,179.7409111,4.862152174,6.152141675,-1.232619581,0.212597798,-0.198692478,-1.07870787,-47.37626724,68.05096092,37.29633865,-48.35400581,-35.97570373,72.66907081,-19.26883851,1,1
52.72775888,4,1573819899,AUT,FALSE,TRUE,TRUE,610.8156496,-395.8642914,145.7396959,-179.7646777,-0.240726606,179.7409111,4.862152174,6.152141675,-1.232619581,0.212597798,-0.198692478,-1.07870787,-47.37626724,68.05096092,37.29633865,-48.35400581,-35.97570373,72.66907081,-19.26883851,1,1
52.82821298,4,1573819899,AUT,FALSE,TRUE,TRUE,612.5447606,-387.4446581,146.3641739,-179.6979327,-0.287460228,179.6573523,2.164688412,5.70132141,-0.520538788,-0.056327448,0.519398074,-1.309066236,-47.0877697,67.6556179,37.42152443,-49.24759598,-35.97022155,72.4207798,-18.48947526,1,1
52.92873192,4,1573819899,AUT,FALSE,TRUE,TRUE,615.0665886,-368.6874327,147.1284134,-179.6967752,-0.379377448,179.5356763,4.096865941,7.858739339,0.493037891,0.176437601,0.360555234,-1.343248305,-46.49473114,66.61454658,37.60104789,-51.5865303,-35.92190917,71.63641433,-16.48462143,1,1
53.02974391,4,1573819899,AUT,FALSE,TRUE,TRUE,615.0665886,-368.6874327,147.1284134,-179.6967752,-0.379377448,179.5356763,4.096865941,7.858739339,0.493037891,0.176437601,0.360555234,-1.343248305,-46.49473114,66.61454658,37.60104789,-51.5865303,-35.92190917,71.63641433,-16.48462143,1,1
53.13030005,4,1573819899,AUT,FALSE,TRUE,TRUE,616.6942596,-329.4544545,144.8221513,-179.8096185,-0.364718832,179.4596973,3.695964975,7.536727659,-0.623800125,0.155904822,0.317198452,-0.827735979,-45.59745026,64.82384033,37.78235664,-56.07019844,-35.92257934,69.65438118,-12.97068901,1,1
53.23099494,4,1573819899,AUT,FALSE,TRUE,TRUE,616.6942596,-329.4544545,144.8221513,-179.8096185,-0.364718832,179.4596973,3.695964975,7.536727659,-0.623800125,0.155904822,0.317198452,-0.827735979,-45.59745026,64.82384033,37.78235664,-56.07019844,-35.92257934,69.65438118,-12.97068901,1,1
53.33145785,4,1573819899,AUT,FALSE,TRUE,TRUE,616.1718379,-288.2978589,145.7387709,-179.8740025,-0.275104687,179.4912683,2.047052423,3.966442165,-2.617251306,-0.178171394,0.174329734,-0.42452021,-44.09845505,62.01094208,38.12113037,-62.55677376,-35.96161926,66.75055733,-7.6035244,1,1
53.43194389,4,1573819899,AUT,FALSE,TRUE,TRUE,616.1718379,-288.2978589,145.7387709,-179.8740025,-0.275104687,179.4912683,2.047052423,3.966442165,-2.617251306,-0.178171394,0.174329734,-0.42452021,-44.09845505,62.01094208,38.12113037,-62.55677376,-35.96161926,66.75055733,-7.6035244,1,1
53.53239989,4,1573819899,AUT,FALSE,TRUE,TRUE,613.2074734,-235.3461917,151.7051955,-179.8741808,-0.297028541,179.4999139,-1.09979615,3.282144283,-0.471027848,-0.609454095,0.588038048,-0.31891036,-42.07464638,58.82244529,38.81164513,-68.80579376,-35.94537597,64.59901886,-1.840096669,1,1
53.63285494,4,1573819900,AUT,FALSE,TRUE,TRUE,608.6598403,-188.8050443,154.4676015,-179.9046697,-0.25138568,179.5412099,-1.09979615,3.282144283,-0.471027848,-0.609454095,0.588038048,-0.31891036,-39.94204903,56.42004776,39.29608383,-73.61329078,-35.93325256,62.70842285,3.165837475,1,1
53.73334289,4,1573819900,AUT,FALSE,TRUE,TRUE,608.6598403,-188.8050443,154.4676015,-179.9046697,-0.25138568,179.5412099,-1.536198461,2.951031972,0.298440856,-0.520431041,0.758354294,-0.153838612,-39.94204903,56.42004776,39.29608383,-73.61329078,-35.93325256,62.70842285,3.165837475,1,1
53.83389592,4,1573819900,AUT,FALSE,TRUE,TRUE,604.7087224,-146.9409826,155.3092277,-179.9737386,-0.158365922,179.6317783,-5.410754215,2.12995915,0.577356217,-0.324484533,1.11166777,0.165019798,-37.42752915,54.56512298,39.5327671,-77.29442825,-35.91611938,61.05865745,7.711952588,1,1
53.93440986,4,1573819900,AUT,FALSE,TRUE,TRUE,604.7087224,-146.9409826,155.3092277,-179.9737386,-0.158365922,179.6317783,-5.410754215,2.12995915,0.577356217,-0.324484533,1.11166777,0.165019798,-37.42752915,54.56512298,39.5327671,-77.29442825,-35.91611938,61.05865745,7.711952588,1,1
54.03488588,4,1573819900,AUT,FALSE,TRUE,TRUE,603.4644755,-103.1306856,156.858925,179.9582334,-0.145395349,179.7882938,-4.675057611,0.765217955,1.321065079,-0.529716997,1.218884829,0.271196778,-34.64983864,53.3617527,39.53598747,-79.44714775,-35.80526733,60.11516532,11.65134429,1,1
54.13537288,4,1573819900,AUT,FALSE,TRUE,TRUE,603.4644755,-103.1306856,156.858925,179.9582334,-0.145395349,179.7882938,-4.675057611,0.765217955,1.321065079,-0.529716997,1.218884829,0.271196778,-31.65638008,52.92700309,39.49037361,-80.22564583,-35.72410583,59.8370018,14.85923538,1,1
54.23584795,4,1573819900,AUT,FALSE,TRUE,TRUE,604.8008712,-77.11056001,156.6721322,179.9419593,-0.189525562,179.8163037,-2.03476385,-0.663581733,1.501979647,-1.054285675,1.149024603,0.171625706,-31.65638008,52.92700309,39.49037361,-80.22564583,-35.72410583,59.8370018,14.85923538,1,1
54.33632588,4,1573819900,AUT,FALSE,TRUE,TRUE,604.8008712,-77.11056001,156.6721322,179.9419593,-0.189525562,179.8163037,-2.03476385,-0.663581733,1.501979647,-1.054285675,1.149024603,0.171625706,-29.66658097,53.07320023,39.04564361,-80.18218803,-35.75494445,59.52666549,16.58548279,1,1
54.43684483,4,1573819900,AUT,FALSE,TRUE,TRUE,607.3519923,-60.11181017,153.8272435,179.9124572,-0.155349211,179.9956336,-0.811848417,-1.386022426,2.737781373,-1.024491849,0.727925627,0.328397803,-29.66658097,53.07320023,39.04564361,-80.18218803,-35.75494445,59.52666549,16.58548279,1,1
54.5371139,4,1573819900,AUT,FALSE,TRUE,TRUE,611.2504208,-57.31648614,151.1329639,179.8556314,0.115814265,-179.9714281,-6.939529168,-0.592774428,1.245063033,-0.877893344,0.841624405,0.396724893,-28.98519173,53.45500259,38.6588459,-79.69752617,-35.76862243,59.20323143,16.81889762,1,1
54.63758683,4,1573819901,AUT,FALSE,TRUE,TRUE,611.2504208,-57.31648614,151.1329639,179.8556314,0.115814265,-179.9714281,-6.939529168,-0.592774428,1.245063033,-0.877893344,0.841624405,0.396724893,-28.98519173,53.45500259,38.6588459,-79.69752617,-35.76862243,59.20323143,16.81889762,1,1
54.73807597,4,1573819901,AUT,FALSE,TRUE,TRUE,621.5776547,-61.03597405,151.4837938,179.9685915,0.26665451,-179.9939968,-8.90060381,2.386449048,1.778402616,-0.48260751,0.716302683,0.116353276,-28.58911057,54.46453971,38.51591377,-77.44943504,-35.80948608,60.07123374,15.90635261,1,1
54.83855104,4,1573819901,AUT,FALSE,TRUE,TRUE,621.5776547,-61.03597405,151.4837938,179.9685915,0.26665451,-179.9939968,-8.90060381,2.386449048,1.778402616,-0.48260751,0.716302683,0.116353276,-28.58911057,54.46453971,38.51591377,-77.44943504,-35.80948608,60.07123374,15.90635261,1,1
54.93930602,4,1573819901,AUT,FALSE,TRUE,TRUE,643.6001353,-66.0276361,154.5207054,179.9724401,0.349792777,179.9521419,-8.234799606,2.109151017,1.838966994,-0.643545621,0.716439421,0.115093927,-27.74925041,56.23967285,38.51806984,-72.25144271,-35.85268981,62.56381187,14.35067138,1,1
55.04020905,4,1573819901,AUT,FALSE,TRUE,TRUE,643.6001353,-66.0276361,154.5207054,179.9724401,0.349792777,179.9521419,-8.234799606,2.109151017,1.838966994,-0.643545621,0.716439421,0.115093927,-26.08734513,59.07105903,38.48560181,-66.70245438,-35.92648498,65.79703331,12.51679573,1,1
55.14081287,4,1573819901,AUT,FALSE,TRUE,TRUE,669.2906693,-69.33272592,156.4452438,-179.9454517,0.188009945,179.8862866,-3.960659929,4.788790455,4.590405658,-0.227379844,0.674683936,-0.103636695,-26.08734513,59.07105903,38.48560181,-66.70245438,-35.92648498,65.79703331,12.51679573,1,1
55.24130487,4,1573819901,AUT,FALSE,TRUE,TRUE,690.6348406,-67.05376634,152.9333965,179.985585,0.165510891,179.8834417,-3.960659929,4.788790455,4.590405658,-0.227379844,0.674683936,-0.103636695,-23.97137146,62.09877777,38.27323608,-60.73713569,-36.15881286,67.7314167,11.52230988,1,1
55.34176087,4,1573819901,AUT,FALSE,TRUE,TRUE,690.6348406,-67.05376634,152.9333965,179.985585,0.165510891,179.8834417,-1.13486143,4.359620501,2.738223296,0.01774626,0.261795158,0.145241404,-23.97137146,62.09877777,38.27323608,-60.73713569,-36.15881286,67.7314167,11.52230988,1,1
55.44221783,4,1573819901,AUT,FALSE,TRUE,TRUE,706.303076,-62.39239857,149.4562361,179.9857284,-0.048271049,179.9103795,-1.13486143,4.359620501,2.738223296,0.01774626,0.261795158,0.145241404,-21.61793862,64.95071525,37.90799217,-54.96433525,-36.23835388,69.99661903,10.77215652,1,1
55.54269004,4,1573819901,AUT,FALSE,TRUE,TRUE,706.303076,-62.39239857,149.4562361,179.9857284,-0.048271049,179.9103795,5.031815504,1.835468594,0.506838727,-0.696556797,-0.679008354,0.213593548,-21.61793862,64.95071525,37.90799217,-54.96433525,-36.23835388,69.99661903,10.77215652,1,1
55.64326906,4,1573819902,AUT,FALSE,TRUE,TRUE,713.9348127,-52.59642153,147.7014528,-179.9304411,-0.14599375,179.8033395,5.18692652,6.910157272,-0.477683597,-0.696556797,-0.679008354,0.213593548,-20.37930909,66.02854271,37.86187706,-52.65409927,-36.23887023,70.9225296,10.86880188,1,1
55.74374795,4,1573819902,AUT,FALSE,TRUE,TRUE,713.9348127,-52.59642153,147.7014528,-179.9304411,-0.14599375,179.8033395,5.18692652,6.910157272,-0.477683597,-0.054640064,-0.756464606,-0.220704372,-20.37930909,66.02854271,37.86187706,-52.65409927,-36.23887023,70.9225296,10.86880188,1,1
55.84421086,4,1573819902,AUT,FALSE,TRUE,TRUE,714.9174699,-29.0481742,148.2090924,-179.8158796,-0.197686737,179.6896127,-2.202547348,8.458871966,0.297320907,0.296073849,0.863564069,-0.616434261,-18.76544838,66.19182014,37.95293312,-52.58446998,-36.21983093,71.00173073,12.18104668,1,1
55.9447,4,1573819902,AUT,FALSE,TRUE,TRUE,714.9174699,-29.0481742,148.2090924,-179.8158796,-0.197686737,179.6896127,-2.202547348,8.458871966,0.297320907,0.296073849,0.863564069,-0.616434261,-18.76544838,66.19182014,37.95293312,-52.58446998,-36.21983093,71.00173073,12.18104668,1,1
56.04517794,4,1573819902,AUT,FALSE,TRUE,TRUE,714.9174699,-29.0481742,148.2090924,-179.8158796,-0.197686737,179.6896127,-2.202547348,8.458871966,0.297320907,0.296073849,0.863564069,-0.616434261,-16.10916367,65.84866905,38.04352569,-52.93046722,-36.14418457,71.00558968,15.04964218,1,1
56.14566994,4,1573819902,AUT,FALSE,TRUE,TRUE,714.7728808,8.133492253,151.1913935,-179.8841614,-0.176165864,179.719635,-2.864099497,4.505883541,0.793444141,-0.323285523,0.80492654,-0.501225084,-16.10916367,65.84866905,38.04352569,-52.93046722,-36.14418457,71.00558968,15.04964218,1,1
56.24620795,4,1573819902,AUT,FALSE,TRUE,TRUE,714.7728808,8.133492253,151.1913935,-179.8841614,-0.176165864,179.719635,-2.864099497,4.505883541,0.793444141,-0.323285523,0.80492654,-0.501225084,-12.15714798,65.66027412,38.03906936,-52.92769661,-36.06208923,71.17667083,19.10499114,1,1
56.34669185,4,1573819902,AUT,FALSE,TRUE,TRUE,712.8580985,50.83679678,152.6294661,-179.9097349,-0.187306271,179.724748,-3.007726494,4.188353844,1.842517061,-0.24277839,0.98467182,-0.337412442,-12.15714798,65.66027412,38.03906936,-52.92769661,-36.06208923,71.17667083,19.10499114,1,1
56.44716287,4,1573819902,AUT,FALSE,TRUE,TRUE,710.2740414,88.04921785,152.7732022,-179.9348162,-0.101305731,179.8411423,-3.007726494,4.188353844,1.842517061,-0.24277839,0.98467182,-0.337412442,-8.961317831,65.72086716,37.95276146,-52.7083374,-36.11594421,71.20427742,22.11321601,1,1
56.54764104,4,1573819902,AUT,FALSE,TRUE,TRUE,710.2740414,88.04921785,152.7732022,-179.9348162,-0.101305731,179.8411423,-0.811720612,1.575453892,1.135955032,-0.204763794,0.245722274,-0.221713966,-8.961317831,65.72086716,37.95276146,-52.7083374,-36.11594421,71.20427742,22.11321601,1,1
56.64810705,4,1573819903,AUT,FALSE,TRUE,TRUE,706.8056109,109.3507018,152.0219307,-179.9976232,-0.356342116,-179.877914,5.401196166,-2.386582979,0.837293936,-0.935153345,-0.115302321,0.033833328,-6.954012681,65.79680671,37.72020149,-52.53621254,-36.10014587,71.47110099,23.94381294,1,1
56.74859285,4,1573819903,AUT,FALSE,TRUE,TRUE,706.8056109,109.3507018,152.0219307,-179.9976232,-0.356342116,-179.877914,5.401196166,-2.386582979,0.837293936,-0.935153345,-0.115302321,0.033833328,-6.954012681,65.79680671,37.72020149,-52.53621254,-36.10014587,71.47110099,23.94381294,1,1
56.84931684,4,1573819903,AUT,FALSE,TRUE,TRUE,700.0421473,114.7328376,149.1744977,-179.9585404,-0.817481034,-179.8125146,13.97589181,-1.102594832,0.138505543,-0.329896597,0.152857179,-0.110763151,-6.744994356,65.4749691,37.68395004,-53.76734733,-36.00318054,71.20364914,24.73985138,1,1
56.94986987,4,1573819903,AUT,FALSE,TRUE,TRUE,686.5811953,117.3803968,144.4737295,-179.9556198,-0.807105865,-179.7644217,10.12903421,-0.730966806,-3.341197053,-0.309893893,0.26076761,-0.098115659,-7.39869805,64.17547874,37.66850052,-57.59616851,-36.0955371,69.15002289,26.24381103,1,1
57.05052185,4,1573819903,AUT,FALSE,TRUE,TRUE,686.5811953,117.3803968,144.4737295,-179.9556198,-0.807105865,-179.7644217,10.12903421,-0.730966806,-3.341197053,-0.309893893,0.26076761,-0.098115659,-7.39869805,64.17547874,37.66850052,-57.59616851,-36.0955371,69.15002289,26.24381103,1,1
57.15110183,4,1573819903,AUT,FALSE,TRUE,TRUE,667.6377396,117.2136501,142.9490583,-179.9499988,-0.686478582,-179.7157942,6.933871854,1.4772325,-1.118608566,0.278495746,0.629483032,-0.237296936,-8.594892888,61.89713745,37.6787075,-63.11052589,-36.09282348,66.58416252,27.96005058,1,1
57.25157905,4,1573819903,AUT,FALSE,TRUE,TRUE,667.6377396,117.2136501,142.9490583,-179.9499988,-0.686478582,-179.7157942,6.933871854,1.4772325,-1.118608566,0.278495746,0.629483032,-0.237296936,-8.594892888,61.89713745,37.6787075,-63.11052589,-36.09282348,66.58416252,27.96005058,1,1
57.35208201,4,1573819903,AUT,FALSE,TRUE,TRUE,640.776444,116.0523532,145.221943,-179.8625351,-0.489529841,-179.7682222,-2.321401115,5.602860715,-0.480232867,0.850100567,1.14625008,-0.653761714,-10.0774498,58.41484222,37.81874199,-70.20321006,-35.84027526,63.40868111,29.90054512,1,1
57.45260906,4,1573819903,AUT,FALSE,TRUE,TRUE,622.1764747,116.383827,146.6651645,-179.8402756,-0.265290206,-179.8174819,-7.949740524,6.439048083,3.725314473,0.881985639,1.68429893,-0.753520146,-11.28996277,56.05568619,37.87384529,-74.85255889,-35.64481201,61.24676743,31.26540756,1,1
57.55310893,4,1573819903,AUT,FALSE,TRUE,TRUE,622.1764747,116.383827,146.6651645,-179.8402756,-0.265290206,-179.8174819,-7.949740524,6.439048083,3.725314473,0.881985639,1.68429893,-0.753520146,-11.28996277,56.05568619,37.87384529,-74.85255889,-35.64481201,61.24676743,31.26540756,1,1
57.65358186,4,1573819904,AUT,FALSE,TRUE,TRUE,612.2916294,122.4720938,149.0081739,-179.7065752,-0.036874617,179.9611372,-11.95841718,11.6847948,3.944922452,0.881985639,1.68429893,-0.753520146,-11.47360268,54.79951972,37.97157211,-77.09083099,-35.4389447,60.11339378,32.22648468,1,1
57.75409889,4,1573819904,AUT,FALSE,TRUE,TRUE,612.2916294,122.4720938,149.0081739,-179.7065752,-0.036874617,179.9611372,-11.95841718,11.6847948,3.944922452,1.312247254,1.995691579,-1.46598158,-11.47360268,54.79951972,37.97157211,-77.09083099,-35.4389447,60.11339378,32.22648468,1,1
57.85460997,4,1573819904,AUT,FALSE,TRUE,TRUE,612.1950716,142.8460908,149.0980935,-179.6585845,-0.024207115,179.7278596,-6.951030133,14.26987277,5.445491541,1.312247254,1.995691579,-1.46598158,-9.72114945,55.23370628,38.43505439,-76.32305832,-35.63029357,60.52067756,33.81110115,1,1
57.95508289,4,1573819904,AUT,FALSE,TRUE,TRUE,612.1950716,142.8460908,149.0980935,-179.6585845,-0.024207115,179.7278596,-6.951030133,14.26987277,5.445491541,1.000567742,1.338966194,-1.491685594,-9.72114945,55.23370628,38.43505439,-76.32305832,-35.63029357,60.52067756,33.81110115,1,1
58.05562496,4,1573819904,AUT,FALSE,TRUE,TRUE,614.4200397,175.6847339,145.5291269,-179.7092965,-0.064025164,179.6931894,-2.67200594,9.909400428,1.905574939,1.000567742,1.338966194,-1.491685594,-6.296638875,56.78548049,38.54546699,-73.89988632,-36.06763732,61.38782158,36.30499076,1,1
58.15610194,4,1573819904,AUT,FALSE,TRUE,TRUE,614.4200397,175.6847339,145.5291269,-179.7092965,-0.064025164,179.6931894,-2.67200594,9.909400428,1.905574939,0.233646378,0.810403981,-1.272031246,-6.296638875,56.78548049,38.54546699,-73.89988632,-36.06763732,61.38782158,36.30499076,1,1
58.25656796,4,1573819904,AUT,FALSE,TRUE,TRUE,617.0376533,212.8604737,143.0505087,-179.7673846,-0.084553385,179.7745776,-0.9158367,6.244959851,-0.073888663,0.233646378,0.810403981,-1.272031246,-2.321414569,58.54501304,38.47651405,-70.65645103,-36.39971008,62.71802215,38.71738243,1,1
58.35703683,4,1573819904,AUT,FALSE,TRUE,TRUE,617.0376533,212.8604737,143.0505087,-179.7673846,-0.084553385,179.7745776,-0.9158367,6.244959851,-0.073888663,-0.314089159,0.544111332,-1.065838249,-2.321414569,58.54501304,38.47651405,-70.65645103,-36.39971008,62.71802215,38.71738243,1,1
58.45753598,4,1573819904,AUT,FALSE,TRUE,TRUE,617.0376533,212.8604737,143.0505087,-179.7673846,-0.084553385,179.7745776,-0.9158367,6.244959851,-0.073888663,-0.314089159,0.544111332,-1.065838249,-2.321414569,58.54501304,38.47651405,-70.65645103,-36.39971008,62.71802215,38.71738243,1,1
58.5579989,4,1573819904,AUT,FALSE,TRUE,TRUE,618.4995848,249.4382721,145.7935659,-179.8615006,-0.154145479,179.9620946,1.402686374,0.88855402,-0.505835776,-0.740599235,0.360746747,-0.539364229,1.207658381,59.88295555,38.43174476,-67.30804138,-36.42964233,64.73914261,40.85068016,1,1
58.65854597,4,1573819905,AUT,FALSE,TRUE,TRUE,617.5362347,262.4886239,147.8060041,-179.9049206,-0.275165266,-179.8285815,5.51881769,-0.968804951,0.351945873,-0.700141099,-0.212389864,-0.317544172,3.408786388,60.45632171,38.26184463,-65.51016998,-36.29134643,65.63531456,41.64014396,1,1
58.75904489,4,1573819905,AUT,FALSE,TRUE,TRUE,617.5362347,262.4886239,147.8060041,-179.9049206,-0.275165266,-179.8285815,5.51881769,-0.968804951,0.351945873,-0.700141099,-0.212389864,-0.317544172,3.408786388,60.45632171,38.26184463,-65.51016998,-36.29134643,65.63531456,41.64014396,1,1
58.85981894,4,1573819905,AUT,FALSE,TRUE,TRUE,611.8706128,267.6427009,147.5459777,-179.9015721,-0.531178975,-179.7233232,7.262613164,-0.51526941,0.351509692,-0.348340663,0.454301375,-0.401013932,3.905564113,60.25711899,38.23257293,-65.95927734,-36.15491821,65.69001961,42.30726128,1,1
58.96044683,4,1573819905,AUT,FALSE,TRUE,TRUE,598.5278626,270.7074129,145.3452482,-179.9064509,-0.677523743,-179.6959021,10.15130072,2.557279998,1.076769083,0.639809037,0.054941199,-0.334787168,3.839989469,59.26799583,38.30681648,-68.63402595,-36.14079528,64.48187027,43.69002456,1,1
59.06099987,4,1573819905,AUT,FALSE,TRUE,TRUE,598.5278626,270.7074129,145.3452482,-179.9064509,-0.677523743,-179.6959021,10.15130072,2.557279998,1.076769083,0.639809037,0.054941199,-0.334787168,3.839989469,59.26799583,38.30681648,-68.63402595,-36.14079528,64.48187027,43.69002456,1,1
59.16149688,4,1573819905,AUT,FALSE,TRUE,TRUE,568.3908852,275.3791339,141.3713554,-179.8447423,-0.686614536,-179.6690475,5.883251967,4.683230422,-0.128588831,0.939342028,0.525610612,-0.420178437,3.6961029,57.28635749,38.33905105,-74.78142586,-36.16238342,61.42913704,46.73311729,1,1
59.26189089,4,1573819905,AUT,FALSE,TRUE,TRUE,568.3908852,275.3791339,141.3713554,-179.8447423,-0.686614536,-179.6690475,5.883251967,4.683230422,-0.128588831,0.939342028,0.525610612,-0.420178437,3.6961029,57.28635749,38.33905105,-74.78142586,-36.16238342,61.42913704,46.73311729,1,1
59.36236787,4,1573819905,AUT,FALSE,TRUE,TRUE,540.3253454,276.3013336,139.1964317,-179.8762055,-0.532548987,-179.5622604,0.81995416,3.079525149,0.129703449,0.658545812,0.864536965,-0.369368592,3.466983031,54.20811195,38.33491058,-80.5152626,-36.24239135,58.58032036,49.51019668,1,1
59.46284294,4,1573819905,AUT,FALSE,TRUE,TRUE,514.3735824,273.0084354,138.1072757,-179.8717028,-0.466158592,-179.5595439,0.20929986,4.44011762,0.219348979,0.928825723,0.814617317,-0.56925125,3.013024519,51.68165817,38.34299926,-85.85007591,-36.1349121,55.95911979,51.61986694,1,1
59.56335592,4,1573819905,AUT,FALSE,TRUE,TRUE,514.3735824,273.0084354,138.1072757,-179.8717028,-0.466158592,-179.5595439,0.20929986,4.44011762,0.219348979,0.928825723,0.814617317,-0.56925125,3.013024519,51.68165817,38.34299926,-85.85007591,-36.1349121,55.95911979,51.61986694,1,1
59.66386199,4,1573819906,AUT,FALSE,TRUE,TRUE,490.3714491,267.6353736,136.7973415,-179.8199242,-0.373121907,-179.6339384,-1.743098873,6.847483999,2.968514634,0.990487763,1.061112568,-0.934573777,2.429502863,49.34978599,38.36902313,-90.75776138,-36.07272949,53.35606041,53.33382683,1,1
66.24510598,5,1573819912,AUT,FALSE,FALSE,TRUE,471.8693342,-399.9936317,169.7907372,179.9971468,-0.026752162,179.9858493,-3.886576016,-1.377395428,4.499806657,-0.329680788,1.022464264,0.05298416,-63.50596848,52.40737381,38.53602905,-78.24032707,-34.23566162,61.33556785,-19.43045426,0.5,1
66.34565496,5,1573819912,AUT,FALSE,TRUE,TRUE,471.2512354,-399.2862514,167.9232086,-179.9679993,-0.19522558,179.8466076,-2.484979548,-0.94135945,8.121641561,-0.232339902,1.270251573,-0.038717618,-63.50596848,52.40737381,38.53602905,-78.24032707,-34.23566162,61.33556785,-19.43045426,1,1
66.44614792,5,1573819912,AUT,FALSE,TRUE,TRUE,470.508075,-400.7755948,153.2471856,-179.9875468,0.011822091,179.9465422,-4.307640468,-2.826267864,3.347148156,-1.068214094,0.802676192,-0.317309945,-63.28487549,53.45957222,37.77226295,-78.53609962,-34.6960382,59.77250175,-19.26921959,1,1
66.54666305,5,1573819912,AUT,FALSE,TRUE,TRUE,470.508075,-400.7755948,153.2471856,-179.9875468,0.011822091,179.9465422,-4.307640468,-2.826267864,3.347148156,-1.068214094,0.802676192,-0.317309945,-63.28487549,53.45957222,37.77226295,-78.53609962,-34.6960382,59.77250175,-19.26921959,1,1
66.64712906,5,1573819913,AUT,FALSE,TRUE,TRUE,474.5863486,-402.1027512,142.050113,-179.8977687,-0.017505023,179.9169092,2.640697055,0.929448624,0.794852613,-0.260387876,-0.377101941,-0.523333147,-62.98177643,54.74935684,37.75500068,-77.91203842,-35.50052307,59.36373825,-18.92188683,1,1
66.7476089,5,1573819913,AUT,FALSE,TRUE,TRUE,474.5863486,-402.1027512,142.050113,-179.8977687,-0.017505023,179.9169092,2.640697055,0.929448624,0.794852613,-0.260387876,-0.377101941,-0.523333147,-62.98177643,54.74935684,37.75500068,-77.91203842,-35.50052307,59.36373825,-18.92188683,1,1
66.84807396,5,1573819913,AUT,FALSE,TRUE,TRUE,477.9829521,-403.2151673,139.3464904,-179.9321358,0.145124181,179.9199921,-1.104179771,0.789104231,-0.887336224,-0.178662268,-0.182381573,-0.338220708,-62.7005024,55.59262619,37.78988914,-77.16952743,-35.86673034,59.21803894,-18.82819748,1,1
66.94853997,5,1573819913,AUT,FALSE,TRUE,TRUE,484.428573,-402.8900718,142.5659123,-179.9467223,0.292969181,179.969493,-6.930812418,-1.581837543,0.545066103,-0.358683579,0.286372368,-0.10443462,-62.20252648,55.83587723,37.99870491,-76.18786468,-35.86768615,59.80844421,-18.67630119,1,1
67.04939795,5,1573819913,AUT,FALSE,TRUE,TRUE,496.6341561,-401.6877018,147.9201826,-179.9931823,0.420412016,-179.9782504,-11.03559702,-2.853554484,2.385663695,-0.243360558,0.751849857,0.01816738,-61.07973747,56.3300251,38.25621414,-74.23650741,-35.81490234,61.02125244,-18.37725334,1,1
67.1505239,5,1573819913,AUT,FALSE,TRUE,TRUE,496.6341561,-401.6877018,147.9201826,-179.9931823,0.420412016,-179.9782504,-11.03559702,-2.853554484,2.385663695,-0.243360558,0.751849857,0.01816738,-61.07973747,56.3300251,38.25621414,-74.23650741,-35.81490234,61.02125244,-18.37725334,1,1
67.25105286,5,1573819913,AUT,FALSE,TRUE,TRUE,514.5871619,-400.0114328,152.7832333,-179.9799134,0.467956322,-179.9386652,-13.07201681,-0.825927769,4.317671998,0.361564762,1.550068247,0.060150816,-59.23278466,57.37598877,38.37265205,-71.13976364,-35.76534301,62.78059272,-18.07835313,1,1
67.35151792,5,1573819913,AUT,FALSE,TRUE,TRUE,536.6818694,-397.8193805,155.4091542,179.9988122,0.507950549,-179.9441046,-10.30823511,-2.110083828,3.561855598,-0.240335538,1.008017265,-0.053788337,-56.78683663,59.0408226,38.33605728,-67.05285301,-35.7664746,64.75575943,-17.79233437,1,1
67.45198584,5,1573819913,AUT,FALSE,TRUE,TRUE,559.4227641,-396.6420499,155.7902774,179.9699072,0.412825678,-179.9185592,-3.097857793,-4.757508213,1.449413548,-0.355333961,0.116706361,-0.072448575,-54.14165497,61.16433906,38.15184402,-62.22304344,-35.86705993,66.94340515,-17.74726639,1,1
67.55244493,5,1573819913,AUT,FALSE,TRUE,TRUE,579.1443951,-397.0179001,154.3877876,-179.9854302,0.157980637,-179.9499961,4.779365266,0.621054011,0.486128093,-0.355333961,0.116706361,-0.072448575,-51.64312706,63.47579384,37.86218261,-57.27955971,-35.95670288,69.15589027,-18.11956902,1,1
67.65294886,5,1573819914,AUT,FALSE,TRUE,TRUE,579.1443951,-397.0179001,154.3877876,-179.9854302,0.157980637,-179.9499961,4.779365266,0.621054011,0.486128093,-0.086874252,-1.109904003,-0.197681378,-51.64312706,63.47579384,37.86218261,-57.27955971,-35.95670288,69.15589027,-18.11956902,1,1
67.75350285,5,1573819914,AUT,FALSE,TRUE,TRUE,592.6378899,-399.3911891,152.8760548,-179.9215246,-0.013627941,-179.9962206,10.96704576,2.120089724,-2.830956645,0.007757246,-1.768259698,-0.478580464,-49.89263421,65.36194038,37.59646797,-53.23336716,-35.96013061,70.89906006,-18.81001511,1,1
67.85397983,5,1573819914,AUT,FALSE,TRUE,TRUE,600.0012928,-401.9623142,152.9753368,-179.8712942,-0.118734658,179.8932106,10.53441632,5.513441839,-1.7455197,0.386337075,-1.624343399,-0.649553939,-48.94661179,66.55842018,37.56040878,-50.52713928,-35.96052062,72.16795006,-19.42775231,1,1
67.95444989,5,1573819914,AUT,FALSE,TRUE,TRUE,603.3344016,-400.5454139,152.7144723,-179.7413547,-0.23191744,179.7686594,9.608892304,8.329020088,-0.096748213,0.686198218,-1.09419685,-0.976498107,-48.45620613,67.01292801,37.59250259,-49.57302474,-35.95785644,72.70659599,-19.57089386,1,1
68.05492091,5,1573819914,AUT,FALSE,TRUE,TRUE,603.3344016,-400.5454139,152.7144723,-179.7413547,-0.23191744,179.7686594,9.608892304,8.329020088,-0.096748213,0.686198218,-1.09419685,-0.976498107,-48.45620613,67.01292801,37.59250259,-49.57302474,-35.95785644,72.70659599,-19.57089386,1,1
68.15538001,5,1573819914,AUT,FALSE,TRUE,TRUE,606.0728372,-391.7631909,150.9881492,-179.7069193,-0.239858189,179.5722425,2.867778943,8.224715602,-0.197836432,0.191509516,0.421527304,-1.406269137,-48.07006073,66.89237022,37.72189064,-50.25600357,-35.93353271,72.38846626,-18.7788929,1,1
68.25591302,5,1573819914,AUT,FALSE,TRUE,TRUE,609.5176386,-374.8249346,149.1409516,-179.6515903,-0.339252481,179.4415539,3.777635867,9.888942727,-0.089277691,0.295472555,0.449869183,-1.530354852,-47.39799614,66.27931938,37.83637161,-52.0765892,-35.94114074,71.61075439,-17.0622654,1,1
68.35646296,5,1573819914,AUT,FALSE,TRUE,TRUE,612.6611188,-347.7096102,146.8203636,-179.6780349,-0.44261727,179.3362852,6.269418433,10.13331298,-0.327563993,0.189090723,0.077251557,-1.411284279,-46.4312439,65.04241333,37.98643112,-55.39235916,-35.96822204,70.16186028,-14.13368454,1,1
68.45693684,5,1573819914,AUT,FALSE,TRUE,TRUE,613.8022662,-311.8586186,144.9897866,-179.7788673,-0.409048092,179.3168028,6.269418433,10.13331298,-0.327563993,0.189090723,0.077251557,-1.411284279,-45.27201462,63.16189041,38.22610817,-60.12655334,-36.04526916,67.99321746,-10.12548752,1,1
68.55744004,5,1573819914,AUT,FALSE,TRUE,TRUE,613.8022662,-311.8586186,144.9897866,-179.7788673,-0.409048092,179.3168028,5.701624027,7.711374273,-3.270038396,-0.235465581,-0.216723461,-0.892380812,-45.27201462,63.16189041,38.22610817,-60.12655334,-36.04526916,67.99321746,-10.12548752,1,1
68.65790987,5,1573819915,AUT,FALSE,TRUE,TRUE,613.0856143,-271.559808,145.9828991,-179.851717,-0.286778398,179.3523766,-0.248827006,5.819565051,-0.812499483,-0.24247874,0.52121866,-0.452572474,-43.86524621,60.89122581,38.61263123,-65.21600418,-36.14205322,65.76401253,-5.634496312,1,1
68.75837684,5,1573819915,AUT,FALSE,TRUE,TRUE,611.504763,-217.7034393,152.0571972,-179.9135617,-0.15873982,179.4496748,-6.149887181,4.744439825,0.012141511,-0.033641106,1.414038913,-0.24184793,-41.53558846,57.98248214,39.27318077,-70.78333626,-36.18338928,63.71564941,0.205540463,1,1
68.85915685,5,1573819915,AUT,FALSE,TRUE,TRUE,611.504763,-217.7034393,152.0571972,-179.9135617,-0.15873982,179.4496748,-6.149887181,4.744439825,0.012141511,-0.033641106,1.414038913,-0.24184793,-41.53558846,57.98248214,39.27318077,-70.78333626,-36.18338928,63.71564941,0.205540463,1,1
68.96003389,5,1573819915,AUT,FALSE,TRUE,TRUE,610.9590907,-176.473366,157.8611433,-179.9546982,-0.111826826,179.5349785,-5.362792244,1.973284818,0.785072924,-0.460157706,1.515317951,-0.241861027,-39.14068909,55.99334564,39.77531089,-74.07588729,-36.10925903,62.74435844,4.525052256,1,1
69.06085086,5,1573819915,AUT,FALSE,TRUE,TRUE,611.4566371,-137.5633169,161.6174159,-179.9666642,-0.124612065,179.6823726,-5.981058983,0.509654898,2.665382196,-0.640900068,1.467900399,-0.067371069,-36.40085335,54.61301994,39.98587074,-76.25734634,-35.99113952,62.09792633,8.493228144,1,1
69.16134095,5,1573819915,AUT,FALSE,TRUE,TRUE,612.8399867,-107.0582213,161.7682157,-179.987227,-0.165448056,179.7667118,-4.271515432,0.585168345,2.333635308,-0.589419329,1.440304428,-0.085071616,-33.80923004,54.00694885,39.91280479,-77.34196129,-35.89269653,61.64140319,11.53606338,1,1
69.26181483,5,1573819915,AUT,FALSE,TRUE,TRUE,612.8399867,-107.0582213,161.7682157,-179.987227,-0.165448056,179.7667118,-4.271515432,0.585168345,2.333635308,-0.589419329,1.440304428,-0.085071616,-31.59525834,53.97105789,39.79004631,-77.7816513,-35.89637695,61.26863708,13.89880371,1,1
69.36228085,5,1573819915,AUT,FALSE,TRUE,TRUE,614.7004425,-82.69608766,159.3600527,-179.9849681,-0.207371379,179.7630666,-3.364154365,2.890912207,2.675888581,-0.375331818,1.628811035,-0.131656102,-31.59525834,53.97105789,39.79004631,-77.7816513,-35.89637695,61.26863708,13.89880371,1,1
69.46274996,5,1573819915,AUT,FALSE,TRUE,TRUE,614.7004425,-82.69608766,159.3600527,-179.9849681,-0.207371379,179.7630666,-3.364154365,2.890912207,2.675888581,-0.375331818,1.628811035,-0.131656102,-28.88134003,54.35929413,39.46169586,-77.87287559,-36.07533325,60.74293098,16.52631797,1,1
69.56327891,5,1573819915,AUT,FALSE,TRUE,TRUE,617.7375051,-55.75495401,153.832275,-179.9867638,-0.229367857,179.8049567,-2.3003948,4.037191753,2.837136346,-0.090964795,1.354219781,0.026389958,-28.88134003,54.35929413,39.46169586,-77.87287559,-36.07533325,60.74293098,16.52631797,1,1
69.66377783,5,1573819916,AUT,FALSE,TRUE,TRUE,620.9012334,-45.80107326,150.2948192,179.9279296,0.027759134,179.9337273,-6.216340276,-1.046114877,1.272862739,-1.193711313,1.256211744,0.131017764,-27.58302041,54.69558906,39.05958595,-77.63701629,-36.21568359,60.27322769,17.58470993,1,1
69.7642839,5,1573819916,AUT,FALSE,TRUE,TRUE,628.85214,-44.98487646,150.6742686,179.895775,0.233386382,-179.8669058,-9.205161014,-0.498488351,1.579863774,-0.675570884,0.880007805,0.373745685,-26.68940621,55.27831764,38.58673782,-76.05729904,-36.16437744,60.72227325,17.37875404,1,1
69.86474204,5,1573819916,AUT,FALSE,TRUE,TRUE,641.2197178,-47.59620572,153.8223969,179.9889314,0.279626038,-179.9411231,-8.405631778,2.769564143,2.628587963,-0.071826132,0.657400124,-0.058020995,-26.04980278,56.35288009,38.50929451,-73.15022735,-35.95680175,62.18767776,16.27170296,1,1
69.96525502,5,1573819916,AUT,FALSE,TRUE,TRUE,641.2197178,-47.59620572,153.8223969,179.9889314,0.279626038,-179.9411231,-8.405631778,2.769564143,2.628587963,-0.071826132,0.657400124,-0.058020995,-26.04980278,56.35288009,38.50929451,-73.15022735,-35.95680175,62.18767776,16.27170296,1,1
70.06573987,5,1573819916,AUT,FALSE,TRUE,TRUE,656.6401515,-50.28360504,156.4851926,-179.9988857,0.280822027,-179.9991526,-5.785085912,2.639657102,1.490794525,-0.126128886,0.506324183,-0.089267923,-25.18294373,57.94210739,38.5258358,-69.29913826,-35.94566162,64.10041809,15.11829986,1,1
70.16629696,5,1573819916,AUT,FALSE,TRUE,TRUE,671.1295152,-51.75615106,156.0917716,-179.9636929,0.113496709,179.9553547,-2.876929488,4.371541856,4.699290479,-0.106523009,0.406733275,-0.151611895,-24.11283761,59.81091614,38.48147506,-65.35831489,-36.04264892,65.96910324,14.06943855,1,1
70.26681805,5,1573819916,AUT,FALSE,TRUE,TRUE,683.7648021,-51.31646288,152.3951071,-179.9886894,0.144979814,179.8922675,-3.650162955,5.049737517,4.509093335,-0.092351781,0.60575543,-0.075858946,-23.04311943,61.62019958,38.36225624,-62.04100341,-36.24718688,67.09201927,13.39952659,1,1
70.36729097,5,1573819916,AUT,FALSE,TRUE,TRUE,683.7648021,-51.31646288,152.3951071,-179.9886894,0.144979814,179.8922675,-3.650162955,5.049737517,4.509093335,-0.092351781,0.60575543,-0.075858946,-21.83873291,63.38299713,38.19783211,-58.86368523,-36.42764282,68.20140495,12.88250313,1,1
70.46776295,5,1573819916,AUT,FALSE,TRUE,TRUE,694.8906308,-49.35421134,148.2903527,179.9715053,0.075853008,179.8796561,0.792103179,2.432928304,-1.684418661,-0.64732814,-0.358577921,-0.011889857,-21.83873291,63.38299713,38.19783211,-58.86368523,-36.42764282,68.20140495,12.88250313,1,1
70.56827593,5,1573819916,AUT,FALSE,TRUE,TRUE,703.817986,-44.58710135,145.4606254,-179.9568396,-0.02628333,179.8271678,3.654391743,5.226630612,-0.742976471,-0.228913197,-0.602350718,-0.120524627,-20.64075623,64.80644073,38.12706985,-56.20196914,-36.52204833,69.19596977,12.56117363,1,1
70.66875887,5,1573819917,AUT,FALSE,TRUE,TRUE,709.395128,-33.98257691,144.6714118,-179.8700715,-0.095141982,179.7609564,4.565362562,5.69530686,-1.145609302,-0.356658549,-0.703156479,-0.561123182,-19.34833832,65.62613411,38.14472007,-54.5569313,-36.5518872,69.89746055,12.89591674,1,1
70.76943994,5,1573819917,AUT,FALSE,TRUE,TRUE,709.395128,-33.98257691,144.6714118,-179.8700715,-0.095141982,179.7609564,4.565362562,5.69530686,-1.145609302,-0.356658549,-0.703156479,-0.561123182,-17.78019448,65.90165062,38.18605613,-53.85157471,-36.54017028,70.26009178,14.05985641,1,1
70.87018991,5,1573819917,AUT,FALSE,TRUE,TRUE,712.0779119,-16.54146193,145.3300778,-179.8352122,-0.113524469,179.6918847,2.211507518,6.729547149,0.382099073,-0.08558235,-0.413934429,-0.563722215,-17.78019448,65.90165062,38.18605613,-53.85157471,-36.54017028,70.26009178,14.05985641,1,1
70.97078586,5,1573819917,AUT,FALSE,TRUE,TRUE,712.1376589,14.17784408,146.5246871,-179.840614,-0.129062553,179.69928,-3.149685407,10.51389967,0.975763078,1.07110971,0.778611516,-0.45627341,-15.35352059,65.83255691,38.23881111,-53.82376556,-36.50178405,70.36173934,16.51341248,1,1
71.07126188,5,1573819917,AUT,FALSE,TRUE,TRUE,711.1856508,40.84919685,147.886925,-179.8872131,-0.109928062,179.7451763,-2.73400614,6.705311972,1.454620186,0.405819693,0.628915749,-0.62827498,-13.20283013,65.71635589,38.23009757,-53.82172966,-36.48139892,70.44027786,18.70344086,1,1
71.17174697,5,1573819917,AUT,FALSE,TRUE,TRUE,711.1856508,40.84919685,147.886925,-179.8872131,-0.109928062,179.7451763,-2.73400614,6.705311972,1.454620186,0.405819693,0.628915749,-0.62827498,-13.20283013,65.71635589,38.23009757,-53.82172966,-36.48139892,70.44027786,18.70344086,1,1
71.272223,5,1573819917,AUT,FALSE,TRUE,TRUE,709.0141267,72.91179909,149.2568557,-179.8492253,-0.082956117,179.7854597,-2.598723273,4.863086059,1.722873722,-0.154936746,0.235740412,-0.640607262,-11.09404221,65.64886208,38.21783752,-53.75190124,-36.45207092,70.5503643,21.21831436,1,1
71.3727529,5,1573819917,AUT,FALSE,TRUE,TRUE,709.0141267,72.91179909,149.2568557,-179.8492253,-0.082956117,179.7854597,-2.598723273,4.863086059,1.722873722,-0.154936746,0.235740412,-0.640607262,-8.682862475,65.63875122,38.13785019,-53.54977684,-36.45285644,70.67511406,23.0180294,1,1
71.47327185,5,1573819917,AUT,FALSE,TRUE,TRUE,707.0301595,94.42599021,149.9175066,-179.9150442,-0.071576571,179.8939895,-0.670069529,-1.459833147,0.583563943,-1.266679295,-0.192188243,-0.430420253,-8.682862475,65.63875122,38.13785019,-53.54977684,-36.45285644,70.67511406,23.0180294,1,1
71.57372999,5,1573819917,AUT,FALSE,TRUE,TRUE,707.0301595,94.42599021,149.9175066,-179.9150442,-0.071576571,179.8939895,-0.670069529,-1.459833147,0.583563943,-1.266679295,-0.192188243,-0.430420253,-7.118453981,65.62137222,37.92405968,-53.21004181,-36.33416015,71.1053936,24.24132614,1,1
71.67418694,5,1573819918,AUT,FALSE,TRUE,TRUE,704.9375797,110.0602105,151.2759857,-179.9477861,-0.344664034,-179.8590899,5.509382652,-2.608662365,-0.458815435,-1.029629726,-0.271180199,-0.384479172,-7.118453981,65.62137222,37.92405968,-53.21004181,-36.33416015,71.1053936,24.24132614,1,1
71.7746439,5,1573819918,AUT,FALSE,TRUE,TRUE,701.4354629,109.1446633,152.318008,-179.9153686,-0.578994649,-179.7645003,6.743772896,1.031558824,-0.822522787,0.085805289,0.410902969,-0.398411591,-7.277717975,65.22960319,37.89104919,-53.8971302,-36.21695251,71.21491012,24.36542358,1,1
71.87509704,5,1573819918,AUT,FALSE,TRUE,TRUE,694.4089821,108.4150415,153.333257,-179.8683348,-0.751170163,-179.7889789,10.02428818,3.105554777,-0.218288277,0.572916171,0.440477968,-0.615014444,-7.819742206,64.33088035,37.91754684,-55.76478538,-36.00620727,70.63291626,24.76466674,1,1
71.97564006,5,1573819918,AUT,FALSE,TRUE,TRUE,681.9479184,110.2321895,152.8426033,-179.8998287,-0.78087615,-179.7514592,10.02428818,3.105554777,-0.218288277,0.572916171,0.440477968,-0.615014444,-8.502206044,62.77740669,37.93795394,-59.31297454,-35.88975769,69.12923126,26.02696838,1,1
72.07612395,5,1573819918,AUT,FALSE,TRUE,TRUE,681.9479184,110.2321895,152.8426033,-179.8998287,-0.78087615,-179.7514592,8.529828259,2.114819724,0.103445058,0.555804788,0.44375069,-0.431671481,-8.502206044,62.77740669,37.93795394,-59.31297454,-35.88975769,69.12923126,26.02696838,1,1
72.17662501,5,1573819918,AUT,FALSE,TRUE,TRUE,664.4619134,112.4778757,150.9140609,-179.9488806,-0.734416026,-179.7451605,7.078807698,0.647667593,-0.631938271,0.248480601,0.319610937,-0.372117599,-9.398535925,60.77194176,37.94889908,-64.07074127,-35.79017211,66.87224121,27.70575142,1,1
72.27711296,5,1573819918,AUT,FALSE,TRUE,TRUE,644.9043636,111.5562316,149.6261437,-179.9112659,-0.596159322,-179.6787591,1.946139347,0.544747126,-1.968423235,0.350411191,0.868144282,-0.36971364,-10.56078301,58.48499679,37.95572433,-69.23216972,-35.74875366,64.38904952,29.22600517,1,1
72.37760401,5,1573819918,AUT,FALSE,TRUE,TRUE,626.6303064,108.1471356,149.5318262,-179.8813854,-0.473086266,-179.7357477,-2.484713881,3.001293785,0.743571127,0.600626386,0.929350732,-0.668270626,-11.87034646,56.25709304,38.00189438,-73.91173096,-35.56389221,62.13104668,30.26060486,1,1
72.47807503,5,1573819918,AUT,FALSE,TRUE,TRUE,626.6303064,108.1471356,149.5318262,-179.8813854,-0.473086266,-179.7357477,-2.484713881,3.001293785,0.743571127,0.600626386,0.929350732,-0.668270626,-11.87034646,56.25709304,38.00189438,-73.91173096,-35.56389221,62.13104668,30.26060486,1,1
72.57859492,5,1573819918,AUT,FALSE,TRUE,TRUE,612.1864587,105.4429351,149.8496579,-179.8262536,-0.227486493,-179.818998,-10.05112793,7.904267892,2.887732368,1.374682829,1.657178098,-0.93124245,-12.94802628,54.46376038,38.11751174,-77.62323875,-35.49545837,60.24514046,31.02793807,1,1
72.67949486,5,1573819919,AUT,FALSE,TRUE,TRUE,604.1920293,105.6630644,151.6518246,-179.7621187,-0.052203157,-179.9539715,-13.13408297,9.611635696,3.163415748,1.161134109,2.056916409,-1.261028087,-13.49153023,53.37134514,38.31727066,-79.59053993,-35.39721862,59.3122879,31.49379272,1,1
72.78018594,5,1573819919,AUT,FALSE,TRUE,TRUE,602.5943339,111.8688085,154.0772151,-179.7038378,-0.01433055,179.8366425,-8.363524293,11.05059617,3.060495407,0.862419638,1.283048915,-1.465423209,-13.26166191,53.15496597,38.68546371,-79.77401504,-35.35711853,59.38211631,31.98270149,1,1
72.88076305,5,1573819919,AUT,FALSE,TRUE,TRUE,602.8144076,124.6981356,155.8504099,-179.6911728,-0.008201738,179.7460776,-5.033871156,10.98154791,3.003452334,0.64431858,0.861760844,-1.37803677,-12.23039589,53.4071846,39.10875664,-79.18092842,-35.55367492,59.88159943,33.0791851,1,1
72.98127699,5,1573819919,AUT,FALSE,TRUE,TRUE,602.8144076,124.6981356,155.8504099,-179.6911728,-0.008201738,179.7460776,-5.033871156,10.98154791,3.003452334,0.64431858,0.861760844,-1.37803677,-12.23039589,53.4071846,39.10875664,-79.18092842,-35.55367492,59.88159943,33.0791851,1,1
73.08175302,5,1573819919,AUT,FALSE,TRUE,TRUE,603.7997308,143.4101463,155.5495829,-179.7372186,-0.021797655,179.687714,-4.694258652,8.309444619,2.764503472,0.025463834,0.917613903,-1.29954503,-10.3999466,54.0345932,39.28481941,-78.06976433,-35.7543402,60.39658356,34.59944572,1,1
73.18229485,5,1573819919,AUT,FALSE,TRUE,TRUE,605.7179583,170.6718128,153.529275,-179.7724338,-0.039163891,179.6664147,-3.366351034,9.816904284,1.869054648,0.429844591,0.710573905,-1.206451223,-8.155783081,54.90493354,39.26606712,-76.59128952,-35.94756774,61.13755989,36.64830665,1,1
73.28278089,5,1573819919,AUT,FALSE,TRUE,TRUE,605.7179583,170.6718128,153.529275,-179.7724338,-0.039163891,179.6664147,-3.366351034,9.816904284,1.869054648,0.429844591,0.710573905,-1.206451223,-8.155783081,54.90493354,39.26606712,-76.59128952,-35.94756774,61.13755989,36.64830665,1,1
73.38325,5,1573819919,AUT,FALSE,TRUE,TRUE,609.1112498,200.2429807,152.634691,-179.7738147,-0.026786468,179.6865486,-3.366351034,9.816904284,1.869054648,0.429844591,0.710573905,-1.206451223,-4.254912188,56.59508743,39.2050724,-73.35542449,-36.2325531,62.30890159,38.55041084,1,1
73.48372102,5,1573819919,AUT,FALSE,TRUE,TRUE,609.1112498,200.2429807,152.634691,-179.7738147,-0.026786468,179.6865486,-3.71638141,5.108467653,0.203145943,-0.628578436,0.698381973,-1.223024936,-4.254912188,56.59508743,39.2050724,-73.35542449,-36.2325531,62.30890159,38.55041084,1,1
73.58417797,5,1573819919,AUT,FALSE,TRUE,TRUE,613.9718902,230.7203433,153.9595467,-179.8158325,-0.067403747,179.7429781,-1.199548751,7.793727041,1.227919521,0.092487464,0.556276008,-0.983904857,-0.763443375,58.17943611,39.11594238,-69.70608215,-36.2898468,64.05151176,40.1050415,1,1
73.68463588,5,1573819920,AUT,FALSE,TRUE,TRUE,613.9718902,230.7203433,153.9595467,-179.8158325,-0.067403747,179.7429781,-1.199548751,7.793727041,1.227919521,0.092487464,0.556276008,-0.983904857,-0.763443375,58.17943611,39.11594238,-69.70608215,-36.2898468,64.05151176,40.1050415,1,1
73.78515291,5,1573819920,AUT,FALSE,TRUE,TRUE,616.3202074,252.3004981,154.5956641,-179.8532067,-0.205074224,179.8896269,2.963154703,3.350618042,1.980469953,-0.469317338,0.33955222,-0.698331574,1.797991556,59.37790374,38.96783294,-66.93282394,-36.29279663,65.49658813,41.12728157,1,1
73.88563585,5,1573819920,AUT,FALSE,TRUE,TRUE,614.6266315,267.3099745,153.258406,-179.918861,-0.300169372,-179.943812,5.056219487,-0.792525659,0.375047545,-0.967795283,0.042270934,-0.308925333,3.554138944,60.03808937,38.76938553,-65.6480175,-36.30013,66.07186317,42.12740478,1,1
73.98616099,5,1573819920,AUT,FALSE,TRUE,TRUE,614.6266315,267.3099745,153.258406,-179.918861,-0.300169372,-179.943812,5.056219487,-0.792525659,0.375047545,-0.967795283,0.042270934,-0.308925333,3.554138944,60.03808937,38.76938553,-65.6480175,-36.30013,66.07186317,42.12740478,1,1
74.08663702,5,1573819920,AUT,FALSE,TRUE,TRUE,609.0214824,272.1475563,151.3534587,-179.9373786,-0.574661423,-179.7759382,8.495804521,-0.598552668,-0.703202469,-0.380423498,0.319887456,-0.227701792,4.105714413,59.95977745,38.64619446,-66.12940406,-36.22651062,66.00326042,42.86038856,1,1
74.18716884,5,1573819920,AUT,FALSE,TRUE,TRUE,599.1159088,273.7341458,150.1668457,-179.9166887,-0.628540224,-179.7067775,8.81478294,2.191686443,-0.77506278,0.44577624,0.205585559,-0.298907165,4.014891813,59.12609024,38.66768646,-68.20384941,-36.21646911,65.08178558,43.86055641,1,1
74.28766489,5,1573819920,AUT,FALSE,TRUE,TRUE,583.0477214,276.124859,149.869394,-179.8612068,-0.649869598,-179.7268238,7.347662742,3.258628901,-1.51097522,0.44577624,0.205585559,-0.298907165,3.794516369,57.64304924,38.80004081,-71.52708664,-36.13659301,63.59290809,45.40515174,1,1
74.38820887,5,1573819920,AUT,FALSE,TRUE,TRUE,583.0477214,276.124859,149.869394,-179.8612068,-0.649869598,-179.7268238,7.347662742,3.258628901,-1.51097522,0.693799288,0.239396899,-0.517587418,3.794516369,57.64304924,38.80004081,-71.52708664,-36.13659301,63.59290809,45.40515174,1,1
74.48871994,5,1573819920,AUT,FALSE,TRUE,TRUE,563.5445412,278.864622,149.1854488,-179.852561,-0.576347227,-179.7016472,3.0524527,5.149369286,2.95799585,0.98424713,0.798473734,-0.597105059,3.664129256,55.82243958,38.89389839,-75.51633568,-36.09921752,61.71417389,47.39849052,1,1
74.58971786,5,1573819920,AUT,FALSE,TRUE,TRUE,543.4032988,279.2438113,147.5740815,-179.9076434,-0.451126406,-179.6267207,0.129427686,2.877331084,0.653630632,0.558851773,0.890535526,-0.581642921,3.513592525,53.9413845,38.84891968,-79.66282654,-36.08672607,59.66876678,49.35641212,1,1
74.69050694,5,1573819921,AUT,FALSE,TRUE,TRUE,524.3626309,277.0658791,145.6360533,-179.827057,-0.479827218,-179.6340866,0.67095532,6.009159875,1.78935153,1.160955668,0.907763479,-0.75618484,3.138855738,52.18918533,38.85984077,-83.58423156,-35.98796997,57.70862388,50.81557503,1,1
74.79102683,5,1573819921,AUT,FALSE,TRUE,TRUE,507.0569436,274.3399817,143.4689257,-179.8563859,-0.423091842,-179.6776292,-0.66286124,4.33272329,-0.093497083,1.160955668,0.907763479,-0.75618484,2.784086606,50.62639389,38.87034645,-87.1559658,-35.97849426,55.79422874,52.23103637,1,1
74.89157891,5,1573819921,AUT,FALSE,TRUE,TRUE,507.0569436,274.3399817,143.4689257,-179.8563859,-0.423091842,-179.6776292,-0.66286124,4.33272329,-0.093497083,0.618305066,0.963850895,-0.862635412,2.784086606,50.62639389,38.87034645,-87.1559658,-35.97849426,55.79422874,52.23103637,1,1
74.99204087,5,1573819921,AUT,FALSE,TRUE,TRUE,492.5157544,270.9341278,142.4429979,-179.8083038,-0.299846187,-179.6517181,-2.294890888,7.88011688,2.880332669,1.301148389,1.129847812,-0.847629876,2.457562631,49.17135429,38.86472282,-90.21080017,-36.0153424,54.17497444,53.34340553,1,1
81.45338488,6,1573819927,AUT,FALSE,FALSE,TRUE,471.8840531,-399.9401346,169.8960614,-179.9904363,-0.023000017,179.994269,1.672386205,-1.676796431,10.27416582,-0.021582549,1.105560059,0.068758789,-63.72639542,52.4323986,38.95982323,-78.19611053,-34.58254394,61.43695106,-19.2365696,0.5,1
81.55394983,6,1573819927,AUT,FALSE,TRUE,TRUE,469.8544638,-399.6693716,166.6066208,-179.927676,-0.316972139,179.946742,-1.237110582,-2.094847276,11.15832364,-0.593952469,1.564605188,-0.138411413,-63.72258111,52.55170326,38.78953171,-78.39015655,-34.68920471,61.37352562,-19.23980026,1,1
81.65445089,6,1573819928,AUT,FALSE,TRUE,TRUE,469.6271741,-400.6311974,153.3307608,-179.9353,-0.055550456,179.9391962,-3.083523228,-1.501708951,2.025260399,-0.830836962,0.710139136,-0.447994322,-63.63272667,53.55241013,38.25840111,-78.693647,-35.15408569,59.86413459,-19.08402787,1,1
81.75493503,6,1573819928,AUT,FALSE,TRUE,TRUE,469.6271741,-400.6311974,153.3307608,-179.9353,-0.055550456,179.9391962,-3.083523228,-1.501708951,2.025260399,-0.830836962,0.710139136,-0.447994322,-63.63272667,53.55241013,38.25840111,-78.693647,-35.15408569,59.86413459,-19.08402787,1,1
81.85541201,6,1573819928,AUT,FALSE,TRUE,TRUE,470.7230454,-401.7534856,147.1256625,-179.8798648,-0.111769763,179.9146942,2.802129023,0.88217343,1.307592875,-0.122878561,-0.049307294,-0.451557258,-63.53727265,54.35623855,38.25478592,-78.37589836,-35.69153137,59.60334663,-18.93411255,1,1
81.95588803,6,1573819928,AUT,FALSE,TRUE,TRUE,470.4703024,-402.7481426,141.9604819,-179.8842479,-0.042826007,179.8894395,0.360120135,1.136428742,-0.117566475,-0.360040918,0.171174246,-0.538258751,-63.58269768,54.87276764,38.17867469,-78.34568939,-36.00196655,59.17210235,-18.87863159,1,1
82.05644488,6,1573819928,AUT,FALSE,TRUE,TRUE,470.8189271,-402.5695929,140.4922758,-179.8815264,-0.017311744,179.8919786,0.272570933,1.641397094,-0.18751825,-0.07265298,0.116159188,-0.466280822,-63.57144699,55.05391502,38.20062332,-78.33974648,-36.14537109,59.04881172,-18.78487015,1,1
82.15692592,6,1573819928,AUT,FALSE,TRUE,TRUE,470.8189271,-402.5695929,140.4922758,-179.8815264,-0.017311744,179.8919786,0.272570933,1.641397094,-0.18751825,-0.07265298,0.116159188,-0.466280822,-63.57144699,55.05391502,38.20062332,-78.33974648,-36.14537109,59.04881172,-18.78487015,1,1
82.25741887,6,1573819928,AUT,FALSE,TRUE,TRUE,472.6585924,-401.5866402,141.1608843,-179.9421526,0.105686633,179.9371754,-3.229675716,0.156930381,1.049037393,-0.237530506,0.312524533,-0.309637772,-63.4262867,55.04500923,38.25254745,-78.26715431,-36.14832641,59.02638588,-18.58303757,1,1
82.35787296,6,1573819928,AUT,FALSE,TRUE,TRUE,479.1852122,-399.7881964,143.1852151,-179.9876938,0.343008608,-179.9763435,-11.32963137,-2.487021181,3.552425934,-0.273596915,1.10421908,0.079805899,-62.86466218,55.19771576,38.37137833,-77.61495438,-36.14677185,59.25329818,-18.21789666,1,1
82.45833397,6,1573819928,AUT,FALSE,TRUE,TRUE,492.7889199,-398.2333499,145.7791458,179.9936695,0.449115554,-179.9256132,-12.98271305,-3.041321105,5.372498031,-0.156071659,1.448292486,0.20049556,-61.50287247,55.9718502,38.46744689,-75.53221435,-36.15054565,60.31469764,-17.83016854,1,1
82.55883694,6,1573819928,AUT,FALSE,TRUE,TRUE,492.7889199,-398.2333499,145.7791458,179.9936695,0.449115554,-179.9256132,-12.98271305,-3.041321105,5.372498031,-0.156071659,1.448292486,0.20049556,-61.50287247,55.9718502,38.46744689,-75.53221435,-36.15054565,60.31469764,-17.83016854,1,1
82.65964794,6,1573819929,AUT,FALSE,TRUE,TRUE,517.1809428,-398.1253431,147.0691205,-179.981728,0.44604873,-179.918513,-7.711609165,-4.166224748,4.960376594,-0.728113771,0.488035634,-0.028258682,-58.92538033,57.93466758,38.37649383,-71.04492416,-36.19021179,62.43229866,-17.62912216,1,1
82.76032901,6,1573819929,AUT,FALSE,TRUE,TRUE,539.0484113,-398.4209084,145.2564654,-179.9642161,0.462118315,-179.9463101,-4.75775136,-4.454087617,4.019248471,-0.936172115,0.123492797,-0.152215825,-56.50120926,60.15139961,38.24245719,-66.54380149,-36.34079589,64.2731781,-17.62063523,1,1
82.86094499,6,1573819929,AUT,FALSE,TRUE,TRUE,561.8880505,-398.213611,143.5757668,-179.962526,0.43235551,-179.9724315,-2.143150553,0.91560657,-0.228724259,-0.10675059,-0.404553288,-0.210960978,-53.93856583,62.57166023,38.18319283,-61.55590209,-36.57338195,66.37578964,-17.70242158,1,1
82.96148396,6,1573819929,AUT,FALSE,TRUE,TRUE,561.8880505,-398.213611,143.5757668,-179.962526,0.43235551,-179.9724315,-2.143150553,0.91560657,-0.228724259,-0.10675059,-0.404553288,-0.210960978,-53.93856583,62.57166023,38.18319283,-61.55590209,-36.57338195,66.37578964,-17.70242158,1,1
83.06189585,6,1573819929,AUT,FALSE,TRUE,TRUE,582.9072278,-397.7819224,144.3635544,-179.9594918,0.23681491,-179.9953942,5.457082917,2.284481483,-0.833428794,0.243180137,-0.489738485,-0.215206755,-51.42194138,64.80874786,38.14879188,-56.43823699,-36.70342712,68.82192306,-17.99647408,1,1
83.16238594,6,1573819929,AUT,FALSE,TRUE,TRUE,597.1870969,-398.930587,147.0390277,-179.9167794,-0.030044506,179.9920441,11.93882863,1.91929335,-2.520709131,-0.034034466,-1.691908265,-0.492264063,-49.51138115,66.4743164,38.06532669,-52.1404541,-36.71500671,71.06484374,-18.60368843,1,1
83.26291895,6,1573819929,AUT,FALSE,TRUE,TRUE,604.6693183,-401.4829539,150.1079825,-179.8943832,-0.174884149,179.9491381,11.89537334,5.420583053,-0.55979266,0.5554186,-1.317414459,-0.568362229,-48.48987579,67.45388145,38.03777161,-49.31657295,-36.66684814,72.63471794,-19.2418499,1,1
83.36340094,6,1573819929,AUT,FALSE,TRUE,TRUE,606.9307299,-402.3119198,151.0636502,-179.8351636,-0.249121787,179.8768145,9.419686036,6.803258118,0.923217175,0.712817121,-1.008530218,-0.734477587,-48.14815979,67.81810569,38.03812179,-48.29290123,-36.61430603,73.21791,-19.55290375,1,1
83.46388292,6,1573819929,AUT,FALSE,TRUE,TRUE,606.9307299,-402.3119198,151.0636502,-179.8351636,-0.249121787,179.8768145,9.419686036,6.803258118,0.923217175,0.712817121,-1.008530218,-0.734477587,-48.14815979,67.81810569,38.03812179,-48.29290123,-36.61430603,73.21791,-19.55290375,1,1
83.56435394,6,1573819929,AUT,FALSE,TRUE,TRUE,607.8282033,-396.5083141,149.0568901,-179.734976,-0.272337259,179.7016872,0.956097615,6.085881798,0.460079224,0.113068808,0.762380667,-1.207666044,-48.00298233,67.69745521,38.09344139,-48.97148895,-36.55747924,72.87273674,-19.09792557,1,1
83.66482496,6,1573819930,AUT,FALSE,TRUE,TRUE,609.6649416,-384.8391156,146.5046114,-179.7188791,-0.302309242,179.5969358,1.896541208,6.854825675,1.217187722,0.139610169,0.800124325,-1.265023621,-47.65429344,67.27001838,38.14157867,-50.47108498,-36.55928649,72.12117576,-17.87066346,1,1
83.76532888,6,1573819930,AUT,FALSE,TRUE,TRUE,609.6649416,-384.8391156,146.5046114,-179.7188791,-0.302309242,179.5969358,1.896541208,6.854825675,1.217187722,0.139610169,0.800124325,-1.265023621,-47.65429344,67.27001838,38.14157867,-50.47108498,-36.55928649,72.12117576,-17.87066346,1,1
83.86585784,6,1573819930,AUT,FALSE,TRUE,TRUE,611.7546236,-366.3215333,143.8887076,-179.7335263,-0.367525554,179.5300568,4.016259261,7.62810932,1.087385967,0.092869515,0.378619877,-1.190202705,-47.06606827,66.41367187,38.1925312,-52.98776436,-36.57851257,70.94835777,-15.81672478,1,1
83.96633697,6,1573819930,AUT,FALSE,TRUE,TRUE,612.9688303,-342.5659962,142.4186039,-179.7841866,-0.388734224,179.5009396,4.458095075,7.41949837,0.789509952,0.063331393,0.362445003,-0.865989191,-46.38018151,65.11599769,38.32041549,-56.29675713,-36.62377624,69.45537414,-13.12085152,1,1
84.06681395,6,1573819930,AUT,FALSE,TRUE,TRUE,612.9688303,-342.5659962,142.4186039,-179.7841866,-0.388734224,179.5009396,4.458095075,7.41949837,0.789509952,0.063331393,0.362445003,-0.865989191,-45.33747254,62.76768722,38.60186806,-61.6011486,-36.63346069,67.21552963,-8.900765994,1,1
84.16728592,6,1573819930,AUT,FALSE,TRUE,TRUE,612.2107067,-297.0122749,143.8536774,-179.8550367,-0.344657795,179.5127296,1.140651498,5.069755505,-0.665577731,-0.13319601,0.50989657,-0.301837721,-45.33747254,62.76768722,38.60186806,-61.6011486,-36.63346069,67.21552963,-8.900765994,1,1
84.26776505,6,1573819930,AUT,FALSE,TRUE,TRUE,612.2107067,-297.0122749,143.8536774,-179.8550367,-0.344657795,179.5127296,1.140651498,5.069755505,-0.665577731,-0.13319601,0.50989657,-0.301837721,-45.33747254,62.76768722,38.60186806,-61.6011486,-36.63346069,67.21552963,-8.900765994,1,1
84.36827898,6,1573819930,AUT,FALSE,TRUE,TRUE,607.5824059,-246.2429688,148.4242416,-179.9500836,-0.246678041,179.586732,-5.200460723,4.714400926,2.7165477,-0.113513452,1.55885036,0.048906963,-43.40746651,59.05820846,39.21318168,-69.13959274,-36.62732482,64.29877624,-2.372167975,1,1
84.46890593,6,1573819930,AUT,FALSE,TRUE,TRUE,604.487368,-205.3850282,150.2581468,-179.9596972,-0.185575879,179.6116012,-6.590497203,3.78581132,2.600159557,0.020060614,1.497400191,0.212671756,-41.50606957,56.94068641,39.56885033,-73.52012329,-36.59492065,62.49236297,2.019596094,1,1
84.56958604,6,1573819930,AUT,FALSE,TRUE,TRUE,604.487368,-205.3850282,150.2581468,-179.9596972,-0.185575879,179.6116012,-6.590497203,3.78581132,2.600159557,0.020060614,1.497400191,0.212671756,-41.50606957,56.94068641,39.56885033,-73.52012329,-36.59492065,62.49236297,2.019596094,1,1
84.67024803,6,1573819931,AUT,FALSE,TRUE,TRUE,603.3337418,-166.4859719,149.7607737,179.9755868,-0.135439619,179.6346899,-7.385160724,5.395220348,4.954016107,0.426155083,1.861331878,0.373213879,-39.06236001,55.51875343,39.70747375,-76.57448387,-36.5961621,61.04669266,6.196986006,1,1
84.77084184,6,1573819931,AUT,FALSE,TRUE,TRUE,603.3337418,-166.4859719,149.7607737,179.9755868,-0.135439619,179.6346899,-7.385160724,5.395220348,4.954016107,0.426155083,1.861331878,0.373213879,-36.18585091,54.76976738,39.69771652,-78.47325096,-36.63533935,60.00946655,10.1163311,1,1
84.87131286,6,1573819931,AUT,FALSE,TRUE,TRUE,604.3153979,-128.4409414,147.5780444,179.9653038,-0.130012791,179.6704458,-5.589069407,3.591762449,3.272631423,-0.532570525,1.594781223,0.333084473,-36.18585091,54.76976738,39.69771652,-78.47325096,-36.63533935,60.00946655,10.1163311,1,1
84.97178197,6,1573819931,AUT,FALSE,TRUE,TRUE,604.3153979,-128.4409414,147.5780444,179.9653038,-0.130012791,179.6704458,-5.589069407,3.591762449,3.272631423,-0.532570525,1.594781223,0.333084473,-32.60048676,54.51518326,39.61330719,-79.22857475,-36.74532897,59.59660721,14.05596656,1,1
85.07230997,6,1573819931,AUT,FALSE,TRUE,TRUE,608.2075396,-89.64660821,146.5078646,179.9269125,-0.169520095,179.7715318,-2.059541028,0.807636501,0.75548456,-1.191562934,1.084612597,0.405721201,-32.60048676,54.51518326,39.61330719,-79.22857475,-36.74532897,59.59660721,14.05596656,1,1
85.1727879,6,1573819931,AUT,FALSE,TRUE,TRUE,610.9762991,-67.90225207,146.6719724,179.9276482,-0.202173777,179.842661,0.729712797,0.327548508,0.582858131,-1.140376778,0.789595361,0.3090753,-30.50330658,54.4779808,39.54923629,-79.22672768,-36.73987426,59.62395286,16.1134552,1,1
85.27329683,6,1573819931,AUT,FALSE,TRUE,TRUE,610.9762991,-67.90225207,146.6719724,179.9276482,-0.202173777,179.842661,0.729712797,0.327548508,0.582858131,-1.140376778,0.789595361,0.3090753,-30.50330658,54.4779808,39.54923629,-79.22672768,-36.73987426,59.62395286,16.1134552,1,1
85.37376499,6,1573819931,AUT,FALSE,TRUE,TRUE,613.3903809,-51.18852187,146.7704046,179.8966541,-0.111563997,179.9304347,-2.168955611,-0.666952089,0.993422206,-1.039171805,0.866708525,0.479606174,-28.7870327,54.46454315,39.43571663,-79.1523777,-36.72901977,59.57606964,17.71856804,1,1
85.47423196,6,1573819931,AUT,FALSE,TRUE,TRUE,618.6633847,-47.62443634,147.3561776,179.8550908,0.122990658,-179.8925474,-7.268082556,-0.50374911,3.028226468,-0.617393936,0.90468474,0.523154733,-27.7950943,54.66980209,38.97392693,-78.26354599,-36.57904541,59.70348701,17.8907135,1,1
85.57471204,6,1573819931,AUT,FALSE,TRUE,TRUE,618.6633847,-47.62443634,147.3561776,179.8550908,0.122990658,-179.8925474,-7.268082556,-0.50374911,3.028226468,-0.617393936,0.90468474,0.523154733,-27.7950943,54.66980209,38.97392693,-78.26354599,-36.57904541,59.70348701,17.8907135,1,1
85.67523193,6,1573819932,AUT,FALSE,TRUE,TRUE,630.3765103,-48.45592253,147.8504057,179.9355597,0.315334473,179.9788073,-11.84248338,4.455800995,4.681216002,0.121606157,1.32767976,0.162040073,-27.09778519,55.78349304,38.86047935,-75.75793876,-36.53278198,60.69146347,17.11554222,1,1
85.77570391,6,1573819932,AUT,FALSE,TRUE,TRUE,630.3765103,-48.45592253,147.8504057,179.9355597,0.315334473,179.9788073,-11.84248338,4.455800995,4.681216002,0.121606157,1.32767976,0.162040073,-27.09778519,55.78349304,38.86047935,-75.75793876,-36.53278198,60.69146347,17.11554222,1,1
85.87614894,6,1573819932,AUT,FALSE,TRUE,TRUE,655.2275414,-51.26757608,149.5964003,179.9808424,0.354880143,179.9921379,-10.91921475,5.157562108,2.376422852,0.121606157,1.32767976,0.162040073,-25.60503503,58.38628463,38.84759788,-69.93876228,-36.7044104,63.34350814,15.55372238,1,1
85.97660184,6,1573819932,AUT,FALSE,TRUE,TRUE,655.2275414,-51.26757608,149.5964003,179.9808424,0.354880143,179.9921379,-10.91921475,5.157562108,2.376422852,-0.427528883,0.337011053,0.086389144,-25.60503503,58.38628463,38.84759788,-69.93876228,-36.7044104,63.34350814,15.55372238,1,1
86.07711101,6,1573819932,AUT,FALSE,TRUE,TRUE,685.8628628,-52.525984,149.1186563,-179.9904112,0.188665022,179.9119422,-2.059957338,4.708128786,1.881193852,-0.25317697,0.108511166,0.063314056,-23.1479599,62.1854187,38.66186028,-61.62754669,-36.77924926,67.08550644,13.39985618,1,1
86.17758393,6,1573819932,AUT,FALSE,TRUE,TRUE,685.8628628,-52.525984,149.1186563,-179.9904112,0.188665022,179.9119422,-2.059957338,4.708128786,1.881193852,-0.25317697,0.108511166,0.063314056,-23.1479599,62.1854187,38.66186028,-61.62754669,-36.77924926,67.08550644,13.39985618,1,1
86.2781229,6,1573819932,AUT,FALSE,TRUE,TRUE,703.8457643,-47.53968217,145.1665024,179.9850079,0.007003569,179.8942638,2.542074584,7.722795081,1.67522241,0.469089053,-0.083830348,0.202895363,-21.39374543,64.44777832,38.4748043,-57.09505806,-36.8885028,69.25427628,12.54551811,1,1
86.37858486,6,1573819932,AUT,FALSE,TRUE,TRUE,711.7154324,-38.73212129,142.6950345,-179.9122229,-0.076227599,179.8064355,5.393519372,5.997214817,-0.770320085,-0.15675516,-0.686931017,-0.035288397,-19.58193169,66.17523422,38.40689849,-53.81933326,-36.97784362,70.14257927,12.52495651,1,1
86.4792819,6,1573819932,AUT,FALSE,TRUE,TRUE,716.261427,-24.15942411,143.1968924,-179.9362647,-0.097725897,179.7618422,5.393519372,5.997214817,-0.770320085,-0.136161963,-0.713502586,-0.263583591,-18.07854882,66.73890152,38.4435379,-52.50609626,-36.97859619,70.74750709,13.35743523,1,1
86.58009696,6,1573819932,AUT,FALSE,TRUE,TRUE,716.261427,-24.15942411,143.1968924,-179.9362647,-0.097725897,179.7618422,4.698155103,6.226793292,-1.278797422,-0.136161963,-0.713502586,-0.263583591,-18.07854882,66.73890152,38.4435379,-52.50609626,-36.97859619,70.74750709,13.35743523,1,1
86.68086696,6,1573819933,AUT,FALSE,TRUE,TRUE,717.8286048,-3.949848949,145.3572009,-179.879495,-0.096257174,179.7546606,1.290855297,9.289852944,-0.343941321,0.617311769,-0.306129391,-0.148111153,-16.39105912,66.76835174,38.52084045,-52.08988609,-36.96439636,71.08020058,14.79210205,1,1
86.78137302,6,1573819933,AUT,FALSE,TRUE,TRUE,717.6845237,19.53874403,147.5756655,-179.9952403,-0.068745903,179.7625114,-1.592741299,5.933757551,1.101949381,0.002591408,0.207451065,-0.064362982,-14.50210076,66.5967453,38.53460083,-52.06943436,-36.88527832,71.21380119,16.75580521,1,1
86.88190794,6,1573819933,AUT,FALSE,TRUE,TRUE,716.6246246,43.49165804,149.3495232,-179.9250769,-0.059709748,179.7964409,-0.594816701,2.762392929,0.367374898,-0.547830858,-0.133188175,-0.268913019,-12.57055321,66.44677849,38.52450027,-52.06542091,-36.8303247,71.33587303,18.56935959,1,1
86.98237705,6,1573819933,AUT,FALSE,TRUE,TRUE,716.6246246,43.49165804,149.3495232,-179.9250769,-0.059709748,179.7964409,-0.594816701,2.762392929,0.367374898,-0.547830858,-0.133188175,-0.268913019,-12.57055321,66.44677849,38.52450027,-52.06542091,-36.8303247,71.33587303,18.56935959,1,1
87.08283806,6,1573819933,AUT,FALSE,TRUE,TRUE,714.819866,65.5653346,150.6878845,-179.863687,-0.089182323,179.8639449,-2.259700406,6.065586046,1.477345541,0.304057902,0.23440209,-0.402705628,-10.80347443,66.33548355,38.51734543,-52.05474358,-36.81979431,71.47292404,20.31324691,1,1
87.18329597,6,1573819933,AUT,FALSE,TRUE,TRUE,713.1313876,83.23567107,151.1393251,-179.9259327,-0.062372773,179.915222,-0.951115311,1.842962963,0.916591413,-0.633988295,-0.08009972,-0.491233541,-9.30781975,66.2958744,38.47690544,-52.02845878,-36.81912414,71.5012104,21.79042053,1,1
87.28375483,6,1573819933,AUT,FALSE,TRUE,TRUE,711.000608,96.81115994,151.2443649,-179.9249447,-0.169376928,-179.9677598,0.481846919,-0.333451861,1.10764536,-0.769023765,0.110800599,-0.359168077,-8.144003681,66.27738647,38.41927185,-52.01095963,-36.81912414,71.63444023,22.92162094,1,1
87.38422894,6,1573819933,AUT,FALSE,TRUE,TRUE,711.000608,96.81115994,151.2443649,-179.9249447,-0.169376928,-179.9677598,0.481846919,-0.333451861,1.10764536,-0.769023765,0.110800599,-0.359168077,-8.144003681,66.27738647,38.41927185,-52.01095963,-36.81912414,71.63444023,22.92162094,1,1
87.48474598,6,1573819933,AUT,FALSE,TRUE,TRUE,707.354063,102.9356987,150.8675982,-179.9456393,-0.557419761,-179.8528358,7.721916416,0.6521796,0.985527371,-0.280045918,0.262005038,-0.229933083,-7.631934363,66.12704201,38.36244163,-52.39866714,-36.72649841,71.80441246,23.57979813,1,1
87.58527994,6,1573819933,AUT,FALSE,TRUE,TRUE,698.1549827,105.9912757,148.4460459,-179.94238,-0.837467343,-179.7804548,7.721916416,0.6521796,0.985527371,-0.280045918,0.262005038,-0.229933083,-7.9389679,65.29304237,38.36419601,-54.74017296,-36.68163024,70.92407112,24.58552093,1,1
87.68575096,6,1573819934,AUT,FALSE,TRUE,TRUE,698.1549827,105.9912757,148.4460459,-179.94238,-0.837467343,-179.7804548,12.29109494,0.336956092,0.029514198,0.338069621,0.339931126,-0.275164587,-7.9389679,65.29304237,38.36419601,-54.74017296,-36.68163024,70.92407112,24.58552093,1,1
87.786237,6,1573819934,AUT,FALSE,TRUE,TRUE,673.9301272,111.2603247,141.2610922,-179.9331774,-0.809598438,-179.7760855,7.074956385,1.256670736,-0.641372715,0.338069621,0.339931126,-0.275164587,-9.089998631,62.93026428,38.34710541,-61.42951126,-36.74616394,67.50952377,27.17769012,1,1
87.88670802,6,1573819934,AUT,FALSE,TRUE,TRUE,673.9301272,111.2603247,141.2610922,-179.9331774,-0.809598438,-179.7760855,7.074956385,1.256670736,-0.641372715,0.011002779,0.992999693,-0.226582101,-9.089998631,62.93026428,38.34710541,-61.42951126,-36.74616394,67.50952377,27.17769012,1,1
87.98719001,6,1573819934,AUT,FALSE,TRUE,TRUE,645.0717949,109.6624389,139.909607,-179.8907923,-0.547272315,-179.6423475,0.091309035,4.146885936,-1.454611754,0.838108642,0.843333039,-0.434540365,-10.88307381,59.49213753,38.32298355,-69.31032714,-36.82618835,63.66869659,29.62718124,1,1
88.08771205,6,1573819934,AUT,FALSE,TRUE,TRUE,645.0717949,109.6624389,139.909607,-179.8907923,-0.547272315,-179.6423475,0.091309035,4.146885936,-1.454611754,0.838108642,0.843333039,-0.434540365,-10.88307381,59.49213753,38.32298355,-69.31032714,-36.82618835,63.66869659,29.62718124,1,1
88.18818784,6,1573819934,AUT,FALSE,TRUE,TRUE,625.2979888,105.7087319,143.6350326,-179.8143511,-0.395950859,-179.7381593,-6.222709484,5.560150871,1.647795546,0.846008921,1.562915618,-0.938515313,-12.4260006,56.73858261,38.43535309,-74.47468414,-36.45821777,61.51880951,30.59794693,1,1
88.28865695,6,1573819934,AUT,FALSE,TRUE,TRUE,625.2979888,105.7087319,143.6350326,-179.8143511,-0.395950859,-179.7381593,-6.222709484,5.560150871,1.647795546,0.846008921,1.562915618,-0.938515313,-12.4260006,56.73858261,38.43535309,-74.47468414,-36.45821777,61.51880951,30.59794693,1,1
88.389539,6,1573819934,AUT,FALSE,TRUE,TRUE,607.8464284,103.4843608,148.2313145,-179.796149,-0.185757292,-179.8321487,-8.655133673,6.698532127,2.473049328,0.890999319,1.762277367,-1.034746711,-13.64934883,54.26561164,38.64470787,-78.73735885,-36.07540466,59.75482749,31.47258567,1,1
88.49003792,6,1573819934,AUT,FALSE,TRUE,TRUE,603.8548945,106.0653892,150.9563153,-179.7498854,-0.055767361,-179.9876637,-8.773039584,9.088032606,3.977628581,0.848666977,1.66620832,-1.347875387,-13.74759408,53.54104614,38.77753601,-79.68525238,-35.85307434,59.37425423,31.78707275,1,1
88.59064198,6,1573819934,AUT,FALSE,TRUE,TRUE,603.8548945,106.0653892,150.9563153,-179.7498854,-0.055767361,-179.9876637,-8.773039584,9.088032606,3.977628581,0.848666977,1.66620832,-1.347875387,-13.74759408,53.54104614,38.77753601,-79.68525238,-35.85307434,59.37425423,31.78707275,1,1
88.69123602,6,1573819935,AUT,FALSE,TRUE,TRUE,604.1372014,116.3607537,150.1140725,-179.7078387,-0.042181227,179.8340501,-5.635762594,10.4171357,4.303185746,0.430191069,1.104514339,-1.367764748,-12.95896798,53.85499076,38.9605339,-79.29975929,-35.92241455,59.45990982,32.55808639,1,1
88.7917099,6,1573819935,AUT,FALSE,TRUE,TRUE,606.9791078,135.2345252,148.0843323,-179.6908518,0.016500412,179.7418697,-5.635762594,10.4171357,4.303185746,0.430191069,1.104514339,-1.367764748,-11.04966774,54.76219711,39.06044426,-77.95270156,-36.23248718,59.87598609,33.99901886,1,1
88.89217997,6,1573819935,AUT,FALSE,TRUE,TRUE,606.9791078,135.2345252,148.0843323,-179.6908518,0.016500412,179.7418697,-5.904317095,11.94629608,2.938137519,1.279970789,0.934261382,-1.2547033,-11.04966774,54.76219711,39.06044426,-77.95270156,-36.23248718,59.87598609,33.99901886,1,1
88.99264598,6,1573819935,AUT,FALSE,TRUE,TRUE,610.3902906,163.266313,147.6669369,-179.706368,-0.039488177,179.7063433,-2.797260631,10.04390606,2.550195222,0.505191767,0.680448404,-1.187359695,-8.063068775,55.98106155,39.15248909,-75.60561333,-36.42560485,60.9413475,35.91236343,1,1
89.09313202,6,1573819935,AUT,FALSE,TRUE,TRUE,610.3902906,163.266313,147.6669369,-179.706368,-0.039488177,179.7063433,-2.797260631,10.04390606,2.550195222,0.505191767,0.680448404,-1.187359695,-8.063068775,55.98106155,39.15248909,-75.60561333,-36.42560485,60.9413475,35.91236343,1,1
89.19359994,6,1573819935,AUT,FALSE,TRUE,TRUE,611.8189616,193.1830907,148.5717124,-179.7656833,-0.064870168,179.7421709,-1.863487753,5.660313367,1.964462614,-0.348645965,0.686708614,-0.984171568,-4.872989275,57.02471809,39.17247047,-73.27829361,-36.5219989,62.09456176,37.99338341,1,1
89.29413605,6,1573819935,AUT,FALSE,TRUE,TRUE,612.9358331,223.6174865,150.3068995,-179.8072001,-0.049939267,179.8142747,-2.102271619,3.519679112,1.182130725,-0.790936442,0.71066157,-0.830927976,-1.601648712,58.09757766,39.11567802,-70.62303199,-36.56524658,63.43273773,39.91161689,1,1
89.39462399,6,1573819935,AUT,FALSE,TRUE,TRUE,612.9358331,223.6174865,150.3068995,-179.8072001,-0.049939267,179.8142747,-2.102271619,3.519679112,1.182130725,-0.790936442,0.71066157,-0.830927976,-1.601648712,58.09757766,39.11567802,-70.62303199,-36.56524658,63.43273773,39.91161689,1,1
89.49512792,6,1573819935,AUT,FALSE,TRUE,TRUE,615.0913312,250.9957021,151.5461723,-179.8345178,-0.091188236,179.8984123,0.473210871,5.286811165,1.041312804,-0.242250951,0.400199789,-0.743896886,1.586683269,59.39683799,38.98204994,-67.50772819,-36.56388427,64.94939689,41.3393692,1,1
89.59560204,6,1573819935,AUT,FALSE,TRUE,TRUE,615.0913312,250.9957021,151.5461723,-179.8345178,-0.091188236,179.8984123,0.473210871,5.286811165,1.041312804,-0.242250951,0.400199789,-0.743896886,1.586683269,59.39683799,38.98204994,-67.50772819,-36.56388427,64.94939689,41.3393692,1,1
89.69607306,6,1573819936,AUT,FALSE,TRUE,TRUE,616.1960548,263.5215538,151.5282234,-179.9425484,-0.176040936,-179.9345916,3.981173366,-1.422503629,0.161891912,-1.095685964,0.073894929,-0.448462266,3.162314981,60.13730964,38.82806968,-65.81941795,-36.56440063,65.80689697,41.98819084,1,1
89.79653883,6,1573819936,AUT,FALSE,TRUE,TRUE,614.90395,269.8557809,150.6083072,-179.9364835,-0.385666814,-179.8248893,8.162504129,-0.176499988,-1.818226384,-0.61946229,-0.24207078,-0.354665328,3.905680844,60.44770774,38.77704506,-65.26411399,-36.54855285,66.15409927,42.35465011,1,1
89.89701104,6,1573819936,AUT,FALSE,TRUE,TRUE,614.90395,269.8557809,150.6083072,-179.9364835,-0.385666814,-179.8248893,8.162504129,-0.176499988,-1.818226384,-0.61946229,-0.24207078,-0.354665328,3.905680844,60.44770774,38.77704506,-65.26411399,-36.54855285,66.15409927,42.35465011,1,1
89.99750996,6,1573819936,AUT,FALSE,TRUE,TRUE,605.991615,274.0482669,149.8055888,-179.8850941,-0.638423606,-179.7900878,9.908207322,2.020599619,-0.827275908,0.149677702,0.075219509,-0.336136353,4.09687385,59.98331566,38.9097805,-66.58646278,-36.4888861,65.79326363,43.29088783,1,1
90.09797502,6,1573819936,AUT,FALSE,TRUE,TRUE,587.4123521,277.5432065,149.0370176,-179.9148709,-0.626055965,-179.6320453,7.931007029,1.261046091,-1.004752696,0.474536829,0.325455409,-0.193357833,4.014534756,58.30523643,38.95479011,-70.40300331,-36.49102844,64.13514862,45.32460479,1,1
90.1984489,6,1573819936,AUT,FALSE,TRUE,TRUE,587.4123521,277.5432065,149.0370176,-179.9148709,-0.626055965,-179.6320453,7.931007029,1.261046091,-1.004752696,0.474536829,0.325455409,-0.193357833,4.014534756,58.30523643,38.95479011,-70.40300331,-36.49102844,64.13514862,45.32460479,1,1
90.29913998,6,1573819936,AUT,FALSE,TRUE,TRUE,562.1254142,278.5438477,148.0210157,-179.8933381,-0.623126976,-179.5969324,4.581597356,2.799706799,0.934449233,0.777464227,0.525188813,-0.318332281,3.617918013,55.87707939,39.00868149,-75.72247353,-36.32838684,61.68701706,47.66970176,1,1
90.39973402,6,1573819936,AUT,FALSE,TRUE,TRUE,533.9792332,275.670768,144.2930668,-179.8829759,-0.544295759,-179.5840345,0.047275563,3.9630441,2.408967651,0.777464227,0.525188813,-0.318332281,3.159674831,53.79930725,38.98947944,-80.50569763,-36.31134155,59.24309806,49.6534996,1,1
90.50038505,6,1573819936,AUT,FALSE,TRUE,TRUE,533.9792332,275.670768,144.2930668,-179.8829759,-0.544295759,-179.5840345,0.047275563,3.9630441,2.408967651,0.762287532,1.156568752,-0.542317766,3.159674831,53.79930725,38.98947944,-80.50569763,-36.31134155,59.24309806,49.6534996,1,1
90.60101604,6,1573819937,AUT,FALSE,TRUE,TRUE,512.4031946,271.4372374,140.1560154,-179.8114648,-0.46779493,-179.6684046,-0.689810419,7.063082661,2.628779807,0.738555299,1.258316903,-0.941239928,2.418777463,51.38131256,38.9626728,-86.43113251,-36.41285522,55.9631916,51.79462166,1,1
90.70149398,6,1573819937,AUT,FALSE,TRUE,TRUE,493.8799799,269.2298771,137.5345961,-179.798961,-0.353183422,-179.7348228,-2.373659498,9.251748177,1.631053982,1.040962263,1.247728141,-0.980326775,2.151198575,49.80563278,38.96148148,-90.13172951,-36.53439147,53.87687416,53.37365913,1,1
96.61146903,7,1573819943,AUT,FALSE,FALSE,TRUE,471.7425274,-400.0822411,169.7022969,179.9930187,-0.036548427,179.985932,-1.247182498,-1.206074329,7.122430702,-0.1996722,0.968828831,0.044857904,-63.76235161,52.53742103,38.93093261,-78.29790229,-34.65376831,61.50383377,-19.20610314,0.5,1
96.71200705,7,1573819943,AUT,FALSE,TRUE,TRUE,470.4895316,-399.4825166,167.9376763,-179.9775736,-0.269804164,179.8787548,-2.076592982,0.113784915,8.343160877,0.037474999,1.561677682,0.004875099,-63.76235161,52.53742103,38.93093261,-78.29790229,-34.65376831,61.50383377,-19.20610314,1,1
96.81248188,7,1573819943,AUT,FALSE,TRUE,TRUE,470.169426,-400.3159578,156.6684077,-179.9457661,-0.116949517,179.8935811,-4.152575801,-1.293404959,4.157602378,-0.551791884,1.220100079,-0.294432287,-63.64031068,53.3486721,38.45124206,-78.53246383,-35.04178344,60.31592674,-19.103405,1,1
96.91296983,7,1573819943,AUT,FALSE,TRUE,TRUE,471.9170545,-401.1063671,146.9632259,-179.8493498,-0.012380636,179.8535178,0.253958418,1.103545997,-0.204025457,-0.465251124,-0.054670248,-0.624819575,-63.47675514,54.41396141,38.31167106,-78.30064544,-35.66549377,59.58170013,-18.91637306,1,1
97.01355886,7,1573819943,AUT,FALSE,TRUE,TRUE,471.9170545,-401.1063671,146.9632259,-179.8493498,-0.012380636,179.8535178,0.253958418,1.103545997,-0.204025457,-0.465251124,-0.054670248,-0.624819575,-63.37203828,55.07673912,38.33114776,-78.14100723,-36.17088134,59.32397461,-18.61122437,1,1
97.11408687,7,1573819943,AUT,FALSE,TRUE,TRUE,472.7390336,-401.2098975,141.4234923,-179.874928,-0.072605293,179.8513188,3.154793487,1.900300653,-0.722018345,-0.257005304,-0.305489719,-0.582591843,-63.37203828,55.07673912,38.33114776,-78.14100723,-36.17088134,59.32397461,-18.61122437,1,1
97.21458387,7,1573819943,AUT,FALSE,TRUE,TRUE,472.9218516,-401.22816,140.0345867,-179.8693509,-0.03757278,179.8539359,0.991950774,1.174042243,-0.93792687,-0.309952475,-0.194114712,-0.532831572,-63.37163659,55.24211426,38.33351326,-78.14290581,-36.28329345,59.18296165,-18.55376244,1,1
97.31509686,7,1573819943,AUT,FALSE,TRUE,TRUE,474.6313937,-400.7220999,142.2865347,-179.8909768,0.116202813,179.9342229,-3.1556644,0.029316761,0.324202012,-0.309952475,-0.194114712,-0.532831572,-63.32037506,55.12816887,38.4629425,-78.06390381,-36.27951965,59.25578728,-18.4348732,1,1
97.41557002,7,1573819943,AUT,FALSE,TRUE,TRUE,474.6313937,-400.7220999,142.2865347,-179.8909768,0.116202813,179.9342229,-3.1556644,0.029316761,0.324202012,-0.231805908,0.020024944,-0.360077435,-63.32037506,55.12816887,38.4629425,-78.06390381,-36.27951965,59.25578728,-18.4348732,1,1
97.51604104,7,1573819943,AUT,FALSE,TRUE,TRUE,474.6313937,-400.7220999,142.2865347,-179.8909768,0.116202813,179.9342229,-3.1556644,0.029316761,0.324202012,-0.231805908,0.020024944,-0.360077435,-63.32037506,55.12816887,38.4629425,-78.06390381,-36.27951965,59.25578728,-18.4348732,1,1
97.61657,7,1573819944,AUT,FALSE,TRUE,TRUE,488.8803381,-397.0322852,148.0436323,-179.9933393,0.368079578,-179.9519134,-10.69166326,-3.491330483,3.32468907,-0.205439905,1.01665775,0.070813272,-62.34774514,55.49391403,38.80508079,-76.31551208,-36.25263061,60.31109619,-17.72002373,1,1
97.7170589,7,1573819944,AUT,FALSE,TRUE,TRUE,509.1373961,-395.3791773,150.026726,-179.9724579,0.407401555,-179.9626712,-8.154611489,-4.337537606,2.696860996,-0.470782106,0.556875507,-0.105696891,-59.90108299,56.90101204,38.78469086,-72.97128753,-36.24710449,61.93834304,-17.38569603,1,1
97.81755304,7,1573819944,AUT,FALSE,TRUE,TRUE,509.1373961,-395.3791773,150.026726,-179.9724579,0.407401555,-179.9626712,-8.154611489,-4.337537606,2.696860996,-0.470782106,0.556875507,-0.105696891,-59.90108299,56.90101204,38.78469086,-72.97128753,-36.24710449,61.93834304,-17.38569603,1,1
97.91805196,7,1573819944,AUT,FALSE,TRUE,TRUE,535.4117341,-396.1694253,149.7297834,-179.9944328,0.418587697,-179.9459248,-4.593031987,-2.673922662,1.41508979,-0.591910671,-0.123139736,-0.102181201,-56.96720124,59.34259643,38.57856331,-67.58326263,-36.33333618,64.29867668,-17.32423783,1,1
98.01853204,7,1573819944,AUT,FALSE,TRUE,TRUE,535.4117341,-396.1694253,149.7297834,-179.9944328,0.418587697,-179.9459248,-4.593031987,-2.673922662,1.41508979,-0.591910671,-0.123139736,-0.102181201,-56.96720124,59.34259643,38.57856331,-67.58326263,-36.33333618,64.29867668,-17.32423783,1,1
98.11904097,7,1573819944,AUT,FALSE,TRUE,TRUE,568.685468,-396.9630982,150.0897668,-179.97266,0.424382215,-179.9661264,-4.477755902,-1.659424115,2.43985494,-0.380799968,0.308579148,0.005236968,-53.27136613,62.74243927,38.49233779,-60.14846077,-36.57295349,67.5335083,-17.63928452,1,1
98.21969795,7,1573819944,AUT,FALSE,TRUE,TRUE,593.2875433,-397.4265935,152.4961029,-179.9552911,0.315291818,179.9878697,-1.745243695,1.124670094,-0.119088264,-0.030189364,-0.063663962,-0.038704944,-50.30156251,65.380727,38.44786377,-53.81139908,-36.65279663,70.51724396,-18.25404854,1,1
98.3204689,7,1573819944,AUT,FALSE,TRUE,TRUE,593.2875433,-397.4265935,152.4961029,-179.9552911,0.315291818,179.9878697,-1.745243695,1.124670094,-0.119088264,-0.030189364,-0.063663962,-0.038704944,-50.30156251,65.380727,38.44786377,-53.81139908,-36.65279663,70.51724396,-18.25404854,1,1
98.42104197,7,1573819944,AUT,FALSE,TRUE,TRUE,610.5552856,-399.2001536,155.5987245,-179.9021896,-0.023614759,179.9949113,4.69769065,3.586099217,1.957017683,0.244686349,-0.458731756,-0.262478578,-47.90678673,67.50210113,38.25222473,-48.23732071,-36.66900146,73.36910248,-19.15343743,1,1
98.52153206,7,1573819944,AUT,FALSE,TRUE,TRUE,619.37062,-401.6670663,155.1529985,-179.8957127,-0.151557376,179.9176268,10.22850151,4.170106831,0.778379829,0.179983626,-1.378967297,-0.464059933,-46.58805313,68.99626922,38.07587013,-44.78312988,-36.62454528,74.89376449,-19.91536675,1,1
98.62200093,7,1573819945,AUT,FALSE,TRUE,TRUE,622.965272,-402.9386137,152.3974244,-179.869477,-0.249521017,179.8159388,11.62155984,6.379993311,0.80073912,0.451475832,-1.462458454,-0.577901385,-46.01504746,69.88197326,37.98393859,-43.18393249,-36.62969787,75.47292251,-20.33598176,1,1
98.72246599,7,1573819945,AUT,FALSE,TRUE,TRUE,622.965272,-402.9386137,152.3974244,-179.869477,-0.249521017,179.8159388,11.62155984,6.379993311,0.80073912,0.451475832,-1.462458454,-0.577901385,-46.01504746,69.88197326,37.98393859,-43.18393249,-36.62969787,75.47292251,-20.33598176,1,1
98.82301092,7,1573819945,AUT,FALSE,TRUE,TRUE,622.8535098,-402.4461536,148.714693,-179.8301651,-0.37906387,179.7569791,6.833894391,3.2068592,0.604842909,-0.37764199,-0.08495871,-0.655384351,-45.92540246,70.19085388,37.90310325,-43.12661476,-36.66830932,75.35565376,-20.34015656,1,1
98.92349195,7,1573819945,AUT,FALSE,TRUE,TRUE,621.8219125,-401.9623212,146.7129061,-179.8098379,-0.368649759,179.7477884,0.864359597,1.629370933,-0.145166257,-0.796679628,1.038375965,-0.843231785,-46.06247406,70.15156403,37.85200653,-43.59622536,-36.66961669,74.99376411,-20.24002991,1,1
99.02396798,7,1573819945,AUT,FALSE,TRUE,TRUE,621.0063891,-398.7316592,146.2735846,-179.7474397,-0.46440258,179.6621319,2.24713931,4.740600151,0.906067245,-0.332989141,1.089977335,-1.118731666,-46.12290573,69.88302726,37.85804901,-44.31014786,-36.62473205,74.77016144,-19.93568459,1,1
99.12445498,7,1573819945,AUT,FALSE,TRUE,TRUE,621.5746993,-388.8191988,143.9747224,-179.6995913,-0.44350005,179.5291666,3.235356781,8.008316324,1.19845641,-0.332989141,1.089977335,-1.118731666,-46.02445794,69.33807793,37.91150779,-46.0437458,-36.56146179,73.91569976,-18.87288438,1,1
99.22491789,7,1573819945,AUT,FALSE,TRUE,TRUE,621.5746993,-388.8191988,143.9747224,-179.6995913,-0.44350005,179.5291666,3.235356781,8.008316324,1.19845641,0.160864103,0.715256296,-1.312811258,-46.02445794,69.33807793,37.91150779,-46.0437458,-36.56146179,73.91569976,-18.87288438,1,1
99.3254149,7,1573819945,AUT,FALSE,TRUE,TRUE,621.7293976,-370.2251895,139.8162841,-179.7227636,-0.574169077,179.4316287,7.279789967,8.547892873,1.678072489,0.076049733,0.310240979,-1.179319672,-45.72316819,68.33130798,37.93543052,-49.18211059,-36.57727661,72.43632889,-16.72262993,1,1
99.42595506,7,1573819945,AUT,FALSE,TRUE,TRUE,620.0096349,-347.0173669,136.2038696,-179.790668,-0.477427816,179.4470677,4.347067515,6.395816474,-1.78756183,-0.115857021,0.230285334,-0.688155305,-45.50530586,66.73680038,37.98052597,-53.65559234,-36.63811889,70.16386527,-13.88387261,1,1
99.52642202,7,1573819945,AUT,FALSE,TRUE,TRUE,616.6475718,-321.2386352,137.5390584,-179.8881605,-0.361544073,179.5234793,-1.119013519,4.597893041,-0.635413474,-0.325151858,0.822700677,-0.174607242,-45.24374199,64.57576904,38.18554115,-58.45554313,-36.67824645,68.09684601,-10.73460045,1,1
99.62688684,7,1573819946,AUT,FALSE,TRUE,TRUE,616.6475718,-321.2386352,137.5390584,-179.8881605,-0.361544073,179.5234793,-1.119013519,4.597893041,-0.635413474,-0.325151858,0.822700677,-0.174607242,-45.24374199,64.57576904,38.18554115,-58.45554313,-36.67824645,68.09684601,-10.73460045,1,1
99.72735596,7,1573819946,AUT,FALSE,TRUE,TRUE,611.2798842,-285.9611483,144.8897499,-179.9625825,-0.319633023,179.5667573,-2.066776069,4.194434077,1.148832581,-0.075606651,0.904048296,0.064421661,-44.65528336,61.51365623,38.70330619,-64.19417953,-36.60290771,66.19494438,-6.700170138,1,1
99.82782483,7,1573819946,AUT,FALSE,TRUE,TRUE,607.7964983,-258.6244525,149.3445373,179.9924799,-0.245519684,179.602164,-3.838074907,2.537629065,1.559956187,-0.338340243,1.107569235,0.271456651,-43.90525017,59.46854439,39.10536804,-67.99519157,-36.53864868,64.87357406,-3.666268163,1,1
99.92829299,7,1573819946,AUT,FALSE,TRUE,TRUE,607.7964983,-258.6244525,149.3445373,179.9924799,-0.245519684,179.602164,-3.838074907,2.537629065,1.559956187,-0.338340243,1.107569235,0.271456651,-43.90525017,59.46854439,39.10536804,-67.99519157,-36.53864868,64.87357406,-3.666268163,1,1
100.0288548,7,1573819946,AUT,FALSE,TRUE,TRUE,605.3656787,-223.3679506,150.9784468,179.956017,-0.184064865,179.6045706,-7.310347874,4.250237551,2.855420026,0.052271025,1.70755823,0.523379868,-42.43661499,57.60987396,39.43043633,-71.79667053,-36.50567871,63.26943282,0.147831344,1,1
100.1296389,7,1573819946,AUT,FALSE,TRUE,TRUE,605.3343591,-194.4067421,149.6842465,179.8962192,-0.144299804,179.6246901,-5.384875622,1.53722099,2.646002032,-0.693528472,1.222648179,0.608375495,-40.62561836,56.56342964,39.48068848,-74.25739517,-36.51610473,62.05916176,3.259097669,1,1
100.2302198,7,1573819946,AUT,FALSE,TRUE,TRUE,606.7679357,-167.9202025,148.0646621,179.9582454,-0.176559554,179.6386476,-4.561382497,3.573425564,2.22683399,-0.526701738,1.210022189,0.585010938,-38.73107414,56.00999336,39.48170128,-75.72370605,-36.56818542,61.28604011,5.931927106,1,1
100.3307118,7,1573819946,AUT,FALSE,TRUE,TRUE,606.7679357,-167.9202025,148.0646621,179.9582454,-0.176559554,179.6386476,-4.561382497,3.573425564,2.22683399,-0.526701738,1.210022189,0.585010938,-38.73107414,56.00999336,39.48170128,-75.72370605,-36.56818542,61.28604011,5.931927106,1,1
100.431179,7,1573819946,AUT,FALSE,TRUE,TRUE,609.2101613,-143.2132514,146.7271147,179.9587763,-0.191547087,179.6487608,-4.671503288,5.172301217,2.611869455,-0.121756859,1.570252452,0.588756784,-36.69382096,55.69874725,39.47484856,-76.64143181,-36.61671203,60.77622986,8.457491681,1,1
100.5316989,7,1573819946,AUT,FALSE,TRUE,TRUE,612.2436366,-120.4259663,146.1279754,179.9554444,-0.225084459,179.6695718,-2.745417947,2.270418185,2.510147723,-0.980577428,1.461836571,0.321719998,-34.6868042,55.54974517,39.46434288,-77.06907463,-36.64561706,60.55990562,10.6635807,1,1
100.6322749,7,1573819947,AUT,FALSE,TRUE,TRUE,612.2436366,-120.4259663,146.1279754,179.9554444,-0.225084459,179.6695718,-2.745417947,2.270418185,2.510147723,-0.980577428,1.461836571,0.321719998,-32.37618371,55.51400528,39.42659111,-77.19501228,-36.67474731,60.50122146,13.04439697,1,1
100.7327409,7,1573819947,AUT,FALSE,TRUE,TRUE,616.0257431,-95.49071401,145.7147711,179.9607051,-0.269672561,179.7288961,-1.936160374,3.607496839,2.311053761,-0.335865803,1.541808519,0.411626117,-32.37618371,55.51400528,39.42659111,-77.19501228,-36.67474731,60.50122146,13.04439697,1,1
100.8332379,7,1573819947,AUT,FALSE,TRUE,TRUE,618.9623628,-75.28925659,145.3265407,179.9702313,-0.237274699,179.7838791,-1.377906797,1.570461102,1.265631884,-0.750900311,1.109503208,0.267833167,-30.4258976,55.51637421,39.33321762,-77.20315246,-36.67948791,60.42504158,14.93910599,1,1
100.933713,7,1573819947,AUT,FALSE,TRUE,TRUE,618.9623628,-75.28925659,145.3265407,179.9702313,-0.237274699,179.7838791,-1.377906797,1.570461102,1.265631884,-0.750900311,1.109503208,0.267833167,-29.18923531,55.55821151,39.10423508,-76.71828117,-36.70828308,60.35449905,15.73883514,1,1
101.0341818,7,1573819947,AUT,FALSE,TRUE,TRUE,623.6503778,-66.29504764,146.5373775,179.9648421,0.118345063,179.9809862,-6.897071774,-0.750106256,0.087686703,-0.912338803,0.915580066,0.170367223,-29.18923531,55.55821151,39.10423508,-76.71828117,-36.70828308,60.35449905,15.73883514,1,1
101.1346688,7,1573819947,AUT,FALSE,TRUE,TRUE,633.5201837,-64.72480911,150.9064399,179.9586881,0.285903805,-179.9375348,-11.97761878,0.313482836,1.447660898,-0.426182515,1.142636089,0.158935555,-28.28582955,56.08680153,38.97266006,-74.64085579,-36.52870056,61.44669113,15.37258529,1,1
101.2352219,7,1573819947,AUT,FALSE,TRUE,TRUE,648.2076678,-65.992668,155.0568729,179.9918436,0.375491216,-179.9763266,-11.40225363,1.635558147,2.801604879,-0.330069081,0.920962245,-0.039025984,-27.34838334,57.33885154,38.98638268,-71.18519554,-36.4176123,63.23136177,14.39609985,1,1
101.3357511,7,1573819947,AUT,FALSE,TRUE,TRUE,665.0001447,-67.65039645,157.6448627,-179.990807,0.230935844,179.9727413,-3.806768301,2.473071258,1.878640169,-0.330069081,0.920962245,-0.039025984,-26.12248078,59.20010719,38.99150505,-66.70974998,-36.41450866,65.52433204,13.22343292,1,1
101.4362249,7,1573819947,AUT,FALSE,TRUE,TRUE,665.0001447,-67.65039645,157.6448627,-179.990807,0.230935844,179.9727413,-3.806768301,2.473071258,1.878640169,-0.181886024,0.164710544,-0.118329201,-26.12248078,59.20010719,38.99150505,-66.70974998,-36.41450866,65.52433204,13.22343292,1,1
101.5367029,7,1573819947,AUT,FALSE,TRUE,TRUE,679.2611006,-65.87833524,155.5666158,-179.9504081,0.052531162,179.8537751,1.97259801,4.98594112,1.304321202,-0.076167866,-0.347261236,-0.113108868,-24.76247635,61.18743438,38.95253448,-62.75544433,-36.52404785,67.25758323,12.42864761,1,1
101.6371748,7,1573819948,AUT,FALSE,TRUE,TRUE,689.7834294,-59.60347418,150.3671311,-179.9298545,-0.002999056,179.7919116,-0.263132673,5.388469838,2.310940041,-0.119715768,0.085407346,0.00588328,-23.37028885,62.91707382,38.90860634,-59.93982696,-36.83288452,68.13333778,12.3651741,1,1
101.737648,7,1573819948,AUT,FALSE,TRUE,TRUE,698.4521387,-50.11127661,146.2948316,-179.906779,0.002298673,179.7317838,0.037963154,5.068027135,-0.032698939,-0.510671657,-0.121735554,-0.263301973,-21.88123971,64.28359794,38.84638595,-57.69867439,-37.03669189,68.77702331,12.60759086,1,1
101.8381619,7,1573819948,AUT,FALSE,TRUE,TRUE,698.4521387,-50.11127661,146.2948316,-179.906779,0.002298673,179.7317838,0.037963154,5.068027135,-0.032698939,-0.510671657,-0.121735554,-0.263301973,-21.88123971,64.28359794,38.84638595,-57.69867439,-37.03669189,68.77702331,12.60759086,1,1
101.9386439,7,1573819948,AUT,FALSE,TRUE,TRUE,705.3901791,-37.17074193,145.4564758,-179.9087474,-0.032549293,179.7047349,0.706727416,6.366660769,0.23753479,-0.216277673,-0.172396241,-0.309133768,-20.2717289,65.18968506,38.82946701,-55.81452942,-37.09440856,69.53279686,13.20022087,1,1
102.039258,7,1573819948,AUT,FALSE,TRUE,TRUE,710.2679959,-19.17034875,145.8779751,-179.8731945,-0.068239979,179.6824352,0.905185857,5.982247173,0.874868174,-0.523348644,-0.264208693,-0.313918001,-18.4317524,65.75456428,38.83539963,-54.46600227,-37.09266174,70.15355873,14.23603592,1,1
102.1400859,7,1573819948,AUT,FALSE,TRUE,TRUE,713.0988607,9.860149362,145.9388849,-179.9252064,-0.09524768,179.6518744,1.512187435,5.221883692,0.856157083,-0.593704717,-0.333168461,-0.158846327,-15.89214592,66.12898864,38.83681411,-53.60371628,-37.08316406,70.52907486,16.36594848,1,1
102.2407858,7,1573819948,AUT,FALSE,TRUE,TRUE,713.0988607,9.860149362,145.9388849,-179.9252064,-0.09524768,179.6518744,1.512187435,5.221883692,0.856157083,-0.593704717,-0.333168461,-0.158846327,-15.89214592,66.12898864,38.83681411,-53.60371628,-37.08316406,70.52907486,16.36594848,1,1
102.341296,7,1573819948,AUT,FALSE,TRUE,TRUE,712.8429643,35.20265961,145.5694932,-179.874761,-0.112065128,179.6529329,1.022772299,3.376293795,0.11077954,-0.9200921,-0.429935699,-0.255782306,-13.77764855,66.23784943,38.82607154,-53.42604332,-37.0832904,70.57124519,18.31321334,1,1
102.4418631,7,1573819948,AUT,FALSE,TRUE,TRUE,710.5133765,60.81426119,146.036035,-179.8811974,-0.261498002,179.798966,2.341917533,2.034729379,-0.005346195,-0.863003667,-0.043559911,-0.235012514,-11.63915634,66.18531761,38.76519356,-53.43041381,-37.08872314,70.75243721,20.43007965,1,1
102.542341,7,1573819948,AUT,FALSE,TRUE,TRUE,706.1129002,80.43329205,147.0487853,-179.947501,-0.49663654,179.8709199,4.61754288,3.22460389,0.900975886,-0.143595894,0.553116325,-0.131459317,-10.124049,65.90917282,38.75466041,-53.87212601,-36.99603698,70.86505394,22.23533249,1,1
102.642797,7,1573819949,AUT,FALSE,TRUE,TRUE,706.1129002,80.43329205,147.0487853,-179.947501,-0.49663654,179.8709199,4.61754288,3.22460389,0.900975886,-0.143595894,0.553116325,-0.131459317,-10.124049,65.90917282,38.75466041,-53.87212601,-36.99603698,70.86505394,22.23533249,1,1
102.7432539,7,1573819949,AUT,FALSE,TRUE,TRUE,699.0861934,95.41080748,147.5178391,-179.9972559,-0.665108152,-179.9525245,8.614882616,-1.568173405,-0.494284338,-0.679599769,0.304614584,0.098838341,-9.157708744,65.27752761,38.73152733,-55.20687904,-36.97602539,70.53053054,23.96270256,1,1
102.843703,7,1573819949,AUT,FALSE,TRUE,TRUE,688.8025702,102.8220934,147.1803858,-179.9920587,-0.787788513,-179.8171579,9.943266053,-2.253197094,-1.633322054,-0.597443374,0.222285478,0.068800982,-9.0877224,64.16101112,38.68676834,-57.75261383,-36.92158264,69.57036323,25.40113563,1,1
102.9441578,7,1573819949,AUT,FALSE,TRUE,TRUE,675.0198009,106.1002472,145.3252034,-179.9225581,-0.797779706,-179.8071009,6.287666306,1.079151838,2.007747145,-0.035877398,0.74167019,-0.231739554,-9.684135819,62.63044052,38.64915733,-61.52732048,-36.82351867,67.80357628,26.7662693,1,1
103.044682,7,1573819949,AUT,FALSE,TRUE,TRUE,675.0198009,106.1002472,145.3252034,-179.9225581,-0.797779706,-179.8071009,6.287666306,1.079151838,2.007747145,-0.035877398,0.74167019,-0.231739554,-9.684135819,62.63044052,38.64915733,-61.52732048,-36.82351867,67.80357628,26.7662693,1,1
103.145113,7,1573819949,AUT,FALSE,TRUE,TRUE,653.5466819,109.1383869,141.1059721,-179.8599941,-0.590972556,-179.8846156,-1.609601714,6.185141811,2.300319077,0.64824443,1.390296321,-0.535417284,-10.52466546,60.84762039,38.62785759,-66.0644165,-36.82989074,65.41147156,28.38840408,1,1
103.2455659,7,1573819949,AUT,FALSE,TRUE,TRUE,638.0015988,113.9212503,139.6638001,-179.8275653,-0.374585639,-179.9859766,-6.418675376,8.757242766,-0.553139997,0.736951746,1.60744336,-0.747342517,-11.27955666,58.69075012,38.6836956,-71.26081581,-36.87191345,62.66077995,30.41428299,1,1
103.3460479,7,1573819949,AUT,FALSE,TRUE,TRUE,638.0015988,113.9212503,139.6638001,-179.8275653,-0.374585639,-179.9859766,-6.418675376,8.757242766,-0.553139997,0.736951746,1.60744336,-0.747342517,-11.08070756,57.46980858,38.91349869,-73.66837005,-36.86845275,61.589225,31.98042526,1,1
103.4465148,7,1573819949,AUT,FALSE,TRUE,TRUE,626.7798402,123.5774516,141.488744,-179.770307,-0.223622597,179.9259214,-9.140581264,10.21765206,1.490272208,0.928046332,1.825053808,-0.89242232,-11.08070756,57.46980858,38.91349869,-73.66837005,-36.86845275,61.589225,31.98042526,1,1
103.5469708,7,1573819949,AUT,FALSE,TRUE,TRUE,621.1952649,136.9077976,144.7970951,-179.7797059,-0.112089653,179.8626935,-9.64277523,9.393891043,3.725380882,0.70886621,1.878407464,-0.98586659,-10.16677895,56.83799171,39.14128646,-74.45258102,-36.80674255,61.41808891,33.41723785,1,1
103.6474988,7,1573819950,AUT,FALSE,TRUE,TRUE,618.4231584,153.4086522,145.7522917,-179.7889834,-0.118371412,179.8440821,-4.574104033,10.7773561,3.688126469,1.086110463,0.80931088,-0.823960342,-8.642233663,56.85332794,39.17738342,-74.20796699,-36.75114624,61.60151939,34.82116699,1,1
103.7479649,7,1573819950,AUT,FALSE,TRUE,TRUE,616.4156123,170.446379,143.9054474,-179.8776076,-0.161260693,179.8341439,-2.332318572,4.567306165,2.426243359,1.086110463,0.80931088,-0.823960342,-6.932273488,57.26899909,39.11145172,-73.64047508,-36.79748657,61.73276481,36.30130004,1,1
103.8484468,7,1573819950,AUT,FALSE,TRUE,TRUE,616.4156123,170.446379,143.9054474,-179.8776076,-0.161260693,179.8341439,-2.332318572,4.567306165,2.426243359,-0.635080288,0.686059423,-0.697831769,-6.932273488,57.26899909,39.11145172,-73.64047508,-36.79748657,61.73276481,36.30130004,1,1
103.9491661,7,1573819950,AUT,FALSE,TRUE,TRUE,615.0972481,187.1405807,141.1621671,-179.8331736,-0.163165454,179.8319506,-2.457279209,8.337500854,2.757084439,0.260776776,0.791523096,-0.510015981,-5.214605719,57.86617126,39.02281608,-72.86243706,-36.96160034,61.86854209,37.60094833,1,1
104.050004,7,1573819950,AUT,FALSE,TRUE,TRUE,614.177965,201.8098777,138.7972078,-179.7840515,-0.269223069,179.8472545,1.133003384,7.139890249,1.586529794,-0.202469787,0.474016609,-0.740934408,-3.633806994,58.47879295,38.92519569,-71.98098678,-37.04750793,62.09910736,38.71988868,1,1
104.15061,7,1573819950,AUT,FALSE,TRUE,TRUE,614.177965,201.8098777,138.7972078,-179.7840515,-0.269223069,179.8472545,1.133003384,7.139890249,1.586529794,-0.202469787,0.474016609,-0.740934408,-3.633806994,58.47879295,38.92519569,-71.98098678,-37.04750793,62.09910736,38.71988868,1,1
104.2512579,7,1573819950,AUT,FALSE,TRUE,TRUE,609.0636939,221.5234886,136.5867812,-179.7988282,-0.382075519,179.878335,3.837127452,5.29532862,0.527828228,-0.456051619,0.313243786,-0.858952562,-1.708985144,58.96095199,38.93507995,-71.42475929,-37.1463739,62.33263893,40.35399169,1,1
104.351758,7,1573819950,AUT,FALSE,TRUE,TRUE,602.0377631,237.6506813,136.3226117,-179.8029782,-0.432431631,179.9314201,2.328540176,4.391558671,0.990787127,-0.347146865,0.822139206,-0.832336064,-0.199851612,58.93492126,38.96217842,-71.57200355,-37.18380981,62.31036071,41.96406555,1,1
104.4522309,7,1573819950,AUT,FALSE,TRUE,TRUE,591.8015569,252.1123131,136.7142733,-179.8452703,-0.583794798,-179.8678397,7.43220357,2.747751282,0.080100477,-0.04263309,0.416603757,-0.457037087,1.178039931,58.5647953,38.96612319,-72.31192245,-37.17797058,62.24749832,43.77643547,1,1
104.552717,7,1573819950,AUT,FALSE,TRUE,TRUE,591.8015569,252.1123131,136.7142733,-179.8452703,-0.583794798,-179.8678397,7.43220357,2.747751282,0.080100477,-0.04263309,0.416603757,-0.457037087,1.178039931,58.5647953,38.96612319,-72.31192245,-37.17797058,62.24749832,43.77643547,1,1
104.6531858,7,1573819951,AUT,FALSE,TRUE,TRUE,571.8506619,267.662305,136.5559886,-179.8903974,-0.682118231,-179.785249,6.996254246,0.56669351,0.501747313,-0.172026826,0.564871871,-0.297562329,2.41917915,57.35937194,39.06320801,-75.00209656,-37.13154235,61.14638671,46.51166038,1,1
104.753659,7,1573819951,AUT,FALSE,TRUE,TRUE,552.2635655,273.8840056,135.6932187,-179.915285,-0.64028187,-179.6695023,3.629103618,0.035895204,1.575022019,-0.289987271,0.994707932,-0.293176886,2.889847181,55.82606163,39.02075614,-78.38872833,-37.13345947,59.553582,48.75992317,1,1
104.8541839,7,1573819951,AUT,FALSE,TRUE,TRUE,552.2635655,273.8840056,135.6932187,-179.915285,-0.64028187,-179.6695023,3.629103618,0.035895204,1.575022019,-0.289987271,0.994707932,-0.293176886,2.78380165,54.0507122,39.00376167,-82.24930687,-37.13100402,57.66423568,50.55733795,1,1
104.9546828,7,1573819951,AUT,FALSE,TRUE,TRUE,532.9879125,274.2874067,134.8150777,-179.8846345,-0.547179821,-179.6435596,1.921277026,1.75847203,1.038819153,-0.007560544,1.056964562,-0.557648986,2.78380165,54.0507122,39.00376167,-82.24930687,-37.13100402,57.66423568,50.55733795,1,1
105.0551839,7,1573819951,AUT,FALSE,TRUE,TRUE,514.9613056,272.4863458,134.1599399,-179.8066748,-0.48502821,-179.6695253,-1.822582903,7.580506137,1.955965029,1.152293974,1.352016197,-0.739439784,2.494710156,52.33384094,39.00876045,-85.88226928,-37.07559448,55.83990783,51.99156189,1,1
105.155647,7,1573819951,AUT,FALSE,TRUE,TRUE,499.6915186,271.231569,134.447678,-179.819723,-0.338042753,-179.7233562,-1.932257583,5.787881996,0.892369826,0.574310752,1.08276352,-0.910779595,2.331460188,50.77495994,39.01337471,-88.94199943,-37.01258239,54.25543899,53.31492691,1,1
105.25612,7,1573819951,AUT,FALSE,TRUE,TRUE,499.6915186,271.231569,134.447678,-179.819723,-0.338042753,-179.7233562,-1.932257583,5.787881996,0.892369826,0.574310752,1.08276352,-0.910779595,2.331460188,50.77495994,39.01337471,-88.94199943,-37.01258239,54.25543899,53.31492691,1,1
105.3565929,7,1573819951,AUT,FALSE,TRUE,TRUE,487.7843268,271.2274382,136.1132937,-179.797563,-0.255703279,-179.7446573,-2.641298947,7.586581359,1.387290037,0.901556107,1.070829363,-0.96822528,2.331724544,49.49499092,39.06861877,-91.15764312,-36.83861389,53.24730606,54.27838325,1,1
110.57933,8,1573819956,AUT,FALSE,FALSE,TRUE,471.9193247,-399.9699095,169.9049544,-179.9933769,-0.020132647,179.9948653,-3.400280963,0.305943926,4.085766595,0.010464241,0.968564165,-0.026556272,-63.87713127,52.53027305,39.23567619,-78.18283768,-34.83588867,61.52371216,-19.09393273,0.5,1
110.680383,8,1573819957,AUT,FALSE,TRUE,TRUE,470.2040775,-399.3515835,167.4516969,-179.9770348,-0.294394535,179.8654649,-3.157156317,-3.235805554,10.36923209,-1.023901285,1.630446313,-0.072666679,-63.86731568,52.60180435,39.10774726,-78.33808479,-34.83929443,61.52721405,-19.09941903,1,1
110.7809629,8,1573819957,AUT,FALSE,TRUE,TRUE,469.5549925,-400.3352831,152.8806519,-179.903197,-0.134245704,179.9361885,-0.455936507,-2.465949558,2.845444569,-1.100747588,0.590231724,-0.368790033,-63.72845193,53.67184181,38.51734886,-78.69693603,-35.45119995,59.99536628,-18.90671539,1,1
110.881464,8,1573819957,AUT,FALSE,TRUE,TRUE,469.5549925,-400.3352831,152.8806519,-179.903197,-0.134245704,179.9361885,-0.455936507,-2.465949558,2.845444569,-1.100747588,0.590231724,-0.368790033,-63.72845193,53.67184181,38.51734886,-78.69693603,-35.45119995,59.99536628,-18.90671539,1,1
110.981992,8,1573819957,AUT,FALSE,TRUE,TRUE,468.8763242,-402.1922249,143.9430856,-179.8881135,-0.122384688,179.9110223,2.271567317,0.595290976,0.529156163,-0.443241427,0.222043839,-0.4906246,-63.78806992,54.58640556,38.37559776,-78.62693253,-36.05564025,59.3534317,-18.80340271,1,1
111.08249,8,1573819957,AUT,FALSE,TRUE,TRUE,469.0677046,-403.354024,138.9993646,-179.8843661,-0.028262118,179.8843241,-0.026879848,1.590507541,-1.348363161,-0.169984703,0.251708973,-0.482471442,-63.86103974,55.15586128,38.36475563,-78.52800064,-36.40398376,58.93521995,-18.75150261,1,1
111.182966,8,1573819957,AUT,FALSE,TRUE,TRUE,470.4854281,-403.4383733,139.0917006,-179.8786994,-0.000577357,179.9092501,0.625319847,1.502777067,-0.716627696,-0.169984703,0.251708973,-0.482471442,-63.76548615,55.29087639,38.41610298,-78.31555252,-36.48554077,58.99734077,-18.6924511,1,1
111.2834399,8,1573819957,AUT,FALSE,TRUE,TRUE,470.4854281,-403.4383733,139.0917006,-179.8786994,-0.000577357,179.9092501,0.625319847,1.502777067,-0.716627696,-0.001324041,-0.157425677,-0.42481357,-63.76548615,55.29087639,38.41610298,-78.31555252,-36.48554077,58.99734077,-18.6924511,1,1
111.383899,8,1573819957,AUT,FALSE,TRUE,TRUE,473.0002775,-402.5272397,141.4821561,-179.8992646,0.105367871,179.9736383,-2.633194775,0.246257706,0.9671915,-0.117543634,-0.0084989,-0.360648159,-63.57939835,55.21037407,38.55713997,-78.09129409,-36.47436218,59.21613349,-18.52753945,1,1
111.484375,8,1573819957,AUT,FALSE,TRUE,TRUE,480.7632901,-400.2319031,146.0644156,-179.9604749,0.358393524,-179.978932,-11.32680441,-2.245159635,3.267592027,-0.139695816,1.047213289,0.003851863,-62.99324341,55.2752346,38.88797264,-77.26450424,-36.42381408,59.77905235,-18.12519951,1,1
111.584903,8,1573819957,AUT,FALSE,TRUE,TRUE,480.7632901,-400.2319031,146.0644156,-179.9604749,0.358393524,-179.978932,-11.32680441,-2.245159635,3.267592027,-0.139695816,1.047213289,0.003851863,-62.99324341,55.2752346,38.88797264,-77.26450424,-36.42381408,59.77905235,-18.12519951,1,1
111.685432,8,1573819958,AUT,FALSE,TRUE,TRUE,499.800283,-397.5808994,150.3869918,-179.9759917,0.487784943,-179.9227333,-13.07886569,-4.481444646,5.593844966,-0.479490514,1.24395499,0.053634428,-61.13562012,56.25959244,39.06378822,-74.43237304,-36.42397888,61.30077896,-17.61137238,1,1
111.785919,8,1573819958,AUT,FALSE,TRUE,TRUE,499.800283,-397.5808994,150.3869918,-179.9759917,0.487784943,-179.9227333,-13.07886569,-4.481444646,5.593844966,-0.479490514,1.24395499,0.053634428,-61.13562012,56.25959244,39.06378822,-74.43237304,-36.42397888,61.30077896,-17.61137238,1,1
111.886394,8,1573819958,AUT,FALSE,TRUE,TRUE,528.2995803,-395.7575353,152.3808891,-179.9852184,0.527331273,-179.9381219,-6.765297682,-3.45757088,1.732939743,-0.767395718,0.348629318,-0.115749282,-58.07445488,58.49816322,39.00093612,-69.15285186,-36.49159423,63.74879036,-17.27903252,1,1
111.9868619,8,1573819958,AUT,FALSE,TRUE,TRUE,564.2330638,-395.2857057,152.5630773,-179.9806202,0.407482658,-179.9657712,-3.54005077,-2.38090169,-0.054046662,-0.767395718,0.348629318,-0.115749282,-53.87609482,62.02478485,38.80629959,-61.42325935,-36.68420104,67.25714035,-17.35116806,1,1
112.087326,8,1573819958,AUT,FALSE,TRUE,TRUE,564.2330638,-395.2857057,152.5630773,-179.9806202,0.407482658,-179.9657712,-3.54005077,-2.38090169,-0.054046662,-0.519730957,0.119129311,-0.045632208,-53.87609482,62.02478485,38.80629959,-61.42325935,-36.68420104,67.25714035,-17.35116806,1,1
112.187886,8,1573819958,AUT,FALSE,TRUE,TRUE,584.8567627,-396.6141231,151.0688971,-179.8542729,-0.082046448,179.9923853,12.79649226,1.784039943,-0.216676429,-0.337771225,-1.930641453,-0.550715503,-51.13349533,64.60155601,38.44311904,-55.6841423,-36.76339599,70.0041687,-18.05262451,1,1
112.288353,8,1573819958,AUT,FALSE,TRUE,TRUE,584.8567627,-396.6141231,151.0688971,-179.8542729,-0.082046448,179.9923853,12.79649226,1.784039943,-0.216676429,-0.337771225,-1.930641453,-0.550715503,-49.66589013,66.36811638,38.20792236,-52.30439758,-36.73613342,71.28248291,-18.69266739,1,1
112.3888259,8,1573819958,AUT,FALSE,TRUE,TRUE,595.4743559,-398.851974,147.7335562,-179.8320706,-0.192336228,179.8107421,11.17106524,7.090171075,-0.964917431,0.471393973,-1.35851191,-0.788333447,-49.66589013,66.36811638,38.20792236,-52.30439758,-36.73613342,71.28248291,-18.69266739,1,1
112.4896779,8,1573819958,AUT,FALSE,TRUE,TRUE,599.0669536,-395.5276397,145.9051111,-179.741447,-0.271900561,179.7002901,7.849212047,7.602357479,-0.213180102,-0.082138627,0.25282871,-1.234254515,-49.14797058,66.81907081,38.23181419,-51.68434982,-36.74045104,71.53459854,-18.58978386,1,1
112.59022,8,1573819958,AUT,FALSE,TRUE,TRUE,599.0669536,-395.5276397,145.9051111,-179.741447,-0.271900561,179.7002901,7.849212047,7.602357479,-0.213180102,-0.082138627,0.25282871,-1.234254515,-49.14797058,66.81907081,38.23181419,-51.68434982,-36.74045104,71.53459854,-18.58978386,1,1
112.6907759,8,1573819959,AUT,FALSE,TRUE,TRUE,601.3149264,-382.1071901,147.6607058,-179.6338535,-0.368405778,179.4979703,3.440945575,10.56296406,0.138779875,0.43860456,0.634832817,-1.539438017,-48.7407177,66.13784294,38.53630714,-53.12699203,-36.7314862,71.26521378,-17.32782555,1,1
112.7913189,8,1573819959,AUT,FALSE,TRUE,TRUE,603.7152053,-361.4774209,148.5742555,-179.684627,-0.358970342,179.3923479,2.417465538,9.152448403,1.961728108,0.242687059,0.767226606,-1.261365776,-48.16174164,64.99289245,38.81971321,-55.739328,-36.72670166,70.29150924,-15.06829491,1,1
112.8917999,8,1573819959,AUT,FALSE,TRUE,TRUE,603.7152053,-361.4774209,148.5742555,-179.684627,-0.358970342,179.3923479,2.417465538,9.152448403,1.961728108,0.242687059,0.767226606,-1.261365776,-48.16174164,64.99289245,38.81971321,-55.739328,-36.72670166,70.29150924,-15.06829491,1,1
112.9922669,8,1573819959,AUT,FALSE,TRUE,TRUE,606.3389591,-322.4400816,148.1910833,-179.7770364,-0.290327194,179.3900626,0.496550504,9.001828822,1.106431259,0.107019058,0.77906877,-0.744928013,-46.89815254,62.9132801,39.08039818,-60.64894638,-36.73855041,68.12776222,-10.82752762,1,1
113.092732,8,1573819959,AUT,FALSE,TRUE,TRUE,606.3389591,-322.4400816,148.1910833,-179.7770364,-0.290327194,179.3900626,0.496550504,9.001828822,1.106431259,0.107019058,0.77906877,-0.744928013,-46.89815254,62.9132801,39.08039818,-60.64894638,-36.73855041,68.12776222,-10.82752762,1,1
113.1932459,8,1573819959,AUT,FALSE,TRUE,TRUE,607.1521704,-260.9359939,149.614257,-179.8340005,-0.256828033,179.3481405,-1.054334529,5.26140843,-1.952324973,-0.483197698,0.473565182,-0.39376139,-44.49323845,59.78083419,39.61482124,-67.77807083,-36.76296752,65.15703849,-4.075948338,1,1
113.2937319,8,1573819959,AUT,FALSE,TRUE,TRUE,606.2949517,-207.9537939,152.5865092,-179.9226099,-0.188537719,179.4072934,-1.054334529,5.26140843,-1.952324973,-0.483197698,0.473565182,-0.39376139,-41.88014718,57.30074959,40.14149551,-72.70242805,-36.78969726,63.2098011,1.654290388,1,1
113.394254,8,1573819959,AUT,FALSE,TRUE,TRUE,606.2949517,-207.9537939,152.5865092,-179.9226099,-0.188537719,179.4072934,-2.848125345,3.671789961,0.519832031,0.320025308,1.813190999,-0.008874076,-41.88014718,57.30074959,40.14149551,-72.70242805,-36.78969726,63.2098011,1.654290388,1,1
113.494724,8,1573819959,AUT,FALSE,TRUE,TRUE,605.0434364,-144.5024014,155.301089,-179.9985715,-0.145394324,179.5678101,-7.335091835,5.007620643,3.51674894,0.043497752,1.517278042,0.36037963,-37.83604203,54.90756683,40.49671096,-77.30469703,-36.76574707,61.34435691,8.429946894,1,1
113.59519,8,1573819959,AUT,FALSE,TRUE,TRUE,605.0434364,-144.5024014,155.301089,-179.9985715,-0.145394324,179.5678101,-7.335091835,5.007620643,3.51674894,0.043497752,1.517278042,0.36037963,-37.83604203,54.90756683,40.49671096,-77.30469703,-36.76574707,61.34435691,8.429946894,1,1
113.6956449,8,1573819960,AUT,FALSE,TRUE,TRUE,605.022033,-104.3072044,154.6412927,179.9106846,-0.151529526,179.6776213,-5.228842702,1.949021369,3.032253077,-0.496873922,1.558483495,0.556558394,-34.55334091,53.96475105,40.43906021,-79.28571739,-36.7229663,60.38163528,12.67930755,1,1
113.796124,8,1573819960,AUT,FALSE,TRUE,TRUE,606.1138817,-72.87630996,152.2051171,179.9054003,-0.217927087,179.7368801,-3.06492448,0.078031309,2.796451458,-0.94253683,1.493857592,0.558887461,-31.65789414,53.72984962,40.24201011,-80.07882042,-36.72651489,59.84348716,15.79622498,1,1
113.896646,8,1573819960,AUT,FALSE,TRUE,TRUE,607.7731942,-54.30797878,148.7745518,179.8701857,-0.233008403,179.8780338,-0.725000721,-1.039998908,2.043755388,-1.08949984,1.033537868,0.774139474,-29.63157921,53.87010727,39.84939994,-80.19777832,-36.77794189,59.46231994,17.68907318,1,1
113.9971728,8,1573819960,AUT,FALSE,TRUE,TRUE,607.7731942,-54.30797878,148.7745518,179.8701857,-0.233008403,179.8780338,-0.725000721,-1.039998908,2.043755388,-1.08949984,1.033537868,0.774139474,-29.63157921,53.87010727,39.84939994,-80.19777832,-36.77794189,59.46231994,17.68907318,1,1
114.0977318,8,1573819960,AUT,FALSE,TRUE,TRUE,609.1752519,-44.62633282,145.4745128,179.8457806,-0.161299343,179.9965452,-0.459994642,-2.590185568,0.953236722,-1.424372732,0.683679018,0.692699096,-28.3620163,54.05674781,39.37396316,-80.16790237,-36.77645874,59.05740852,18.6607933,1,1
114.198204,8,1573819960,AUT,FALSE,TRUE,TRUE,613.9791119,-43.67580739,145.2010552,179.858435,0.217670281,-179.8988564,-8.394839024,-1.368587799,1.047952971,-1.043487317,0.892106621,0.6708978,-27.79025002,54.30638466,38.9994873,-79.48333397,-36.75746887,58.91894302,18.61429367,1,1
114.2988539,8,1573819960,AUT,FALSE,TRUE,TRUE,624.0232866,-46.82212156,147.7112242,179.9285034,0.318225701,-179.9422368,-11.72789842,2.196465436,3.404750554,-0.285672854,1.036130884,0.347081475,-27.42031975,55.11313819,38.95853919,-77.25652542,-36.6271875,59.99710006,17.67522354,1,1
114.3997989,8,1573819960,AUT,FALSE,TRUE,TRUE,639.7013269,-51.17134056,150.6128237,179.9433158,0.398402718,-179.9560622,-11.72789842,2.196465436,3.404750554,-0.285672854,1.036130884,0.347081475,-26.74090119,56.60001411,38.97521438,-73.58849945,-36.62691284,61.78701324,16.43077125,1,1
114.5007589,8,1573819960,AUT,FALSE,TRUE,TRUE,639.7013269,-51.17134056,150.6128237,179.9433158,0.398402718,-179.9560622,-11.80821887,1.95794865,0.926830087,-0.198361463,0.99470488,0.26506859,-26.74090119,56.60001411,38.97521438,-73.58849945,-36.62691284,61.78701324,16.43077125,1,1
114.601311,8,1573819961,AUT,FALSE,TRUE,TRUE,658.401684,-55.71389972,153.8519383,-179.9613081,0.353209397,-179.9740577,-7.8740264,4.831123917,3.168098705,0.256028412,0.836721959,0.03445082,-25.74110413,58.52611312,38.97936172,-68.88587379,-36.62599548,64.18004493,14.84883957,1,1
114.7017961,8,1573819961,AUT,FALSE,TRUE,TRUE,675.7217824,-56.90944076,154.5557238,-179.9760583,0.206923905,179.8877892,-3.344774802,7.673954852,4.953554958,0.776464338,0.486553439,0.027671166,-24.4309536,60.66565933,38.97846908,-64.1325325,-36.63404296,66.43518448,13.60355301,1,1
114.8022509,8,1573819961,AUT,FALSE,TRUE,TRUE,690.4864093,-55.01907836,152.2012678,179.9830401,0.119301048,179.8770355,1.470159079,2.558625923,-0.624673427,-0.545962215,-0.33310945,0.186948592,-22.95931435,62.73351974,38.89402885,-60.00111351,-36.84767211,68.13183746,12.86860885,1,1
114.9027309,8,1573819961,AUT,FALSE,TRUE,TRUE,690.4864093,-55.01907836,152.2012678,179.9830401,0.119301048,179.8770355,1.470159079,2.558625923,-0.624673427,-0.545962215,-0.33310945,0.186948592,-22.95931435,62.73351974,38.89402885,-60.00111351,-36.84767211,68.13183746,12.86860885,1,1
115.0032029,8,1573819961,AUT,FALSE,TRUE,TRUE,701.7436417,-51.95777398,149.7483242,179.9526429,-0.000426077,179.8825978,5.123910537,1.004600536,-3.215277819,-1.021501997,-1.0513988,0.285341415,-21.62608223,64.41757621,38.79241562,-56.67035064,-36.99887695,69.48143921,12.3695755,1,1
115.1037788,8,1573819961,AUT,FALSE,TRUE,TRUE,709.5554991,-47.5506072,149.2330764,-179.9850712,-0.067219786,179.8521964,6.024353063,3.813587265,-0.830798119,-0.544428792,-0.872206723,0.191950774,-20.52974625,65.52836952,38.75824814,-54.28018226,-37.04243774,70.51116714,12.06171455,1,1
115.204309,8,1573819961,AUT,FALSE,TRUE,TRUE,713.9871461,-37.46570391,150.2508154,-179.865521,-0.08838593,179.7525425,6.024353063,3.813587265,-0.830798119,-0.544428792,-0.872206723,0.191950774,-19.40440979,66.05406532,38.84621429,-52.96798896,-37.03030334,71.13466873,12.38179436,1,1
115.304791,8,1573819961,AUT,FALSE,TRUE,TRUE,713.9871461,-37.46570391,150.2508154,-179.865521,-0.08838593,179.7525425,4.109651925,8.194259921,-0.464643016,0.584094807,-0.495066209,-0.380785316,-19.40440979,66.05406532,38.84621429,-52.96798896,-37.03030334,71.13466873,12.38179436,1,1
115.4052958,8,1573819961,AUT,FALSE,TRUE,TRUE,715.0232769,-10.43107788,151.1895084,-179.8807804,-0.147521029,179.6245606,-2.703769249,8.457710986,1.082803934,0.053909603,0.659244673,-0.259671037,-17.34064866,66.08406143,39.00540275,-52.81938858,-36.98583618,71.32534332,14.44469032,1,1
115.505765,8,1573819961,AUT,FALSE,TRUE,TRUE,715.0526883,16.67066541,152.0203182,-179.9210634,-0.093955212,179.6212058,-5.32501963,9.441957551,1.408069986,0.37935499,1.043043198,0.02630075,-15.20543175,66.00759659,39.01688003,-52.84614029,-36.96791198,71.31206016,16.68689346,1,1
115.6062539,8,1573819962,AUT,FALSE,TRUE,TRUE,715.0526883,16.67066541,152.0203182,-179.9210634,-0.093955212,179.6212058,-5.32501963,9.441957551,1.408069986,0.37935499,1.043043198,0.02630075,-15.20543175,66.00759659,39.01688003,-52.84614029,-36.96791198,71.31206016,16.68689346,1,1
115.706785,8,1573819962,AUT,FALSE,TRUE,TRUE,713.230359,63.64811132,153.4598352,179.9564577,-0.042125655,179.7170846,-1.663606489,2.927638081,0.605518455,-0.516312461,0.01684037,0.264591077,-11.99279938,65.95602951,38.98717231,-52.71737022,-36.94913085,71.42498932,20.47598533,1,1
115.8072739,8,1573819962,AUT,FALSE,TRUE,TRUE,713.230359,63.64811132,153.4598352,179.9564577,-0.042125655,179.7170846,-1.663606489,2.927638081,0.605518455,-0.516312461,0.01684037,0.264591077,-11.99279938,65.95602951,38.98717231,-52.71737022,-36.94913085,71.42498932,20.47598533,1,1
115.9077489,8,1573819962,AUT,FALSE,TRUE,TRUE,711.093332,89.08379122,154.4603977,179.9638865,-0.091353584,179.8452036,1.026605709,-0.011556201,0.895090354,-1.167339039,-0.349019233,0.136162243,-9.100909425,65.95265121,38.82897263,-52.39259719,-36.91905029,71.6635025,22.50108489,1,1
116.0082219,8,1573819962,AUT,FALSE,TRUE,TRUE,708.8177238,103.761021,154.7438913,179.9693407,-0.186548131,179.9955514,1.577266372,-0.355737112,0.006754067,-0.809470988,-0.151397082,0.362707722,-7.771443563,65.92961082,38.73325768,-52.33282814,-36.90455932,71.82121468,23.71733322,1,1
116.1088278,8,1573819962,AUT,FALSE,TRUE,TRUE,706.3759694,108.2406841,156.0274827,179.9259564,-0.459969635,-179.8512051,6.841449559,-2.657192446,-0.529245826,-0.85605098,0.009685622,0.423492112,-7.317244725,65.73135566,38.62684135,-52.50053444,-36.78001831,72.11316947,24.19619636,1,1
116.209728,8,1573819962,AUT,FALSE,TRUE,TRUE,700.8512571,106.9072374,157.733773,179.9678398,-0.767789995,-179.7869394,13.25250844,0.603000836,-1.074725451,0.13346146,0.054363617,0.289761665,-7.713140494,65.02876625,38.62382698,-53.81228141,-36.56713073,71.99461326,24.42003936,1,1
116.310441,8,1573819962,AUT,FALSE,TRUE,TRUE,700.8512571,106.9072374,157.733773,179.9678398,-0.767789995,-179.7869394,13.25250844,0.603000836,-1.074725451,0.13346146,0.054363617,0.289761665,-7.713140494,65.02876625,38.62382698,-53.81228141,-36.56713073,71.99461326,24.42003936,1,1
116.4110429,8,1573819962,AUT,FALSE,TRUE,TRUE,689.5441158,106.1191696,157.5032585,-179.9736037,-0.858015764,-179.7848435,11.50420679,2.922008788,0.515916051,0.648330649,0.13177016,0.154493828,-8.605213169,63.57253532,38.6555912,-57.11038742,-36.38813049,70.65037765,25.28621178,1,1
116.511498,8,1573819962,AUT,FALSE,TRUE,TRUE,672.7273054,106.1779888,155.5082909,-179.9838171,-0.755708074,-179.7666879,7.393412572,3.333859025,1.488084077,0.655288728,0.603536255,0.011169154,-9.779146963,61.53723907,38.68862915,-61.99562644,-36.32031738,68.30536308,26.8236042,1,1
116.611954,8,1573819963,AUT,FALSE,TRUE,TRUE,652.6373829,104.8429629,153.1430797,-179.9383256,-0.649880744,-179.736947,2.883933463,3.437092,2.350968555,0.745262875,0.855623574,-0.081903893,-11.15740586,59.20705604,38.72136841,-67.51020355,-36.26053527,65.64224968,28.36129875,1,1
116.71242,8,1573819963,AUT,FALSE,TRUE,TRUE,652.6373829,104.8429629,153.1430797,-179.9383256,-0.649880744,-179.736947,2.883933463,3.437092,2.350968555,0.745262875,0.855623574,-0.081903893,-11.15740586,59.20705604,38.72136841,-67.51020355,-36.26053527,65.64224968,28.36129875,1,1
116.8128901,8,1573819963,AUT,FALSE,TRUE,TRUE,628.7754917,99.99176354,151.4974158,-179.8953177,-0.438942009,-179.7630921,-3.585701815,2.456262798,0.270530577,0.124899099,1.31082574,-0.535067389,-12.96311531,56.42704124,38.77663307,-73.73808517,-36.15890625,62.55285644,29.78747177,1,1
116.913449,8,1573819963,AUT,FALSE,TRUE,TRUE,613.0662249,96.31457854,151.9119751,-179.8114549,-0.330353862,-179.8026258,-6.611020648,7.117108947,1.929147718,1.152153234,1.405500567,-0.739514825,-14.23190918,54.53185158,38.93760681,-77.64580879,-36.06640686,60.74945755,30.50055656,1,1
117.013932,8,1573819963,AUT,FALSE,TRUE,TRUE,603.1047678,95.22743927,153.3127379,-179.8049254,-0.132755223,-179.9101478,-10.21007498,8.385326414,2.024112935,1.099828359,1.784228256,-1.001887788,-14.99279824,53.23266334,39.12403106,-80.10164451,-35.97177062,59.55133323,31.06018295,1,1
117.114414,8,1573819963,AUT,FALSE,TRUE,TRUE,603.1047678,95.22743927,153.3127379,-179.8049254,-0.132755223,-179.9101478,-10.21007498,8.385326414,2.024112935,1.099828359,1.784228256,-1.001887788,-14.99279824,53.23266334,39.12403106,-80.10164451,-35.97177062,59.55133323,31.06018295,1,1
117.2148829,8,1573819963,AUT,FALSE,TRUE,TRUE,599.5022125,98.66722857,155.2210094,-179.7202102,-0.06017242,179.9315826,-11.00830935,10.58919367,3.89827117,1.116884121,1.963085169,-1.301445575,-15.05683823,52.72711716,39.37071876,-80.86496773,-35.87872192,59.2864048,31.42298584,1,1
117.3153479,8,1573819963,AUT,FALSE,TRUE,TRUE,599.6946435,108.6740006,154.9879819,-179.6991572,-0.019533329,179.753191,-6.804274136,13.15052321,4.200150779,1.103323385,1.06202911,-1.326450708,-14.26307603,52.98559113,39.60308304,-80.52566184,-35.97626953,59.38191376,32.23663673,1,1
117.415859,8,1573819963,AUT,FALSE,TRUE,TRUE,601.6517389,126.1712139,153.7323738,-179.7250076,0.028522343,179.636239,-7.171709634,10.29562,3.412508178,0.231712746,1.092054031,-1.272740507,-12.58810044,53.71154709,39.80987319,-79.46804581,-36.28252441,59.73847847,33.70271416,1,1
117.5163879,8,1573819963,AUT,FALSE,TRUE,TRUE,601.6517389,126.1712139,153.7323738,-179.7250076,0.028522343,179.636239,-7.171709634,10.29562,3.412508178,0.231712746,1.092054031,-1.272740507,-12.58810044,53.71154709,39.80987319,-79.46804581,-36.28252441,59.73847847,33.70271416,1,1
117.6168668,8,1573819964,AUT,FALSE,TRUE,TRUE,604.53575,149.5732782,152.8241803,-179.677008,-0.00056386,179.6001083,-4.54278391,12.89331536,2.971667917,0.822742151,0.913261109,-1.24601631,-10.15156975,54.73053245,39.92937011,-77.67580833,-36.54973937,60.52889327,35.37379303,1,1
117.7173829,8,1573819964,AUT,FALSE,TRUE,TRUE,606.7944779,185.0779839,152.3602987,-179.7312333,-0.080454893,179.6389156,-1.227844388,10.18132158,2.08469969,0.452991829,0.550287843,-1.049125262,-6.3931984,56.10285186,39.95049133,-74.96600647,-36.78103454,61.81773719,37.90992164,1,1
117.8178639,8,1573819964,AUT,FALSE,TRUE,TRUE,606.7944779,185.0779839,152.3602987,-179.7312333,-0.080454893,179.6389156,-1.227844388,10.18132158,2.08469969,0.452991829,0.550287843,-1.049125262,-6.3931984,56.10285186,39.95049133,-74.96600647,-36.78103454,61.81773719,37.90992164,1,1
117.9183331,8,1573819964,AUT,FALSE,TRUE,TRUE,607.9980622,212.0402141,152.5490151,-179.8334777,-0.055944551,179.7761685,-1.135006448,4.68619627,0.75326309,-0.479787888,0.564752668,-0.755096008,-3.348313525,57.15213203,39.85285378,-72.67640762,-36.95127319,62.88455429,39.84927635,1,1
118.0189428,8,1573819964,AUT,FALSE,TRUE,TRUE,609.5260436,234.0779998,153.6900785,-179.8641977,-0.077541536,179.8569728,0.792528675,4.30794028,1.268793849,-0.09343133,0.23869448,-0.613743901,-0.795722581,58.09251366,39.73015365,-70.40477142,-36.94765869,64.01854934,41.09684601,1,1
118.1196039,8,1573819964,AUT,FALSE,TRUE,TRUE,610.1441953,250.995119,154.7034383,-179.9097688,-0.162886333,179.9364303,3.161427566,0.015629448,-0.452718812,-0.957442986,0.00954858,-0.516262779,1.129926681,58.84515953,39.65637703,-68.53982162,-36.91477661,64.99092864,42.01655273,1,1
118.220269,8,1573819964,AUT,FALSE,TRUE,TRUE,609.2845739,260.9166029,154.970236,-179.8843111,-0.295939375,-179.8821807,3.161427566,0.015629448,-0.452718812,-0.957442986,0.00954858,-0.516262779,2.382491681,59.24783592,39.52454453,-67.54310074,-36.8856958,65.62032165,42.57899437,1,1
118.3210559,8,1573819964,AUT,FALSE,TRUE,TRUE,609.2845739,260.9166029,154.970236,-179.8843111,-0.295939375,-179.8821807,7.744478089,-1.777649559,-0.625972047,-0.848594697,-0.419522082,-0.275356533,2.382491681,59.24783592,39.52454453,-67.54310074,-36.8856958,65.62032165,42.57899437,1,1
118.4215488,8,1573819964,AUT,FALSE,TRUE,TRUE,599.2098884,268.876875,154.0263113,-179.8590156,-0.669988688,-179.8431798,12.40903877,0.383067332,-1.824281943,-0.225486451,-0.201438032,-0.373244311,2.958491131,58.87010536,39.65670318,-68.65841217,-36.75460693,65.39145241,43.76176185,1,1
118.5220199,8,1573819964,AUT,FALSE,TRUE,TRUE,581.9450037,273.9142316,152.6842972,-179.9197792,-0.748657725,-179.7165546,10.88572582,-0.931557952,-2.480657374,-0.075569556,-0.102091937,-0.127938451,3.017937469,57.56903229,39.87068253,-71.86381073,-36.84581542,64.05433388,45.77177925,1,1
118.6224968,8,1573819965,AUT,FALSE,TRUE,TRUE,581.9450037,273.9142316,152.6842972,-179.9197792,-0.748657725,-179.7165546,10.88572582,-0.931557952,-2.480657374,-0.075569556,-0.102091937,-0.127938451,3.017937469,57.56903229,39.87068253,-71.86381073,-36.84581542,64.05433388,45.77177925,1,1
118.7230139,8,1573819965,AUT,FALSE,TRUE,TRUE,560.2928748,276.0423899,150.6904525,-179.867408,-0.665938955,-179.6793164,6.782111912,4.146814261,1.401241464,0.95839845,0.191295535,-0.486299664,2.82158775,55.58405342,39.88704529,-76.31858482,-36.78476989,61.89901542,47.84957199,1,1
118.823504,8,1573819965,AUT,FALSE,TRUE,TRUE,527.3579016,276.5169082,147.4712502,-179.8420772,-0.567271336,-179.668773,0.546532765,4.564255523,1.360955596,0.806583281,0.821307091,-0.660115118,2.5041069,52.68713722,39.86859512,-82.96383705,-36.69533569,58.51148758,50.90207176,1,1
118.9239709,8,1573819965,AUT,FALSE,TRUE,TRUE,527.3579016,276.5169082,147.4712502,-179.8420772,-0.567271336,-179.668773,0.546532765,4.564255523,1.360955596,0.806583281,0.821307091,-0.660115118,2.255805588,50.58079033,39.87224121,-87.69185143,-36.70956298,55.99610596,52.99800224,1,1
119.0244498,8,1573819965,AUT,FALSE,TRUE,TRUE,503.4683322,275.0367159,144.8870923,-179.8184315,-0.446300312,-179.6900225,-0.191925376,6.653603686,0.674384636,1.076651134,0.750608731,-0.82757863,2.255805588,50.58079033,39.87224121,-87.69185143,-36.70956298,55.99610596,52.99800224,1,1
119.1249399,8,1573819965,AUT,FALSE,TRUE,TRUE,483.8812475,273.3255593,143.8194086,-179.7963424,-0.289003877,-179.6794046,-3.373646744,7.732568617,1.394488929,1.323052713,1.153901506,-0.809473125,2.133695981,48.76264229,39.87920036,-91.45398216,-36.70990356,54.00424003,54.69847641,1,1
125.4039009,9,1573819971,AUT,FALSE,TRUE,TRUE,471.334403,-399.7850303,168.775964,-179.991711,-0.166762124,179.9135967,-1.792387058,-1.520792681,8.105160717,-0.228399392,1.093098284,0.004513713,-64.26546021,52.82943763,39.93373031,-78.21486969,-35.51448669,61.78159904,-18.72387886,1,1
125.504468,9,1573819971,AUT,FALSE,TRUE,TRUE,469.5703954,-400.7214751,160.2033762,-179.9392701,-0.137881001,179.95139,-1.792387058,-1.520792681,8.105160717,-0.228399392,1.093098284,0.004513713,-64.25132218,53.33332557,39.49341888,-78.54329223,-35.80343261,60.87106933,-18.72100182,1,1
125.604955,9,1573819972,AUT,FALSE,TRUE,TRUE,469.5703954,-400.7214751,160.2033762,-179.9392701,-0.137881001,179.95139,-3.676671859,-2.363938098,5.391505127,-1.012883344,1.1427284,-0.247696733,-64.25132218,53.33332557,39.49341888,-78.54329223,-35.80343261,60.87106933,-18.72100182,1,1
125.7054908,9,1573819972,AUT,FALSE,TRUE,TRUE,469.78652,-402.9465718,148.289876,-179.8506705,-0.052019622,179.8617551,0.603278951,1.192824221,-0.442490982,-0.214663051,0.12679801,-0.380014,-64.23303681,54.40163269,39.2245594,-78.45801086,-36.3401477,59.99329605,-18.71416969,1,1
125.8059669,9,1573819972,AUT,FALSE,TRUE,TRUE,469.78652,-402.9465718,148.289876,-179.8506705,-0.052019622,179.8617551,0.603278951,1.192824221,-0.442490982,-0.214663051,0.12679801,-0.380014,-64.23303681,54.40163269,39.2245594,-78.45801086,-36.3401477,59.99329605,-18.71416969,1,1
125.906476,9,1573819972,AUT,FALSE,TRUE,TRUE,470.5160768,-404.7528218,145.7824007,-179.9062619,-0.023709554,179.9030151,0.296112548,1.5669313,0.369854539,-0.214663051,0.12679801,-0.380014,-64.21723023,55.03315772,39.24090499,-78.02482338,-36.73730895,59.92833938,-18.66990166,1,1
126.006963,9,1573819972,AUT,FALSE,TRUE,TRUE,470.5160768,-404.7528218,145.7824007,-179.9062619,-0.023709554,179.9030151,0.296112548,1.5669313,0.369854539,-0.006651067,0.263829613,-0.314564293,-64.21723023,55.03315772,39.24090499,-78.02482338,-36.73730895,59.92833938,-18.66990166,1,1
126.107481,9,1573819972,AUT,FALSE,TRUE,TRUE,482.6335597,-402.2161685,147.5645889,179.9698621,0.494096033,179.9779589,-14.04177467,-3.973294554,3.937998195,-0.748529123,1.047150339,0.205957195,-63.30594177,55.58063049,39.52251892,-76.71196403,-36.83915771,60.24746818,-18.03694496,1,1
126.2080209,9,1573819972,AUT,FALSE,TRUE,TRUE,482.6335597,-402.2161685,147.5645889,179.9698621,0.494096033,179.9779589,-14.04177467,-3.973294554,3.937998195,-0.748529123,1.047150339,0.205957195,-63.30594177,55.58063049,39.52251892,-76.71196403,-36.83915771,60.24746818,-18.03694496,1,1
126.3084929,9,1573819972,AUT,FALSE,TRUE,TRUE,505.2491334,-399.4624566,150.1756808,179.998658,0.573760272,-179.9788335,-12.03435176,-4.434303596,5.525154972,-0.703343714,1.043121913,0.12348235,-60.92239609,57.09925346,39.66030464,-73.11352615,-36.99134033,62.03269844,-17.45188866,1,1
126.409013,9,1573819972,AUT,FALSE,TRUE,TRUE,505.2491334,-399.4624566,150.1756808,179.998658,0.573760272,-179.9788335,-12.03435176,-4.434303596,5.525154972,-0.703343714,1.043121913,0.12348235,-57.74046364,59.48188934,39.53949966,-67.94262543,-37.14311096,64.31799202,-17.05650788,1,1
126.509738,9,1573819972,AUT,FALSE,TRUE,TRUE,533.5283372,-396.945101,150.0831016,-179.9670835,0.520637012,-179.9952879,-8.345507868,-1.967272703,3.558250287,-0.688757133,0.247996449,-0.117901153,-57.74046364,59.48188934,39.53949966,-67.94262543,-37.14311096,64.31799202,-17.05650788,1,1
126.61041,9,1573819973,AUT,FALSE,TRUE,TRUE,574.1482796,-395.3724646,148.8098454,179.9945112,0.419476073,179.995759,-2.827265801,-1.531247645,0.877434191,-0.688757133,0.247996449,-0.117901153,-53.00633813,63.46847763,39.26431618,-59.29890861,-37.37983886,68.04067154,-17.22503472,1,1
126.7111049,9,1573819973,AUT,FALSE,TRUE,TRUE,574.1482796,-395.3724646,148.8098454,179.9945112,0.419476073,179.995759,-2.827265801,-1.531247645,0.877434191,-0.580356482,-0.004792367,-0.055138948,-53.00633813,63.46847763,39.26431618,-59.29890861,-37.37983886,68.04067154,-17.22503472,1,1
126.8115849,9,1573819973,AUT,FALSE,TRUE,TRUE,601.4885658,-396.3024787,150.0647107,-179.927384,-0.083459407,179.9856061,13.92536076,2.870712253,-0.873044861,0.128619022,-1.502212834,-0.419595546,-49.33923569,66.72017669,39.02646561,-51.52703247,-37.52776977,71.86107444,-18.11744042,1,1
126.9120491,9,1573819973,AUT,FALSE,TRUE,TRUE,601.4885658,-396.3024787,150.0647107,-179.927384,-0.083459407,179.9856061,13.92536076,2.870712253,-0.873044861,0.128619022,-1.502212834,-0.419595546,-49.33923569,66.72017669,39.02646561,-51.52703247,-37.52776977,71.86107444,-18.11744042,1,1
127.012522,9,1573819973,AUT,FALSE,TRUE,TRUE,610.7143084,-398.2379282,148.5652354,-179.8310641,-0.252892332,179.8436081,11.94726288,7.193629248,1.358377381,0.601266715,-1.218839644,-0.791819699,-47.94427757,68.29274597,38.84525986,-48.03911361,-37.47839721,73.36703224,-18.92982102,1,1
127.112987,9,1573819973,AUT,FALSE,TRUE,TRUE,613.4033658,-394.3855611,144.6207871,-179.7703437,-0.328274983,179.6649523,11.94726288,7.193629248,1.358377381,0.601266715,-1.218839644,-0.791819699,-47.49369393,68.78463134,38.84744682,-47.68596496,-37.49284973,73.36758499,-18.74249383,1,1
127.213532,9,1573819973,AUT,FALSE,TRUE,TRUE,613.4033658,-394.3855611,144.6207871,-179.7703437,-0.328274983,179.6649523,7.856784147,5.379526935,-1.039991793,-0.20655872,0.09673947,-1.118694238,-47.49369393,68.78463134,38.84744682,-47.68596496,-37.49284973,73.36758499,-18.74249383,1,1
127.3140829,9,1573819973,AUT,FALSE,TRUE,TRUE,614.6621213,-380.512594,143.2442381,-179.7037148,-0.370975752,179.5103316,4.20927972,8.920223592,-0.288382128,-0.20655872,0.09673947,-1.118694238,-47.23267594,68.10589256,38.99592018,-49.67754249,-37.49995239,72.48967094,-17.25172463,1,1
127.414602,9,1573819973,AUT,FALSE,TRUE,TRUE,614.6621213,-380.512594,143.2442381,-179.7037148,-0.370975752,179.5103316,4.20927972,8.920223592,-0.288382128,0.066094248,0.35306112,-1.268745148,-47.23267594,68.10589256,38.99592018,-49.67754249,-37.49995239,72.48967094,-17.25172463,1,1
127.5150769,9,1573819973,AUT,FALSE,TRUE,TRUE,616.725851,-354.3592271,143.9539316,-179.7548133,-0.369633899,179.3976308,4.170826783,9.045684368,-0.504339118,-0.002052968,0.098881384,-1.029042073,-46.61770249,66.52125206,39.29030914,-53.44720573,-37.4924652,71.05768547,-14.30309716,1,1
127.615541,9,1573819974,AUT,FALSE,TRUE,TRUE,616.725851,-354.3592271,143.9539316,-179.7548133,-0.369633899,179.3976308,4.170826783,9.045684368,-0.504339118,-0.002052968,0.098881384,-1.029042073,-46.61770249,66.52125206,39.29030914,-53.44720573,-37.4924652,71.05768547,-14.30309716,1,1
127.716011,9,1573819974,AUT,FALSE,TRUE,TRUE,617.4125421,-312.9583538,144.3806019,-179.8460698,-0.390384332,179.3059437,4.31708202,8.364491864,-0.792864519,-0.286935289,0.237564465,-0.51098816,-45.51639176,64.13947448,39.65466041,-59.08597298,-37.49429443,68.78543472,-9.681217581,1,1
127.8164709,9,1573819974,AUT,FALSE,TRUE,TRUE,617.4125421,-312.9583538,144.3806019,-179.8460698,-0.390384332,179.3059437,4.31708202,8.364491864,-0.792864519,-0.286935289,0.237564465,-0.51098816,-43.79498864,61.24479332,40.09796562,-65.84057006,-37.57864746,65.82124786,-3.760970313,1,1
127.917011,9,1573819974,AUT,FALSE,TRUE,TRUE,615.5055064,-259.8449199,144.3103426,-179.9150894,-0.288309558,179.2949255,-1.95270156,6.909734093,0.933376008,-0.316004641,0.768006077,0.172089333,-43.79498864,61.24479332,40.09796562,-65.84057006,-37.57864746,65.82124786,-3.760970313,1,1
128.0175269,9,1573819974,AUT,FALSE,TRUE,TRUE,612.6858732,-200.3058669,147.1039627,179.9590999,-0.166438356,179.4251729,-6.790416824,3.806386089,1.650604291,-0.692009902,1.283658064,0.69274854,-41.07384339,58.3797615,40.59471588,-71.87911949,-37.69271301,63.26618843,2.820005031,1,1
128.1180201,9,1573819974,AUT,FALSE,TRUE,TRUE,612.6858732,-200.3058669,147.1039627,179.9590999,-0.166438356,179.4251729,-6.790416824,3.806386089,1.650604291,-0.692009902,1.283658064,0.69274854,-41.07384339,58.3797615,40.59471588,-71.87911949,-37.69271301,63.26618843,2.820005031,1,1
128.2185159,9,1573819974,AUT,FALSE,TRUE,TRUE,611.1476269,-139.5968994,151.2728904,179.90813,-0.151285987,179.6241704,-6.422502234,2.972315023,3.19203458,-0.417424789,1.456151243,0.618042143,-37.7708004,56.24216194,40.78678779,-75.73063087,-37.54360107,61.83142891,8.217220688,1,1
128.3190269,9,1573819974,AUT,FALSE,TRUE,TRUE,611.1476269,-139.5968994,151.2728904,179.90813,-0.151285987,179.6241704,-6.422502234,2.972315023,3.19203458,-0.417424789,1.456151243,0.618042143,-37.7708004,56.24216194,40.78678779,-75.73063087,-37.54360107,61.83142891,8.217220688,1,1
128.419533,9,1573819974,AUT,FALSE,TRUE,TRUE,612.3827886,-86.53637803,150.734753,179.8082214,-0.154847144,179.8118513,-4.199233212,-2.429719248,2.5227104,-1.409295323,1.290034799,0.85704438,-33.19978409,54.87782821,40.63213463,-78.35365104,-37.44186767,60.63495254,14.69749603,1,1
128.5203869,9,1573819974,AUT,FALSE,TRUE,TRUE,612.3827886,-86.53637803,150.734753,179.8082214,-0.154847144,179.8118513,-4.199233212,-2.429719248,2.5227104,-1.409295323,1.290034799,0.85704438,-33.19978409,54.87782821,40.63213463,-78.35365104,-37.44186767,60.63495254,14.69749603,1,1
128.6208858,9,1573819975,AUT,FALSE,TRUE,TRUE,614.4167643,-69.21992384,148.4437124,179.8381675,-0.207233392,179.974933,0.268563483,-2.593518966,1.948385525,-1.512273648,0.72800679,0.620504631,-30.63185006,54.9367218,40.25446929,-78.41094131,-37.44543823,60.41717605,16.34720993,1,1
128.7213719,9,1573819975,AUT,FALSE,TRUE,TRUE,616.5662163,-61.04360608,145.5708325,179.8829547,-0.053282139,179.9251428,-4.09427831,-1.087967291,1.175547273,-1.006735718,0.870804025,0.530438078,-29.6796032,55.19244232,40.00726661,-78.2923542,-37.44998107,60.03522949,17.03762512,1,1
128.8218389,9,1573819975,AUT,FALSE,TRUE,TRUE,624.4286249,-60.20121322,145.8636245,179.862758,0.362490503,-179.9728328,-15.20718273,-0.377706468,1.836048172,-0.970231949,1.488300731,0.614980634,-29.00528298,55.74102058,39.77798881,-76.94593163,-37.54311767,60.2155735,16.91918907,1,1
128.9223039,9,1573819975,AUT,FALSE,TRUE,TRUE,639.4727747,-62.96643248,148.4486388,179.9233171,0.437491202,-179.9797424,-14.35876755,2.803714759,3.022037607,-0.134610991,1.340273261,0.399699807,-28.15534974,57.12438812,39.74781761,-73.48634376,-37.5201947,61.90467338,15.81260147,1,1
129.0227699,9,1573819975,AUT,FALSE,TRUE,TRUE,639.4727747,-62.96643248,148.4486388,179.9233171,0.437491202,-179.9797424,-14.35876755,2.803714759,3.022037607,-0.134610991,1.340273261,0.399699807,-28.15534974,57.12438812,39.74781761,-73.48634376,-37.5201947,61.90467338,15.81260147,1,1
129.1232929,9,1573819975,AUT,FALSE,TRUE,TRUE,659.9254823,-66.56765212,150.5280603,179.9393149,0.403539976,179.9492589,-9.164378451,4.43339344,3.140456659,0.000848712,0.902880841,0.235436813,-26.91965561,59.25537872,39.72276535,-68.34386329,-37.51010375,64.35395508,14.26906356,1,1
129.2238169,9,1573819975,AUT,FALSE,TRUE,TRUE,679.5527776,-69.53658394,151.5647132,179.9847355,0.301938668,179.9317714,-4.583317866,5.588582196,2.563558646,0.06706836,0.429052966,0.134386724,-25.39196892,61.69051551,39.64876556,-62.97661285,-37.58757934,66.86148491,12.71144943,1,1
129.3242869,9,1573819975,AUT,FALSE,TRUE,TRUE,697.0998489,-69.96856923,150.595704,179.9840477,0.133590082,179.8678355,1.327099097,3.275342041,0.748941384,-0.572781267,-0.352810546,0.121701862,-23.7721653,64.06185608,39.58383293,-57.78196449,-37.68714843,69.162537,11.41251869,1,1
129.4247649,9,1573819975,AUT,FALSE,TRUE,TRUE,697.0998489,-69.96856923,150.595704,179.9840477,0.133590082,179.8678355,1.327099097,3.275342041,0.748941384,-0.572781267,-0.352810546,0.121701862,-23.7721653,64.06185608,39.58383293,-57.78196449,-37.68714843,69.162537,11.41251869,1,1
129.525264,9,1573819975,AUT,FALSE,TRUE,TRUE,710.2311253,-66.98559387,147.4654527,-179.9839607,-0.038055615,179.8432384,5.564083894,7.576038412,0.418109247,0.362204968,-0.513123844,0.172320133,-22.1647522,66.10564956,39.43938331,-53.65925216,-37.79736877,70.80667877,10.60571022,1,1
129.6257288,9,1573819976,AUT,FALSE,TRUE,TRUE,718.452185,-58.73465143,144.2160139,-179.9079589,-0.197816092,179.7423868,10.41626306,4.768896728,-2.272422859,-0.46588151,-1.323831082,-0.06288348,-20.66805726,67.52791557,39.37862549,-51.01197281,-37.85521179,71.80811347,10.47369919,1,1
129.7263091,9,1573819976,AUT,FALSE,TRUE,TRUE,722.4075697,-43.5721737,142.8209047,-179.8966723,-0.240542988,179.6729656,8.58283382,7.051348722,-1.205854886,-0.298825484,-1.036545094,-0.282695721,-19.18962021,68.10690879,39.38405342,-49.95998039,-37.86750549,72.15858421,11.38390961,1,1
129.8268409,9,1573819976,AUT,FALSE,TRUE,TRUE,722.9199275,-20.58755446,143.2560498,-179.8443037,-0.26557197,179.6114205,-1.178225968,11.85081301,0.127731615,0.738709053,0.799952926,-0.295778751,-17.50196228,68.05301399,39.47298431,-50.0839508,-37.86483581,72.15459137,13.14877052,1,1
129.92732,9,1573819976,AUT,FALSE,TRUE,TRUE,722.9199275,-20.58755446,143.2560498,-179.8443037,-0.26557197,179.6114205,-1.178225968,11.85081301,0.127731615,0.738709053,0.799952926,-0.295778751,-17.50196228,68.05301399,39.47298431,-50.0839508,-37.86483581,72.15459137,13.14877052,1,1
130.0277948,9,1573819976,AUT,FALSE,TRUE,TRUE,722.2783783,8.584118233,145.1814682,-179.9181686,-0.228825695,179.6241315,-5.559837646,11.15297245,0.995603604,0.951054923,1.784257022,-0.25853026,-15.32478447,67.77650527,39.55400161,-50.43075485,-37.85450317,72.10971908,15.66453323,1,1
130.1282868,9,1573819976,AUT,FALSE,TRUE,TRUE,721.1702375,40.69188403,148.421835,-179.9343797,-0.181548062,179.678337,-3.483299417,5.973106172,0.966388957,-0.172662992,0.91198717,-0.117396973,-12.80899773,67.48639412,39.55965271,-50.49025612,-37.78289978,72.26561851,18.19465026,1,1
130.2286689,9,1573819976,AUT,FALSE,TRUE,TRUE,719.074242,70.8281379,151.5744566,-179.982039,-0.155067214,179.7486564,-0.786115025,0.631621793,0.982621661,-1.007731962,0.320922504,-0.021422642,-10.32600517,67.25134849,39.54290199,-50.41018982,-37.69857421,72.50639076,20.61105194,1,1
130.3297329,9,1573819976,AUT,FALSE,TRUE,TRUE,716.4930003,96.09651243,153.4661297,179.9963778,-0.13146198,179.8443059,-0.672026627,-0.018518105,0.507040083,-1.007731962,0.320922504,-0.021422642,-8.243453981,67.13212623,39.50495109,-50.29162674,-37.67028442,72.68097381,22.62819328,1,1
130.4302809,9,1573819976,AUT,FALSE,TRUE,TRUE,716.4930003,96.09651243,153.4661297,179.9963778,-0.13146198,179.8443059,-0.672026627,-0.018518105,0.507040083,-0.860765102,0.094676191,0.110818136,-8.243453981,67.13212623,39.50495109,-50.29162674,-37.67028442,72.68097381,22.62819328,1,1
130.5309799,9,1573819976,AUT,FALSE,TRUE,TRUE,713.9735629,110.4496905,155.0025955,179.891371,-0.296353066,-179.9085824,5.292314581,-2.731044021,0.008447846,-0.843507583,-0.337399835,0.443583262,-6.845934681,67.0196125,39.32091636,-50.15433883,-37.61081542,73.03480911,23.92102661,1,1
130.631454,9,1573819977,AUT,FALSE,TRUE,TRUE,709.0250356,115.8452579,155.8082805,179.9152189,-0.731843428,-179.7952477,12.71396965,-2.320888782,-1.07856304,-0.529162142,-0.143032182,0.425083451,-6.495649344,66.63201828,39.25293503,-50.86530876,-37.39346191,73.20870552,24.53570823,1,1
130.73192,9,1573819977,AUT,FALSE,TRUE,TRUE,699.7089424,117.4036255,154.9826615,179.9560666,-0.926745245,-179.7434479,15.53478314,-1.022242925,-1.208199634,-0.03229113,-0.084497846,0.353498276,-6.996698,65.56647148,39.25926589,-53.47235412,-37.26988769,72.27532424,25.45666809,1,1
130.8323898,9,1573819977,AUT,FALSE,TRUE,TRUE,699.7089424,117.4036255,154.9826615,179.9560666,-0.926745245,-179.7434479,15.53478314,-1.022242925,-1.208199634,-0.03229113,-0.084497846,0.353498276,-6.996698,65.56647148,39.25926589,-53.47235412,-37.26988769,72.27532424,25.45666809,1,1
130.932905,9,1573819977,AUT,FALSE,TRUE,TRUE,684.7075544,118.0024231,151.9166827,179.9632291,-0.863595249,-179.7443929,9.441349042,0.925722977,0.522974718,0.204347852,0.581088535,0.166744662,-8.06817055,63.82221679,39.26244163,-58.00133743,-37.22036682,70.05599327,26.96580505,1,1
131.0334349,9,1573819977,AUT,FALSE,TRUE,TRUE,665.5074505,116.1668307,148.7187807,179.9740814,-0.728720545,-179.7155727,4.61359226,-1.24548626,-1.830623424,-0.36149868,0.742822428,0.023642325,-9.508663562,61.58966446,39.26288795,-63.59579887,-37.22363525,67.29553413,28.62156486,1,1
131.1339059,9,1573819977,AUT,FALSE,TRUE,TRUE,646.5333929,111.541267,148.0060211,-179.9012487,-0.578784194,-179.698286,-0.242593515,6.05030227,0.602450791,1.238863576,1.084393405,-0.295015349,-11.13628121,59.23699036,39.33139801,-68.90273781,-37.19664184,64.79406394,29.82337303,1,1
131.23437,9,1573819977,AUT,FALSE,TRUE,TRUE,627.3691047,109.0683628,149.1534614,-179.8570896,-0.415891409,-179.8393977,-4.823670506,6.176222904,1.726966045,0.516170403,1.459993668,-0.75483824,-12.62069206,56.91650963,39.60672569,-73.77044334,-37.06636047,62.59184761,31.01408501,1,1
131.334825,9,1573819977,AUT,FALSE,TRUE,TRUE,627.3691047,109.0683628,149.1534614,-179.8570896,-0.415891409,-179.8393977,-4.823670506,6.176222904,1.726966045,0.516170403,1.459993668,-0.75483824,-12.62069206,56.91650963,39.60672569,-73.77044334,-37.06636047,62.59184761,31.01408501,1,1
131.435343,9,1573819977,AUT,FALSE,TRUE,TRUE,613.6721413,109.5738318,151.7872242,-179.8187943,-0.11607876,-179.9461279,-12.24544803,9.616699691,1.913612377,1.273600458,1.908973273,-0.890625263,-13.50208741,55.10787849,39.89956627,-77.21746902,-36.9986737,60.99541054,32.05720939,1,1
131.535887,9,1573819977,AUT,FALSE,TRUE,TRUE,608.6111643,113.915013,155.5398417,-179.750744,0.039107419,179.914522,-14.05034756,11.24396871,3.750722886,1.218223911,2.150382436,-1.16582303,-13.53969841,54.2455307,40.15476494,-78.35241508,-36.83155517,60.63695411,32.61790351,1,1
131.6363618,9,1573819978,AUT,FALSE,TRUE,TRUE,608.6111643,113.915013,155.5398417,-179.750744,0.039107419,179.914522,-14.05034756,11.24396871,3.750722886,1.218223911,2.150382436,-1.16582303,-13.53969841,54.2455307,40.15476494,-78.35241508,-36.83155517,60.63695411,32.61790351,1,1
131.7368329,9,1573819978,AUT,FALSE,TRUE,TRUE,608.4397859,130.4280998,157.8152145,-179.6550745,0.013377487,179.6142739,-7.985399934,14.13688633,4.267939268,1.087723619,1.07351466,-1.570844277,-12.65822754,54.32817535,40.46885033,-77.92835312,-36.77139404,61.09438362,33.7260498,1,1
131.8373539,9,1573819978,AUT,FALSE,TRUE,TRUE,609.1598746,153.2454464,156.8892585,-179.7156932,0.003578736,179.5727184,-5.604399127,11.94596061,3.846683175,0.373486355,1.114036435,-1.457925214,-10.04857293,55.27576675,40.82402801,-76.39719543,-37.1419519,61.68646087,35.62268142,1,1
131.937824,9,1573819978,AUT,FALSE,TRUE,TRUE,610.7260738,179.4215614,154.4036417,-179.7136858,-0.004616653,179.6400225,-5.455605289,8.170729697,3.548651364,-0.02642722,0.980356387,-1.152219892,-7.208957294,56.41819381,40.78042946,-74.47792167,-37.47613403,62.4017498,37.58120384,1,1
132.038295,9,1573819978,AUT,FALSE,TRUE,TRUE,613.5095811,203.7209836,152.5642715,-179.8696088,-0.053852074,179.7703421,-5.455605289,8.170729697,3.548651364,-0.02642722,0.980356387,-1.152219892,-4.373846056,57.67600136,40.56585617,-72.06721229,-37.65444763,63.39504433,39.21818046,1,1
132.1389079,9,1573819978,AUT,FALSE,TRUE,TRUE,613.5095811,203.7209836,152.5642715,-179.8696088,-0.053852074,179.7703421,-1.807797425,3.653498404,1.589814799,-0.76830693,0.939915971,-0.863057275,-4.373846056,57.67600136,40.56585617,-72.06721229,-37.65444763,63.39504433,39.21818046,1,1
132.2398579,9,1573819978,AUT,FALSE,TRUE,TRUE,616.5548252,223.703736,151.3034977,-179.8273806,-0.127954983,179.842854,1.827721737,2.291840156,-1.030396709,-0.82305708,0.329517033,-0.93539896,-1.930599981,58.83540229,40.30632133,-69.67330513,-37.67539855,64.35460739,40.15663604,1,1
132.3405309,9,1573819978,AUT,FALSE,TRUE,TRUE,616.5548252,223.703736,151.3034977,-179.8273806,-0.127954983,179.842854,1.827721737,2.291840156,-1.030396709,-0.82305708,0.329517033,-0.93539896,-1.930599981,58.83540229,40.30632133,-69.67330513,-37.67539855,64.35460739,40.15663604,1,1
132.4411049,9,1573819978,AUT,FALSE,TRUE,TRUE,616.3770915,251.1798288,150.6384117,-179.8704846,-0.236300005,179.8629617,3.044874377,1.558025779,-0.614856635,-1.05760675,0.274322748,-0.806038537,1.096068188,60.10708694,40.23544578,-67.05601501,-37.70457824,65.55923424,41.72082824,1,1
132.5415609,9,1573819978,AUT,FALSE,TRUE,TRUE,613.774079,264.2485268,150.9883181,-179.8747123,-0.284054903,-179.9591605,4.4693366,0.887130481,-0.336286735,-0.568873897,0.005657084,-0.398459767,2.567206188,60.42340049,40.13436813,-66.22933845,-37.72936889,66.04810181,42.68111572,1,1
132.6420369,9,1573819979,AUT,FALSE,TRUE,TRUE,613.774079,264.2485268,150.9883181,-179.8747123,-0.284054903,-179.9591605,4.4693366,0.887130481,-0.336286735,-0.568873897,0.005657084,-0.398459767,2.567206188,60.42340049,40.13436813,-66.22933845,-37.72936889,66.04810181,42.68111572,1,1
132.7426109,9,1573819979,AUT,FALSE,TRUE,TRUE,604.9563325,271.7109738,150.7996688,-179.9174582,-0.681353585,-179.7549214,11.47190939,-1.396264522,-0.164450224,-0.327269758,0.024629801,-0.291846276,3.242250819,60.08000908,40.1029644,-67.01989746,-37.54262878,66.10452346,43.79314499,1,1
132.843087,9,1573819979,AUT,FALSE,TRUE,TRUE,590.8765008,274.6270879,149.8026377,-179.9119361,-0.676614317,-179.6585497,9.737168079,0.524658333,-0.039077694,0.391729051,0.173453327,-0.207109041,3.215457913,58.8472126,40.13992653,-69.89076919,-37.5351416,64.82000541,45.32418594,1,1
132.9435599,9,1573819979,AUT,FALSE,TRUE,TRUE,571.9829693,274.806321,148.4734599,-179.900329,-0.616770352,-179.6144415,6.006909019,1.211704088,0.245454155,0.517749931,0.339761523,-0.400828752,2.805338281,57.02125396,40.14476051,-74.04521484,-37.47458496,62.83902626,47.14531746,1,1
133.0440829,9,1573819979,AUT,FALSE,TRUE,TRUE,571.9829693,274.806321,148.4734599,-179.900329,-0.616770352,-179.6144415,6.006909019,1.211704088,0.245454155,0.517749931,0.339761523,-0.400828752,2.805338281,57.02125396,40.14476051,-74.04521484,-37.47458496,62.83902626,47.14531746,1,1
133.1445749,9,1573819979,AUT,FALSE,TRUE,TRUE,548.0151365,273.0079272,146.436672,-179.8657633,-0.574481534,-179.6133565,3.605772891,3.747288442,0.843667204,0.766868171,0.702799347,-0.670276722,2.211595913,54.73162079,40.15398903,-79.25894851,-37.36118957,60.31901321,49.200214,1,1
133.245055,9,1573819979,AUT,FALSE,TRUE,TRUE,548.0151365,273.0079272,146.436672,-179.8657633,-0.574481534,-179.6133565,3.605772891,3.747288442,0.843667204,0.766868171,0.702799347,-0.670276722,1.553518294,52.01290969,40.29282531,-85.31238098,-37.32892822,57.12840843,51.78937225,1,1
133.3456149,9,1573819979,AUT,FALSE,TRUE,TRUE,517.6080428,270.7479415,144.0863754,-179.8037548,-0.470035628,-179.7075493,-1.019139086,7.611159578,2.240248781,1.199380001,0.910661684,-0.9960766,1.553518294,52.01290969,40.29282531,-85.31238098,-37.32892822,57.12840843,51.78937225,1,1
133.44611,9,1573819979,AUT,FALSE,TRUE,TRUE,489.5751764,270.4237215,144.0910369,-179.7840486,-0.194187116,-179.7393969,-5.406039004,7.806172706,1.29624773,0.99616837,1.266271085,-1.096292808,1.391476819,49.30475234,40.43650932,-90.84965858,-37.32237487,54.41913185,54.37736664,1,1
139.388489,10,1573819985,AUT,FALSE,FALSE,TRUE,471.9697826,-399.9659294,169.9522657,-179.9948232,-0.011702181,179.9968035,-3.526666837,-1.048793428,3.490736031,-0.193823386,0.906027463,0.115770735,-64.69190483,53.07154198,40.78078307,-78.18125839,-36.25286132,62.01448516,-18.30669022,0.5,1
139.4891078,10,1573819985,AUT,FALSE,TRUE,TRUE,470.0903911,-399.7012398,165.9268297,-179.9295087,-0.310473583,179.8967865,-2.147136121,-2.659099062,10.06185047,-0.811342803,1.52199873,-0.081525552,-64.69048004,53.29108314,40.62835807,-78.34581985,-36.3868341,61.93765983,-18.30988656,1,1
139.589864,10,1573819985,AUT,FALSE,TRUE,TRUE,470.4143953,-400.2886314,155.0068251,-179.8257807,0.004881155,179.8140256,-4.997101176,0.523612395,1.421979911,-0.586020008,0.901502661,-0.311160725,-64.62984581,54.14806823,40.21138916,-78.56043777,-36.7254602,60.65376319,-18.30718461,1,1
139.690418,10,1573819986,AUT,FALSE,TRUE,TRUE,470.4143953,-400.2886314,155.0068251,-179.8257807,0.004881155,179.8140256,-4.997101176,0.523612395,1.421979911,-0.586020008,0.901502661,-0.311160725,-64.62984581,54.14806823,40.21138916,-78.56043777,-36.7254602,60.65376319,-18.30718461,1,1
139.7909939,10,1573819986,AUT,FALSE,TRUE,TRUE,472.4317742,-401.1775449,147.7458839,-179.8911981,-0.015754432,179.8591258,1.698928346,0.577819463,0.27466158,-0.484385598,-0.132311694,-0.483253619,-64.42833596,55.08790397,40.21617851,-78.18755149,-37.43352905,60.34098243,-17.90373917,1,1
139.89153,10,1573819986,AUT,FALSE,TRUE,TRUE,474.2372513,-402.1036616,145.8173402,-179.9257666,0.094055621,179.898726,-1.465633165,0.163580551,-0.297086181,-0.413721426,0.022063957,-0.251565081,-64.32120896,55.47371635,40.23628349,-77.85596008,-37.6474768,60.24168663,-17.81987572,1,1
139.992012,10,1573819986,AUT,FALSE,TRUE,TRUE,474.2372513,-402.1036616,145.8173402,-179.9257666,0.094055621,179.898726,-1.465633165,0.163580551,-0.297086181,-0.413721426,0.022063957,-0.251565081,-64.32120896,55.47371635,40.23628349,-77.85596008,-37.6474768,60.24168663,-17.81987572,1,1
140.092478,10,1573819986,AUT,FALSE,TRUE,TRUE,484.00366,-401.7578861,147.5555794,-179.982985,0.424194231,179.93918,-14.57482745,-2.002726169,4.136030719,-0.363208524,1.540573602,0.097494398,-63.53143959,56.03775444,40.40508842,-76.46258468,-37.67735961,60.73775711,-17.58483353,1,1
140.192951,10,1573819986,AUT,FALSE,TRUE,TRUE,501.1092378,-400.1441355,149.2097159,179.9991833,0.535429723,179.9797019,-13.6420883,-3.443859736,5.273053213,-0.832155499,1.428464973,0.10974169,-61.72839776,57.18474083,40.42733917,-73.72899055,-37.73235168,61.97913666,-17.17658501,1,1
140.2934449,10,1573819986,AUT,FALSE,TRUE,TRUE,523.9307145,-398.1776377,150.6975324,-179.9991498,0.532454488,179.9784496,-9.643386319,-0.754563635,2.23358294,-0.263089397,1.049743871,-0.027075973,-59.21749649,58.92602577,40.39190483,-69.67193184,-37.81724304,63.91276474,-16.85651207,1,1
140.3939168,10,1573819986,AUT,FALSE,TRUE,TRUE,523.9307145,-398.1776377,150.6975324,-179.9991498,0.532454488,179.9784496,-9.643386319,-0.754563635,2.23358294,-0.263089397,1.049743871,-0.027075973,-59.21749649,58.92602577,40.39190483,-69.67193184,-37.81724304,63.91276474,-16.85651207,1,1
140.494463,10,1573819986,AUT,FALSE,TRUE,TRUE,548.0710575,-396.8479335,151.6186268,-179.982032,0.453311745,179.9893518,-3.879406366,-4.731068741,2.395132148,-1.276733959,0.161103607,-0.153314861,-56.37245636,61.05987281,40.28159179,-64.78624649,-37.92832031,66.13291969,-16.80654488,1,1
140.594933,10,1573819986,AUT,FALSE,TRUE,TRUE,570.1034146,-397.3362911,151.7212231,-179.986042,0.258933298,-179.9791027,0.42834394,-0.752198624,2.736419175,-0.188308217,-0.099380185,-0.044958722,-53.64455453,63.33031082,40.05063858,-59.52999916,-38.04004577,68.50125961,-17.11924324,1,1
140.695385,10,1573819987,AUT,FALSE,TRUE,TRUE,585.6660246,-399.5870385,149.7560022,-179.9381576,0.02342876,-179.9923372,6.11133006,2.378748632,2.836523705,0.06713315,-0.627812887,-0.310214038,-51.57496719,65.34453392,39.71197128,-55.12537422,-38.06217773,70.37990799,-17.79614525,1,1
140.7958829,10,1573819987,AUT,FALSE,TRUE,TRUE,585.6660246,-399.5870385,149.7560022,-179.9381576,0.02342876,-179.9923372,6.11133006,2.378748632,2.836523705,0.06713315,-0.627812887,-0.310214038,-50.26052513,66.92221527,39.51011123,-51.85454864,-38.06133728,71.71532364,-18.54360695,1,1
140.8964169,10,1573819987,AUT,FALSE,TRUE,TRUE,595.1450394,-402.543594,147.4868407,-179.8887952,-0.154326014,179.8646369,11.00884769,5.713716382,-0.243153904,0.26481366,-1.41449374,-0.664989411,-50.26052513,66.92221527,39.51011123,-51.85454864,-38.06133728,71.71532364,-18.54360695,1,1
140.996896,10,1573819987,AUT,FALSE,TRUE,TRUE,599.8279504,-402.2679462,146.1465431,-179.7853545,-0.241112556,179.7497075,10.9674366,7.896996034,-1.171933903,0.46966485,-1.283060469,-0.859984031,-49.58840218,67.72075996,39.51895523,-50.31067085,-38.06210083,72.41557846,-18.86805039,1,1
141.0974989,10,1573819987,AUT,FALSE,TRUE,TRUE,601.7882761,-395.6766546,145.9613662,-179.7351033,-0.22317163,179.5956157,2.334106989,7.140533518,-1.088657095,0.46966485,-1.283060469,-0.859984031,-49.34904786,67.55365791,39.68698768,-50.86371231,-38.05963439,72.24205971,-18.28190575,1,1
141.1980259,10,1573819987,AUT,FALSE,TRUE,TRUE,601.7882761,-395.6766546,145.9613662,-179.7351033,-0.22317163,179.5956157,2.334106989,7.140533518,-1.088657095,0.008524009,0.373437325,-1.159092313,-49.34904786,67.55365791,39.68698768,-50.86371231,-38.05963439,72.24205971,-18.28190575,1,1
141.2985048,10,1573819987,AUT,FALSE,TRUE,TRUE,604.8738104,-381.94881,146.4936939,-179.7247654,-0.257947854,179.5145066,1.262416596,7.180266439,0.238458261,-0.15400445,0.522895992,-1.226824728,-48.84800949,66.94118385,39.84650573,-52.31519165,-38.05957397,71.75191841,-16.83587838,1,1
141.399266,10,1573819987,AUT,FALSE,TRUE,TRUE,608.2723902,-360.1121723,146.1479015,-179.7233348,-0.348391734,179.4300711,2.881278031,9.188003417,0.920601462,0.29044727,0.702775583,-1.136594456,-48.04804344,65.91939697,40.00179062,-54.82708168,-38.05806335,70.79669151,-14.48126107,1,1
141.500067,10,1573819987,AUT,FALSE,TRUE,TRUE,608.2723902,-360.1121723,146.1479015,-179.7233348,-0.348391734,179.4300711,2.881278031,9.188003417,0.920601462,0.29044727,0.702775583,-1.136594456,-48.04804344,65.91939697,40.00179062,-54.82708168,-38.05806335,70.79669151,-14.48126107,1,1
141.600693,10,1573819988,AUT,FALSE,TRUE,TRUE,611.123852,-321.5509416,144.4583012,-179.826254,-0.336200848,179.3590144,2.338821688,8.913408318,1.087974618,0.169769707,0.611417472,-0.688485761,-46.74783211,64.00672188,40.21749687,-59.69093856,-38.06010131,68.65358848,-10.17060356,1,1
141.7013099,10,1573819988,AUT,FALSE,TRUE,TRUE,611.5658859,-284.0925781,144.5543123,-179.8735022,-0.268311155,179.3562049,0.604427374,6.846629931,-0.338975562,-0.337429152,0.57407824,-0.298262722,-45.42825051,62.06377258,40.470718,-64.24411583,-38.08183227,66.64727897,-6.028634263,1,1
141.801791,10,1573819988,AUT,FALSE,TRUE,TRUE,610.7028993,-243.429048,147.6131191,-179.8972249,-0.272852482,179.3739761,-2.51578442,6.643824971,1.093389155,-0.268495371,1.04285894,-0.089726532,-43.75026055,59.91020508,40.90816955,-68.69509964,-38.09513122,65.01340599,-1.596066288,1,1
141.9022689,10,1573819988,AUT,FALSE,TRUE,TRUE,608.9858512,-201.6223593,150.6944427,-179.9564327,-0.21774458,179.4194577,-4.314287685,3.592196624,2.481603131,-0.268495371,1.04285894,-0.089726532,-41.727808,57.903796,41.34274749,-72.67158394,-38.09535644,63.50930214,2.942732619,1,1
142.002739,10,1573819988,AUT,FALSE,TRUE,TRUE,608.9858512,-201.6223593,150.6944427,-179.9564327,-0.21774458,179.4194577,-4.314287685,3.592196624,2.481603131,-0.794008912,1.347761321,-0.025428378,-41.727808,57.903796,41.34274749,-72.67158394,-38.09535644,63.50930214,2.942732619,1,1
142.1032069,10,1573819988,AUT,FALSE,TRUE,TRUE,607.2961753,-161.5367252,152.7729141,179.9990051,-0.148901744,179.5322053,-4.784956254,3.543698438,-0.660822139,-0.626675589,1.068296328,0.169729706,-39.35033226,56.26144294,41.60806045,-75.90876731,-38.0916101,62.21017227,7.281312556,1,1
142.203687,10,1573819988,AUT,FALSE,TRUE,TRUE,606.5263466,-125.6039328,153.9212424,179.9538682,-0.168045021,179.6289625,-5.767260611,2.774767563,2.211664953,-0.247722031,1.498651463,0.396311162,-36.79778595,55.14910126,41.70763778,-78.00807953,-38.03225646,61.36296844,11.10005035,1,1
142.304199,10,1573819988,AUT,FALSE,TRUE,TRUE,606.991584,-95.4185102,153.2914694,179.9336793,-0.172260536,179.6944122,-5.654466145,1.561233689,4.10296392,-1.001735909,1.611660971,0.40105454,-34.27488899,54.5949337,41.64726104,-79.18471527,-38.01204162,60.77846489,14.17803497,1,1
142.4046819,10,1573819988,AUT,FALSE,TRUE,TRUE,606.991584,-95.4185102,153.2914694,179.9336793,-0.172260536,179.6944122,-5.654466145,1.561233689,4.10296392,-1.001735909,1.611660971,0.40105454,-34.27488899,54.5949337,41.64726104,-79.18471527,-38.01204162,60.77846489,14.17803497,1,1
142.5051548,10,1573819988,AUT,FALSE,TRUE,TRUE,607.9822675,-73.26188358,151.1103471,179.9283625,-0.264116419,179.7694921,-2.318521998,1.743873704,3.67867302,-0.911044297,1.581060797,0.430337153,-32.17230835,54.52105751,41.46215171,-79.63251114,-38.03574462,60.45158386,16.40010566,1,1
142.6056259,10,1573819989,AUT,FALSE,TRUE,TRUE,609.4990141,-58.29328886,147.7687235,179.8519067,-0.169646875,179.862733,-1.627480396,-3.052343882,1.033326464,-1.907484733,1.133730104,0.481160709,-30.54072876,54.64077759,41.0884037,-79.79197082,-38.0853424,59.9591629,17.96692772,1,1
142.7061,10,1573819989,AUT,FALSE,TRUE,TRUE,613.3871766,-51.97899007,145.9493234,179.8978207,0.059349061,179.9606894,-6.046030302,-0.542826836,1.356244115,-1.207180768,1.00888823,0.472568884,-29.49706879,54.92275886,40.68765678,-79.2994503,-38.09173645,59.73840294,18.44390602,1,1
142.8065739,10,1573819989,AUT,FALSE,TRUE,TRUE,622.5262804,-51.59959893,146.3560264,179.8784719,0.300654741,179.9830464,-11.30641815,2.746765289,1.782021557,-0.434907733,1.163037523,0.455445011,-28.75834466,55.66713753,40.45598602,-77.49696464,-38.07212585,60.28819999,18.08302231,1,1
142.9071329,10,1573819989,AUT,FALSE,TRUE,TRUE,622.5262804,-51.59959893,146.3560264,179.8784719,0.300654741,179.9830464,-11.30641815,2.746765289,1.782021557,-0.434907733,1.163037523,0.455445011,-28.75834466,55.66713753,40.45598602,-77.49696464,-38.07212585,60.28819999,18.08302231,1,1
143.0076149,10,1573819989,AUT,FALSE,TRUE,TRUE,637.3933262,-53.14650633,148.1698415,179.9180651,0.342950824,179.9343397,-11.40385322,2.748983859,4.472615884,-0.606431991,1.294899171,0.319823997,-27.84843292,57.11788216,40.45267296,-74.09682312,-38.06613281,61.90981979,17.09393692,1,1
143.1080859,10,1573819989,AUT,FALSE,TRUE,TRUE,655.8523593,-56.54889126,149.8094479,179.967789,0.332748338,179.9449351,-6.969934808,4.159063052,1.087084853,-0.1694888,0.623519331,0.208146341,-26.67868081,59.06333427,40.3711647,-69.56776084,-38.10944641,64.07554436,15.67846527,1,1
143.2085619,10,1573819989,AUT,FALSE,TRUE,TRUE,674.480745,-58.90498404,150.1963871,179.9787566,0.245576168,179.8534023,-4.7326077,3.463121511,0.719571187,-0.643537872,0.114406038,0.079405473,-25.30331269,61.30518379,40.31550865,-64.50802459,-38.13839538,66.32968139,14.21849213,1,1
143.309551,10,1573819989,AUT,FALSE,TRUE,TRUE,689.4469987,-58.68514897,147.9879314,179.9995448,0.008392712,179.8228805,2.41320114,2.059199755,2.880170944,-0.643537872,0.114406038,0.079405473,-23.86671982,63.42413063,40.23131904,-60.15022201,-38.27815795,68.24758873,13.16756744,1,1
143.4100549,10,1573819989,AUT,FALSE,TRUE,TRUE,689.4469987,-58.68514897,147.9879314,179.9995448,0.008392712,179.8228805,2.41320114,2.059199755,2.880170944,-1.280485919,-0.179092115,0.039992594,-23.86671982,63.42413063,40.23131904,-60.15022201,-38.27815795,68.24758873,13.16756744,1,1
143.510895,10,1573819989,AUT,FALSE,TRUE,TRUE,700.0435977,-54.26582224,142.6738985,-179.9840432,-0.082670051,179.8072367,3.073762771,6.204808865,3.01425943,-0.238134172,-0.049994954,0.188855616,-22.50234146,65.20737304,40.13301201,-57.07629204,-38.54171997,69.247966,12.81026802,1,1
143.6113861,10,1573819990,AUT,FALSE,TRUE,TRUE,707.1371976,-47.10218693,138.7007132,-179.9578836,-0.071318421,179.7985995,2.635066642,6.48608942,-0.696667974,-0.271806292,-0.316594401,0.044043755,-21.25295563,66.40468368,40.06149444,-55.11662979,-38.74558776,69.75282554,12.92272339,1,1
143.711848,10,1573819990,AUT,FALSE,TRUE,TRUE,711.8882979,-35.31965754,139.060699,-179.9114501,-0.086711042,179.7382893,2.149608714,8.880937713,-0.877923538,0.376262502,-0.302462,-0.218370076,-19.9559063,66.9731884,40.10530243,-53.80952453,-38.74591186,70.33273201,13.42951927,1,1
143.8123329,10,1573819990,AUT,FALSE,TRUE,TRUE,711.8882979,-35.31965754,139.060699,-179.9114501,-0.086711042,179.7382893,2.149608714,8.880937713,-0.877923538,0.376262502,-0.302462,-0.218370076,-19.9559063,66.9731884,40.10530243,-53.80952453,-38.74591186,70.33273201,13.42951927,1,1
143.912796,10,1573819990,AUT,FALSE,TRUE,TRUE,714.49215,-16.44843651,141.7549501,-179.9351887,-0.070697387,179.6809321,1.619094383,6.660225021,-0.303852461,-0.214536573,-0.522491932,-0.221548918,-18.30994492,67.04478149,40.18878136,-53.1842102,-38.66109741,70.76008987,14.76028633,1,1
144.013304,10,1573819990,AUT,FALSE,TRUE,TRUE,714.8774933,8.362767532,144.271635,-179.8486588,-0.094003478,179.6846736,-2.672924606,11.1826565,1.324271243,0.642854102,0.295943856,-0.354419526,-16.34546586,66.90323982,40.22664642,-53.05212708,-38.57629394,71.01163559,16.6001564,1,1
144.1138449,10,1573819990,AUT,FALSE,TRUE,TRUE,714.0722224,36.49184038,146.1891475,-179.9071489,-0.066350642,179.705089,-4.164511275,9.317317308,1.944250886,0.441026408,0.595135264,-0.313709656,-14.08805695,66.74220085,40.25581512,-53.05916176,-38.53134887,71.11512336,18.8933567,1,1
144.214323,10,1573819990,AUT,FALSE,TRUE,TRUE,712.4533528,63.33782319,147.1400781,-179.9252613,-0.057863849,179.768376,-2.540991303,6.647092893,1.453534704,0.441026408,0.595135264,-0.313709656,-11.86861611,66.68226356,40.22626876,-52.98584175,-38.52743225,71.21096191,21.05841522,1,1
144.3147988,10,1573819990,AUT,FALSE,TRUE,TRUE,712.4533528,63.33782319,147.1400781,-179.9252613,-0.057863849,179.768376,-2.540991303,6.647092893,1.453534704,0.171519266,0.238197848,-0.224366968,-11.86861611,66.68226356,40.22626876,-52.98584175,-38.52743225,71.21096191,21.05841522,1,1
144.4152629,10,1573819990,AUT,FALSE,TRUE,TRUE,710.7204612,85.5391314,148.0881555,-179.997653,-0.072240622,179.8866046,-0.120138319,-0.899854842,-0.142157999,-0.96448371,-0.231471277,-0.105439644,-9.943574525,66.68195457,40.16477279,-52.77118606,-38.53030517,71.39273071,22.88942413,1,1
144.5157259,10,1573819990,AUT,FALSE,TRUE,TRUE,709.3707182,98.27216078,150.1628056,-179.9897234,-0.185439749,-179.9203328,4.281515101,-2.184272427,-0.680248254,-1.101382158,-0.607666973,-0.07597158,-8.691126256,66.62215805,40.08341217,-52.46736946,-38.51923095,71.82486763,23.87180443,1,1
144.6162009,10,1573819991,AUT,FALSE,TRUE,TRUE,706.4966003,102.979497,152.8530023,-179.9869978,-0.484215522,-179.8393265,7.767290287,-1.578844707,-0.652548954,-0.721999672,-0.099310119,-0.008467292,-8.319932556,66.29420929,40.08591499,-52.72309341,-38.32613525,72.20287284,24.3215538,1,1
144.7167408,10,1573819991,AUT,FALSE,TRUE,TRUE,706.4966003,102.979497,152.8530023,-179.9869978,-0.484215522,-179.8393265,7.767290287,-1.578844707,-0.652548954,-0.721999672,-0.099310119,-0.008467292,-8.319932556,66.29420929,40.08591499,-52.72309341,-38.32613525,72.20287284,24.3215538,1,1
144.8172679,10,1573819991,AUT,FALSE,TRUE,TRUE,700.633202,103.3727714,154.7882518,-179.9621868,-0.708331364,-179.8108328,11.20468228,1.050650465,-0.597711081,0.012042008,0.211869777,-0.101129848,-8.655544281,65.49441146,40.09175834,-54.20078888,-38.10054748,71.93811607,24.74855804,1,1
144.9177299,10,1573819991,AUT,FALSE,TRUE,TRUE,689.9967608,103.6780694,154.8634251,-179.9702093,-0.778240852,-179.8043319,10.50391513,0.032532509,-0.576716779,-0.137128431,0.243663842,-0.112631386,-9.407160188,64.16502113,40.10706367,-57.21314735,-37.92119018,70.71825599,25.7201889,1,1
145.018204,10,1573819991,AUT,FALSE,TRUE,TRUE,669.8242058,103.3800912,151.913314,-179.9567767,-0.729962056,-179.7685087,10.50391513,0.032532509,-0.576716779,-0.137128431,0.243663842,-0.112631386,-10.86192513,61.82322349,40.11184959,-63.02553634,-37.83999572,68.02048416,27.52183342,1,1
145.1187489,10,1573819991,AUT,FALSE,TRUE,TRUE,669.8242058,103.3800912,151.913314,-179.9567767,-0.729962056,-179.7685087,7.008337071,0.696314991,0.627636686,0.206611347,0.474539147,-0.209285181,-10.86192513,61.82322349,40.11184959,-63.02553634,-37.83999572,68.02048416,27.52183342,1,1
145.21996,10,1573819991,AUT,FALSE,TRUE,TRUE,650.0552997,101.2425309,149.4092387,-179.9014696,-0.616333851,-179.7369339,1.243038945,3.724040201,-0.116006293,0.747723143,0.731661686,-0.331038044,-12.31854401,59.60267715,40.12783813,-68.3511898,-37.8227362,65.39934539,29.02942199,1,1
145.3205938,10,1573819991,AUT,FALSE,TRUE,TRUE,631.1398694,98.20269673,147.7821745,-179.8823243,-0.459623656,-179.7799364,-2.678682918,4.483447026,1.365007222,0.534677384,1.214233673,-0.589599755,-13.74657097,57.46562347,40.16864548,-73.30689239,-37.75784545,62.96522827,30.26546974,1,1
145.4213278,10,1573819991,AUT,FALSE,TRUE,TRUE,616.3593643,95.43090866,148.2523163,-179.8359,-0.195013474,-179.8512174,-10.83381563,6.781073815,1.827140117,0.93383992,1.828092354,-0.828022087,-14.92730942,55.64348945,40.27994041,-77.08708878,-37.70212829,61.05544395,31.1266571,1,1
145.521843,10,1573819991,AUT,FALSE,TRUE,TRUE,616.3593643,95.43090866,148.2523163,-179.8359,-0.195013474,-179.8512174,-10.83381563,6.781073815,1.827140117,0.93383992,1.828092354,-0.828022087,-14.92730942,55.64348945,40.27994041,-77.08708878,-37.70212829,61.05544395,31.1266571,1,1
145.622308,10,1573819992,AUT,FALSE,TRUE,TRUE,609.3180486,94.82235872,151.4841518,-179.7896581,-0.070216871,-179.9361637,-11.7334298,8.92769787,3.445522218,1.071038731,1.99140323,-1.065574107,-15.50848961,54.53029289,40.46196327,-78.83842278,-37.50972473,60.39856796,31.43715133,1,1
145.722827,10,1573819992,AUT,FALSE,TRUE,TRUE,607.7016066,100.2834087,154.1713061,-179.6810476,-0.047179382,179.8476963,-7.76948504,12.28521249,3.782574282,1.055928595,1.380024993,-1.559715539,-15.33023644,54.25294647,40.77003364,-79.0517086,-37.35638305,60.46465073,31.75028915,1,1
145.8233418,10,1573819992,AUT,FALSE,TRUE,TRUE,606.0884944,115.7748716,154.087323,-179.6367645,-0.069531095,179.624848,-4.82307735,14.91247363,3.759867918,1.179319233,0.979384432,-1.506650952,-14.22253991,54.52663994,41.23454933,-78.82644081,-37.5679248,60.63011169,33.12694129,1,1
145.9239039,10,1573819992,AUT,FALSE,TRUE,TRUE,604.4424966,138.3514245,151.9683864,-179.699068,-0.053962682,179.5643731,-5.740180093,10.59292882,3.670722112,0.410737583,1.020596096,-1.428479073,-12.16306343,55.13685836,41.52736587,-78.22082977,-38.02036926,60.79399681,35.34170608,1,1
146.0243869,10,1573819992,AUT,FALSE,TRUE,TRUE,604.4424966,138.3514245,151.9683864,-179.699068,-0.053962682,179.5643731,-5.740180093,10.59292882,3.670722112,0.410737583,1.020596096,-1.428479073,-12.16306343,55.13685836,41.52736587,-78.22082977,-38.02036926,60.79399681,35.34170608,1,1
146.1248119,10,1573819992,AUT,FALSE,TRUE,TRUE,604.0966719,165.5218828,149.5945095,-179.6979692,0.005587746,179.6089348,-6.924930229,7.992356793,2.486233904,-0.17388055,1.251228659,-1.26917879,-9.324258044,56.01129799,41.50404053,-76.90514488,-38.37550231,61.20017853,37.59333343,1,1
146.225338,10,1573819992,AUT,FALSE,TRUE,TRUE,606.2456893,193.273761,149.5088221,-179.722827,0.022285874,179.6197446,-5.311284098,9.510986075,1.123395344,-0.077193963,1.074551973,-1.343901748,-6.315023806,57.06893119,41.43731231,-74.64521255,-38.51227661,62.17214928,39.45849266,1,1
146.325803,10,1573819992,AUT,FALSE,TRUE,TRUE,607.9495241,220.6219534,150.5028473,-179.7801604,-0.100176657,179.6683013,-0.50010037,8.147486832,1.936204012,-0.006979871,0.665399853,-1.07807095,-3.227580644,58.21460953,41.40991173,-72.00673942,-38.51920349,63.51061019,41.0765419,1,1
146.4262829,10,1573819992,AUT,FALSE,TRUE,TRUE,607.9495241,220.6219534,150.5028473,-179.7801604,-0.100176657,179.6683013,-0.50010037,8.147486832,1.936204012,-0.006979871,0.665399853,-1.07807095,-0.382406619,59.22211418,41.24155998,-69.58538017,-38.57766723,64.68210639,42.56200333,1,1
146.526803,10,1573819992,AUT,FALSE,TRUE,TRUE,608.7833943,245.0074001,151.1771514,-179.8580763,-0.107007966,179.8539226,0.193362774,1.222766961,0.667575703,-0.955885892,0.532436188,-0.614798794,-0.382406619,59.22211418,41.24155998,-69.58538017,-38.57766723,64.68210639,42.56200333,1,1
146.6273179,10,1573819993,AUT,FALSE,TRUE,TRUE,609.7691711,261.788523,151.919221,-179.9267307,-0.150176442,-179.9622681,2.050861025,-1.247944479,0.0824737,-0.942061305,0.216447549,-0.369728919,1.745545575,59.98505287,40.95683899,-67.57804756,-38.48855163,65.69156799,43.41500931,1,1
146.727802,10,1573819993,AUT,FALSE,TRUE,TRUE,610.2946879,270.2518086,151.6196364,-179.9653142,-0.214519798,-179.8265997,5.222197436,-2.775870179,-0.953702223,-1.06704143,-0.225649682,-0.377533516,2.914968106,60.44414749,40.68872451,-66.44561806,-38.36288452,66.20546722,43.76640014,1,1
146.8282819,10,1573819993,AUT,FALSE,TRUE,TRUE,607.2361177,273.1783061,150.3272028,-179.8662934,-0.501485024,-179.7750701,9.208831691,0.511489881,-0.218492705,-0.302879283,-0.220503975,-0.552042041,3.24123115,60.5043148,40.65089721,-66.55543671,-38.2409143,66.29130478,43.98214416,1,1
146.9288769,10,1573819993,AUT,FALSE,TRUE,TRUE,607.2361177,273.1783061,150.3272028,-179.8662934,-0.501485024,-179.7750701,9.208831691,0.511489881,-0.218492705,-0.302879283,-0.220503975,-0.552042041,3.24123115,60.5043148,40.65089721,-66.55543671,-38.2409143,66.29130478,43.98214416,1,1
147.0295699,10,1573819993,AUT,FALSE,TRUE,TRUE,597.3465387,275.7016461,148.4147883,-179.8884145,-0.650767779,-179.7166977,10.64860312,1.210852304,-3.234491189,0.284521279,-0.188780933,-0.357627464,3.209223175,59.90901718,40.73736992,-68.32982139,-38.2659027,65.55658035,45.03822212,1,1
147.1304131,10,1573819993,AUT,FALSE,TRUE,TRUE,597.3465387,275.7016461,148.4147883,-179.8884145,-0.650767779,-179.7166977,10.64860312,1.210852304,-3.234491189,0.284521279,-0.188780933,-0.357627464,3.209223175,59.90901718,40.73736992,-68.32982139,-38.2659027,65.55658035,45.03822212,1,1
147.231009,10,1573819993,AUT,FALSE,TRUE,TRUE,570.0976883,280.5825575,147.8965145,-179.8851393,-0.635507584,-179.7087324,5.998527189,2.433312232,-1.194138165,0.589797386,0.093931287,-0.437628896,2.976501844,58.02228012,40.9250061,-73.70979881,-38.23444335,63.12400474,47.96299896,1,1
147.33149,10,1573819993,AUT,FALSE,TRUE,TRUE,570.0976883,280.5825575,147.8965145,-179.8851393,-0.635507584,-179.7087324,5.998527189,2.433312232,-1.194138165,0.589797386,0.093931287,-0.437628896,2.618134687,54.78029365,41.04226456,-79.55941086,-38.11839477,60.52350311,50.72293624,1,1
147.4319589,10,1573819993,AUT,FALSE,TRUE,TRUE,541.5538794,281.9359531,147.9711958,-179.8467335,-0.516064606,-179.6497231,3.272023891,4.651547707,-0.089257112,1.073394687,0.190244258,-0.518241599,2.618134687,54.78029365,41.04226456,-79.55941086,-38.11839477,60.52350311,50.72293624,1,1
147.5324318,10,1573819993,AUT,FALSE,TRUE,TRUE,506.8948602,281.066217,148.6702284,-179.8610196,-0.412143316,-179.6339576,0.216783721,5.150920164,1.52978644,1.052908496,0.73238412,-0.613817518,2.154491037,51.35369224,41.25583534,-86.43383102,-37.80267517,57.37813797,53.78208274,1,1
147.632901,10,1573819994,AUT,FALSE,TRUE,TRUE,506.8948602,281.066217,148.6702284,-179.8610196,-0.412143316,-179.6339576,0.216783721,5.150920164,1.52978644,1.052908496,0.73238412,-0.613817518,2.154491037,51.35369224,41.25583534,-86.43383102,-37.80267517,57.37813797,53.78208274,1,1
147.733501,10,1573819994,AUT,FALSE,TRUE,TRUE,484.5732601,277.8190839,149.289601,-179.8637665,-0.23264281,-179.6301924,-3.867742482,5.688416003,2.005641235,1.045194859,1.165769552,-0.730634954,1.797198481,49.00679969,41.32144775,-90.87789001,-37.59295715,55.19782562,55.59670829,1,1
153.1097651,11,1573819999,AUT,FALSE,TRUE,TRUE,471.4887719,-400.2395528,169.4508718,179.9668008,-0.064365125,179.9761567,7.795663889,-1.340088058,10.89150035,-0.02724649,0.515063857,-0.148809151,-64.99251824,53.2977848,41.28167724,-78.18919601,-36.75372253,62.19774399,-18.03481636,1,1
153.210947,11,1573819999,AUT,FALSE,TRUE,TRUE,467.1550582,-398.8696593,162.14275,-179.9869024,-0.381862712,179.8466313,2.919410622,0.491430265,5.476638756,-0.066371491,1.183592102,-0.370043083,-65.06067467,53.44124565,40.86080474,-78.88462028,-36.79465209,61.56321487,-17.99448624,1,1
153.3114259,11,1573819999,AUT,FALSE,TRUE,TRUE,467.1550582,-398.8696593,162.14275,-179.9869024,-0.381862712,179.8466313,2.919410622,0.491430265,5.476638756,-0.066371491,1.183592102,-0.370043083,-65.06067467,53.44124565,40.86080474,-78.88462028,-36.79465209,61.56321487,-17.99448624,1,1
153.411895,11,1573819999,AUT,FALSE,TRUE,TRUE,464.8642961,-397.9196282,149.9281444,-179.9564433,-0.112135303,179.9452143,-3.227725744,-1.361996948,-0.872810656,-0.472040008,0.996117221,-0.365864061,-65.13100777,54.03062439,40.31238441,-79.88878441,-37.32422058,59.82904014,-17.64284821,1,1
153.5123749,11,1573819999,AUT,FALSE,TRUE,TRUE,464.4913446,-398.7718343,144.5422159,-179.9462126,-0.16458441,179.9409727,0.817346399,0.317619988,0.742033826,-0.197524149,0.619812648,-0.469751978,-65.16189652,54.61745224,40.29290428,-79.86616287,-37.81557861,59.50527649,-17.46721459,1,1
153.6128519,11,1573820000,AUT,FALSE,TRUE,TRUE,464.4913446,-398.7718343,144.5422159,-179.9462126,-0.16458441,179.9409727,0.817346399,0.317619988,0.742033826,-0.197524149,0.619812648,-0.469751978,-65.16189652,54.61745224,40.29290428,-79.86616287,-37.81557861,59.50527649,-17.46721459,1,1
153.713407,11,1573820000,AUT,FALSE,TRUE,TRUE,467.1485671,-399.9036989,143.5637958,-179.9474705,0.083476786,179.951971,-3.594909068,0.484649018,0.255163697,-0.040247912,0.366159515,-0.307944047,-65.11126328,54.99539566,40.38691978,-79.47097778,-37.97897827,59.37957229,-17.46916123,1,1
153.8138919,11,1573820000,AUT,FALSE,TRUE,TRUE,467.1485671,-399.9036989,143.5637958,-179.9474705,0.083476786,179.951971,-3.594909068,0.484649018,0.255163697,-0.040247912,0.366159515,-0.307944047,-64.35371819,55.41304436,40.68335151,-78.13056335,-37.98327392,60.09424324,-17.15868073,1,1
153.9143589,11,1573820000,AUT,FALSE,TRUE,TRUE,476.6124898,-399.0407295,146.8924813,179.9744236,0.342350145,179.9807002,-9.670166486,-3.745906666,2.002345348,-0.568585651,0.797492788,0.004274139,-64.35371819,55.41304436,40.68335151,-78.13056335,-37.98327392,60.09424324,-17.15868073,1,1
154.014847,11,1573820000,AUT,FALSE,TRUE,TRUE,476.6124898,-399.0407295,146.8924813,179.9744236,0.342350145,179.9807002,-9.670166486,-3.745906666,2.002345348,-0.568585651,0.797492788,0.004274139,-62.34098854,56.72138901,40.82325554,-73.69593544,-38.01942993,62.39250412,-16.80509263,1,1
154.115298,11,1573820000,AUT,FALSE,TRUE,TRUE,502.979328,-398.4180281,151.4561201,179.9870729,0.446144105,-179.9823561,-12.1243635,-3.344499162,4.387113238,-0.321578702,1.443889751,-0.00885683,-62.34098854,56.72138901,40.82325554,-73.69593544,-38.01942993,62.39250412,-16.80509263,1,1
154.2157741,11,1573820000,AUT,FALSE,TRUE,TRUE,502.979328,-398.4180281,151.4561201,179.9870729,0.446144105,-179.9823561,-12.1243635,-3.344499162,4.387113238,-0.321578702,1.443889751,-0.00885683,-58.41839562,59.66118278,40.71739196,-68.08787841,-38.21081176,65.36850128,-16.61692086,1,1
154.316299,11,1573820000,AUT,FALSE,TRUE,TRUE,538.4475352,-397.5282385,151.4771016,-179.9997677,0.465398227,-179.9717049,-4.285195409,-4.625841977,2.318027182,-0.774320114,-0.018765504,-0.216122676,-58.41839562,59.66118278,40.71739196,-68.08787841,-38.21081176,65.36850128,-16.61692086,1,1
154.416759,11,1573820000,AUT,FALSE,TRUE,TRUE,538.4475352,-397.5282385,151.4771016,-179.9997677,0.465398227,-179.9717049,-4.285195409,-4.625841977,2.318027182,-0.774320114,-0.018765504,-0.216122676,-54.27664948,63.26531982,40.48379859,-60.29343567,-38.52219726,68.17289543,-16.95357971,1,1
154.517257,11,1573820000,AUT,FALSE,TRUE,TRUE,567.1333101,-398.1482884,149.939125,-179.9866335,0.252872,-179.9716359,1.150056868,2.423651704,0.156730856,0.559642426,0.087851948,-0.083162838,-54.27664948,63.26531982,40.48379859,-60.29343567,-38.52219726,68.17289543,-16.95357971,1,1
154.6177289,11,1573820001,AUT,FALSE,TRUE,TRUE,567.1333101,-398.1482884,149.939125,-179.9866335,0.252872,-179.9716359,1.150056868,2.423651704,0.156730856,0.559642426,0.087851948,-0.083162838,-51.30554123,66.24102173,40.17633247,-53.43859176,-38.61046142,71.35282974,-18.18608437,1,1
154.718189,11,1573820001,AUT,FALSE,TRUE,TRUE,589.119309,-402.7847902,149.5671895,-179.8667096,-0.156775996,179.9539339,13.53828099,4.84191119,0.415391553,0.255942425,-1.447713719,-0.782193951,-51.30554123,66.24102173,40.17633247,-53.43859176,-38.61046142,71.35282974,-18.18608437,1,1
154.8188899,11,1573820001,AUT,FALSE,TRUE,TRUE,596.7745991,-403.4435871,146.7809789,-179.8147575,-0.240957559,179.7271102,13.53828099,4.84191119,0.415391553,0.255942425,-1.447713719,-0.782193951,-50.22235794,67.55780182,40.15764884,-50.92007217,-38.61180725,72.37601394,-18.68574258,1,1
154.9199228,11,1573820001,AUT,FALSE,TRUE,TRUE,596.7745991,-403.4435871,146.7809789,-179.8147575,-0.240957559,179.7271102,10.25345608,7.396920646,0.049945331,0.47502132,-0.288329213,-1.018534014,-50.22235794,67.55780182,40.15764884,-50.92007217,-38.61180725,72.37601394,-18.68574258,1,1
155.0206831,11,1573820001,AUT,FALSE,TRUE,TRUE,600.3854481,-391.4339175,144.9166074,-179.7340551,-0.295970891,179.5529119,3.045984268,7.867383468,-1.653155634,0.130677133,0.500205996,-1.312147825,-49.67864456,67.37144966,40.26676368,-51.85398216,-38.61221374,71.95288581,-17.55808182,1,1
155.1212959,11,1573820001,AUT,FALSE,TRUE,TRUE,600.3854481,-391.4339175,144.9166074,-179.7340551,-0.295970891,179.5529119,3.045984268,7.867383468,-1.653155634,0.130677133,0.500205996,-1.312147825,-49.67864456,67.37144966,40.26676368,-51.85398216,-38.61221374,71.95288581,-17.55808182,1,1
155.221761,11,1573820001,AUT,FALSE,TRUE,TRUE,604.9993688,-361.0616947,145.2281939,-179.7440805,-0.426368961,179.3910705,4.344401658,8.711034199,-0.858682986,0.135953552,0.267046916,-1.197782465,-48.65802498,65.92369194,40.56519699,-55.44591408,-38.60967041,70.70506553,-14.2702961,1,1
155.322263,11,1573820001,AUT,FALSE,TRUE,TRUE,604.9993688,-361.0616947,145.2281939,-179.7440805,-0.426368961,179.3910705,4.344401658,8.711034199,-0.858682986,0.135953552,0.267046916,-1.197782465,-47.59885369,63.95410423,40.78073844,-60.168013,-38.610401,68.65442619,-10.2462307,1,1
155.422744,11,1573820001,AUT,FALSE,TRUE,TRUE,606.7163485,-325.8291695,144.7519371,-179.8546688,-0.360600793,179.3871127,2.825404934,6.264012306,-0.412499917,-0.302910353,0.395560516,-0.702505255,-47.59885369,63.95410423,40.78073844,-60.168013,-38.610401,68.65442619,-10.2462307,1,1
155.5232639,11,1573820001,AUT,FALSE,TRUE,TRUE,606.7965522,-280.0282744,147.1553378,-179.9297386,-0.271493465,179.4163583,-4.579460658,5.679794296,1.436260982,-0.212704357,1.310782312,-0.125807929,-46.05636979,61.33713341,41.21623992,-65.89044456,-38.62056884,66.33543548,-5.071903613,1,1
155.6237419,11,1573820002,AUT,FALSE,TRUE,TRUE,606.7965522,-280.0282744,147.1553378,-179.9297386,-0.271493465,179.4163583,-4.579460658,5.679794296,1.436260982,-0.212704357,1.310782312,-0.125807929,-46.05636979,61.33713341,41.21623992,-65.89044456,-38.62056884,66.33543548,-5.071903613,1,1
155.724257,11,1573820002,AUT,FALSE,TRUE,TRUE,606.467589,-233.7601232,151.1132298,179.9764736,-0.197638566,179.4921595,-4.687135689,3.150869872,1.01655336,0.227871982,1.448666581,0.20905235,-44.082827,59.00808678,41.67399559,-70.51550331,-38.61472961,64.57763328,-0.018041613,1,1
155.8247519,11,1573820002,AUT,FALSE,TRUE,TRUE,606.467589,-233.7601232,151.1132298,179.9764736,-0.197638566,179.4921595,-4.687135689,3.150869872,1.01655336,0.227871982,1.448666581,0.20905235,-44.082827,59.00808678,41.67399559,-70.51550331,-38.61472961,64.57763328,-0.018041613,1,1
155.9252579,11,1573820002,AUT,FALSE,TRUE,TRUE,606.3832519,-173.1909675,153.6129893,179.9464853,-0.198766006,179.5241329,-3.931499288,3.665719397,2.238909568,-0.516540129,1.066079275,0.234829546,-40.59986916,56.64818229,42.17742348,-75.31667633,-38.58759887,62.78723602,6.40113945,1,1
156.0257449,11,1573820002,AUT,FALSE,TRUE,TRUE,606.4407541,-132.1455912,151.8507604,179.9214973,-0.207040883,179.5616826,-3.859969862,0.70381714,3.225496133,-1.378391665,1.17133801,0.339902406,-37.61287537,55.6862503,42.17461509,-77.66015968,-38.59200439,61.56423454,10.73898811,1,1
156.1262751,11,1573820002,AUT,FALSE,TRUE,TRUE,606.4407541,-132.1455912,151.8507604,179.9214973,-0.207040883,179.5616826,-3.859969862,0.70381714,3.225496133,-1.378391665,1.17133801,0.339902406,-37.61287537,55.6862503,42.17461509,-77.66015968,-38.59200439,61.56423454,10.73898811,1,1
156.226748,11,1573820002,AUT,FALSE,TRUE,TRUE,606.9462979,-99.43380095,149.5204842,179.8725241,-0.242030125,179.6946471,-1.807830715,-0.032598948,1.508941396,-1.371522419,1.196710482,0.449790138,-34.81400185,55.2017086,42.01889419,-79.03698006,-38.68476196,60.79165534,14.18965301,1,1
156.3272181,11,1573820002,AUT,FALSE,TRUE,TRUE,606.9462979,-99.43380095,149.5204842,179.8725241,-0.242030125,179.6946471,-1.807830715,-0.032598948,1.508941396,-1.371522419,1.196710482,0.449790138,-34.81400185,55.2017086,42.01889419,-79.03698006,-38.68476196,60.79165534,14.18965301,1,1
156.4276829,11,1573820002,AUT,FALSE,TRUE,TRUE,607.9163978,-69.14591521,146.6001577,179.9567149,-0.324724585,179.7603762,-1.384368359,1.016509688,2.195705046,-1.091339177,1.392506989,0.161950701,-32.45836144,55.04941749,41.83449211,-79.65167541,-38.686333,60.35584144,17.10099907,1,1
156.528152,11,1573820002,AUT,FALSE,TRUE,TRUE,607.9163978,-69.14591521,146.6001577,179.9567149,-0.324724585,179.7603762,-1.384368359,1.016509688,2.195705046,-1.091339177,1.392506989,0.161950701,-32.45836144,55.04941749,41.83449211,-79.65167541,-38.686333,60.35584144,17.10099907,1,1
156.628742,11,1573820003,AUT,FALSE,TRUE,TRUE,611.5565063,-54.65168707,144.1463191,179.8490878,-0.02973634,-179.9993509,-6.153364738,-1.121272062,1.153203516,-1.022703374,1.224327959,0.368089933,-30.37936707,55.12077369,41.34915046,-79.7774517,-38.74863647,59.80707435,18.56250343,1,1
156.7294838,11,1573820003,AUT,FALSE,TRUE,TRUE,622.4758491,-55.40109282,146.0541943,179.8919853,0.22336768,-179.967009,-10.7177415,0.970836367,3.599416528,-1.022703374,1.224327959,0.368089933,-29.31088829,55.90240287,40.93415909,-77.46054153,-38.59330627,60.57745628,17.99398155,1,1
156.8299799,11,1573820003,AUT,FALSE,TRUE,TRUE,622.4758491,-55.40109282,146.0541943,179.8919853,0.22336768,-179.967009,-10.7177415,0.970836367,3.599416528,-0.464794374,1.063334875,0.172840674,-29.31088829,55.90240287,40.93415909,-77.46054153,-38.59330627,60.57745628,17.99398155,1,1
156.9308219,11,1573820003,AUT,FALSE,TRUE,TRUE,622.4758491,-55.40109282,146.0541943,179.8919853,0.22336768,-179.967009,-10.7177415,0.970836367,3.599416528,-0.464794374,1.063334875,0.172840674,-29.31088829,55.90240287,40.93415909,-77.46054153,-38.59330627,60.57745628,17.99398155,1,1
157.031316,11,1573820003,AUT,FALSE,TRUE,TRUE,651.4421392,-61.52707749,150.00596,179.959586,0.367136077,-179.9953162,-9.242732757,3.507689825,1.099791146,-0.212788754,0.853628036,-0.002509422,-27.72751122,58.73080902,40.94102898,-70.65451126,-38.66764526,63.78724251,15.77634659,1,1
157.1317909,11,1573820003,AUT,FALSE,TRUE,TRUE,673.1998593,-64.78465848,153.0786017,179.9412595,0.141650075,179.9453649,-9.242732757,3.507689825,1.099791146,-0.212788754,0.853628036,-0.002509422,-26.07302857,61.2225563,40.95019913,-64.60613251,-38.64721618,66.79828949,14.02299385,1,1
157.2322628,11,1573820003,AUT,FALSE,TRUE,TRUE,673.1998593,-64.78465848,153.0786017,179.9412595,0.141650075,179.9453649,1.599772481,4.882940972,2.939911755,0.153832867,0.100574665,0.014046933,-26.07302857,61.2225563,40.95019913,-64.60613251,-38.64721618,66.79828949,14.02299385,1,1
157.332783,11,1573820003,AUT,FALSE,TRUE,TRUE,692.6846296,-61.91220593,150.1769914,179.9345563,-0.008072123,179.8876597,1.316538335,2.957033232,2.984403277,-0.552016731,-0.136132876,0.228762943,-24.04434815,63.86145172,40.83165664,-59.17523346,-38.83709838,69.02060051,12.96230507,1,1
157.4333169,11,1573820003,AUT,FALSE,TRUE,TRUE,692.6846296,-61.91220593,150.1769914,179.9345563,-0.008072123,179.8876597,1.316538335,2.957033232,2.984403277,-0.552016731,-0.136132876,0.228762943,-24.04434815,63.86145172,40.83165664,-59.17523346,-38.83709838,69.02060051,12.96230507,1,1
157.533792,11,1573820003,AUT,FALSE,TRUE,TRUE,703.7741518,-56.65556335,146.5034601,179.9238895,-0.10819142,179.8963097,4.406274526,4.001099587,-0.844616161,-0.038165396,-0.674767454,0.329283364,-22.66579056,65.58731804,40.62805595,-55.83866157,-38.96329284,70.21929474,12.56543769,1,1
157.634269,11,1573820004,AUT,FALSE,TRUE,TRUE,703.7741518,-56.65556335,146.5034601,179.9238895,-0.10819142,179.8963097,4.406274526,4.001099587,-0.844616161,-0.038165396,-0.674767454,0.329283364,-22.66579056,65.58731804,40.62805595,-55.83866157,-38.96329284,70.21929474,12.56543769,1,1
157.7347379,11,1573820004,AUT,FALSE,TRUE,TRUE,708.1387669,-44.81168458,147.4778169,-179.8899496,-0.142654733,179.7634488,2.381971298,7.660309866,0.174947985,0.284958513,-0.407564356,-0.450851229,-21.42171936,66.08088569,40.66714324,-54.63036118,-38.92064941,70.79748115,12.96996803,1,1
157.8352559,11,1573820004,AUT,FALSE,TRUE,TRUE,708.1387669,-44.81168458,147.4778169,-179.8899496,-0.142654733,179.7634488,2.381971298,7.660309866,0.174947985,0.284958513,-0.407564356,-0.450851229,-21.42171936,66.08088569,40.66714324,-54.63036118,-38.92064941,70.79748115,12.96996803,1,1
157.9358199,11,1573820004,AUT,FALSE,TRUE,TRUE,708.3965415,-20.56853695,148.6887453,-179.8828104,-0.166865133,179.6723583,-6.529305114,8.914577125,2.002210226,0.837364348,1.594912039,-0.619018194,-19.49788628,65.94082374,40.89533271,-54.84885178,-38.90103332,70.8348793,14.94927177,1,1
158.0363009,11,1573820004,AUT,FALSE,TRUE,TRUE,708.3965415,-20.56853695,148.6887453,-179.8828104,-0.166865133,179.6723583,-6.529305114,8.914577125,2.002210226,0.837364348,1.594912039,-0.619018194,-19.49788628,65.94082374,40.89533271,-54.84885178,-38.90103332,70.8348793,14.94927177,1,1
158.1367779,11,1573820004,AUT,FALSE,TRUE,TRUE,709.346145,20.22255288,149.9944592,-179.8485673,-0.062368743,179.6898778,-3.252582825,4.986549315,1.974093715,-0.334985989,0.29194286,-0.606663226,-16.21191674,65.88728599,40.90120353,-54.70156288,-38.89337585,70.87362328,18.15329018,1,1
158.2372849,11,1573820004,AUT,FALSE,TRUE,TRUE,708.2891466,53.13056955,149.6229413,-179.9170557,-0.079214003,179.6880407,-3.252582825,4.986549315,1.974093715,-0.334985989,0.29194286,-0.606663226,-13.40459061,65.99427223,40.8697895,-54.50667228,-38.88575683,70.9246376,20.81511268,1,1
158.3378029,11,1573820004,AUT,FALSE,TRUE,TRUE,708.2891466,53.13056955,149.6229413,-179.9170557,-0.079214003,179.6880407,-1.373574323,4.741993804,1.28084866,-0.485812254,-0.030351018,-0.555680736,-13.40459061,65.99427223,40.8697895,-54.50667228,-38.88575683,70.9246376,20.81511268,1,1
158.4383259,11,1573820004,AUT,FALSE,TRUE,TRUE,707.0328344,77.59076102,149.4828838,179.9991717,-0.052218109,179.849607,-1.582540772,1.303676896,0.584457239,-0.804085751,-0.092334255,-0.24305047,-11.20925446,66.08899841,40.74078941,-54.2314373,-38.93076232,71.01249389,22.85203285,1,1
158.5388649,11,1573820004,AUT,FALSE,TRUE,TRUE,706.2132753,93.01890145,150.3985016,-179.9827273,-0.163933229,-179.9755993,2.07587903,-0.538889181,0.164920078,-0.656811196,-0.34154743,-0.148111273,-9.650198369,66.17501793,40.53972931,-53.73142548,-38.85820312,71.40061683,23.95972595,1,1
158.6398239,11,1573820005,AUT,FALSE,TRUE,TRUE,704.0655471,99.93847116,151.3419462,-179.9709782,-0.45350588,-179.8836701,7.67941386,-0.424806936,0.026239012,-0.474347824,-0.284266725,-0.361116621,-9.000048069,66.09681587,40.49071998,-53.70141563,-38.72247253,71.75500488,24.50182571,1,1
158.740428,11,1573820005,AUT,FALSE,TRUE,TRUE,704.0655471,99.93847116,151.3419462,-179.9709782,-0.45350588,-179.8836701,7.67941386,-0.424806936,0.026239012,-0.474347824,-0.284266725,-0.361116621,-9.049541475,65.59903221,40.49498405,-54.90066261,-38.61966796,71.56094856,25.10458717,1,1
158.8410509,11,1573820005,AUT,FALSE,TRUE,TRUE,698.4765382,102.6557382,151.2258159,-179.9657747,-0.754658594,-179.7943848,10.99797114,0.625266499,-0.406184176,0.230991991,0.278172393,-0.279447998,-9.049541475,65.59903221,40.49498405,-54.90066261,-38.61966796,71.56094856,25.10458717,1,1
158.9415629,11,1573820005,AUT,FALSE,TRUE,TRUE,687.8405347,103.9678964,149.7756221,-179.9762489,-0.882974171,-179.7475363,12.02969422,-0.378068395,-1.985828906,0.173591251,0.007885758,-0.193095962,-9.678762819,64.44049301,40.50477218,-57.80556106,-38.55209106,70.35978241,26.18903732,1,1
159.0421638,11,1573820005,AUT,FALSE,TRUE,TRUE,671.6881015,104.2381395,147.311621,-179.9818345,-0.833415044,-179.7125817,8.359639826,0.049420287,-1.172834605,0.210303505,0.33531633,-0.24475811,-10.7817936,62.64398117,40.51129875,-62.38833274,-38.5322113,68.19286308,27.73462486,1,1
159.1428649,11,1573820005,AUT,FALSE,TRUE,TRUE,652.3234439,102.9995883,144.8189706,-179.9343889,-0.72581693,-179.7177005,3.705195895,3.407663478,1.553479286,0.622251747,0.895243028,-0.40575187,-12.15912552,60.50224113,40.53400268,-67.65059853,-38.51864868,65.63884735,29.30880775,1,1
159.243345,11,1573820005,AUT,FALSE,TRUE,TRUE,652.3234439,102.9995883,144.8189706,-179.9343889,-0.72581693,-179.7177005,3.705195895,3.407663478,1.553479286,0.622251747,0.895243028,-0.40575187,-12.15912552,60.50224113,40.53400268,-67.65059853,-38.51864868,65.63884735,29.30880775,1,1
159.343816,11,1573820005,AUT,FALSE,TRUE,TRUE,633.4133415,100.4044269,143.7730448,-179.9105327,-0.491348542,-179.7334589,-3.468502647,5.512644897,0.287813318,0.893698361,1.26531339,-0.651020561,-13.59040375,58.29789619,40.57199821,-72.68950195,-38.51117248,63.15701866,30.67087554,1,1
159.4442821,11,1573820005,AUT,FALSE,TRUE,TRUE,617.8093836,97.95069675,145.3338118,-179.8828452,-0.343441095,-179.8127781,-5.68825046,6.193325173,0.556504021,0.831485533,1.280385198,-0.787521172,-14.79578934,56.38632316,40.75115433,-76.54825744,-38.37689208,61.40771713,31.60441818,1,1
159.5447459,11,1573820005,AUT,FALSE,TRUE,TRUE,608.3812418,96.24129765,148.4597898,-179.8429873,-0.170198965,-179.8859806,-10.19818819,8.38206657,3.156164795,1.171733922,1.833175243,-0.9693421,-15.60552636,54.97616272,40.92880668,-78.92751846,-38.19002014,60.41940422,32.04562912,1,1
159.645251,11,1573820006,AUT,FALSE,TRUE,TRUE,608.3812418,96.24129765,148.4597898,-179.8429873,-0.170198965,-179.8859806,-10.19818819,8.38206657,3.156164795,1.171733922,1.833175243,-0.9693421,-15.7739502,54.33289948,41.14544334,-79.74039001,-37.96605285,60.17856331,32.25978698,1,1
159.745806,11,1573820006,AUT,FALSE,TRUE,TRUE,604.7682866,98.61473494,151.5289547,-179.7631261,-0.080384459,179.9373335,-10.8065901,11.60477839,3.963998858,1.289046572,1.947717887,-1.426845543,-15.7739502,54.33289948,41.14544334,-79.74039001,-37.96605285,60.17856331,32.25978698,1,1
159.846278,11,1573820006,AUT,FALSE,TRUE,TRUE,603.8427919,109.6260153,152.3850403,-179.6609276,-0.094633018,179.6656796,-6.660788244,11.86612483,5.018066508,0.683505147,1.094610228,-1.767856279,-15.05579109,54.44751777,41.51714859,-79.56415901,-37.96476196,60.31654472,33.04484596,1,1
159.9467731,11,1573820006,AUT,FALSE,TRUE,TRUE,603.8142845,130.4707545,150.3762574,-179.6809114,-0.033283278,179.6103404,-6.661361594,14.32278664,4.616651515,1.264228817,1.10374916,-1.450119519,-13.17851944,55.0891262,41.76787376,-78.81857872,-38.3968103,60.51859359,34.98179054,1,1
160.0472419,11,1573820006,AUT,FALSE,TRUE,TRUE,603.8142845,130.4707545,150.3762574,-179.6809114,-0.033283278,179.6103404,-6.661361594,14.32278664,4.616651515,1.264228817,1.10374916,-1.450119519,-13.17851944,55.0891262,41.76787376,-78.81857872,-38.3968103,60.51859359,34.98179054,1,1
160.1477289,11,1573820006,AUT,FALSE,TRUE,TRUE,606.2736612,168.1962887,147.3297684,-179.786643,-0.003494639,179.6126238,-3.964643201,9.324176187,1.124013567,-0.044837813,0.766836418,-1.314727618,-9.897998431,56.36148719,41.74866142,-76.68466988,-38.79448791,61.2540287,37.40523719,1,1
160.2482579,11,1573820006,AUT,FALSE,TRUE,TRUE,606.2736612,168.1962887,147.3297684,-179.786643,-0.003494639,179.6126238,-3.964643201,9.324176187,1.124013567,-0.044837813,0.766836418,-1.314727618,-9.897998431,56.36148719,41.74866142,-76.68466988,-38.79448791,61.2540287,37.40523719,1,1
160.348784,11,1573820006,AUT,FALSE,TRUE,TRUE,611.1360773,202.637856,147.9339935,-179.8036788,-0.107487484,179.6666526,-0.728053122,9.584820295,3.55045021,0.064122625,0.735863979,-1.045722518,-5.272283938,58.19246521,41.71531791,-72.82774086,-38.95963439,63.0864418,39.90575981,1,1
160.4494109,11,1573820006,AUT,FALSE,TRUE,TRUE,611.3164043,235.0523054,148.0015641,-179.8816834,-0.212591958,179.7675654,2.137494641,3.264725236,1.158414023,0.064122625,0.735863979,-1.045722518,-1.664366919,59.51930466,41.63129654,-69.87795982,-39.0142694,64.51390228,41.94404983,1,1
160.55039,11,1573820006,AUT,FALSE,TRUE,TRUE,611.3164043,235.0523054,148.0015641,-179.8816834,-0.212591958,179.7675654,2.137494641,3.264725236,1.158414023,-0.712239148,0.305468727,-0.574426741,-1.664366919,59.51930466,41.63129654,-69.87795982,-39.0142694,64.51390228,41.94404983,1,1
160.651274,11,1573820007,AUT,FALSE,TRUE,TRUE,609.7479947,263.0925206,148.7732705,-179.9523691,-0.172049782,-179.966448,1.224402158,-0.128291019,0.273093766,-0.747023805,0.21315634,-0.41993645,1.300080869,60.31090049,41.30390396,-67.50216293,-38.98494689,65.62512817,43.71697197,1,1
160.7519228,11,1573820007,AUT,FALSE,TRUE,TRUE,609.7479947,263.0925206,148.7732705,-179.9523691,-0.172049782,-179.966448,1.224402158,-0.128291019,0.273093766,-0.747023805,0.21315634,-0.41993645,1.300080869,60.31090049,41.30390396,-67.50216293,-38.98494689,65.62512817,43.71697197,1,1
160.8523989,11,1573820007,AUT,FALSE,TRUE,TRUE,607.7709902,273.5389789,148.9294292,-179.9404769,-0.277213315,-179.8656255,4.254286616,-0.725365058,-0.473872978,-0.918387353,-0.04481543,-0.404852377,2.992246625,60.73606452,41.11108017,-66.66635742,-38.85695068,66.08289756,44.35933571,1,1
160.9529328,11,1573820007,AUT,FALSE,TRUE,TRUE,607.7709902,273.5389789,148.9294292,-179.9404769,-0.277213315,-179.8656255,4.254286616,-0.725365058,-0.473872978,-0.918387353,-0.04481543,-0.404852377,2.992246625,60.73606452,41.11108017,-66.66635742,-38.85695068,66.08289756,44.35933571,1,1
161.053436,11,1573820007,AUT,FALSE,TRUE,TRUE,600.477695,275.8662371,148.4017263,-179.9546048,-0.601321365,-179.755253,9.380427793,2.328251226,-1.598673325,0.420720337,-0.036661364,-0.299686392,3.087195963,60.3367115,41.18706093,-67.74048042,-38.7503009,65.8708889,45.06491546,1,1
161.1539059,11,1573820007,AUT,FALSE,TRUE,TRUE,600.477695,275.8662371,148.4017263,-179.9546048,-0.601321365,-179.755253,9.380427793,2.328251226,-1.598673325,0.420720337,-0.036661364,-0.299686392,2.844188688,58.88018875,41.32670059,-70.85597305,-38.66867797,64.74282989,46.63075904,1,1
161.254415,11,1573820007,AUT,FALSE,TRUE,TRUE,585.1736694,277.7454439,149.3280838,-179.9485549,-0.667184886,-179.6569433,8.611256448,2.262379945,-1.967154524,0.837506663,-0.102376718,-0.17466562,2.844188688,58.88018875,41.32670059,-70.85597305,-38.66867797,64.74282989,46.63075904,1,1
161.3549318,11,1573820007,AUT,FALSE,TRUE,TRUE,565.5247023,279.8830462,149.6015804,-179.9000931,-0.644879362,-179.6657075,4.992426207,3.935302903,0.145410128,1.029922222,0.320048741,-0.369825233,2.536856456,56.99805221,41.45688171,-74.85971718,-38.47192932,62.99974594,48.55437584,1,1
161.4554069,11,1573820007,AUT,FALSE,TRUE,TRUE,535.9824255,280.2429188,148.296937,-179.9539843,-0.521002277,-179.5912117,4.992426207,3.935302903,0.145410128,1.029922222,0.320048741,-0.369825233,2.129497144,54.2508831,41.50892601,-80.89473381,-38.4105487,60.12298622,51.43609657,1,1
161.555954,11,1573820007,AUT,FALSE,TRUE,TRUE,535.9824255,280.2429188,148.296937,-179.9539843,-0.521002277,-179.5912117,1.013010775,2.461996237,0.232032644,0.869477072,0.506186275,-0.367046023,2.129497144,54.2508831,41.50892601,-80.89473381,-38.4105487,60.12298622,51.43609657,1,1
161.6564329,11,1573820008,AUT,FALSE,TRUE,TRUE,515.69251,276.1650475,146.7705146,-179.924819,-0.412707075,-179.5749898,-2.178262987,3.954012054,2.020877743,0.913743253,0.957069237,-0.550701184,1.542830656,52.21624946,41.49695091,-85.26825714,-38.35037658,57.93272781,53.07816124,1,1
161.7569098,11,1573820008,AUT,FALSE,TRUE,TRUE,497.06581,269.1052367,145.2792173,-179.8397407,-0.274935726,-179.6729527,-3.465469644,7.918357609,3.920357936,1.266711469,1.181289697,-0.948360631,0.659478375,50.22760391,41.499337,-89.55228653,-38.26026123,55.62378273,54.24686279,1,1
167.7617559,12,1573820014,AUT,FALSE,TRUE,TRUE,471.2501747,-399.7853918,168.7891575,179.9944817,-0.193927749,179.8774581,0.381244764,-2.530045212,12.91327348,-0.321590969,1.196598281,0.014535681,-65.13931275,53.43688545,41.58421326,-78.21467399,-37.02944091,62.33434181,-17.88601685,1,1
167.8623049,12,1573820014,AUT,FALSE,TRUE,TRUE,471.2501747,-399.7853918,168.7891575,179.9944817,-0.193927749,179.8774581,0.381244764,-2.530045212,12.91327348,-0.321590969,1.196598281,0.014535681,-65.13931275,53.43688545,41.58421326,-78.21467399,-37.02944091,62.33434181,-17.88601685,1,1
167.962832,12,1573820014,AUT,FALSE,TRUE,TRUE,468.2515641,-400.6017032,154.0863237,-179.944098,-0.147179494,179.8941179,-3.016021086,-1.875899237,2.493813193,-0.757412338,1.016034841,-0.347166192,-65.12563477,54.02461624,41.01089172,-78.71907348,-37.51115295,60.84544029,-17.79405098,1,1
168.0633059,12,1573820014,AUT,FALSE,TRUE,TRUE,469.7581855,-401.7752383,142.0489361,-179.8967139,-0.051077647,179.8664261,-3.016021086,-1.875899237,2.493813193,-0.757412338,1.016034841,-0.347166192,-64.9796505,55.60469398,40.69215774,-78.59816208,-38.35964904,59.96109924,-17.48649216,1,1
168.1637731,12,1573820014,AUT,FALSE,TRUE,TRUE,469.7581855,-401.7752383,142.0489361,-179.8967139,-0.051077647,179.8664261,0.440135948,0.360111332,0.249017264,-0.395543498,0.082262507,-0.528550293,-64.9796505,55.60469398,40.69215774,-78.59816208,-38.35964904,59.96109924,-17.48649216,1,1
168.2642291,12,1573820014,AUT,FALSE,TRUE,TRUE,472.36606,-403.5842031,137.8696876,-179.904085,-0.020029206,179.8597936,0.440135948,0.360111332,0.249017264,-0.395543498,0.082262507,-0.528550293,-64.79710236,56.43028564,40.74263306,-77.94553642,-38.80601257,59.93939438,-17.41420899,1,1
168.364697,12,1573820014,AUT,FALSE,TRUE,TRUE,472.36606,-403.5842031,137.8696876,-179.904085,-0.020029206,179.8597936,1.793078067,1.336168034,-1.006655847,-0.232282958,-0.464931091,-0.471119963,-64.79710236,56.43028564,40.74263306,-77.94553642,-38.80601257,59.93939438,-17.41420899,1,1
168.465168,12,1573820014,AUT,FALSE,TRUE,TRUE,476.8428017,-402.9257624,141.7434565,-179.9219512,0.238165896,179.9086597,-5.993238173,-0.200722297,0.048159826,-0.232282958,-0.464931091,-0.471119963,-64.65916901,56.42832184,40.92897148,-77.57706528,-38.79480651,60.18707084,-17.32914048,1,1
168.565716,12,1573820014,AUT,FALSE,TRUE,TRUE,476.8428017,-402.9257624,141.7434565,-179.9219512,0.238165896,179.9086597,-5.993238173,-0.200722297,0.048159826,-0.194356111,0.050414954,-0.265339878,-64.65916901,56.42832184,40.92897148,-77.57706528,-38.79480651,60.18707084,-17.32914048,1,1
168.666198,12,1573820015,AUT,FALSE,TRUE,TRUE,486.5194038,-400.1750617,147.2790605,-179.99355,0.422597826,179.9599692,-14.26609639,-2.160581454,3.143127782,-0.125996358,1.282160364,0.131794737,-63.74681283,56.58744506,41.43287658,-76.23380127,-38.75393188,61.1565525,-16.80931549,1,1
168.7666841,12,1573820015,AUT,FALSE,TRUE,TRUE,509.220656,-396.1464019,152.6251871,-179.9783025,0.48946401,-179.9839878,-12.49162077,-3.875808512,5.077503981,-0.465445538,1.114041364,0.043612185,-61.3742775,57.71098251,41.60849991,-72.71136474,-38.72901489,63.09951553,-16.21670609,1,1
168.8671379,12,1573820015,AUT,FALSE,TRUE,TRUE,509.220656,-396.1464019,152.6251871,-179.9783025,0.48946401,-179.9839878,-12.49162077,-3.875808512,5.077503981,-0.465445538,1.114041364,0.043612185,-61.3742775,57.71098251,41.60849991,-72.71136474,-38.72901489,63.09951553,-16.21670609,1,1
168.9676509,12,1573820015,AUT,FALSE,TRUE,TRUE,534.4001783,-393.1136591,153.9366043,-179.9613371,0.463152042,-179.9978096,-9.288792073,-2.862151768,4.234807145,-0.689567525,0.688958045,-0.148013741,-58.43675652,59.60598678,41.46680374,-68.31563873,-38.74418151,65.10623016,-15.92505684,1,1
169.068125,12,1573820015,AUT,FALSE,TRUE,TRUE,560.2271989,-392.3906025,153.7810231,-179.978765,0.376411115,-179.971403,-3.198434661,-2.667742124,2.45578488,-0.643266055,-0.068041236,-0.035210363,-55.30913086,62.00089645,41.17769851,-62.69997368,-38.83550537,67.50440483,-16.04816895,1,1
169.168721,12,1573820015,AUT,FALSE,TRUE,TRUE,560.2271989,-392.3906025,153.7810231,-179.978765,0.376411115,-179.971403,-3.198434661,-2.667742124,2.45578488,-0.643266055,-0.068041236,-0.035210363,-55.30913086,62.00089645,41.17769851,-62.69997368,-38.83550537,67.50440483,-16.04816895,1,1
169.269496,12,1573820015,AUT,FALSE,TRUE,TRUE,584.0683784,-393.9586337,152.7247137,-179.9557671,0.092684053,-179.989966,8.912056069,-0.131120084,1.955342955,-0.563843952,-1.143413084,-0.227932891,-52.22487374,64.72595901,40.84842796,-56.71542892,-38.91927612,70.25749626,-16.76169319,1,1
169.370343,12,1573820015,AUT,FALSE,TRUE,TRUE,596.790262,-398.1031206,151.0061423,-179.9255647,-0.080928142,179.974899,10.48905338,2.520582651,-1.512643955,0.088074934,-1.449410183,-0.373579878,-50.4077179,66.68154945,40.53459663,-52.36126899,-38.91610656,71.96343956,-17.70628396,1,1
169.470978,12,1573820015,AUT,FALSE,TRUE,TRUE,596.790262,-398.1031206,151.0061423,-179.9255647,-0.080928142,179.974899,10.48905338,2.520582651,-1.512643955,0.088074934,-1.449410183,-0.373579878,-50.4077179,66.68154945,40.53459663,-52.36126899,-38.91610656,71.96343956,-17.70628396,1,1
169.5714469,12,1573820015,AUT,FALSE,TRUE,TRUE,603.8480345,-401.9241433,150.3780056,-179.8602449,-0.237985078,179.7879952,10.12511984,7.260802928,0.011924069,0.595183547,-1.405444513,-0.665298662,-49.47920494,67.95797882,40.50972633,-49.49750748,-38.91362365,73.39887886,-18.61478463,1,1
169.6719179,12,1573820016,AUT,FALSE,TRUE,TRUE,604.0866694,-398.9506004,149.0508568,-179.7868874,-0.384375307,179.6495907,5.522236306,5.945122102,0.6842458,-0.090779591,-0.042454385,-1.045617088,-49.26466599,68.12571601,40.54510574,-49.43026771,-38.91118469,73.41024284,-18.42462502,1,1
169.7724719,12,1573820016,AUT,FALSE,TRUE,TRUE,604.0866694,-398.9506004,149.0508568,-179.7868874,-0.384375307,179.6495907,5.522236306,5.945122102,0.6842458,-0.090779591,-0.042454385,-1.045617088,-49.26466599,68.12571601,40.54510574,-49.43026771,-38.91118469,73.41024284,-18.42462502,1,1
169.8729539,12,1573820016,AUT,FALSE,TRUE,TRUE,604.1182359,-391.533222,147.1109187,-179.7620254,-0.353521147,179.5834963,2.936966614,6.662799474,0.375672583,0.008530995,0.397785063,-1.04530505,-49.22737427,67.72743416,40.57821236,-50.78085479,-38.8970288,72.71759948,-17.58711319,1,1
169.973464,12,1573820016,AUT,FALSE,TRUE,TRUE,605.0825062,-377.0069869,145.6915456,-179.7957957,-0.311582213,179.4682197,0.941597597,7.610498339,1.408830799,0.140413523,0.673837729,-0.967447076,-49.00741768,66.93263168,40.7228302,-53.02897682,-38.88749816,71.68843803,-15.90001488,1,1
170.073936,12,1573820016,AUT,FALSE,TRUE,TRUE,606.2130842,-355.3979357,144.6780465,-179.7907726,-0.36113709,179.4279415,0.941597597,7.610498339,1.408830799,0.140413523,0.673837729,-0.967447076,-48.48072281,65.73678016,40.84219665,-56.09946327,-38.89806152,70.40240593,-13.4773098,1,1
170.1744111,12,1573820016,AUT,FALSE,TRUE,TRUE,606.2130842,-355.3979357,144.6780465,-179.7907726,-0.36113709,179.4279415,2.964464121,7.193885927,0.359327301,0.02874894,0.230704278,-0.762710562,-48.48072281,65.73678016,40.84219665,-56.09946327,-38.89806152,70.40240593,-13.4773098,1,1
170.274883,12,1573820016,AUT,FALSE,TRUE,TRUE,606.7204138,-317.8136798,143.4346863,-179.8511483,-0.335349957,179.3769798,0.85076168,6.454022238,-0.091119804,-0.190403334,0.485389104,-0.478457882,-47.46565133,63.65273208,41.08788185,-61.28091774,-38.91283264,68.14103508,-9.220941931,1,1
170.3754179,12,1573820016,AUT,FALSE,TRUE,TRUE,606.6159814,-272.3571915,144.6838089,-179.8889751,-0.267604837,179.376673,-4.814216033,5.476295596,0.406676523,-0.190403334,0.485389104,-0.478457882,-45.88847466,61.26514893,41.51071129,-66.75088348,-38.98294738,65.87677002,-4.165246587,1,1
170.475929,12,1573820016,AUT,FALSE,TRUE,TRUE,606.6159814,-272.3571915,144.6838089,-179.8889751,-0.267604837,179.376673,-4.814216033,5.476295596,0.406676523,-0.226381419,1.175948981,-0.065829777,-45.88847466,61.26514893,41.51071129,-66.75088348,-38.98294738,65.87677002,-4.165246587,1,1
170.5764101,12,1573820016,AUT,FALSE,TRUE,TRUE,606.8463859,-232.7190396,147.2069034,-179.9983831,-0.179016984,179.4021147,-4.527222314,4.578217866,2.226981382,-0.503816382,1.164972852,0.112326145,-44.07792092,59.39414634,41.89598464,-70.66589584,-38.99390625,64.3379116,0.215723419,1,1
170.676878,12,1573820017,AUT,FALSE,TRUE,TRUE,607.0445067,-193.2113252,148.7233946,-179.965963,-0.187126926,179.4427374,-4.317420783,6.661621572,3.176860186,0.209280077,1.720705868,0.305510313,-41.80171509,57.8530529,42.18065071,-73.83094711,-38.9959552,63.11157303,4.364363475,1,1
170.777386,12,1573820017,AUT,FALSE,TRUE,TRUE,607.0445067,-193.2113252,148.7233946,-179.965963,-0.187126926,179.4427374,-4.317420783,6.661621572,3.176860186,0.209280077,1.720705868,0.305510313,-41.80171509,57.8530529,42.18065071,-73.83094711,-38.9959552,63.11157303,4.364363475,1,1
170.877861,12,1573820017,AUT,FALSE,TRUE,TRUE,607.4115483,-145.47621,148.5881767,-179.9842729,-0.202153203,179.5612189,-3.807963139,0.526210584,3.025830558,-1.040689613,1.236720181,0.183905166,-38.48439331,56.44753418,42.24163169,-76.83104209,-38.9943402,61.76684989,9.417737956,1,1
170.978297,12,1573820017,AUT,FALSE,TRUE,TRUE,607.9114884,-114.0512359,147.623983,179.9673743,-0.216300361,179.6333458,-3.085660845,1.532445477,1.640041979,-0.895912027,1.194303336,0.133149893,-35.98158417,55.83008194,42.18067818,-78.26836967,-38.99980041,61.04240799,12.71365699,1,1
171.0789559,12,1573820017,AUT,FALSE,TRUE,TRUE,609.0340659,-89.54753387,146.9891048,-179.9702155,-0.245281227,179.7279358,-1.98209654,1.117378994,0.345376057,-0.908432455,1.132437214,-0.15700539,-33.83192711,55.52777252,42.09336433,-78.96550026,-39.02409667,60.68112602,15.15396423,1,1
171.1797769,12,1573820017,AUT,FALSE,TRUE,TRUE,609.0340659,-89.54753387,146.9891048,-179.9702155,-0.245281227,179.7279358,-1.98209654,1.117378994,0.345376057,-0.908432455,1.132437214,-0.15700539,-32.04710198,55.44969749,42.05692749,-79.15209961,-39.02479431,60.61330261,16.94940491,1,1
171.2804871,12,1573820017,AUT,FALSE,TRUE,TRUE,610.6070313,-70.57863534,146.6771827,-179.9391648,-0.293681027,179.7681535,-3.063406694,1.679988101,2.691967664,-0.872078792,1.54243015,-0.187731786,-32.04710198,55.44969749,42.05692749,-79.15209961,-39.02479431,60.61330261,16.94940491,1,1
171.381038,12,1573820017,AUT,FALSE,TRUE,TRUE,612.5174644,-58.90488145,145.3620172,179.9469302,-0.212357052,179.8963929,-2.164910003,-2.559611697,2.544394671,-1.46612005,1.127637116,0.03651095,-30.70907364,55.49738846,41.78970566,-79.10377006,-39.03651123,60.4167675,18.19148139,1,1
171.481544,12,1573820017,AUT,FALSE,TRUE,TRUE,615.9164563,-55.73172974,143.7392806,179.9144748,-0.050506263,-179.9358123,-3.886528489,-1.400316887,1.268783213,-0.833834948,0.816886923,0.159599483,-29.91625557,55.73284607,41.3393177,-78.59149131,-39.0248822,60.27933197,18.45227279,1,1
171.582058,12,1573820017,AUT,FALSE,TRUE,TRUE,623.7106291,-57.5881582,144.0956756,179.9477752,0.21849845,-179.9748684,-11.76142555,1.533996575,3.219380169,-0.550613014,1.299718007,0.10945454,-29.51507264,56.37701225,41.18490486,-77.07608184,-38.99915222,60.67205543,17.87288475,1,1
171.682544,12,1573820018,AUT,FALSE,TRUE,TRUE,623.7106291,-57.5881582,144.0956756,179.9477752,0.21849845,-179.9748684,-11.76142555,1.533996575,3.219380169,-0.550613014,1.299718007,0.10945454,-29.51507264,56.37701225,41.18490486,-77.07608184,-38.99915222,60.67205543,17.87288475,1,1
171.7830219,12,1573820018,AUT,FALSE,TRUE,TRUE,637.5346838,-61.29910689,145.6429963,179.9951708,0.326455847,179.9574254,-11.51500961,3.808540432,1.922309598,-0.032093293,1.046673623,-0.061802311,-28.87051506,57.72104187,41.19017486,-73.88996429,-38.99838317,62.10890923,16.71580467,1,1
171.8834989,12,1573820018,AUT,FALSE,TRUE,TRUE,656.4572556,-65.04416558,148.4331863,-179.9700268,0.304340929,179.9440287,-11.26671349,5.675798271,3.127423126,0.207814855,1.203900636,-0.134381218,-27.73686676,59.58271637,41.19130439,-69.31515769,-39.0012561,64.33233604,15.24461861,1,1
171.9839718,12,1573820018,AUT,FALSE,TRUE,TRUE,656.4572556,-65.04416558,148.4331863,-179.9700268,0.304340929,179.9440287,-11.26671349,5.675798271,3.127423126,0.207814855,1.203900636,-0.134381218,-26.14125023,61.89393424,41.17139511,-63.9539772,-39.02879333,66.8108242,13.81127357,1,1
172.084465,12,1573820018,AUT,FALSE,TRUE,TRUE,675.7503104,-66.58723184,149.5443157,-179.9962171,0.209723348,179.8685415,-4.009097763,3.761670489,4.492728786,-0.434650274,0.467469565,-0.056784627,-26.14125023,61.89393424,41.17139511,-63.9539772,-39.02879333,66.8108242,13.81127357,1,1
172.185008,12,1573820018,AUT,FALSE,TRUE,TRUE,691.0752903,-66.6475586,148.8501421,-179.9869439,0.096079201,179.8724139,-0.222191052,5.256243125,2.52322567,0.144752526,0.026997733,0.07578008,-24.66634941,63.88561134,41.08790931,-59.57416076,-39.15848693,68.71047363,12.73309249,1,1
172.2855198,12,1573820018,AUT,FALSE,TRUE,TRUE,704.4572504,-63.00969254,145.1537393,179.9964233,-0.131401428,179.8409093,5.697785764,3.978969593,1.4670305,-0.364284654,-0.601028924,0.078929776,-23.28827591,65.57670249,40.94173279,-56.12612228,-39.24314208,70.16231689,12.03504867,1,1
172.385989,12,1573820018,AUT,FALSE,TRUE,TRUE,704.4572504,-63.00969254,145.1537393,179.9964233,-0.131401428,179.8409093,5.697785764,3.978969593,1.4670305,-0.364284654,-0.601028924,0.078929776,-23.28827591,65.57670249,40.94173279,-56.12612228,-39.24314208,70.16231689,12.03504867,1,1
172.486455,12,1573820018,AUT,FALSE,TRUE,TRUE,709.9458674,-55.19928304,141.0577756,-179.9273604,-0.200578026,179.751634,6.905424714,4.918926559,-0.858386305,-0.421420917,-0.895005845,-0.180501959,-21.81300088,66.97708854,40.86053009,-53.86065903,-39.35961364,70.78030128,12.1077713,1,1
172.5869339,12,1573820018,AUT,FALSE,TRUE,TRUE,712.1981722,-42.23492194,140.0642062,-179.9021381,-0.173582086,179.7096307,3.197611443,6.937322771,-0.940561043,0.023092163,-0.555731978,-0.314455279,-20.67825737,67.26349869,40.8893692,-53.44526939,-39.41736877,70.84105568,13.00818672,1,1
172.6874809,12,1573820019,AUT,FALSE,TRUE,TRUE,712.8941523,-23.34825836,141.7733405,-179.9004936,-0.151509047,179.7057125,-2.383947851,6.474223875,0.811819168,-0.030597328,0.53621309,-0.427200572,-19.22861138,67.11736679,40.95617638,-53.51760406,-39.39764282,70.91313629,14.53957099,1,1
172.7879601,12,1573820019,AUT,FALSE,TRUE,TRUE,712.8941523,-23.34825836,141.7733405,-179.9004936,-0.151509047,179.7057125,-2.383947851,6.474223875,0.811819168,-0.030597328,0.53621309,-0.427200572,-19.22861138,67.11736679,40.95617638,-53.51760406,-39.39764282,70.91313629,14.53957099,1,1
172.888447,12,1573820019,AUT,FALSE,TRUE,TRUE,713.0339814,-0.79223423,144.3209022,-179.8208907,-0.169126295,179.6950239,-4.282585659,9.978079687,1.175283927,0.62847564,0.835314463,-0.528387454,-17.47707138,66.90308189,41.00196876,-53.55460396,-39.30144653,71.09521751,16.23687972,1,1
172.98896,12,1573820019,AUT,FALSE,TRUE,TRUE,712.5266765,25.40229363,146.6711733,-179.8997691,-0.173401651,179.6787357,-3.448416451,8.534012068,1.76086711,0.79514377,0.896285154,-0.45466549,-15.40185013,66.71003838,41.04141998,-53.56042671,-39.19379699,71.24795151,18.39167976,1,1
173.089581,12,1573820019,AUT,FALSE,TRUE,TRUE,711.1707075,53.3597007,147.7315761,-179.9108765,-0.15366247,179.7233156,-2.853270581,6.930180315,1.866362525,0.525840503,0.591324569,-0.464890339,-13.12697983,66.62638092,41.03461876,-53.52567558,-39.18359619,71.32357864,20.63566131,1,1
173.1902359,12,1573820019,AUT,FALSE,TRUE,TRUE,709.5466105,77.06675536,148.0154097,-179.9362824,-0.106977772,179.8279312,-0.966556789,0.245352067,0.866661485,-0.860802803,0.023670479,-0.425075238,-11.10611001,66.63259506,40.94933738,-53.40088119,-39.2039154,71.36077079,22.56483307,1,1
173.2909141,12,1573820019,AUT,FALSE,TRUE,TRUE,709.5466105,77.06675536,148.0154097,-179.9362824,-0.106977772,179.8279312,-0.966556789,0.245352067,0.866661485,-0.860802803,0.023670479,-0.425075238,-11.10611001,66.63259506,40.94933738,-53.40088119,-39.2039154,71.36077079,22.56483307,1,1
173.391396,12,1573820019,AUT,FALSE,TRUE,TRUE,707.7669039,94.59725966,148.655933,-179.8862335,-0.168222518,179.9037076,1.431724142,0.464706395,0.843879608,-0.833883271,-0.311921395,-0.524145602,-9.565019994,66.65556335,40.92246208,-53.20156173,-39.20806823,71.56414832,23.89697685,1,1
173.491879,12,1573820019,AUT,FALSE,TRUE,TRUE,705.7726941,104.5744438,148.7462372,-179.9369645,-0.309447456,-179.9342807,2.416327992,-1.687731562,0.721309541,-0.792303019,0.064369556,-0.360657353,-8.638137819,66.63051453,40.84536552,-53.18984069,-39.209458,71.73007621,24.82791023,1,1
173.5923519,12,1573820019,AUT,FALSE,TRUE,TRUE,705.7726941,104.5744438,148.7462372,-179.9369645,-0.309447456,-179.9342807,2.416327992,-1.687731562,0.721309541,-0.792303019,0.064369556,-0.360657353,-8.638137819,66.63051453,40.84536552,-53.18984069,-39.209458,71.73007621,24.82791023,1,1
173.6928449,12,1573820020,AUT,FALSE,TRUE,TRUE,701.1245705,106.4914154,149.0541092,-179.920116,-0.741185304,-179.783811,11.04401034,-0.902957812,-0.447400972,-0.195123837,0.145543594,-0.391931341,-8.579034806,66.27368545,40.79278908,-53.95113144,-39.07351318,71.85226135,25.23733291,1,1
173.7933578,12,1573820020,AUT,FALSE,TRUE,TRUE,690.0176317,106.2319513,148.0802168,-179.8854245,-0.824817554,-179.8041952,11.79319405,0.80094127,-0.611999656,0.185211762,0.153547851,-0.468263455,-9.428940588,65.00595588,40.81276359,-57.08843536,-38.94569824,70.57473678,26.18985443,1,1
173.8938971,12,1573820020,AUT,FALSE,TRUE,TRUE,690.0176317,106.2319513,148.0802168,-179.8854245,-0.824817554,-179.8041952,11.79319405,0.80094127,-0.611999656,0.185211762,0.153547851,-0.468263455,-9.428940588,65.00595588,40.81276359,-57.08843536,-38.94569824,70.57473678,26.18985443,1,1
173.994386,12,1573820020,AUT,FALSE,TRUE,TRUE,672.374255,108.1777437,145.9013056,-179.9201175,-0.833834369,-179.8079287,8.616822323,1.606632544,-0.484377508,0.214052863,0.380332231,-0.486880685,-10.57712517,63.01520576,40.87812881,-62.066296,-38.88639953,68.29358368,28.00776214,1,1
174.094872,12,1573820020,AUT,FALSE,TRUE,TRUE,652.784927,109.2996549,143.822608,-179.882341,-0.689278444,-179.7611811,1.908389574,0.879390487,-0.414257048,0.199994349,0.631761507,-0.403264752,-11.72925797,60.84515533,40.87432823,-67.3690773,-38.8901239,65.76677284,29.84964065,1,1
174.1953499,12,1573820020,AUT,FALSE,TRUE,TRUE,633.9616087,106.9551558,143.670991,-179.9150968,-0.502899267,-179.7039142,-2.554264579,1.370351306,-0.003250751,0.265112839,1.220542907,-0.513521832,-13.03104859,58.61418228,40.87873649,-72.25787315,-38.84898559,63.44632988,31.3225502,1,1
174.2958279,12,1573820020,AUT,FALSE,TRUE,TRUE,619.3819664,103.264233,144.5368173,-179.8067939,-0.308281606,-179.8281319,-2.554264579,1.370351306,-0.003250751,0.265112839,1.220542907,-0.513521832,-14.28044472,56.74399681,40.91301727,-76.06276131,-38.62506774,61.60676536,31.97607193,1,1
174.3963039,12,1573820020,AUT,FALSE,TRUE,TRUE,619.3819664,103.264233,144.5368173,-179.8067939,-0.308281606,-179.8281319,-9.424409242,8.383892464,2.763812464,1.056567089,1.751394887,-1.068965061,-14.28044472,56.74399681,40.91301727,-76.06276131,-38.62506774,61.60676536,31.97607193,1,1
174.4968309,12,1573820020,AUT,FALSE,TRUE,TRUE,608.834852,104.1589962,145.3727546,-179.7180479,-0.192919526,179.960175,-10.81516544,11.42196477,4.63175875,1.414503684,2.018429256,-1.328031543,-14.97355499,55.50936355,41.12657776,-78.587574,-38.49500061,60.37825699,32.65153884,1,1
174.5973699,12,1573820020,AUT,FALSE,TRUE,TRUE,606.5753496,113.4854016,145.3806469,-179.6777207,-0.070414263,179.7618786,-10.81516544,11.42196477,4.63175875,1.414503684,2.018429256,-1.328031543,-14.45671006,55.45308266,41.39759331,-78.89681854,-38.62040405,60.14127846,33.57336044,1,1
174.6978579,12,1573820021,AUT,FALSE,TRUE,TRUE,606.5753496,113.4854016,145.3806469,-179.6777207,-0.070414263,179.7618786,-9.453527907,12.50260148,3.769444025,1.169055375,1.543775356,-1.556101746,-14.45671006,55.45308266,41.39759331,-78.89681854,-38.62040405,60.14127846,33.57336044,1,1
174.7982969,12,1573820021,AUT,FALSE,TRUE,TRUE,607.6751066,141.7652522,144.2184259,-179.6382386,-0.065297169,179.652713,-6.890501056,12.66248626,4.81225111,1.169055375,1.543775356,-1.556101746,-12.40120583,56.12396965,41.67080955,-77.41681938,-38.9694342,60.75266075,35.80163841,1,1
174.898814,12,1573820021,AUT,FALSE,TRUE,TRUE,607.6751066,141.7652522,144.2184259,-179.6382386,-0.065297169,179.652713,-6.890501056,12.66248626,4.81225111,0.847343135,1.250024759,-1.502514369,-12.40120583,56.12396965,41.67080955,-77.41681938,-38.9694342,60.75266075,35.80163841,1,1
174.999614,12,1573820021,AUT,FALSE,TRUE,TRUE,609.6814331,165.4661777,142.6582608,-179.7156823,-0.076167279,179.6419025,-4.681830481,7.900617713,2.235654822,0.01994362,1.007678348,-1.367821251,-9.1494072,57.35941658,41.66559104,-75.64701461,-39.16329895,61.43994484,37.54605446,1,1
175.100554,12,1573820021,AUT,FALSE,TRUE,TRUE,611.6593003,191.3854244,141.7499855,-179.7518321,-0.125158656,179.6424079,-1.848487434,9.949941434,1.607885638,0.430606174,0.722336755,-1.197288679,-6.326634981,58.46287651,41.64585686,-73.46622161,-39.29808471,62.38292541,39.2525814,1,1
175.201031,12,1573820021,AUT,FALSE,TRUE,TRUE,612.8400687,215.951185,142.0517384,-179.8053734,-0.167701447,179.7796103,-0.135495202,2.501246823,-0.87377559,-0.786618056,0.535341735,-0.848650024,-3.564678956,59.45120315,41.60179824,-71.26131706,-39.40807434,63.46049881,40.80969429,1,1
175.3015308,12,1573820021,AUT,FALSE,TRUE,TRUE,612.8400687,215.951185,142.0517384,-179.8053734,-0.167701447,179.7796103,-0.135495202,2.501246823,-0.87377559,-0.786618056,0.535341735,-0.848650024,-1.256870275,60.20175476,41.49187317,-69.25323601,-39.3909906,64.46644134,41.93722114,1,1
175.4019918,12,1573820021,AUT,FALSE,TRUE,TRUE,613.8985918,235.8508993,143.466369,-179.8512747,-0.159931094,179.8680888,1.878618436,5.725320012,1.306381588,0.080218491,0.16497339,-0.733694014,-1.256870275,60.20175476,41.49187317,-69.25323601,-39.3909906,64.46644134,41.93722114,1,1
175.5024569,12,1573820021,AUT,FALSE,TRUE,TRUE,614.0934897,255.852246,144.9330458,-179.8959502,-0.189250601,179.9361668,1.442148594,-0.599919209,-0.196846953,-1.326284245,0.250684839,-0.724110351,1.008888244,60.96354332,41.42988624,-67.21727028,-39.32537475,65.48855781,43.00762252,1,1
175.6029239,12,1573820022,AUT,FALSE,TRUE,TRUE,612.7128168,265.8663054,145.6376899,-179.8975262,-0.314047828,-179.9490985,4.972305962,0.305860017,0.136246401,-1.326284245,0.250684839,-0.724110351,2.151164244,61.28800735,41.40981216,-66.34597893,-39.29454711,66.05846328,43.61295204,1,1
175.703464,12,1573820022,AUT,FALSE,TRUE,TRUE,612.7128168,265.8663054,145.6376899,-179.8975262,-0.314047828,-179.9490985,4.972305962,0.305860017,0.136246401,-0.80395384,-0.172286314,-0.461350203,2.151164244,61.28800735,41.40981216,-66.34597893,-39.29454711,66.05846328,43.61295204,1,1
175.8039379,12,1573820022,AUT,FALSE,TRUE,TRUE,606.298775,271.5592265,146.7275262,-179.9015505,-0.615176468,-179.8043517,8.483901853,0.169288789,-1.922205571,-0.295566449,0.059173197,-0.382205033,2.658560938,60.99531097,41.47093734,-66.87568474,-39.15854187,66.2287754,44.40294456,1,1
175.9044049,12,1573820022,AUT,FALSE,TRUE,TRUE,594.7020295,274.9209872,147.1653317,-179.8964831,-0.658237877,-179.7236429,8.034084906,1.235794618,-2.117760187,0.324674982,0.013718213,-0.381803592,2.647845838,59.97483558,41.58190956,-69.09951667,-39.11541503,65.42103309,45.70393524,1,1
176.0048909,12,1573820022,AUT,FALSE,TRUE,TRUE,594.7020295,274.9209872,147.1653317,-179.8964831,-0.658237877,-179.7236429,8.034084906,1.235794618,-2.117760187,0.324674982,0.013718213,-0.381803592,2.647845838,59.97483558,41.58190956,-69.09951667,-39.11541503,65.42103309,45.70393524,1,1
176.105391,12,1573820022,AUT,FALSE,TRUE,TRUE,577.9474309,277.1095667,146.3307621,-179.8705981,-0.623294163,-179.6832806,5.759425725,0.702678038,-1.007171861,0.37208917,0.272443761,-0.486942671,2.444543838,58.43865852,41.58656158,-72.6120861,-39.0378186,63.80965461,47.43794174,1,1
176.2058659,12,1573820022,AUT,FALSE,TRUE,TRUE,558.8025704,277.1191058,145.1588548,-179.8656856,-0.578574993,-179.6388361,3.424278571,4.472705413,1.037450774,1.060833147,0.504264095,-0.590820618,2.051319119,56.64371223,41.58675041,-76.66365166,-38.97429565,61.88209648,49.2727787,1,1
176.3063788,12,1573820022,AUT,FALSE,TRUE,TRUE,539.5460384,275.4090908,144.0178898,-179.8406034,-0.503202554,-179.6308838,1.276060391,3.329119331,1.181539718,0.742700702,0.694318584,-0.700212122,1.57101745,54.7842041,41.59263839,-80.74534034,-38.89494689,59.89323806,50.97778129,1,1
176.4068599,12,1573820022,AUT,FALSE,TRUE,TRUE,539.5460384,275.4090908,144.0178898,-179.8406034,-0.503202554,-179.6308838,1.276060391,3.329119331,1.181539718,0.742700702,0.694318584,-0.700212122,1.114260863,53.00947952,41.62506179,-84.74973678,-38.8061444,57.86805954,52.59923629,1,1
176.5073268,12,1573820022,AUT,FALSE,TRUE,TRUE,520.1512032,273.5272712,142.2983009,-179.8153508,-0.48312534,-179.7053272,-0.791334884,7.538388059,1.617518541,1.248844399,0.875216857,-0.88082394,1.114260863,53.00947952,41.62506179,-84.74973678,-38.8061444,57.86805954,52.59923629,1,1
176.60783,12,1573820023,AUT,FALSE,TRUE,TRUE,498.2313349,272.5656564,139.5880016,-179.8029919,-0.394704964,-179.7602847,-3.108001357,8.882787197,3.420377766,1.285403981,1.264689955,-0.94537361,0.893744656,51.18048591,41.62736206,-89.02804641,-38.86281188,55.56122932,54.61323623,1,1
183.0880749,13,1573820029,AUT,FALSE,FALSE,TRUE,471.7404307,-399.9911912,169.8569109,-179.9945065,-0.037383603,179.9979258,4.242459199,-0.386049593,10.5648178,0.141004983,0.873342197,-0.085536038,-65.17093278,53.4005516,41.66395339,-78.2024929,-37.08589965,62.31874466,-17.85537529,0.5,1
183.188673,13,1573820029,AUT,FALSE,FALSE,TRUE,468.7759599,-400.3268374,162.2138004,-179.9735607,-0.22590106,-179.9799893,4.242459199,-0.386049593,10.5648178,0.141004983,0.873342197,-0.085536038,-65.17342529,53.55197754,41.22214508,-78.64630279,-37.29972106,61.62487907,-17.80690842,0.5,1
183.2900419,13,1573820029,AUT,FALSE,TRUE,TRUE,468.7759599,-400.3268374,162.2138004,-179.9735607,-0.22590106,-179.9799893,-1.04679969,-2.158949473,5.405666978,-0.85487039,1.372972694,-0.386965003,-65.17342529,53.55197754,41.22214508,-78.64630279,-37.29972106,61.62487907,-17.80690842,1,1
183.3906949,13,1573820029,AUT,FALSE,TRUE,TRUE,468.7759599,-400.3268374,162.2138004,-179.9735607,-0.22590106,-179.9799893,-1.04679969,-2.158949473,5.405666978,-0.85487039,1.372972694,-0.386965003,-65.07984238,54.7820446,40.99294624,-78.66329384,-38.05632202,60.59478034,-17.53922997,1,1
183.4912059,13,1573820029,AUT,FALSE,TRUE,TRUE,469.8266884,-400.7409415,150.0438891,-179.8829974,-0.098872231,179.9279776,2.120759756,0.989041331,0.100161666,-0.042568427,0.009490893,-0.488134498,-65.07984238,54.7820446,40.99294624,-78.66329384,-38.05632202,60.59478034,-17.53922997,1,1
183.591666,13,1573820029,AUT,FALSE,TRUE,TRUE,470.1869026,-401.3738083,147.6442085,-179.8868747,-0.013771764,179.9229979,-1.645863462,0.955812627,0.715290719,-0.042568427,0.009490893,-0.488134498,-65.06926804,55.21599769,40.98965034,-78.57040786,-38.24390808,60.40544815,-17.50096321,1,1
183.692131,13,1573820030,AUT,FALSE,TRUE,TRUE,470.1869026,-401.3738083,147.6442085,-179.8868747,-0.013771764,179.9229979,-1.645863462,0.955812627,0.715290719,-0.100571152,0.347931959,-0.49516395,-65.06926804,55.21599769,40.98965034,-78.57040786,-38.24390808,60.40544815,-17.50096321,1,1
183.7926219,13,1573820030,AUT,FALSE,TRUE,TRUE,477.673459,-398.9987886,148.0903871,-179.9849055,0.407449262,-179.99369,-12.46640427,-3.60387545,3.958399441,-0.558118555,1.068607817,0.08292826,-64.55879174,55.5446537,41.13526726,-77.96169319,-38.3200708,60.30922508,-17.05482216,1,1
183.893151,13,1573820030,AUT,FALSE,TRUE,TRUE,477.673459,-398.9987886,148.0903871,-179.9849055,0.407449262,-179.99369,-12.46640427,-3.60387545,3.958399441,-0.558118555,1.068607817,0.08292826,-64.55879174,55.5446537,41.13526726,-77.96169319,-38.3200708,60.30922508,-17.05482216,1,1
183.9936669,13,1573820030,AUT,FALSE,TRUE,TRUE,507.2005013,-396.9887434,147.7410077,-179.9402633,0.530116491,-179.9609879,-12.29033033,-1.683670577,3.423203779,-0.295305752,0.982502709,-0.141584752,-61.98181458,57.37157707,41.16594657,-74.08702469,-38.59622863,61.95985908,-16.36607209,1,1
184.094125,13,1573820030,AUT,FALSE,TRUE,TRUE,507.2005013,-396.9887434,147.7410077,-179.9402633,0.530116491,-179.9609879,-12.29033033,-1.683670577,3.423203779,-0.295305752,0.982502709,-0.141584752,-61.98181458,57.37157707,41.16594657,-74.08702469,-38.59622863,61.95985908,-16.36607209,1,1
184.1945879,13,1573820030,AUT,FALSE,TRUE,TRUE,537.8308637,-396.588149,146.881826,-179.9935911,0.485493246,-179.9430689,-4.691434569,-3.935792009,-0.846034018,-0.661605304,-0.337350363,-0.178130289,-58.01715431,60.58595009,41.07828598,-67.31665191,-38.94309448,64.95136413,-16.20104714,1,1
184.295049,13,1573820030,AUT,FALSE,TRUE,TRUE,537.8308637,-396.588149,146.881826,-179.9935911,0.485493246,-179.9430689,-4.691434569,-3.935792009,-0.846034018,-0.661605304,-0.337350363,-0.178130289,-58.01715431,60.58595009,41.07828598,-67.31665191,-38.94309448,64.95136413,-16.20104714,1,1
184.3955259,13,1573820030,AUT,FALSE,TRUE,TRUE,576.432033,-398.692492,146.8530824,-179.9255204,0.123807577,-179.986374,11.9173635,-0.121727562,-2.637514654,-0.661605304,-0.337350363,-0.178130289,-53.81940537,64.19667892,40.86797676,-59.11495971,-39.13509155,68.69287147,-17.02990723,1,1
184.496053,13,1573820030,AUT,FALSE,TRUE,TRUE,576.432033,-398.692492,146.8530824,-179.9255204,0.123807577,-179.986374,11.9173635,-0.121727562,-2.637514654,-0.370887047,-1.884824413,-0.402705657,-53.81940537,64.19667892,40.86797676,-59.11495971,-39.13509155,68.69287147,-17.02990723,1,1
184.5965428,13,1573820030,AUT,FALSE,TRUE,TRUE,589.2264186,-402.4181377,147.9740095,-179.858523,-0.177703823,179.9497828,12.67960067,5.352443491,-0.80899575,0.336359649,-1.42260174,-0.724635868,-51.3953373,66.52426643,40.6265007,-53.42030296,-39.13061462,71.40794334,-17.97596741,1,1
184.6970129,13,1573820031,AUT,FALSE,TRUE,TRUE,589.2264186,-402.4181377,147.9740095,-179.858523,-0.177703823,179.9497828,12.67960067,5.352443491,-0.80899575,0.336359649,-1.42260174,-0.724635868,-51.3953373,66.52426643,40.6265007,-53.42030296,-39.13061462,71.40794334,-17.97596741,1,1
184.797508,13,1573820031,AUT,FALSE,TRUE,TRUE,594.5129517,-403.4320665,149.4314824,-179.8063018,-0.200049411,179.8164099,9.901836115,8.098631901,-0.832286966,0.77905766,-1.428492665,-0.772130301,-50.67967759,67.19832573,40.65684356,-51.61236191,-39.03027099,72.3363327,-18.43092843,1,1
184.8979719,13,1573820031,AUT,FALSE,TRUE,TRUE,596.1474344,-396.9558539,149.5055027,-179.7215165,-0.289381529,179.6297515,2.988924839,7.490629637,0.198124758,0.17476101,0.235417742,-1.250018411,-50.41741677,67.03352051,40.78929062,-52.08113823,-38.97992614,72.32178268,-17.92750397,1,1
184.9984579,13,1573820031,AUT,FALSE,TRUE,TRUE,599.7203251,-381.1374535,148.4133078,-179.6995658,-0.277729882,179.4658333,1.691976883,8.527583816,0.812037105,0.21667123,0.557503149,-1.355631851,-49.88455239,66.47629738,41.01196976,-53.72870636,-38.99423034,71.63622208,-16.27217674,1,1
185.0990191,13,1573820031,AUT,FALSE,TRUE,TRUE,603.9188959,-354.7656692,144.7360918,-179.7146562,-0.323400747,179.3736771,1.691976883,8.527583816,0.812037105,0.21667123,0.557503149,-1.355631851,-48.9117199,65.50990562,41.16882706,-56.80931053,-39.11153686,70.20070038,-13.3530201,1,1
185.199614,13,1573820031,AUT,FALSE,TRUE,TRUE,603.9188959,-354.7656692,144.7360918,-179.7146562,-0.323400747,179.3736771,3.207913588,9.655708897,0.107193857,0.263872857,0.484042365,-1.102866537,-48.9117199,65.50990562,41.16882706,-56.80931053,-39.11153686,70.20070038,-13.3530201,1,1
185.3003519,13,1573820031,AUT,FALSE,TRUE,TRUE,607.1373477,-320.5144599,140.2796075,-179.8213962,-0.270455336,179.3757734,2.069180474,7.672040336,0.805622402,-0.120083064,0.437821349,-0.67319194,-47.63466912,64.14188461,41.23447036,-60.90687789,-39.23863769,68.07395668,-9.427083206,1,1
185.4010279,13,1573820031,AUT,FALSE,TRUE,TRUE,608.9423265,-282.4344237,139.7603286,-179.888193,-0.232811318,179.4358783,-1.755925832,6.751790408,-1.218631831,0.220422239,0.857988082,-0.177317466,-46.05695343,62.38266449,41.41676445,-65.19485206,-39.34073913,66.15354996,-5.144210819,1,1
185.501699,13,1573820031,AUT,FALSE,TRUE,TRUE,609.1364448,-244.6237522,143.295124,-179.9602687,-0.272733959,179.556804,-0.851079535,3.176967337,-0.39974848,-0.403098505,0.602134874,0.073832845,-44.31340599,60.43200073,41.69492454,-69.04081192,-39.33840454,64.81726226,-0.962618638,1,1
185.602001,13,1573820032,AUT,FALSE,TRUE,TRUE,609.1364448,-244.6237522,143.295124,-179.9602687,-0.272733959,179.556804,-0.851079535,3.176967337,-0.39974848,-0.403098505,0.602134874,0.073832845,-44.31340599,60.43200073,41.69492454,-69.04081192,-39.33840454,64.81726226,-0.962618638,1,1
185.70263,13,1573820032,AUT,FALSE,TRUE,TRUE,607.4352383,-206.5335263,146.9398112,-179.9888971,-0.243559416,179.5748382,-2.211010135,4.110806359,1.592190602,0.01824947,1.050055897,0.244347979,-42.48295326,58.51411399,42.03977165,-72.72315444,-39.21772521,63.50572471,3.140139769,1,1
185.8031271,13,1573820032,AUT,FALSE,TRUE,TRUE,605.0775599,-169.7228329,149.3651226,179.9716516,-0.182932651,179.6268256,-4.729475478,3.111858122,2.644905381,-0.403352403,1.183499049,0.237468989,-40.423209,56.85215378,42.32351761,-75.92018966,-39.16752868,62.26204147,7.164565656,1,1
185.9036009,13,1573820032,AUT,FALSE,TRUE,TRUE,603.1830499,-137.3732918,149.9199143,-179.9960541,-0.186942497,179.7030392,-3.557394291,2.988556007,2.434344189,-0.284248814,1.089729159,0.051482284,-38.30399094,55.73789291,42.43822517,-78.21251793,-39.14609436,61.31471443,10.55463066,1,1
186.004097,13,1573820032,AUT,FALSE,TRUE,TRUE,602.412879,-107.8927733,149.1272125,-179.9549729,-0.167968282,179.7335131,-4.438839368,3.174369867,1.706728948,-0.284248814,1.089729159,0.051482284,-36.06727409,55.05012817,42.43488464,-79.77678223,-39.1404309,60.51178207,13.61272659,1,1
186.1045709,13,1573820032,AUT,FALSE,TRUE,TRUE,602.412879,-107.8927733,149.1272125,-179.9549729,-0.167968282,179.7335131,-4.438839368,3.174369867,1.706728948,-0.1719989,1.189344476,-0.053643298,-36.06727409,55.05012817,42.43488464,-79.77678223,-39.1404309,60.51178207,13.61272659,1,1
186.2050509,13,1573820032,AUT,FALSE,TRUE,TRUE,603.3790898,-83.52211864,148.3912356,179.9354582,-0.164016933,179.8486593,-4.735292192,-0.716451868,1.956296313,-0.857238,1.430574489,0.271333048,-33.89302139,54.7527626,42.37055626,-80.47713318,-39.20198181,60.13815765,16.24518814,1,1
186.305613,13,1573820032,AUT,FALSE,TRUE,TRUE,605.882097,-69.01617398,147.9083692,179.9303708,-0.143898593,-179.9648128,-1.387421003,0.514250098,1.227301867,-0.370747397,0.781880686,0.436130855,-32.2356926,54.73859367,42.10697708,-80.38920135,-39.22389953,60.08428688,17.69394836,1,1
186.4060938,13,1573820032,AUT,FALSE,TRUE,TRUE,608.9897018,-62.12850938,147.7896197,179.9164539,0.023144202,-179.9574432,-4.430636719,-1.262477286,1.963471633,-0.961819132,0.785789779,0.207741545,-31.29889527,54.84942169,41.89272651,-80.02261848,-39.12078186,60.02688331,18.22547378,1,1
186.506557,13,1573820032,AUT,FALSE,TRUE,TRUE,608.9897018,-62.12850938,147.7896197,179.9164539,0.023144202,-179.9574432,-4.430636719,-1.262477286,1.963471633,-0.961819132,0.785789779,0.207741545,-31.29889527,54.84942169,41.89272651,-80.02261848,-39.12078186,60.02688331,18.22547378,1,1
186.6070189,13,1573820033,AUT,FALSE,TRUE,TRUE,616.5386638,-60.46378427,148.7952096,179.9344795,0.262564508,-179.950189,-10.93832609,1.254722802,1.993438785,-0.49046099,0.99465646,0.246226456,-30.61562806,55.38054886,41.78514633,-78.62402114,-39.12047424,60.4729454,18.04601554,1,1
186.7074749,13,1573820033,AUT,FALSE,TRUE,TRUE,630.1337145,-61.75072981,151.4319231,179.9645022,0.416098017,-179.9638605,-12.35649145,2.159049253,1.340922863,-0.208010309,0.958239788,0.06878243,-29.76135521,56.55852356,41.78235511,-75.61011429,-39.12018859,61.86551742,17.20290413,1,1
186.80794,13,1573820033,AUT,FALSE,TRUE,TRUE,648.0212428,-63.92802706,154.5744037,179.9836945,0.36563653,-179.9973433,-8.794584462,2.246765672,2.489696009,-0.226984093,0.724265526,0.093846884,-28.56187478,58.29901543,41.78968849,-71.26778182,-39.09449707,64.06145782,15.92777939,1,1
186.9085159,13,1573820033,AUT,FALSE,TRUE,TRUE,665.6304052,-65.30175039,155.0988266,179.9563534,0.226775061,179.9115033,-0.290192337,1.577354377,0.830061984,-0.575017654,-0.090851959,0.034793414,-27.14605637,60.36329154,41.723283,-66.63309631,-39.10868591,66.22805099,14.6821392,1,1
187.009146,13,1573820033,AUT,FALSE,TRUE,TRUE,665.6304052,-65.30175039,155.0988266,179.9563534,0.226775061,179.9115033,-0.290192337,1.577354377,0.830061984,-0.575017654,-0.090851959,0.034793414,-27.14605637,60.36329154,41.723283,-66.63309631,-39.10868591,66.22805099,14.6821392,1,1
187.109674,13,1573820033,AUT,FALSE,TRUE,TRUE,682.1908242,-66.03869261,152.5014658,179.988129,0.149234341,179.9427547,1.437398212,3.112654057,-0.65697465,-0.15643397,-0.028318223,0.16526289,-25.63658295,62.482901,41.47386932,-62.25648994,-39.2741455,67.93822746,13.52141991,1,1
187.2105689,13,1573820033,AUT,FALSE,TRUE,TRUE,697.0755942,-64.93269307,149.43264,179.9502441,0.045227675,179.9051189,4.808363165,2.294556766,-2.519860749,-0.59255344,-0.775590431,0.145234384,-23.97154313,64.65940246,41.19875106,-57.80771369,-39.3333673,69.61095085,12.52962913,1,1
187.3112791,13,1573820033,AUT,FALSE,TRUE,TRUE,697.0755942,-64.93269307,149.43264,179.9502441,0.045227675,179.9051189,4.808363165,2.294556766,-2.519860749,-0.59255344,-0.775590431,0.145234384,-23.97154313,64.65940246,41.19875106,-57.80771369,-39.3333673,69.61095085,12.52962913,1,1
187.4117479,13,1573820033,AUT,FALSE,TRUE,TRUE,707.0078286,-59.98855933,149.1879398,-179.9622017,-0.08646181,179.8478178,5.550342606,7.504694308,-0.497630279,0.220765343,-0.714607932,-0.007148755,-22.57690773,66.00730819,41.1641613,-54.74269981,-39.35417541,70.96742935,12.02956924,1,1
187.512342,13,1573820033,AUT,FALSE,TRUE,TRUE,707.0078286,-59.98855933,149.1879398,-179.9622017,-0.08646181,179.8478178,5.550342606,7.504694308,-0.497630279,0.220765343,-0.714607932,-0.007148755,-22.57690773,66.00730819,41.1641613,-54.74269981,-39.35417541,70.96742935,12.02956924,1,1
187.612823,13,1573820034,AUT,FALSE,TRUE,TRUE,711.9161302,-36.77499621,150.2246493,-179.8888338,-0.149933411,179.6886851,3.235935121,6.637523409,0.32985417,0.033946349,-0.346235642,-0.544008759,-20.92959023,66.49191169,41.30413055,-53.53190346,-39.30067749,71.59502334,13.40524635,1,1
187.7133329,13,1573820034,AUT,FALSE,TRUE,TRUE,711.9161302,-36.77499621,150.2246493,-179.8888338,-0.149933411,179.6886851,3.235935121,6.637523409,0.32985417,0.033946349,-0.346235642,-0.544008759,-18.16188698,66.37922973,41.31082878,-53.64912414,-39.29265747,71.5607048,15.81295852,1,1
187.8138061,13,1573820034,AUT,FALSE,TRUE,TRUE,712.6556578,-7.401939783,151.0447164,-179.9036336,-0.100970318,179.713322,-5.207533014,9.553976095,1.170691094,0.875374749,1.145331159,-0.388457508,-18.16188698,66.37922973,41.31082878,-53.64912414,-39.29265747,71.5607048,15.81295852,1,1
187.9142969,13,1573820034,AUT,FALSE,TRUE,TRUE,712.6556578,-7.401939783,151.0447164,-179.9036336,-0.100970318,179.713322,-5.207533014,9.553976095,1.170691094,0.875374749,1.145331159,-0.388457508,-14.79030648,66.24448242,41.30227318,-53.61074066,-39.20726074,71.68315086,19.15659256,1,1
188.0147779,13,1573820034,AUT,FALSE,TRUE,TRUE,711.9312761,35.10833483,152.7987805,-179.8647847,-0.109176725,179.7344623,-3.031379626,7.310804047,1.596566607,0.148109652,0.589806661,-0.436248985,-14.79030648,66.24448242,41.30227318,-53.61074066,-39.20726074,71.68315086,19.15659256,1,1
188.1153069,13,1573820034,AUT,FALSE,TRUE,TRUE,711.9312761,35.10833483,152.7987805,-179.8647847,-0.109176725,179.7344623,-3.031379626,7.310804047,1.596566607,0.148109652,0.589806661,-0.436248985,-14.79030648,66.24448242,41.30227318,-53.61074066,-39.20726074,71.68315086,19.15659256,1,1
188.2157979,13,1573820034,AUT,FALSE,TRUE,TRUE,709.0441752,79.58264795,153.5855301,-179.9102755,-0.087498346,179.9012654,-0.622528763,4.563214486,0.351358768,0.112494096,0.006569452,-0.396369552,-10.99115868,66.22039833,41.16695594,-53.41885414,-39.22025207,71.80490684,22.80144081,1,1
188.3162739,13,1573820034,AUT,FALSE,TRUE,TRUE,706.5061304,97.42239719,153.7585127,-179.9857063,-0.209719815,-179.9952661,1.675303751,-0.639473772,0.585570362,-0.759514532,-0.022598966,-0.225342742,-9.441842656,66.22152099,41.12999725,-53.34480972,-39.21856567,71.97529792,24.32580757,1,1
188.416784,13,1573820034,AUT,FALSE,TRUE,TRUE,706.5061304,97.42239719,153.7585127,-179.9857063,-0.209719815,-179.9952661,1.675303751,-0.639473772,0.585570362,-0.759514532,-0.022598966,-0.225342742,-9.441842656,66.22152099,41.12999725,-53.34480972,-39.21856567,71.97529792,24.32580757,1,1
188.517302,13,1573820034,AUT,FALSE,TRUE,TRUE,702.6596815,102.0546003,152.8260558,-179.9371648,-0.593824927,-179.8109217,8.479172395,-1.45135225,0.123446896,-0.560462031,0.200375868,-0.223335779,-8.993473437,66.06367149,40.98936195,-53.79924888,-39.13248779,72.08979606,24.86036453,1,1
188.6178188,13,1573820035,AUT,FALSE,TRUE,TRUE,702.6596815,102.0546003,152.8260558,-179.9371648,-0.593824927,-179.8109217,8.479172395,-1.45135225,0.123446896,-0.560462031,0.200375868,-0.223335779,-8.993473437,66.06367149,40.98936195,-53.79924888,-39.13248779,72.08979606,24.86036453,1,1
188.7183979,13,1573820035,AUT,FALSE,TRUE,TRUE,685.5343654,103.5106106,148.6555354,-179.9354175,-0.834074573,-179.7448014,12.10035891,2.107586183,-1.198132369,0.373498983,0.095907871,-0.288438783,-9.608896638,65.09326973,40.99416847,-57.46586036,-39.08369201,70.08760642,26.55487174,1,1
188.819087,13,1573820035,AUT,FALSE,TRUE,TRUE,685.5343654,103.5106106,148.6555354,-179.9354175,-0.834074573,-179.7448014,12.10035891,2.107586183,-1.198132369,0.373498983,0.095907871,-0.288438783,-9.608896638,65.09326973,40.99416847,-57.46586036,-39.08369201,70.08760642,26.55487174,1,1
188.919733,13,1573820035,AUT,FALSE,TRUE,TRUE,663.254291,105.5221561,146.028854,-179.9155755,-0.73719069,-179.7360297,7.089527449,1.365481818,-2.039175131,0.512712786,0.563567208,-0.370943919,-11.45006447,61.97409668,41.03807258,-64.57523003,-39.03809326,67.18665962,28.74052619,1,1
189.020375,13,1573820035,AUT,FALSE,TRUE,TRUE,663.254291,105.5221561,146.028854,-179.9155755,-0.73719069,-179.7360297,7.089527449,1.365481818,-2.039175131,0.512712786,0.563567208,-0.370943919,-11.45006447,61.97409668,41.03807258,-64.57523003,-39.03809326,67.18665962,28.74052619,1,1
189.1212308,13,1573820035,AUT,FALSE,TRUE,TRUE,632.0998005,104.7580432,146.6625743,-179.908442,-0.494751878,-179.6692116,-1.711853088,4.651428188,0.236023646,0.968540524,0.998057411,-0.461106866,-13.36732979,58.35890121,41.10994034,-72.54417686,-38.87457824,63.53549079,31.30749549,1,1
189.2217081,13,1573820035,AUT,FALSE,TRUE,TRUE,612.6303612,101.265632,150.2678298,-179.8337056,-0.371433712,-179.7435827,-5.864764147,4.352165212,2.226629976,0.736029747,1.395821367,-0.812427658,-14.91011238,55.66277046,41.26048049,-77.40368728,-38.46415649,61.57889442,32.25015678,1,1
189.322278,13,1573820035,AUT,FALSE,TRUE,TRUE,612.6303612,101.265632,150.2678298,-179.8337056,-0.371433712,-179.7435827,-5.864764147,4.352165212,2.226629976,0.736029747,1.395821367,-0.812427658,-14.91011238,55.66277046,41.26048049,-77.40368728,-38.46415649,61.57889442,32.25015678,1,1
189.4227579,13,1573820035,AUT,FALSE,TRUE,TRUE,599.013275,99.52474717,152.8050935,-179.7815523,-0.183195165,-179.8632283,-11.40502971,9.243787115,5.609739554,1.511645148,2.063671475,-1.085112891,-15.9567421,53.80041275,41.43509445,-80.7847229,-38.14363586,60.06260604,32.89738884,1,1
189.5232289,13,1573820035,AUT,FALSE,TRUE,TRUE,599.013275,99.52474717,152.8050935,-179.7815523,-0.183195165,-179.8632283,-11.40502971,9.243787115,5.609739554,1.511645148,2.063671475,-1.085112891,-15.82105408,53.44630623,41.6162487,-81.68711243,-38.13144653,59.42170829,33.56672744,1,1
189.623698,13,1573820036,AUT,FALSE,TRUE,TRUE,594.8057011,105.8808174,152.2793764,-179.6687462,-0.043390755,179.845098,-11.17491826,11.93336253,4.72844156,0.945468088,1.615913787,-1.710202509,-15.82105408,53.44630623,41.6162487,-81.68711243,-38.13144653,59.42170829,33.56672744,1,1
189.7241778,13,1573820036,AUT,FALSE,TRUE,TRUE,594.8057011,105.8808174,152.2793764,-179.6687462,-0.043390755,179.845098,-11.17491826,11.93336253,4.72844156,0.945468088,1.615913787,-1.710202509,-13.57731629,54.4325798,42.04437218,-80.28134994,-38.60118896,59.97707061,35.63952484,1,1
189.8246589,13,1573820036,AUT,FALSE,TRUE,TRUE,596.9784065,130.8676387,150.6808413,-179.6785551,-0.006213272,179.6595435,-5.80618425,10.76969334,3.350152578,0.492899599,1.036382732,-1.56574894,-13.57731629,54.4325798,42.04437218,-80.28134994,-38.60118896,59.97707061,35.63952484,1,1
189.9252689,13,1573820036,AUT,FALSE,TRUE,TRUE,600.5141039,162.728307,148.5839104,-179.7172953,-0.01070059,179.6580043,-3.989531035,9.755335308,2.577015503,0.30083218,0.939652876,-1.352169824,-10.04818154,55.89009132,42.11405296,-77.86805878,-39.02660705,60.9479393,38.07537231,1,1
190.0257549,13,1573820036,AUT,FALSE,TRUE,TRUE,600.5141039,162.728307,148.5839104,-179.7172953,-0.01070059,179.6580043,-3.989531035,9.755335308,2.577015503,0.30083218,0.939652876,-1.352169824,-10.04818154,55.89009132,42.11405296,-77.86805878,-39.02660705,60.9479393,38.07537231,1,1
190.1262219,13,1573820036,AUT,FALSE,TRUE,TRUE,603.4646054,194.0391412,148.6688615,-179.8015155,-0.033087179,179.7275448,-2.588114753,6.715481742,1.072298912,-0.071019776,0.693958617,-1.006506911,-6.620780187,57.1552803,42.08393669,-75.13821029,-39.21936767,62.23350448,40.19727859,1,1
190.2266839,13,1573820036,AUT,FALSE,TRUE,TRUE,607.0128543,223.8736968,151.9976417,-179.8296017,-0.034373429,179.8642672,-2.588114753,6.715481742,1.072298912,-0.071019776,0.693958617,-1.006506911,-3.175155263,58.34707374,42.04473953,-71.93656425,-39.23603942,63.94716911,41.83343124,1,1
190.327184,13,1573820036,AUT,FALSE,TRUE,TRUE,607.0128543,223.8736968,151.9976417,-179.8296017,-0.034373429,179.8642672,-0.154039503,5.066802301,0.612457586,0.067224941,0.230358783,-0.841101625,-3.175155263,58.34707374,42.04473953,-71.93656425,-39.23603942,63.94716911,41.83343124,1,1
190.427659,13,1573820036,AUT,FALSE,TRUE,TRUE,609.6443298,251.0403157,155.8938425,-179.8573974,-0.080599937,179.9303104,1.417311659,2.197744386,-0.070079722,0.067224941,0.230358783,-0.841101625,-0.024228288,59.42887344,42.00543251,-68.79454994,-39.12817016,65.66152725,43.08574562,1,1
190.5281529,13,1573820036,AUT,FALSE,TRUE,TRUE,609.6443298,251.0403157,155.8938425,-179.8573974,-0.080599937,179.9303104,1.417311659,2.197744386,-0.070079722,-0.604504119,0.064512207,-0.875894641,-0.024228288,59.42887344,42.00543251,-68.79454994,-39.12817016,65.66152725,43.08574562,1,1
190.6286509,13,1573820037,AUT,FALSE,TRUE,TRUE,609.6503081,265.6664346,157.7273617,-179.8421745,-0.166033517,179.9772946,2.900583975,2.674972374,0.163562482,-0.433354612,-0.091085598,-0.925544298,1.675861356,60.0121479,42.00037193,-67.14864006,-39.06761901,66.60074501,43.76212578,1,1
190.729629,13,1573820037,AUT,FALSE,TRUE,TRUE,609.6503081,265.6664346,157.7273617,-179.8421745,-0.166033517,179.9772946,2.900583975,2.674972374,0.163562482,-0.433354612,-0.091085598,-0.925544298,1.675861356,60.0121479,42.00037193,-67.14864006,-39.06761901,66.60074501,43.76212578,1,1
190.8302031,13,1573820037,AUT,FALSE,TRUE,TRUE,605.1991559,275.4655434,157.4845964,-179.8764008,-0.347240437,-179.8156911,5.601343751,-0.275160028,-1.452143771,-0.539319787,0.070336056,-0.627143243,2.7172451,60.19938583,41.93923988,-66.83270073,-39.05661621,66.93778152,44.70375366,1,1
190.9307749,13,1573820037,AUT,FALSE,TRUE,TRUE,605.1991559,275.4655434,157.4845964,-179.8764008,-0.347240437,-179.8156911,5.601343751,-0.275160028,-1.452143771,-0.539319787,0.070336056,-0.627143243,2.7172451,60.19938583,41.93923988,-66.83270073,-39.05661621,66.93778152,44.70375366,1,1
191.0312359,13,1573820037,AUT,FALSE,TRUE,TRUE,595.4748798,278.3088768,157.830399,-179.8802662,-0.535424194,-179.7170679,7.499305818,1.98083709,-1.074801766,0.645535614,0.115542175,-0.516017576,2.858175656,59.40939674,42.01962547,-68.47117424,-38.92107238,66.4494461,45.71804237,1,1
191.1318069,13,1573820037,AUT,FALSE,TRUE,TRUE,595.4748798,278.3088768,157.830399,-179.8802662,-0.535424194,-179.7170679,7.499305818,1.98083709,-1.074801766,0.645535614,0.115542175,-0.516017576,2.858175656,59.40939674,42.01962547,-68.47117424,-38.92107238,66.4494461,45.71804237,1,1
191.232286,13,1573820037,AUT,FALSE,TRUE,TRUE,572.8883412,280.7582532,158.4330055,-179.8911071,-0.56249373,-179.6498184,6.78818944,3.089563128,-0.088724198,0.972873662,0.104594615,-0.417871645,2.51331825,57.21069259,42.08872261,-73.13308181,-38.64186035,64.50366096,47.95480728,1,1
191.332756,13,1573820037,AUT,FALSE,TRUE,TRUE,548.0291371,281.3132879,157.6525236,-179.8939134,-0.562374848,-179.6239704,5.535985721,2.017855709,-0.058540615,0.670546778,0.400867513,-0.475655798,2.048830031,54.91186866,42.20299415,-78.11994094,-38.39556884,62.29394302,50.1878746,1,1
191.433274,13,1573820037,AUT,FALSE,TRUE,TRUE,548.0291371,281.3132879,157.6525236,-179.8939134,-0.562374848,-179.6239704,5.535985721,2.017855709,-0.058540615,0.670546778,0.400867513,-0.475655798,2.048830031,54.91186866,42.20299415,-78.11994094,-38.39556884,62.29394302,50.1878746,1,1
191.5337429,13,1573820037,AUT,FALSE,TRUE,TRUE,518.16014,279.1962205,154.6359397,-179.8841291,-0.484227937,-179.6048564,0.800806234,5.351331557,0.532513699,1.219755312,0.781027797,-0.610946784,1.427415844,52.20660896,42.31633529,-84.35569496,-38.30148742,59.20643119,52.92216911,1,1
191.6342199,13,1573820038,AUT,FALSE,TRUE,TRUE,518.16014,279.1962205,154.6359397,-179.8841291,-0.484227937,-179.6048564,0.800806234,5.351331557,0.532513699,1.219755312,0.781027797,-0.610946784,1.427415844,52.20660896,42.31633529,-84.35569496,-38.30148742,59.20643119,52.92216911,1,1
191.7346859,13,1573820038,AUT,FALSE,TRUE,TRUE,487.8950685,273.832765,153.2285667,-179.8135369,-0.253762527,-179.6693209,-3.369805698,7.446088395,2.296593911,1.239596965,1.001975739,-0.948919897,0.641271969,49.14232635,42.42604751,-90.61911049,-38.16414733,55.99370612,55.31405754,1,1
198.3095551,14,1573820044,AUT,FALSE,FALSE,TRUE,471.868617,-400.0343249,169.8254099,179.9980593,-0.019283923,179.9899772,-1.290340814,-2.43547226,3.879890627,-0.351295565,0.669917142,0.128729172,-65.62635041,53.74482193,42.53695449,-78.26657409,-37.9153894,62.67143669,-17.40593834,0.5,1
198.410305,14,1573820044,AUT,FALSE,TRUE,TRUE,471.0377784,-399.4935245,169.1432037,-179.96012,-0.304261686,179.9444048,-2.894145541,-2.679486268,9.723122144,-0.786040323,1.573690456,-0.180579657,-65.62635041,53.74482193,42.53695449,-78.26657409,-37.9153894,62.67143669,-17.40593834,1,1
198.5111771,14,1573820044,AUT,FALSE,TRUE,TRUE,468.2322275,-399.2965017,157.4977256,-179.9268929,-0.129819674,179.950856,-2.894145541,-2.679486268,9.723122144,-0.786040323,1.573690456,-0.180579657,-65.55868149,54.22416916,41.7557682,-79.02221374,-38.07416931,61.272472,-17.36911011,1,1
198.611635,14,1573820045,AUT,FALSE,TRUE,TRUE,468.2322275,-399.2965017,157.4977256,-179.9268929,-0.129819674,179.950856,-3.104048913,-3.241391719,4.290494712,-1.070187796,1.028296426,-0.28300513,-65.55868149,54.22416916,41.7557682,-79.02221374,-38.07416931,61.272472,-17.36911011,1,1
198.712127,14,1573820045,AUT,FALSE,TRUE,TRUE,468.6976076,-401.7684619,149.5408328,-179.9122501,-0.04907445,179.964836,-1.01238543,-0.167806944,1.304269297,-0.389791039,0.466227086,-0.34001886,-65.58065415,55.14115677,41.66695404,-78.76832656,-38.73147583,60.72255478,-17.25076333,1,1
198.8126559,14,1573820045,AUT,FALSE,TRUE,TRUE,468.6976076,-401.7684619,149.5408328,-179.9122501,-0.04907445,179.964836,-1.01238543,-0.167806944,1.304269297,-0.389791039,0.466227086,-0.34001886,-65.58065415,55.14115677,41.66695404,-78.76832656,-38.73147583,60.72255478,-17.25076333,1,1
198.9131401,14,1573820045,AUT,FALSE,TRUE,TRUE,471.2898409,-403.7587294,146.2060757,-179.9059699,0.110817151,179.9647121,-1.794587504,0.886863567,-0.340775944,-0.07834357,0.067846602,-0.312295942,-65.49159623,55.8540184,41.77131042,-78.17794876,-39.13788208,60.62480392,-17.23806038,1,1
199.0136139,14,1573820045,AUT,FALSE,TRUE,TRUE,476.4422252,-404.2756027,147.5897088,-179.9361083,0.325448477,179.9634721,-9.077229256,-0.301136992,1.085885394,-0.120302891,0.748823228,-0.121310299,-65.13936424,56.20522384,41.94350052,-77.33514289,-39.17982788,60.97017974,-17.19149208,1,1
199.1140859,14,1573820045,AUT,FALSE,TRUE,TRUE,490.2199355,-403.8566094,151.1201767,-179.9680174,0.484373103,-179.9652056,-13.86893388,-3.327608203,4.261361813,-0.248626723,1.445327066,0.165661017,-63.83623467,56.98253403,42.17516098,-75.12659569,-39.25217285,62.11061211,-16.90618744,1,1
199.2145488,14,1573820045,AUT,FALSE,TRUE,TRUE,490.2199355,-403.8566094,151.1201767,-179.9680174,0.484373103,-179.9652056,-13.86893388,-3.327608203,4.261361813,-0.248626723,1.445327066,0.165661017,-63.83623467,56.98253403,42.17516098,-75.12659569,-39.25217285,62.11061211,-16.90618744,1,1
199.3150361,14,1573820045,AUT,FALSE,TRUE,TRUE,509.7273469,-402.8199338,152.8390969,-179.9648397,0.503406501,-179.967784,-11.2674401,-3.600379991,4.861232351,-0.518545042,1.049160793,-0.070657334,-61.67408066,58.42350082,42.16602516,-71.64423179,-39.31264709,63.75532379,-16.66811371,1,1
199.415586,14,1573820045,AUT,FALSE,TRUE,TRUE,533.0776959,-401.8693966,152.1547406,-179.9377965,0.513637521,-179.9597123,-9.486380411,-0.104132424,3.753963509,-0.19357347,0.909636832,-0.200851373,-59.02188149,60.45088691,42.03871421,-67.26067314,-39.50189758,65.60913619,-16.54996262,1,1
199.516053,14,1573820045,AUT,FALSE,TRUE,TRUE,556.6884608,-400.6047285,150.2361226,-179.9718135,0.413627051,-179.9782712,-3.900567031,-1.262107433,1.124013426,-0.266382045,0.100671301,-0.213754621,-56.1386776,62.81139221,41.89721374,-62.31423339,-39.73575256,67.6492527,-16.55501289,1,1
199.616518,14,1573820046,AUT,FALSE,TRUE,TRUE,577.9311088,-400.0037539,147.1301441,-179.9535307,0.218927698,179.9837229,-3.900567031,-1.262107433,1.124013426,-0.266382045,0.100671301,-0.213754621,-53.3672287,65.22472458,41.6270874,-57.22083435,-39.88867126,69.68658485,-16.9054081,1,1
199.71698,14,1573820046,AUT,FALSE,TRUE,TRUE,577.9311088,-400.0037539,147.1301441,-179.9535307,0.218927698,179.9837229,-0.895341487,2.640257943,4.058688013,0.048417482,0.309719278,-0.07325911,-53.3672287,65.22472458,41.6270874,-57.22083435,-39.88867126,69.68658485,-16.9054081,1,1
199.8174679,14,1573820046,AUT,FALSE,TRUE,TRUE,592.3398202,-401.3040693,143.2235505,-179.9302706,-0.023936113,179.953608,7.118505167,4.307600026,1.536144174,0.318115793,-0.541400781,-0.219896143,-51.3185051,67.22083053,41.24824791,-53.07052917,-39.91409362,71.25988541,-17.53992691,1,1
199.9179339,14,1573820046,AUT,FALSE,TRUE,TRUE,600.4001516,-402.7571071,141.8943259,-179.8544013,-0.143715844,179.8415791,10.15085331,7.480030042,-0.978106449,0.649294229,-1.042236098,-0.597725441,-50.15490533,68.48514748,41.15558853,-50.33778648,-39.91078674,72.41737404,-18.17738114,1,1
200.018508,14,1573820046,AUT,FALSE,TRUE,TRUE,604.0503645,-400.6833613,142.9299788,-179.7365691,-0.246918279,179.7475376,10.78238056,9.255927891,-0.783179013,0.818983641,-1.181890132,-0.925730893,-49.60134888,68.80529938,41.20792465,-49.44504089,-39.88982482,72.98705291,-18.27320938,1,1
200.1191349,14,1573820046,AUT,FALSE,TRUE,TRUE,604.0503645,-400.6833613,142.9299788,-179.7365691,-0.246918279,179.7475376,10.78238056,9.255927891,-0.783179013,0.818983641,-1.181890132,-0.925730893,-49.32051773,68.40188827,41.32962226,-50.25961876,-39.81528808,72.902108,-17.45793801,1,1
200.2198639,14,1573820046,AUT,FALSE,TRUE,TRUE,605.582312,-392.5662184,144.2129114,-179.7264157,-0.348230222,179.6160428,5.685724564,6.94920624,0.601200283,-0.052786032,0.059343063,-1.277189188,-49.32051773,68.40188827,41.32962226,-50.25961876,-39.81528808,72.902108,-17.45793801,1,1
200.3203731,14,1573820046,AUT,FALSE,TRUE,TRUE,607.5299914,-376.624355,145.7189869,-179.7063107,-0.307352904,179.5026131,2.74219674,8.989448507,0.518596694,0.325297409,0.513093466,-1.267919198,-48.99353028,67.45781593,41.56814918,-52.38901978,-39.77266662,72.18043671,-15.76377754,1,1
200.4209449,14,1573820046,AUT,FALSE,TRUE,TRUE,610.3162806,-350.3561798,146.193369,-179.7337363,-0.294351436,179.4178327,-0.229157057,9.024526954,2.117213325,0.309562453,0.945134262,-0.965678321,-48.30022088,66.03681679,41.89703865,-55.82307815,-39.81956726,70.85581169,-12.75995751,1,1
200.5215409,14,1573820046,AUT,FALSE,TRUE,TRUE,612.8254809,-314.6177069,145.0332525,-179.8072179,-0.278021824,179.3690133,-0.229157057,9.024526954,2.117213325,0.309562453,0.945134262,-0.965678321,-47.14402314,64.34483299,42.20074196,-60.19211426,-39.91937255,69.00293655,-8.703935625,1,1
200.622071,14,1573820047,AUT,FALSE,TRUE,TRUE,612.8254809,-314.6177069,145.0332525,-179.8072179,-0.278021824,179.3690133,0.53642217,7.782037651,-0.897820746,-0.069062602,0.712295455,-0.626701461,-47.14402314,64.34483299,42.20074196,-60.19211426,-39.91937255,69.00293655,-8.703935625,1,1
200.7225759,14,1573820047,AUT,FALSE,TRUE,TRUE,614.279858,-268.9423095,144.848701,-179.8736843,-0.209639047,179.4015844,-1.269382064,5.765285807,-0.220685883,-0.368236087,0.556983971,-0.278632265,-45.35642396,62.23013649,42.46748314,-65.29929084,-39.97836914,66.74836693,-3.618292238,1,1
200.8230479,14,1573820047,AUT,FALSE,TRUE,TRUE,614.279858,-268.9423095,144.848701,-179.8736843,-0.209639047,179.4015844,-1.269382064,5.765285807,-0.220685883,-0.368236087,0.556983971,-0.278632265,-42.96007233,59.88097458,42.83345146,-70.08849563,-39.97204101,65.01830864,1.762083431,1,1
200.923522,14,1573820047,AUT,FALSE,TRUE,TRUE,614.3034077,-219.6502468,148.3606472,-179.918059,-0.212521201,179.5239778,-1.071392997,2.642708008,-1.516898509,-0.652766968,0.6261318,-0.027834999,-42.96007233,59.88097458,42.83345146,-70.08849563,-39.97204101,65.01830864,1.762083431,1,1
201.023993,14,1573820047,AUT,FALSE,TRUE,TRUE,613.4379467,-171.6287786,153.4665492,-179.9845812,-0.168613424,179.6151586,-4.144629896,2.271944814,1.968201755,-0.200995997,1.31556916,0.064229671,-40.27626,57.7935482,43.26397133,-73.86655998,-39.85151,63.78278961,6.915241238,1,1
201.1244609,14,1573820047,AUT,FALSE,TRUE,TRUE,613.4379467,-171.6287786,153.4665492,-179.9845812,-0.168613424,179.6151586,-4.144629896,2.271944814,1.968201755,-0.200995997,1.31556916,0.064229671,-40.27626,57.7935482,43.26397133,-73.86655998,-39.85151,63.78278961,6.915241238,1,1
201.2249858,14,1573820047,AUT,FALSE,TRUE,TRUE,612.7532636,-124.7649125,156.1985048,-179.9652774,-0.150615881,179.7648589,-3.652845805,0.626138729,1.635660799,-0.639487511,1.018819451,-0.068747902,-37.61359635,56.41898346,43.37422943,-76.27441635,-39.68931884,62.90243454,11.69469566,1,1
201.3255038,14,1573820047,AUT,FALSE,TRUE,TRUE,612.7532636,-124.7649125,156.1985048,-179.9652774,-0.150615881,179.7648589,-3.652845805,0.626138729,1.635660799,-0.639487511,1.018819451,-0.068747902,-37.61359635,56.41898346,43.37422943,-76.27441635,-39.68931884,62.90243454,11.69469566,1,1
201.4259739,14,1573820047,AUT,FALSE,TRUE,TRUE,613.10039,-92.79184297,154.5390431,179.9886657,-0.204956979,179.7884443,-5.098201194,1.63097608,4.723788151,-0.336751197,1.691060256,0.111602645,-34.42701874,55.72626457,43.293013,-77.86352348,-39.63801818,62.12311249,14.96052246,1,1
201.5264308,14,1573820047,AUT,FALSE,TRUE,TRUE,614.9854488,-75.0902593,150.1323526,179.9635505,-0.158479327,179.9124731,-3.304993408,-0.731754138,2.898623512,-0.804735911,1.241660047,0.248620105,-32.52046509,55.86412239,42.87633247,-78.1485363,-39.74601379,61.53507957,16.84918556,1,1
201.626895,14,1573820048,AUT,FALSE,TRUE,TRUE,614.9854488,-75.0902593,150.1323526,179.9635505,-0.158479327,179.9124731,-3.304993408,-0.731754138,2.898623512,-0.804735911,1.241660047,0.248620105,-32.52046509,55.86412239,42.87633247,-78.1485363,-39.74601379,61.53507957,16.84918556,1,1
201.7273569,14,1573820048,AUT,FALSE,TRUE,TRUE,614.9854488,-75.0902593,150.1323526,179.9635505,-0.158479327,179.9124731,-3.304993408,-0.731754138,2.898623512,-0.804735911,1.241660047,0.248620105,-31.18098107,56.42101593,42.41601219,-77.43702392,-39.82783996,61.19304428,17.51163711,1,1
201.8279068,14,1573820048,AUT,FALSE,TRUE,TRUE,620.7111129,-66.71768842,146.3176803,179.9607902,0.285246871,179.9920962,-11.09964354,-0.285655741,0.746561826,-1.130132313,1.086496652,0.192085558,-31.18098107,56.42101593,42.41601219,-77.43702392,-39.82783996,61.19304428,17.51163711,1,1
201.9283938,14,1573820048,AUT,FALSE,TRUE,TRUE,640.6079968,-67.14893476,149.4350868,179.9721716,0.39785466,-179.9851201,-12.01885238,2.62945261,2.914902277,-0.389707572,1.083910626,0.128197893,-29.63424339,58.15111541,42.25270386,-73.05914039,-39.84851623,63.04497184,16.45481414,1,1
202.0292749,14,1573820048,AUT,FALSE,TRUE,TRUE,664.3899151,-71.21136263,154.4455627,-179.9849893,0.362911461,-179.99724,-12.01885238,2.62945261,2.914902277,-0.389707572,1.083910626,0.128197893,-27.97083436,60.46022873,42.24806556,-66.98315506,-39.79313964,66.08106079,14.5393959,1,1
202.1299529,14,1573820048,AUT,FALSE,TRUE,TRUE,664.3899151,-71.21136263,154.4455627,-179.9849893,0.362911461,-179.99724,-8.367899317,2.5388341,1.203671702,-0.274279971,0.650000329,-0.004266101,-27.97083436,60.46022873,42.24806556,-66.98315506,-39.79313964,66.08106079,14.5393959,1,1
202.2308068,14,1573820048,AUT,FALSE,TRUE,TRUE,686.8568414,-74.00385733,156.0787608,-179.9639869,0.159188397,179.9188917,-0.858859049,2.098141359,3.673635081,-0.638812078,0.051464306,-0.09610431,-26.08786354,63.15472869,42.18831024,-60.59009399,-39.80778991,69.07267914,12.63012657,1,1
202.3312891,14,1573820048,AUT,FALSE,TRUE,TRUE,686.8568414,-74.00385733,156.0787608,-179.9639869,0.159188397,179.9188917,-0.858859049,2.098141359,3.673635081,-0.638812078,0.051464306,-0.09610431,-24.44766312,65.31997948,42.01523094,-56.14601784,-39.95505065,70.80947685,11.49844551,1,1
202.4318469,14,1573820048,AUT,FALSE,TRUE,TRUE,701.6249149,-73.33179163,152.4165004,-179.9379837,-0.019412319,179.8587712,3.091571383,5.07611179,1.818491441,-0.388865689,-0.500428898,-0.085264256,-24.44766312,65.31997948,42.01523094,-56.14601784,-39.95505065,70.80947685,11.49844551,1,1
202.5323119,14,1573820048,AUT,FALSE,TRUE,TRUE,701.6249149,-73.33179163,152.4165004,-179.9379837,-0.019412319,179.8587712,3.091571383,5.07611179,1.818491441,-0.388865689,-0.500428898,-0.085264256,-22.84805031,67.09949684,41.88304138,-53.17501602,-40.13116149,71.66307334,11.26272354,1,1
202.6327651,14,1573820049,AUT,FALSE,TRUE,TRUE,712.4825894,-63.04583112,145.4981183,-179.8524896,-0.141234289,179.7110632,4.968325458,9.004959745,-0.265656556,0.16699926,-0.547153597,-0.474060253,-22.84805031,67.09949684,41.88304138,-53.17501602,-40.13116149,71.66307334,11.26272354,1,1
202.7332549,14,1573820049,AUT,FALSE,TRUE,TRUE,715.8490965,-39.69468328,143.7083113,-179.8480435,-0.109809664,179.6290655,0.663313018,8.179541956,-0.3292641,-0.217621249,-0.144144463,-0.556873121,-20.61257286,67.71929741,41.93736191,-52.35221214,-40.23187316,71.75809479,13.10468788,1,1
202.8336411,14,1573820049,AUT,FALSE,TRUE,TRUE,715.8490965,-39.69468328,143.7083113,-179.8480435,-0.109809664,179.6290655,0.663313018,8.179541956,-0.3292641,-0.217621249,-0.144144463,-0.556873121,-20.61257286,67.71929741,41.93736191,-52.35221214,-40.23187316,71.75809479,13.10468788,1,1
202.9341269,14,1573820049,AUT,FALSE,TRUE,TRUE,716.9943389,-9.340698787,145.3656479,-179.8471465,-0.063141748,179.6560213,-2.498781844,6.240378437,0.628004049,-0.176715144,0.288149348,-0.463449699,-18.24710999,67.59552269,41.98470268,-52.37980156,-40.22998352,71.81794624,15.53191108,1,1
203.0346599,14,1573820049,AUT,FALSE,TRUE,TRUE,716.9943389,-9.340698787,145.3656479,-179.8471465,-0.063141748,179.6560213,-2.498781844,6.240378437,0.628004049,-0.176715144,0.288149348,-0.463449699,-18.24710999,67.59552269,41.98470268,-52.37980156,-40.22998352,71.81794624,15.53191108,1,1
203.1351318,14,1573820049,AUT,FALSE,TRUE,TRUE,716.2532882,36.15980993,147.8054557,-179.8734034,-0.050238323,179.683597,-1.887749062,6.391358535,0.9846387,-0.07061736,0.097463417,-0.475208951,-15.24613266,67.42926178,42.00800399,-52.35551834,-40.16503784,71.98111381,19.18659553,1,1
203.2356229,14,1573820049,AUT,FALSE,TRUE,TRUE,714.6031155,65.42744321,149.5536815,-179.9012985,-0.02808726,179.7676216,-1.620869764,5.153194244,1.145127683,0.051758016,-0.020313883,-0.405594976,-12.11027069,67.29873046,41.98818054,-52.23958511,-40.16098937,72.13499794,21.54864234,1,1
203.3360929,14,1573820049,AUT,FALSE,TRUE,TRUE,713.0645623,89.24486651,152.0585807,-179.926721,0.016525377,179.9031004,-2.360849796,0.403952763,-0.305565985,-0.857407037,-0.14695366,-0.434919716,-10.01997071,67.21422844,41.94197959,-51.92243042,-40.15390319,72.42236595,23.41951446,1,1
203.4365809,14,1573820049,AUT,FALSE,TRUE,TRUE,712.0400885,103.4382659,155.105097,-179.8822954,-0.155453819,-179.9717882,2.521077408,-0.916686213,1.121796439,-0.884727327,-0.435844491,-0.533766577,-8.618091206,67.18264618,41.86366768,-51.33736038,-40.00980651,73.06738701,24.32324295,1,1
203.5370569,14,1573820049,AUT,FALSE,TRUE,TRUE,712.0400885,103.4382659,155.105097,-179.8822954,-0.155453819,-179.9717882,2.521077408,-0.916686213,1.121796439,-0.884727327,-0.435844491,-0.533766577,-8.618091206,67.18264618,41.86366768,-51.33736038,-40.00980651,73.06738701,24.32324295,1,1
203.637625,14,1573820050,AUT,FALSE,TRUE,TRUE,709.9684804,109.4777944,156.1850087,-179.8903908,-0.383388405,-179.8779653,6.805463516,-1.488877876,0.198750123,-0.684606277,-0.21691798,-0.522028287,-8.043262488,67.06301193,41.79872474,-51.36342201,-39.88613342,73.35789642,24.84275208,1,1
203.738106,14,1573820050,AUT,FALSE,TRUE,TRUE,705.1994377,110.2762013,155.863594,-179.8542893,-0.647005519,-179.7353744,9.246875736,0.116783527,-0.280118562,0.255913258,0.404402128,-0.596004269,-8.213832094,66.62029037,41.79381179,-52.46542625,-39.85831604,73.17946472,25.28213997,1,1
203.838577,14,1573820050,AUT,FALSE,TRUE,TRUE,695.9861683,110.7181134,154.6345016,-179.8073378,-0.832893575,-179.771145,11.6186582,3.36253593,-0.634625239,0.922949959,0.160331923,-0.781239403,-8.903831869,65.62181511,41.82782821,-55.06655616,-39.70265625,72.16736297,26.10661239,1,1
203.939234,14,1573820050,AUT,FALSE,TRUE,TRUE,695.9861683,110.7181134,154.6345016,-179.8073378,-0.832893575,-179.771145,11.6186582,3.36253593,-0.634625239,0.922949959,0.160331923,-0.781239403,-8.903831869,65.62181511,41.82782821,-55.06655616,-39.70265625,72.16736297,26.10661239,1,1
204.039995,14,1573820050,AUT,FALSE,TRUE,TRUE,675.9535592,114.4202339,151.0383813,-179.8485699,-0.807848531,-179.7197636,8.27093197,3.527143326,1.607691939,1.121895558,0.544050921,-0.534434398,-10.08780442,63.45743294,41.85527343,-60.77550544,-39.67232849,69.54289054,28.38797149,1,1
204.140595,14,1573820050,AUT,FALSE,TRUE,TRUE,655.6879004,115.4085081,148.3521961,-179.8788571,-0.700799107,-179.6555002,3.378599318,2.446860614,1.586449828,0.841394175,0.66610924,-0.508755823,-11.33540154,61.25452995,41.85512581,-66.22763557,-39.66960937,66.93983459,30.40327263,1,1
204.241395,14,1573820050,AUT,FALSE,TRUE,TRUE,634.9840904,113.0406741,146.2442185,-179.8599716,-0.554964818,-179.663878,-1.807593433,0.976871884,1.171318939,0.191916986,1.155274666,-0.707953051,-12.81366692,58.97867088,41.85923881,-71.65128708,-39.61734741,64.29869384,32.00377808,1,1
204.3418789,14,1573820050,AUT,FALSE,TRUE,TRUE,634.9840904,113.0406741,146.2442185,-179.8599716,-0.554964818,-179.663878,-1.807593433,0.976871884,1.171318939,0.191916986,1.155274666,-0.707953051,-12.81366692,58.97867088,41.85923881,-71.65128708,-39.61734741,64.29869384,32.00377808,1,1
204.442347,14,1573820050,AUT,FALSE,TRUE,TRUE,617.104151,108.318486,145.1788149,-179.7663279,-0.328076506,-179.7401438,-7.065930532,6.929358987,2.78794027,1.125179399,1.590646165,-0.999661788,-14.30747109,56.92374344,41.87546424,-76.26937637,-39.54402465,61.94737587,33.01069908,1,1
204.542819,14,1573820050,AUT,FALSE,TRUE,TRUE,605.7707127,105.8825087,145.7705344,-179.7387418,-0.10848903,-179.8766198,-12.71021711,8.409252717,2.354950191,0.953261321,2.032420115,-1.308920236,-15.31848107,55.52811241,42.01608238,-79.20537986,-39.4807489,60.46323967,33.63552589,1,1
204.643271,14,1573820051,AUT,FALSE,TRUE,TRUE,602.1959315,108.4019792,147.5892068,-179.6379344,-0.018840261,179.9516626,-11.82201407,12.82638667,4.413144768,1.560072723,1.900433808,-1.621032782,-15.49987564,55.02371979,42.27647552,-80.03804398,-39.420401,60.13917732,33.96190567,1,1
204.7437289,14,1573820051,AUT,FALSE,TRUE,TRUE,602.1959315,108.4019792,147.5892068,-179.6379344,-0.018840261,179.9516626,-11.82201407,12.82638667,4.413144768,1.560072723,1.900433808,-1.621032782,-15.49987564,55.02371979,42.27647552,-80.03804398,-39.420401,60.13917732,33.96190567,1,1
204.8442359,14,1573820051,AUT,FALSE,TRUE,TRUE,602.3235053,118.6865415,148.1038716,-179.6194652,-0.016880223,179.7696194,-6.864722814,12.61043251,5.163508047,0.926676382,1.009488742,-1.860285798,-14.69096261,55.25245514,42.53902473,-79.63663101,-39.46467041,60.35346908,34.72597732,1,1
204.9447138,14,1573820051,AUT,FALSE,TRUE,TRUE,603.0590382,143.3530834,145.9080702,-179.6375904,-0.020563948,179.6071223,-5.245036203,12.67411094,3.764432252,0.472652837,0.926455543,-1.765779788,-12.32222786,56.15881348,42.75667763,-78.37209434,-39.79851745,60.76406249,36.7246479,1,1
205.0451679,14,1573820051,AUT,FALSE,TRUE,TRUE,603.0590382,143.3530834,145.9080702,-179.6375904,-0.020563948,179.6071223,-5.245036203,12.67411094,3.764432252,0.472652837,0.926455543,-1.765779788,-12.32222786,56.15881348,42.75667763,-78.37209434,-39.79851745,60.76406249,36.7246479,1,1
205.145627,14,1573820051,AUT,FALSE,TRUE,TRUE,603.5957769,173.6007384,143.470323,-179.6718032,-0.049343569,179.629184,-3.775438149,9.500340042,2.927340197,0.299123852,0.779190725,-1.366880691,-9.125268175,57.27628784,42.77529945,-76.53933449,-40.12824462,61.46191063,39.08642693,1,1
205.246098,14,1573820051,AUT,FALSE,TRUE,TRUE,604.1582046,202.7257289,142.4812862,-179.7537371,-0.076077612,179.6930164,-2.98847257,4.760842286,3.42371805,-0.617806816,0.900908203,-1.090552448,-5.951008988,58.38372001,42.7488018,-74.37120323,-40.33679809,62.39800758,41.21507949,1,1
205.3465679,14,1573820051,AUT,FALSE,TRUE,TRUE,605.5451214,228.9009228,142.737795,-179.8151264,-0.051678555,179.8331127,-1.618401464,6.963852383,1.656546406,0.228354667,0.685387011,-0.833406924,-2.954869081,59.41526413,42.58883056,-71.96108093,-40.4185144,63.49299088,42.82653351,1,1
205.4471018,14,1573820051,AUT,FALSE,TRUE,TRUE,607.3472129,249.5210035,144.1798474,-179.837917,-0.085642826,179.9345935,-1.618401464,6.963852383,1.656546406,0.228354667,0.685387011,-0.833406924,-0.495119481,60.33965034,42.49139213,-69.57440758,-40.38978515,64.69022941,43.82467918,1,1
205.5475769,14,1573820051,AUT,FALSE,TRUE,TRUE,607.3472129,249.5210035,144.1798474,-179.837917,-0.085642826,179.9345935,0.487072665,2.655392906,0.626355104,-0.613272854,0.405967194,-0.686860973,-0.495119481,60.33965034,42.49139213,-69.57440758,-40.38978515,64.69022941,43.82467918,1,1
205.6480439,14,1573820052,AUT,FALSE,TRUE,TRUE,608.1960872,264.5856774,145.4342326,-179.9044217,-0.196466729,-179.945413,3.766661883,-0.133841456,-0.299496554,-0.687508588,-0.020397645,-0.522362673,1.346134181,61.05274887,42.42769889,-67.68841896,-40.32113708,65.7291584,44.53490409,1,1
205.748508,14,1573820052,AUT,FALSE,TRUE,TRUE,607.0547129,273.4150632,146.0042743,-179.9122648,-0.321977323,-179.8132097,7.872357482,-1.281639712,-0.39662127,-0.688936135,-0.475620915,-0.417075928,2.412556456,61.37584991,42.38374672,-66.82695007,-40.29189697,66.29987411,45.03942718,1,1
205.8493369,14,1573820052,AUT,FALSE,TRUE,TRUE,607.0547129,273.4150632,146.0042743,-179.9122648,-0.321977323,-179.8132097,7.872357482,-1.281639712,-0.39662127,-0.688936135,-0.475620915,-0.417075928,2.412556456,61.37584991,42.38374672,-66.82695007,-40.29189697,66.29987411,45.03942718,1,1
205.9503579,14,1573820052,AUT,FALSE,TRUE,TRUE,598.8676653,278.0799603,144.8611744,-179.8972163,-0.606082795,-179.7024125,9.763263213,-0.61502275,-1.320448855,-0.019606521,0.045831061,-0.338249487,2.746722788,61.02338104,42.4275032,-67.89523315,-40.21108703,66.0525341,45.97184028,1,1
206.051111,14,1573820052,AUT,FALSE,TRUE,TRUE,585.3024624,279.8889737,143.2315311,-179.8712001,-0.651979889,-179.623864,9.791359518,1.181391893,-1.463218722,0.492727571,-0.027248561,-0.351820028,2.570515819,59.93124733,42.43523483,-70.69541816,-40.21001586,64.79836578,47.41630898,1,1
206.1516209,14,1573820052,AUT,FALSE,TRUE,TRUE,565.4207992,281.6662392,141.4069051,-179.8833402,-0.618879152,-179.6264515,5.617863696,2.729115909,-0.801640859,0.770138967,0.296642858,-0.452738502,2.247813031,58.21562919,42.46567383,-74.83374138,-40.18765319,62.81135788,49.5052494,1,1
206.252084,14,1573820052,AUT,FALSE,TRUE,TRUE,565.4207992,281.6662392,141.4069051,-179.8833402,-0.618879152,-179.6264515,5.617863696,2.729115909,-0.801640859,0.770138967,0.296642858,-0.452738502,1.887368769,56.20711899,42.48321075,-79.30093346,-40.17733154,60.76049538,51.68846626,1,1
206.3525589,14,1573820052,AUT,FALSE,TRUE,TRUE,543.4308506,281.7459701,140.6630219,-179.8690564,-0.521339371,-179.556901,4.167629225,3.166545171,-1.79465413,0.825777459,0.337009053,-0.53952396,1.887368769,56.20711899,42.48321075,-79.30093346,-40.17733154,60.76049538,51.68846626,1,1
206.4530239,14,1573820052,AUT,FALSE,TRUE,TRUE,520.8726484,280.9182061,141.9351506,-179.8427067,-0.440466759,-179.5824106,2.254065448,4.553268109,-2.350490892,1.126198331,0.245459441,-0.583353773,1.424219513,53.95189018,42.67258072,-83.882658,-40.02569824,58.7163414,53.73358154,1,1
206.5536609,14,1573820052,AUT,FALSE,TRUE,TRUE,499.8267542,278.4887911,145.327854,-179.8640967,-0.358037929,-179.5794757,-0.107219489,4.654664913,-0.204177284,1.075855026,0.608446679,-0.648965081,0.928162763,51.61896057,42.90896873,-88.00814438,-39.69782226,57.03029022,55.45821876,1,1
206.654206,14,1573820053,AUT,FALSE,TRUE,TRUE,483.7188396,274.3512493,148.4490565,-179.8237708,-0.244933464,-179.630423,-2.123814769,6.881653732,2.0686417,1.249011716,0.885508863,-0.854710462,0.3784996,49.58317337,43.03902969,-91.35055274,-39.26344482,55.58532371,56.44783973,1,1
212.980303,15,1573820059,AUT,FALSE,FALSE,TRUE,471.9102315,-399.943211,169.8074313,-179.9953179,-0.021582233,179.9840534,-3.358568069,-0.57043723,5.908131426,-0.048997591,1.124566908,0.017583215,-65.87924881,54.11030616,42.79356079,-78.38080444,-38.42831359,62.74123421,-17.18144646,0.5,1
213.081341,15,1573820059,AUT,FALSE,TRUE,TRUE,469.2569782,-399.9587303,165.7225929,-179.9841197,-0.411797501,179.8893782,-1.59806412,-1.620033546,11.34025241,-0.515598332,1.702104461,-0.029146812,-65.87924881,54.11030616,42.79356079,-78.38080444,-38.42831359,62.74123421,-17.18144646,1,1
213.1818221,15,1573820059,AUT,FALSE,TRUE,TRUE,468.0534892,-401.3046325,153.3025427,-179.9524149,-0.128400214,179.8892774,-3.967163436,-0.852641347,1.614282446,-0.496121461,1.133354353,-0.240329329,-65.8775013,54.94262695,42.18033142,-78.78900146,-38.8394989,61.23216934,-17.14793129,1,1
213.282325,15,1573820059,AUT,FALSE,TRUE,TRUE,469.8188728,-401.6653848,147.0774541,-179.8780014,-0.021110552,179.882153,1.016782331,0.686618295,-1.332927067,-0.290971859,-0.102664487,-0.535688982,-65.79134446,55.73462104,42.24597816,-78.58745384,-39.44170898,60.81858215,-16.91478768,1,1
213.382812,15,1573820059,AUT,FALSE,TRUE,TRUE,469.8188728,-401.6653848,147.0774541,-179.8780014,-0.021110552,179.882153,1.016782331,0.686618295,-1.332927067,-0.290971859,-0.102664487,-0.535688982,-65.72029038,56.00660476,42.30321006,-78.39249801,-39.64712585,60.88336029,-16.81819726,1,1
213.483294,15,1573820059,AUT,FALSE,TRUE,TRUE,470.5366396,-401.9567256,145.7834343,-179.9028013,-0.070762319,179.8960154,1.707474736,0.95154824,-0.41701791,-0.075614822,-0.183563804,-0.465222626,-65.72029038,56.00660476,42.30321006,-78.39249801,-39.64712585,60.88336029,-16.81819726,1,1
213.583771,15,1573820059,AUT,FALSE,TRUE,TRUE,472.4203798,-401.6264659,147.2405157,-179.9435407,0.11442386,179.9500273,-4.897689676,0.513506773,0.84368393,0.106791573,0.463558966,-0.249378219,-65.64305993,55.97082023,42.40504646,-78.26032562,-39.64268737,60.89465218,-16.69277802,1,1
213.684298,15,1573820060,AUT,FALSE,TRUE,TRUE,480.3169783,-399.2798993,149.2862618,179.9968431,0.395142004,179.9813726,-14.79160259,-3.38936229,5.441555598,0.106791573,0.463558966,-0.249378219,-64.97272568,56.20577659,42.59449882,-77.45811768,-39.63845214,61.19053802,-16.27930756,1,1
213.7848289,15,1573820060,AUT,FALSE,TRUE,TRUE,480.3169783,-399.2798993,149.2862618,179.9968431,0.395142004,179.9813726,-14.79160259,-3.38936229,5.441555598,-0.280756167,1.531989483,0.184404613,-64.97272568,56.20577659,42.59449882,-77.45811768,-39.63845214,61.19053802,-16.27930756,1,1
213.88536,15,1573820060,AUT,FALSE,TRUE,TRUE,496.6424375,-396.441169,149.523125,179.957928,0.482934433,-179.9679721,-14.76212174,-4.542473335,7.402925452,-0.598048114,1.496389149,0.221542846,-63.16087074,57.29743309,42.59364051,-75.05966835,-39.77680297,62.1809761,-15.71148606,1,1
213.9858329,15,1573820060,AUT,FALSE,TRUE,TRUE,526.3167918,-393.8003057,146.7659239,-179.9695431,0.545186612,179.9953886,-9.725591915,-4.085409767,4.336718648,-0.598048114,1.496389149,0.221542846,-59.80758934,59.90341758,42.45322494,-69.91158142,-40.07917419,64.18419571,-15.31562462,1,1
214.0863049,15,1573820060,AUT,FALSE,TRUE,TRUE,526.3167918,-393.8003057,146.7659239,-179.9695431,0.545186612,179.9953886,-9.725591915,-4.085409767,4.336718648,-0.717509242,0.698717246,-0.096939694,-59.80758934,59.90341758,42.45322494,-69.91158142,-40.07917419,64.18419571,-15.31562462,1,1
214.186779,15,1573820060,AUT,FALSE,TRUE,TRUE,557.7006998,-393.0666259,145.3169472,-179.9595531,0.252060586,-179.9921833,3.715784199,0.60382415,0.596381438,-0.060047148,-0.873801665,-0.200564901,-56.10080567,62.90654754,42.33294525,-63.22122001,-40.45187988,67.12937278,-15.38744431,1,1
214.287312,15,1573820060,AUT,FALSE,TRUE,TRUE,557.7006998,-393.0666259,145.3169472,-179.9595531,0.252060586,-179.9921833,3.715784199,0.60382415,0.596381438,-0.060047148,-0.873801665,-0.200564901,-56.10080567,62.90654754,42.33294525,-63.22122001,-40.45187988,67.12937278,-15.38744431,1,1
214.3878169,15,1573820060,AUT,FALSE,TRUE,TRUE,583.7108897,-394.9666759,146.7576549,-179.8977138,-0.123571238,179.9641613,14.02794922,3.646326647,-1.524535835,0.309118609,-1.820550505,-0.55988785,-52.5949585,65.83779258,42.13519821,-56.30038604,-40.51443054,70.47565727,-16.31674348,1,1
214.4882939,15,1573820060,AUT,FALSE,TRUE,TRUE,583.7108897,-394.9666759,146.7576549,-179.8977138,-0.123571238,179.9641613,14.02794922,3.646326647,-1.524535835,0.309118609,-1.820550505,-0.55988785,-52.5949585,65.83779258,42.13519821,-56.30038604,-40.51443054,70.47565727,-16.31674348,1,1
214.588855,15,1573820060,AUT,FALSE,TRUE,TRUE,592.9206095,-395.9705549,150.2574821,-179.8291346,-0.274563034,179.8415406,10.873341,8.284375321,-0.3650528,0.309118609,-1.820550505,-0.55988785,-51.28311539,66.81073494,42.12534141,-53.33270073,-40.38694519,72.13401603,-16.96840783,1,1
214.689405,15,1573820061,AUT,FALSE,TRUE,TRUE,592.9206095,-395.9705549,150.2574821,-179.8291346,-0.274563034,179.8415406,10.873341,8.284375321,-0.3650528,1.036699423,-1.017664567,-0.954793129,-51.28311539,66.81073494,42.12534141,-53.33270073,-40.38694519,72.13401603,-16.96840783,1,1
214.790103,15,1573820061,AUT,FALSE,TRUE,TRUE,596.3984698,-380.5215162,149.5178346,-179.6427186,-0.318143203,179.4704992,1.096836078,11.20659779,0.574313526,0.835706755,0.72473401,-1.583618545,-50.76054039,66.37152557,42.42235679,-54.72375869,-40.29573669,71.72521133,-15.63699189,1,1
214.8909528,15,1573820061,AUT,FALSE,TRUE,TRUE,601.148025,-348.9600063,145.1287069,-179.6905335,-0.346343477,179.3328409,1.096836078,11.20659779,0.574313526,0.835706755,0.72473401,-1.583618545,-49.67556153,65.28303108,42.68519096,-58.34119949,-40.45899353,70.05226135,-12.10548478,1,1
214.991441,15,1573820061,AUT,FALSE,TRUE,TRUE,601.148025,-348.9600063,145.1287069,-179.6905335,-0.346343477,179.3328409,3.39964905,10.40992062,1.022139186,0.603888998,0.435026013,-1.288419062,-49.67556153,65.28303108,42.68519096,-58.34119949,-40.45899353,70.05226135,-12.10548478,1,1
215.0919249,15,1573820061,AUT,FALSE,TRUE,TRUE,605.2241053,-300.9891946,139.8906678,-179.7496455,-0.258054627,179.289048,-2.435834651,10.44538965,-0.583850739,0.546253737,0.675858059,-0.791906611,-47.93440704,63.52292862,42.90411758,-63.69277725,-40.69909423,67.37585106,-6.687429431,1,1
215.1924009,15,1573820061,AUT,FALSE,TRUE,TRUE,605.2241053,-300.9891946,139.8906678,-179.7496455,-0.258054627,179.289048,-2.435834651,10.44538965,-0.583850739,0.546253737,0.675858059,-0.791906611,-45.49783516,61.145755,43.46259041,-69.16662941,-40.86438903,65.25594291,-0.572710419,1,1
215.2928879,15,1573820061,AUT,FALSE,TRUE,TRUE,607.6947073,-245.4402594,142.3027907,-179.8204125,-0.235613406,179.3103606,-1.596566557,5.03855634,-1.063216016,-0.768908412,0.322004276,-0.31332708,-45.49783516,61.145755,43.46259041,-69.16662941,-40.86438903,65.25594291,-0.572710419,1,1
215.3934069,15,1573820061,AUT,FALSE,TRUE,TRUE,606.9635735,-171.8589419,150.0536764,-179.9267455,-0.253764658,179.4135202,-1.596566557,5.03855634,-1.063216016,-0.768908412,0.322004276,-0.31332708,-42.24344101,58.45353126,44.14325866,-74.1859909,-40.83165527,63.39798317,7.385802838,1,1
215.4939759,15,1573820061,AUT,FALSE,TRUE,TRUE,606.9635735,-171.8589419,150.0536764,-179.9267455,-0.253764658,179.4135202,-4.804187174,6.690091719,3.006526366,0.295046637,1.497592759,0.027321881,-42.24344101,58.45353126,44.14325866,-74.1859909,-40.83165527,63.39798317,7.385802838,1,1
215.594487,15,1573820061,AUT,FALSE,TRUE,TRUE,602.8650719,-104.4555899,151.7240898,179.937233,-0.233099322,179.6174645,-5.116218189,1.764435335,3.957062246,0.295046637,1.497592759,0.027321881,-37.68911362,55.9557415,44.49662361,-79.02292099,-40.70708129,61.86235542,13.61659584,1,1
215.6949899,15,1573820062,AUT,FALSE,TRUE,TRUE,602.8650719,-104.4555899,151.7240898,179.937233,-0.233099322,179.6174645,-5.116218189,1.764435335,3.957062246,-0.318222584,1.561742826,0.36397089,-37.68911362,55.9557415,44.49662361,-79.02292099,-40.70708129,61.86235542,13.61659584,1,1
215.7954669,15,1573820062,AUT,FALSE,TRUE,TRUE,600.7031141,-64.86467385,149.183487,179.8632225,-0.153977701,179.978574,-4.959663484,-3.555994506,1.71193459,-0.318222584,1.561742826,0.36397089,-33.41184426,54.8305664,44.04899597,-81.52655411,-40.69821533,60.37972984,19.11676025,1,1
215.895968,15,1573820062,AUT,FALSE,TRUE,TRUE,600.7031141,-64.86467385,149.183487,179.8632225,-0.153977701,179.978574,-4.959663484,-3.555994506,1.71193459,-1.100048663,1.408508533,0.542054732,-33.41184426,54.8305664,44.04899597,-81.52655411,-40.69821533,60.37972984,19.11676025,1,1
215.996444,15,1573820062,AUT,FALSE,TRUE,TRUE,603.2033587,-44.57968161,145.7253279,179.9047061,-0.128728428,-179.9405325,-1.72728643,-1.950444533,1.579737615,-0.816854505,0.800265512,0.272263623,-30.87801934,54.85578689,43.24133606,-81.51629906,-40.45608215,59.86109276,20.96829643,1,1
216.0970199,15,1573820062,AUT,FALSE,TRUE,TRUE,603.2033587,-44.57968161,145.7253279,179.9047061,-0.128728428,-179.9405325,-1.72728643,-1.950444533,1.579737615,-0.816854505,0.800265512,0.272263623,-30.87801934,54.85578689,43.24133606,-81.51629906,-40.45608215,59.86109276,20.96829643,1,1
216.1975188,15,1573820062,AUT,FALSE,TRUE,TRUE,615.7357101,-43.28190598,145.9118275,179.905334,0.406938097,-179.9039737,-13.98562687,1.596945708,4.047546084,-0.262678285,1.360912593,0.223394642,-29.73729172,55.78967285,42.84058228,-79.26687927,-40.44704589,60.30921821,20.54211959,1,1
216.2980499,15,1573820062,AUT,FALSE,TRUE,TRUE,615.7357101,-43.28190598,145.9118275,179.905334,0.406938097,-179.9039737,-13.98562687,1.596945708,4.047546084,-0.262678285,1.360912593,0.223394642,-29.73729172,55.78967285,42.84058228,-79.26687927,-40.44704589,60.30921821,20.54211959,1,1
216.398536,15,1573820062,AUT,FALSE,TRUE,TRUE,642.3536786,-49.62537693,151.7892208,179.9658985,0.433814137,-179.9422446,-9.889968596,2.422277188,3.225453949,0.060231434,0.561882736,0.008906941,-28.35369416,58.13337936,42.87400818,-73.0782875,-40.33636962,63.39400749,18.28985023,1,1
216.4992108,15,1573820062,AUT,FALSE,TRUE,TRUE,642.3536786,-49.62537693,151.7892208,179.9658985,0.433814137,-179.9422446,-9.889968596,2.422277188,3.225453949,0.060231434,0.561882736,0.008906941,-28.35369416,58.13337936,42.87400818,-73.0782875,-40.33636962,63.39400749,18.28985023,1,1
216.6000509,15,1573820062,AUT,FALSE,TRUE,TRUE,672.7697616,-55.29469182,155.0681918,179.9919483,0.170915936,179.9149682,2.128036511,3.89219147,0.499028662,-0.002411183,-0.379361709,-0.081020734,-26.6193409,60.90331764,42.85200462,-66.31104583,-40.28927124,67.3236351,15.61150703,1,1
216.7008219,15,1573820063,AUT,FALSE,TRUE,TRUE,672.7697616,-55.29469182,155.0681918,179.9919483,0.170915936,179.9149682,2.128036511,3.89219147,0.499028662,-0.002411183,-0.379361709,-0.081020734,-26.6193409,60.90331764,42.85200462,-66.31104583,-40.28927124,67.3236351,15.61150703,1,1
216.8013079,15,1573820063,AUT,FALSE,TRUE,TRUE,694.6107901,-54.52955938,153.560272,179.9858315,0.021258344,179.8606843,3.920700742,2.0763869,-0.678673159,-0.686048642,-0.735527514,0.038327753,-24.43588372,63.92552261,42.77603759,-59.57876816,-40.5119696,70.00093116,14.05547561,1,1
216.9017599,15,1573820063,AUT,FALSE,TRUE,TRUE,704.9738921,-50.55688526,153.1792509,-179.9868228,-0.076423494,179.8487775,5.105377392,3.869401733,-1.812342145,-0.276307039,-0.835756735,0.043572715,-22.65363007,65.78069114,42.69113044,-55.53121604,-40.58796203,71.35443993,13.49146156,1,1
217.002234,15,1573820063,AUT,FALSE,TRUE,TRUE,704.9738921,-50.55688526,153.1792509,-179.9868228,-0.076423494,179.8487775,5.105377392,3.869401733,-1.812342145,-0.276307039,-0.835756735,0.043572715,-22.65363007,65.78069114,42.69113044,-55.53121604,-40.58796203,71.35443993,13.49146156,1,1
217.102711,15,1573820063,AUT,FALSE,TRUE,TRUE,711.0028719,-40.97768092,154.0736611,-179.8603755,-0.084081126,179.7985131,1.959321299,8.20342632,-0.591282207,0.466628738,-0.339015307,-0.418912053,-21.36908455,66.44173164,42.69407272,-53.79583969,-40.58056823,72.11481399,13.64332695,1,1
217.203192,15,1573820063,AUT,FALSE,TRUE,TRUE,711.0028719,-40.97768092,154.0736611,-179.8603755,-0.084081126,179.7985131,1.959321299,8.20342632,-0.591282207,0.466628738,-0.339015307,-0.418912053,-19.70109902,66.54287796,42.7985733,-53.42044029,-40.48436096,72.34509429,14.98467521,1,1
217.3037291,15,1573820063,AUT,FALSE,TRUE,TRUE,712.9134467,-21.07090422,155.334678,-179.7971176,-0.088522859,179.6552685,-1.952361452,9.336427862,0.969745407,0.36707368,0.155303456,-0.771731491,-19.70109902,66.54287796,42.7985733,-53.42044029,-40.48436096,72.34509429,14.98467521,1,1
217.4042139,15,1573820063,AUT,FALSE,TRUE,TRUE,712.9134467,-21.07090422,155.334678,-179.7971176,-0.088522859,179.6552685,-1.952361452,9.336427862,0.969745407,0.36707368,0.155303456,-0.771731491,-17.236306,66.55427971,42.80950469,-53.41192589,-40.48458068,72.30366554,18.1762413,1,1
217.5046849,15,1573820063,AUT,FALSE,TRUE,TRUE,713.187426,17.56478514,155.209231,-179.8807199,-0.076528178,179.6440556,-3.519731599,6.628519643,2.097985544,0.221045984,0.644494968,-0.602264189,-17.236306,66.55427971,42.80950469,-53.41192589,-40.48458068,72.30366554,18.1762413,1,1
217.605161,15,1573820064,AUT,FALSE,TRUE,TRUE,713.187426,17.56478514,155.209231,-179.8807199,-0.076528178,179.6440556,-3.519731599,6.628519643,2.097985544,0.221045984,0.644494968,-0.602264189,-13.80988312,66.70533142,42.77262497,-53.35121612,-40.54848266,72.22232894,21.58053016,1,1
217.70561,15,1573820064,AUT,FALSE,TRUE,TRUE,711.1153959,60.18165204,153.5463194,-179.8735861,-0.108158394,179.6678627,-2.105945397,7.010198829,1.146012225,0.220394931,0.504462231,-0.569630108,-13.80988312,66.70533142,42.77262497,-53.35121612,-40.54848266,72.22232894,21.58053016,1,1
217.8060629,15,1573820064,AUT,FALSE,TRUE,TRUE,711.1153959,60.18165204,153.5463194,-179.8735861,-0.108158394,179.6678627,-2.105945397,7.010198829,1.146012225,0.220394931,0.504462231,-0.569630108,-10.57451935,66.85967559,42.63130302,-53.04351997,-40.60049743,72.35624885,24.36766548,1,1
217.9065928,15,1573820064,AUT,FALSE,TRUE,TRUE,708.9514631,94.38414284,152.9614707,-179.9818874,-0.087804676,179.9204658,-0.433475363,-0.773887683,0.051067608,-1.050918609,-0.003603105,-0.269233182,-10.57451935,66.85967559,42.63130302,-53.04351997,-40.60049743,72.35624885,24.36766548,1,1
218.0070889,15,1573820064,AUT,FALSE,TRUE,TRUE,708.9514631,94.38414284,152.9614707,-179.9818874,-0.087804676,179.9204658,-0.433475363,-0.773887683,0.051067608,-1.050918609,-0.003603105,-0.269233182,-10.57451935,66.85967559,42.63130302,-53.04351997,-40.60049743,72.35624885,24.36766548,1,1
218.107573,15,1573820064,AUT,FALSE,TRUE,TRUE,704.2275632,107.0450661,153.3563115,-179.9612137,-0.72482018,-179.8177074,14.63254376,-2.825552368,-1.462599725,-0.672282609,-0.658482516,-0.155993211,-8.858108144,66.87201461,42.29782333,-52.66364708,-40.35850708,72.91744423,25.40561599,1,1
218.2080319,15,1573820064,AUT,FALSE,TRUE,TRUE,704.2275632,107.0450661,153.3563115,-179.9612137,-0.72482018,-179.8177074,14.63254376,-2.825552368,-1.462599725,-0.672282609,-0.658482516,-0.155993211,-9.585063175,65.43850822,42.30958557,-56.44708099,-40.20747802,71.65544128,27.14386596,1,1
218.308516,15,1573820064,AUT,FALSE,TRUE,TRUE,687.19556,109.1655241,150.9360155,-179.891631,-0.946315609,-179.7455165,12.68745791,1.515967498,-1.051365718,0.494369017,0.080310467,-0.310763261,-9.585063175,65.43850822,42.30958557,-56.44708099,-40.20747802,71.65544128,27.14386596,1,1
218.409142,15,1573820064,AUT,FALSE,TRUE,TRUE,687.19556,109.1655241,150.9360155,-179.891631,-0.946315609,-179.7455165,12.68745791,1.515967498,-1.051365718,0.494369017,0.080310467,-0.310763261,-11.60389023,62.28055343,42.33842811,-64.40141601,-40.16208801,67.82326927,29.51338005,1,1
218.5097849,15,1573820064,AUT,FALSE,TRUE,TRUE,657.6826095,108.6045626,148.0009382,-179.8472338,-0.710227126,-179.7128578,2.851458206,3.804058322,0.633084909,0.843317517,0.644201761,-0.640094233,-11.60389023,62.28055343,42.33842811,-64.40141601,-40.16208801,67.82326927,29.51338005,1,1
218.6104538,15,1573820065,AUT,FALSE,TRUE,TRUE,631.2555391,105.7927357,145.8907097,-179.7860172,-0.470554571,-179.8088379,-5.560001348,7.335804248,4.659902405,0.843317517,0.644201761,-0.640094233,-13.97006379,58.67302436,42.40412636,-72.76426734,-39.97354614,63.92516212,31.90191078,1,1
218.711102,15,1573820065,AUT,FALSE,TRUE,TRUE,631.2555391,105.7927357,145.8907097,-179.7860172,-0.470554571,-179.8088379,-5.560001348,7.335804248,4.659902405,1.049691626,1.599806303,-0.937418414,-13.97006379,58.67302436,42.40412636,-72.76426734,-39.97354614,63.92516212,31.90191078,1,1
218.8115709,15,1573820065,AUT,FALSE,TRUE,TRUE,609.8027556,107.0311625,144.5699343,-179.6952233,-0.074221741,179.9304586,-15.50503091,14.02453402,3.504997378,1.754122867,2.295739884,-1.430660883,-15.32779884,56.25234146,42.47119789,-78.30453873,-39.9482611,60.88313713,33.62724151,1,1
218.912046,15,1573820065,AUT,FALSE,TRUE,TRUE,609.8027556,107.0311625,144.5699343,-179.6952233,-0.074221741,179.9304586,-15.50503091,14.02453402,3.504997378,1.754122867,2.295739884,-1.430660883,-15.32779884,56.25234146,42.47119789,-78.30453873,-39.9482611,60.88313713,33.62724151,1,1
219.0125148,15,1573820065,AUT,FALSE,TRUE,TRUE,606.0618793,124.0443915,146.1246984,-179.5979807,-0.004266979,179.6715232,-10.19662553,16.03535151,6.044761398,1.313080823,1.539298852,-1.850912021,-14.22932396,56.1005413,42.92751846,-78.62960701,-40.01253112,60.75450439,35.10832901,1,1
219.1130319,15,1573820065,AUT,FALSE,TRUE,TRUE,606.0618793,124.0443915,146.1246984,-179.5979807,-0.004266979,179.6715232,-10.19662553,16.03535151,6.044761398,1.313080823,1.539298852,-1.850912021,-14.22932396,56.1005413,42.92751846,-78.62960701,-40.01253112,60.75450439,35.10832901,1,1
219.213547,15,1573820065,AUT,FALSE,TRUE,TRUE,608.5538671,161.9970436,144.4498254,-179.6847897,-0.010343951,179.5679224,-7.093686986,9.351607102,4.611910095,-0.035513967,1.23531025,-1.45521459,-10.50467377,57.48609581,43.22741089,-76.24186935,-40.45542846,61.77011489,38.04018173,1,1
219.314038,15,1573820065,AUT,FALSE,TRUE,TRUE,608.5538671,161.9970436,144.4498254,-179.6847897,-0.010343951,179.5679224,-7.093686986,9.351607102,4.611910095,-0.035513967,1.23531025,-1.45521459,-10.50467377,57.48609581,43.22741089,-76.24186935,-40.45542846,61.77011489,38.04018173,1,1
219.414506,15,1573820065,AUT,FALSE,TRUE,TRUE,612.4369063,196.2600463,140.7968906,-179.7586805,-0.058030135,179.692739,-2.528501564,9.241703704,2.279834909,0.24470912,0.926932269,-1.254072378,-6.584926988,59.21720123,43.02957115,-73.10477486,-40.80230529,62.95177688,40.21066818,1,1
219.5149729,15,1573820065,AUT,FALSE,TRUE,TRUE,616.8233313,226.5180841,139.0722098,-179.7877876,-0.127300456,179.7781666,-0.100106707,6.19613186,1.255763955,-0.465652601,0.590827211,-1.05850083,-2.930149844,60.91641884,42.81157493,-69.58807526,-40.90874084,64.43347549,41.77512131,1,1
219.615449,15,1573820066,AUT,FALSE,TRUE,TRUE,616.8233313,226.5180841,139.0722098,-179.7877876,-0.127300456,179.7781666,-0.100106707,6.19613186,1.255763955,-0.465652601,0.590827211,-1.05850083,-2.930149844,60.91641884,42.81157493,-69.58807526,-40.90874084,64.43347549,41.77512131,1,1
219.715975,15,1573820066,AUT,FALSE,TRUE,TRUE,619.1170264,250.7997925,139.5768961,-179.8806429,-0.257257232,179.9555437,4.845720086,0.423990326,0.364318362,-0.827233449,0.019135791,-0.688597333,0.002894206,62.18187561,42.68922844,-66.54587516,-40.91131713,65.89719772,42.91970787,1,1
219.816478,15,1573820066,AUT,FALSE,TRUE,TRUE,619.1170264,250.7997925,139.5768961,-179.8806429,-0.257257232,179.9555437,4.845720086,0.423990326,0.364318362,-0.827233449,0.019135791,-0.688597333,0.002894206,62.18187561,42.68922844,-66.54587516,-40.91131713,65.89719772,42.91970787,1,1
219.9169869,15,1573820066,AUT,FALSE,TRUE,TRUE,613.8746946,269.4461239,140.6906091,-179.8778197,-0.558730742,-179.7950774,10.664199,-2.736119357,-0.456991283,-0.879168579,-0.304067364,-0.312540145,1.941435238,62.59388007,42.6558506,-65.41959457,-40.80598022,66.80859947,44.26200371,1,1
220.0175109,15,1573820066,AUT,FALSE,TRUE,TRUE,613.8746946,269.4461239,140.6906091,-179.8778197,-0.558730742,-179.7950774,10.664199,-2.736119357,-0.456991283,-0.879168579,-0.304067364,-0.312540145,2.480712887,61.53302994,42.72521553,-67.87227516,-40.70975097,66.05574074,46.05270653,1,1
220.117985,15,1573820066,AUT,FALSE,TRUE,TRUE,598.9834958,276.2879021,140.7797895,-179.8744489,-0.81440005,-179.6084841,12.12642154,0.148231877,-0.558878682,0.476813647,-0.076711716,-0.322716919,2.480712887,61.53302994,42.72521553,-67.87227516,-40.70975097,66.05574074,46.05270653,1,1
220.218493,15,1573820066,AUT,FALSE,TRUE,TRUE,563.4950285,279.7931958,137.6424327,-179.8650355,-0.797305626,-179.6063176,7.415521088,2.045217207,0.478554553,0.476813647,-0.076711716,-0.322716919,1.897517394,58.57929726,42.76593361,-75.10262146,-40.6302539,62.6871952,49.66483268,1,1
220.319288,15,1573820066,AUT,FALSE,TRUE,TRUE,563.4950285,279.7931958,137.6424327,-179.8650355,-0.797305626,-179.6063176,7.415521088,2.045217207,0.478554553,0.805671801,-0.022307631,-0.539453045,1.897517394,58.57929726,42.76593361,-75.10262146,-40.6302539,62.6871952,49.66483268,1,1
220.420171,15,1573820066,AUT,FALSE,TRUE,TRUE,525.052297,276.6990121,135.309812,-179.839269,-0.556857314,-179.5662979,0.403469613,4.497316171,1.686636936,0.880906079,1.290931765,-0.796325102,0.9636383,54.91355094,42.75936928,-83.41310921,-40.6942987,58.59690971,53.43081894,1,1
220.5207999,15,1573820066,AUT,FALSE,TRUE,TRUE,525.052297,276.6990121,135.309812,-179.839269,-0.556857314,-179.5662979,0.403469613,4.497316171,1.686636936,0.880906079,1.290931765,-0.796325102,0.1718605,52.56265869,42.76128158,-88.24769783,-40.6509027,56.15006218,55.16203079,1,1
220.6213179,15,1573820067,AUT,FALSE,TRUE,TRUE,503.1419538,271.1592231,135.2178895,-179.7592122,-0.329646096,-179.6365733,-5.38860079,7.961933306,1.684022963,1.094956626,1.35043805,-1.182810512,0.1718605,52.56265869,42.76128158,-88.24769783,-40.6509027,56.15006218,55.16203079,1,1
220.7217779,15,1573820067,AUT,FALSE,TRUE,TRUE,488.2545461,267.8310249,135.9688475,-179.7077214,-0.246590087,-179.7972259,-4.971065545,12.08854482,3.401900935,1.573647988,1.117809793,-1.504435781,-0.361570363,50.92718582,42.82461776,-91.38571929,-40.44048156,54.54488754,56.16734504,1,1