Time/Second,Task_No,Time Stamp,OperationMode,isCollision,isCompliance,isReadyToMove,ToolPosition_x,ToolPosition_y,ToolPosition_z,ToolPosition_A,ToolPosition_b,ToolPosition_c,ToolForce_x,ToolForce_y,ToolForce_z,ToolTorque_x,ToolTorque_y,ToolTorque_z,JointPosition,JointPosition,JointPosition,JointPosition,JointPosition,JointPosition,JointPosition,Tool_Velocity,Tool_Acceleration
0,1,1571922834,AUT,FALSE,FALSE,TRUE,471.9670963,-400.0142936,169.9661814,-179.9967872,-0.007701967,-179.9979574,-2.499470981,-1.33815619,1.30585174,-0.17890693,0.920793729,0.172381748,-73.00280113,61.33558845,58.67505684,-78.18007736,-53.09455078,69.6254322,-9.885542681,0.5,1
0.100421906,1,1571922834,AUT,FALSE,FALSE,TRUE,471.9670963,-400.0142936,169.9661814,-179.9967872,-0.007701967,-179.9979574,-2.499470981,-1.33815619,1.30585174,-0.17890693,0.920793729,0.172381748,-73.00280113,61.33558845,58.67505684,-78.18007736,-53.09455078,69.6254322,-9.885542681,0.5,1
0.201049805,1,1571922834,AUT,FALSE,TRUE,TRUE,470.3406814,-401.0363894,166.935485,179.9464547,-0.207492652,179.9134623,-3.236929509,-0.725925019,7.745076023,-0.607428533,1.31269727,0.191592459,-73.02959061,61.48047752,58.43369408,-78.18073654,-53.09617126,69.56730423,-9.979486088,1,1
0.301705837,1,1571922834,AUT,FALSE,TRUE,TRUE,470.3406814,-401.0363894,166.935485,179.9464547,-0.207492652,179.9134623,-3.236929509,-0.725925019,7.745076023,-0.607428533,1.31269727,0.191592459,-72.89448623,62.26919632,57.80313034,-78.17696686,-53.61542907,68.58634872,-9.984591294,1,1
0.402307987,1,1571922834,AUT,FALSE,TRUE,TRUE,470.3699643,-402.8678344,156.2465477,179.9901759,-0.098826339,179.9419033,-0.584220817,-0.558934343,2.980033753,-0.704146729,0.344144597,-0.182030194,-72.89448623,62.26919632,57.80313034,-78.17696686,-53.61542907,68.58634872,-9.984591294,1,1
0.502848864,1,1571922834,AUT,FALSE,TRUE,TRUE,471.8624649,-402.3174129,144.8142904,-179.9365263,-0.036254541,179.8624354,0.482747588,0.353050669,0.795253654,-0.704146729,0.344144597,-0.182030194,-72.72835235,63.54903488,57.73843116,-78.13751907,-54.67056152,67.94254989,-9.555413819,1,1
0.603395939,1,1571922834,AUT,FALSE,TRUE,TRUE,471.8624649,-402.3174129,144.8142904,-179.9365263,-0.036254541,179.8624354,0.482747588,0.353050669,0.795253654,-0.506484816,0.044159082,-0.270315277,-72.72835235,63.54903488,57.73843116,-78.13751907,-54.67056152,67.94254989,-9.555413819,1,1
0.703950882,1,1571922834,AUT,FALSE,TRUE,TRUE,470.9740678,-403.2903919,138.5513015,179.9994061,-0.178553313,179.900754,1.824332654,-0.002720843,1.211605731,-0.529246662,0.458321037,-0.166336014,-72.72275619,64.17498779,57.62858848,-78.12578086,-55.26908569,67.70733261,-9.341043094,1,1
0.804440022,1,1571922834,AUT,FALSE,TRUE,TRUE,470.9740678,-403.2903919,138.5513015,179.9994061,-0.178553313,179.900754,1.824332654,-0.002720843,1.211605731,-0.529246662,0.458321037,-0.166336014,-72.72275619,64.17498779,57.62858848,-78.12578086,-55.26908569,67.70733261,-9.341043094,1,1
0.904973984,1,1571922834,AUT,FALSE,TRUE,TRUE,469.3663505,-405.0963234,135.0042332,-179.9785642,-0.184267685,179.8704755,-1.088662094,0.476778462,2.868989587,-0.593230728,0.956385746,-0.092412492,-72.85134773,64.42278786,57.36099929,-78.13586769,-55.37775695,67.40917739,-9.545069506,1,1
1.005503893,1,1571922835,AUT,FALSE,TRUE,TRUE,469.3420907,-404.8715178,131.4528208,-179.9770512,-0.129959812,179.8217968,-1.893091167,0.541606185,2.286720217,-0.819902843,0.960476408,-0.27302954,-72.82770653,64.6894947,57.20591354,-78.19454498,-55.53157104,67.09297714,-9.476943975,1,1
1.106009007,1,1571922835,AUT,FALSE,TRUE,TRUE,471.132459,-403.145653,129.1625604,-179.9661432,-0.053876107,179.7985864,-1.739052079,0.453469757,1.534454611,-0.759703538,0.6915946,-0.245474013,-72.62784118,64.95265846,57.20010109,-78.19002685,-55.73368652,66.90486374,-9.210195925,1,1
1.206564903,1,1571922835,AUT,FALSE,TRUE,TRUE,471.132459,-403.145653,129.1625604,-179.9661432,-0.053876107,179.7985864,-1.739052079,0.453469757,1.534454611,-0.759703538,0.6915946,-0.245474013,-72.62784118,64.95265846,57.20010109,-78.19002685,-55.73368652,66.90486374,-9.210195925,1,1
1.307092905,1,1571922835,AUT,FALSE,TRUE,TRUE,474.3737423,-400.3968455,128.9638501,-179.9663464,0.035945778,179.8336894,-1.457211352,0.442245215,1.228300631,-0.602323633,0.302652767,-0.206454524,-72.25298767,65.04797516,57.25795097,-78.11838226,-55.84305541,66.85238342,-8.823593906,1,1
1.407574892,1,1571922835,AUT,FALSE,TRUE,TRUE,480.2994335,-396.8366374,131.2465253,-179.9681124,0.241828853,179.8972409,-7.026925331,0.333654345,0.564511777,-0.222489245,0.616251212,-0.128103942,-71.65494689,65.0507595,57.43732338,-77.78540039,-55.84407165,66.979533,-8.382039644,1,1
1.508114815,1,1571922835,AUT,FALSE,TRUE,TRUE,490.9921526,-391.4849949,136.0547648,179.9953334,0.293206192,-179.9973467,-9.332376891,-1.477547538,1.8351397,-0.034417462,0.969402483,0.033563259,-70.38759842,65.13059234,57.77325096,-76.74398231,-55.81762756,67.73998604,-7.740585713,1,1
1.608681917,1,1571922835,AUT,FALSE,TRUE,TRUE,490.9921526,-391.4849949,136.0547648,179.9953334,0.293206192,-179.9973467,-9.332376891,-1.477547538,1.8351397,-0.034417462,0.969402483,0.033563259,-70.38759842,65.13059234,57.77325096,-76.74398231,-55.81762756,67.73998604,-7.740585713,1,1
1.709191799,1,1571922835,AUT,FALSE,TRUE,TRUE,510.0881481,-387.6888719,142.8168379,179.9465002,0.325621597,-179.8258718,-7.225434391,-3.42460831,2.367255486,0.081526587,0.391099938,0.009315532,-67.95647163,65.59033584,57.89299164,-73.85723877,-55.56381591,69.16779327,-7.508633425,1,1
1.809769869,1,1571922835,AUT,FALSE,TRUE,TRUE,526.6106644,-386.7285576,145.6581201,-179.9855344,0.224000926,-179.8287332,-6.091242589,-1.542085943,5.543787113,0.301791448,0.540225463,-0.03024566,-65.71954536,66.44019356,57.82001495,-70.71185646,-55.38911132,70.55838432,-7.876012806,1,1
1.910483837,1,1571922835,AUT,FALSE,TRUE,TRUE,543.5591894,-386.4685651,143.2286594,179.9971035,0.267718878,-179.8324615,-4.30520801,-3.162715962,4.58120994,-0.078203145,-0.008159734,-0.044270985,-63.42311096,67.73100128,57.49402999,-67.33746071,-55.41664855,71.4600872,-8.277679825,1,1
2.011293888,1,1571922836,AUT,FALSE,TRUE,TRUE,543.5591894,-386.4685651,143.2286594,179.9971035,0.267718878,-179.8324615,-4.30520801,-3.162715962,4.58120994,-0.078203145,-0.008159734,-0.044270985,-63.42311096,67.73100128,57.49402999,-67.33746071,-55.41664855,71.4600872,-8.277679825,1,1
2.112174988,1,1571922836,AUT,FALSE,TRUE,TRUE,559.8423157,-387.1615199,139.5750535,-179.9756241,0.27613498,-179.857619,-2.699149456,-3.201162739,2.717062478,-0.270749531,-0.405473791,-0.06595852,-61.10320014,69.27538033,57.20608177,-63.70972023,-55.55679016,72.40119667,-8.915995794,1,1
2.212724924,1,1571922836,AUT,FALSE,TRUE,TRUE,576.1901059,-389.5354435,137.7808929,-179.9988233,0.316619681,-179.8564804,-1.198194278,-2.996058131,1.208933033,-0.301962729,-0.798701122,-0.0265942,-58.81541748,70.81058578,57.05059433,-59.63198661,-55.67947448,73.57956619,-9.861582188,1,1
2.313251972,1,1571922836,AUT,FALSE,TRUE,TRUE,589.8206573,-394.2534498,138.9330718,-179.9680173,0.085380528,-179.8334874,4.806479024,-2.422644391,1.835197369,-0.124638846,-1.05479605,-0.132223648,-56.66232033,72.15186538,56.94849358,-55.28691444,-55.69182312,75.27619514,-11.26249009,1,1
2.413859844,1,1571922836,AUT,FALSE,TRUE,TRUE,589.8206573,-394.2534498,138.9330718,-179.9680173,0.085380528,-179.8334874,4.806479024,-2.422644391,1.835197369,-0.124638846,-1.05479605,-0.132223648,-55.04410286,73.31566429,56.85745811,-51.4123043,-55.60469055,76.61411018,-12.82080803,1,1
2.51441288,1,1571922836,AUT,FALSE,TRUE,TRUE,599.9254407,-400.4288538,139.988366,-179.9369949,0.059533206,-179.904732,5.198902179,2.284252487,0.124328391,0.658120396,-0.891171454,-0.473083951,-55.04410286,73.31566429,56.85745811,-51.4123043,-55.60469055,76.61411018,-12.82080803,1,1
2.614929914,1,1571922836,AUT,FALSE,TRUE,TRUE,606.2013737,-403.9570692,139.7375828,-179.8629961,-0.134048139,-179.9927013,7.751511729,5.619442199,1.470710226,0.910035986,-1.026020903,-0.659529495,-53.84596481,74.21759719,56.80737076,-48.63545151,-55.61235351,77.66819687,-13.93343811,1,1
2.715409994,1,1571922836,AUT,FALSE,TRUE,TRUE,610.1429959,-402.0890028,137.1205165,-179.770638,-0.230198493,179.8561748,9.947892183,7.878730544,1.493374538,1.004900786,-1.214296097,-0.952149498,-53.13800926,74.77216644,56.79871559,-47.58141632,-55.64691101,77.95107421,-14.15232354,1,1
2.81595993,1,1571922836,AUT,FALSE,TRUE,TRUE,612.5466017,-395.1755073,134.7910791,-179.7499802,-0.297697138,179.7333856,4.803926407,4.99524648,-1.186687314,0.047211586,0.158784652,-1.262353491,-52.79198799,74.84770431,56.81171722,-48.02470779,-55.6671643,77.75312461,-13.44753685,1,1
2.916488886,1,1571922836,AUT,FALSE,TRUE,TRUE,612.5466017,-395.1755073,134.7910791,-179.7499802,-0.297697138,179.7333856,4.803926407,4.99524648,-1.186687314,0.047211586,0.158784652,-1.262353491,-52.79198799,74.84770431,56.81171722,-48.02470779,-55.6671643,77.75312461,-13.44753685,1,1
3.017037868,1,1571922837,AUT,FALSE,TRUE,TRUE,614.0929954,-385.3828341,134.9179209,-179.7537811,-0.397413748,179.7171311,5.400739057,4.346735741,-0.533024211,-0.132475665,0.219939975,-1.280240671,-52.57269058,74.47354431,56.86018753,-49.25103264,-55.67614562,77.48061218,-12.2268837,1,1
3.117534876,1,1571922837,AUT,FALSE,TRUE,TRUE,614.3226523,-372.3854344,136.4620271,-179.7458814,-0.446357333,179.7154745,2.793444173,5.756753279,0.942770217,0.415517855,0.87481439,-1.226249883,-52.57113876,73.69463768,56.95235596,-51.37980194,-55.62197753,76.9748703,-10.48906289,1,1
3.218055964,1,1571922837,AUT,FALSE,TRUE,TRUE,613.5478023,-354.8185447,137.4138259,-179.7621313,-0.492992476,179.7274004,1.352829791,5.715314531,2.31790773,0.571856817,1.132402742,-1.090320741,-52.63194122,72.64815903,57.01313095,-54.36816559,-55.53193908,76.12012024,-8.120479206,1,1
3.318569899,1,1571922837,AUT,FALSE,TRUE,TRUE,613.5478023,-354.8185447,137.4138259,-179.7621313,-0.492992476,179.7274004,1.352829791,5.715314531,2.31790773,0.571856817,1.132402742,-1.090320741,-52.66439209,71.49178963,57.08491974,-58.08308944,-55.49779357,74.84226608,-5.145141225,1,1
3.419092894,1,1571922837,AUT,FALSE,TRUE,TRUE,611.9128791,-332.6543324,136.6188272,-179.7827497,-0.467500195,179.7072014,0.352940583,5.275597094,2.250903629,0.620506068,1.181229838,-0.980018499,-52.66439209,71.49178963,57.08491974,-58.08308944,-55.49779357,74.84226608,-5.145141225,1,1
3.519567966,1,1571922837,AUT,FALSE,TRUE,TRUE,609.1563993,-304.7070157,135.0615987,-179.8139167,-0.415027559,179.6251394,0.645341182,5.297489806,0.569644689,0.23930309,0.837553691,-0.826943655,-52.57834511,70.21338958,57.27680283,-62.49481773,-55.54128845,73.27435913,-1.440060425,1,1
3.620489836,1,1571922837,AUT,FALSE,TRUE,TRUE,605.5241635,-274.7210987,135.1150216,-179.8784986,-0.313857812,179.6273865,-0.874846836,3.352710108,-1.715597964,-0.17921014,0.639927883,-0.507159004,-52.30711669,68.80286522,57.5587326,-66.89933968,-55.66726867,71.75095711,2.505596919,1,1
3.721045971,1,1571922837,AUT,FALSE,TRUE,TRUE,605.5241635,-274.7210987,135.1150216,-179.8784986,-0.313857812,179.6273865,-0.874846836,3.352710108,-1.715597964,-0.17921014,0.639927883,-0.507159004,-51.81664924,67.21445503,57.95052223,-70.83715896,-55.69723388,70.65529403,6.269327544,1,1
3.821777821,1,1571922837,AUT,FALSE,TRUE,TRUE,601.5062334,-245.7903593,138.7675576,-179.9221131,-0.258887699,179.7617419,-3.489634743,3.137087029,-0.015973922,0.214400327,1.15280512,-0.292458163,-51.81664924,67.21445503,57.95052223,-70.83715896,-55.69723388,70.65529403,6.269327544,1,1
3.922441006,1,1571922837,AUT,FALSE,TRUE,TRUE,596.9018612,-210.6818719,145.1352319,-179.928555,-0.221459197,179.7984421,-3.818923598,1.82812004,3.522074064,-0.165629838,1.088764671,-0.341381712,-50.86024818,65.31528282,58.54549713,-74.92302589,-55.52746765,69.74469223,10.56888199,1,1
4.022974014,1,1571922838,AUT,FALSE,TRUE,TRUE,594.3565024,-183.3598971,146.3598991,-179.925978,-0.194667757,179.7670401,-4.496781693,3.080623514,3.942439399,0.057884005,1.322884235,-0.38698626,-49.72751999,64.29765701,58.80361748,-77.47350196,-55.45745178,68.93091431,13.78178558,1,1
4.123466969,1,1571922838,AUT,FALSE,TRUE,TRUE,594.3565024,-183.3598971,146.3598991,-179.925978,-0.194667757,179.7670401,-4.496781693,3.080623514,3.942439399,0.057884005,1.322884235,-0.38698626,-49.72751999,64.29765701,58.80361748,-77.47350196,-55.45745178,68.93091431,13.78178558,1,1
4.224023819,1,1571922838,AUT,FALSE,TRUE,TRUE,593.210141,-154.2537857,143.8575627,-179.8910683,-0.173419533,179.6946007,-7.693948098,7.178744807,3.917964827,0.716586618,2.011449899,-0.34013386,-48.04772415,63.72843475,58.83774719,-79.56861534,-55.53463623,67.9660366,17.09698219,1,1
4.32454586,1,1571922838,AUT,FALSE,TRUE,TRUE,594.4740916,-125.0938921,140.9316998,-179.9657791,-0.127679178,179.6449034,-7.623692746,4.935046192,3.869935458,-0.038032763,2.204269251,-0.295024128,-45.87421303,63.51375503,58.81462784,-80.88737983,-55.73087951,67.22364234,20.41483268,1,1
4.425041914,1,1571922838,AUT,FALSE,TRUE,TRUE,598.6237062,-97.89375687,139.3318446,-179.9532902,-0.098005829,179.7428271,-4.947402219,4.375240165,0.907388793,-0.150311341,1.568359931,-0.135123293,-43.32249756,63.50862923,58.68327255,-81.1740303,-55.88020019,66.95927696,23.16696281,1,1
4.525540829,1,1571922838,AUT,FALSE,TRUE,TRUE,602.8013517,-73.81288962,139.3424823,-179.9784878,-0.180286145,179.8694074,1.645238268,-0.208746698,2.904795651,-0.807249416,0.383821514,-0.052820032,-40.8266098,63.51763458,58.57421951,-80.97583694,-55.86643432,67.0779293,25.45687408,1,1
4.626089811,1,1571922838,AUT,FALSE,TRUE,TRUE,602.8013517,-73.81288962,139.3424823,-179.9784878,-0.180286145,179.8694074,1.645238268,-0.208746698,2.904795651,-0.807249416,0.383821514,-0.052820032,-40.8266098,63.51763458,58.57421951,-80.97583694,-55.86643432,67.0779293,25.45687408,1,1
4.726600885,1,1571922838,AUT,FALSE,TRUE,TRUE,605.1461566,-55.282575,138.5550875,179.9645133,-0.170728655,179.9599243,0.379656016,0.238603522,0.352356269,-0.311021428,0.523274669,0.22571556,-38.90446243,63.52283935,58.38690948,-80.91578293,-55.85363525,66.99525375,27.29883842,1,1
4.827160835,1,1571922838,AUT,FALSE,TRUE,TRUE,608.3010036,-46.5330762,139.0489689,179.8976471,-0.061752101,-179.8578758,-1.596831133,-2.480487444,1.189520387,-0.654472118,0.552904384,0.225798554,-37.67192344,63.49688759,58.14663849,-80.50290985,-55.81740783,67.02908821,28.09399795,1,1
4.927703857,1,1571922838,AUT,FALSE,TRUE,TRUE,614.302267,-47.68948407,140.386676,179.8332097,0.134739448,-179.7249757,-7.173111643,-1.199337549,2.605146198,-0.105887071,0.791636917,0.398734248,-37.06628494,63.62235145,57.81601181,-79.34774208,-55.63893493,67.26334763,27.62736053,1,1
5.028234959,1,1571922839,AUT,FALSE,TRUE,TRUE,614.302267,-47.68948407,140.386676,179.8332097,0.134739448,-179.7249757,-7.173111643,-1.199337549,2.605146198,-0.105887071,0.791636917,0.398734248,-37.06628494,63.62235145,57.81601181,-79.34774208,-55.63893493,67.26334763,27.62736053,1,1
5.128793955,1,1571922839,AUT,FALSE,TRUE,TRUE,624.9761516,-54.30825089,140.8651962,179.9808755,0.242143124,-179.7917427,-10.73509835,1.7889633,3.745270974,0.083308566,1.175928528,-0.071715536,-36.5787014,64.37132721,57.55408401,-76.93306389,-55.43879699,67.96586494,25.93532524,1,1
5.229328871,1,1571922839,AUT,FALSE,TRUE,TRUE,639.0490726,-60.33698273,139.5035513,-179.9656541,0.198325442,-179.9501127,-8.850625742,5.902973804,3.67551118,0.645893468,1.174066123,-0.486168932,-35.69445648,65.77710342,57.43460083,-73.49903984,-55.44481201,69.11638069,24.09585686,1,1
5.330107927,1,1571922839,AUT,FALSE,TRUE,TRUE,655.7941545,-61.69605748,135.9986138,-179.9426464,0.240177115,-179.9987823,-8.75301397,4.197043234,2.074347806,0.645893468,1.174066123,-0.486168932,-34.09211769,67.58962097,57.31883239,-69.45196151,-55.7636737,70.29542999,22.6134613,1,1
5.430889845,1,1571922839,AUT,FALSE,TRUE,TRUE,655.7941545,-61.69605748,135.9986138,-179.9426464,0.240177115,-179.9987823,-8.75301397,4.197043234,2.074347806,0.091774253,0.98103135,-0.337155583,-34.09211769,67.58962097,57.31883239,-69.45196151,-55.7636737,70.29542999,22.6134613,1,1
5.531719923,1,1571922839,AUT,FALSE,TRUE,TRUE,683.1260181,-61.13180065,134.9138494,-179.9836531,0.182931916,-179.927917,-4.403776406,2.683064803,0.640134727,0.034786269,0.403048847,-0.126585013,-30.8844223,70.21610183,57.12335815,-62.22289924,-55.92995727,72.75215492,20.21467552,1,1
5.632259846,1,1571922839,AUT,FALSE,TRUE,TRUE,699.3228507,-60.19263955,136.6273705,-179.9740031,0.083268079,-179.8908044,-1.742243013,7.494141938,1.919354336,0.034786269,0.403048847,-0.126585013,-28.77870026,71.66171379,57.07822151,-57.51790466,-55.90549072,74.51258698,18.53739281,1,1
5.733045816,1,1571922839,AUT,FALSE,TRUE,TRUE,699.3228507,-60.19263955,136.6273705,-179.9740031,0.083268079,-179.8908044,-1.742243013,7.494141938,1.919354336,1.36113087,0.56287594,-0.123299332,-28.77870026,71.66171379,57.07822151,-57.51790466,-55.90549072,74.51258698,18.53739281,1,1
5.833572865,1,1571922839,AUT,FALSE,TRUE,TRUE,711.1786685,-56.97754425,138.7126432,179.9934837,-0.075614945,-179.8835842,3.743309719,4.949761245,1.803652377,0.91297223,-0.156928677,-0.124942853,-26.91013527,72.75061683,57.08526649,-53.74105224,-55.84175354,76.03935356,17.40018768,1,1
5.934080839,1,1571922839,AUT,FALSE,TRUE,TRUE,717.6835724,-50.18574772,139.2725735,-179.9009246,-0.265925342,-179.9274171,8.074193299,6.318154294,1.236467313,1.138016155,-0.57637893,-0.242571001,-25.40831794,73.45221405,57.08881302,-51.45842628,-55.78389953,76.97943649,16.96509819,1,1
6.034664869,1,1571922840,AUT,FALSE,TRUE,TRUE,719.4621471,-38.6600883,137.9938062,-179.9189946,-0.349379039,179.9954605,4.825953168,6.562585929,1.397586622,0.799409229,0.040724032,-0.556547677,-24.32517242,73.72125549,57.09093818,-50.97169761,-55.76864501,77.10541534,17.68281441,1,1
6.135164022,1,1571922840,AUT,FALSE,TRUE,TRUE,719.4621471,-38.6600883,137.9938062,-179.9189946,-0.349379039,179.9954605,4.825953168,6.562585929,1.397586622,0.799409229,0.040724032,-0.556547677,-24.32517242,73.72125549,57.09093818,-50.97169761,-55.76864501,77.10541534,17.68281441,1,1
6.23563695,1,1571922840,AUT,FALSE,TRUE,TRUE,718.9162832,-22.49861303,136.8679113,-179.8846472,-0.337233965,179.9242109,-3.260319854,7.898974668,1.202000762,0.947757331,1.604988218,-0.546725106,-23.2571949,73.70451851,57.13658981,-51.38913345,-55.78895324,76.88196716,19.07993889,1,1
6.336149931,1,1571922840,AUT,FALSE,TRUE,TRUE,718.2441922,-4.84374204,137.6012803,-179.885111,-0.296884864,179.9365907,-4.295969117,6.668158822,0.879906962,0.645858849,1.780548617,-0.546098891,-22.02630043,73.54200325,57.16592674,-51.76852913,-55.79357849,76.78409271,20.64831619,1,1
6.436656952,1,1571922840,AUT,FALSE,TRUE,TRUE,717.8820193,15.75019805,139.8752541,-179.8816705,-0.236964532,179.8869413,-4.293364092,5.886913376,1.225529479,0.379092903,1.491422915,-0.719979178,-20.48745574,73.33815879,57.26500625,-51.91193848,-55.71661926,76.82807922,22.29342956,1,1
6.53715682,1,1571922840,AUT,FALSE,TRUE,TRUE,717.8820193,15.75019805,139.8752541,-179.8816705,-0.236964532,179.8869413,-4.293364092,5.886913376,1.225529479,0.379092903,1.491422915,-0.719979178,-18.49614944,73.25729942,57.30903396,-51.92428093,-55.6595343,76.88571624,24.24739609,1,1
6.637794971,1,1571922840,AUT,FALSE,TRUE,TRUE,716.8189049,41.6458128,140.8510937,-179.8010748,-0.232323025,179.8527548,-5.44791927,9.580685518,2.049734266,1.064511606,1.536265032,-0.663534686,-18.49614944,73.25729942,57.30903396,-51.92428093,-55.6595343,76.88571624,24.24739609,1,1
6.738346815,1,1571922840,AUT,FALSE,TRUE,TRUE,714.7416938,69.42110363,140.8002361,-179.938916,-0.2320785,179.8898356,-3.173818306,4.507521604,1.380116884,0.266402688,1.019249832,-0.191400125,-16.2713562,73.25841179,57.2873703,-51.90704269,-55.66343994,76.88566474,26.61135521,1,1
6.83886981,1,1571922840,AUT,FALSE,TRUE,TRUE,713.5911233,89.55748529,141.7270974,179.8914199,-0.20016204,-179.828206,-0.800495844,-0.548522512,0.1040307,0.233484665,0.532182034,0.459837077,-14.31403198,73.23547439,57.12015152,-51.55982323,-55.70913757,77.07794266,28.36330719,1,1
6.939394951,1,1571922840,AUT,FALSE,TRUE,TRUE,712.8132548,96.14120977,144.315764,179.8932586,-0.466547435,-179.6660873,8.976945518,-4.702820383,2.165665715,-0.389790358,-0.313292426,0.447394985,-13.46997643,73.11243438,56.98980217,-51.12254333,-55.47924865,77.639962,28.70441551,1,1
7.039937973,1,1571922841,AUT,FALSE,TRUE,TRUE,712.8132548,96.14120977,144.315764,179.8932586,-0.466547435,-179.6660873,8.976945518,-4.702820383,2.165665715,-0.389790358,-0.313292426,0.447394985,-13.46997643,73.11243438,56.98980217,-51.12254333,-55.47924865,77.639962,28.70441551,1,1
7.140746832,1,1571922841,AUT,FALSE,TRUE,TRUE,707.147767,94.63983425,142.0659731,179.9936495,-0.880105781,-179.6846633,12.65291947,-0.147904341,1.939688264,0.295614632,0.48805819,-0.006065266,-14.03562813,72.79755592,56.87679748,-52.47392349,-55.2219049,77.39150276,29.01943474,1,1
7.241497993,1,1571922841,AUT,FALSE,TRUE,TRUE,707.147767,94.63983425,142.0659731,179.9936495,-0.880105781,-179.6846633,12.65291947,-0.147904341,1.939688264,0.295614632,0.48805819,-0.006065266,-14.03562813,72.79755592,56.87679748,-52.47392349,-55.2219049,77.39150276,29.01943474,1,1
7.342370987,1,1571922841,AUT,FALSE,TRUE,TRUE,687.4644448,97.73739883,134.4537178,-179.9969497,-0.899254852,-179.7431109,9.028961163,2.806660157,-0.928779113,0.528272728,0.494499889,0.046481624,-15.54348449,71.56191673,56.89116554,-58.25451393,-55.43231506,74.95437126,31.83785019,1,1
7.44290185,1,1571922841,AUT,FALSE,TRUE,TRUE,687.4644448,97.73739883,134.4537178,-179.9969497,-0.899254852,-179.7431109,9.028961163,2.806660157,-0.928779113,0.528272728,0.494499889,0.046481624,-15.54348449,71.56191673,56.89116554,-58.25451393,-55.43231506,74.95437126,31.83785019,1,1
7.543490887,1,1571922841,AUT,FALSE,TRUE,TRUE,657.8011764,101.2342737,137.0515555,179.9185154,-0.720202547,-179.5984679,6.279017065,-2.141127444,-2.549322954,-0.152434695,0.482067726,0.200557093,-18.03066559,68.70310936,57.1802021,-66.30476646,-55.47087707,72.37778206,35.78212738,1,1
7.643993855,1,1571922841,AUT,FALSE,TRUE,TRUE,634.3708141,98.5725381,144.6097817,179.9509054,-0.541861246,-179.5966791,6.279017065,-2.141127444,-2.549322954,-0.152434695,0.482067726,0.200557093,-20.87846946,65.93818016,57.59433517,-72.26110725,-55.07124389,70.70415229,38.00680733,1,1
7.744481802,1,1571922841,AUT,FALSE,TRUE,TRUE,634.3708141,98.5725381,144.6097817,179.9509054,-0.541861246,-179.5966791,-1.224773126,0.945705732,-2.005813385,0.614318337,1.104313552,-0.126020506,-20.87846946,65.93818016,57.59433517,-72.26110725,-55.07124389,70.70415229,38.00680733,1,1
7.845107794,1,1571922841,AUT,FALSE,TRUE,TRUE,615.7656536,92.17987625,151.0152139,-179.9663104,-0.35560105,-179.6784671,-8.051376946,6.165413434,3.258585547,1.173177871,1.978880616,-0.490048486,-23.26345367,63.48558197,57.93278618,-77.12117729,-54.49035278,69.17414474,39.13381576,1,1
7.945619822,1,1571922842,AUT,FALSE,TRUE,TRUE,615.7656536,92.17987625,151.0152139,-179.9663104,-0.35560105,-179.6784671,-8.051376946,6.165413434,3.258585547,1.173177871,1.978880616,-0.490048486,-23.26345367,63.48558197,57.93278618,-77.12117729,-54.49035278,69.17414474,39.13381576,1,1
8.046110868,1,1571922842,AUT,FALSE,TRUE,TRUE,603.4690859,85.92084724,153.9290873,-179.8820543,-0.248547683,-179.7976785,-9.9827836,9.008229266,4.098286807,1.411602587,2.269972887,-0.839214307,-24.99188804,61.92068939,58.05892296,-80.20014038,-54.01437561,67.99488945,39.53731613,1,1
8.146621943,1,1571922842,AUT,FALSE,TRUE,TRUE,603.4690859,85.92084724,153.9290873,-179.8820543,-0.248547683,-179.7976785,-9.9827836,9.008229266,4.098286807,1.411602587,2.269972887,-0.839214307,-24.99188804,61.92068939,58.05892296,-80.20014038,-54.01437561,67.99488945,39.53731613,1,1
8.247153997,1,1571922842,AUT,FALSE,TRUE,TRUE,597.8728928,88.43847602,150.8801815,-179.7714684,-0.240892143,179.9075745,-9.061148931,11.46794683,5.614127277,0.94686061,2.547542503,-1.270880722,-25.45799674,61.59312515,58.05047721,-81.39122658,-53.96370666,67.15326118,40.04957428,1,1
8.347648859,1,1571922842,AUT,FALSE,TRUE,TRUE,597.8728928,88.43847602,150.8801815,-179.7714684,-0.240892143,179.9075745,-9.061148931,11.46794683,5.614127277,0.94686061,2.547542503,-1.270880722,-23.99110221,62.50701256,57.94230651,-81.31803703,-54.65120361,66.72556343,41.96118851,1,1
8.448160887,1,1571922842,AUT,FALSE,TRUE,TRUE,596.9658196,106.1368589,140.9667374,-179.7778993,-0.194382195,179.8251802,-4.941134687,9.967966203,5.441008214,0.481725505,1.758939434,-1.049680283,-23.99110221,62.50701256,57.94230651,-81.31803703,-54.65120361,66.72556343,41.96118851,1,1
8.548661947,1,1571922842,AUT,FALSE,TRUE,TRUE,596.9658196,106.1368589,140.9667374,-179.7778993,-0.194382195,179.8251802,-4.941134687,9.967966203,5.441008214,0.481725505,1.758939434,-1.049680283,-21.11169204,64.07895012,57.75781173,-80.28881034,-55.78942016,66.44578285,44.47156791,1,1
8.649135828,1,1571922842,AUT,FALSE,TRUE,TRUE,597.6352856,134.2494388,130.9000814,-179.8030641,-0.135018714,179.7555149,-2.554511981,7.280599538,1.536782523,-0.042074725,1.079988603,-0.893274809,-21.11169204,64.07895012,57.75781173,-80.28881034,-55.78942016,66.44578285,44.47156791,1,1
8.749646902,1,1571922842,AUT,FALSE,TRUE,TRUE,597.6352856,134.2494388,130.9000814,-179.8030641,-0.135018714,179.7555149,-2.554511981,7.280599538,1.536782523,-0.042074725,1.079988603,-0.893274809,-17.43611984,65.21451073,57.80802612,-77.81428756,-56.25611938,67.34612274,46.8605587,1,1
8.850399017,1,1571922842,AUT,FALSE,TRUE,TRUE,599.8479147,167.3460451,130.6806249,-179.8989449,-0.081684925,179.8664783,-1.70490245,5.205943059,-0.718908546,-0.271360454,0.786049375,-0.554742594,-17.43611984,65.21451073,57.80802612,-77.81428756,-56.25611938,67.34612274,46.8605587,1,1
8.951044798,1,1571922843,AUT,FALSE,TRUE,TRUE,603.0374321,199.5043209,137.4950186,-179.8865694,-0.084101845,179.9219347,-1.641216956,6.186256328,2.288939267,-0.271360454,0.786049375,-0.554742594,-13.57604256,65.80039101,57.95440864,-74.86155739,-55.83734252,68.91287269,48.3077362,1,1
9.05159688,1,1571922843,AUT,FALSE,TRUE,TRUE,603.0374321,199.5043209,137.4950186,-179.8865694,-0.084101845,179.9219347,-1.641216956,6.186256328,2.288939267,0.138661279,0.723767672,-0.438702012,-13.57604256,65.80039101,57.95440864,-74.86155739,-55.83734252,68.91287269,48.3077362,1,1
9.152396917,1,1571922843,AUT,FALSE,TRUE,TRUE,604.6991293,223.4233419,140.7122126,-179.9321621,-0.114964466,179.956186,-1.469906446,4.601176777,2.393996185,0.169614969,0.607389385,-0.433883422,-9.956534956,66.29781761,57.86741066,-72.49509888,-55.53687194,69.95077858,49.34832001,1,1
9.252907991,1,1571922843,AUT,FALSE,TRUE,TRUE,604.6991293,223.4233419,140.7122126,-179.9321621,-0.114964466,179.956186,-1.469906446,4.601176777,2.393996185,0.169614969,0.607389385,-0.433883422,-9.956534956,66.29781761,57.86741066,-72.49509888,-55.53687194,69.95077858,49.34832001,1,1
9.353477955,1,1571922843,AUT,FALSE,TRUE,TRUE,605.9005995,243.5675123,140.7627739,-179.9276384,-0.128678483,179.9524941,-1.40641125,7.331676565,3.210292725,0.243225446,0.824977895,-0.364430211,-7.458923719,66.99510612,57.74479294,-70.41867943,-55.48806518,70.65751876,50.17344818,1,1
9.454015017,1,1571922843,AUT,FALSE,TRUE,TRUE,607.7028253,255.7646304,139.0506246,179.9028277,-0.260449126,-179.7093346,4.861044339,-2.371549997,0.37662643,-0.699544239,0.028882525,0.382117558,-5.528371806,67.68359184,57.41458511,-68.59203414,-55.49678833,71.39172478,50.6487133,1,1
9.554485798,1,1571922843,AUT,FALSE,TRUE,TRUE,607.7028253,255.7646304,139.0506246,179.9028277,-0.260449126,-179.7093346,4.861044339,-2.371549997,0.37662643,-0.699544239,0.028882525,0.382117558,-5.528371806,67.68359184,57.41458511,-68.59203414,-55.49678833,71.39172478,50.6487133,1,1
9.655004978,1,1571922843,AUT,FALSE,TRUE,TRUE,604.4867092,258.2204321,137.3693406,179.9634486,-0.600958903,-179.630388,8.470470731,1.143407567,1.68341314,0.231623793,0.493375372,0.187495536,-5.228960031,67.79534339,57.37615699,-68.71686973,-55.39311035,71.51587715,50.904039,1,1
9.755565882,1,1571922843,AUT,FALSE,TRUE,TRUE,604.4867092,258.2204321,137.3693406,179.9634486,-0.600958903,-179.630388,8.470470731,1.143407567,1.68341314,0.231623793,0.493375372,0.187495536,-5.649763869,67.17429313,57.45021858,-71.0760292,-55.47355224,70.57945404,52.35635604,1,1
9.856191874,1,1571922843,AUT,FALSE,TRUE,TRUE,593.0780182,260.245618,135.3908732,179.9562165,-0.699731263,-179.6327991,7.20083585,3.874125027,-1.075855814,0.859311118,0.663075291,0.270296726,-5.649763869,67.17429313,57.45021858,-71.0760292,-55.47355224,70.57945404,52.35635604,1,1
9.956547022,1,1571922844,AUT,FALSE,TRUE,TRUE,593.0780182,260.245618,135.3908732,179.9562165,-0.699731263,-179.6327991,7.20083585,3.874125027,-1.075855814,0.859311118,0.663075291,0.270296726,-5.649763869,67.17429313,57.45021858,-71.0760292,-55.47355224,70.57945404,52.35635604,1,1
10.05708385,1,1571922844,AUT,FALSE,TRUE,TRUE,560.3009678,264.8683028,137.29533,179.9533539,-0.645126866,-179.5740493,4.964844126,4.386871989,1.159816166,1.229976116,0.609263709,0.318914597,-6.497767638,65.18824997,57.75088005,-76.35054474,-55.44625122,68.87252197,56.40914039,1,1
10.15756989,1,1571922844,AUT,FALSE,TRUE,TRUE,560.3009678,264.8683028,137.29533,179.9533539,-0.645126866,-179.5740493,4.964844126,4.386871989,1.159816166,1.229976116,0.609263709,0.318914597,-6.497767638,65.18824997,57.75088005,-76.35054474,-55.44625122,68.87252197,56.40914039,1,1
10.25809503,1,1571922844,AUT,FALSE,TRUE,TRUE,528.2495238,263.5936299,138.1947441,179.9325403,-0.497259293,-179.497015,0.282990539,1.868484668,0.939645025,0.623566459,0.97520578,0.276254096,-7.7883419,62.52225952,58.03664818,-83.01298027,-55.3622937,66.0416954,60.17126426,1,1
10.35861087,1,1571922844,AUT,FALSE,TRUE,TRUE,508.3828018,259.7011919,136.0712173,-179.915412,-0.55605909,-179.6720014,-0.603709433,9.447778708,5.462786878,0.623566459,0.97520578,0.276254096,-9.124681087,60.56509666,58.06479378,-88.12067184,-55.22528869,64.15130195,61.94166298,1,1
10.4591248,1,1571922844,AUT,FALSE,TRUE,TRUE,508.3828018,259.7011919,136.0712173,-179.915412,-0.55605909,-179.6720014,-0.603709433,9.447778708,5.462786878,1.198920094,1.530497153,-0.387584725,-9.124681087,60.56509666,58.06479378,-88.12067184,-55.22528869,64.15130195,61.94166298,1,1
10.55963397,1,1571922844,AUT,FALSE,TRUE,TRUE,481.7494374,257.461468,129.572016,-179.9602563,-0.409595772,-179.7585216,-5.506437026,8.588579027,3.229461975,1.198920094,1.530497153,-0.387584725,-10.00266037,59.03507881,57.99739609,-93.41991691,-55.86904357,61.409832,65.17803611,1,1
17.51021481,2,1571922851,AUT,FALSE,FALSE,TRUE,471.9810649,-399.9739434,169.9898912,-179.9888651,-0.007960951,179.9998525,-3.364696531,-0.088543447,-0.800247017,-0.131875834,0.638408608,0.079207538,-72.82693748,61.08511047,58.23313179,-78.18119659,-52.66688049,69.39602051,-10.07830811,0.5,1
17.6108849,2,1571922851,AUT,FALSE,TRUE,TRUE,471.5442239,-399.324229,166.5388901,-179.9492818,-0.267658312,179.8904984,-0.761961071,-0.6668833,11.52460522,-0.673501488,1.142685346,-0.164100452,-72.71186599,61.15899353,58.10616417,-78.18600654,-52.67013244,69.4935791,-10.07848664,1,1
17.71180582,2,1571922851,AUT,FALSE,TRUE,TRUE,471.5442239,-399.324229,166.5388901,-179.9492818,-0.267658312,179.8904984,-0.761961071,-0.6668833,11.52460522,-0.673501488,1.142685346,-0.164100452,-72.71186599,61.15899353,58.10616417,-78.18600654,-52.67013244,69.4935791,-10.07848664,1,1
17.81236291,2,1571922851,AUT,FALSE,TRUE,TRUE,470.2830085,-401.4392493,148.4374774,-179.9014836,-0.118849264,179.9618012,-1.895189081,-2.048200057,3.660301188,-0.986833455,0.892086008,-0.443987675,-72.51323318,62.46521301,56.9443943,-78.47979813,-53.51334411,67.69211998,-9.919377138,1,1
17.91290188,2,1571922851,AUT,FALSE,TRUE,TRUE,470.2830085,-401.4392493,148.4374774,-179.9014836,-0.118849264,179.9618012,-1.895189081,-2.048200057,3.660301188,-0.986833455,0.892086008,-0.443987675,-72.51323318,62.46521301,56.9443943,-78.47979813,-53.51334411,67.69211998,-9.919377138,1,1
18.01347899,2,1571922852,AUT,FALSE,TRUE,TRUE,470.5327014,-404.1266321,135.1283707,-179.8825982,-0.04673719,179.8917987,0.94983859,1.677032541,-0.067799196,-0.167316609,0.125696928,-0.465495767,-72.51566734,64.02013549,56.74884796,-78.19535179,-54.75963317,66.92194061,-9.771356969,1,1
18.11404681,2,1571922852,AUT,FALSE,TRUE,TRUE,470.5327014,-404.1266321,135.1283707,-179.8825982,-0.04673719,179.8917987,0.94983859,1.677032541,-0.067799196,-0.167316609,0.125696928,-0.465495767,-72.51566734,64.02013549,56.74884796,-78.19535179,-54.75963317,66.92194061,-9.771356969,1,1
18.21463299,2,1571922852,AUT,FALSE,TRUE,TRUE,470.0881054,-405.0592129,129.6743552,-179.8627076,-0.073976413,179.8439215,0.339810426,1.288367444,0.363630568,-0.480190813,0.5521768,-0.517229556,-72.56711426,64.68399124,56.76149597,-78.10120583,-55.30409912,66.72528877,-9.702156831,1,1
18.31515002,2,1571922852,AUT,FALSE,TRUE,TRUE,470.0881054,-405.0592129,129.6743552,-179.8627076,-0.073976413,179.8439215,0.339810426,1.288367444,0.363630568,-0.480190813,0.5521768,-0.517229556,-72.52700386,64.68469162,56.81053963,-78.2090641,-55.32389099,66.70706863,-9.537746431,1,1
18.41571784,2,1571922852,AUT,FALSE,TRUE,TRUE,470.6841657,-403.5558674,129.7142882,-179.8529678,-0.060835322,179.8151287,-2.371870968,0.610174855,1.956713266,-0.709267615,0.737068852,-0.562428253,-72.52700386,64.68469162,56.81053963,-78.2090641,-55.32389099,66.70706863,-9.537746431,1,1
18.51626682,2,1571922852,AUT,FALSE,TRUE,TRUE,473.9374616,-399.9236643,130.8480229,-179.8875773,-0.044709163,179.8735473,-2.371870968,0.610174855,1.956713266,-0.709267615,0.737068852,-0.562428253,-72.10212135,64.59833564,56.88349914,-78.21236,-55.32552246,66.77365608,-9.037126925,1,1
18.6168499,2,1571922852,AUT,FALSE,TRUE,TRUE,473.9374616,-399.9236643,130.8480229,-179.8875773,-0.044709163,179.8735473,-0.746312671,-0.435740785,2.179357016,-0.650155294,0.409114711,-0.472042896,-72.10212135,64.59833564,56.88349914,-78.21236,-55.32552246,66.77365608,-9.037126925,1,1
18.71739388,2,1571922852,AUT,FALSE,TRUE,TRUE,478.1564473,-397.1812719,132.3261573,-179.8932495,0.137919099,179.9421246,-3.764931464,0.710540507,1.035565667,-0.045039735,0.419215447,-0.403890411,-71.67442703,64.56167908,56.9659893,-78.04909973,-55.32164428,66.78276786,-8.681451419,1,1
18.81797886,2,1571922852,AUT,FALSE,TRUE,TRUE,478.1564473,-397.1812719,132.3261573,-179.8932495,0.137919099,179.9421246,-3.764931464,0.710540507,1.035565667,-0.045039735,0.419215447,-0.403890411,-71.67442703,64.56167908,56.9659893,-78.04909973,-55.32164428,66.78276786,-8.681451419,1,1
18.91843796,2,1571922852,AUT,FALSE,TRUE,TRUE,493.0593854,-389.2315844,137.0083177,-179.9324888,0.381034173,-179.9610374,-9.016610906,-2.0335181,2.9618176,-0.02823253,0.892235622,-0.226585873,-70.41990166,64.75485992,57.34368896,-76.78764267,-55.31602478,67.44863891,-7.737454606,1,1
19.0189929,2,1571922853,AUT,FALSE,TRUE,TRUE,493.0593854,-389.2315844,137.0083177,-179.9324888,0.381034173,-179.9610374,-9.016610906,-2.0335181,2.9618176,-0.02823253,0.892235622,-0.226585873,-70.41990166,64.75485992,57.34368896,-76.78764267,-55.31602478,67.44863891,-7.737454606,1,1
19.119524,2,1571922853,AUT,FALSE,TRUE,TRUE,513.4575021,-384.1009499,140.3099275,-179.9490754,0.375765015,-179.820722,-7.829145418,-3.24192285,2.31098489,-0.011322235,0.236893102,-0.174626191,-67.36180229,65.53272972,57.33894081,-73.91514358,-55.26119201,68.73095283,-7.333212662,1,1
19.22055197,2,1571922853,AUT,FALSE,TRUE,TRUE,513.4575021,-384.1009499,140.3099275,-179.9490754,0.375765015,-179.820722,-7.829145418,-3.24192285,2.31098489,-0.011322235,0.236893102,-0.174626191,-67.36180229,65.53272972,57.33894081,-73.91514358,-55.26119201,68.73095283,-7.333212662,1,1
19.32113695,2,1571922853,AUT,FALSE,TRUE,TRUE,542.3084736,-385.0438123,140.5763464,-179.9503343,0.312732085,-179.7560238,-4.342458415,-2.816284317,5.134745772,0.390218994,0.182783813,-0.191442609,-63.48063125,67.53924522,56.99194107,-67.94843101,-55.21586791,70.79482727,-8.132368475,1,1
19.421803,2,1571922853,AUT,FALSE,TRUE,TRUE,542.3084736,-385.0438123,140.5763464,-179.9503343,0.312732085,-179.7560238,-4.342458415,-2.816284317,5.134745772,0.390218994,0.182783813,-0.191442609,-63.48063125,67.53924522,56.99194107,-67.94843101,-55.21586791,70.79482727,-8.132368475,1,1
19.52227998,2,1571922853,AUT,FALSE,TRUE,TRUE,570.9858899,-387.760631,136.3269869,-179.9427955,0.309549136,-179.840124,1.379494196,-2.3500788,-0.935644773,0.442644199,-0.121584421,-0.281903341,-59.4830944,70.17458381,56.61827545,-61.32234993,-55.32601684,72.73390045,-9.540386588,1,1
19.62278986,2,1571922853,AUT,FALSE,TRUE,TRUE,570.9858899,-387.760631,136.3269869,-179.9427955,0.309549136,-179.840124,1.379494196,-2.3500788,-0.935644773,0.442644199,-0.121584421,-0.281903341,-59.4830944,70.17458381,56.61827545,-61.32234993,-55.32601684,72.73390045,-9.540386588,1,1
19.72330379,2,1571922853,AUT,FALSE,TRUE,TRUE,591.8133933,-391.0739696,133.9484464,-179.8860539,0.042344985,-179.8925334,5.583995608,2.707745614,1.035186569,0.703875757,-0.417757757,-0.611534956,-56.68829613,71.99799156,56.35595283,-56.25571976,-55.34720397,74.50977173,-11.15222512,1,1
19.82382679,2,1571922853,AUT,FALSE,TRUE,TRUE,600.0339156,-393.7025818,133.8715793,-179.7879336,-0.241750654,179.9945781,13.39132385,5.782906387,-0.926148412,0.854534521,-1.633377855,-0.950857716,-54.71528206,73.36731376,56.27003288,-52.16611748,-55.33595397,76.07099762,-12.24441719,1,1
19.92434883,2,1571922853,AUT,FALSE,TRUE,TRUE,600.0339156,-393.7025818,133.8715793,-179.7879336,-0.241750654,179.9945781,13.39132385,5.782906387,-0.926148412,0.854534521,-1.633377855,-0.950857716,-54.71528206,73.36731376,56.27003288,-52.16611748,-55.33595397,76.07099762,-12.24441719,1,1
20.02489591,2,1571922854,AUT,FALSE,TRUE,TRUE,601.2149908,-389.5710206,135.5815121,-179.6812103,-0.344320403,179.7953201,5.917768012,5.989637939,-0.687045346,0.62687103,0.034419315,-1.464784526,-54.49902649,73.31645393,56.48151969,-52.22619553,-55.2612799,76.3506237,-12.04456215,1,1
20.12537599,2,1571922854,AUT,FALSE,TRUE,TRUE,601.2149908,-389.5710206,135.5815121,-179.6812103,-0.344320403,179.7953201,5.917768012,5.989637939,-0.687045346,0.62687103,0.034419315,-1.464784526,-54.49902649,73.31645393,56.48151969,-52.22619553,-55.2612799,76.3506237,-12.04456215,1,1
20.22592187,2,1571922854,AUT,FALSE,TRUE,TRUE,601.1429253,-370.8366847,136.4635103,-179.6602941,-0.418331285,179.7121186,3.116058047,7.367521626,4.149400006,0.786226029,0.850879892,-1.451618098,-54.50344848,72.50236702,56.60282249,-55.17198715,-55.14624755,75.55897292,-9.639174275,1,1
20.32649398,2,1571922854,AUT,FALSE,TRUE,TRUE,601.1429253,-370.8366847,136.4635103,-179.6602941,-0.418331285,179.7121186,3.116058047,7.367521626,4.149400006,0.786226029,0.850879892,-1.451618098,-54.50344848,72.50236702,56.60282249,-55.17198715,-55.14624755,75.55897292,-9.639174275,1,1
20.42703986,2,1571922854,AUT,FALSE,TRUE,TRUE,600.3794622,-341.7637218,131.7860858,-179.7350113,-0.318357122,179.6602216,0.662315364,4.916869136,0.183042851,0.19660162,0.572868773,-0.972225145,-54.40329094,71.13340873,56.60946236,-59.87600326,-55.24575622,73.60432663,-5.72836075,1,1
20.52757001,2,1571922854,AUT,FALSE,TRUE,TRUE,600.3794622,-341.7637218,131.7860858,-179.7350113,-0.318357122,179.6602216,0.662315364,4.916869136,0.183042851,0.19660162,0.572868773,-0.972225145,-54.40329094,71.13340873,56.60946236,-59.87600326,-55.24575622,73.60432663,-5.72836075,1,1
20.62810802,2,1571922854,AUT,FALSE,TRUE,TRUE,597.5174868,-299.4646386,130.9160696,-179.8219772,-0.246916683,179.6573366,-0.720261096,2.687923928,-0.511060957,-0.185510236,0.615370053,-0.593459911,-53.97196769,69.19029808,56.86703682,-66.02559356,-55.40914489,71.40973205,-0.166968156,1,1
20.72859192,2,1571922854,AUT,FALSE,TRUE,TRUE,597.5174868,-299.4646386,130.9160696,-179.8219772,-0.246916683,179.6573366,-0.720261096,2.687923928,-0.511060957,-0.185510236,0.615370053,-0.593459911,-53.97196769,69.19029808,56.86703682,-66.02559356,-55.40914489,71.40973205,-0.166968156,1,1
20.82912183,2,1571922854,AUT,FALSE,TRUE,TRUE,593.9885817,-256.6463781,136.520945,-179.8444588,-0.237866357,179.724537,-1.848898312,3.238315854,2.127828774,0.167397735,1.169261575,-0.500723608,-53.08021774,66.95790367,57.45346984,-71.46013183,-55.3970819,70.02222748,5.196306606,1,1
20.92960787,2,1571922854,AUT,FALSE,TRUE,TRUE,593.9885817,-256.6463781,136.520945,-179.8444588,-0.237866357,179.724537,-1.848898312,3.238315854,2.127828774,0.167397735,1.169261575,-0.500723608,-53.08021774,66.95790367,57.45346984,-71.46013183,-55.3970819,70.02222748,5.196306606,1,1
21.03024101,2,1571922855,AUT,FALSE,TRUE,TRUE,591.0027531,-212.3286927,139.7967171,-179.8506344,-0.173936613,179.7352925,-6.025707193,5.292254244,3.568385398,0.540287285,1.732376807,-0.447651411,-51.81963615,65.33374328,57.91514282,-75.43352966,-55.36575439,68.9201992,9.650922775,1,1
21.13124394,2,1571922855,AUT,FALSE,TRUE,TRUE,591.0576784,-173.7239126,138.2240065,-179.887684,-0.114736926,179.7070051,-7.610628985,4.344316924,4.28829214,0.391204126,2.05420261,-0.269711338,-49.34087677,64.14835624,58.02583694,-78.91457862,-55.41140808,67.4565834,14.9742794,1,1
21.23178983,2,1571922855,AUT,FALSE,TRUE,TRUE,591.0576784,-173.7239126,138.2240065,-179.887684,-0.114736926,179.7070051,-7.610628985,4.344316924,4.28829214,0.391204126,2.05420261,-0.269711338,-47.02392883,63.82010536,58.01403007,-80.09188385,-55.50915344,66.93497658,18.17703094,1,1
21.33236885,2,1571922855,AUT,FALSE,TRUE,TRUE,593.814693,-144.9155883,136.9284796,-179.9559035,-0.130151,179.7203488,-5.322770027,2.802994531,3.339909223,-0.231826638,1.901264714,-0.252751386,-47.02392883,63.82010536,58.01403007,-80.09188385,-55.50915344,66.93497658,18.17703094,1,1
21.43292999,2,1571922855,AUT,FALSE,TRUE,TRUE,597.6752176,-118.5347495,135.0692407,-179.8999115,-0.202596724,179.7262233,-4.654656548,5.819410988,3.966638608,0.275411926,2.24264105,-0.345336296,-44.65096779,63.77459106,57.88146286,-80.48819847,-55.53378479,66.67920799,20.77246513,1,1
21.53346801,2,1571922855,AUT,FALSE,TRUE,TRUE,601.9761182,-92.81437682,133.0239977,-179.8746793,-0.218615085,179.7211032,-3.178823538,4.71624798,3.981106047,-0.504435384,1.84477212,-0.394283217,-42.13707275,63.89401588,57.73065147,-80.55809555,-55.60089477,66.46342278,23.24983406,1,1
21.63402987,2,1571922855,AUT,FALSE,TRUE,TRUE,605.4749671,-68.02574878,131.408143,-179.9132671,-0.227273967,179.7784555,-0.067086634,1.722758384,1.91527671,-0.504435384,1.84477212,-0.394283217,-39.71532211,64.04762191,57.66153373,-80.53513069,-55.75618103,66.36886825,25.70809708,1,1
21.73456597,2,1571922855,AUT,FALSE,TRUE,TRUE,605.4749671,-68.02574878,131.408143,-179.9132671,-0.227273967,179.7784555,-0.067086634,1.722758384,1.91527671,-0.767646284,1.08554208,-0.148824902,-39.71532211,64.04762191,57.66153373,-80.53513069,-55.75618103,66.36886825,25.70809708,1,1
21.83508396,2,1571922855,AUT,FALSE,TRUE,TRUE,608.4314076,-48.65536363,131.3399245,179.9131653,-0.183479455,-179.9872618,0.319280103,-3.241643792,0.419353734,-0.900285637,0.743633052,0.567901165,-37.63819885,64.04847336,57.51847114,-80.36331482,-55.85175109,66.39786186,27.77385978,1,1
21.93558002,2,1571922855,AUT,FALSE,TRUE,TRUE,613.352197,-46.42455443,133.1398651,179.7586331,-0.046906796,-179.5363985,-1.144990829,-5.764133336,3.750228597,-0.558188677,0.561751986,0.705213159,-36.58835907,63.91355781,57.00242957,-79.48053245,-55.70835205,66.63582573,27.96891518,1,1
22.03608799,2,1571922856,AUT,FALSE,TRUE,TRUE,613.352197,-46.42455443,133.1398651,179.7586331,-0.046906796,-179.5363985,-1.144990829,-5.764133336,3.750228597,-0.558188677,0.561751986,0.705213159,-36.58835907,63.91355781,57.00242957,-79.48053245,-55.70835205,66.63582573,27.96891518,1,1
22.13659692,2,1571922856,AUT,FALSE,TRUE,TRUE,620.7875027,-55.19366096,132.3862937,179.9974593,0.038401508,-179.7481215,-6.453947008,3.427969581,5.507811003,0.407512268,1.074030375,-0.109934261,-36.49140816,64.35437393,56.43223228,-77.70664215,-55.12424743,66.83436584,25.99540672,1,1
22.23715281,2,1571922856,AUT,FALSE,TRUE,TRUE,629.8121174,-60.52034315,130.0176182,-179.959007,0.217953169,-179.8629414,-11.06685247,3.861167742,3.556772651,0.148252167,1.460009036,-0.2713167,-36.19340401,65.35829429,56.38743896,-75.719981,-55.34286987,67.24745178,24.81648101,1,1
22.3376739,2,1571922856,AUT,FALSE,TRUE,TRUE,643.6036552,-64.29004861,128.9008439,-179.9436237,0.278378769,-179.9239987,-11.08122326,2.930523094,2.597608072,0.043238135,1.356556365,-0.294396081,-35.2144947,66.72838554,56.39520836,-72.46040954,-55.50594543,68.33453865,23.3772686,1,1
22.43825197,2,1571922856,AUT,FALSE,TRUE,TRUE,643.6036552,-64.29004861,128.9008439,-179.9436237,0.278378769,-179.9239987,-11.08122326,2.930523094,2.597608072,0.043238135,1.356556365,-0.294396081,-35.2144947,66.72838554,56.39520836,-72.46040954,-55.50594543,68.33453865,23.3772686,1,1
22.53877997,2,1571922856,AUT,FALSE,TRUE,TRUE,660.7820311,-66.61732003,128.9566513,-179.9040744,0.250434215,-179.9257894,-9.521290873,5.573641212,3.349397154,0.505711476,1.418890389,-0.321208127,-33.58619727,68.3284172,56.37984466,-68.11089477,-55.56420593,69.92277374,21.65232239,1,1
22.63933587,2,1571922856,AUT,FALSE,TRUE,TRUE,678.3670841,-65.90353369,129.5884638,-179.9926954,0.179011717,-179.9314204,-2.121965177,2.319394099,-0.701016953,0.140686428,0.153328501,-0.267926529,-31.54610481,69.95391311,56.37393264,-63.42186126,-55.56580993,71.69550704,20.10012588,1,1
22.73987103,2,1571922856,AUT,FALSE,TRUE,TRUE,694.2219948,-63.55621801,131.3404172,-179.9543632,-0.01286184,-179.8481104,5.923797717,1.151621007,-0.214743704,0.399525605,-0.426211425,-0.132700655,-29.4164463,71.37247123,56.37805595,-58.92020301,-55.55520812,73.56997375,18.61398468,1,1
22.84080195,2,1571922856,AUT,FALSE,TRUE,TRUE,694.2219948,-63.55621801,131.3404172,-179.9543632,-0.01286184,-179.8481104,5.923797717,1.151621007,-0.214743704,0.399525605,-0.426211425,-0.132700655,-29.4164463,71.37247123,56.37805595,-58.92020301,-55.55520812,73.56997375,18.61398468,1,1
22.94166303,2,1571922857,AUT,FALSE,TRUE,TRUE,705.2588334,-60.01531866,133.3529567,-179.9742721,-0.147504541,-179.8143383,6.419688761,2.993753943,0.749780824,0.761858345,-0.491502559,-0.001279963,-27.6176033,72.39358177,56.38406753,-55.3953495,-55.49192138,74.97565384,17.66883774,1,1
23.04226685,2,1571922857,AUT,FALSE,TRUE,TRUE,709.5967331,-55.01175814,133.5492153,-179.8702724,-0.280546028,-179.8999971,6.558763031,6.297445814,3.040293047,1.071915242,-0.382541018,-0.34461072,-26.63805542,72.84531555,56.38440399,-53.96352196,-55.38947387,75.56626854,17.40675544,1,1
23.14274788,2,1571922857,AUT,FALSE,TRUE,TRUE,709.8092614,-42.30150544,130.7531112,-179.7789663,-0.273723281,179.8841984,-2.133002683,10.1222635,2.239319534,1.309885814,1.343753489,-0.873847719,-25.79169273,73.04456978,56.42601471,-54.14458694,-55.38146484,75.27764053,18.31705856,1,1
23.24327898,2,1571922857,AUT,FALSE,TRUE,TRUE,709.8092614,-42.30150544,130.7531112,-179.7789663,-0.273723281,179.8841984,-2.133002683,10.1222635,2.239319534,1.309885814,1.343753489,-0.873847719,-25.79169273,73.04456978,56.42601471,-54.14458694,-55.38146484,75.27764053,18.31705856,1,1
23.34378886,2,1571922857,AUT,FALSE,TRUE,TRUE,709.8422871,-14.27812438,128.8343091,-179.8286513,-0.151456718,179.7949837,-6.589752054,7.368064373,-0.163304401,0.464674651,1.604600109,-0.718761055,-24.42291984,73.09705696,56.50252761,-54.62540359,-55.52719848,74.86811142,20.82917862,1,1
23.44437885,2,1571922857,AUT,FALSE,TRUE,TRUE,710.8359528,14.15939387,130.6252,-179.8063191,-0.074555018,179.8135509,-3.751315913,7.568534994,0.591699054,0.567097866,0.716023869,-0.57093717,-21.5112957,73.04200859,56.60644798,-54.46143264,-55.55705383,74.99047164,23.01413269,1,1
23.54490495,2,1571922857,AUT,FALSE,TRUE,TRUE,710.8359528,14.15939387,130.6252,-179.8063191,-0.074555018,179.8135509,-3.751315913,7.568534994,0.591699054,0.567097866,0.716023869,-0.57093717,-21.5112957,73.04200859,56.60644798,-54.46143264,-55.55705383,74.99047164,23.01413269,1,1
23.64539981,2,1571922857,AUT,FALSE,TRUE,TRUE,710.6305728,46.6109256,132.8662747,-179.8999941,-0.054581023,179.8187319,-3.141230766,7.705574217,1.981555388,0.785548122,0.558829068,-0.268454693,-18.81309128,72.98415871,56.66479911,-54.11580276,-55.49406921,75.24735946,25.57911415,1,1
23.74591494,2,1571922857,AUT,FALSE,TRUE,TRUE,709.1267403,83.19903998,135.280282,179.9172042,-0.126042356,-179.937686,0.496060773,-1.444958964,1.017584265,-0.214681686,0.087907416,0.40625157,-15.46041756,72.97314491,56.58575592,-53.42021369,-55.4551831,75.757901,28.49225234,1,1
23.84642792,2,1571922857,AUT,FALSE,TRUE,TRUE,709.1267403,83.19903998,135.280282,179.9172042,-0.126042356,-179.937686,0.496060773,-1.444958964,1.017584265,-0.214681686,0.087907416,0.40625157,-15.46041756,72.97314491,56.58575592,-53.42021369,-55.4551831,75.757901,28.49225234,1,1
23.94699097,2,1571922858,AUT,FALSE,TRUE,TRUE,708.4664672,98.40639743,138.6810362,179.8690204,-0.337810876,-179.7296734,8.577366787,-6.556422506,-0.303176078,-0.962201141,-0.673924702,0.557375245,-13.78800316,72.88721466,56.44535408,-52.68002701,-55.23671447,76.44011421,29.466156,1,1
24.0475409,2,1571922858,AUT,FALSE,TRUE,TRUE,705.9769769,101.9349888,141.6912972,179.9209244,-0.598279219,-179.6416482,11.02129517,-4.205039791,0.240642017,-0.336801338,-0.050477714,0.500249832,-13.48924026,72.54483261,56.42635116,-52.8933403,-54.96385803,76.82032013,29.78232536,1,1
24.14806581,2,1571922858,AUT,FALSE,TRUE,TRUE,699.0290128,102.1367969,142.1352571,179.9916628,-0.800524675,-179.6617908,10.70184865,0.951287384,2.224391625,0.405289427,0.641838543,0.202690829,-14.14339371,71.87856331,56.44173546,-54.74797325,-54.74288452,76.40544548,30.48149185,1,1
24.24856997,2,1571922858,AUT,FALSE,TRUE,TRUE,699.0290128,102.1367969,142.1352571,179.9916628,-0.800524675,-179.6617908,10.70184865,0.951287384,2.224391625,0.405289427,0.641838543,0.202690829,-14.14339371,71.87856331,56.44173546,-54.74797325,-54.74288452,76.40544548,30.48149185,1,1
24.34910798,2,1571922858,AUT,FALSE,TRUE,TRUE,686.7272682,103.6434578,139.3071606,179.9734919,-0.838980208,-179.6808305,8.72665278,-0.596986682,0.909706207,0.22105792,0.778641759,0.290338218,-15.29406394,70.91260757,56.45616188,-58.29830474,-54.74726257,75.05666771,32.15817375,1,1
24.44962192,2,1571922858,AUT,FALSE,TRUE,TRUE,671.1048365,103.7613327,136.8803375,179.9980372,-0.748157653,-179.6459109,4.387686177,2.088553043,-0.509252076,0.650611617,1.041817735,0.289748615,-16.82944793,69.57887421,56.45170211,-62.7620121,-54.82072265,73.30567359,34.10929069,1,1
24.55051184,2,1571922858,AUT,FALSE,TRUE,TRUE,653.8734427,101.4259025,137.0137578,179.9802677,-0.647691339,-179.6070545,3.046024678,1.100991136,-0.321658822,0.358655034,1.004669771,0.046571233,-18.66802711,67.89609489,56.53843231,-67.51239051,-54.81750915,71.60871162,35.98816566,1,1
24.65177989,2,1571922858,AUT,FALSE,TRUE,TRUE,636.7692498,98.80355955,138.2708345,-179.875772,-0.54650198,-179.6777225,-1.195025087,4.960979759,1.826005063,0.907479474,1.270364671,-0.278878846,-20.49416771,66.23156318,56.77032966,-71.91536751,-54.75592529,70.03880653,37.48235779,1,1
24.75241494,2,1571922858,AUT,FALSE,TRUE,TRUE,636.7692498,98.80355955,138.2708345,-179.875772,-0.54650198,-179.6777225,-1.195025087,4.960979759,1.826005063,0.907479474,1.270364671,-0.278878846,-20.49416771,66.23156318,56.77032966,-71.91536751,-54.75592529,70.03880653,37.48235779,1,1
24.85294795,2,1571922858,AUT,FALSE,TRUE,TRUE,621.0494642,97.29198144,138.0596952,-179.9161091,-0.416889101,-179.759248,-7.651976826,5.60162989,3.553942899,0.749383302,2.043725593,-0.45337111,-21.99768791,64.80249596,56.91362915,-75.79117928,-54.7420111,68.49340095,39.05881347,1,1
24.95343184,2,1571922859,AUT,FALSE,TRUE,TRUE,611.5960677,96.59098474,136.6736151,-179.8443797,-0.187829896,-179.8570309,-12.34856007,10.68228575,5.240415618,1.288526842,2.714335257,-0.730045995,-22.89726563,63.90911865,56.84928016,-78.28826179,-54.78748352,67.1904808,39.92733421,1,1
25.05402493,2,1571922859,AUT,FALSE,TRUE,TRUE,609.1357999,100.0582314,135.0274164,-179.7763906,-0.151633929,179.9669661,-10.13569342,11.50860542,4.800329061,0.83288745,2.314391627,-1.063876982,-22.84283523,63.85098038,56.8318119,-78.82134246,-54.80706115,66.74895401,40.35440712,1,1
25.15457487,2,1571922859,AUT,FALSE,TRUE,TRUE,609.1357999,100.0582314,135.0274164,-179.7763906,-0.151633929,179.9669661,-10.13569342,11.50860542,4.800329061,0.83288745,2.314391627,-1.063876982,-22.84283523,63.85098038,56.8318119,-78.82134246,-54.80706115,66.74895401,40.35440712,1,1
25.25511193,2,1571922859,AUT,FALSE,TRUE,TRUE,609.41113,111.543154,132.1324741,-179.7528618,-0.151183237,179.8152181,-6.071663413,11.88030499,5.176949523,0.60159897,1.720396807,-1.142156242,-21.74847679,64.35043602,56.87233772,-78.37765274,-55.03320373,66.70445251,41.227882,1,1
25.35564184,2,1571922859,AUT,FALSE,TRUE,TRUE,609.6890283,131.2035533,127.7254024,-179.7090984,-0.108056862,179.7272642,-5.538211657,14.90125956,4.443578927,1.194099377,1.55462418,-0.943078203,-19.71337967,65.16225013,56.87465171,-77.52662773,-55.47828186,66.71855278,42.78564033,1,1
25.45615983,2,1571922859,AUT,FALSE,TRUE,TRUE,610.5456802,157.0655844,125.0741904,-179.8606676,-0.059493421,179.7181876,-5.254669835,11.75102557,1.723978972,0.597312715,1.311052506,-0.659620661,-16.88002281,66.03598938,56.88326568,-76.05368385,-55.83925415,67.10123749,44.79091644,1,1
25.55665684,2,1571922859,AUT,FALSE,TRUE,TRUE,610.5456802,157.0655844,125.0741904,-179.8606676,-0.059493421,179.7181876,-5.254669835,11.75102557,1.723978972,0.597312715,1.311052506,-0.659620661,-16.88002281,66.03598938,56.88326568,-76.05368385,-55.83925415,67.10123749,44.79091644,1,1
25.65717387,2,1571922859,AUT,FALSE,TRUE,TRUE,613.1745355,193.4459583,127.4021886,-179.883028,-0.048535254,179.7744211,-2.731757789,5.874221908,0.90416776,-0.332484957,0.813437635,-0.424730457,-12.68896523,66.96598892,56.97232704,-73.11034355,-55.82025329,68.38855362,46.79240913,1,1
25.75766683,2,1571922859,AUT,FALSE,TRUE,TRUE,614.0072703,222.873335,131.0524062,-179.9829619,-0.131271965,179.9432254,-0.129964232,1.887622648,2.023009727,-0.401818491,0.48389427,0.085589895,-9.232862088,67.58960037,57.02600555,-70.51080322,-55.63867126,69.72455978,48.29256134,1,1
25.85814881,2,1571922859,AUT,FALSE,TRUE,TRUE,614.0072703,222.873335,131.0524062,-179.9829619,-0.131271965,179.9432254,-0.129964232,1.887622648,2.023009727,-0.401818491,0.48389427,0.085589895,-9.232862088,67.58960037,57.02600555,-70.51080322,-55.63867126,69.72455978,48.29256134,1,1
25.9586668,2,1571922860,AUT,FALSE,TRUE,TRUE,614.6685036,246.2430577,132.7757003,179.9358899,-0.103005632,-179.9317448,0.578216968,3.036407626,1.623910493,-0.169484714,0.474688413,0.385544931,-6.293727488,68.19191208,56.8860363,-68.18999977,-55.51746459,70.67424202,49.39243354,1,1
26.05917287,2,1571922860,AUT,FALSE,TRUE,TRUE,617.858802,258.8052652,133.9394433,179.748165,-0.131347143,-179.6806724,3.047078232,-4.946586103,-0.14856068,-0.751238137,-0.027442601,1.004216966,-4.3009243,68.74089546,56.61712532,-66.02048836,-55.3655841,71.59105796,49.67494354,1,1
26.15966702,2,1571922860,AUT,FALSE,TRUE,TRUE,617.858802,258.8052652,133.9394433,179.748165,-0.131347143,-179.6806724,3.047078232,-4.946586103,-0.14856068,-0.751238137,-0.027442601,1.004216966,-4.3009243,68.74089546,56.61712532,-66.02048836,-55.3655841,71.59105796,49.67494354,1,1
26.26037502,2,1571922860,AUT,FALSE,TRUE,TRUE,619.1331798,261.4852767,134.8117724,179.9241428,-0.491762654,-179.677386,9.612883914,-0.002671348,0.584855872,-0.233063036,-0.184809376,0.65804934,-3.742303844,68.99469681,56.57901306,-65.04159622,-55.01973999,72.19491806,49.15788574,1,1
26.36111689,2,1571922860,AUT,FALSE,TRUE,TRUE,609.8908227,263.1697383,132.8512709,179.9501319,-0.671579401,-179.6180885,7.459233368,2.005916047,-0.190788795,0.405785561,0.751094687,0.539132667,-4.023691175,68.58478317,56.62924118,-66.85005569,-55.04800781,71.62639961,50.28511734,1,1
26.46194601,2,1571922860,AUT,FALSE,TRUE,TRUE,609.8908227,263.1697383,132.8512709,179.9501319,-0.671579401,-179.6180885,7.459233368,2.005916047,-0.190788795,0.405785561,0.751094687,0.539132667,-4.463909906,67.65612945,56.66014709,-69.91885986,-55.08882202,70.36622658,52.30970192,1,1
26.56266284,2,1571922860,AUT,FALSE,TRUE,TRUE,594.5143116,266.9166768,130.7632563,179.9769825,-0.704980685,-179.6484302,6.642427072,3.815742744,-0.827307852,0.620592326,0.865368962,0.561659167,-4.463909906,67.65612945,56.66014709,-69.91885986,-55.08882202,70.36622658,52.30970192,1,1
26.66317201,2,1571922860,AUT,FALSE,TRUE,TRUE,575.2148674,270.32956,129.6175663,179.9139745,-0.652954785,-179.5701332,4.134771866,2.432865759,0.412375887,0.5016285,1.053518986,0.681522655,-4.956066513,66.29741936,56.67932853,-73.92879409,-55.17756958,68.86600227,54.91697044,1,1
26.763659,2,1571922860,AUT,FALSE,TRUE,TRUE,575.2148674,270.32956,129.6175663,179.9139745,-0.652954785,-179.5701332,4.134771866,2.432865759,0.412375887,0.5016285,1.053518986,0.681522655,-4.956066513,66.29741936,56.67932853,-73.92879409,-55.17756958,68.86600227,54.91697044,1,1
26.8641789,2,1571922860,AUT,FALSE,TRUE,TRUE,542.450106,272.5261945,129.6690539,179.9667215,-0.591246144,-179.5711709,1.971035477,3.479338571,1.263144809,0.548595733,1.261811521,0.458147168,-6.037862775,63.85986557,56.84464874,-80.40912781,-55.17411987,66.40481758,58.76960106,1,1
26.96469498,2,1571922861,AUT,FALSE,TRUE,TRUE,518.598225,271.2629634,130.520277,179.9683186,-0.498693233,-179.5603132,0.072593334,3.124263731,1.161371192,0.488060778,1.397368254,0.293242849,-6.946936794,61.92316818,57.03668976,-85.15765914,-55.17379028,64.61391563,61.48182334,1,1
27.06517696,2,1571922861,AUT,FALSE,TRUE,TRUE,518.598225,271.2629634,130.520277,179.9683186,-0.498693233,-179.5603132,0.072593334,3.124263731,1.161371192,0.488060778,1.397368254,0.293242849,-6.946936794,61.92316818,57.03668976,-85.15765914,-55.17379028,64.61391563,61.48182334,1,1
27.16569686,2,1571922861,AUT,FALSE,TRUE,TRUE,496.4774214,266.956693,130.8537333,-179.9083709,-0.418487756,-179.6741866,-2.069901938,7.43448087,3.833534883,0.829810324,1.691192993,-0.220127578,-8.011669919,60.03628349,57.24003983,-89.67988243,-55.16680297,62.78228187,63.80182343,1,1
33.88027596,3,1571922867,AUT,FALSE,FALSE,TRUE,471.9766892,-399.989393,169.9746361,-179.9919192,-0.007392157,-179.9997366,-2.572166146,-1.028663091,-0.257590051,-0.178164533,0.725504537,0.124877012,-72.54246368,60.69018974,57.5176197,-78.18078804,-51.98309692,69.02383461,-10.38271866,0.5,1
33.98146582,3,1571922868,AUT,FALSE,TRUE,TRUE,471.6457419,-399.8483007,169.6386855,-179.9913651,-0.102060115,179.9521021,-0.779807024,-0.627612291,3.686962157,-0.310890385,0.873088044,0.176036643,-72.53848801,60.71497764,57.51427574,-78.1766201,-51.98470642,69.10744056,-10.38314438,1,1
34.08223581,3,1571922868,AUT,FALSE,TRUE,TRUE,471.6457419,-399.8483007,169.6386855,-179.9913651,-0.102060115,179.9521021,-0.779807024,-0.627612291,3.686962157,-0.310890385,0.873088044,0.176036643,-72.53848801,60.71497764,57.51427574,-78.1766201,-51.98470642,69.10744056,-10.38314438,1,1
34.18276882,3,1571922868,AUT,FALSE,TRUE,TRUE,470.0104524,-402.3611483,158.2323411,179.9948459,-0.256540445,179.965509,0.402341679,0.132685578,7.408527305,-0.344111075,1.006493253,-0.067324079,-72.45869636,61.54211769,56.86997909,-78.18226433,-52.53995544,68.35466423,-10.39050179,1,1
34.28333592,3,1571922868,AUT,FALSE,TRUE,TRUE,470.3149945,-403.8966425,141.6193782,-179.9002727,-0.085040656,179.902672,-0.095133495,1.425168147,2.539410864,-0.344111075,1.006493253,-0.067324079,-72.27697563,62.94299469,56.16844024,-78.17927742,-53.47068969,66.99423065,-10.27437973,1,1
34.38385892,3,1571922868,AUT,FALSE,TRUE,TRUE,470.3149945,-403.8966425,141.6193782,-179.9002727,-0.085040656,179.902672,-0.095133495,1.425168147,2.539410864,-0.386364692,0.383741313,-0.470153626,-72.27697563,62.94299469,56.16844024,-78.17927742,-53.47068969,66.99423065,-10.27437973,1,1
34.484411,3,1571922868,AUT,FALSE,TRUE,TRUE,470.6460241,-403.8392689,129.6546007,-179.8941211,-0.081771978,179.8418544,2.059586631,0.956770314,1.099411481,-0.572129477,0.086265497,-0.527710908,-72.18625603,64.2115036,56.02667198,-78.17786979,-54.54863525,66.31569786,-9.838905719,1,1
34.58492398,3,1571922868,AUT,FALSE,TRUE,TRUE,470.6460241,-403.8392689,129.6546007,-179.8941211,-0.081771978,179.8418544,2.059586631,0.956770314,1.099411481,-0.572129477,0.086265497,-0.527710908,-72.21494751,64.84873809,56.01665039,-78.16746025,-55.14044128,65.94142799,-9.655413438,1,1
34.68543291,3,1571922868,AUT,FALSE,TRUE,TRUE,470.8118714,-404.2297562,124.0613192,-179.8824726,0.002786749,179.8368974,-0.435492467,2.156777014,-5.588559697,-0.264816468,0.244305225,-0.490309863,-72.21494751,64.84873809,56.01665039,-78.16746025,-55.14044128,65.94142799,-9.655413438,1,1
34.78597403,3,1571922868,AUT,FALSE,TRUE,TRUE,473.0680896,-403.34273,127.0101695,-179.8803862,0.142913345,179.9006262,-3.129182992,1.728330506,0.50770342,-0.083128894,0.1414656,-0.438106882,-72.11603966,64.77317619,56.29405174,-78.02809181,-55.1596289,66.14535828,-9.520037844,1,1
34.88650489,3,1571922868,AUT,FALSE,TRUE,TRUE,473.0680896,-403.34273,127.0101695,-179.8803862,0.142913345,179.9006262,-3.129182992,1.728330506,0.50770342,-0.083128894,0.1414656,-0.438106882,-72.11603966,64.77317619,56.29405174,-78.02809181,-55.1596289,66.14535828,-9.520037844,1,1
34.98702788,3,1571922869,AUT,FALSE,TRUE,TRUE,482.5022223,-397.1796433,131.5497716,-179.9703523,0.335270995,179.9859592,-9.762979681,-1.674936629,3.25347176,-0.075638568,0.885179715,-0.092258439,-71.16990738,64.71076354,56.66912155,-77.47747421,-55.13048767,66.59106331,-8.713442231,1,1
35.08745599,3,1571922869,AUT,FALSE,TRUE,TRUE,499.3838713,-391.4439569,134.7396949,179.9957744,0.339123119,-179.8389811,-7.631523326,-4.781158775,3.418612122,-0.148036125,0.783697989,0.031332035,-68.98903198,65.15923919,56.64974441,-75.36920471,-55.02755676,67.51453285,-8.0774746,1,1
35.18798399,3,1571922869,AUT,FALSE,TRUE,TRUE,499.3838713,-391.4439569,134.7396949,179.9957744,0.339123119,-179.8389811,-7.631523326,-4.781158775,3.418612122,-0.148036125,0.783697989,0.031332035,-68.98903198,65.15923919,56.64974441,-75.36920471,-55.02755676,67.51453285,-8.0774746,1,1
35.28847694,3,1571922869,AUT,FALSE,TRUE,TRUE,525.5092436,-391.6854518,134.7674816,-179.9944317,0.360494184,-179.7491623,-3.233261972,-4.630117945,3.259619003,-0.040399278,0.077087322,0.062555939,-66.13926429,66.40590934,56.33146019,-71.52275047,-54.90527893,68.86336212,-8.342324069,1,1
35.389009,3,1571922869,AUT,FALSE,TRUE,TRUE,544.8405368,-392.8470441,133.0678117,-179.9809036,0.36889514,-179.8812028,-4.636659198,-0.427536388,1.766851906,-0.040399278,0.077087322,0.062555939,-62.91701546,68.47381439,56.12935638,-66.26766014,-54.9081958,70.53233299,-9.321751788,1,1
35.48948789,3,1571922869,AUT,FALSE,TRUE,TRUE,544.8405368,-392.8470441,133.0678117,-179.9809036,0.36889514,-179.8812028,-4.636659198,-0.427536388,1.766851906,0.152674655,0.03433164,-0.12810423,-62.91701546,68.47381439,56.12935638,-66.26766014,-54.9081958,70.53233299,-9.321751788,1,1
35.59017301,3,1571922869,AUT,FALSE,TRUE,TRUE,563.782926,-394.1926983,132.26112,-179.9833269,0.311119946,-179.8881023,-2.826177581,1.195230449,1.179756268,0.658424688,0.592002169,-0.120765916,-60.2826107,70.13288726,56.06332168,-61.79245834,-55.01596069,72.10696907,-10.15128136,1,1
35.6908989,3,1571922869,AUT,FALSE,TRUE,TRUE,579.6121019,-397.3459834,132.6419319,-179.9239656,0.123869825,-179.8395505,2.011464468,1.335501615,3.007752156,0.310634408,-0.27409849,-0.304848944,-57.93561516,71.55482368,55.91684989,-57.43715515,-55.0159552,73.72680702,-11.34331856,1,1
35.7916398,3,1571922869,AUT,FALSE,TRUE,TRUE,589.1864654,-401.796141,132.9396175,-179.8843303,-0.067969355,-179.9260379,8.647563127,3.689557115,1.024456491,0.707229742,-0.965091948,-0.606404108,-56.3136589,72.6803627,55.79496689,-53.91614685,-54.91731994,75.07173958,-12.61214333,1,1
35.89238882,3,1571922869,AUT,FALSE,TRUE,TRUE,589.1864654,-401.796141,132.9396175,-179.8843303,-0.067969355,-179.9260379,8.647563127,3.689557115,1.024456491,0.707229742,-0.965091948,-0.606404108,-56.3136589,72.6803627,55.79496689,-53.91614685,-54.91731994,75.07173958,-12.61214333,1,1
35.99294281,3,1571922870,AUT,FALSE,TRUE,TRUE,594.3794217,-402.731258,131.8337453,-179.7778536,-0.243614333,179.8987062,10.95797866,8.296030613,1.237560425,1.155625309,-1.269409497,-0.959866938,-55.38095398,73.42092704,55.78957672,-51.99488182,-54.89105712,75.83749351,-13.30984726,1,1
36.09354186,3,1571922870,AUT,FALSE,TRUE,TRUE,596.5777912,-395.7813726,129.7985503,-179.6534617,-0.315217686,179.6685074,6.474381956,7.919605635,0.791349728,0.548993603,0.033602594,-1.513797756,-55.05194435,73.5164463,55.89111786,-52.37450409,-54.89144165,75.74130821,-12.75847435,1,1
36.19411898,3,1571922870,AUT,FALSE,TRUE,TRUE,596.5777912,-395.7813726,129.7985503,-179.6534617,-0.315217686,179.6685074,6.474381956,7.919605635,0.791349728,0.548993603,0.033602594,-1.513797756,-55.05194435,73.5164463,55.89111786,-52.37450409,-54.89144165,75.74130821,-12.75847435,1,1
36.29467893,3,1571922870,AUT,FALSE,TRUE,TRUE,598.205668,-376.711992,127.1723578,-179.6430338,-0.375047811,179.566261,4.551768564,8.710574886,0.215702247,0.457224008,0.315950099,-1.515160734,-54.8101799,72.88437538,55.92819328,-55.02794266,-54.93122314,74.76709899,-10.37755166,1,1
36.39524484,3,1571922870,AUT,FALSE,TRUE,TRUE,598.7580233,-351.9771424,126.3449534,-179.6635036,-0.353329772,179.5013225,3.181941618,9.569865272,0.920732579,0.460141163,0.551977119,-1.396179748,-54.60788726,71.78013611,56.06525116,-58.73234367,-54.97751953,73.49028854,-7.177090075,1,1
36.49579501,3,1571922870,AUT,FALSE,TRUE,TRUE,597.3354378,-319.514811,126.8609205,-179.7009468,-0.401875695,179.4866789,0.853643792,8.065958622,-0.253424044,0.465723046,0.547944966,-1.119151138,-54.26662788,70.19901466,56.28510131,-63.46917458,-55.04229492,72.01897201,-2.986952594,1,1
36.59635687,3,1571922870,AUT,FALSE,TRUE,TRUE,594.0679985,-281.5981299,128.3126155,-179.7815555,-0.316029794,179.5004695,-0.89868187,7.822859966,2.539110498,0.465723046,0.547944966,-1.119151138,-53.72171288,68.32019806,56.55356254,-68.72283668,-55.07591308,70.20353622,1.919266887,1,1
36.69691086,3,1571922870,AUT,FALSE,TRUE,TRUE,594.0679985,-281.5981299,128.3126155,-179.7815555,-0.316029794,179.5004695,-0.89868187,7.822859966,2.539110498,0.267712881,1.093491952,-0.828844592,-53.72171288,68.32019806,56.55356254,-68.72283668,-55.07591308,70.20353622,1.919266887,1,1
36.7973969,3,1571922870,AUT,FALSE,TRUE,TRUE,589.6314294,-241.4091465,130.1425731,-179.8412494,-0.228013449,179.5327975,-3.599452179,5.285283215,0.402251034,-0.002178257,1.2449984,-0.54663925,-52.74906921,66.38828659,56.885923,-73.88818931,-55.12985595,68.46768951,6.987376781,1,1
36.8979609,3,1571922870,AUT,FALSE,TRUE,TRUE,585.6030777,-200.2045101,132.8880276,-179.8464274,-0.188804324,179.6019111,-7.545392123,4.429464345,2.58054857,-0.122778879,1.675546187,-0.339688945,-51.20757408,64.62591132,57.24940223,-78.1906517,-55.14898864,67.09944191,12.02560729,1,1
36.99847794,3,1571922871,AUT,FALSE,TRUE,TRUE,583.7660276,-162.5493189,135.8110947,-179.954867,-0.090977899,179.7237292,-8.686930759,5.269521645,3.852357401,0.550957325,2.082825251,-0.129609909,-49.16184082,63.23217888,57.54613953,-81.24268799,-55.14296264,66.12500267,16.59931526,1,1
37.09898496,3,1571922871,AUT,FALSE,TRUE,TRUE,583.7660276,-162.5493189,135.8110947,-179.954867,-0.090977899,179.7237292,-8.686930759,5.269521645,3.852357401,0.550957325,2.082825251,-0.129609909,-49.16184082,63.23217888,57.54613953,-81.24268799,-55.14296264,66.12500267,16.59931526,1,1
37.19949389,3,1571922871,AUT,FALSE,TRUE,TRUE,584.6364443,-129.5982452,137.5354136,-179.9464448,-0.083148953,179.8110102,-6.934292995,2.797609946,3.867082383,-0.216415776,1.623002647,-0.25133231,-46.73920441,62.40534782,57.65274124,-82.87798232,-55.04883728,65.58512077,20.24442444,1,1
37.30008101,3,1571922871,AUT,FALSE,TRUE,TRUE,589.3900681,-94.19619458,135.8349509,-179.903013,-0.11942126,179.8008934,-4.619634518,5.511305637,3.786720988,0.286031681,1.530116472,-0.355581423,-43.38355407,62.28844299,57.47151489,-83.30156708,-55.02922119,65.28194618,23.77357635,1,1
37.40095186,3,1571922871,AUT,FALSE,TRUE,TRUE,589.3900681,-94.19619458,135.8349509,-179.903013,-0.11942126,179.8008934,-4.619634518,5.511305637,3.786720988,0.286031681,1.530116472,-0.355581423,-40.670755,62.57814559,57.22865868,-83.20690956,-55.18456787,65.07783394,26.46377449,1,1
37.50156403,3,1571922871,AUT,FALSE,TRUE,TRUE,593.4710379,-67.37399042,132.2527282,-179.9870014,-0.183102334,179.8436349,-0.900951528,1.987275386,2.150244293,-0.160938023,0.997227856,-0.059271855,-40.670755,62.57814559,57.22865868,-83.20690956,-55.18456787,65.07783394,26.46377449,1,1
37.60250998,3,1571922871,AUT,FALSE,TRUE,TRUE,599.2369366,-49.6098,132.1153957,179.8256657,0.056540916,-179.664783,-0.900951528,1.987275386,2.150244293,-0.160938023,0.997227856,-0.059271855,-38.28835601,62.7403347,56.76032524,-82.56252021,-55.35940429,65.01943817,28.27479171,1,1
37.70300984,3,1571922871,AUT,FALSE,TRUE,TRUE,599.2369366,-49.6098,132.1153957,179.8256657,0.056540916,-179.664783,-1.069799111,-4.461074814,-2.425484273,-0.554823294,0.18164113,0.562198616,-38.28835601,62.7403347,56.76032524,-82.56252021,-55.35940429,65.01943817,28.27479171,1,1
37.80354381,3,1571922871,AUT,FALSE,TRUE,TRUE,609.8872512,-52.24269883,137.0258099,179.9561078,0.095821641,-179.7583518,-5.389519962,1.189899014,3.685873644,-0.554823294,0.18164113,0.562198616,-37.34361076,62.88101463,56.51880111,-80.29648018,-54.65133544,66.02889976,26.93043251,1,1
37.90415788,3,1571922871,AUT,FALSE,TRUE,TRUE,609.8872512,-52.24269883,137.0258099,179.9561078,0.095821641,-179.7583518,-5.389519962,1.189899014,3.685873644,0.081428356,0.81130506,-0.008299774,-37.34361076,62.88101463,56.51880111,-80.29648018,-54.65133544,66.02889976,26.93043251,1,1
38.00470495,3,1571922872,AUT,FALSE,TRUE,TRUE,628.9139061,-58.37304227,138.3733215,-179.9902849,0.318163222,-179.9026381,-11.91440469,2.676906772,4.488498918,0.081428356,0.81130506,-0.008299774,-36.24463806,64.35065574,56.47329025,-76.16001778,-54.59543151,67.45097694,24.83182411,1,1
38.10523987,3,1571922872,AUT,FALSE,TRUE,TRUE,628.9139061,-58.37304227,138.3733215,-179.9902849,0.318163222,-179.9026381,-11.91440469,2.676906772,4.488498918,0.511989427,1.654729992,-0.309120617,-36.24463806,64.35065574,56.47329025,-76.16001778,-54.59543151,67.45097694,24.83182411,1,1
38.20580792,3,1571922872,AUT,FALSE,TRUE,TRUE,652.286947,-60.95105935,136.2885889,-179.9302133,0.275276382,-179.9611215,-8.957394313,3.762121471,3.670270142,0.078087364,1.259496449,-0.448519016,-34.05892868,66.64932174,56.25545539,-70.40397491,-54.70533325,69.41191635,22.61138763,1,1
38.30631685,3,1571922872,AUT,FALSE,TRUE,TRUE,671.1346622,-59.36004771,132.9772875,-179.8987936,0.139514134,-179.9470531,-2.369330765,1.586905536,4.380267535,-0.181727089,0.622627461,-0.252668278,-31.77028427,68.67590103,56.00279045,-65.5150074,-54.83323608,71.0155529,21.06535721,1,1
38.40690184,3,1571922872,AUT,FALSE,TRUE,TRUE,687.1978499,-56.65233231,131.3588479,-179.9733536,0.000347005,-179.8975432,5.650871736,0.965117555,-1.407085141,-0.038241745,-0.59910714,-0.061333393,-29.57556266,70.37128029,55.79935798,-61.03293914,-54.86813964,72.54639816,19.79492226,1,1
38.50749087,3,1571922872,AUT,FALSE,TRUE,TRUE,687.1978499,-56.65233231,131.3588479,-179.9733536,0.000347005,-179.8975432,5.650871736,0.965117555,-1.407085141,-0.038241745,-0.59910714,-0.061333393,-29.57556266,70.37128029,55.79935798,-61.03293914,-54.86813964,72.54639816,19.79492226,1,1
38.60802698,3,1571922872,AUT,FALSE,TRUE,TRUE,698.8290861,-54.98418302,133.7382512,-179.9473156,-0.10430451,-179.7993241,7.040759872,3.03287659,-0.638626361,0.69738467,-0.671145488,-0.008787857,-27.93370743,71.38602562,55.78465347,-57.54684677,-54.84914978,74.00230979,18.67375374,1,1
38.708565,3,1571922872,AUT,FALSE,TRUE,TRUE,704.3033424,-50.80982845,136.5275896,-179.8625798,-0.236245095,-179.9043885,7.261748128,7.023292057,1.50357241,1.204520563,-0.628596993,-0.470741087,-26.91464653,71.79461403,55.86937523,-55.74748535,-54.66083862,74.91410293,18.19061966,1,1
38.80910182,3,1571922872,AUT,FALSE,TRUE,TRUE,704.9063939,-37.54665193,137.0494203,-179.7540538,-0.269968593,179.8829553,-0.762480065,11.26429076,1.462842675,1.204520563,-0.628596993,-0.470741087,-25.97339973,71.83854218,56.06977958,-55.71204071,-54.60652221,74.99448853,19.06407394,1,1
38.9096148,3,1571922872,AUT,FALSE,TRUE,TRUE,704.9063939,-37.54665193,137.0494203,-179.7540538,-0.269968593,179.8829553,-0.762480065,11.26429076,1.462842675,1.537556902,1.221198144,-1.12704251,-25.97339973,71.83854218,56.06977958,-55.71204071,-54.60652221,74.99448853,19.06407394,1,1
39.01019001,3,1571922873,AUT,FALSE,TRUE,TRUE,704.7313076,-5.904962537,137.3141616,-179.785666,-0.125534756,179.7362758,-7.081352369,8.850799001,0.993889818,0.646700954,1.720023728,-0.933840051,-23.79348221,71.74479103,56.33576889,-56.24102554,-54.72493286,74.74485855,21.84748077,1,1
39.11091685,3,1571922873,AUT,FALSE,TRUE,TRUE,704.6561789,35.7283505,138.4185414,-179.8754854,-0.069704446,179.7563864,-7.081352369,8.850799001,0.993889818,0.646700954,1.720023728,-0.933840051,-20.430447,71.71038666,56.36956558,-56.08834648,-54.71964294,74.81092414,25.23468589,1,1
39.21163082,3,1571922873,AUT,FALSE,TRUE,TRUE,704.6561789,35.7283505,138.4185414,-179.8754854,-0.069704446,179.7563864,-4.757990057,8.277576177,2.318494671,1.007748349,1.172816659,-0.496412747,-20.430447,71.71038666,56.36956558,-56.08834648,-54.71964294,74.81092414,25.23468589,1,1
39.31226683,3,1571922873,AUT,FALSE,TRUE,TRUE,703.6768631,81.81485259,139.5948673,179.9333161,-0.084909512,-179.9111174,-1.28275241,-3.5999755,1.480615345,1.007748349,1.172816659,-0.496412747,-16.78530693,71.77148437,56.16886596,-55.20879821,-54.68614013,75.22646141,28.8939949,1,1
39.41277981,3,1571922873,AUT,FALSE,TRUE,TRUE,703.6768631,81.81485259,139.5948673,179.9333161,-0.084909512,-179.9111174,-1.28275241,-3.5999755,1.480615345,-0.585705212,0.39721077,0.418096065,-16.78530693,71.77148437,56.16886596,-55.20879821,-54.68614013,75.22646141,28.8939949,1,1
39.51327682,3,1571922873,AUT,FALSE,TRUE,TRUE,706.0522341,98.26694066,140.5189957,179.9190912,-0.256938182,-179.7254063,4.768807107,-1.234740608,2.132565153,-0.585705212,0.39721077,0.418096065,-14.08712311,72.04174461,55.71560096,-53.55408211,-54.35701721,75.91381416,29.54179344,1,1
39.61382389,3,1571922873,AUT,FALSE,TRUE,TRUE,706.0522341,98.26694066,140.5189957,179.9190912,-0.256938182,-179.7254063,4.768807107,-1.234740608,2.132565153,-0.149595902,-0.2526433,0.29927695,-14.08712311,72.04174461,55.71560096,-53.55408211,-54.35701721,75.91381416,29.54179344,1,1
39.71439195,3,1571922873,AUT,FALSE,TRUE,TRUE,701.838008,99.8360077,136.8228716,-179.9880302,-0.759573265,-179.703318,10.48639226,0.815103463,2.505866489,0.316733769,0.608701689,0.128260491,-13.79332123,72.25341682,55.62541351,-53.76409263,-54.30291503,75.93898315,29.86217193,1,1
39.81488085,3,1571922873,AUT,FALSE,TRUE,TRUE,701.838008,99.8360077,136.8228716,-179.9880302,-0.759573265,-179.703318,10.48639226,0.815103463,2.505866489,0.316733769,0.608701689,0.128260491,-13.79332123,72.25341682,55.62541351,-53.76409263,-54.30291503,75.93898315,29.86217193,1,1
39.9154098,3,1571922873,AUT,FALSE,TRUE,TRUE,690.7785011,102.9908873,133.293589,179.9358869,-0.825956649,-179.6924964,9.081195226,2.596980271,-1.534048884,0.670752597,0.760054069,0.37230058,-14.75874481,71.49354744,55.65867462,-57.22596703,-54.40272583,74.71190643,31.55510673,1,1
40.01597691,3,1571922874,AUT,FALSE,TRUE,TRUE,690.7785011,102.9908873,133.293589,179.9358869,-0.825956649,-179.6924964,9.081195226,2.596980271,-1.534048884,0.670752597,0.760054069,0.37230058,-14.75874481,71.49354744,55.65867462,-57.22596703,-54.40272583,74.71190643,31.55510673,1,1
40.11645889,3,1571922874,AUT,FALSE,TRUE,TRUE,672.0902212,105.5844141,134.0837769,179.9090428,-0.774185862,-179.5622118,8.146228448,-3.030451909,-0.936783154,-0.140306779,0.694936914,0.449186615,-16.30349121,69.66096611,55.75284462,-62.39754753,-54.42173217,73.0220993,34.08804244,1,1
40.21696591,3,1571922874,AUT,FALSE,TRUE,TRUE,672.0902212,105.5844141,134.0837769,179.9090428,-0.774185862,-179.5622118,8.146228448,-3.030451909,-0.936783154,-0.140306779,0.694936914,0.449186615,-18.50216446,67.31440658,55.87574729,-69.99506378,-54.22883972,70.30441131,37.03531036,1,1
40.31749201,3,1571922874,AUT,FALSE,TRUE,TRUE,643.3712185,103.3974713,135.4297425,-179.9717904,-0.663290532,-179.5453765,-0.4785905,4.551182485,2.47327403,1.433497727,1.449037852,0.287635193,-18.50216446,67.31440658,55.87574729,-69.99506378,-54.22883972,70.30441131,37.03531036,1,1
40.4180088,3,1571922874,AUT,FALSE,TRUE,TRUE,643.3712185,103.3974713,135.4297425,-179.9717904,-0.663290532,-179.5453765,-0.4785905,4.551182485,2.47327403,1.433497727,1.449037852,0.287635193,-18.50216446,67.31440658,55.87574729,-69.99506378,-54.22883972,70.30441131,37.03531036,1,1
40.518543,3,1571922874,AUT,FALSE,TRUE,TRUE,618.9038796,97.048619,133.3447877,-179.9726725,-0.310961682,-179.7695253,-9.543733477,6.195808356,2.768925571,0.653506959,2.043677551,-0.621123821,-21.39583626,64.80942764,55.86888428,-75.60760803,-54.22291809,67.36789284,39.09971694,1,1
40.61905098,3,1571922874,AUT,FALSE,TRUE,TRUE,618.9038796,97.048619,133.3447877,-179.9726725,-0.310961682,-179.7695253,-9.543733477,6.195808356,2.768925571,0.653506959,2.043677551,-0.621123821,-22.76987915,63.47856102,56.10701637,-79.14786987,-54.25680541,66.25914917,40.15717163,1,1
40.719486,3,1571922874,AUT,FALSE,TRUE,TRUE,607.5484563,98.05935431,133.7156605,-179.814648,-0.219136827,-179.952367,-9.29092035,9.975216174,4.259031024,1.062521161,2.327053643,-0.881547864,-22.76987915,63.47856102,56.10701637,-79.14786987,-54.25680541,66.25914917,40.15717163,1,1
40.82006097,3,1571922874,AUT,FALSE,TRUE,TRUE,605.3276358,107.2310683,133.8105438,-179.7434718,-0.157742237,179.8714601,-8.310106416,13.93611669,6.068947982,0.861558538,2.072975544,-1.156933511,-22.25290374,63.47420082,56.33583755,-79.41609421,-54.35488586,66.13358574,41.00465698,1,1
40.92090392,3,1571922874,AUT,FALSE,TRUE,TRUE,605.3276358,107.2310683,133.8105438,-179.7434718,-0.157742237,179.8714601,-8.310106416,13.93611669,6.068947982,0.861558538,2.072975544,-1.156933511,-22.25290374,63.47420082,56.33583755,-79.41609421,-54.35488586,66.13358574,41.00465698,1,1
41.02155995,3,1571922875,AUT,FALSE,TRUE,TRUE,604.3846524,136.9029795,131.9671172,-179.7868643,-0.083201329,179.6967218,-6.237808761,12.2418964,3.034032288,0.745345054,1.419709711,-0.916012392,-19.33744468,64.15025825,56.51252861,-78.46291694,-54.65604858,66.31850281,43.43940239,1,1
41.12214088,3,1571922875,AUT,FALSE,TRUE,TRUE,605.3403807,167.3184759,131.7827181,-179.8013146,-0.04914449,179.6832464,-6.005331155,11.04975332,1.920625106,0.762728862,1.378583878,-0.666117662,-16.00528106,64.89816971,56.51748962,-76.60617256,-54.76122619,66.98834266,45.50851936,1,1
41.22270393,3,1571922875,AUT,FALSE,TRUE,TRUE,605.3403807,167.3184759,131.7827181,-179.8013146,-0.04914449,179.6832464,-6.005331155,11.04975332,1.920625106,0.762728862,1.378583878,-0.666117662,-16.00528106,64.89816971,56.51748962,-76.60617256,-54.76122619,66.98834266,45.50851936,1,1
41.32320094,3,1571922875,AUT,FALSE,TRUE,TRUE,608.799406,214.2875162,134.8229117,-179.926382,-0.039188073,179.7686176,-4.206027938,5.823930045,2.865721252,0.041830888,0.965556893,-0.275220428,-11.45156822,66.15542106,56.51920624,-72.53619461,-54.688255,68.73761329,48.04455184,1,1
41.4237349,3,1571922875,AUT,FALSE,TRUE,TRUE,608.799406,214.2875162,134.8229117,-179.926382,-0.039188073,179.7686176,-4.206027938,5.823930045,2.865721252,0.041830888,0.965556893,-0.275220428,-11.45156822,66.15542106,56.51920624,-72.53619461,-54.688255,68.73761329,48.04455184,1,1
41.524266,3,1571922875,AUT,FALSE,TRUE,TRUE,613.0875228,250.5771072,137.2074307,179.8976736,-0.101477025,-179.9012282,2.925911996,-1.92719027,-0.062776183,-0.7662812,0.351245794,0.358612492,-6.36856155,67.27681961,56.26370544,-68.14399795,-54.55750671,70.66743736,49.46740494,1,1
41.62479997,3,1571922875,AUT,FALSE,TRUE,TRUE,613.0875228,250.5771072,137.2074307,179.8976736,-0.101477025,-179.9012282,2.925911996,-1.92719027,-0.062776183,-0.7662812,0.351245794,0.358612492,-6.36856155,67.27681961,56.26370544,-68.14399795,-54.55750671,70.66743736,49.46740494,1,1
41.72532797,3,1571922875,AUT,FALSE,TRUE,TRUE,617.1870077,265.172976,139.5519062,179.8586652,-0.311006285,-179.6872627,8.036482504,-3.480175429,0.892686309,-0.880716507,-0.328049461,0.746857382,-3.572702406,68.23468323,56.14351158,-65.31722259,-54.33055114,72.04725151,49.44899597,1,1
41.82587981,3,1571922875,AUT,FALSE,TRUE,TRUE,617.1870077,265.172976,139.5519062,179.8586652,-0.311006285,-179.6872627,8.036482504,-3.480175429,0.892686309,-0.880716507,-0.328049461,0.746857382,-3.572702406,68.23468323,56.14351158,-65.31722259,-54.33055114,72.04725151,49.44899597,1,1
41.92643094,3,1571922875,AUT,FALSE,TRUE,TRUE,612.0549151,264.7207667,137.7144893,179.9536887,-0.612151757,-179.6054427,8.115996855,0.775480952,1.354326506,0.234934671,0.653644931,0.367118439,-3.403289794,68.11696815,56.16855011,-66.16599541,-54.28262878,71.89075126,49.83879089,1,1
42.0269618,3,1571922876,AUT,FALSE,TRUE,TRUE,612.0549151,264.7207667,137.7144893,179.9536887,-0.612151757,-179.6054427,8.115996855,0.775480952,1.354326506,0.234934671,0.653644931,0.367118439,-3.403289794,68.11696815,56.16855011,-66.16599541,-54.28262878,71.89075126,49.83879089,1,1
42.12747502,3,1571922876,AUT,FALSE,TRUE,TRUE,589.26567,268.6349842,132.3577079,-179.9886301,-0.72679069,-179.7139029,6.609620393,6.070548824,0.032252909,0.858047055,1.003776256,0.252424005,-4.302730175,67.1915554,56.28561973,-70.99693451,-54.47365905,69.87081528,52.72433624,1,1
42.22799993,3,1571922876,AUT,FALSE,TRUE,TRUE,589.26567,268.6349842,132.3577079,-179.9886301,-0.72679069,-179.7139029,6.609620393,6.070548824,0.032252909,0.858047055,1.003776256,0.252424005,-4.302730175,67.1915554,56.28561973,-70.99693451,-54.47365905,69.87081528,52.72433624,1,1
42.32851696,3,1571922876,AUT,FALSE,TRUE,TRUE,562.3222344,273.4964931,130.929447,179.925216,-0.599290594,-179.578272,2.682562903,2.767827597,0.006859537,0.388578705,1.206494268,0.580445367,-5.00338325,65.02183456,56.30958366,-76.3722908,-54.63598205,67.76103172,56.37165985,1,1
42.42904091,3,1571922876,AUT,FALSE,TRUE,TRUE,562.3222344,273.4964931,130.929447,179.925216,-0.599290594,-179.578272,2.682562903,2.767827597,0.006859537,0.388578705,1.206494268,0.580445367,-5.00338325,65.02183456,56.30958366,-76.3722908,-54.63598205,67.76103172,56.37165985,1,1
42.52950501,3,1571922876,AUT,FALSE,TRUE,TRUE,532.3376651,273.7475187,133.4385622,179.9672053,-0.504072742,-179.5323278,0.087547524,4.548894825,0.783141188,1.003445074,1.099646209,0.368590653,-5.8596405,62.88744163,56.47025528,-81.37864379,-54.46848999,65.95367088,59.22755928,1,1
42.62977886,3,1571922876,AUT,FALSE,TRUE,TRUE,513.7841517,271.1743662,134.6621776,179.9441927,-0.454900264,-179.5494153,-0.338419173,2.56159795,1.90524112,0.417894893,1.2961648,0.059516748,-6.906256481,60.84468154,56.69969788,-86.08128662,-54.34288879,64.18881683,61.68016777,1,1
42.730299,3,1571922876,AUT,FALSE,TRUE,TRUE,513.7841517,271.1743662,134.6621776,179.9441927,-0.454900264,-179.5494153,-0.338419173,2.56159795,1.90524112,0.417894893,1.2961648,0.059516748,-6.906256481,60.84468154,56.69969788,-86.08128662,-54.34288879,64.18881683,61.68016777,1,1
42.83095789,3,1571922876,AUT,FALSE,TRUE,TRUE,487.9741055,266.734281,132.9039986,-179.9230299,-0.379188453,-179.7274503,-3.770899905,9.22734312,4.440370426,0.941278375,1.989130402,-0.328174119,-8.108971019,58.78936614,56.84862785,-91.39115066,-54.40966918,61.77260742,64.26460533,1,1
48.69027281,4,1571922882,AUT,FALSE,FALSE,TRUE,471.935598,-400.0216226,169.8846819,-179.9971284,-0.013222849,179.9983439,-3.383288714,-0.897042064,1.391875626,-0.252634995,0.918820639,0.081687217,-72.33470535,60.41418914,56.99679222,-78.18008422,-51.49426574,68.75958938,-10.60254136,0.5,1
48.79113793,4,1571922882,AUT,FALSE,TRUE,TRUE,471.6495363,-399.7542454,169.7197163,-179.9770867,-0.152528639,179.9657523,0.187723879,-1.131524569,5.303672411,-0.433977735,0.64798392,-0.027858945,-72.32923622,60.41779403,57.00075759,-78.18080864,-51.49592468,68.84321938,-10.60218086,0.5,1
48.89191198,4,1571922882,AUT,FALSE,TRUE,TRUE,471.6495363,-399.7542454,169.7197163,-179.9770867,-0.152528639,179.9657523,0.187723879,-1.131524569,5.303672411,-0.433977735,0.64798392,-0.027858945,-72.32923622,60.41779403,57.00075759,-78.18080864,-51.49592468,68.84321938,-10.60218086,1,1
48.99243402,4,1571922883,AUT,FALSE,TRUE,TRUE,468.4011682,-402.3696051,154.0965397,-179.9394973,-0.263346973,179.9396565,-2.397637425,0.1910507,7.907525826,-0.387508298,1.630715117,-0.340534993,-72.28480339,61.34184036,55.97281494,-78.47630996,-52.02749816,67.58432006,-10.69019852,1,1
49.09298182,4,1571922883,AUT,FALSE,TRUE,TRUE,468.4011682,-402.3696051,154.0965397,-179.9394973,-0.263346973,179.9396565,-2.397637425,0.1910507,7.907525826,-0.387508298,1.630715117,-0.340534993,-72.28480339,61.34184036,55.97281494,-78.47630996,-52.02749816,67.58432006,-10.69019852,1,1
49.19363093,4,1571922883,AUT,FALSE,TRUE,TRUE,468.5611328,-402.2848006,134.648547,-179.8948438,-0.044514386,179.8998434,-3.868552479,-1.046777542,3.691934745,-0.990593716,1.064563973,-0.563016512,-72.09221649,62.9079792,55.19607811,-78.79170341,-53.20967651,65.85055733,-10.18839798,1,1
49.29417586,4,1571922883,AUT,FALSE,TRUE,TRUE,470.9301349,-401.7594016,124.1720352,-179.8834953,0.027561583,179.8577145,1.434395511,0.990758377,-2.313999518,-0.464612487,-0.069075215,-0.560917562,-71.82762794,64.18047066,55.15986099,-78.55056381,-54.26249633,65.31166419,-9.704604725,1,1
49.39471889,4,1571922883,AUT,FALSE,TRUE,TRUE,473.4309757,-403.2508101,127.2035946,-179.9146746,0.036335737,179.9051693,1.059119868,2.203984824,-1.160617101,0.416508394,0.13904926,-0.303180139,-71.75914192,64.45983238,55.69419823,-77.92959251,-54.57409606,65.96366844,-9.710293581,1,1
49.49519897,4,1571922883,AUT,FALSE,TRUE,TRUE,474.1431826,-403.7168801,129.9371387,-179.9056452,-0.051061923,179.9630586,1.059119868,2.203984824,-1.160617101,0.416508394,0.13904926,-0.303180139,-71.70169373,64.35155525,55.88261375,-77.68075218,-54.55184875,66.3791748,-9.773351675,1,1
49.59572482,4,1571922883,AUT,FALSE,TRUE,TRUE,474.1431826,-403.7168801,129.9371387,-179.9056452,-0.051061923,179.9630586,0.640355798,1.948706219,2.578879582,0.26550175,0.203761504,-0.348070366,-71.70169373,64.35155525,55.88261375,-77.68075218,-54.55184875,66.3791748,-9.773351675,1,1
49.69624281,4,1571922883,AUT,FALSE,TRUE,TRUE,477.8030957,-400.2044524,130.4982733,-179.9096358,0.156741137,179.9328356,-7.222094709,0.408465193,3.152120175,-0.083182142,0.746977585,-0.427843278,-71.34325104,64.30586243,55.91712456,-77.67986984,-54.45244445,66.23302917,-9.4121521,1,1
49.79682183,4,1571922883,AUT,FALSE,TRUE,TRUE,486.1658128,-394.4201136,130.8204728,-179.939888,0.276339702,179.9792276,-9.506059348,-0.143228177,3.772107254,0.180083317,1.099186748,-0.182822172,-70.29445495,64.48097076,55.9341259,-77.17134361,-54.48187133,66.34182815,-8.683075338,1,1
49.89734101,4,1571922883,AUT,FALSE,TRUE,TRUE,486.1658128,-394.4201136,130.8204728,-179.939888,0.276339702,179.9792276,-9.506059348,-0.143228177,3.772107254,0.180083317,1.099186748,-0.182822172,-70.29445495,64.48097076,55.9341259,-77.17134361,-54.48187133,66.34182815,-8.683075338,1,1
49.99789095,4,1571922884,AUT,FALSE,TRUE,TRUE,500.6097927,-388.9774202,132.0178494,179.9980671,0.388840011,-179.8911032,-8.522555126,-3.84875654,3.058262174,-0.127398545,0.981879882,-0.015061041,-68.52126846,64.97972946,55.91543541,-75.59065132,-54.5117102,66.88880996,-8.0038662,1,1
50.09836483,4,1571922884,AUT,FALSE,TRUE,TRUE,500.6097927,-388.9774202,132.0178494,179.9980671,0.388840011,-179.8911032,-8.522555126,-3.84875654,3.058262174,-0.127398545,0.981879882,-0.015061041,-68.52126846,64.97972946,55.91543541,-75.59065132,-54.5117102,66.88880996,-8.0038662,1,1
50.19885802,4,1571922884,AUT,FALSE,TRUE,TRUE,530.4493259,-390.4544961,136.6137963,-179.9255575,0.326651206,-179.7717523,-5.240491742,-2.499796006,3.533811155,0.264392014,0.135412735,-0.186834353,-65.83069954,66.09275436,55.80669823,-70.58681144,-54.32816711,68.99701767,-8.561700444,1,1
50.29937196,4,1571922884,AUT,FALSE,TRUE,TRUE,530.4493259,-390.4544961,136.6137963,-179.9255575,0.326651206,-179.7717523,-5.240491742,-2.499796006,3.533811155,0.264392014,0.135412735,-0.186834353,-65.83069954,66.09275436,55.80669823,-70.58681144,-54.32816711,68.99701767,-8.561700444,1,1
50.40004683,4,1571922884,AUT,FALSE,TRUE,TRUE,553.9901587,-391.2219436,135.8659351,-179.9579501,0.352399501,-179.87169,-6.442907227,1.889523301,4.867974609,0.966091983,1.299055657,-0.231749328,-61.57280044,68.62666511,55.72363472,-64.61937446,-54.31820251,71.16715049,-9.649329763,1,1
50.50070882,4,1571922884,AUT,FALSE,TRUE,TRUE,571.244248,-392.3896672,133.6757934,-179.9466066,0.234627241,-179.8332727,-2.830960693,-0.151163626,3.433112529,0.349105583,0.268884755,-0.200902479,-59.00415573,70.25667915,55.45688667,-60.33831825,-54.40417602,72.48601456,-10.44239503,1,1
50.60147882,4,1571922884,AUT,FALSE,TRUE,TRUE,584.6809151,-396.2223246,132.055934,-179.8878283,0.123895377,-179.8524552,-0.528037796,2.674182418,2.041320392,0.847018812,0.002199575,-0.435633454,-56.95657196,71.70818596,55.21024704,-56.32405471,-54.38062133,73.77195396,-11.67677765,1,1
50.7022469,4,1571922884,AUT,FALSE,TRUE,TRUE,584.6809151,-396.2223246,132.055934,-179.8878283,0.123895377,-179.8524552,-0.528037796,2.674182418,2.041320392,0.847018812,0.002199575,-0.435633454,-56.95657196,71.70818596,55.21024704,-56.32405471,-54.38062133,73.77195396,-11.67677765,1,1
50.80276299,4,1571922884,AUT,FALSE,TRUE,TRUE,594.9920332,-398.399729,132.0757988,-179.861645,0.021097271,-179.9667375,6.366535509,3.403986666,1.546539377,0.640778779,-1.069738454,-0.747067289,-55.37322235,72.8230133,55.21429824,-53.04493446,-54.35503417,75.01916313,-12.68629074,1,1
50.90326595,4,1571922884,AUT,FALSE,TRUE,TRUE,602.2158267,-395.7753108,132.1419854,-179.7481471,-0.130372984,179.9089528,11.0917364,7.697965505,0.001163937,1.262733595,-1.360038372,-1.102708288,-54.17794761,73.45727806,55.26661033,-51.25087394,-54.35310607,75.79460907,-12.9895752,1,1
51.00381589,4,1571922885,AUT,FALSE,TRUE,TRUE,606.4397351,-386.0049192,131.6566409,-179.6432595,-0.313606097,179.7175411,5.378244964,8.056009977,0.853888843,0.797714578,0.049665772,-1.591466781,-53.46853294,73.47503471,55.35301781,-51.43456878,-54.30757324,75.94825286,-12.21496354,1,1
51.10432196,4,1571922885,AUT,FALSE,TRUE,TRUE,606.4397351,-386.0049192,131.6566409,-179.6432595,-0.313606097,179.7175411,5.378244964,8.056009977,0.853888843,0.797714578,0.049665772,-1.591466781,-53.46853294,73.47503471,55.35301781,-51.43456878,-54.30757324,75.94825286,-12.21496354,1,1
51.20483494,4,1571922885,AUT,FALSE,TRUE,TRUE,609.8010907,-366.4527807,130.1662742,-179.6593856,-0.395531581,179.6585394,6.427936701,7.411178113,0.240607186,0.542093067,0.05684363,-1.561507972,-52.89616584,72.87188529,55.37677574,-53.65571251,-54.31134704,75.2018692,-9.851670456,1,1
51.30534387,4,1571922885,AUT,FALSE,TRUE,TRUE,609.8010907,-366.4527807,130.1662742,-179.6593856,-0.395531581,179.6585394,6.427936701,7.411178113,0.240607186,0.542093067,0.05684363,-1.561507972,-52.54755592,71.48215256,55.58619575,-58.09774589,-54.32571716,73.70750885,-5.929252625,1,1
51.40586686,4,1571922885,AUT,FALSE,TRUE,TRUE,610.7581565,-335.5274242,129.9082048,-179.6864995,-0.337796735,179.5662063,3.362426091,7.284972748,0.616674363,0.445855777,0.333375287,-1.349542096,-52.54755592,71.48215256,55.58619575,-58.09774589,-54.32571716,73.70750885,-5.929252625,1,1
51.50635791,4,1571922885,AUT,FALSE,TRUE,TRUE,608.660103,-302.3055328,131.6799089,-179.7495992,-0.37565782,179.5668253,3.944388065,5.967990948,0.729680754,0.309803496,0.142881218,-1.050830697,-52.18774338,69.78066559,55.90028801,-62.90446701,-54.37168395,72.26886634,-1.615910344,1,1
51.6068728,4,1571922885,AUT,FALSE,TRUE,TRUE,604.1626967,-267.6073519,133.2016443,-179.7878908,-0.327286867,179.5829727,-3.112487937,5.657980927,0.738138175,0.319507699,0.894988539,-0.69949147,-51.75312423,67.94432831,56.18112602,-67.92018242,-54.38449401,70.62145958,2.844610975,1,1
51.70740581,4,1571922885,AUT,FALSE,TRUE,TRUE,604.1626967,-267.6073519,133.2016443,-179.7878908,-0.327286867,179.5829727,-3.112487937,5.657980927,0.738138175,0.319507699,0.894988539,-0.69949147,-50.91322975,66.18563003,56.42250938,-72.69958878,-54.41384399,68.87049293,7.533778381,1,1
51.80797791,4,1571922885,AUT,FALSE,TRUE,TRUE,599.1063414,-230.9529628,133.8855831,-179.8749987,-0.221629947,179.6022392,-3.947859251,2.711738802,2.814955952,-0.424115614,1.112322263,-0.51779216,-50.91322975,66.18563003,56.42250938,-72.69958878,-54.41384399,68.87049293,7.533778381,1,1
51.90846992,4,1571922885,AUT,FALSE,TRUE,TRUE,595.2040898,-193.5534841,135.0495606,-179.8811497,-0.144701267,179.6121296,-6.788330159,5.723703107,1.998181761,0.266736166,1.580053141,-0.334641561,-49.51810341,64.69383087,56.69745598,-76.63516616,-54.45814636,67.46816711,12.05412369,1,1
52.009022,4,1571922886,AUT,FALSE,TRUE,TRUE,594.1054053,-156.2297535,137.6485205,-179.9408256,-0.08650731,179.6838169,-7.839761627,3.254224444,3.036562737,-0.161995255,1.711538911,-0.170307399,-47.42410583,63.48234443,57.01717186,-79.38181342,-54.46327148,66.62602729,16.40238189,1,1
52.10957789,4,1571922886,AUT,FALSE,TRUE,TRUE,595.6689566,-123.6647901,138.8628366,-179.9118014,-0.094949334,179.7565871,-6.474982569,4.601119808,3.071034515,0.096355907,1.65614416,-0.229616542,-44.94868354,62.82448654,57.12556572,-80.75529671,-54.44586914,66.22175789,19.90125618,1,1
52.210186,4,1571922886,AUT,FALSE,TRUE,TRUE,595.6689566,-123.6647901,138.8628366,-179.9118014,-0.094949334,179.7565871,-6.474982569,4.601119808,3.071034515,0.096355907,1.65614416,-0.229616542,-44.94868354,62.82448654,57.12556572,-80.75529671,-54.44586914,66.22175789,19.90125618,1,1
52.3110249,4,1571922886,AUT,FALSE,TRUE,TRUE,599.2150201,-93.73927816,138.3356993,-179.9729855,-0.161734572,179.8401441,-4.613014053,2.572154587,3.446593417,-0.06843019,1.635719339,-0.048640396,-42.18166351,62.646175,57.02991256,-81.15902023,-54.42428649,66.05829506,22.97242241,1,1
52.4117589,4,1571922886,AUT,FALSE,TRUE,TRUE,603.1106897,-69.14280526,136.9073381,-179.9747212,-0.178306641,179.9323134,1.602442947,-0.278523437,0.570328637,-0.451938146,0.343390112,-0.05828965,-39.67913589,62.69677048,56.78384628,-81.05628089,-54.42298461,65.93834152,25.32484932,1,1
52.51236796,4,1571922886,AUT,FALSE,TRUE,TRUE,603.1106897,-69.14280526,136.9073381,-179.9747212,-0.178306641,179.9323134,1.602442947,-0.278523437,0.570328637,-0.451938146,0.343390112,-0.05828965,-39.67913589,62.69677048,56.78384628,-81.05628089,-54.42298461,65.93834152,25.32484932,1,1
52.61296797,4,1571922886,AUT,FALSE,TRUE,TRUE,606.8158101,-51.7319608,136.3538547,179.8334782,0.093166032,-179.7500022,-6.144056773,-3.937726349,1.512654675,-0.614200437,1.079386251,0.49955138,-37.56668815,62.72880249,56.42448006,-80.78282089,-54.44414978,65.77831192,27.09852676,1,1
52.71354389,4,1571922886,AUT,FALSE,TRUE,TRUE,606.8158101,-51.7319608,136.3538547,179.8334782,0.093166032,-179.7500022,-6.144056773,-3.937726349,1.512654675,-0.614200437,1.079386251,0.49955138,-37.56668815,62.72880249,56.42448006,-80.78282089,-54.44414978,65.77831192,27.09852676,1,1
52.81413794,4,1571922886,AUT,FALSE,TRUE,TRUE,621.2089464,-56.63737537,136.3933569,179.9335772,0.207150164,-179.7645363,-9.73400918,1.285386022,6.459555674,-0.039010985,1.306465618,-0.003208893,-36.37664223,63.44638138,55.66556511,-77.83980331,-53.99339721,66.43862114,25.43309555,1,1
52.91464901,4,1571922886,AUT,FALSE,TRUE,TRUE,640.8289925,-61.14604869,132.684722,-179.9779328,0.309005879,-179.9746845,-10.14493032,6.672992564,2.259793599,0.714508513,1.26420945,-0.359884858,-34.87062263,65.53624191,55.39475555,-73.1692852,-54.09713012,67.73201408,23.36028786,1,1
53.01515579,4,1571922887,AUT,FALSE,TRUE,TRUE,640.8289925,-61.14604869,132.684722,-179.9779328,0.309005879,-179.9746845,-10.14493032,6.672992564,2.259793599,0.714508513,1.26420945,-0.359884858,-34.87062263,65.53624191,55.39475555,-73.1692852,-54.09713012,67.73201408,23.36028786,1,1
53.11564684,4,1571922887,AUT,FALSE,TRUE,TRUE,662.7481397,-61.62816053,133.1683062,-179.9615494,0.326869188,-179.9222693,-6.866842899,2.442908949,-0.017777787,0.118215706,0.666296967,-0.189429504,-32.69250068,67.56208992,55.42163773,-67.84103622,-54.3024591,69.74643974,21.55552253,1,1
53.21614695,4,1571922887,AUT,FALSE,TRUE,TRUE,682.1260025,-62.09668757,136.4949224,-179.9716897,0.160643823,-179.8485578,1.13772562,0.905252338,-0.406564192,0.089004928,-0.113440129,-0.187934758,-30.50771141,69.22579078,55.43350639,-62.49996414,-54.22392883,72.05600281,19.64294014,1,1
53.31666899,4,1571922887,AUT,FALSE,TRUE,TRUE,697.4187008,-61.15937511,138.2064267,-179.9116212,-0.001488996,-179.8541338,2.970891375,2.286747899,2.59252531,0.340886815,-0.231406753,-0.209588725,-28.52251968,70.67172889,55.39968223,-57.95702133,-54.13514831,73.88285751,18.01057777,1,1
53.4172368,4,1571922887,AUT,FALSE,TRUE,TRUE,697.4187008,-61.15937511,138.2064267,-179.9116212,-0.001488996,-179.8541338,2.970891375,2.286747899,2.59252531,0.340886815,-0.231406753,-0.209588725,-28.52251968,70.67172889,55.39968223,-57.95702133,-54.13514831,73.88285751,18.01057777,1,1
53.51777887,4,1571922887,AUT,FALSE,TRUE,TRUE,708.2903371,-57.93457343,136.4638711,-179.9658469,-0.093732747,-179.9029548,3.086927155,3.997390686,2.977638643,0.550784288,-0.095557767,-0.102453814,-26.83899193,71.94694633,55.2969532,-54.56055679,-54.15110046,74.94743271,17.13401298,1,1
53.61829686,4,1571922887,AUT,FALSE,TRUE,TRUE,714.7050866,-52.1897982,133.3395649,-179.8965292,-0.218982031,-179.9777602,5.716064929,7.28267271,1.286327318,0.902001358,-0.317077854,-0.28497407,-25.50827636,72.89804306,55.20257721,-52.48882026,-54.20853698,75.52129669,16.74549522,1,1
53.71877694,4,1571922887,AUT,FALSE,TRUE,TRUE,717.2346467,-40.57720947,131.7574704,-179.832863,-0.218986665,179.8934874,3.253238974,10.01437181,-0.410240613,1.209759858,-0.022805835,-0.703316703,-24.40892601,73.27541999,55.24687271,-51.87901726,-54.23488769,75.59275932,17.34211807,1,1
53.81929302,4,1571922887,AUT,FALSE,TRUE,TRUE,717.2346467,-40.57720947,131.7574704,-179.832863,-0.218986665,179.8934874,3.253238974,10.01437181,-0.410240613,1.209759858,-0.022805835,-0.703316703,-23.02503662,73.16315002,55.42184715,-52.02790947,-54.26377075,75.62304039,18.92080536,1,1
53.91988802,4,1571922887,AUT,FALSE,TRUE,TRUE,717.8082372,-21.37945929,133.4239546,-179.8402446,-0.154668952,179.8387974,-3.257112901,8.573443105,-0.033804266,0.752602096,0.899429458,-0.614128673,-23.02503662,73.16315002,55.42184715,-52.02790947,-54.26377075,75.62304039,18.92080536,1,1
54.02052093,4,1571922888,AUT,FALSE,TRUE,TRUE,717.4377135,3.614040104,136.0903302,-179.846558,-0.189104296,179.8183213,-5.929805247,9.164864442,2.919748864,1.230027202,1.68828559,-0.549547007,-21.14924469,72.9020359,55.50181389,-52.19960861,-54.14642578,75.7784729,20.96046181,1,1
54.1213069,4,1571922888,AUT,FALSE,TRUE,TRUE,716.8061471,33.04794054,136.9079079,-179.9537373,-0.148091065,179.8366463,-5.794547253,8.981835477,2.84519052,1.313903609,1.595181707,-0.306310517,-18.83156891,72.81484566,55.49517746,-52.21860466,-54.1130603,75.7892189,23.39833831,1,1
54.22196889,4,1571922888,AUT,FALSE,TRUE,TRUE,715.7999201,62.14569105,136.6291231,-179.9746118,-0.106581184,179.8978928,-3.770103705,7.166789008,1.330911547,0.966291946,0.892763666,0.069720459,-16.38446731,72.8804924,55.40600967,-51.99185714,-54.11412048,75.79470176,25.67740745,1,1
54.32245684,4,1571922888,AUT,FALSE,TRUE,TRUE,715.7999201,62.14569105,136.6291231,-179.9746118,-0.106581184,179.8978928,-3.770103705,7.166789008,1.330911547,0.966291946,0.892763666,0.069720459,-16.38446731,72.8804924,55.40600967,-51.99185714,-54.11412048,75.79470176,25.67740745,1,1
54.42298293,4,1571922888,AUT,FALSE,TRUE,TRUE,715.7497809,81.22531714,137.7834817,179.8599605,-0.115667751,-179.8145756,0.479813622,-3.715329136,-0.225885961,-0.548565071,0.169730414,0.626196151,-14.395578,72.94328956,55.20906944,-51.33190155,-54.12335998,76.14623336,27.1902111,1,1
54.52350903,4,1571922888,AUT,FALSE,TRUE,TRUE,717.3844321,88.55142479,141.3710872,179.9304728,-0.242524071,-179.7773174,5.174929091,-0.464951255,1.109656358,-0.070111098,-0.380402289,0.401902117,-13.36625862,72.97230034,55.15189934,-50.32590408,-53.89385559,76.81550331,27.26962852,1,1
54.62410593,4,1571922888,AUT,FALSE,TRUE,TRUE,717.3844321,88.55142479,141.3710872,179.9304728,-0.242524071,-179.7773174,5.174929091,-0.464951255,1.109656358,-0.070111098,-0.380402289,0.401902117,-13.36625862,72.97230034,55.15189934,-50.32590408,-53.89385559,76.81550331,27.26962852,1,1
54.72464085,4,1571922888,AUT,FALSE,TRUE,TRUE,713.285268,89.96964627,139.6884842,179.9903214,-0.741824181,-179.7220416,9.057617434,2.13877316,3.205670713,0.531846162,0.798600638,0.028836545,-13.27659988,72.93258819,55.16240501,-50.52056808,-53.78101501,77.01220664,27.55695534,1,1
54.82515383,4,1571922888,AUT,FALSE,TRUE,TRUE,713.285268,89.96964627,139.6884842,179.9903214,-0.741824181,-179.7220416,9.057617434,2.13877316,3.205670713,0.531846162,0.798600638,0.028836545,-13.27659988,72.93258819,55.16240501,-50.52056808,-53.78101501,77.01220664,27.55695534,1,1
54.92564988,4,1571922888,AUT,FALSE,TRUE,TRUE,702.5108685,92.61311202,134.3399733,179.9959208,-0.835337697,-179.7295162,9.570158598,2.727445574,-0.193998837,0.449920567,0.689753632,0.176375202,-14.3295948,72.28847694,55.15061187,-54.02974891,-53.91350463,75.63515281,29.16451263,1,1
55.02616096,4,1571922889,AUT,FALSE,TRUE,TRUE,702.5108685,92.61311202,134.3399733,179.9959208,-0.835337697,-179.7295162,9.570158598,2.727445574,-0.193998837,0.449920567,0.689753632,0.176375202,-14.3295948,72.28847694,55.15061187,-54.02974891,-53.91350463,75.63515281,29.16451263,1,1
55.12667084,4,1571922889,AUT,FALSE,TRUE,TRUE,677.6187782,97.81510008,131.4659476,179.999204,-0.893706616,-179.7329239,7.57365707,2.770098469,-2.625499266,0.699060104,0.667777847,0.199531014,-16.3707344,70.17297706,55.22160759,-61.09485397,-53.92616638,73.10622711,32.56395034,1,1
55.22723699,4,1571922889,AUT,FALSE,TRUE,TRUE,677.6187782,97.81510008,131.4659476,179.999204,-0.893706616,-179.7329239,7.57365707,2.770098469,-2.625499266,0.699060104,0.667777847,0.199531014,-18.36100731,67.71656799,55.28340568,-67.51246604,-53.92567199,70.82190513,35.52364654,1,1
55.32775998,4,1571922889,AUT,FALSE,TRUE,TRUE,653.9637385,99.91205483,132.7979102,179.9633753,-0.653496306,-179.5884114,-0.697096077,1.858048715,0.654814091,0.673258055,1.403146763,0.245466684,-18.36100731,67.71656799,55.28340568,-67.51246604,-53.92567199,70.82190513,35.52364654,1,1
55.42828298,4,1571922889,AUT,FALSE,TRUE,TRUE,625.7313933,93.6246922,136.0993202,-179.9063544,-0.363384209,-179.5777192,-0.697096077,1.858048715,0.654814091,0.673258055,1.403146763,0.245466684,-21.36651306,64.56166191,55.39645843,-74.90242653,-53.6871643,68.00537453,37.96893882,1,1
55.52876186,4,1571922889,AUT,FALSE,TRUE,TRUE,625.7313933,93.6246922,136.0993202,-179.9063544,-0.363384209,-179.5777192,-8.990798798,6.839121973,4.259157162,1.648079081,2.088271206,-0.135255273,-21.36651306,64.56166191,55.39645843,-74.90242653,-53.6871643,68.00537453,37.96893882,1,1
55.62929201,4,1571922889,AUT,FALSE,TRUE,TRUE,614.2252722,88.40245168,136.6083842,-179.8700316,-0.264052251,-179.7997671,-9.954447366,9.030116556,5.55010763,0.974270087,2.327655759,-0.897597341,-22.92883758,63.31838035,55.46118507,-77.89597778,-53.46209289,66.68595771,38.48708839,1,1
55.72985983,4,1571922889,AUT,FALSE,TRUE,TRUE,608.7759657,90.92142306,135.4765123,-179.7287418,-0.215309647,179.9397985,-10.45446308,13.73669162,4.984556305,1.497857427,2.556598195,-1.25168779,-23.30539054,63.01349258,55.63523598,-79.13731269,-53.50330261,66.0329853,39.01648521,1,1
55.83047891,4,1571922889,AUT,FALSE,TRUE,TRUE,607.0974444,103.9972248,133.9773992,-179.7101715,-0.128910508,179.7287086,-10.45446308,13.73669162,4.984556305,1.250846502,1.949210768,-1.328121619,-22.3267868,63.28405838,55.87822609,-79.19297218,-53.78902404,65.86600341,40.27924347,1,1
55.93122792,4,1571922889,AUT,FALSE,TRUE,TRUE,607.0974444,103.9972248,133.9773992,-179.7101715,-0.128910508,179.7287086,-7.954758183,15.24274134,3.790730289,1.250846502,1.949210768,-1.328121619,-22.3267868,63.28405838,55.87822609,-79.19297218,-53.78902404,65.86600341,40.27924347,1,1
56.03203583,4,1571922890,AUT,FALSE,TRUE,TRUE,606.0581753,127.6508655,132.6678783,-179.7596305,-0.093019735,179.6035317,-5.676813437,13.70334843,3.354462682,0.635109296,1.454807575,-1.214356746,-20.10484314,63.84992294,56.14544792,-78.51241722,-54.14392639,66.09300156,42.33167839,1,1
56.132514,4,1571922890,AUT,FALSE,TRUE,TRUE,605.6322659,157.9409067,131.5924233,-179.7864084,-0.070774523,179.6284209,-5.198201942,11.6418774,1.53114272,0.545802014,1.388672236,-0.831363259,-16.87132644,64.56218033,56.19450188,-77.08898048,-54.38732849,66.60376281,44.67607498,1,1
56.2330699,4,1571922890,AUT,FALSE,TRUE,TRUE,607.1538779,190.619307,132.1500987,-179.841054,-0.042560028,179.6907388,-4.940603713,9.767071606,1.10968313,0.083500844,1.482481854,-0.666298635,-13.15638885,65.40410385,56.12703209,-74.72820739,-54.42077087,67.53809166,46.68584518,1,1
56.33360791,4,1571922890,AUT,FALSE,TRUE,TRUE,607.1538779,190.619307,132.1500987,-179.841054,-0.042560028,179.6907388,-4.940603713,9.767071606,1.10968313,0.083500844,1.482481854,-0.666298635,-13.15638885,65.40410385,56.12703209,-74.72820739,-54.42077087,67.53809166,46.68584518,1,1
56.43419981,4,1571922890,AUT,FALSE,TRUE,TRUE,610.2421497,219.9031853,134.1898969,-179.9271601,-0.048883211,179.8410977,-3.050726633,3.059607629,2.172948408,-0.816929852,1.077503125,-0.365888062,-9.470825956,66.33200569,56.06678581,-71.6947895,-54.37085449,68.84658737,48.07378234,1,1
56.53472185,4,1571922890,AUT,FALSE,TRUE,TRUE,613.9511266,242.0958096,136.2627688,-179.9827862,-0.144124884,-179.9523144,2.555041312,1.076984785,2.616759526,-0.201004469,0.383990464,-0.070306707,-6.480141444,67.18825264,55.93359718,-68.71438751,-54.21968261,70.22993774,48.72004966,1,1
56.63526702,4,1571922890,AUT,FALSE,TRUE,TRUE,616.7024314,256.50597,137.5402497,179.9933937,-0.218146288,-179.8520361,5.491976861,-1.660533463,0.659075195,-0.767971402,0.093889204,-0.00838467,-4.431788631,67.82622184,55.79159546,-66.50208435,-54.06774169,71.17110558,48.96002197,1,1
56.73574686,4,1571922890,AUT,FALSE,TRUE,TRUE,616.7024314,256.50597,137.5402497,179.9933937,-0.218146288,-179.8520361,5.491976861,-1.660533463,0.659075195,-0.767971402,0.093889204,-0.00838467,-4.431788631,67.82622184,55.79159546,-66.50208435,-54.06774169,71.17110558,48.96002197,1,1
56.83627391,4,1571922890,AUT,FALSE,TRUE,TRUE,616.4027689,264.1948509,137.1076018,179.9468783,-0.380467807,-179.7321269,7.249975862,-3.368109203,0.954599781,-1.009411933,-0.048173183,0.20881578,-3.37984085,68.17566261,55.71826171,-65.55406379,-53.99900573,71.63339309,49.2598217,1,1
56.93680501,4,1571922890,AUT,FALSE,TRUE,TRUE,612.8486568,265.0549397,134.6437614,179.9339249,-0.569182592,-179.606382,6.581414254,-1.867127893,1.560050166,-0.278497091,0.853804446,0.376425556,-3.2948204,68.16754303,55.59268112,-66.06066055,-53.9966986,71.47963256,49.69630851,1,1
57.03738594,4,1571922891,AUT,FALSE,TRUE,TRUE,603.2937271,264.9585251,130.806769,-179.9932146,-0.726238025,-179.6809963,8.608218916,4.142360568,0.387331442,0.525100138,0.708288785,0.091449774,-3.826222225,67.75724487,55.56225586,-68.21814193,-54.02862487,70.49444389,50.71507759,1,1
57.13791084,4,1571922891,AUT,FALSE,TRUE,TRUE,603.2937271,264.9585251,130.806769,-179.9932146,-0.726238025,-179.6809963,8.608218916,4.142360568,0.387331442,0.525100138,0.708288785,0.091449774,-3.826222225,67.75724487,55.56225586,-68.21814193,-54.02862487,70.49444389,50.71507759,1,1
57.23842502,4,1571922891,AUT,FALSE,TRUE,TRUE,576.062579,269.4966613,128.8962655,179.9785655,-0.684991839,-179.6568116,4.058926763,4.686026758,-0.451225269,0.799397822,0.961076005,0.323737231,-4.575311275,66.31668319,55.69189796,-72.79115638,-54.23933715,68.70703697,54.28794479,1,1
57.33891296,4,1571922891,AUT,FALSE,TRUE,TRUE,576.062579,269.4966613,128.8962655,179.9785655,-0.684991839,-179.6568116,4.058926763,4.686026758,-0.451225269,0.799397822,0.961076005,0.323737231,-4.575311275,66.31668319,55.69189796,-72.79115638,-54.23933715,68.70703697,54.28794479,1,1
57.43943191,4,1571922891,AUT,FALSE,TRUE,TRUE,555.2419258,272.3479208,130.9046516,179.9955537,-0.551417644,-179.6111653,1.268352326,3.028980388,-1.505648109,0.438911137,1.107576786,0.224431177,-5.249535369,64.24600754,55.88330383,-77.83492469,-54.22177001,66.91878204,56.92185516,1,1
57.53993988,4,1571922891,AUT,FALSE,TRUE,TRUE,532.1731463,273.21477,133.9428886,179.9623532,-0.454181367,-179.5508973,-1.370152655,3.312386037,0.035381026,0.700821354,1.202175269,0.128207282,-5.962819288,62.07371177,56.09102439,-82.53110275,-54.00806396,65.27529602,59.57172661,1,1
57.64096785,4,1571922891,AUT,FALSE,TRUE,TRUE,514.034799,271.423032,135.0030646,-179.9594729,-0.45639144,-179.5868148,0.46150563,5.842090656,4.077796055,1.046985684,1.234030229,-0.078093142,-6.69518165,60.44146614,56.18793754,-86.14703979,-53.76981445,63.84393196,61.32865333,1,1
57.74155498,4,1571922891,AUT,FALSE,TRUE,TRUE,514.034799,271.423032,135.0030646,-179.9594729,-0.45639144,-179.5868148,0.46150563,5.842090656,4.077796055,1.046985684,1.234030229,-0.078093142,-6.69518165,60.44146614,56.18793754,-86.14703979,-53.76981445,63.84393196,61.32865333,1,1
57.84217596,4,1571922891,AUT,FALSE,TRUE,TRUE,496.5897584,269.1534221,133.0360587,-179.973907,-0.501271293,-179.619089,-0.268380121,5.314703188,4.505067525,0.775068192,1.624324187,-0.129600973,-7.339653394,59.18431778,56.21293831,-89.51486434,-53.78755737,62.29161529,63.1437458,1,1
64.90036297,5,1571922898,AUT,FALSE,FALSE,TRUE,471.9285729,-399.9826514,169.9422753,-179.996597,-0.01676827,179.9995427,-3.607425676,-1.483458412,3.581558688,-0.440675393,1.137081277,0.049268228,-72.10693474,60.10748519,56.44352073,-78.18404961,-50.95989074,68.48461533,-10.84180641,0.5,1
65.0011518,5,1571922899,AUT,FALSE,TRUE,TRUE,470.6846031,-399.2478769,167.6842536,-179.9478666,-0.296995319,179.8763552,-1.848479654,0.232945441,7.793131599,-0.173506851,1.442243177,0.076153593,-72.07353973,60.20018234,56.31275596,-78.28395996,-50.96213745,68.55494499,-10.84263726,1,1
65.10195184,5,1571922899,AUT,FALSE,TRUE,TRUE,469.7365804,-399.4583332,155.2314803,-179.8475678,-0.227754053,179.8680614,-2.997062587,-0.191637356,7.736874574,-0.886888405,1.489489634,-0.327947314,-71.90370826,60.90360603,55.48320579,-78.65457687,-51.3636383,67.27960052,-10.77668839,1,1
65.20267987,5,1571922899,AUT,FALSE,TRUE,TRUE,470.3916014,-399.753821,142.0353664,-179.9340111,-0.09181233,179.8896361,-0.106400889,-1.371400105,1.286180406,-1.095565092,0.44304252,-0.443265743,-71.7100296,62.04073906,54.99257011,-78.76542892,-52.25617858,66.16154594,-10.27289314,1,1
65.30321383,5,1571922899,AUT,FALSE,TRUE,TRUE,470.3916014,-399.753821,142.0353664,-179.9340111,-0.09181233,179.8896361,-0.106400889,-1.371400105,1.286180406,-1.095565092,0.44304252,-0.443265743,-71.7100296,62.04073906,54.99257011,-78.76542892,-52.25617858,66.16154594,-10.27289314,1,1
65.40378785,5,1571922899,AUT,FALSE,TRUE,TRUE,471.533081,-400.4697076,135.2255827,-179.8873572,-0.022286728,179.8387302,2.009725689,1.479218967,-1.71049213,-0.369075311,-0.121133089,-0.464323496,-71.66167602,62.9674942,55.08460464,-78.53957748,-53.03484558,65.88250008,-10.09379196,1,1
65.50436687,5,1571922899,AUT,FALSE,TRUE,TRUE,472.1399568,-401.1916764,133.9760954,-179.8928569,-0.001819181,179.8513541,1.144721869,1.626480776,-0.812586193,-0.320115733,-0.097841674,-0.444217699,-71.66496162,63.28376312,55.22362976,-78.35195503,-53.33087219,65.94178504,-10.04310723,1,1
65.60480785,5,1571922899,AUT,FALSE,TRUE,TRUE,474.2213307,-399.3280923,135.2680962,-179.880485,0.127694693,179.8159428,-5.295405134,1.991430752,1.876984687,-0.260340192,0.579996704,-0.428490969,-71.54385452,63.26836509,55.41634369,-78.316222,-53.33152587,66.00802231,-9.85420075,1,1
65.70531702,5,1571922899,AUT,FALSE,TRUE,TRUE,474.2213307,-399.3280923,135.2680962,-179.880485,0.127694693,179.8159428,-5.295405134,1.991430752,1.876984687,-0.260340192,0.579996704,-0.428490969,-70.68732948,63.32610511,55.57318382,-78.03044357,-53.40065734,66.06910286,-9.0000618,1,1
65.80585098,5,1571922899,AUT,FALSE,TRUE,TRUE,482.0191903,-393.1864856,136.559594,-179.9585186,0.314829293,179.8980019,-11.08028368,-0.657492383,3.514655765,-0.312526249,1.260549531,-0.036245721,-70.68732948,63.32610511,55.57318382,-78.03044357,-53.40065734,66.06910286,-9.0000618,1,1
65.90637302,5,1571922899,AUT,FALSE,TRUE,TRUE,496.5753708,-386.4490277,138.0120867,179.9709744,0.395260384,-179.9759618,-10.16889575,-4.470309615,3.662736583,-0.629998731,1.049973402,0.096510158,-68.78688698,63.75965652,55.54980011,-76.53598709,-53.42138854,66.62610283,-8.134929663,1,1
66.00691295,5,1571922900,AUT,FALSE,TRUE,TRUE,515.5109161,-384.3308495,139.8415002,179.9287806,0.402391853,-179.7920905,-7.261393793,-5.181866538,0.521885323,-0.419685154,0.321468252,0.06235058,-66.30236664,64.72225113,55.37053413,-73.42828445,-53.40991882,67.82589569,-7.988845831,1,1
66.10741687,5,1571922900,AUT,FALSE,TRUE,TRUE,515.5109161,-384.3308495,139.8415002,179.9287806,0.402391853,-179.7920905,-7.261393793,-5.181866538,0.521885323,-0.419685154,0.321468252,0.06235058,-66.30236664,64.72225113,55.37053413,-73.42828445,-53.40991882,67.82589569,-7.988845831,1,1
66.2079308,5,1571922900,AUT,FALSE,TRUE,TRUE,542.0835349,-385.9811726,141.4586437,179.9932874,0.407190231,-179.8422872,-4.349657197,-1.963099875,1.771131039,0.030401881,0.278746893,-0.094874837,-62.9382122,66.64322776,55.27636757,-67.88982239,-53.35910156,69.98741455,-8.89241295,1,1
66.30841494,5,1571922900,AUT,FALSE,TRUE,TRUE,567.448859,-388.2258799,138.9623464,-179.9607301,0.282821488,-179.9156243,-4.349657197,-1.963099875,1.771131039,0.030401881,0.278746893,-0.094874837,-59.45143318,68.95250244,54.98041305,-61.81835861,-53.41227539,72.04267501,-10.11044312,1,1
66.40892887,5,1571922900,AUT,FALSE,TRUE,TRUE,567.448859,-388.2258799,138.9623464,-179.9607301,0.282821488,-179.9156243,0.05397145,0.880722102,3.072489417,0.080132362,-0.023084462,-0.380361525,-59.45143318,68.95250244,54.98041305,-61.81835861,-53.41227539,72.04267501,-10.11044312,1,1
66.50945091,5,1571922900,AUT,FALSE,TRUE,TRUE,591.6024125,-390.8715023,134.2244428,-179.8645593,0.05042207,-179.9533416,0.05397145,0.880722102,3.072489417,0.080132362,-0.023084462,-0.380361525,-55.77450485,71.55563736,54.53135376,-55.28701057,-53.49476623,74.09412803,-11.70491639,1,1
66.6102488,5,1571922900,AUT,FALSE,TRUE,TRUE,591.6024125,-390.8715023,134.2244428,-179.8645593,0.05042207,-179.9533416,3.959133369,2.410537654,2.358541283,0.1264814,-0.753262876,-0.517379041,-55.77450485,71.55563736,54.53135376,-55.28701057,-53.49476623,74.09412803,-11.70491639,1,1
66.711061,5,1571922900,AUT,FALSE,TRUE,TRUE,601.1336781,-393.48503,134.0896868,-179.8362811,-0.222023935,179.952518,12.73188411,5.585423088,-0.628250499,0.589281084,-1.451481315,-0.789215839,-54.08509598,72.77004204,54.46652069,-51.93016204,-53.49397521,75.47999496,-12.74735413,1,1
66.81171989,5,1571922900,AUT,FALSE,TRUE,TRUE,603.7543274,-391.8574904,135.0547446,-179.6731526,-0.387827077,179.7968564,13.09466697,8.779611677,-0.498608954,0.962089184,-1.003531971,-1.303034359,-53.57177696,73.01289482,54.55093346,-51.10229073,-53.43953247,76.05135269,-13.00901413,1,1
66.91236591,5,1571922900,AUT,FALSE,TRUE,TRUE,603.7543274,-391.8574904,135.0547446,-179.6731526,-0.387827077,179.7968564,13.09466697,8.779611677,-0.498608954,0.962089184,-1.003531971,-1.303034359,-53.57177696,73.01289482,54.55093346,-51.10229073,-53.43953247,76.05135269,-13.00901413,1,1
67.01286197,5,1571922901,AUT,FALSE,TRUE,TRUE,603.6653268,-381.2246479,134.9898446,-179.6636965,-0.482972932,179.7102337,4.971101967,7.771941859,0.998939054,0.636756398,0.741137549,-1.536173935,-53.5672142,72.48829422,54.66073494,-52.76881714,-53.41681274,75.6193119,-11.68278923,1,1
67.11335301,5,1571922901,AUT,FALSE,TRUE,TRUE,602.6670999,-357.1999569,131.9481479,-179.6771904,-0.499661541,179.5631994,3.84728836,8.098028231,2.257450738,0.636756398,0.741137549,-1.536173935,-53.60042038,71.39932251,54.70883789,-56.78344459,-53.38094238,74.10345954,-8.551139838,1,1
67.21390295,5,1571922901,AUT,FALSE,TRUE,TRUE,602.6670999,-357.1999569,131.9481479,-179.6771904,-0.499661541,179.5631994,3.84728836,8.098028231,2.257450738,0.554938049,0.905623394,-1.442147827,-53.60042038,71.39932251,54.70883789,-56.78344459,-53.38094238,74.10345954,-8.551139838,1,1
67.31440687,5,1571922901,AUT,FALSE,TRUE,TRUE,602.6670999,-357.1999569,131.9481479,-179.6771904,-0.499661541,179.5631994,3.84728836,8.098028231,2.257450738,0.554938049,0.905623394,-1.442147827,-53.60042038,71.39932251,54.70883789,-56.78344459,-53.38094238,74.10345954,-8.551139838,1,1
67.41490197,5,1571922901,AUT,FALSE,TRUE,TRUE,598.3898901,-301.145553,126.4203681,-179.7786471,-0.347719438,179.499755,-1.674496745,6.017445839,-0.593429203,-0.075423702,0.98589842,-0.878819292,-53.36060943,69.36075783,54.90193977,-64.04792747,-53.66861389,70.6348011,-1.220405963,1,1
67.51539183,5,1571922901,AUT,FALSE,TRUE,TRUE,593.9212319,-256.4931957,128.2025258,-179.8333902,-0.258983439,179.5424684,-4.303312155,4.481433939,0.901869612,-0.179701223,1.378707905,-0.50336616,-52.39678917,66.75957984,55.45724716,-71.47438659,-53.96605224,68.59612656,4.5539978,1,1
67.61588788,5,1571922901,AUT,FALSE,TRUE,TRUE,593.9212319,-256.4931957,128.2025258,-179.8333902,-0.258983439,179.5424684,-4.303312155,4.481433939,0.901869612,-0.179701223,1.378707905,-0.50336616,-52.39678917,66.75957984,55.45724716,-71.47438659,-53.96605224,68.59612656,4.5539978,1,1
67.71640396,5,1571922901,AUT,FALSE,TRUE,TRUE,590.2656371,-211.5074474,132.3915917,-179.8823201,-0.19169937,179.6625084,-7.515820132,5.975742025,3.654731992,0.488016279,1.991074873,-0.366700244,-50.80384025,64.71091804,55.90044594,-76.24280319,-53.98704162,67.12805786,10.06259765,1,1
67.81687284,5,1571922901,AUT,FALSE,TRUE,TRUE,590.2656371,-211.5074474,132.3915917,-179.8823201,-0.19169937,179.6625084,-7.515820132,5.975742025,3.654731992,0.488016279,1.991074873,-0.366700244,-50.80384025,64.71091804,55.90044594,-76.24280319,-53.98704162,67.12805786,10.06259765,1,1
67.91742492,5,1571922901,AUT,FALSE,TRUE,TRUE,588.586636,-160.2552737,135.4383529,-179.8930881,-0.173990435,179.6949718,-8.605936076,5.842430327,3.546164219,0.464080634,2.093866893,-0.183029548,-47.95841217,62.9642704,56.33894119,-80.27571601,-53.97471496,65.87646103,16.01163597,1,1
68.01796794,5,1571922902,AUT,FALSE,TRUE,TRUE,588.586636,-160.2552737,135.4383529,-179.8930881,-0.173990435,179.6949718,-8.605936076,5.842430327,3.546164219,0.464080634,2.093866893,-0.183029548,-45.04707984,62.26737671,56.33669243,-82.09236717,-53.97366027,65.12967567,20.33886566,1,1
68.11847186,5,1571922902,AUT,FALSE,TRUE,TRUE,589.70922,-120.9510411,134.8051044,-179.9259482,-0.193239201,179.7156808,-4.51571681,3.211288924,3.232713587,-0.638880967,1.62364313,-0.289597684,-45.04707984,62.26737671,56.33669243,-82.09236717,-53.97366027,65.12967567,20.33886566,1,1
68.21897197,5,1571922902,AUT,FALSE,TRUE,TRUE,593.253715,-86.46930071,132.8297557,-179.9655438,-0.236747331,179.7638738,-3.301188806,3.001528709,2.481766266,-0.403348878,1.877705392,-0.139562925,-41.89427147,62.14747467,56.18359794,-82.65092239,-54.02384582,64.74103775,23.87486686,1,1
68.31950402,5,1571922902,AUT,FALSE,TRUE,TRUE,593.253715,-86.46930071,132.8297557,-179.9655438,-0.236747331,179.7638738,-3.301188806,3.001528709,2.481766266,-0.403348878,1.877705392,-0.139562925,-41.89427147,62.14747467,56.18359794,-82.65092239,-54.02384582,64.74103775,23.87486686,1,1
68.42020798,5,1571922902,AUT,FALSE,TRUE,TRUE,596.5447037,-60.49047714,132.1999425,-179.9831916,-0.260358113,179.8584947,1.433873689,0.345115941,0.773160153,-0.68033509,1.128842088,-0.000382295,-39.15613861,62.14521217,56.00834198,-82.63291511,-54.02494445,64.68435516,26.43969383,1,1
68.52119184,5,1571922902,AUT,FALSE,TRUE,TRUE,596.5447037,-60.49047714,132.1999425,-179.9831916,-0.260358113,179.8584947,1.433873689,0.345115941,0.773160153,-0.68033509,1.128842088,-0.000382295,-37.33760261,62.03422966,55.83159942,-82.48483657,-54.02402709,64.71291275,28.14463119,1,1
68.62189984,5,1571922902,AUT,FALSE,TRUE,TRUE,599.4635865,-43.5118506,133.2678526,179.8967043,-0.052779899,-179.7910878,-4.168302487,-3.804106837,1.771438715,-0.892520357,1.102849014,0.407974919,-37.33760261,62.03422966,55.83159942,-82.48483657,-54.02402709,64.71291275,28.14463119,1,1
68.72258902,5,1571922902,AUT,FALSE,TRUE,TRUE,599.4635865,-43.5118506,133.2678526,179.8967043,-0.052779899,-179.7910878,-4.168302487,-3.804106837,1.771438715,-0.892520357,1.102849014,0.407974919,-36.41635093,62.44098473,55.08342018,-79.99918327,-53.61370422,65.13726311,26.62319298,1,1
68.82312584,5,1571922902,AUT,FALSE,TRUE,TRUE,611.7922596,-50.32967885,134.5687054,179.9351039,0.236943821,-179.7484321,-11.99687109,2.529045482,5.514871858,0.193725289,1.447039234,-0.063111898,-36.41635093,62.44098473,55.08342018,-79.99918327,-53.61370422,65.13726311,26.62319298,1,1
68.92366695,5,1571922902,AUT,FALSE,TRUE,TRUE,635.4233784,-60.16604259,131.8870473,-179.9134982,0.339789413,-179.9880657,-11.18992762,5.55378661,5.533542264,0.001602733,1.464327646,-0.581845498,-35.1269371,64.80506058,54.85562553,-74.52429428,-53.59464294,66.85399704,23.64917679,1,1
69.02422094,5,1571922903,AUT,FALSE,TRUE,TRUE,635.4233784,-60.16604259,131.8870473,-179.9134982,0.339789413,-179.9880657,-11.18992762,5.55378661,5.533542264,0.001602733,1.464327646,-0.581845498,-35.1269371,64.80506058,54.85562553,-74.52429428,-53.59464294,66.85399704,23.64917679,1,1
69.12481499,5,1571922903,AUT,FALSE,TRUE,TRUE,659.9348303,-60.706759,129.5490285,-179.9620408,0.282393209,179.9834839,-7.295058494,5.356586479,3.056561241,0.157311229,1.124125028,-0.324126501,-32.80731811,67.37584419,54.86010246,-68.50771064,-53.92138183,69.02323036,21.71852187,1,1
69.22538185,5,1571922903,AUT,FALSE,TRUE,TRUE,659.9348303,-60.706759,129.5490285,-179.9620408,0.282393209,179.9834839,-7.295058494,5.356586479,3.056561241,0.157311229,1.124125028,-0.324126501,-32.80731811,67.37584419,54.86010246,-68.50771064,-53.92138183,69.02323036,21.71852187,1,1
69.32592082,5,1571922903,AUT,FALSE,TRUE,TRUE,687.4061817,-57.81878751,130.1066653,-179.9896622,0.023659804,-179.9093441,6.974348017,1.260927822,-3.059323472,-0.126341378,-0.678350004,-0.083322676,-29.97936516,69.60451354,54.80263023,-62.36528893,-53.9647998,72.01758499,19.38559913,1,1
69.42646384,5,1571922903,AUT,FALSE,TRUE,TRUE,702.311848,-55.46000206,133.3913938,179.9918969,-0.118840799,-179.8476161,9.187989894,0.870033949,-0.1823002,0.149010423,-0.913922559,-0.057745891,-27.26513786,71.3865097,54.79053154,-56.48809089,-53.868208,73.9404705,17.97936973,1,1
69.52702999,5,1571922903,AUT,FALSE,TRUE,TRUE,702.311848,-55.46000206,133.3913938,179.9918969,-0.118840799,-179.8476161,9.187989894,0.870033949,-0.1823002,0.149010423,-0.913922559,-0.057745891,-27.26513786,71.3865097,54.79053154,-56.48809089,-53.868208,73.9404705,17.97936973,1,1
69.62758398,5,1571922903,AUT,FALSE,TRUE,TRUE,702.311848,-55.46000206,133.3913938,179.9918969,-0.118840799,-179.8476161,9.187989894,0.870033949,-0.1823002,0.149010423,-0.913922559,-0.057745891,-25.91687507,72.00888863,54.82050704,-54.28406181,-53.69894165,74.99175224,17.64944687,1,1
69.72813702,5,1571922903,AUT,FALSE,TRUE,TRUE,709.1997075,-44.05241272,134.7059651,-179.8159846,-0.330899018,179.9763064,3.854560894,8.340683298,1.565647649,1.087155296,0.195253653,-0.64937666,-25.91687507,72.00888863,54.82050704,-54.28406181,-53.69894165,74.99175224,17.64944687,1,1
69.82866788,5,1571922903,AUT,FALSE,TRUE,TRUE,709.1997075,-44.05241272,134.7059651,-179.8159846,-0.330899018,179.9763064,3.854560894,8.340683298,1.565647649,1.087155296,0.195253653,-0.64937666,-24.04567337,72.05411796,55.07876129,-54.70674019,-53.76661743,74.65911713,19.76426696,1,1
69.929178,5,1571922903,AUT,FALSE,TRUE,TRUE,709.2136085,-15.0889959,134.1348449,-179.8016737,-0.176034128,179.7812579,-7.968269435,10.77400602,2.088642243,0.961882449,2.029404486,-0.866626046,-24.04567337,72.05411796,55.07876129,-54.70674019,-53.76661743,74.65911713,19.76426696,1,1
70.02976584,5,1571922904,AUT,FALSE,TRUE,TRUE,709.7422746,17.75198949,134.4924497,-179.8526037,-0.103688583,179.753537,-7.712705062,12.4726707,2.693376224,1.491716237,1.83577028,-0.627335612,-20.95757789,72.03052483,55.11986389,-54.71224708,-53.76454101,74.58828964,22.94190444,1,1
70.13059092,5,1571922904,AUT,FALSE,TRUE,TRUE,709.1886397,50.41819068,134.8496827,-179.967824,-0.109792346,179.8167746,-2.782162061,3.097131274,1.976853113,0.069377442,0.716916042,-0.103120434,-18.17784118,72.09132042,55.09044456,-54.40965614,-53.76216796,74.7151371,25.56849518,1,1
70.23138189,5,1571922904,AUT,FALSE,TRUE,TRUE,708.7647608,75.53819248,135.5557132,179.9259129,-0.150663438,-179.9109673,-2.782162061,3.097131274,1.976853113,0.069377442,0.716916042,-0.103120434,-15.70411834,72.16248093,54.84774628,-53.76643752,-53.73909118,75.0492382,27.53552513,1,1
70.33189583,5,1571922904,AUT,FALSE,TRUE,TRUE,708.7647608,75.53819248,135.5557132,179.9259129,-0.150663438,-179.9109673,1.418185034,-1.915322597,0.936407784,-0.5434609,0.114611053,0.361050896,-15.70411834,72.16248093,54.84774628,-53.76643752,-53.73909118,75.0492382,27.53552513,1,1
70.43253899,5,1571922904,AUT,FALSE,TRUE,TRUE,709.5516907,88.32087204,136.4909257,179.9523257,-0.200453916,-179.7738284,2.515135051,-3.063165574,1.64534807,-0.745800334,-0.060268825,0.296236687,-14.22091255,72.27707863,54.64047889,-52.96346397,-53.60708496,75.40632476,28.22644844,1,1
70.53302097,5,1571922904,AUT,FALSE,TRUE,TRUE,708.7388481,92.64995677,135.4766265,179.9937293,-0.478333774,-179.7670046,8.485134651,-0.999657489,2.005796605,-0.497098906,-0.234029659,-0.027227805,-13.70710258,72.42358131,54.56030616,-52.67801513,-53.45946716,75.64789009,28.38987694,1,1
70.63354087,5,1571922904,AUT,FALSE,TRUE,TRUE,703.6517192,95.65156809,132.6533301,-179.9528724,-0.782878114,-179.8109221,11.20676068,3.076613391,-0.623567478,0.457609985,0.406883649,-0.091083557,-13.87743187,72.31717872,54.61400184,-53.77804527,-53.46135681,75.35797119,29.05873146,1,1
70.73409486,5,1571922904,AUT,FALSE,TRUE,TRUE,703.6517192,95.65156809,132.6533301,-179.9528724,-0.782878114,-179.8109221,11.20676068,3.076613391,-0.623567478,0.457609985,0.406883649,-0.091083557,-13.87743187,72.31717872,54.61400184,-53.77804527,-53.46135681,75.35797119,29.05873146,1,1
70.83462787,5,1571922904,AUT,FALSE,TRUE,TRUE,692.7316433,101.9751666,131.8869035,-179.9973239,-0.881642986,-179.7344072,10.85767307,3.740718815,-2.984155045,0.797015532,0.426784912,0.266271954,-14.38412475,71.46303978,54.71024208,-56.64073219,-53.5265332,74.46650619,30.86489753,1,1
70.93518996,5,1571922904,AUT,FALSE,TRUE,TRUE,676.3460726,107.9135804,134.8282099,179.9020412,-0.835970486,-179.569556,8.410340337,-1.61088207,-2.578226733,0.523547504,0.341403343,0.603383008,-15.37067299,69.69818916,54.83377304,-61.04974479,-53.47173889,73.18690453,33.39534759,1,1
71.03570485,5,1571922905,AUT,FALSE,TRUE,TRUE,657.8556635,108.1048092,137.9587808,179.9238358,-0.739818079,-179.4966119,3.409934318,-0.029722965,0.463663838,0.711963348,1.099377097,0.563927533,-16.97471466,67.58030662,54.86308937,-66.04070663,-53.1911206,71.55245819,35.44695168,1,1
71.13621783,5,1571922905,AUT,FALSE,TRUE,TRUE,657.8556635,108.1048092,137.9587808,179.9238358,-0.739818079,-179.4966119,3.409934318,-0.029722965,0.463663838,0.711963348,1.099377097,0.563927533,-16.97471466,67.58030662,54.86308937,-66.04070663,-53.1911206,71.55245819,35.44695168,1,1
71.23683596,5,1571922905,AUT,FALSE,TRUE,TRUE,639.0056462,102.155562,138.874891,-179.9800313,-0.610998992,-179.5700403,-1.921010794,4.467909079,2.095076129,1.183103878,1.663176288,0.036483087,-19.17156143,65.48666267,54.85288238,-71.17644081,-52.89245727,69.52048874,36.90837021,1,1
71.33739996,5,1571922905,AUT,FALSE,TRUE,TRUE,622.1431389,96.03624768,138.1572156,-179.9004867,-0.411359129,-179.7614564,-7.003684094,9.583014821,4.526456653,1.379847939,2.096344432,-0.614547399,-21.2395832,63.82242279,54.93725052,-75.60364265,-52.82322143,67.52125167,38.03951912,1,1
71.43806601,5,1571922905,AUT,FALSE,TRUE,TRUE,608.8598705,95.30726846,137.7516725,-179.8488282,-0.280393194,-179.9356784,-9.697822346,10.31651456,3.660578515,0.968590785,2.282735344,-0.800408276,-22.52888374,62.67416954,55.1962326,-78.83052291,-52.90361938,66.14738731,39.20591697,1,1
71.53870296,5,1571922905,AUT,FALSE,TRUE,TRUE,608.8598705,95.30726846,137.7516725,-179.8488282,-0.280393194,-179.9356784,-9.697822346,10.31651456,3.660578515,0.968590785,2.282735344,-0.800408276,-22.73156433,62.11887931,55.33999901,-80.0599205,-52.97654113,65.56441841,40.01805381,1,1
71.63924479,5,1571922905,AUT,FALSE,TRUE,TRUE,604.004447,98.44039342,138.7650966,-179.8435652,-0.054872873,179.999425,-15.12705709,9.803335208,4.666726713,0.663753484,2.849265035,-0.786233956,-22.73156433,62.11887931,55.33999901,-80.0599205,-52.97654113,65.56441841,40.01805381,1,1
71.73975801,5,1571922905,AUT,FALSE,TRUE,TRUE,604.9865733,106.0855887,138.3353938,-179.7300975,-0.089489082,179.8494707,-8.38251393,14.06769262,7.938049036,1.065314703,1.806738655,-1.24804643,-21.98578491,62.33588676,55.35713081,-79.59249687,-52.92372436,65.68438224,40.32958831,1,1
71.8404758,5,1571922905,AUT,FALSE,TRUE,TRUE,605.1908426,123.8320544,132.9315962,-179.7660776,-0.182783521,179.7217512,-5.015363683,12.45117547,6.821826237,0.304756036,1.806547908,-1.215455484,-20.12302207,63.22097282,55.30741424,-78.77462311,-53.26767333,65.69259453,41.78378334,1,1
71.94123483,5,1571922905,AUT,FALSE,TRUE,TRUE,605.6412109,148.7163302,126.2715367,-179.8197421,-0.05961701,179.6458605,-5.812395233,11.99724815,2.212364478,0.292848747,1.537748722,-0.823455859,-17.47915534,64.39076958,55.26457099,-77.62356491,-53.99198547,65.65430374,43.90601578,1,1
72.04203582,5,1571922906,AUT,FALSE,TRUE,TRUE,605.6412109,148.7163302,126.2715367,-179.8197421,-0.05961701,179.6458605,-5.812395233,11.99724815,2.212364478,0.292848747,1.537748722,-0.823455859,-17.47915534,64.39076958,55.26457099,-77.62356491,-53.99198547,65.65430374,43.90601578,1,1
72.14256287,5,1571922906,AUT,FALSE,TRUE,TRUE,609.5801885,182.9733315,124.2903488,-179.9048472,-0.087538854,179.7650871,-2.952316227,8.887475349,-0.40677156,0.193423615,1.173519102,-0.431166258,-14.3825283,65.76349411,55.26250763,-74.74637604,-54.34773925,66.73455505,45.93865471,1,1
72.24309182,5,1571922906,AUT,FALSE,TRUE,TRUE,613.0577643,210.0593648,126.2935906,-179.903561,-0.119329913,179.8207458,-0.311826619,6.205797614,0.244727778,-0.182804106,0.670806185,-0.354475229,-10.15732727,66.68758506,55.28665695,-71.8388031,-54.25848632,68.01841392,47.10861969,1,1
72.3436079,5,1571922906,AUT,FALSE,TRUE,TRUE,613.0577643,210.0593648,126.2935906,-179.903561,-0.119329913,179.8207458,-0.311826619,6.205797614,0.244727778,-0.182804106,0.670806185,-0.354475229,-10.15732727,66.68758506,55.28665695,-71.8388031,-54.25848632,68.01841392,47.10861969,1,1
72.4441638,5,1571922906,AUT,FALSE,TRUE,TRUE,614.2544456,235.8005867,128.5459805,-179.9680237,-0.145354278,179.89605,0.976599692,0.691242779,0.084686987,-1.073143084,0.43325767,-0.06489364,-7.070337294,67.42030792,55.29709739,-69.30801658,-54.13134704,69.16022987,48.30342064,1,1
72.5447228,5,1571922906,AUT,FALSE,TRUE,TRUE,614.9660541,255.4598212,131.2896143,179.9165243,-0.160825696,-179.8502927,2.162354664,-1.807407627,0.380357277,-0.851289219,0.217858545,0.433536133,-4.526439281,67.92960319,55.21595306,-67.1375679,-54.03592529,70.27347107,49.22153434,1,1
72.64530301,5,1571922906,AUT,FALSE,TRUE,TRUE,617.1073364,264.3439148,134.8650114,179.7953023,-0.247590947,-179.660066,5.988068194,-4.282565585,0.178551308,-0.932365441,-0.152961825,0.790534196,-3.111108394,68.13128127,55.05858421,-65.50139122,-53.70907104,71.20223121,49.31008758,1,1
72.74586892,5,1571922906,AUT,FALSE,TRUE,TRUE,616.4071903,265.4815347,137.3973758,179.9024067,-0.426652604,-179.6322817,5.988068194,-4.282565585,0.178551308,-0.932365441,-0.152961825,0.790534196,-2.906089781,67.97416649,55.07759056,-65.30016632,-53.42687072,71.56531219,49.15579834,1,1
72.84641385,5,1571922906,AUT,FALSE,TRUE,TRUE,616.4071903,265.4815347,137.3973758,179.9024067,-0.426652604,-179.6322817,9.186468645,-1.106078689,-0.288963087,-0.311700302,-0.121825348,0.69627493,-2.906089781,67.97416649,55.07759056,-65.30016632,-53.42687072,71.56531219,49.15579834,1,1
72.94692683,5,1571922907,AUT,FALSE,TRUE,TRUE,608.9350306,266.4642697,137.2973148,179.9564936,-0.6540812,-179.6619638,7.30214823,2.864960566,1.027372336,0.512500466,0.755966461,0.361891446,-3.223632425,67.47344398,55.18227996,-66.76583862,-53.2451184,71.17966804,49.87413254,1,1
73.04748893,5,1571922907,AUT,FALSE,TRUE,TRUE,594.3460804,268.7022528,133.6839753,179.9594527,-0.791575851,-179.6590388,7.466660184,2.148323299,2.66825883,0.242420244,0.913005594,0.363199808,-3.689926525,66.64912948,55.13901443,-69.76790428,-53.25845031,69.91384048,51.68479958,1,1
73.14801502,5,1571922907,AUT,FALSE,TRUE,TRUE,574.0447304,271.3073726,127.7640018,179.9456809,-0.791388325,-179.638399,5.024854049,3.431867491,1.977125959,0.24611794,1.260485682,0.407926983,-4.273115156,65.57564506,55.03162308,-73.97575721,-53.54362792,67.94416351,54.33347626,1,1
73.24851394,5,1571922907,AUT,FALSE,TRUE,TRUE,574.0447304,271.3073726,127.7640018,179.9456809,-0.791388325,-179.638399,5.024854049,3.431867491,1.977125959,0.24611794,1.260485682,0.407926983,-4.273115156,65.57564506,55.03162308,-73.97575721,-53.54362792,67.94416351,54.33347626,1,1
73.34904885,5,1571922907,AUT,FALSE,TRUE,TRUE,551.1148079,273.2313712,123.4200041,179.9713779,-0.655359759,-179.6469201,2.76366604,2.802154743,-1.074742159,0.121761609,1.209699498,0.355148364,-4.945488738,64.19015579,55.03991089,-78.72306289,-53.99534729,65.75731773,57.29617996,1,1
73.44958401,5,1571922907,AUT,FALSE,TRUE,TRUE,529.1808987,273.1947633,124.5058668,-179.9906184,-0.527027739,-179.5989368,-0.428141187,5.541739819,-0.704042417,0.628618503,1.517187459,0.238405557,-5.678345488,62.40861282,55.21599083,-83.10878448,-54.11259887,64.09010467,59.88231354,1,1
73.55010581,5,1571922907,AUT,FALSE,TRUE,TRUE,511.8066546,271.7485263,127.8706767,179.9357321,-0.489232131,-179.5697815,-0.682177444,4.145998513,2.280413143,0.541147931,1.457313293,0.171984845,-6.3443367,60.71085091,55.44918594,-86.53586311,-53.89699218,62.95043449,61.74773369,1,1
73.65108681,5,1571922907,AUT,FALSE,TRUE,TRUE,496.558164,268.942834,128.152445,-179.9846056,-0.454293169,-179.5671396,-0.682177444,4.145998513,2.280413143,0.541147931,1.457313293,0.171984845,-6.98837585,59.31175232,55.48077163,-89.60259704,-53.79707702,61.64790916,63.17821198,1,1
80.46105194,6,1571922914,AUT,FALSE,FALSE,TRUE,471.9379728,-399.9618591,169.87003,-179.9989465,-0.017232038,179.991394,-3.489727581,-1.064690154,2.226123737,-0.292403257,1.000969919,0.058875225,-71.79911842,59.72067718,55.70459061,-78.18216133,-50.25376647,68.11583862,-11.16486283,0.5,1
80.56170797,6,1571922914,AUT,FALSE,TRUE,TRUE,470.863131,-400.051017,167.9404895,179.9541958,-0.233685009,179.8714324,-1.564060127,-0.610816924,6.995469461,-0.308719221,1.186203816,0.130815113,-71.7955513,59.84241943,55.59854507,-78.18332176,-50.25565063,68.19297638,-11.17135163,1,1
80.66238594,6,1571922914,AUT,FALSE,TRUE,TRUE,470.9000207,-401.6741986,157.7751191,-179.9619398,-0.168371037,179.9370181,-1.860018313,0.293170445,8.356632013,-0.467813724,1.126201945,-0.146382934,-71.60634613,60.56467781,54.96834869,-78.1841217,-50.70868286,67.28197288,-11.19441262,1,1
80.76291394,6,1571922914,AUT,FALSE,TRUE,TRUE,472.3930755,-401.3094285,144.2951712,-179.9365851,-0.064440283,179.8738354,-0.560240302,0.748281257,2.627887687,-0.467813724,1.126201945,-0.146382934,-71.29513092,61.74965286,54.47969055,-78.17885513,-51.50312622,66.23471832,-10.82826233,1,1
80.86343479,6,1571922914,AUT,FALSE,TRUE,TRUE,472.3930755,-401.3094285,144.2951712,-179.9365851,-0.064440283,179.8738354,-0.560240302,0.748281257,2.627887687,-0.63592032,0.322182467,-0.43270854,-71.29513092,61.74965286,54.47969055,-78.17885513,-51.50312622,66.23471832,-10.82826233,1,1
80.96390486,6,1571922915,AUT,FALSE,TRUE,TRUE,473.5382097,-400.6696595,134.8015376,-179.9200434,-0.049059013,179.8456944,2.674203996,0.286603901,0.299322067,-0.592668513,-0.150140872,-0.417905945,-71.11020698,62.79276008,54.41261558,-78.13621788,-52.42482421,65.72032471,-10.35788269,1,1
81.06440997,6,1571922915,AUT,FALSE,TRUE,TRUE,474.1368501,-401.5560428,131.2751869,-179.9304431,0.004317125,179.8944879,1.984646037,0.564534202,-1.683799145,-0.270775767,-0.242288308,-0.306713889,-71.10616264,63.30495987,54.47083282,-78.00210571,-52.90953552,65.52770691,-10.21960946,1,1
81.1649189,6,1571922915,AUT,FALSE,TRUE,TRUE,474.1368501,-401.5560428,131.2751869,-179.9304431,0.004317125,179.8944879,1.984646037,0.564534202,-1.683799145,-0.270775767,-0.242288308,-0.306713889,-71.10616264,63.30495987,54.47083282,-78.00210571,-52.90953552,65.52770691,-10.21960946,1,1
81.26538181,6,1571922915,AUT,FALSE,TRUE,TRUE,475.6135997,-401.7485199,132.9791072,-179.8920456,0.140629932,179.9147068,-4.040029994,2.064524983,1.509236211,0.19903235,0.418972054,-0.332601534,-71.07407569,63.31335754,54.64000168,-77.79898224,-52.93050292,65.66002693,-10.2743248,1,1
81.36591697,6,1571922915,AUT,FALSE,TRUE,TRUE,485.9122022,-395.6422121,135.6151492,-179.9758834,0.378676007,179.9528039,-11.45377269,-2.873550967,4.495364189,-0.398826425,1.149551702,-0.071215721,-70.03067321,63.44065819,54.90614891,-77.08915557,-52.9289154,65.96941223,-9.472027594,1,1
81.46651697,6,1571922915,AUT,FALSE,TRUE,TRUE,485.9122022,-395.6422121,135.6151492,-179.9758834,0.378676007,179.9528039,-11.45377269,-2.873550967,4.495364189,-0.398826425,1.149551702,-0.071215721,-70.03067321,63.44065819,54.90614891,-77.08915557,-52.9289154,65.96941223,-9.472027594,1,1
81.56700587,6,1571922915,AUT,FALSE,TRUE,TRUE,506.2758628,-391.0086096,136.0854059,179.9596499,0.398082666,-179.8616784,-10.25196736,-5.599769929,5.674617266,-0.440538024,1.515065339,0.02734559,-67.38803901,64.37681694,54.66149024,-74.31322288,-52.92948669,66.93795318,-8.936581425,1,1
81.66757083,6,1571922915,AUT,FALSE,TRUE,TRUE,506.2758628,-391.0086096,136.0854059,179.9596499,0.398082666,-179.8616784,-10.25196736,-5.599769929,5.674617266,-0.440538024,1.515065339,0.02734559,-67.38803901,64.37681694,54.66149024,-74.31322288,-52.92948669,66.93795318,-8.936581425,1,1
81.7680788,6,1571922915,AUT,FALSE,TRUE,TRUE,537.9540273,-392.9768778,132.8601442,179.9970638,0.501286489,-179.8147202,-7.478366886,-3.185959713,3.182622356,0.274515698,0.96823497,-0.107395858,-63.97697639,66.91304168,54.11703529,-67.86546364,-52.92684448,68.87066459,-9.790301519,1,1
81.8686049,6,1571922915,AUT,FALSE,TRUE,TRUE,537.9540273,-392.9768778,132.8601442,179.9970638,0.501286489,-179.8147202,-7.478366886,-3.185959713,3.182622356,0.274515698,0.96823497,-0.107395858,-63.97697639,66.91304168,54.11703529,-67.86546364,-52.92684448,68.87066459,-9.790301519,1,1
81.96918488,6,1571922916,AUT,FALSE,TRUE,TRUE,566.9987277,-395.5162779,131.9882722,-179.9531353,0.345312742,-179.9169621,-3.773998324,0.816867975,-0.052822899,-0.031434995,-0.24978153,-0.283813737,-59.33262634,69.58731994,54.00047378,-60.88899765,-52.96933959,71.49086265,-11.16270332,1,1
82.06978083,6,1571922916,AUT,FALSE,TRUE,TRUE,566.9987277,-395.5162779,131.9882722,-179.9531353,0.345312742,-179.9169621,-3.773998324,0.816867975,-0.052822899,-0.031434995,-0.24978153,-0.283813737,-59.33262634,69.58731994,54.00047378,-60.88899765,-52.96933959,71.49086265,-11.16270332,1,1
82.17052603,6,1571922916,AUT,FALSE,TRUE,TRUE,593.7828588,-399.9877942,131.9791775,-179.9054212,-0.043931909,-179.9510069,5.377073221,4.100401122,2.066031813,0.572574941,-0.362548295,-0.429502405,-55.19544639,72.24169921,53.78810806,-53.22930564,-52.97217956,74.38154411,-13.10639076,1,1
82.27115703,6,1571922916,AUT,FALSE,TRUE,TRUE,593.7828588,-399.9877942,131.9791775,-179.9054212,-0.043931909,-179.9510069,5.377073221,4.100401122,2.066031813,0.572574941,-0.362548295,-0.429502405,-52.84092521,73.95509262,53.74488716,-48.12078323,-52.95578796,76.41135406,-14.83065033,1,1
82.37163091,6,1571922916,AUT,FALSE,TRUE,TRUE,607.830655,-404.4315262,132.5291674,-179.8385731,-0.182910396,179.9604551,11.62300323,6.528844535,-1.173490249,1.142312946,-1.017148693,-0.705008054,-52.84092521,73.95509262,53.74488716,-48.12078323,-52.95578796,76.41135406,-14.83065033,1,1
82.47396088,6,1571922916,AUT,FALSE,TRUE,TRUE,607.830655,-404.4315262,132.5291674,-179.8385731,-0.182910396,179.9604551,11.62300323,6.528844535,-1.173490249,1.142312946,-1.017148693,-0.705008054,-52.0300209,74.17005043,53.89878502,-47.1775074,-52.84705627,77.0883007,-14.80352097,1,1
82.57452893,6,1571922916,AUT,FALSE,TRUE,TRUE,612.4104663,-399.1287266,134.6213836,-179.654203,-0.433844294,179.6912915,9.094213538,9.942902466,-0.048602162,1.057782341,-0.245902841,-1.557128327,-52.0300209,74.17005043,53.89878502,-47.1775074,-52.84705627,77.0883007,-14.80352097,1,1
82.67507195,6,1571922916,AUT,FALSE,TRUE,TRUE,613.7323306,-375.0374826,136.1697562,-179.6315689,-0.606763273,179.5679474,8.128115575,11.57964612,2.186818897,1.133464583,0.523458377,-1.63867528,-51.8395935,72.90620384,54.17565422,-50.77988319,-52.80600036,76.35110779,-11.81183053,1,1
82.77552199,6,1571922916,AUT,FALSE,TRUE,TRUE,613.7323306,-375.0374826,136.1697562,-179.6315689,-0.606763273,179.5679474,8.128115575,11.57964612,2.186818897,1.133464583,0.523458377,-1.63867528,-51.8395935,72.90620384,54.17565422,-50.77988319,-52.80600036,76.35110779,-11.81183053,1,1
82.87605,6,1571922916,AUT,FALSE,TRUE,TRUE,612.2604887,-336.7464412,133.4613095,-179.6893736,-0.533782416,179.4522128,6.018263244,9.000345873,-0.169367333,0.901567413,0.209348597,-1.311706571,-51.86119537,71.05158119,54.35767021,-56.91242752,-52.80323181,74.02546692,-6.839954,1,1
82.97652197,6,1571922917,AUT,FALSE,TRUE,TRUE,612.2604887,-336.7464412,133.4613095,-179.6893736,-0.533782416,179.4522128,6.018263244,9.000345873,-0.169367333,0.901567413,0.209348597,-1.311706571,-51.86119537,71.05158119,54.35767021,-56.91242752,-52.80323181,74.02546692,-6.839954,1,1
83.07702398,6,1571922917,AUT,FALSE,TRUE,TRUE,605.014707,-272.6149157,132.753114,-179.7767769,-0.370123922,179.3964395,-0.802723001,6.714674325,-1.403222735,-0.043690743,0.848671932,-0.710114295,-51.56780548,68.37246208,54.83659172,-65.31883278,-53.01987121,70.39819336,1.612820431,1,1
83.17752695,6,1571922917,AUT,FALSE,TRUE,TRUE,597.1701303,-218.5061911,137.9259302,-179.9121649,-0.204553483,179.5485914,-7.70790975,5.911771581,2.394951902,0.425348708,2.080322953,-0.190193337,-50.25099106,64.87492676,55.68117256,-74.16275825,-53.20896789,68.11662139,8.558957288,1,1
83.27809,6,1571922917,AUT,FALSE,TRUE,TRUE,597.1701303,-218.5061911,137.9259302,-179.9121649,-0.204553483,179.5485914,-7.70790975,5.911771581,2.394951902,0.425348708,2.080322953,-0.190193337,-50.25099106,64.87492676,55.68117256,-74.16275825,-53.20896789,68.11662139,8.558957288,1,1
83.378613,6,1571922917,AUT,FALSE,TRUE,TRUE,591.2992422,-166.2870654,143.7622566,-179.9323136,-0.131233354,179.7505443,-12.86050753,5.690898852,6.195763769,1.029436836,2.581725338,-0.041641694,-48.00002289,62.39524726,56.21175384,-79.30224494,-53.07493469,66.59208984,14.83440971,1,1
83.47916985,6,1571922917,AUT,FALSE,TRUE,TRUE,591.2992422,-166.2870654,143.7622566,-179.9323136,-0.131233354,179.7505443,-12.86050753,5.690898852,6.195763769,1.029436836,2.581725338,-0.041641694,-48.00002289,62.39524726,56.21175384,-79.30224494,-53.07493469,66.59208984,14.83440971,1,1
83.57969689,6,1571922917,AUT,FALSE,TRUE,TRUE,591.3555381,-113.196782,142.0114996,-179.9555906,-0.103196746,179.7950876,-8.949370444,2.61750125,6.384824574,0.100260201,2.104404641,-0.250747301,-44.83400001,61.28727264,56.11622429,-81.86475448,-52.97867797,65.43649292,19.86078529,1,1
83.68053889,6,1571922917,AUT,FALSE,TRUE,TRUE,591.3555381,-113.196782,142.0114996,-179.9555906,-0.103196746,179.7950876,-8.949370444,2.61750125,6.384824574,0.100260201,2.104404641,-0.250747301,-44.83400001,61.28727264,56.11622429,-81.86475448,-52.97867797,65.43649292,19.86078529,1,1
83.78108501,6,1571922917,AUT,FALSE,TRUE,TRUE,596.4874558,-79.95299161,137.1834134,-179.9888358,-0.177418518,179.8597147,-1.975523987,-0.344079332,3.722994709,-0.411871479,1.270590082,0.021464832,-40.77321281,61.51814346,55.66879578,-82.20528603,-53.14141845,64.832341,24.02994919,1,1
83.88164592,6,1571922917,AUT,FALSE,TRUE,TRUE,601.8901148,-60.91962209,131.2149248,179.8977891,-0.146389508,-179.8142676,-1.27933684,-4.495239974,2.180533708,-0.741207067,1.16566936,0.485075492,-38.08250656,61.94264831,54.8014904,-81.64338684,-53.28157104,64.42033996,25.96898117,1,1
83.98228288,6,1571922918,AUT,FALSE,TRUE,TRUE,601.8901148,-60.91962209,131.2149248,179.8977891,-0.146389508,-179.8142676,-1.27933684,-4.495239974,2.180533708,-0.741207067,1.16566936,0.485075492,-38.08250656,61.94264831,54.8014904,-81.64338684,-53.28157104,64.42033996,25.96898117,1,1
84.08280802,6,1571922918,AUT,FALSE,TRUE,TRUE,612.9234007,-62.2450822,127.7754724,179.9184163,0.237965886,-179.7318678,-12.45357181,1.407674873,6.620991877,0.322623998,1.796514943,0.131097673,-36.82377204,62.68415336,53.85315056,-79.55781097,-53.11388122,64.30598945,25.14955902,1,1
84.18336701,6,1571922918,AUT,FALSE,TRUE,TRUE,612.9234007,-62.2450822,127.7754724,179.9184163,0.237965886,-179.7318678,-12.45357181,1.407674873,6.620991877,0.322623998,1.796514943,0.131097673,-36.82377204,62.68415336,53.85315056,-79.55781097,-53.11388122,64.30598945,25.14955902,1,1
84.28385687,6,1571922918,AUT,FALSE,TRUE,TRUE,635.1298526,-64.37420888,125.695081,-179.9970407,0.456139488,-179.9463775,-18.55587928,9.727104418,6.10207854,1.54851663,2.419260345,-0.210658139,-35.12161903,64.82322921,53.74100761,-74.69001274,-53.19019775,65.79675178,23.2311573,1,1
84.38438296,6,1571922918,AUT,FALSE,TRUE,TRUE,671.2254543,-62.83422892,126.0629762,179.9948271,0.31878583,-179.8621916,-18.55587928,9.727104418,6.10207854,1.54851663,2.419260345,-0.210658139,-31.40152473,68.16574401,53.72366981,-65.88767395,-53.28724548,69.37936249,20.40669937,1,1
84.48495698,6,1571922918,AUT,FALSE,TRUE,TRUE,671.2254543,-62.83422892,126.0629762,179.9948271,0.31878583,-179.8621916,-4.664319199,2.159953959,0.383322396,0.481939942,0.660501012,0.016602987,-31.40152473,68.16574401,53.72366981,-65.88767395,-53.28724548,69.37936249,20.40669937,1,1
84.58544087,6,1571922918,AUT,FALSE,TRUE,TRUE,671.2254543,-62.83422892,126.0629762,179.9948271,0.31878583,-179.8621916,-4.664319199,2.159953959,0.383322396,0.481939942,0.660501012,0.016602987,-27.94772529,71.00142174,53.71969757,-57.69982452,-53.1973114,72.71034507,17.67030716,1,1
84.6859839,6,1571922918,AUT,FALSE,TRUE,TRUE,698.2263826,-61.67116064,127.8657538,-179.968964,-0.108956338,-179.8615985,12.44874709,2.585036307,-1.729483422,0.687396283,-1.372841014,-0.087624181,-27.94772529,71.00142174,53.71969757,-57.69982452,-53.1973114,72.71034507,17.67030716,1,1
84.78649592,6,1571922918,AUT,FALSE,TRUE,TRUE,713.4830298,-49.7709634,132.6555205,-179.8529204,-0.34693967,-179.9470351,15.48462201,5.059230815,-1.422443971,1.052339348,-1.415535029,-0.24299842,-25.17510566,72.45002746,54.04293594,-52.83074226,-53.10290588,75.07872276,16.68968811,1,1
84.8869679,6,1571922918,AUT,FALSE,TRUE,TRUE,713.4830298,-49.7709634,132.6555205,-179.8529204,-0.34693967,-179.9470351,15.48462201,5.059230815,-1.422443971,1.052339348,-1.415535029,-0.24299842,-23.36583938,72.5137104,54.20573959,-52.46501083,-52.98726928,75.21504936,18.21021995,1,1
84.98753881,6,1571922919,AUT,FALSE,TRUE,TRUE,715.6379511,-27.32516273,133.877588,-179.7787682,-0.305455944,179.8421587,0.598458662,10.42932667,2.313557802,1.550136227,0.793722596,-0.776217413,-23.36583938,72.5137104,54.20573959,-52.46501083,-52.98726928,75.21504936,18.21021995,1,1
85.08813,6,1571922919,AUT,FALSE,TRUE,TRUE,715.6691392,4.744109559,133.3745025,-179.8933588,-0.133584895,179.7139292,-8.685302368,11.71286517,1.791287312,1.50378355,2.158513034,-0.610181414,-21.05724449,72.47007408,54.32731704,-52.85447616,-53.04398071,74.87897071,20.98829841,1,1
85.18862796,6,1571922919,AUT,FALSE,TRUE,TRUE,715.7618129,42.01941364,134.6715033,-179.8978938,-0.01961229,179.7290889,-6.788939722,9.730051222,1.05301533,1.103528744,1.286366705,-0.317820922,-18.02991028,72.45587425,54.35460434,-52.61344643,-53.05779602,74.92343101,23.86453628,1,1
85.28913403,6,1571922919,AUT,FALSE,TRUE,TRUE,715.7129933,77.57646066,137.4252436,179.9009311,-0.011262253,179.9682296,-3.528930915,-1.6712365,-0.51733783,1.103528744,1.286366705,-0.317820922,-14.71280136,72.52046356,54.27367973,-51.67633323,-53.04989685,75.46619339,26.60334549,1,1
85.38956499,6,1571922919,AUT,FALSE,TRUE,TRUE,715.7129933,77.57646066,137.4252436,179.9009311,-0.011262253,179.9682296,-3.528930915,-1.6712365,-0.51733783,-0.254463499,0.541624503,0.433736808,-14.71280136,72.52046356,54.27367973,-51.67633323,-53.04989685,75.46619339,26.60334549,1,1
85.49010301,6,1571922919,AUT,FALSE,TRUE,TRUE,718.9762102,94.94740311,141.8195717,179.713808,-0.084762904,-179.6504049,2.469324859,-9.645637252,-0.714706166,-0.847124734,-0.191888255,0.895875396,-12.27959404,72.70374641,53.86637878,-49.72870102,-52.81556396,76.49383392,27.41872329,1,1
85.59120488,6,1571922919,AUT,FALSE,TRUE,TRUE,722.4172425,96.35809692,145.1188767,179.9231069,-0.429503472,-179.6565827,12.37438961,-2.93177711,1.887090667,-0.243197765,-0.921902162,0.52178464,-11.42351188,72.94800338,53.66248283,-47.92333145,-52.33212158,77.58021698,26.51233749,1,1
85.69183087,6,1571922919,AUT,FALSE,TRUE,TRUE,720.2050733,95.0041143,143.0754679,-179.9862419,-0.816677815,-179.6361477,12.8300371,1.206816858,2.788277338,0.728114922,0.335020835,0.27447901,-11.60821952,73.01476593,53.68011932,-48.19485855,-52.29206542,77.71528015,26.44896697,1,1
85.7924509,6,1571922919,AUT,FALSE,TRUE,TRUE,720.2050733,95.0041143,143.0754679,-179.9862419,-0.816677815,-179.6361477,12.8300371,1.206816858,2.788277338,0.728114922,0.335020835,0.27447901,-11.60821952,73.01476593,53.68011932,-48.19485855,-52.29206542,77.71528015,26.44896697,1,1
85.89306688,6,1571922919,AUT,FALSE,TRUE,TRUE,712.5341521,95.70313467,137.1011138,179.9782886,-0.99967074,-179.672927,13.59770916,0.842734611,0.872989619,0.415206086,0.601727133,0.083209384,-12.4008007,72.71026268,53.68007812,-50.53722954,-52.38164245,76.67657776,27.53299141,1,1
85.99363089,6,1571922920,AUT,FALSE,TRUE,TRUE,697.413229,97.6235775,131.2877632,179.9654031,-1.037155647,-179.6607975,12.88662378,0.037168281,0.086204094,0.100470603,0.680016256,0.237904451,-13.81883011,71.62974701,53.67181434,-55.21987724,-52.56193359,74.71687431,29.68839569,1,1
86.09412479,6,1571922920,AUT,FALSE,TRUE,TRUE,697.413229,97.6235775,131.2877632,179.9654031,-1.037155647,-179.6607975,12.88662378,0.037168281,0.086204094,0.100470603,0.680016256,0.237904451,-13.81883011,71.62974701,53.67181434,-55.21987724,-52.56193359,74.71687431,29.68839569,1,1
86.19464898,6,1571922920,AUT,FALSE,TRUE,TRUE,670.3989242,99.53809219,129.9310106,179.9702729,-0.888558234,-179.6445823,6.854600956,5.922032794,-3.539384959,1.32753325,0.819216761,0.163480913,-16.29992065,69.10678482,53.81421776,-62.76940384,-52.66320556,71.89111862,33.11765442,1,1
86.29518294,6,1571922920,AUT,FALSE,TRUE,TRUE,670.3989242,99.53809219,129.9310106,179.9702729,-0.888558234,-179.6445823,6.854600956,5.922032794,-3.539384959,1.32753325,0.819216761,0.163480913,-16.29992065,69.10678482,53.81421776,-62.76940384,-52.66320556,71.89111862,33.11765442,1,1
86.39543581,6,1571922920,AUT,FALSE,TRUE,TRUE,634.600419,99.98204613,136.290741,-179.9389942,-0.557731766,-179.6551286,-6.268277604,3.640652461,0.703338767,0.808332735,1.5446724,-0.208197197,-19.53718986,65.12383919,54.33173561,-72.16807022,-52.55047485,68.63414955,36.97452507,1,1
86.49594688,6,1571922920,AUT,FALSE,TRUE,TRUE,613.7788312,98.65854895,141.371397,-179.8824031,-0.230712344,-179.7660472,-6.268277604,3.640652461,0.703338767,0.808332735,1.5446724,-0.208197197,-21.50421295,62.58477516,54.65523491,-77.50204239,-52.25574462,66.62783318,38.80761795,1,1
86.59645295,6,1571922920,AUT,FALSE,TRUE,TRUE,613.7788312,98.65854895,141.371397,-179.8824031,-0.230712344,-179.7660472,-13.26322322,5.802856605,3.20575011,0.92821497,2.384055229,-0.663091707,-21.50421295,62.58477516,54.65523491,-77.50204239,-52.25574462,66.62783318,38.80761795,1,1
86.69692993,6,1571922920,AUT,FALSE,TRUE,TRUE,613.7788312,98.65854895,141.371397,-179.8824031,-0.230712344,-179.7660472,-13.26322322,5.802856605,3.20575011,0.92821497,2.384055229,-0.663091707,-22.51038551,61.14917106,54.74273758,-79.95309563,-51.78940246,65.78872146,39.34973831,1,1
86.79744601,6,1571922920,AUT,FALSE,TRUE,TRUE,603.9169825,97.00349132,144.9977497,-179.8283015,-0.1651772,-179.9166037,-8.898004446,10.97853004,4.299935564,1.481774217,2.130167103,-1.081580866,-22.51038551,61.14917106,54.74273758,-79.95309563,-51.78940246,65.78872146,39.34973831,1,1
86.89797401,6,1571922920,AUT,FALSE,TRUE,TRUE,601.7855374,110.5503669,142.5375176,-179.7208534,-0.200352264,179.7532278,-7.030076209,13.84064673,6.812539207,1.040684808,2.075976229,-1.414202849,-21.55748977,61.50618553,54.98326606,-79.9722805,-51.8888562,65.56809882,40.42914848,1,1
86.99846196,6,1571922921,AUT,FALSE,TRUE,TRUE,601.7855374,110.5503669,142.5375176,-179.7208534,-0.200352264,179.7532278,-7.030076209,13.84064673,6.812539207,1.040684808,2.075976229,-1.414202849,-21.55748977,61.50618553,54.98326606,-79.9722805,-51.8888562,65.56809882,40.42914848,1,1
87.09899688,6,1571922921,AUT,FALSE,TRUE,TRUE,599.6020703,144.9831523,133.0326474,-179.7523627,-0.135281653,179.6282236,-7.899070737,16.02325045,5.186983536,1.456750631,2.103642732,-1.100733692,-18.14504699,62.90609093,54.98524017,-79.05215492,-52.87387939,65.31635055,43.67241211,1,1
87.19951391,6,1571922921,AUT,FALSE,TRUE,TRUE,599.6020703,144.9831523,133.0326474,-179.7523627,-0.135281653,179.6282236,-7.899070737,16.02325045,5.186983536,1.456750631,2.103642732,-1.100733692,-18.14504699,62.90609093,54.98524017,-79.05215492,-52.87387939,65.31635055,43.67241211,1,1
87.30002379,6,1571922921,AUT,FALSE,TRUE,TRUE,600.6695691,187.3586296,126.646209,-179.8413502,-0.048488046,179.6159706,-5.382888128,12.1215959,-0.173141796,0.633119983,1.579132381,-0.613817369,-13.50015106,64.60745773,54.89876747,-76.48326301,-53.62922241,65.90627174,46.86065139,1,1
87.40084887,6,1571922921,AUT,FALSE,TRUE,TRUE,600.6695691,187.3586296,126.646209,-179.8413502,-0.048488046,179.6159706,-5.382888128,12.1215959,-0.173141796,0.633119983,1.579132381,-0.613817369,-13.50015106,64.60745773,54.89876747,-76.48326301,-53.62922241,65.90627174,46.86065139,1,1
87.50161099,6,1571922921,AUT,FALSE,TRUE,TRUE,608.1919145,236.3456968,130.0444221,-179.988067,0.001712619,179.9078649,-2.022738747,0.803260716,-0.299519917,-0.870977716,0.870885589,-0.065822074,-7.20695915,66.46859321,54.81446457,-70.84611282,-53.63510559,68.35069885,48.96003914,1,1
87.6021328,6,1571922921,AUT,FALSE,TRUE,TRUE,616.4875402,259.8542121,137.8536644,179.7615586,-0.140335575,-179.7320079,4.633511998,-8.223407946,-1.548490826,-1.214103391,0.10467236,0.917731961,-3.728413006,67.40117798,54.74171448,-66.30086975,-53.16431396,70.80098648,49.06639023,1,1
87.70265102,6,1571922921,AUT,FALSE,TRUE,TRUE,616.4875402,259.8542121,137.8536644,179.7615586,-0.140335575,-179.7320079,4.633511998,-8.223407946,-1.548490826,-1.214103391,0.10467236,0.917731961,-3.728413006,67.40117798,54.74171448,-66.30086975,-53.16431396,70.80098648,49.06639023,1,1
87.80316782,6,1571922921,AUT,FALSE,TRUE,TRUE,622.2168507,267.6190534,143.8033285,179.8644266,-0.362028754,-179.7087152,10.70517443,-3.169879491,1.221681215,-0.757968628,-0.56423198,0.646028673,-2.208674238,67.75357818,54.62340889,-63.71490097,-52.55129882,72.23811149,48.23234939,1,1
87.90368891,6,1571922921,AUT,FALSE,TRUE,TRUE,622.2168507,267.6190534,143.8033285,179.8644266,-0.362028754,-179.7087152,10.70517443,-3.169879491,1.221681215,-0.757968628,-0.56423198,0.646028673,-2.208674238,67.75357818,54.62340889,-63.71490097,-52.55129882,72.23811149,48.23234939,1,1
88.00422001,6,1571922922,AUT,FALSE,TRUE,TRUE,613.1120207,270.7830671,141.3301807,179.9752854,-0.703417864,-179.6823867,8.045538394,2.551030226,1.982520149,0.541010566,0.633724639,0.235307546,-2.202432631,67.53190498,54.65692062,-65.21894989,-52.42044616,71.77525063,49.18445206,1,1
88.10447884,6,1571922922,AUT,FALSE,TRUE,TRUE,613.1120207,270.7830671,141.3301807,179.9752854,-0.703417864,-179.6823867,8.045538394,2.551030226,1.982520149,0.541010566,0.633724639,0.235307546,-2.202432631,67.53190498,54.65692062,-65.21894989,-52.42044616,71.77525063,49.18445206,1,1
88.20496392,6,1571922922,AUT,FALSE,TRUE,TRUE,592.8228134,274.8331923,135.4308889,179.9258132,-0.816830016,-179.6276015,8.637348143,2.858148751,1.156637694,0.649164709,0.810986442,0.601521565,-2.805434413,66.40485878,54.62500191,-69.44638595,-52.61344299,69.92650909,51.89446678,1,1
88.30546379,6,1571922922,AUT,FALSE,TRUE,TRUE,592.8228134,274.8331923,135.4308889,179.9258132,-0.816830016,-179.6276015,8.637348143,2.858148751,1.156637694,0.649164709,0.810986442,0.601521565,-2.805434413,66.40485878,54.62500191,-69.44638595,-52.61344299,69.92650909,51.89446678,1,1
88.4060328,6,1571922922,AUT,FALSE,TRUE,TRUE,554.8833033,276.3870909,128.9513897,179.9351143,-0.841941817,-179.5588521,5.376713537,2.313463775,1.596507144,0.647034722,1.195402213,0.574298031,-4.135013575,63.95597534,54.61983146,-77.20276451,-52.92527893,66.60655059,56.52841415,1,1
88.50650883,6,1571922922,AUT,FALSE,TRUE,TRUE,522.2054645,275.0998975,124.8204616,-179.9933617,-0.66212822,-179.6388321,5.376713537,2.313463775,1.596507144,0.647034722,1.195402213,0.574298031,-5.314365,61.66310119,54.63634529,-83.9454998,-53.28468566,63.40540581,60.30912895,1,1
88.6070168,6,1571922922,AUT,FALSE,TRUE,TRUE,522.2054645,275.0998975,124.8204616,-179.9933617,-0.66212822,-179.6388321,-0.965003327,6.098978048,1.956290995,0.617297754,1.728164827,0.075660602,-5.314365,61.66310119,54.63634529,-83.9454998,-53.28468566,63.40540581,60.30912895,1,1
88.70751286,6,1571922922,AUT,FALSE,TRUE,TRUE,522.2054645,275.0998975,124.8204616,-179.9933617,-0.66212822,-179.6388321,-0.965003327,6.098978048,1.956290995,0.617297754,1.728164827,0.075660602,-6.334634394,59.25436249,54.72695503,-89.53953209,-53.49741394,61.03302841,63.24842148,1,1
88.80798101,6,1571922922,AUT,FALSE,TRUE,TRUE,496.0420034,270.9514634,125.9770565,-179.9302315,-0.335679627,-179.6665339,-5.204812445,9.771822135,1.065152066,1.147619901,1.768853324,-0.238708589,-6.334634394,59.25436249,54.72695503,-89.53953209,-53.49741394,61.03302841,63.24842148,1,1
95.6804359,7,1571922929,AUT,FALSE,FALSE,TRUE,471.834275,-400.0026455,169.7003268,179.9972003,-0.035020971,179.9769844,-1.129166877,-1.199062587,6.351873654,-0.244714508,1.23347873,0.054067915,-71.72046318,59.62871475,55.50101051,-78.18503151,-50.07188232,68.01997948,-11.25272942,0.5,1
95.78123188,7,1571922929,AUT,FALSE,TRUE,TRUE,469.5497488,-399.37148,164.9726064,-179.9377417,-0.362091632,179.838468,-2.836588808,-2.477012376,13.84011137,-1.142448025,1.772443163,-0.230629892,-71.71560516,59.83541221,55.21307602,-78.41151123,-50.12439147,67.92810631,-11.25703469,1,1
95.88198495,7,1571922929,AUT,FALSE,TRUE,TRUE,469.2477348,-398.510357,146.8548986,-179.9160359,-0.161807348,179.8806509,-4.700058945,-1.522276095,4.321926317,-1.013848385,1.21880728,-0.470145872,-71.48451118,60.96328582,54.27469596,-79.01196899,-50.96941589,66.02363663,-10.74197503,1,1
95.98253489,7,1571922930,AUT,FALSE,TRUE,TRUE,469.2477348,-398.510357,146.8548986,-179.9160359,-0.161807348,179.8806509,-4.700058945,-1.522276095,4.321926317,-1.013848385,1.21880728,-0.470145872,-71.48451118,60.96328582,54.27469596,-79.01196899,-50.96941589,66.02363663,-10.74197503,1,1
96.08308887,7,1571922930,AUT,FALSE,TRUE,TRUE,472.041411,-399.0051306,133.6216898,-179.8984483,-0.091030272,179.9024706,2.434384962,-0.694535727,-0.309098374,-0.520938043,-0.185789936,-0.435568445,-71.10502968,62.50064735,54.05192413,-78.68131484,-52.24140197,65.25615578,-10.22147026,1,1
96.1836009,7,1571922930,AUT,FALSE,TRUE,TRUE,472.041411,-399.0051306,133.6216898,-179.8984483,-0.091030272,179.9024706,2.434384962,-0.694535727,-0.309098374,-0.520938043,-0.185789936,-0.435568445,-71.04552497,63.24026069,54.17396164,-78.03119201,-52.70865051,65.30926094,-10.35586739,1,1
96.28414202,7,1571922930,AUT,FALSE,TRUE,TRUE,473.8327673,-401.9209481,130.3867561,-179.9262711,0.022050417,179.8705047,-2.915851278,2.441275871,0.219967123,0.152180727,0.28299762,-0.265855122,-71.04552497,63.24026069,54.17396164,-78.03119201,-52.70865051,65.30926094,-10.35586739,1,1
96.38470101,7,1571922930,AUT,FALSE,TRUE,TRUE,473.8327673,-401.9209481,130.3867561,-179.9262711,0.022050417,179.8705047,-2.915851278,2.441275871,0.219967123,0.152180727,0.28299762,-0.265855122,-70.09348068,63.55121841,54.69981536,-76.79633216,-52.72398193,65.90891189,-9.937466813,1,1
96.48521495,7,1571922930,AUT,FALSE,TRUE,TRUE,485.480149,-398.2201102,134.9334937,-179.9511222,0.446306622,179.8769724,-13.85311403,-1.589779898,2.601064779,-0.348013809,1.177068388,-0.150108968,-70.09348068,63.55121841,54.69981536,-76.79633216,-52.72398193,65.90891189,-9.937466813,1,1
96.58580399,7,1571922930,AUT,FALSE,TRUE,TRUE,505.7940556,-392.1909384,138.3681804,-179.9494346,0.469084945,-179.9509173,-15.16048569,-3.809616014,3.90001842,-0.209329983,1.472600081,-0.079615877,-67.48530922,64.29517479,54.76754951,-74.09860153,-52.73315551,67.13057098,-9.296184544,1,1
96.68632698,7,1571922930,AUT,FALSE,TRUE,TRUE,530.8537375,-389.2932226,138.8509303,179.9484394,0.450897138,-179.8048604,-10.46431923,-5.394161758,5.877350778,-0.127004118,1.275854572,0.022570114,-64.17560577,65.79069557,54.48390312,-69.78718528,-52.72567932,68.70598297,-9.203799825,1,1
96.78691196,7,1571922930,AUT,FALSE,TRUE,TRUE,530.8537375,-389.2932226,138.8509303,179.9484394,0.450897138,-179.8048604,-10.46431923,-5.394161758,5.877350778,-0.127004118,1.275854572,0.022570114,-60.63832397,67.97509346,53.97920151,-64.25109558,-52.7098645,70.37847976,-10.08804817,1,1
96.88748097,7,1571922930,AUT,FALSE,TRUE,TRUE,556.7715425,-390.1368385,135.600798,-179.9868732,0.440150856,-179.7889882,-6.553944824,-2.915744461,3.329626055,0.136645432,0.611148562,-0.167675849,-60.63832397,67.97509346,53.97920151,-64.25109558,-52.7098645,70.37847976,-10.08804817,1,1
96.98810601,7,1571922931,AUT,FALSE,TRUE,TRUE,581.5650981,-391.8940542,133.1472228,-179.9291881,0.272309839,-179.9482006,1.569945282,-0.607378077,-1.081671827,-0.077092682,-0.440621776,-0.443333061,-57.12122955,70.43285179,53.76164131,-57.96471176,-52.71197387,72.59517403,-11.45909729,1,1
97.08863592,7,1571922931,AUT,FALSE,TRUE,TRUE,600.409207,-395.558571,134.2675059,-179.9095853,-0.005362679,-179.9692354,12.51795246,-0.378744208,-2.475631802,-0.133359718,-1.754179394,-0.524034718,-54.15842628,72.40838928,53.69644088,-52.09707527,-52.74252685,74.96341094,-13.03428956,1,1
97.18919897,7,1571922931,AUT,FALSE,TRUE,TRUE,611.5355496,-401.72146,138.5298764,-179.8571834,-0.272970334,-179.9971113,17.27700925,3.472694207,-0.600167494,0.504557228,-1.850202107,-0.701006253,-52.20857963,73.67904052,53.69577484,-47.39536285,-52.68316223,77.06421318,-14.77735634,1,1
97.28976083,7,1571922931,AUT,FALSE,TRUE,TRUE,611.5355496,-401.72146,138.5298764,-179.8571834,-0.272970334,-179.9971113,17.27700925,3.472694207,-0.600167494,0.504557228,-1.850202107,-0.701006253,-52.20857963,73.67904052,53.69577484,-47.39536285,-52.68316223,77.06421318,-14.77735634,1,1
97.39046884,7,1571922931,AUT,FALSE,TRUE,TRUE,615.4805161,-407.2292582,142.1716127,-179.7747487,-0.415213357,179.8884018,14.86021971,7.9738375,0.512387048,1.061376094,-1.516198112,-1.040570461,-51.31952476,74.30992698,53.71791573,-44.71030083,-52.53568176,78.38850517,-16.09896012,1,1
97.49134994,7,1571922931,AUT,FALSE,TRUE,TRUE,615.816893,-404.5515253,142.3115052,-179.6745187,-0.576926323,179.6622931,6.21915796,8.280212485,2.944521452,0.640573312,0.597614382,-1.645048123,-51.18749656,74.33334846,53.83305587,-44.68993835,-52.45935974,78.66289215,-16.04846421,1,1
97.59199381,7,1571922931,AUT,FALSE,TRUE,TRUE,615.816893,-404.5515253,142.3115052,-179.6745187,-0.576926323,179.6622931,6.21915796,8.280212485,2.944521452,0.640573312,0.597614382,-1.645048123,-51.21305351,73.96238823,53.83950004,-46.7846775,-52.46476501,77.72629051,-14.48532601,1,1
97.69249392,7,1571922931,AUT,FALSE,TRUE,TRUE,616.6462823,-392.0450497,138.1990322,-179.600649,-0.59597432,179.537424,5.208169471,9.448204932,2.521406418,0.60930401,1.003169771,-1.766646241,-51.21305351,73.96238823,53.83950004,-46.7846775,-52.46476501,77.72629051,-14.48532601,1,1
97.793015,7,1571922931,AUT,FALSE,TRUE,TRUE,617.6616361,-369.7895724,132.9053247,-179.6339447,-0.558071597,179.4370411,6.21912816,9.390491747,0.349658517,0.559202343,0.346565731,-1.638246315,-51.19657402,73.1400135,53.87426491,-50.53693771,-52.53959838,76.08978424,-11.48066826,1,1
97.89354491,7,1571922931,AUT,FALSE,TRUE,TRUE,617.6919309,-337.4596895,130.2749274,-179.6558478,-0.488913563,179.3599601,2.911727554,9.802319402,-1.488609626,0.504005022,0.505830081,-1.395649531,-51.06582984,71.70226707,54.08839531,-55.63745384,-52.67548828,74.14884681,-7.2790329,1,1
97.99405885,7,1571922932,AUT,FALSE,TRUE,TRUE,615.5206473,-298.3633294,130.4503051,-179.7351916,-0.465707233,179.3594088,2.089893154,6.710439176,-1.517316911,-0.083829404,0.616920514,-1.061722643,-50.65520897,69.73980674,54.38981209,-61.50190086,-52.79039978,72.15384292,-2.212189869,1,1
98.0945859,7,1571922932,AUT,FALSE,TRUE,TRUE,615.5206473,-298.3633294,130.4503051,-179.7351916,-0.465707233,179.3594088,2.089893154,6.710439176,-1.517316911,-0.083829404,0.616920514,-1.061722643,-50.65520897,69.73980674,54.38981209,-61.50190086,-52.79039978,72.15384292,-2.212189869,1,1
98.19511986,7,1571922932,AUT,FALSE,TRUE,TRUE,611.6192293,-254.3607793,132.3343931,-179.7934286,-0.357174469,179.3999006,-2.004156279,4.260373981,0.542002152,-0.323421862,0.654324617,-0.7176824,-49.83128242,67.56545791,54.73179244,-67.39768982,-52.84198608,70.09484024,3.33010025,1,1
98.29565287,7,1571922932,AUT,FALSE,TRUE,TRUE,607.58763,-210.1371629,135.75825,-179.8286711,-0.265838338,179.4844813,-6.980963254,3.263644796,-1.097790759,-0.195977783,1.259694199,-0.473156163,-48.39127349,65.46139755,55.13599319,-72.45290451,-52.85358764,68.43167839,8.717356106,1,1
98.39618897,7,1571922932,AUT,FALSE,TRUE,TRUE,607.58763,-210.1371629,135.75825,-179.8286711,-0.265838338,179.4844813,-6.980963254,3.263644796,-1.097790759,-0.195977783,1.259694199,-0.473156163,-48.39127349,65.46139755,55.13599319,-72.45290451,-52.85358764,68.43167839,8.717356106,1,1
98.49672794,7,1571922932,AUT,FALSE,TRUE,TRUE,604.4322658,-155.8197691,140.8346901,-179.9020199,-0.212075988,179.5804805,-10.26261238,5.885730691,3.847345093,0.733457898,2.41497766,-0.301543291,-45.72719879,63.39660644,55.68500061,-76.95100937,-52.80064453,67.14666939,15.04629478,1,1
98.59720588,7,1571922932,AUT,FALSE,TRUE,TRUE,603.7496537,-105.8568319,140.726556,-179.9110347,-0.220556022,179.6270122,-7.538800753,3.495519717,4.609581922,-0.321050847,1.861162727,-0.322377464,-42.29936828,62.33456497,55.76409874,-79.56516838,-52.77612854,66.11947174,20.46355018,1,1
98.69774389,7,1571922932,AUT,FALSE,TRUE,TRUE,603.7496537,-105.8568319,140.726556,-179.9110347,-0.220556022,179.6270122,-7.538800753,3.495519717,4.609581922,-0.321050847,1.861162727,-0.322377464,-42.29936828,62.33456497,55.76409874,-79.56516838,-52.77612854,66.11947174,20.46355018,1,1
98.79829288,7,1571922932,AUT,FALSE,TRUE,TRUE,605.9658465,-66.98722141,136.193524,179.9589411,-0.254760795,179.8892218,-2.474792826,0.086679074,0.957388618,-0.302065561,1.450773405,0.211525038,-38.69367943,62.17145576,55.36410713,-80.38694572,-52.88617858,65.46649246,24.59750976,1,1
98.89882302,7,1571922932,AUT,FALSE,TRUE,TRUE,605.9658465,-66.98722141,136.193524,179.9589411,-0.254760795,179.8892218,-2.474792826,0.086679074,0.957388618,-0.302065561,1.450773405,0.211525038,-38.69367943,62.17145576,55.36410713,-80.38694572,-52.88617858,65.46649246,24.59750976,1,1
98.9993279,7,1571922933,AUT,FALSE,TRUE,TRUE,611.497949,-42.16700095,134.9789211,179.9914259,-0.183738356,-179.9435591,-0.788539454,-0.32140088,1.692148956,-0.251913735,0.696785787,0.094742692,-35.58490906,62.29953575,54.71308823,-79.76997413,-52.7647467,65.31142387,26.76311416,1,1
99.09989095,7,1571922933,AUT,FALSE,TRUE,TRUE,611.497949,-42.16700095,134.9789211,179.9914259,-0.183738356,-179.9435591,-0.788539454,-0.32140088,1.692148956,-0.251913735,0.696785787,0.094742692,-35.58490906,62.29953575,54.71308823,-79.76997413,-52.7647467,65.31142387,26.76311416,1,1
99.20085502,7,1571922933,AUT,FALSE,TRUE,TRUE,628.4253229,-40.75423039,134.8786527,179.9270751,0.353583575,-179.8040164,-17.2199353,0.506587962,6.357743219,0.047912846,2.184317265,0.204229025,-33.83650703,63.27829056,54.14559974,-76.6654026,-52.74001098,65.92239761,25.94531593,1,1
99.30164981,7,1571922933,AUT,FALSE,TRUE,TRUE,628.4253229,-40.75423039,134.8786527,179.9270751,0.353583575,-179.8040164,-17.2199353,0.506587962,6.357743219,0.047912846,2.184317265,0.204229025,-31.83944321,65.79809761,53.86097145,-70.31177215,-52.6142395,68.04760323,23.16069717,1,1
99.40245986,7,1571922933,AUT,FALSE,TRUE,TRUE,654.3348367,-45.83790475,133.6192216,-179.9856199,0.384034326,179.9997384,-13.35912727,3.312455158,1.764967988,0.087605612,1.164300844,-0.292321085,-31.83944321,65.79809761,53.86097145,-70.31177215,-52.6142395,68.04760323,23.16069717,1,1
99.5029428,7,1571922933,AUT,FALSE,TRUE,TRUE,683.3533698,-47.26059923,132.7123045,-179.9295845,0.123103946,179.9514267,-2.989442049,6.85528408,1.087540226,0.746155249,0.596309919,-0.263169584,-28.90647125,68.85261612,53.87151833,-62.50941925,-52.74566894,71.10655746,20.29871063,1,1
99.60347581,7,1571922933,AUT,FALSE,TRUE,TRUE,683.3533698,-47.26059923,132.7123045,-179.9295845,0.123103946,179.9514267,-2.989442049,6.85528408,1.087540226,0.746155249,0.596309919,-0.263169584,-28.90647125,68.85261612,53.87151833,-62.50941925,-52.74566894,71.10655746,20.29871063,1,1
99.70401502,7,1571922933,AUT,FALSE,TRUE,TRUE,708.4645171,-42.19595807,132.7928964,-179.9257413,-0.263371537,-179.979382,10.75629562,4.278851878,-0.274183564,0.369911015,-0.670656859,-0.002563345,-25.80687446,71.65861358,53.85564651,-54.74526443,-52.83652038,74.26064644,17.98432731,1,1
99.80449796,7,1571922933,AUT,FALSE,TRUE,TRUE,708.4645171,-42.19595807,132.7928964,-179.9257413,-0.263371537,-179.979382,10.75629562,4.278851878,-0.274183564,0.369911015,-0.670656859,-0.002563345,-25.80687446,71.65861358,53.85564651,-54.74526443,-52.83652038,74.26064644,17.98432731,1,1
99.90501499,7,1571922933,AUT,FALSE,TRUE,TRUE,718.0000524,-25.3836359,136.5441609,-179.8014304,-0.316481018,179.8491755,7.11766944,8.318417486,-0.015637269,0.829751756,-0.558752077,-0.737722318,-23.26066246,72.49695625,53.99174309,-51.90086975,-52.74424621,75.50214271,18.03655014,1,1
100.005543,7,1571922934,AUT,FALSE,TRUE,TRUE,718.0000524,-25.3836359,136.5441609,-179.8014304,-0.316481018,179.8491755,7.11766944,8.318417486,-0.015637269,0.829751756,-0.558752077,-0.737722318,-23.26066246,72.49695625,53.99174309,-51.90086975,-52.74424621,75.50214271,18.03655014,1,1
100.1060679,7,1571922934,AUT,FALSE,TRUE,TRUE,717.228255,6.589864963,138.9907248,-179.797068,-0.349533294,179.6972466,-3.436134704,8.270863233,2.657790798,0.413651015,1.321725201,-0.820319863,-20.65606842,72.30613059,54.37787475,-52.00239029,-52.69613708,75.73983536,20.52671471,1,1
100.206579,7,1571922934,AUT,FALSE,TRUE,TRUE,717.228255,6.589864963,138.9907248,-179.797068,-0.349533294,179.6972466,-3.436134704,8.270863233,2.657790798,0.413651015,1.321725201,-0.820319863,-20.65606842,72.30613059,54.37787475,-52.00239029,-52.69613708,75.73983536,20.52671471,1,1
100.3070838,7,1571922934,AUT,FALSE,TRUE,TRUE,715.8880876,54.60947185,139.5550569,-179.9588307,-0.14191504,179.7987217,-5.676100374,2.906175113,1.104420187,-0.228084799,1.229818215,-0.154270374,-16.81021499,72.18708686,54.28557586,-52.10228004,-52.71672546,75.54084892,24.68213882,1,1
100.407583,7,1571922934,AUT,FALSE,TRUE,TRUE,717.5091007,81.12813171,142.4202557,179.9653343,-0.132514828,-179.9470632,-1.085583961,-2.885591906,0.434293982,-0.677961136,0.246356617,0.184023188,-13.98209381,72.33828964,54.06612396,-50.73078804,-52.63144958,76.19120864,26.38671913,1,1
100.5080929,7,1571922934,AUT,FALSE,TRUE,TRUE,717.5091007,81.12813171,142.4202557,179.9653343,-0.132514828,-179.9470632,-1.085583961,-2.885591906,0.434293982,-0.677961136,0.246356617,0.184023188,-13.98209381,72.33828964,54.06612396,-50.73078804,-52.63144958,76.19120864,26.38671913,1,1
100.608639,7,1571922934,AUT,FALSE,TRUE,TRUE,719.8661473,91.01051684,145.3379144,179.9748395,-0.407511471,-179.8430821,8.480406099,-3.04819304,1.686790085,-0.803926003,-0.613815803,0.104671047,-12.4602951,72.61954994,53.9696125,-49.11992454,-52.41053649,77.17504119,26.49665108,1,1
100.7091448,7,1571922934,AUT,FALSE,TRUE,TRUE,719.8661473,91.01051684,145.3379144,179.9748395,-0.407511471,-179.8430821,8.480406099,-3.04819304,1.686790085,-0.803926003,-0.613815803,0.104671047,-12.33901634,72.58446922,53.94939423,-49.70449333,-52.30288146,77.42196922,26.99451027,1,1
100.80966,7,1571922934,AUT,FALSE,TRUE,TRUE,714.9868699,94.14585184,143.0875061,179.9911117,-1.008047434,-179.7343512,16.01490785,1.122535339,1.608068709,0.48129353,0.233479162,0.197958875,-12.33901634,72.58446922,53.94939423,-49.70449333,-52.30288146,77.42196922,26.99451027,1,1
100.910358,7,1571922934,AUT,FALSE,TRUE,TRUE,702.2923648,97.48663546,139.2336966,-179.9645571,-1.166048988,-179.738823,16.91385523,2.178024901,-0.133060375,0.78074846,0.421087738,0.213768297,-13.41362342,71.61199722,53.97222862,-53.51909065,-52.3044635,76.00589333,28.81574134,1,1
101.011204,7,1571922935,AUT,FALSE,TRUE,TRUE,681.4466177,101.9841599,134.9483063,179.9343366,-1.125361553,-179.7371483,12.42774887,-3.932577633,-0.410219072,-0.621678827,0.137927502,0.248420325,-15.12603149,69.83967933,53.9794384,-59.52228813,-52.35587951,73.56151771,31.80704727,1,1
101.1117899,7,1571922935,AUT,FALSE,TRUE,TRUE,681.4466177,101.9841599,134.9483063,179.9343366,-1.125361553,-179.7371483,12.42774887,-3.932577633,-0.410219072,-0.621678827,0.137927502,0.248420325,-17.33712959,67.56530342,53.94142227,-66.31592788,-52.50335449,70.7310894,34.60548134,1,1
101.212636,7,1571922935,AUT,FALSE,TRUE,TRUE,657.449268,101.5968164,132.441373,-179.9762146,-0.866714636,-179.644839,0.755383643,-2.849103856,0.797722555,-0.545217848,1.254745578,0.282440602,-17.33712959,67.56530342,53.94142227,-66.31592788,-52.50335449,70.7310894,34.60548134,1,1
101.3131139,7,1571922935,AUT,FALSE,TRUE,TRUE,635.7289598,95.71015603,131.820704,-179.9457645,-0.625317744,-179.7017104,-6.243600863,3.108119939,1.768444674,0.293802103,2.031100451,-0.214177138,-19.74408989,65.36121597,53.95497322,-72.17900848,-52.48577636,68.21986541,36.51515923,1,1
101.4136319,7,1571922935,AUT,FALSE,TRUE,TRUE,620.4146003,89.45386575,132.5830417,-179.8151799,-0.308634283,-179.8623736,-14.57286447,11.24843734,3.237146927,1.151219245,2.616735924,-0.883134701,-21.76561546,63.62896385,54.04466286,-76.39957809,-52.44948303,66.32418479,37.45229644,1,1
101.5141559,7,1571922935,AUT,FALSE,TRUE,TRUE,613.9980354,88.21779947,135.3906306,-179.7837516,-0.164093009,179.9672058,-15.12518281,13.57382917,4.529106335,1.492864605,2.708112277,-1.14905192,-22.64038811,62.76694564,54.31369056,-78.10197143,-52.33151184,65.71993675,37.88690529,1,1
101.6146338,7,1571922935,AUT,FALSE,TRUE,TRUE,613.9980354,88.21779947,135.3906306,-179.7837516,-0.164093009,179.9672058,-15.12518281,13.57382917,4.529106335,1.492864605,2.708112277,-1.14905192,-22.64038811,62.76694564,54.31369056,-78.10197143,-52.33151184,65.71993675,37.88690529,1,1
101.7151549,7,1571922935,AUT,FALSE,TRUE,TRUE,613.1572977,95.2788278,137.2490176,-179.7024493,-0.154261218,179.8000533,-9.529289948,14.85831773,6.293681007,1.432784077,1.875562704,-1.372106107,-22.22878532,62.6971138,54.61312637,-78.10415153,-52.2923236,65.87157211,38.36317978,1,1
101.8156769,7,1571922935,AUT,FALSE,TRUE,TRUE,612.388414,111.4166978,133.8794527,-179.6919274,-0.267465219,179.6694273,-7.798795096,12.45288822,9.081546595,0.411606228,2.107087123,-1.36726848,-20.69761391,63.22795258,54.64133034,-77.62816887,-52.45421813,65.89940185,39.65816917,1,1
101.9161458,7,1571922935,AUT,FALSE,TRUE,TRUE,612.7333805,136.233413,126.9077293,-179.7340866,-0.180141123,179.5687579,-6.578977668,13.25994603,4.495961682,0.716547255,1.840034837,-1.123116767,-18.08795586,64.31459312,54.49441909,-76.58999176,-53.0330548,65.72888374,41.75241737,1,1
102.016655,7,1571922936,AUT,FALSE,TRUE,TRUE,612.7333805,136.233413,126.9077293,-179.7340866,-0.180141123,179.5687579,-6.578977668,13.25994603,4.495961682,0.716547255,1.840034837,-1.123116767,-18.08795586,64.31459312,54.49441909,-76.58999176,-53.0330548,65.72888374,41.75241737,1,1
102.1171789,7,1571922936,AUT,FALSE,TRUE,TRUE,613.6527325,166.9697801,123.7146447,-179.8128872,-0.209126017,179.615216,-3.544509114,7.278480795,-5.174466893,-0.347471887,0.99158041,-0.873254149,-14.72727584,65.47031708,54.54056511,-74.68996467,-53.46675109,66.35217933,43.99240951,1,1
102.2176518,7,1571922936,AUT,FALSE,TRUE,TRUE,615.3346819,199.6118787,126.179172,-179.8830052,-0.184219859,179.6872197,-2.621677227,13.02926896,2.320173372,1.204320562,1.054757103,-0.381877736,-11.04835281,66.29293213,54.68955001,-72.08900986,-53.50549987,67.58339996,45.90436019,1,1
102.318177,7,1571922936,AUT,FALSE,TRUE,TRUE,618.0652147,229.3506797,129.2761857,179.9801685,-0.096922964,179.9107045,-2.62247678,1.621934959,0.182205858,-0.540029384,0.914561627,0.115478937,-7.341321944,67.09535293,54.55406113,-69.04590683,-53.38685852,68.92398605,47.34963913,1,1
102.4187539,7,1571922936,AUT,FALSE,TRUE,TRUE,618.0652147,229.3506797,129.2761857,179.9801685,-0.096922964,179.9107045,-2.62247678,1.621934959,0.182205858,-0.540029384,0.914561627,0.115478937,-7.341321944,67.09535293,54.55406113,-69.04590683,-53.38685852,68.92398605,47.34963913,1,1
102.5192499,7,1571922936,AUT,FALSE,TRUE,TRUE,623.0576326,249.7835369,134.3652356,179.8872444,-0.219838407,-179.9178764,3.097799418,-2.205214497,0.556753014,-1.019597917,0.2799295,0.465365042,-4.45497665,67.74243393,54.32673339,-65.7971878,-52.86276123,70.55339928,47.55265961,1,1
102.6198299,7,1571922936,AUT,FALSE,TRUE,TRUE,627.6749885,259.9425867,137.8805698,179.8148885,-0.342574152,-179.716597,7.676039064,-4.557381962,0.879640152,-0.850580473,-0.317525625,0.947322123,-2.655237575,68.24992332,54.13207283,-63.28806496,-52.52655212,71.82115288,47.32216644,1,1
102.720855,7,1571922936,AUT,FALSE,TRUE,TRUE,627.6749885,259.9425867,137.8805698,179.8148885,-0.342574152,-179.716597,7.676039064,-4.557381962,0.879640152,-0.850580473,-0.317525625,0.947322123,-2.655237575,68.24992332,54.13207283,-63.28806496,-52.52655212,71.82115288,47.32216644,1,1
102.821445,7,1571922936,AUT,FALSE,TRUE,TRUE,624.6774099,260.4071463,136.0999662,179.9050326,-0.684834166,-179.6814194,8.786879725,0.994977589,2.212906709,0.236675479,0.627085868,0.581527859,-2.606193919,68.30642051,54.11233177,-63.5008152,-52.39804504,71.86116027,47.4230175,1,1
102.9220779,7,1571922936,AUT,FALSE,TRUE,TRUE,609.3478019,264.1230228,131.9310651,179.9309998,-0.895364598,-179.7411196,10.19588195,4.093147004,-1.203957873,0.520009775,0.453173198,0.559383975,-3.120944594,67.58969993,54.21842537,-66.61056747,-52.47021423,70.57976303,49.27347908,1,1
103.0227489,7,1571922937,AUT,FALSE,TRUE,TRUE,609.3478019,264.1230228,131.9310651,179.9309998,-0.895364598,-179.7411196,10.19588195,4.093147004,-1.203957873,0.520009775,0.453173198,0.559383975,-3.120944594,67.58969993,54.21842537,-66.61056747,-52.47021423,70.57976303,49.27347908,1,1
103.1232369,7,1571922937,AUT,FALSE,TRUE,TRUE,584.4321104,270.4232297,130.5871724,179.8994837,-0.832432005,-179.685372,6.442803172,3.079513908,-0.327798937,0.569434437,0.710115233,0.813937117,-3.668884275,65.81161766,54.31597366,-71.76752929,-52.59678222,68.57691764,52.69179954,1,1
103.2237449,7,1571922937,AUT,FALSE,TRUE,TRUE,584.4321104,270.4232297,130.5871724,179.8994837,-0.832432005,-179.685372,6.442803172,3.079513908,-0.327798937,0.569434437,0.710115233,0.813937117,-4.430247112,63.2702877,54.45942078,-77.87779198,-52.47621276,66.27937088,56.39804077,1,1
103.3242738,7,1571922937,AUT,FALSE,TRUE,TRUE,554.1230847,274.4410531,132.591985,179.8967139,-0.705805756,-179.6348347,0.590257746,4.879446896,0.212066761,0.745494951,1.072604645,0.690077875,-4.430247112,63.2702877,54.45942078,-77.87779198,-52.47621276,66.27937088,56.39804077,1,1
103.424762,7,1571922937,AUT,FALSE,TRUE,TRUE,554.1230847,274.4410531,132.591985,179.8967139,-0.705805756,-179.6348347,0.590257746,4.879446896,0.212066761,0.745494951,1.072604645,0.690077875,-4.430247112,63.2702877,54.45942078,-77.87779198,-52.47621276,66.27937088,56.39804077,1,1
103.5252728,7,1571922937,AUT,FALSE,TRUE,TRUE,520.7183244,272.1843029,132.6814574,179.9667879,-0.608906934,-179.6191702,-0.473607627,5.61649881,4.198247533,0.737561339,1.641745203,0.240084747,-5.419627756,60.80250778,54.5202713,-84.62345237,-52.31134643,63.45953064,59.92165146,1,1
103.6258218,7,1571922937,AUT,FALSE,TRUE,TRUE,496.0369725,269.4199332,128.5658894,-179.9307232,-0.551591204,-179.771365,-2.049490224,8.005649377,2.497665733,0.742503248,1.821742621,-0.230510227,-6.559857556,58.65207481,54.52014427,-89.66715546,-52.56831665,60.95115623,62.50148849,1,1
109.4101629,8,1571922943,AUT,FALSE,FALSE,TRUE,471.9424784,-399.9789796,169.8890315,-179.9977195,-0.015330887,179.9918881,-3.006865903,-0.33375811,1.270643856,-0.234366851,0.888309936,0.035069237,-71.39999885,59.22000961,54.75736999,-78.18125496,-49.35019042,67.65323181,-11.58854714,0.5,1
109.5108368,8,1571922943,AUT,FALSE,TRUE,TRUE,471.1015075,-399.5161947,167.4563842,-179.9643905,-0.262127357,179.8277526,-0.901486731,-0.858349098,8.774382869,-0.514330693,1.175228555,-0.049372011,-71.38947258,59.41665115,54.73495788,-78.18442383,-49.41779479,67.77417411,-11.58832398,1,1
109.6114109,8,1571922943,AUT,FALSE,TRUE,TRUE,471.1015075,-399.5161947,167.4563842,-179.9643905,-0.262127357,179.8277526,-0.901486731,-0.858349098,8.774382869,-0.514330693,1.175228555,-0.049372011,-71.38947258,59.41665115,54.73495788,-78.18442383,-49.41779479,67.77417411,-11.58832398,1,1
109.7121508,8,1571922943,AUT,FALSE,TRUE,TRUE,469.433394,-404.290714,146.437959,-179.9480859,-0.153032257,179.9137546,0.368648726,1.737551426,4.01119653,-0.294601554,0.551851025,-0.245391058,-71.25465316,60.63433799,53.77313919,-78.18821754,-50.42271423,65.99290581,-11.63315849,1,1
109.812659,8,1571922943,AUT,FALSE,TRUE,TRUE,469.433394,-404.290714,146.437959,-179.9480859,-0.153032257,179.9137546,0.368648726,1.737551426,4.01119653,-0.294601554,0.551851025,-0.245391058,-71.09705429,62.46908569,53.39975852,-78.14363365,-51.58399108,65.02556304,-11.20188675,1,1
109.913101,8,1571922943,AUT,FALSE,TRUE,TRUE,470.9294203,-403.8928883,132.8292386,-179.8655869,0.00329019,179.7682772,2.019603667,1.758386068,-1.340948394,-0.498340721,-0.194608155,-0.543300831,-71.09705429,62.46908569,53.39975852,-78.14363365,-51.58399108,65.02556304,-11.20188675,1,1
110.013624,8,1571922944,AUT,FALSE,TRUE,TRUE,470.9294203,-403.8928883,132.8292386,-179.8655869,0.00329019,179.7682772,2.019603667,1.758386068,-1.340948394,-0.498340721,-0.194608155,-0.543300831,-70.98338013,62.8084774,53.63361282,-78.14536743,-52.02158752,65.07340508,-10.76911812,1,1
110.1140969,8,1571922944,AUT,FALSE,TRUE,TRUE,472.3099044,-402.3689096,131.4234421,-179.899176,-0.015058359,179.8460293,0.236159591,0.926824946,0.277898037,-0.426454683,0.121514934,-0.43974037,-70.98338013,62.8084774,53.63361282,-78.14536743,-52.02158752,65.07340508,-10.76911812,1,1
110.214592,8,1571922944,AUT,FALSE,TRUE,TRUE,472.3099044,-402.3689096,131.4234421,-179.899176,-0.015058359,179.8460293,0.236159591,0.926824946,0.277898037,-0.426454683,0.121514934,-0.43974037,-70.98338013,62.8084774,53.63361282,-78.14536743,-52.02158752,65.07340508,-10.76911812,1,1
110.3151588,8,1571922944,AUT,FALSE,TRUE,TRUE,482.4594813,-397.3586084,136.3438453,-179.9867852,0.40977337,179.9292124,-13.85312605,-2.091027092,4.350804949,-0.414782399,1.257881734,-0.049382178,-70.13368034,62.77102775,54.02219581,-77.49009476,-51.95301086,65.39241714,-10.09453354,1,1
110.4156959,8,1571922944,AUT,FALSE,TRUE,TRUE,502.0664212,-393.3888385,137.6840758,179.9823815,0.415222659,-179.8843233,-10.41325739,-5.531956419,4.693166378,-0.668896417,1.061175991,0.039625718,-67.65147399,63.63231124,53.90400696,-74.77924576,-51.96807861,66.48389168,-9.619237519,1,1
110.5161829,8,1571922944,AUT,FALSE,TRUE,TRUE,502.0664212,-393.3888385,137.6840758,179.9823815,0.415222659,-179.8843233,-10.41325739,-5.531956419,4.693166378,-0.668896417,1.061175991,0.039625718,-67.65147399,63.63231124,53.90400696,-74.77924576,-51.96807861,66.48389168,-9.619237519,1,1
110.6167028,8,1571922944,AUT,FALSE,TRUE,TRUE,536.9857101,-394.6284163,133.3989673,-179.9754834,0.530340188,-179.950146,-9.274553129,-1.94408113,4.399660212,-0.217099135,0.894357096,-0.134017013,-64.00817413,65.91590538,53.34631691,-67.92563781,-51.96850708,68.57085456,-10.42835999,1,1
110.717247,8,1571922944,AUT,FALSE,TRUE,TRUE,536.9857101,-394.6284163,133.3989673,-179.9754834,0.530340188,-179.950146,-9.274553129,-1.94408113,4.399660212,-0.217099135,0.894357096,-0.134017013,-64.00817413,65.91590538,53.34631691,-67.92563781,-51.96850708,68.57085456,-10.42835999,1,1
110.8177938,8,1571922944,AUT,FALSE,TRUE,TRUE,569.4427535,-394.7980656,132.0020278,-179.9668523,0.487206144,-179.9752015,-0.064232432,-3.038055076,-0.010071723,-1.028040879,-0.842906411,-0.227399095,-58.85886154,69.34462852,53.27479248,-60.71616897,-52.16220703,71.13002701,-11.43464584,1,1
110.9183459,8,1571922944,AUT,FALSE,TRUE,TRUE,569.4427535,-394.7980656,132.0020278,-179.9668523,0.487206144,-179.9752015,-0.064232432,-3.038055076,-0.010071723,-1.028040879,-0.842906411,-0.227399095,-58.85886154,69.34462852,53.27479248,-60.71616897,-52.16220703,71.13002701,-11.43464584,1,1
111.018889,8,1571922945,AUT,FALSE,TRUE,TRUE,599.4844988,-399.381577,134.8170653,-179.9110564,0.011408715,-179.9519314,10.60193098,2.193228498,-2.223419096,0.320037929,-1.284951559,-0.509345654,-54.17434616,72.22610893,53.05453376,-51.72565498,-52.1099121,74.86172904,-13.65878334,1,1
111.1193569,8,1571922945,AUT,FALSE,TRUE,TRUE,608.968212,-406.4345763,138.2990937,-179.7992654,-0.324876441,179.9632535,16.61957531,6.969344597,0.022590833,0.694920197,-1.52537761,-0.985295193,-52.33206596,73.54535751,52.99633026,-47.19807243,-51.99798889,76.98159943,-15.51999093,1,1
111.2202039,8,1571922945,AUT,FALSE,TRUE,TRUE,608.968212,-406.4345763,138.2990937,-179.7992654,-0.324876441,179.9632535,16.61957531,6.969344597,0.022590833,0.694920197,-1.52537761,-0.985295193,-52.33206596,73.54535751,52.99633026,-47.19807243,-51.99798889,76.98159943,-15.51999093,1,1
111.3212528,8,1571922945,AUT,FALSE,TRUE,TRUE,609.2855339,-409.3136565,138.543522,-179.6556785,-0.550883342,179.7339266,11.33767205,10.13988653,0.69519507,0.954451072,-0.279127532,-1.545480299,-52.01725616,73.97569198,53.01868057,-45.90058364,-51.87922119,77.69960403,-16.31979218,1,1
111.4220538,8,1571922945,AUT,FALSE,TRUE,TRUE,608.858816,-400.4055064,136.6404161,-179.5965846,-0.554401439,179.5649965,5.265095928,9.514756398,0.783611733,0.401045477,0.915448151,-1.928876015,-52.21646576,73.58998947,53.13733978,-47.6068325,-51.85450744,77.08390617,-15.22705765,1,1
111.5226669,8,1571922945,AUT,FALSE,TRUE,TRUE,608.858816,-400.4055064,136.6404161,-179.5965846,-0.554401439,179.5649965,5.265095928,9.514756398,0.783611733,0.401045477,0.915448151,-1.928876015,-52.21646576,73.58998947,53.13733978,-47.6068325,-51.85450744,77.08390617,-15.22705765,1,1
111.6232069,8,1571922945,AUT,FALSE,TRUE,TRUE,608.8964861,-382.2365935,134.4859775,-179.6047778,-0.547663647,179.5179997,3.704648321,9.896799741,1.15285077,0.662518221,1.110127879,-1.71674455,-52.33229942,72.64986877,53.17458,-50.88934822,-51.85421081,75.8065567,-12.76390915,1,1
111.7237129,8,1571922945,AUT,FALSE,TRUE,TRUE,608.2518348,-354.2012415,132.2468013,-179.670122,-0.510327847,179.46643,3.338382635,9.176586597,-0.625719231,0.6629301,0.87876807,-1.412776577,-52.34237594,71.20032921,53.27397537,-55.66117401,-51.86674621,73.98503036,-9.034030156,1,1
111.824265,8,1571922945,AUT,FALSE,TRUE,TRUE,605.884271,-318.6231137,131.2303613,-179.71663,-0.428900417,179.4447051,0.589222444,7.121674038,0.627678357,0.044136665,0.913722973,-1.110588735,-52.17414093,69.32030754,53.49399376,-61.38457031,-51.95310974,71.82301368,-4.379383856,1,1
111.924799,8,1571922945,AUT,FALSE,TRUE,TRUE,605.884271,-318.6231137,131.2303613,-179.71663,-0.428900417,179.4447051,0.589222444,7.121674038,0.627678357,0.044136665,0.913722973,-1.110588735,-52.17414093,69.32030754,53.49399376,-61.38457031,-51.95310974,71.82301368,-4.379383856,1,1
112.025327,8,1571922946,AUT,FALSE,TRUE,TRUE,600.6494462,-267.7269039,131.8676504,-179.8221224,-0.308887166,179.4611383,-4.244259768,5.771654199,3.534947233,0.107793929,1.617975146,-0.51560913,-51.66016616,67.23784904,53.86841812,-67.27150497,-52.11372436,69.71791649,0.881285475,1,1
112.1259639,8,1571922946,AUT,FALSE,TRUE,TRUE,596.6497542,-226.4488261,132.9417503,-179.8562457,-0.206768386,179.5243713,-8.629228219,5.949793793,2.023620018,0.107793929,1.617975146,-0.51560913,-50.18611679,64.81511993,54.23349037,-73.63037109,-52.23683715,67.33753967,7.235527038,1,1
112.2264979,8,1571922946,AUT,FALSE,TRUE,TRUE,596.6497542,-226.4488261,132.9417503,-179.8562457,-0.206768386,179.5243713,-8.629228219,5.949793793,2.023620018,0.146504856,1.92180132,-0.373774078,-50.18611679,64.81511993,54.23349037,-73.63037109,-52.23683715,67.33753967,7.235527038,1,1
112.3270159,8,1571922946,AUT,FALSE,TRUE,TRUE,594.1617322,-174.7196665,135.5163771,-179.8639876,-0.148510569,179.5884087,-7.353476889,2.537328226,2.861805258,-0.584836942,1.626040667,-0.296658168,-47.63857613,62.89004745,54.60060883,-78.15766182,-52.24408264,65.76671791,13.24011841,1,1
112.4275389,8,1571922946,AUT,FALSE,TRUE,TRUE,594.3495745,-136.9066897,136.5112471,-179.9036278,-0.192092031,179.6460164,-6.054116745,3.991353615,4.146581818,0.060376142,1.888643558,-0.258219303,-45.06300316,61.94950104,54.75448951,-80.29074325,-52.23975952,65.06228828,17.45939026,1,1
112.5280869,8,1571922946,AUT,FALSE,TRUE,TRUE,595.9143325,-102.8822656,135.7680143,-179.9772711,-0.224136583,179.6948294,-6.208364909,3.114689499,3.818707011,-0.299438247,2.138088226,-0.025444804,-42.28819999,61.51009254,54.73806152,-81.46675071,-52.25684326,64.551194,21.13897247,1,1
112.628588,8,1571922946,AUT,FALSE,TRUE,TRUE,595.9143325,-102.8822656,135.7680143,-179.9772711,-0.224136583,179.6948294,-6.208364909,3.114689499,3.818707011,-0.299438247,2.138088226,-0.025444804,-42.28819999,61.51009254,54.73806152,-81.46675071,-52.25684326,64.551194,21.13897247,1,1
112.729157,8,1571922946,AUT,FALSE,TRUE,TRUE,599.7495728,-73.66557841,134.2078823,179.9919558,-0.25813546,179.9790351,1.60174686,-2.629135069,2.196976497,-0.977540885,0.892613545,0.005776195,-39.16650009,61.35631484,54.27647438,-81.62314796,-52.25037231,64.29486923,24.11787757,1,1
112.829777,8,1571922946,AUT,FALSE,TRUE,TRUE,601.4552013,-58.48069315,132.5692354,179.9842089,-0.268071295,179.9998379,1.58479983,-1.316976565,0.423658201,-0.793759792,0.663786005,-0.05436179,-37.55665626,61.4043251,54.0160366,-81.61471939,-52.18410827,64.09811783,25.53825188,1,1
112.9306209,8,1571922946,AUT,FALSE,TRUE,TRUE,601.4552013,-58.48069315,132.5692354,179.9842089,-0.268071295,179.9998379,1.58479983,-1.316976565,0.423658201,-0.793759792,0.663786005,-0.05436179,-37.55665626,61.4043251,54.0160366,-81.61471939,-52.18410827,64.09811783,25.53825188,1,1
113.03127,8,1571922947,AUT,FALSE,TRUE,TRUE,606.0041515,-51.60580841,132.4502593,179.8983239,0.084730051,-179.9001735,-8.090342399,-1.731227411,0.765847489,-0.756323474,1.277577578,0.212845441,-36.49435386,61.51589813,53.76860046,-81.09081916,-52.23333251,63.93011627,26.17488212,1,1
113.1321249,8,1571922947,AUT,FALSE,TRUE,TRUE,618.1583217,-55.73028074,135.1712873,179.9092147,0.331698602,-179.7710448,-15.314228,-0.988509796,4.943565028,-0.392325226,1.766682504,0.253043033,-35.69019928,62.12264213,53.50050316,-78.60109405,-52.0563153,64.80400658,24.94941902,1,1
113.232605,8,1571922947,AUT,FALSE,TRUE,TRUE,637.1301814,-63.11973169,135.2797744,-179.9384933,0.388304163,-179.8861555,-14.74021706,7.531887639,7.995503487,0.927994624,1.981028184,-0.383698902,-34.53064728,63.81410751,53.24995308,-74.14439392,-51.84188415,66.38272819,22.58304634,1,1
113.333153,8,1571922947,AUT,FALSE,TRUE,TRUE,637.1301814,-63.11973169,135.2797744,-179.9384933,0.388304163,-179.8861555,-14.74021706,7.531887639,7.995503487,0.927994624,1.981028184,-0.383698902,-34.53064728,63.81410751,53.24995308,-74.14439392,-51.84188415,66.38272819,22.58304634,1,1
113.4336638,8,1571922947,AUT,FALSE,TRUE,TRUE,660.2732586,-66.03039434,131.0930193,-179.9525734,0.351413987,179.9820103,-9.319196135,5.246068965,5.304563655,0.028984862,1.719443892,-0.469882267,-32.55237007,66.35143776,53.08629112,-68.57613144,-52.03763305,68.29255371,20.50100669,1,1
113.5341339,8,1571922947,AUT,FALSE,TRUE,TRUE,660.2732586,-66.03039434,131.0930193,-179.9525734,0.351413987,179.9820103,-9.319196135,5.246068965,5.304563655,0.028984862,1.719443892,-0.469882267,-32.55237007,66.35143776,53.08629112,-68.57613144,-52.03763305,68.29255371,20.50100669,1,1
113.6346438,8,1571922947,AUT,FALSE,TRUE,TRUE,691.9514433,-62.72090662,127.7453235,-179.959139,0.039581275,179.9996675,3.108416499,4.288721138,-0.52135641,0.374740167,-0.102685505,-0.065669168,-29.36884117,69.47167168,53.04340324,-61.20290794,-52.34587646,71.62143516,17.89949569,1,1
113.7351339,8,1571922947,AUT,FALSE,TRUE,TRUE,706.4677169,-59.84877438,130.7843607,-179.9615924,-0.153081346,-179.8732773,7.639460086,5.721550341,0.034700054,0.998468094,-0.42673397,-0.014514923,-26.56021728,71.42380829,53.06469955,-55.13458557,-52.32868835,73.60389404,16.61558876,1,1
113.8356309,8,1571922947,AUT,FALSE,TRUE,TRUE,713.5648722,-54.1386182,132.8858182,-179.9062787,-0.376553605,-179.9343621,12.63110087,3.337454723,2.095555053,0.358914315,-0.90836338,-0.264250732,-25.11060562,72.12389831,53.07630386,-52.63220214,-52.12948425,74.82847137,16.06959228,1,1
113.9361558,8,1571922947,AUT,FALSE,TRUE,TRUE,715.0758246,-42.88148574,131.1685725,-179.8342749,-0.377491856,179.9154414,12.63110087,3.337454723,2.095555053,0.358914315,-0.90836338,-0.264250732,-24.15411873,72.38318253,53.09668007,-52.31783867,-52.10542968,74.81140136,16.74238472,1,1
114.0366769,8,1571922948,AUT,FALSE,TRUE,TRUE,715.0758246,-42.88148574,131.1685725,-179.8342749,-0.377491856,179.9154414,3.67982823,8.182134542,2.559893577,0.910002755,0.592994156,-0.736115496,-24.15411873,72.38318253,53.09668007,-52.31783867,-52.10542968,74.81140136,16.74238472,1,1
114.137157,8,1571922948,AUT,FALSE,TRUE,TRUE,714.9674059,-21.75593718,128.5237887,-179.7500573,-0.218246552,179.7212244,-6.760919494,11.08853708,2.154671964,0.752025663,1.805211827,-1.020036769,-22.84739112,72.44963264,53.19263191,-52.87547378,-52.18355895,74.24820442,18.49888573,1,1
114.237675,8,1571922948,AUT,FALSE,TRUE,TRUE,715.3934513,8.043824093,128.0219617,-179.7837112,-0.087317045,179.6604892,-9.456573375,9.021517324,2.119622954,0.180357434,1.767602593,-0.761536015,-20.58468132,72.48048363,53.28143578,-53.03405456,-52.28288635,74.02986831,20.96527176,1,1
114.3382058,8,1571922948,AUT,FALSE,TRUE,TRUE,715.8640176,42.99143416,129.8344566,-179.9182244,-0.045899893,179.7530557,-5.719535134,10.19289235,1.119335501,0.957519871,1.016973749,-0.243807072,-17.61485023,72.49457703,53.26792946,-52.56264496,-52.28095825,74.28220367,23.7395977,1,1
114.4387619,8,1571922948,AUT,FALSE,TRUE,TRUE,715.8640176,42.99143416,129.8344566,-179.9182244,-0.045899893,179.7530557,-5.719535134,10.19289235,1.119335501,0.957519871,1.016973749,-0.243807072,-17.61485023,72.49457703,53.26792946,-52.56264496,-52.28095825,74.28220367,23.7395977,1,1
114.5393109,8,1571922948,AUT,FALSE,TRUE,TRUE,716.9055386,72.78941642,134.7554785,179.8881378,-0.067862391,-179.9866913,-2.061420766,-0.622374458,-0.925600191,-0.09916502,0.392154165,0.405396311,-14.64523887,72.484449,53.22686462,-51.38184128,-52.2099591,75.09739609,25.90178261,1,1
114.639833,8,1571922948,AUT,FALSE,TRUE,TRUE,719.342454,88.48767752,142.0046333,179.9151393,-0.393143279,-179.7953409,8.288215617,-1.429224717,2.600387822,-0.163110107,-0.274840625,0.302198597,-12.61486244,72.44004021,53.08091125,-49.63312683,-51.8061621,76.38211326,26.38580933,1,1
114.7405698,8,1571922948,AUT,FALSE,TRUE,TRUE,719.342454,88.48767752,142.0046333,179.9151393,-0.393143279,-179.7953409,8.288215617,-1.429224717,2.600387822,-0.163110107,-0.274840625,0.302198597,-11.82511368,72.37788162,53.00363617,-49.45767517,-51.46543212,77.02757378,26.8700077,1,1
114.8413658,8,1571922948,AUT,FALSE,TRUE,TRUE,716.1846127,96.51972118,142.7465318,179.9784744,-0.867154611,-179.7352438,14.79335054,-2.136330657,2.531443818,-0.333491399,0.069159174,0.161074399,-11.82511368,72.37788162,53.00363617,-49.45767517,-51.46543212,77.02757378,26.8700077,1,1
114.9421039,8,1571922949,AUT,FALSE,TRUE,TRUE,707.4480655,100.4156038,138.1782298,179.9527292,-1.074926669,-179.7208724,16.92340778,1.268078905,2.291270482,0.451430552,0.511947818,0.227459358,-12.33008995,71.90627289,52.98336639,-51.86211547,-51.51011901,76.08655701,28.23665886,1,1
115.0427668,8,1571922949,AUT,FALSE,TRUE,TRUE,691.6892576,104.3167325,133.5236886,179.9692147,-1.051489842,-179.681542,12.48486032,2.729898459,-1.144105445,0.719072981,0.647232738,0.408672319,-13.58189621,70.66560745,52.98911705,-56.56622085,-51.67858886,74.10622673,30.53217316,1,1
115.1432829,8,1571922949,AUT,FALSE,TRUE,TRUE,671.1966458,105.5513637,132.1347631,179.8939874,-0.875729336,-179.6340981,7.648264204,-2.05057135,-3.97127583,-0.310465267,1.006442036,0.462143739,-15.44626579,68.62298126,53.00180283,-62.51065178,-51.72350097,71.732761,33.21839561,1,1
115.2438118,8,1571922949,AUT,FALSE,TRUE,TRUE,671.1966458,105.5513637,132.1347631,179.8939874,-0.875729336,-179.6340981,7.648264204,-2.05057135,-3.97127583,-0.310465267,1.006442036,0.462143739,-15.44626579,68.62298126,53.00180283,-62.51065178,-51.72350097,71.732761,33.21839561,1,1
115.3443139,8,1571922949,AUT,FALSE,TRUE,TRUE,650.6246065,101.0136374,134.6244346,179.9863463,-0.659219265,-179.6187142,0.225876233,1.595626104,-0.773009934,0.158833489,1.243965073,-0.007470353,-17.69877204,66.22768021,53.08172149,-68.2862709,-51.61077575,69.58234863,35.09051056,1,1
115.4448688,8,1571922949,AUT,FALSE,TRUE,TRUE,630.7194848,95.35406021,137.1782027,-179.8825075,-0.549613866,-179.7341477,-3.493135393,5.542991493,0.542573364,0.387968548,1.49921056,-0.56693892,-19.95699119,63.98960724,53.30440063,-73.47502784,-51.36322631,67.64449768,36.46330032,1,1
115.545382,8,1571922949,AUT,FALSE,TRUE,TRUE,630.7194848,95.35406021,137.1782027,-179.8825075,-0.549613866,-179.7341477,-3.493135393,5.542991493,0.542573364,0.387968548,1.49921056,-0.56693892,-19.95699119,63.98960724,53.30440063,-73.47502784,-51.36322631,67.64449768,36.46330032,1,1
115.6459589,8,1571922949,AUT,FALSE,TRUE,TRUE,610.5100944,93.22955589,137.412849,-179.9187062,-0.365662902,-179.8956015,-9.23300625,5.494334277,3.891376596,0.342371326,2.219511838,-0.6544174,-21.8801445,62.01149139,53.58163376,-78.45297432,-51.33596923,65.54466705,38.24442787,1,1
115.7464769,8,1571922949,AUT,FALSE,TRUE,TRUE,602.0149297,93.22794382,136.8326039,-179.8525248,-0.142880276,-179.9438198,-14.11244376,8.916973453,4.315148807,0.808245566,2.831286407,-0.757184657,-22.54929084,61.14378776,53.56492424,-80.57853012,-51.40198608,64.42515335,39.04796791,1,1
115.8469908,8,1571922949,AUT,FALSE,TRUE,TRUE,602.6640841,96.47551672,137.1120054,-179.7819201,-0.004015895,179.939629,-9.354557882,10.46524879,4.067884348,0.592011082,1.82612426,-1.098927038,-22.30262718,61.14424438,53.57998924,-80.5087429,-51.40019531,64.30530968,39.19816131,1,1
115.9475029,8,1571922950,AUT,FALSE,TRUE,TRUE,602.6640841,96.47551672,137.1120054,-179.7819201,-0.004015895,179.939629,-9.354557882,10.46524879,4.067884348,0.592011082,1.82612426,-1.098927038,-21.17401886,61.70734863,53.83977813,-79.59225998,-51.40650146,64.74101715,39.75197181,1,1
116.048017,8,1571922950,AUT,FALSE,TRUE,TRUE,604.4316467,108.4571005,136.7380768,-179.6833851,-0.160288802,179.6642515,-3.152366757,14.56120653,3.236789736,0.930986824,1.008281649,-1.405652357,-21.17401886,61.70734863,53.83977813,-79.59225998,-51.40650146,64.74101715,39.75197181,1,1
116.1485479,8,1571922950,AUT,FALSE,TRUE,TRUE,604.1500786,132.2973486,135.8242954,-179.7858418,-0.095083484,179.5879291,-4.866301391,11.84900158,4.380219717,0.690216285,1.527944793,-0.959879607,-18.93497772,62.37831116,54.21877556,-78.71278724,-51.88702148,65.13828278,41.89825744,1,1
116.2491019,8,1571922950,AUT,FALSE,TRUE,TRUE,604.4879003,169.812371,134.5127959,-179.8414764,-0.061289981,179.5991036,-4.866301391,11.84900158,4.380219717,0.690216285,1.527944793,-0.959879607,-14.84663543,63.39121284,54.25602608,-76.64522896,-52.16567871,65.8816452,44.67199287,1,1
116.3496249,8,1571922950,AUT,FALSE,TRUE,TRUE,604.4879003,169.812371,134.5127959,-179.8414764,-0.061289981,179.5991036,-6.889669843,8.030358338,3.097081632,-0.132709104,1.51655373,-0.719795314,-14.84663543,63.39121284,54.25602608,-76.64522896,-52.16567871,65.8816452,44.67199287,1,1
116.450186,8,1571922950,AUT,FALSE,TRUE,TRUE,607.7722868,199.9404895,135.2314423,-179.8864504,-0.016565105,179.7309334,-4.402806617,8.749249258,0.634264834,0.117484944,1.252322403,-0.54283405,-11.19942856,64.35192947,54.07934189,-73.89900054,-52.1754071,66.98193969,46.29698066,1,1
116.5509739,8,1571922950,AUT,FALSE,TRUE,TRUE,613.6682353,227.0828264,138.3916637,-179.9639921,0.007159722,179.8456858,-3.599324526,3.892290184,0.86597489,-0.37958691,1.128388462,-0.340218282,-7.711224744,65.41714324,54.00791702,-70.38254814,-52.07263549,68.56570129,47.20548477,1,1
116.6517289,8,1571922950,AUT,FALSE,TRUE,TRUE,620.1849613,246.8460007,141.2232535,-179.9939836,-0.128735233,-179.9851021,1.952484042,-3.486604839,-0.529452075,-1.403842984,0.423098079,-0.020790729,-4.806995769,66.48467102,53.89042854,-66.7750946,-51.86321411,70.26456184,47.29887886,1,1
116.7523818,8,1571922950,AUT,FALSE,TRUE,TRUE,620.1849613,246.8460007,141.2232535,-179.9939836,-0.128735233,-179.9851021,1.952484042,-3.486604839,-0.529452075,-1.403842984,0.423098079,-0.020790729,-4.806995769,66.48467102,53.89042854,-66.7750946,-51.86321411,70.26456184,47.29887886,1,1
116.852984,8,1571922950,AUT,FALSE,TRUE,TRUE,625.166558,260.9900592,140.6110272,179.9537774,-0.326204238,-179.8034639,8.23280855,-5.612560463,1.796696593,-1.551059511,-0.163837252,0.296122721,-2.567522044,67.55907897,53.64160194,-63.80408249,-51.7635736,71.4936367,47.25329933,1,1
116.9535348,8,1571922951,AUT,FALSE,TRUE,TRUE,621.667825,265.4009366,135.6896872,179.9471961,-0.729098926,-179.6987777,12.80694034,-3.372232421,1.596534048,-0.761836122,0.14728795,0.291308054,-2.028230663,67.97391243,53.50460929,-63.74840927,-51.75966247,71.5121006,47.69554367,1,1
117.0540888,8,1571922951,AUT,FALSE,TRUE,TRUE,621.667825,265.4009366,135.6896872,179.9471961,-0.729098926,-179.6987777,12.80694034,-3.372232421,1.596534048,-0.761836122,0.14728795,0.291308054,-2.296949381,67.71930771,53.42133979,-65.97188072,-51.99189697,70.36182174,49.09872093,1,1
117.1545508,8,1571922951,AUT,FALSE,TRUE,TRUE,610.8626028,267.6465143,129.1733483,179.987742,-0.885216176,-179.6798024,12.74178239,0.368508798,0.518055156,-0.161805695,0.621161013,0.342737646,-2.296949381,67.71930771,53.42133979,-65.97188072,-51.99189697,70.36182174,49.09872093,1,1
117.2550888,8,1571922951,AUT,FALSE,TRUE,TRUE,589.4579655,272.4871237,123.0953468,-179.9787508,-0.932727833,-179.7373004,8.962762806,6.523444798,-17.75028028,1.364745205,0.742202756,0.238325165,-2.849523925,66.66921386,53.42461509,-70.37893295,-52.29294433,68.31128196,51.89094429,1,1
117.355623,8,1571922951,AUT,FALSE,TRUE,TRUE,562.8586202,279.542328,126.1522741,-179.9717509,-0.815693833,-179.7167376,4.687915054,5.739967685,1.494077144,0.994178901,1.414742651,0.415228679,-3.3359642,64.59129753,53.90189552,-75.55266609,-52.48183227,66.56721611,55.47910309,1,1
117.456151,8,1571922951,AUT,FALSE,TRUE,TRUE,535.4648464,281.3732656,128.1723398,179.8493054,-0.62390823,-179.4822552,4.687915054,5.739967685,1.494077144,0.994178901,1.414742651,0.415228679,-3.846196744,62.20025368,53.89541359,-80.90032654,-52.41170654,64.58915176,58.90571822,1,1
117.556674,8,1571922951,AUT,FALSE,TRUE,TRUE,535.4648464,281.3732656,128.1723398,179.8493054,-0.62390823,-179.4822552,0.807398322,-0.277521975,0.580614303,0.057310201,1.205336373,0.572747056,-3.846196744,62.20025368,53.89541359,-80.90032654,-52.41170654,64.58915176,58.90571822,1,1
117.657187,8,1571922951,AUT,FALSE,TRUE,TRUE,506.4629858,277.5837818,128.0965001,179.9751637,-0.584072438,-179.6017202,1.05092854,5.885891899,4.436594047,0.603905847,1.582125765,-0.017209881,-4.974763869,59.59675827,53.87458763,-86.83401833,-52.16382202,61.93498878,61.69857673,1,1
117.757627,8,1571922951,AUT,FALSE,TRUE,TRUE,483.7614242,272.6874749,125.4087772,-179.9859975,-0.516615211,-179.597758,-2.92847413,7.041949199,3.819061482,0.850510262,2.154861834,0.086810975,-5.882042313,57.8258789,53.86160316,-91.47021789,-52.39586425,59.73341103,64.02816581,1,1
124.1703169,9,1571922958,AUT,FALSE,FALSE,TRUE,471.9711522,-399.9699855,169.9312957,-179.9924291,-0.008666755,179.995568,-2.916070891,-0.56357306,0.617561194,-0.235016808,0.81080956,0.004738617,-71.12331161,58.88524589,54.11485519,-78.18283768,-48.73745544,67.34052314,-11.88117829,0.5,1
124.2711849,9,1571922958,AUT,FALSE,TRUE,TRUE,470.8849148,-399.2066753,166.3424346,-179.9002205,-0.248147884,179.8585691,-2.397161775,-1.833939707,9.142605393,-0.81411308,1.516728054,-0.143115836,-71.08640442,59.10650368,53.9879837,-78.29368973,-48.82924072,67.31542625,-11.88008652,1,1
124.371769,9,1571922958,AUT,FALSE,TRUE,TRUE,470.0309977,-399.7739231,153.6982761,-179.9055343,-0.212797269,179.8817105,-1.976178039,-1.372628844,5.72169039,-1.023635432,1.360237738,-0.420877609,-70.92477149,59.92890586,53.26858177,-78.59449539,-49.38346801,66.11368675,-11.65697823,1,1
124.4723449,9,1571922958,AUT,FALSE,TRUE,TRUE,470.2581325,-400.6976008,140.668201,-179.9013669,-0.108080109,179.8607321,0.219021149,-0.637679956,1.536671039,-0.964607396,0.423967931,-0.536890818,-70.7700016,61.07823715,52.77083244,-78.6362709,-50.20660766,65.03597603,-11.37653847,1,1
124.5728979,9,1571922958,AUT,FALSE,TRUE,TRUE,470.2581325,-400.6976008,140.668201,-179.9013669,-0.108080109,179.8607321,0.219021149,-0.637679956,1.536671039,-0.964607396,0.423967931,-0.536890818,-70.7700016,61.07823715,52.77083244,-78.6362709,-50.20660766,65.03597603,-11.37653847,1,1
124.6734519,9,1571922958,AUT,FALSE,TRUE,TRUE,470.8177249,-401.4275605,132.0844712,-179.8515459,-0.067699528,179.8127828,2.302373786,1.308603193,-0.909048311,-0.569288178,-0.10760241,-0.593845134,-70.71979751,62.06055908,52.71456528,-78.49603386,-50.99169616,64.55739784,-11.17023926,1,1
124.774035,9,1571922958,AUT,FALSE,TRUE,TRUE,470.8129239,-402.405875,128.547401,-179.8800102,-0.05522215,179.8177986,1.181403053,1.582578494,-0.288814732,-0.417859808,0.155250759,-0.484094138,-70.74625396,62.52897834,52.73637657,-78.37099914,-51.40111267,64.4277626,-11.0759594,1,1
124.874568,9,1571922958,AUT,FALSE,TRUE,TRUE,473.5273251,-401.4034894,129.7765038,-179.8988133,0.251961754,179.8156851,-7.093262352,2.208608852,0.330142351,-0.1529867,0.782172803,-0.40811904,-70.64706116,62.5791481,52.92090568,-78.23917007,-51.41991027,64.34813232,-10.94288063,1,1
124.975075,9,1571922959,AUT,FALSE,TRUE,TRUE,473.5273251,-401.4034894,129.7765038,-179.8988133,0.251961754,179.8156851,-7.093262352,2.208608852,0.330142351,-0.1529867,0.782172803,-0.40811904,-70.64706116,62.5791481,52.92090568,-78.23917007,-51.41991027,64.34813232,-10.94288063,1,1
125.0755968,9,1571922959,AUT,FALSE,TRUE,TRUE,483.4329011,-397.0707671,132.866097,-179.9602189,0.423647696,179.9367702,-16.11559269,-2.897124727,6.107166466,-0.58177192,1.927666197,0.065483381,-69.6124443,62.7174694,53.15370254,-77.36613808,-51.43798828,64.78521309,-10.30373383,1,1
125.1761529,9,1571922959,AUT,FALSE,TRUE,TRUE,501.5972824,-392.9122263,134.0074185,179.9737867,0.516380433,-179.941637,-13.90300487,-5.287847971,5.08384888,-0.85244893,1.598090062,0.079007714,-67.33364296,63.58141365,53.06328506,-74.84012031,-51.4362854,65.72882194,-9.793587113,1,1
125.276726,9,1571922959,AUT,FALSE,TRUE,TRUE,526.292972,-392.5599477,133.9160715,179.9686796,0.536538568,-179.8249811,-14.32579821,-6.777422283,7.033279627,-0.682776679,1.935732702,0.265002287,-64.18182334,65.27659034,52.79767341,-70.28376388,-51.43593383,67.34452972,-10.02941208,1,1
125.3772578,9,1571922959,AUT,FALSE,TRUE,TRUE,526.292972,-392.5599477,133.9160715,179.9686796,0.536538568,-179.8249811,-14.32579821,-6.777422283,7.033279627,-0.682776679,1.935732702,0.265002287,-60.70071258,67.62296448,52.52478333,-64.41838646,-51.43276428,69.44916343,-10.99109001,1,1
125.4778328,9,1571922959,AUT,FALSE,TRUE,TRUE,552.9405868,-394.3281373,131.8642526,-179.9745591,0.452051384,-179.8994148,-8.709990737,-0.625161824,6.516410605,-0.050423185,1.272682135,-0.105058739,-60.70071258,67.62296448,52.52478333,-64.41838646,-51.43276428,69.44916343,-10.99109001,1,1
125.5783448,9,1571922959,AUT,FALSE,TRUE,TRUE,583.4385415,-395.9954166,128.1743497,-179.9139528,0.235097532,179.9901881,3.735838898,-0.036850735,0.00073026,-0.235044668,-0.395299281,-0.370674326,-56.37832718,70.71071662,52.23200454,-56.75544662,-51.46878845,72.16714668,-12.52458916,1,1
125.67888,9,1571922959,AUT,FALSE,TRUE,TRUE,599.9037658,-399.2493016,129.7388998,-179.9197393,-0.068454898,-179.9754655,14.12897348,3.705925859,-3.481351647,0.498964233,-1.331748244,-0.531996714,-53.73916397,72.45445289,52.13172683,-51.54129753,-51.47499023,74.36214294,-13.8549511,1,1
125.7794619,9,1571922959,AUT,FALSE,TRUE,TRUE,599.9037658,-399.2493016,129.7388998,-179.9197393,-0.068454898,-179.9754655,14.12897348,3.705925859,-3.481351647,0.498964233,-1.331748244,-0.531996714,-53.73916397,72.45445289,52.13172683,-51.54129753,-51.47499023,74.36214294,-13.8549511,1,1
125.8801179,9,1571922959,AUT,FALSE,TRUE,TRUE,607.6778355,-404.8480503,136.2755646,-179.828036,-0.260957695,179.9897911,14.02220183,6.396643939,-1.20734305,1.032309406,-1.208963138,-0.817179428,-52.37246818,73.22227363,52.19372406,-47.93404312,-51.29410034,76.24505195,-15.33601113,1,1
125.980902,9,1571922960,AUT,FALSE,TRUE,TRUE,609.0184907,-407.9796507,143.4744096,-179.7495951,-0.40324021,179.8721309,13.16804986,9.565983463,0.270661826,1.409827974,-1.137523876,-1.094618695,-52.01363068,73.19510307,52.38611526,-46.49985351,-51.09276489,77.43649864,-16.12835541,1,1
126.081619,9,1571922960,AUT,FALSE,TRUE,TRUE,608.0433281,-403.7710756,147.8706849,-179.6523178,-0.536826146,179.7076456,5.376277863,8.81474221,0.597821972,0.928305904,0.764635788,-1.628366065,-52.14320755,72.61985206,52.54996948,-47.23411789,-50.87012695,77.69229813,-15.77974549,1,1
126.1822548,9,1571922960,AUT,FALSE,TRUE,TRUE,608.0433281,-403.7710756,147.8706849,-179.6523178,-0.536826146,179.7076456,5.376277863,8.81474221,0.597821972,0.928305904,0.764635788,-1.628366065,-52.29547119,71.73236961,52.61402321,-49.64988784,-50.72357482,77.00052338,-14.11578713,1,1
126.2827649,9,1571922960,AUT,FALSE,TRUE,TRUE,607.3993061,-390.7794207,148.2784398,-179.6258736,-0.608553924,179.6211773,4.807107623,9.737978812,3.973678244,0.936532357,1.408285881,-1.657979504,-52.29547119,71.73236961,52.61402321,-49.64988784,-50.72357482,77.00052338,-14.11578713,1,1
126.3832538,9,1571922960,AUT,FALSE,TRUE,TRUE,606.8596279,-359.7326798,142.4563364,-179.665806,-0.528693246,179.4841764,2.409441959,10.84120682,2.639434289,0.936532357,1.408285881,-1.657979504,-52.38406906,70.25118255,52.68334694,-55.13403625,-50.69832275,74.62375488,-10.03336373,1,1
126.4837809,9,1571922960,AUT,FALSE,TRUE,TRUE,606.8596279,-359.7326798,142.4563364,-179.665806,-0.528693246,179.4841764,2.409441959,10.84120682,2.639434289,1.00037575,1.525141834,-1.39302554,-52.38406906,70.25118255,52.68334694,-55.13403625,-50.69832275,74.62375488,-10.03336373,1,1
126.5842869,9,1571922960,AUT,FALSE,TRUE,TRUE,603.1859623,-303.8233012,138.6961112,-179.7810822,-0.358585843,179.4557485,2.814086128,5.51207986,-1.735241332,0.005396161,0.385675194,-0.885522937,-52.04766083,67.55633239,53.18354759,-63.92333908,-51.01194946,71.14978523,-2.736725238,1,1
126.684803,9,1571922960,AUT,FALSE,TRUE,TRUE,603.1859623,-303.8233012,138.6961112,-179.7810822,-0.358585843,179.4557485,2.814086128,5.51207986,-1.735241332,0.005396161,0.385675194,-0.885522937,-51.45262756,65.11715469,53.81035194,-70.03922539,-51.14403808,69.2154705,2.662739181,1,1
126.785291,9,1571922960,AUT,FALSE,TRUE,TRUE,597.5372454,-261.4623672,142.3670745,-179.8320685,-0.312073111,179.5338581,-1.512047694,4.32403072,-2.596664044,-0.126921092,0.851880364,-0.570229604,-51.45262756,65.11715469,53.81035194,-70.03922539,-51.14403808,69.2154705,2.662739181,1,1
126.885829,9,1571922960,AUT,FALSE,TRUE,TRUE,591.8500664,-224.3908909,147.7004386,-179.8468088,-0.226559699,179.6356914,-3.445635795,2.12643696,-0.637847197,-0.136950951,1.017467314,-0.547329028,-50.6096981,62.9447113,54.38650932,-74.7020565,-51.08621704,67.83934364,7.155319975,1,1
126.986397,9,1571922961,AUT,FALSE,TRUE,TRUE,587.5305451,-188.4189121,150.7667268,-179.7871121,-0.153720213,179.623578,-8.065182396,5.746701367,4.69022147,0.409296097,1.85824744,-0.672452303,-49.27598877,61.24172058,54.88608513,-78.51047401,-50.97901794,66.60162048,11.39410286,1,1
127.0868909,9,1571922961,AUT,FALSE,TRUE,TRUE,585.8353138,-150.5784839,150.5096535,-179.8485362,-0.078290874,179.5212985,-9.47978614,6.672699696,3.943716915,-0.003814387,1.989054001,-0.625519551,-47.17770996,60.20916023,55.21955795,-81.3028656,-51.00847778,65.47237701,15.73454704,1,1
127.187407,9,1571922961,AUT,FALSE,TRUE,TRUE,585.8353138,-150.5784839,150.5096535,-179.8485362,-0.078290874,179.5212985,-9.47978614,6.672699696,3.943716915,-0.003814387,1.989054001,-0.625519551,-47.17770996,60.20916023,55.21955795,-81.3028656,-51.00847778,65.47237701,15.73454704,1,1
127.2879059,9,1571922961,AUT,FALSE,TRUE,TRUE,587.6737587,-113.3234716,149.3679605,-179.8942405,-0.055740757,179.5755605,-7.58312803,1.014766939,2.202459076,-0.90026825,1.793858394,-0.318743743,-44.25106201,59.69039611,55.27256355,-82.81236648,-51.13327697,64.76085777,19.84736481,1,1
127.3883998,9,1571922961,AUT,FALSE,TRUE,TRUE,591.6842478,-84.11316889,148.5586031,-179.952437,-0.150482463,179.8332717,-1.735546112,0.914270293,2.717167626,-0.395562077,1.345495505,-0.086287396,-41.2041069,59.52231902,54.9832386,-83.00633011,-51.14239013,64.65253601,22.89858055,1,1
127.4889429,9,1571922961,AUT,FALSE,TRUE,TRUE,591.6842478,-84.11316889,148.5586031,-179.952437,-0.150482463,179.8332717,-1.735546112,0.914270293,2.717167626,-0.395562077,1.345495505,-0.086287396,-41.2041069,59.52231902,54.9832386,-83.00633011,-51.14239013,64.65253601,22.89858055,1,1
127.5894949,9,1571922961,AUT,FALSE,TRUE,TRUE,595.2176531,-58.50525063,144.7571776,179.9934532,-0.228458077,179.9487269,1.556931398,-2.134303232,2.428851375,-0.91436599,0.6971059,-0.066327943,-38.29547996,59.64373855,54.35893021,-82.89941597,-51.04484802,64.29412765,25.39161872,1,1
127.6902318,9,1571922961,AUT,FALSE,TRUE,TRUE,597.2743712,-46.58272923,139.703157,-179.9684503,-0.178652034,-179.9982059,-1.506355708,1.058304678,2.976275222,-0.388887711,1.042920397,-0.042792176,-36.75462684,59.92625198,53.74718399,-82.77551422,-51.08915039,63.75773048,26.4915081,1,1
127.790802,9,1571922961,AUT,FALSE,TRUE,TRUE,603.0060822,-42.62640815,135.8220257,179.8851696,0.117641885,-179.9090437,-11.09780336,-0.706526699,1.935009372,-0.606811088,1.83303221,0.198500085,-35.70445061,60.42142639,53.16411896,-81.92647361,-51.2312091,63.39918136,26.83067321,1,1
127.891577,9,1571922961,AUT,FALSE,TRUE,TRUE,616.9046791,-47.01819161,135.3943665,179.9727127,0.374691293,-179.8078797,-14.26479348,1.906357308,3.591733762,-0.606811088,1.83303221,0.198500085,-34.73381881,61.45885162,52.69325866,-79.08684082,-51.19667907,64.14599762,25.46086693,1,1
127.9922819,9,1571922962,AUT,FALSE,TRUE,TRUE,616.9046791,-47.01819161,135.3943665,179.9727127,0.374691293,-179.8078797,-14.26479348,1.906357308,3.591733762,-0.122672636,1.734875107,0.078210579,-34.73381881,61.45885162,52.69325866,-79.08684082,-51.19667907,64.14599762,25.46086693,1,1
128.0927908,9,1571922962,AUT,FALSE,TRUE,TRUE,636.7174954,-51.90964398,136.3771215,-179.957176,0.345024895,-179.9434027,-10.93381725,6.287534721,3.195369847,0.765645661,1.40121736,-0.254586915,-33.41706276,63.30661125,52.65338516,-74.43329315,-51.08005371,66.06261749,23.34084549,1,1
128.193393,9,1571922962,AUT,FALSE,TRUE,TRUE,658.4684603,-54.43762898,137.0514598,-179.9379436,0.274923084,-179.9757605,-7.747434489,3.246975677,4.473185645,-0.175410565,1.047358691,-0.303870822,-31.54383888,65.43109245,52.66613273,-68.97897263,-51.15310729,68.30429191,21.3640171,1,1
128.293905,9,1571922962,AUT,FALSE,TRUE,TRUE,679.7786946,-54.54018178,135.2056982,-179.9719045,0.213589242,-179.9730258,-5.014050269,3.299104072,2.34829737,-0.070994443,0.810446041,-0.136154021,-29.31422539,67.70646057,52.54417762,-63.3774353,-51.31067871,70.36198311,19.52383804,1,1
128.3944139,9,1571922962,AUT,FALSE,TRUE,TRUE,679.7786946,-54.54018178,135.2056982,-179.9719045,0.213589242,-179.9730258,-5.014050269,3.299104072,2.34829737,-0.070994443,0.810446041,-0.136154021,-29.31422539,67.70646057,52.54417762,-63.3774353,-51.31067871,70.36198311,19.52383804,1,1
128.494941,9,1571922962,AUT,FALSE,TRUE,TRUE,698.1301231,-54.06791062,132.6027395,-179.9806251,0.075304463,-179.9625741,-0.989813331,2.973288034,2.219449791,-0.158078495,0.497282246,-0.01861454,-27.04589195,69.88192863,52.31224594,-58.01139336,-51.36383056,72.18326912,17.79395141,1,1
128.595418,9,1571922962,AUT,FALSE,TRUE,TRUE,713.3534527,-52.57344495,130.9674829,-179.9664264,-0.140298135,-179.9463024,10.34390384,1.459663447,-1.125560727,-0.301629154,-0.91534654,-0.016158313,-24.9683979,71.73493423,52.16345329,-53.22018699,-51.37909606,73.94625206,16.22810783,1,1
128.6959319,9,1571922962,AUT,FALSE,TRUE,TRUE,713.3534527,-52.57344495,130.9674829,-179.9664264,-0.140298135,-179.9463024,10.34390384,1.459663447,-1.125560727,-0.301629154,-0.91534654,-0.016158313,-24.9683979,71.73493423,52.16345329,-53.22018699,-51.37909606,73.94625206,16.22810783,1,1
128.7964559,9,1571922962,AUT,FALSE,TRUE,TRUE,723.6493846,-44.84981209,133.8093963,-179.8663853,-0.361667048,-179.9819482,11.83637651,4.77778414,-0.123039227,0.533549822,-1.017356223,-0.269450301,-23.21645965,72.88564224,52.28295364,-49.49908332,-51.33359069,75.67606659,15.40764884,1,1
128.8969588,9,1571922962,AUT,FALSE,TRUE,TRUE,723.8403351,-28.34657693,134.1993761,-179.8296625,-0.403296694,179.8731884,0.917621963,7.483542455,2.99360319,0.533549822,-1.017356223,-0.269450301,-21.79821739,72.86088867,52.41673279,-49.56725006,-51.26649719,75.74036751,16.60347976,1,1
128.9974759,9,1571922963,AUT,FALSE,TRUE,TRUE,723.8403351,-28.34657693,134.1993761,-179.8296625,-0.403296694,179.8731884,0.917621963,7.483542455,2.99360319,0.66921723,1.061682734,-0.715190956,-21.79821739,72.86088867,52.41673279,-49.56725006,-51.26649719,75.74036751,16.60347976,1,1
129.0980048,9,1571922963,AUT,FALSE,TRUE,TRUE,721.5314209,8.011086921,129.0153441,-179.863939,-0.285223436,179.7477681,-6.186269755,6.021435645,2.710619784,-0.039242579,2.027783538,-0.583410874,-19.42968864,72.85342483,52.3729351,-50.75016861,-51.37280639,74.7993679,19.90855179,1,1
129.1984868,9,1571922963,AUT,FALSE,TRUE,TRUE,721.5314209,8.011086921,129.0153441,-179.863939,-0.285223436,179.7477681,-6.186269755,6.021435645,2.710619784,-0.039242579,2.027783538,-0.583410874,-19.42968864,72.85342483,52.3729351,-50.75016861,-51.37280639,74.7993679,19.90855179,1,1
129.2990279,9,1571922963,AUT,FALSE,TRUE,TRUE,720.9662855,39.64003747,127.9342239,-179.959103,-0.129151445,179.7935681,-5.241522081,5.078321219,-0.309867407,-0.030502996,1.39323305,-0.207308146,-16.89729538,72.925811,52.33057938,-50.83320465,-51.49344177,74.53866234,22.63999672,1,1
129.3995938,9,1571922963,AUT,FALSE,TRUE,TRUE,721.3679672,63.34802212,131.0649975,179.9559352,-0.146937319,179.9950371,0.296326572,-1.545925871,-0.992858034,-0.789073512,0.264683074,0.289437708,-14.67474746,72.92142677,52.31377716,-50.10388756,-51.48934387,75.06701889,24.36841393,1,1
129.5002499,9,1571922963,AUT,FALSE,TRUE,TRUE,722.2512157,75.29087112,135.6898401,179.9110538,-0.345628738,-179.7488417,6.878718759,-5.303222092,0.574092581,-0.829505168,-0.340249877,0.517249725,-13.184095,72.85960464,52.20458336,-49.07626419,-51.3102777,75.96725578,25.00571022,1,1
129.6010418,9,1571922963,AUT,FALSE,TRUE,TRUE,722.2512157,75.29087112,135.6898401,179.9110538,-0.345628738,-179.7488417,6.878718759,-5.303222092,0.574092581,-0.829505168,-0.340249877,0.517249725,-13.184095,72.85960464,52.20458336,-49.07626419,-51.3102777,75.96725578,25.00571022,1,1
129.7018728,9,1571922963,AUT,FALSE,TRUE,TRUE,720.8078148,76.69302327,137.0715584,179.9458883,-0.695093963,-179.6705135,12.31909441,-3.10728617,3.485398808,-0.429269508,-0.002761322,0.355336314,-12.93819008,72.70924988,52.06376266,-49.00101128,-51.03001098,76.38770943,25.03024749,1,1
129.8023739,9,1571922963,AUT,FALSE,TRUE,TRUE,714.4751772,75.60179768,132.6431203,-179.9734435,-0.971641828,-179.6983655,12.21915819,1.870516292,4.001993706,0.681609353,0.867850293,0.122420567,-13.61495819,72.41716804,51.99817428,-50.75459747,-50.99041625,75.69292717,25.57005043,1,1
129.9028809,9,1571922963,AUT,FALSE,TRUE,TRUE,702.1859238,77.77952124,126.1933433,-179.9422653,-1.038070693,-179.86029,12.46106303,5.188869347,-13.08133862,0.049973401,0.295093788,-0.318193561,-14.83037224,71.67444076,52.00240059,-54.53055725,-51.12524597,73.94976425,27.20647773,1,1
130.0034659,9,1571922964,AUT,FALSE,TRUE,TRUE,702.1859238,77.77952124,126.1933433,-179.9422653,-1.038070693,-179.86029,12.46106303,5.188869347,-13.08133862,0.049973401,0.295093788,-0.318193561,-16.18418655,69.68327179,52.4291336,-59.9516098,-51.28430603,72.21201896,30.08232078,1,1
130.1039698,9,1571922964,AUT,FALSE,TRUE,TRUE,682.9125315,85.60726367,128.3127864,-179.9382056,-1.018444155,-179.8372991,9.480323639,2.636921582,0.248891941,0.255447612,0.493344057,0.086769077,-16.18418655,69.68327179,52.4291336,-59.9516098,-51.28430603,72.21201896,30.08232078,1,1
130.204478,9,1571922964,AUT,FALSE,TRUE,TRUE,651.255573,94.55314841,129.5050842,179.9885551,-0.914528081,-179.6827785,4.165677979,2.243066561,0.960414554,0.746476939,1.27323826,0.352007051,-18.04833984,66.48556709,52.47279396,-68.13420639,-51.20081542,69.22611008,34.26459618,1,1
130.3049989,9,1571922964,AUT,FALSE,TRUE,TRUE,625.1226008,97.1085626,127.793851,179.9284282,-0.738164251,-179.6912354,-2.088047946,-0.881737371,1.308351482,-0.256220875,1.617703697,0.211183887,-19.76483345,64.03425636,52.40672149,-74.59900474,-51.18263854,66.39920425,37.18067321,1,1
130.4055068,9,1571922964,AUT,FALSE,TRUE,TRUE,625.1226008,97.1085626,127.793851,179.9284282,-0.738164251,-179.6912354,-2.088047946,-0.881737371,1.308351482,-0.256220875,1.617703697,0.211183887,-19.76483345,64.03425636,52.40672149,-74.59900474,-51.18263854,66.39920425,37.18067321,1,1
130.5060639,9,1571922964,AUT,FALSE,TRUE,TRUE,604.4579216,94.2526063,127.0766952,-179.9401885,-0.348581743,-179.7206597,-10.55121272,5.550141507,0.414482923,0.45601329,2.291170728,-0.138048858,-21.53958206,61.9386383,52.35646248,-79.78870239,-51.32395568,63.8945446,38.96260757,1,1
130.6066558,9,1571922964,AUT,FALSE,TRUE,TRUE,595.0128539,87.70076212,131.6056502,179.9953231,-0.113609089,-179.7357768,-14.01883758,6.994480887,2.496027642,0.873233978,2.439744701,-0.36744001,-22.98534164,60.45749931,52.53739357,-82.31518707,-51.1225653,62.97485847,39.31558113,1,1
130.7071328,9,1571922964,AUT,FALSE,TRUE,TRUE,593.8862427,84.61547958,136.9374279,-179.8586224,-0.1155103,-179.8805198,-8.952357863,11.73436624,5.890262322,1.472323118,1.78251308,-0.57007649,-23.65895118,59.89193001,52.91929206,-82.66842499,-50.77924255,63.23008461,38.79510383,1,1
130.8076599,9,1571922964,AUT,FALSE,TRUE,TRUE,593.8862427,84.61547958,136.9374279,-179.8586224,-0.1155103,-179.8805198,-8.952357863,11.73436624,5.890262322,1.472323118,1.78251308,-0.57007649,-23.65895118,59.89193001,52.91929206,-82.66842499,-50.77924255,63.23008461,38.79510383,1,1
130.908195,9,1571922964,AUT,FALSE,TRUE,TRUE,593.9923718,90.14534652,137.94188,-179.7563677,-0.137625295,179.8607269,-6.145036923,10.46916749,5.254299354,1.247928375,1.268767078,-1.069509231,-23.38275146,60.01887016,53.27243042,-82.48265991,-50.74889831,63.39879684,39.05704193,1,1
131.0086758,9,1571922965,AUT,FALSE,TRUE,TRUE,594.099023,109.2031822,134.9605962,-179.7005194,-0.090427669,179.6366573,-5.550871423,10.95424029,3.864111018,0.039772833,1.405147618,-1.300993391,-21.62921333,60.71246796,53.47973899,-81.88576584,-51.1424121,63.43156013,40.66233329,1,1
131.1092479,9,1571922965,AUT,FALSE,TRUE,TRUE,594.099023,109.2031822,134.9605962,-179.7005194,-0.090427669,179.6366573,-5.550871423,10.95424029,3.864111018,0.039772833,1.405147618,-1.300993391,-21.62921333,60.71246796,53.47973899,-81.88576584,-51.1424121,63.43156013,40.66233329,1,1
131.209837,9,1571922965,AUT,FALSE,TRUE,TRUE,594.4342005,133.9144166,133.0365361,-179.7145547,-0.066414624,179.5398106,-6.883515113,16.18422204,3.515173613,0.947764004,1.606520805,-1.221048351,-19.08408623,61.46481857,53.60606804,-80.80362281,-51.47100219,63.75732536,42.67377548,1,1
131.310642,9,1571922965,AUT,FALSE,TRUE,TRUE,596.6888207,165.8122058,132.5397025,-179.7595763,-0.022701753,179.5198637,-7.392280125,16.48755003,1.944173631,1.393488918,1.6180791,-0.944373553,-15.58160705,62.41262626,53.61975288,-78.72224922,-51.65078796,64.52170601,44.87761574,1,1
131.4113979,9,1571922965,AUT,FALSE,TRUE,TRUE,600.7685135,200.3799766,133.7627981,-179.8608444,-0.063201453,179.6574301,-4.630399145,7.28493417,3.141638586,0.07524417,1.247362983,-0.715826249,-11.38105316,63.60839882,53.56788711,-75.4549736,-51.65646789,66.00390243,46.79666633,1,1
131.5121999,9,1571922965,AUT,FALSE,TRUE,TRUE,606.4217978,232.7780562,136.0451063,-179.8879259,-0.035760126,179.7716406,-1.643807326,2.572891897,2.119908605,-1.089708127,1.121809296,-0.535513078,-7.27407875,64.89151954,53.42837791,-71.55213203,-51.57953063,67.68480034,48.01307945,1,1
131.612725,9,1571922965,AUT,FALSE,TRUE,TRUE,606.4217978,232.7780562,136.0451063,-179.8879259,-0.035760126,179.7716406,-1.643807326,2.572891897,2.119908605,-1.089708127,1.121809296,-0.535513078,-7.27407875,64.89151954,53.42837791,-71.55213203,-51.57953063,67.68480034,48.01307945,1,1
131.713285,9,1571922965,AUT,FALSE,TRUE,TRUE,613.4321215,255.4944687,138.4270167,179.9465149,-0.021223946,-179.8986618,0.780321092,-2.175582149,1.525356219,-0.760188011,0.530600221,0.218611714,-3.947092437,66.07022209,53.15475998,-67.66608238,-51.4739685,69.4178421,48.46282882,1,1
131.813936,9,1571922965,AUT,FALSE,TRUE,TRUE,621.7010908,265.2869861,140.3566656,179.8725304,-0.168497309,-179.7369386,6.91949213,-4.152953308,0.907245163,-0.868023929,-0.373655053,0.528145532,-1.992006681,67.00469169,52.78272858,-64.39162788,-51.09276489,70.83728256,47.78323173,1,1
131.9144459,9,1571922965,AUT,FALSE,TRUE,TRUE,624.2208321,269.0429396,140.999034,179.9816056,-0.465903858,-179.7488163,13.3941984,-2.446976842,-0.033351187,-0.764402503,-0.811079695,0.315533833,-1.291885756,67.49593163,52.80914726,-62.98639412,-50.90093261,71.61790237,47.28914223,1,1
132.0149899,9,1571922966,AUT,FALSE,TRUE,TRUE,624.2208321,269.0429396,140.999034,179.9816056,-0.465903858,-179.7488163,13.3941984,-2.446976842,-0.033351187,-0.764402503,-0.811079695,0.315533833,-1.291885756,67.49593163,52.80914726,-62.98639412,-50.90093261,71.61790237,47.28914223,1,1
132.1155288,9,1571922966,AUT,FALSE,TRUE,TRUE,615.6590934,271.7164795,139.241499,179.985522,-0.699162104,-179.659764,10.16518507,0.240240556,0.15801099,0.023159071,0.560048474,0.37745124,-1.407568356,67.12604599,52.92980461,-64.52564735,-50.93834655,71.16952286,48.35487785,1,1
132.2160339,9,1571922966,AUT,FALSE,TRUE,TRUE,599.6477335,273.2308484,136.5406313,179.9528004,-0.837449122,-179.5880254,10.28753544,1.304452442,0.379227947,0.386380144,0.401765688,0.536076578,-1.992720794,66.05728912,52.92887077,-67.89575844,-50.93536926,69.83056068,50.32407074,1,1
132.316576,9,1571922966,AUT,FALSE,TRUE,TRUE,599.6477335,273.2308484,136.5406313,179.9528004,-0.837449122,-179.5880254,10.28753544,1.304452442,0.379227947,0.386380144,0.401765688,0.536076578,-1.992720794,66.05728912,52.92887077,-67.89575844,-50.93536926,69.83056068,50.32407074,1,1
132.4171488,9,1571922966,AUT,FALSE,TRUE,TRUE,576.4924437,274.1857124,132.4064334,179.9704193,-0.880168264,-179.5880815,8.158999396,0.487574627,0.869887935,0.042307388,0.598907373,0.434357937,-2.920193481,64.43611221,52.92432518,-73.04391403,-51.03241149,67.61832275,53.09596939,1,1
132.5176539,9,1571922966,AUT,FALSE,TRUE,TRUE,548.1988733,273.7593469,128.2155102,-179.9483506,-0.726604307,-179.6453001,1.599171309,4.45976975,0.383388334,0.368656372,1.271302301,0.16146205,-4.014002606,62.39055748,52.93414078,-79.09696884,-51.32243408,64.77767715,56.36220474,1,1
132.6182079,9,1571922966,AUT,FALSE,TRUE,TRUE,520.9379021,272.3034955,127.5287275,-179.9551238,-0.569236938,-179.6909545,-2.174175016,7.318613615,-0.389687549,0.469428243,1.763498014,-0.196663786,-5.012889856,60.14359588,53.07425766,-84.7578701,-51.49641357,62.27697258,59.41785278,1,1
132.7187839,9,1571922966,AUT,FALSE,TRUE,TRUE,520.9379021,272.3034955,127.5287275,-179.9551238,-0.569236938,-179.6909545,-2.174175016,7.318613615,-0.389687549,0.469428243,1.763498014,-0.196663786,-5.7720623,58.00652504,53.40942993,-89.00121918,-51.46499816,60.70826912,61.68673553,1,1
132.8192978,9,1571922966,AUT,FALSE,TRUE,TRUE,499.532584,270.57539,131.4215942,-179.9127592,-0.339110484,-179.6606354,-3.580389275,7.975199678,0.658502909,0.826040179,1.582906005,-0.327766624,-5.7720623,58.00652504,53.40942993,-89.00121918,-51.46499816,60.70826912,61.68673553,1,1
132.9200728,9,1571922966,AUT,FALSE,TRUE,TRUE,485.0522855,268.7783344,137.6425051,-179.9408123,-0.232348665,-179.6826707,-4.941005527,5.116389266,2.821546184,0.402297005,1.612260241,-0.38922578,-6.416393275,56.17141685,53.86321334,-91.81773605,-51.01978271,59.90903777,62.97589531,1,1
139.490324,10,1571922973,AUT,FALSE,FALSE,TRUE,471.9421293,-399.9826212,169.9222538,-179.993131,-0.01573419,179.9940953,-2.687148399,-0.638877083,0.610572638,-0.205593611,0.843772672,0.023213796,-71.13844184,58.90467109,54.14934539,-78.18027305,-48.77082092,67.3646347,-11.86715699,0.5,1
139.59108,10,1571922973,AUT,FALSE,TRUE,TRUE,471.3748185,-399.386112,166.6413164,-179.9750794,-0.21627303,179.7959224,-3.544438045,-0.87814544,10.24026105,-0.740628404,1.352300079,-0.130923515,-71.08172836,59.14033813,54.02494583,-78.18448906,-48.78377929,67.35707474,-11.86979371,1,1
139.6974058,10,1571922973,AUT,FALSE,TRUE,TRUE,472.4332349,-399.7630371,154.4991269,-179.9279589,-0.1813149,179.8442339,1.124580323,-0.415269872,5.71810598,-0.805092752,0.530233656,-0.402642594,-70.70554619,60.085746,53.36939163,-78.18228149,-49.38671997,66.34755821,-11.63636513,1,1
139.7979839,10,1571922973,AUT,FALSE,TRUE,TRUE,473.2191494,-400.4042155,140.8066821,-179.9283717,-0.110099367,179.8748098,2.496823785,-0.393420871,0.512815535,-0.792914955,-0.107336002,-0.425097953,-70.43312988,61.29776115,52.84806976,-78.17106514,-50.30574279,65.27826919,-11.26377068,1,1
139.8985469,10,1571922973,AUT,FALSE,TRUE,TRUE,473.2191494,-400.4042155,140.8066821,-179.9283717,-0.110099367,179.8748098,2.496823785,-0.393420871,0.512815535,-0.792914955,-0.107336002,-0.425097953,-70.43312988,61.29776115,52.84806976,-78.17106514,-50.30574279,65.27826919,-11.26377068,1,1
139.9990458,10,1571922974,AUT,FALSE,TRUE,TRUE,473.2794571,-401.7340544,132.8750695,-179.9130113,-0.060949448,179.8567097,2.729440594,1.26090818,-2.112280831,-0.315014812,-0.144049487,-0.368576977,-70.45940781,62.24204979,52.81861267,-78.04258003,-51.08412963,64.832341,-11.08846321,1,1
140.099577,10,1571922974,AUT,FALSE,TRUE,TRUE,473.2794571,-401.7340544,132.8750695,-179.9130113,-0.060949448,179.8567097,2.729440594,1.26090818,-2.112280831,-0.315014812,-0.144049487,-0.368576977,-70.45940781,62.24204979,52.81861267,-78.04258003,-51.08412963,64.832341,-11.08846321,1,1
140.2001319,10,1571922974,AUT,FALSE,TRUE,TRUE,474.6442255,-401.5105136,133.3987793,-179.8778512,0.143097661,179.8087329,-11.14595621,2.229798444,4.659147972,-0.00074633,1.424894471,-0.214149986,-70.51066933,62.34637184,53.00805473,-77.95873031,-51.18838439,64.80557899,-11.07111511,1,1
140.3007629,10,1571922974,AUT,FALSE,TRUE,TRUE,474.6442255,-401.5105136,133.3987793,-179.8778512,0.143097661,179.8087329,-11.14595621,2.229798444,4.659147972,-0.00074633,1.424894471,-0.214149986,-70.51066933,62.34637184,53.00805473,-77.95873031,-51.18838439,64.80557899,-11.07111511,1,1
140.4015059,10,1571922974,AUT,FALSE,TRUE,TRUE,493.2817281,-389.9962859,132.3679839,179.9961087,0.512611219,179.9201835,-17.77026615,-2.059104856,5.592584293,-0.223305407,2.246321537,0.141625008,-68.35713958,63.03485069,53.14654426,-76.64857292,-51.4474475,64.97852096,-9.48968125,1,1
140.502223,10,1571922974,AUT,FALSE,TRUE,TRUE,493.2817281,-389.9962859,132.3679839,179.9961087,0.512611219,179.9201835,-17.77026615,-2.059104856,5.592584293,-0.223305407,2.246321537,0.141625008,-68.35713958,63.03485069,53.14654426,-76.64857292,-51.4474475,64.97852096,-9.48968125,1,1
140.6026928,10,1571922974,AUT,FALSE,TRUE,TRUE,531.8211717,-385.1881185,135.5806871,179.972494,0.588551576,-179.7569693,-12.89049325,-7.656245381,3.212965545,-0.976131347,0.988830188,0.242065575,-63.62540703,65.14845199,53.01265182,-70.56812096,-51.59391723,67.36014748,-9.1191227,1,1
140.7031999,10,1571922974,AUT,FALSE,TRUE,TRUE,564.7828324,-388.6931006,138.5120011,-179.9197176,0.379356761,-179.8449565,-3.328939901,-2.779663374,2.125347576,-0.118535454,0.11929682,-0.463781278,-59.15782699,67.88262978,52.88193512,-62.59813385,-51.42104187,70.7548954,-10.72253953,1,1
140.803735,10,1571922974,AUT,FALSE,TRUE,TRUE,564.7828324,-388.6931006,138.5120011,-179.9197176,0.379356761,-179.8449565,-3.328939901,-2.779663374,2.125347576,-0.118535454,0.11929682,-0.463781278,-59.15782699,67.88262978,52.88193512,-62.59813385,-51.42104187,70.7548954,-10.72253953,1,1
140.9042139,10,1571922974,AUT,FALSE,TRUE,TRUE,593.3411461,-391.7936424,134.3798874,-179.8759789,0.121361862,-179.9238712,4.629587516,1.281153565,1.728325246,0.086114725,-0.35881155,-0.630598384,-55.08256874,70.83919487,52.50763092,-55.06943321,-51.47733032,73.40162201,-12.47316284,1,1
141.0047309,10,1571922975,AUT,FALSE,TRUE,TRUE,610.2375259,-394.7707795,129.7246389,-179.7920858,-0.157791869,179.9126465,4.629587516,1.281153565,1.728325246,0.086114725,-0.35881155,-0.630598384,-52.18164939,73.24837989,52.19393692,-49.22209053,-51.48810241,75.2991394,-14.10833359,1,1
141.1052558,10,1571922975,AUT,FALSE,TRUE,TRUE,610.2375259,-394.7707795,129.7246389,-179.7920858,-0.157791869,179.9126465,16.09694576,3.983819799,-1.765970254,0.033665845,-2.307831879,-1.010755838,-52.18164939,73.24837989,52.19393692,-49.22209053,-51.48810241,75.2991394,-14.10833359,1,1
141.2057469,10,1571922975,AUT,FALSE,TRUE,TRUE,617.6390144,-395.4626103,130.8535445,-179.7158472,-0.412319393,179.7522926,16.09694576,3.983819799,-1.765970254,0.033665845,-2.307831879,-1.010755838,-50.81314773,74.18173713,52.23117027,-46.46687393,-51.48435607,76.59379921,-14.92281533,1,1
141.3062658,10,1571922975,AUT,FALSE,TRUE,TRUE,617.6390144,-395.4626103,130.8535445,-179.7158472,-0.412319393,179.7522926,17.62331677,10.38258615,-2.713390307,1.160890827,-1.661181496,-1.434047652,-50.81314773,74.18173713,52.23117027,-46.46687393,-51.48435607,76.59379921,-14.92281533,1,1
141.4067619,10,1571922975,AUT,FALSE,TRUE,TRUE,617.7874583,-383.8956938,134.3552627,-179.5862128,-0.564738721,179.6201341,7.145504705,10.07379547,-0.0459436,0.822422202,0.778889727,-1.900913445,-50.73877029,73.41767578,52.4238121,-48.03557053,-51.31584228,76.55278587,-13.74759408,1,1
141.5072389,10,1571922975,AUT,FALSE,TRUE,TRUE,617.7874583,-383.8956938,134.3552627,-179.5862128,-0.564738721,179.6201341,7.145504705,10.07379547,-0.0459436,0.822422202,0.778889727,-1.900913445,-50.73877029,73.41767578,52.4238121,-48.03557053,-51.31584228,76.55278587,-13.74759408,1,1
141.6077268,10,1571922975,AUT,FALSE,TRUE,TRUE,617.5812853,-357.8366858,134.0516962,-179.5901036,-0.5672256,179.4528929,4.405330825,10.71912107,2.942943519,0.898846459,0.861390021,-1.79760107,-50.81846237,71.91410064,52.62909164,-52.5288311,-51.22382629,75.00531006,-10.34274216,1,1
141.7082679,10,1571922975,AUT,FALSE,TRUE,TRUE,616.428412,-314.5172938,129.7118141,-179.6885033,-0.44067451,179.3509771,2.49901266,7.836751182,-0.085958772,0.07674186,0.573788676,-1.365010484,-50.46959839,70.01274833,52.88081245,-59.17992668,-51.40789123,72.31317214,-4.7423378,1,1
141.8087678,10,1571922975,AUT,FALSE,TRUE,TRUE,616.428412,-314.5172938,129.7118141,-179.6885033,-0.44067451,179.3509771,2.49901266,7.836751182,-0.085958772,0.07674186,0.573788676,-1.365010484,-50.46959839,70.01274833,52.88081245,-59.17992668,-51.40789123,72.31317214,-4.7423378,1,1
141.909272,10,1571922975,AUT,FALSE,TRUE,TRUE,611.2264023,-255.4873599,128.1920102,-179.7860503,-0.365051739,179.3719944,-1.547953405,7.852405195,0.281518859,0.0706613,1.41131046,-0.772976843,-49.44590263,67.37505111,53.35337219,-67.21853714,-51.79565917,69.29978714,2.849523925,1,1
142.009881,10,1571922976,AUT,FALSE,TRUE,TRUE,611.2264023,-255.4873599,128.1920102,-179.7860503,-0.365051739,179.3719944,-1.547953405,7.852405195,0.281518859,0.0706613,1.41131046,-0.772976843,-49.44590263,67.37505111,53.35337219,-67.21853714,-51.79565917,69.29978714,2.849523925,1,1
142.1106648,10,1571922976,AUT,FALSE,TRUE,TRUE,601.7126102,-181.9900017,130.9102254,-179.8388913,-0.269293526,179.4462936,-6.697396269,6.689122184,2.446490469,0.267704597,2.136205673,-0.452199021,-47.03478126,64.01285362,53.96409874,-75.82628059,-51.98005371,66.22876854,11.8058567,1,1
142.2112589,10,1571922976,AUT,FALSE,TRUE,TRUE,596.4867049,-127.3847179,132.5961577,-179.9175437,-0.125709357,179.5668326,-10.99456829,3.946369548,3.051285394,-0.150132051,2.198395786,-0.245824678,-43.91946029,62.0533699,54.14815063,-80.32043381,-51.99032043,64.43265495,18.24350509,1,1
142.3119948,10,1571922976,AUT,FALSE,TRUE,TRUE,596.4867049,-127.3847179,132.5961577,-179.9175437,-0.125709357,179.5668326,-10.99456829,3.946369548,3.051285394,-0.150132051,2.198395786,-0.245824678,-43.91946029,62.0533699,54.14815063,-80.32043381,-51.99032043,64.43265495,18.24350509,1,1
142.412483,10,1571922976,AUT,FALSE,TRUE,TRUE,596.5427994,-88.82125686,134.1064775,-179.9576893,-0.112777939,179.743591,-8.4445763,-0.745973032,4.409457498,-0.921659287,1.97983097,-0.126732256,-40.87781639,61.18852272,54.15320091,-81.93609695,-51.95721862,63.86231689,22.46249199,1,1
142.513041,10,1571922976,AUT,FALSE,TRUE,TRUE,599.9524745,-60.61432004,134.8669752,179.9691508,-0.108138516,179.94471,-3.448441415,-0.787230442,3.514388209,-0.330526599,1.232202756,0.102380246,-38.02434082,60.95716094,53.98105888,-82.02318077,-51.88751586,63.85170479,25.30521812,1,1
142.613606,10,1571922976,AUT,FALSE,TRUE,TRUE,604.6499284,-44.47761914,134.2019969,179.8872298,-0.06372355,-179.8423527,-1.40264776,-5.857317783,3.007693426,-1.042973232,0.701854746,0.255772625,-35.82499809,61.03830184,53.49540481,-81.37676582,-51.73248229,63.89152679,26.73750572,1,1
142.714134,10,1571922976,AUT,FALSE,TRUE,TRUE,604.6499284,-44.47761914,134.2019969,179.8872298,-0.06372355,-179.8423527,-1.40264776,-5.857317783,3.007693426,-1.042973232,0.701854746,0.255772625,-35.82499809,61.03830184,53.49540481,-81.37676582,-51.73248229,63.89152679,26.73750572,1,1
142.814703,10,1571922976,AUT,FALSE,TRUE,TRUE,613.1132485,-42.11552226,133.6363983,179.9113327,0.214615637,-179.7317676,-10.03569178,-2.311566964,4.117620209,-0.42649152,1.265965412,0.376160812,-34.66695328,61.46719093,52.94838867,-79.83473854,-51.57767944,64.04499893,26.42349586,1,1
142.915298,10,1571922976,AUT,FALSE,TRUE,TRUE,628.2470704,-45.86816722,133.6477048,-179.994904,0.385136858,-179.8759324,-14.96950281,5.022166643,5.747583079,0.428851722,1.810238563,-0.145534306,-33.68214569,62.71600685,52.69113006,-76.5453083,-51.3932904,65.06573868,24.78616562,1,1
143.0158138,10,1571922977,AUT,FALSE,TRUE,TRUE,648.8507438,-49.46531122,134.5626902,-179.9701162,0.473367828,-179.9787419,-14.18043974,8.808746508,1.276572775,1.003712462,1.661814437,-0.287155658,-32.17134361,64.61135444,52.70054398,-71.71105613,-51.40379333,66.94027404,22.81329574,1,1
143.116338,10,1571922977,AUT,FALSE,TRUE,TRUE,672.9107273,-51.45349185,137.4243604,-179.9529724,0.340096543,-179.9647628,-14.18043974,8.808746508,1.276572775,1.003712462,1.661814437,-0.287155658,-29.92163543,66.8649353,52.80065689,-65.43859749,-51.41719665,69.69214668,20.53607368,1,1
143.216887,10,1571922977,AUT,FALSE,TRUE,TRUE,672.9107273,-51.45349185,137.4243604,-179.9529724,0.340096543,-179.9647628,-5.547926606,7.159637064,1.300497852,1.011774192,0.72993128,-0.269103255,-29.92163543,66.8649353,52.80065689,-65.43859749,-51.41719665,69.69214668,20.53607368,1,1
143.3173718,10,1571922977,AUT,FALSE,TRUE,TRUE,694.5512163,-50.21939577,140.1841445,-179.9557552,0.043113369,-179.9343633,4.965222758,1.184861645,0.104884431,-0.022614639,-0.986971825,-0.20056233,-27.40183525,68.99523926,52.85579796,-59.25917587,-51.39873962,72.43549461,18.46356811,1,1
143.4179518,10,1571922977,AUT,FALSE,TRUE,TRUE,694.5512163,-50.21939577,140.1841445,-179.9557552,0.043113369,-179.9343633,4.965222758,1.184861645,0.104884431,-0.022614639,-0.986971825,-0.20056233,-24.8763874,70.81501808,52.82224846,-54.26468124,-51.38090332,74.49535904,17.32325248,1,1
143.518472,10,1571922977,AUT,FALSE,TRUE,TRUE,709.5476381,-43.18268654,139.9810672,-179.9512187,-0.248255571,-179.9977732,12.65558631,2.506594001,0.065107676,0.138593394,-1.020950855,-0.206092097,-24.8763874,70.81501808,52.82224846,-54.26468124,-51.38090332,74.49535904,17.32325248,1,1
143.6189599,10,1571922977,AUT,FALSE,TRUE,TRUE,715.5272616,-31.37920006,139.4119566,-179.8456492,-0.198885685,179.9169877,5.367914438,8.986741168,0.000197342,0.95818355,-0.321372415,-0.690339636,-23.32101516,71.49866638,52.81289634,-52.56604728,-51.39705871,74.96628799,17.5228878,1,1
143.719466,10,1571922977,AUT,FALSE,TRUE,TRUE,716.0893643,-10.41391471,138.494775,-179.728501,-0.241899765,179.6770045,-1.873273588,11.36793154,2.400089417,0.952294562,0.938078874,-1.20283425,-21.73212776,71.66672287,53.00635872,-52.49750289,-51.38668762,74.96982421,18.99703674,1,1
143.8200519,10,1571922977,AUT,FALSE,TRUE,TRUE,715.9626748,22.12239688,136.7606302,-179.6727338,-0.077586254,179.5845209,-1.873273588,11.36793154,2.400089417,0.952294562,0.938078874,-1.20283425,-19.32242774,71.74779167,53.03909111,-52.71447258,-51.46662963,74.5841526,21.61241111,1,1
143.9206738,10,1571922977,AUT,FALSE,TRUE,TRUE,715.9626748,22.12239688,136.7606302,-179.6727338,-0.077586254,179.5845209,-9.096701717,10.0890944,1.961257209,0.441323163,1.881406353,-1.239206645,-19.32242774,71.74779167,53.03909111,-52.71447258,-51.46662963,74.5841526,21.61241111,1,1
144.0215528,10,1571922978,AUT,FALSE,TRUE,TRUE,715.2553305,62.36919569,136.1532782,-179.8293639,-0.018243969,179.6068858,-6.797769039,4.339907123,2.192034692,-0.401145509,1.056233281,-0.766678448,-15.95308571,71.93383827,53.02648773,-52.32186584,-51.52944946,74.58934021,24.82773514,1,1
144.1225009,10,1571922978,AUT,FALSE,TRUE,TRUE,718.0937956,98.95482829,137.7803146,179.927458,0.058138585,-179.8515778,-6.860466897,-2.12789075,1.996012738,-0.433121734,1.030993149,0.287482089,-11.88146324,72.39827499,52.5049633,-50.14829979,-51.54845031,75.43482056,27.28742981,1,1
144.2230098,10,1571922978,AUT,FALSE,TRUE,TRUE,718.0937956,98.95482829,137.7803146,179.927458,0.058138585,-179.8515778,-6.860466897,-2.12789075,1.996012738,-0.433121734,1.030993149,0.287482089,-11.88146324,72.39827499,52.5049633,-50.14829979,-51.54845031,75.43482056,27.28742981,1,1
144.323627,10,1571922978,AUT,FALSE,TRUE,TRUE,724.891291,107.5713634,140.8444118,179.8928705,-0.062133484,-179.7790288,1.622077418,-1.050980822,2.010842032,-0.129688068,0.110267301,0.290275568,-9.940865706,73.0763134,52.12589035,-47.12497215,-51.11362243,76.71777649,26.72349815,1,1
144.42415,10,1571922978,AUT,FALSE,TRUE,TRUE,730.1974433,107.9884556,141.844675,179.9801796,-0.355481057,-179.7391414,9.991371308,0.048457596,1.841899298,-0.040953997,-0.736816788,0.117333841,-8.998070525,73.82210312,52.08708801,-44.70663414,-51.01177368,77.87495956,25.67916526,1,1
144.5246439,10,1571922978,AUT,FALSE,TRUE,TRUE,729.5143754,107.4574249,138.0285699,-179.9158273,-0.796170036,-179.7474184,14.27849603,1.330120886,2.566878139,0.241699885,-0.183482937,-0.093420568,-8.903052519,74.25792389,52.10205001,-44.32998848,-51.01364135,78.1375843,25.41428146,1,1
144.6251738,10,1571922978,AUT,FALSE,TRUE,TRUE,729.5143754,107.4574249,138.0285699,-179.9158273,-0.796170036,-179.7474184,14.27849603,1.330120886,2.566878139,0.241699885,-0.183482937,-0.093420568,-8.903052519,74.25792389,52.10205001,-44.32998848,-51.01364135,78.1375843,25.41428146,1,1
144.7258348,10,1571922978,AUT,FALSE,TRUE,TRUE,723.8033818,109.8167404,131.4734066,-179.9325984,-0.943916523,-179.772228,12.86308987,1.257375411,1.615436363,0.202037427,0.704476597,-0.296017508,-9.333174131,74.18085823,52.07385978,-46.07931061,-51.15404113,77.22499809,26.35279541,1,1
144.8263319,10,1571922978,AUT,FALSE,TRUE,TRUE,713.5113534,113.6013952,126.4881258,-179.9719452,-0.976081422,-179.7399654,10.25737605,1.995749004,-8.254998563,0.4592987,0.699227595,-0.084307783,-10.15943184,73.45383453,52.04388428,-49.42206573,-51.31887451,75.75966568,28.11532516,1,1
144.9268589,10,1571922978,AUT,FALSE,TRUE,TRUE,699.3927978,117.0779039,128.767312,-179.9644134,-0.903700874,-179.6505527,9.829480026,1.903527373,0.778279768,0.696120926,0.63926441,-0.02282464,-11.3644741,71.77945289,52.1631237,-53.81834106,-51.32628479,74.35404396,30.25593223,1,1
145.027396,10,1571922979,AUT,FALSE,TRUE,TRUE,699.3927978,117.0779039,128.767312,-179.9644134,-0.903700874,-179.6505527,9.829480026,1.903527373,0.778279768,0.696120926,0.63926441,-0.02282464,-11.3644741,71.77945289,52.1631237,-53.81834106,-51.32628479,74.35404396,30.25593223,1,1
145.127883,10,1571922979,AUT,FALSE,TRUE,TRUE,675.018801,117.7221545,133.6219878,-179.9552016,-0.817254686,-179.5153175,4.16793058,2.752729169,-1.833079915,0.268921193,0.766596123,0.091343242,-13.5648777,68.83524399,52.26437644,-60.77790184,-51.09560485,72.09570808,33.25800476,1,1
145.2284179,10,1571922979,AUT,FALSE,TRUE,TRUE,675.018801,117.7221545,133.6219878,-179.9552016,-0.817254686,-179.5153175,4.16793058,2.752729169,-1.833079915,0.268921193,0.766596123,0.091343242,-13.5648777,68.83524399,52.26437644,-60.77790184,-51.09560485,72.09570808,33.25800476,1,1
145.3289979,10,1571922979,AUT,FALSE,TRUE,TRUE,643.340958,108.9023499,136.8478848,-179.9870346,-0.789576187,-179.5515004,4.165708597,2.90800089,5.084921353,0.785927329,1.123690839,-0.256820491,-17.11092796,65.11289406,52.34903984,-69.65447044,-50.58600952,69.00275116,35.93407859,1,1
145.4294989,10,1571922979,AUT,FALSE,TRUE,TRUE,616.038636,100.6143469,132.0260619,-179.8723441,-0.621691384,-179.769007,-4.842483276,7.329881165,6.190215704,0.670152277,2.263490001,-0.736778913,-20.0195034,62.69358444,52.33544426,-76.63708534,-50.64668151,65.64387359,37.90957146,1,1
145.530206,10,1571922979,AUT,FALSE,TRUE,TRUE,616.038636,100.6143469,132.0260619,-179.8723441,-0.621691384,-179.769007,-4.842483276,7.329881165,6.190215704,0.670152277,2.263490001,-0.736778913,-20.0195034,62.69358444,52.33544426,-76.63708534,-50.64668151,65.64387359,37.90957146,1,1
145.631027,10,1571922979,AUT,FALSE,TRUE,TRUE,596.5514484,92.48284924,126.9211102,-179.9010914,-0.267240094,-179.7937635,-11.72324853,6.029716728,1.439683678,0.111946057,2.553327471,-0.747509443,-22.22042198,61.07926025,52.27137336,-81.65218277,-51.18339111,62.98066749,39.45593147,1,1
145.7316759,10,1571922979,AUT,FALSE,TRUE,TRUE,596.5514484,92.48284924,126.9211102,-179.9010914,-0.267240094,-179.7937635,-11.72324853,6.029716728,1.439683678,0.111946057,2.553327471,-0.747509443,-22.22042198,61.07926025,52.27137336,-81.65218277,-51.18339111,62.98066749,39.45593147,1,1
145.8323519,10,1571922979,AUT,FALSE,TRUE,TRUE,592.4204239,87.02773997,130.6873388,-179.8112611,-0.041883262,-179.9986014,-9.012281175,12.70225048,3.577236156,1.121247614,1.475098958,-0.862317309,-23.47580223,60.30495071,52.66305313,-83.04199104,-51.17707397,62.48293533,39.2646492,1,1
145.9329419,10,1571922979,AUT,FALSE,TRUE,TRUE,592.838721,100.3250788,133.3028044,-179.6999968,-0.17461829,179.673506,-4.463091471,13.86179735,6.036858798,1.121247614,1.475098958,-0.862317309,-22.55904464,60.62451553,53.37882957,-82.42125664,-51.18845581,63.1524456,40.07677574,1,1
146.033427,10,1571922980,AUT,FALSE,TRUE,TRUE,592.838721,100.3250788,133.3028044,-179.6999968,-0.17461829,179.673506,-4.463091471,13.86179735,6.036858798,0.711666109,1.306050536,-1.390806778,-22.55904464,60.62451553,53.37882957,-82.42125664,-51.18845581,63.1524456,40.07677574,1,1
146.133991,10,1571922980,AUT,FALSE,TRUE,TRUE,590.8735422,137.5829385,128.5966982,-179.6640033,-0.138618532,179.5064143,-6.888907433,16.49273254,6.682699725,0.711666109,1.306050536,-1.390806778,-19.76993866,61.42934646,53.56482811,-81.37380294,-51.79629638,63.3060894,43.35772934,1,1
146.2345278,10,1571922980,AUT,FALSE,TRUE,TRUE,590.8735422,137.5829385,128.5966982,-179.6640033,-0.138618532,179.5064143,-6.888907433,16.49273254,6.682699725,1.067942223,1.787642851,-1.35719258,-19.76993866,61.42934646,53.56482811,-81.37380294,-51.79629638,63.3060894,43.35772934,1,1
146.3350089,10,1571922980,AUT,FALSE,TRUE,TRUE,590.8735422,137.5829385,128.5966982,-179.6640033,-0.138618532,179.5064143,-6.888907433,16.49273254,6.682699725,1.067942223,1.787642851,-1.35719258,-12.95782127,63.52875824,53.34256782,-77.90764389,-52.38616882,64.29149437,47.20846138,1,1
146.435524,10,1571922980,AUT,FALSE,TRUE,TRUE,593.3825797,189.5849106,123.7448223,-179.816256,-0.014491836,179.6235059,-8.07305848,4.576556165,1.870575637,-1.410474438,1.784872732,-0.88710888,-12.95782127,63.52875824,53.34256782,-77.90764389,-52.38616882,64.29149437,47.20846138,1,1
146.536042,10,1571922980,AUT,FALSE,TRUE,TRUE,601.610619,228.4991106,125.1256508,-179.9063671,-0.002027623,179.7680907,-1.861564584,6.855517402,-0.023423523,0.052678392,0.790097792,-0.52820851,-8.003498838,65.22002106,53.18639374,-73.221175,-52.29221923,66.3294136,48.65700188,1,1
146.6365149,10,1571922980,AUT,FALSE,TRUE,TRUE,601.610619,228.4991106,125.1256508,-179.9063671,-0.002027623,179.7680907,-1.861564584,6.855517402,-0.023423523,0.052678392,0.790097792,-0.52820851,-8.003498838,65.22002106,53.18639374,-73.221175,-52.29221923,66.3294136,48.65700188,1,1
146.737046,10,1571922980,AUT,FALSE,TRUE,TRUE,610.662031,255.5126666,129.5578843,179.9385361,-0.041593572,-179.9286155,1.036687307,-0.105748232,-1.171991523,-0.479235317,0.092299536,0.192519773,-4.101704406,66.64015503,53.09458923,-68.37267494,-52.09260864,68.59144706,49.03776741,1,1
146.8375709,10,1571922980,AUT,FALSE,TRUE,TRUE,621.3643279,266.6875446,138.1985704,179.8566037,-0.036074569,-179.6954701,5.208511016,-5.28395288,-4.869653491,-0.627478448,-0.759556608,0.785946581,-1.964043044,67.34148101,53.06247482,-64.46982994,-51.68877868,70.74170151,48.18286628,1,1
146.9381189,10,1571922980,AUT,FALSE,TRUE,TRUE,628.7186916,269.1625801,148.5346456,179.9337372,-0.282766413,-179.8053979,11.1781115,-1.131922279,-0.123510355,-0.586235394,-0.881789358,0.322140743,-1.180498119,67.38308487,53.19203109,-61.99795074,-50.91106201,72.42791061,46.84209137,1,1
147.0386498,10,1571922981,AUT,FALSE,TRUE,TRUE,628.7186916,269.1625801,148.5346456,179.9337372,-0.282766413,-179.8053979,11.1781115,-1.131922279,-0.123510355,-0.586235394,-0.881789358,0.322140743,-1.028989788,67.02354354,53.34222793,-61.94454689,-50.55402832,72.95956649,46.90348434,1,1
147.1391799,10,1571922981,AUT,FALSE,TRUE,TRUE,626.5666198,271.1335434,153.1543501,179.9682874,-0.509960997,-179.7536,9.821124312,0.915708056,1.35809151,-0.062970728,-0.084287039,0.159149864,-1.028989788,67.02354354,53.34222793,-61.94454689,-50.55402832,72.95956649,46.90348434,1,1
147.2396789,10,1571922981,AUT,FALSE,TRUE,TRUE,616.0784835,272.9397539,151.7908025,179.923145,-0.766006453,-179.628457,10.69706869,-0.07592558,2.843305167,0.348061828,0.466182689,0.528530866,-1.296712875,66.30092811,53.30498771,-64.03109436,-50.34727661,72.33671036,48.13579674,1,1
147.340209,10,1571922981,AUT,FALSE,TRUE,TRUE,591.912813,274.9474865,142.0036116,179.9749275,-0.905522998,-179.6743239,8.765551274,2.698921958,3.472781966,0.379738501,0.953877851,0.362206211,-2.263176725,64.99204444,53.13052826,-69.44345054,-50.45987548,69.65787964,51.04931602,1,1
147.44115,10,1571922981,AUT,FALSE,TRUE,TRUE,591.912813,274.9474865,142.0036116,179.9749275,-0.905522998,-179.6743239,8.765551274,2.698921958,3.472781966,0.379738501,0.953877851,0.362206211,-2.263176725,64.99204444,53.13052826,-69.44345054,-50.45987548,69.65787964,51.04931602,1,1
147.541827,10,1571922981,AUT,FALSE,TRUE,TRUE,564.3453517,276.7722466,132.8470516,-179.9669985,-0.814554455,-179.7037558,6.473087395,5.071941356,1.965857462,0.570829326,1.151427987,0.130545042,-3.218853375,63.50461235,53.10609741,-75.42290039,-51.03940979,66.63312378,54.52435684,1,1
147.642478,10,1571922981,AUT,FALSE,TRUE,TRUE,536.8800476,276.9069734,128.8090718,-179.9734962,-0.602291893,-179.6616518,0.021126063,4.593701297,0.434675855,0.535702118,1.47151755,0.005696647,-4.119409556,61.58892631,53.19742126,-81.15656204,-51.56617675,63.99215126,57.95622482,1,1
147.7430239,10,1571922981,AUT,FALSE,TRUE,TRUE,515.0818567,274.6341927,129.7135443,-179.9032429,-0.380021189,-179.6449447,-3.452525832,6.564637574,0.418398652,0.42687649,1.590545029,-0.468891728,-4.9434082,59.56613388,53.27706528,-85.75855293,-51.6121051,62.01810379,60.27107506,1,1
147.843523,10,1571922981,AUT,FALSE,TRUE,TRUE,515.0818567,274.6341927,129.7135443,-179.9032429,-0.380021189,-179.6449447,-3.452525832,6.564637574,0.418398652,0.42687649,1.590545029,-0.468891728,-4.9434082,59.56613388,53.27706528,-85.75855293,-51.6121051,62.01810379,60.27107506,1,1
147.9440989,10,1571922982,AUT,FALSE,TRUE,TRUE,493.4738463,272.7102364,134.0841014,-179.9319186,-0.309750895,-179.6933358,-3.520086389,7.295296537,4.13539341,0.729695866,1.558829142,-0.469973909,-5.7093544,57.29471741,53.57791557,-89.95755501,-51.22696289,60.45678863,62.37819099,1,1
154.390218,11,1571922988,AUT,FALSE,FALSE,TRUE,471.9276958,-399.9835124,169.8827117,-179.9971097,-0.015557308,179.9917115,-1.665947514,-1.32982878,0.597041637,-0.194833983,0.792433636,0.067030867,-70.90269584,58.63189773,53.60204773,-78.18190384,-48.25184326,67.10454712,-12.11157876,0.5,1
154.4913099,11,1571922988,AUT,FALSE,TRUE,TRUE,469.9759839,-400.8171135,167.2252327,179.9109881,-0.329193735,179.9044474,0.860173018,-1.756941329,8.203946962,-0.434423347,1.131663501,0.117507912,-70.91109695,58.75503731,53.39699134,-78.18374061,-48.25571594,67.20530548,-12.12917061,1,1
154.5920279,11,1571922988,AUT,FALSE,TRUE,TRUE,469.9759839,-400.8171135,167.2252327,179.9109881,-0.329193735,179.9044474,0.860173018,-1.756941329,8.203946962,-0.434423347,1.131663501,0.117507912,-70.89643021,59.4949974,52.59538078,-78.24189262,-48.62548278,66.13614693,-12.4302372,1,1
154.6926959,11,1571922988,AUT,FALSE,TRUE,TRUE,467.9898659,-404.2305151,156.02982,-179.9593807,-0.22056137,179.9258347,-1.039502562,0.490734932,5.304920998,-0.554311732,1.087066969,-0.270706527,-70.89643021,59.4949974,52.59538078,-78.24189262,-48.62548278,66.13614693,-12.4302372,1,1
154.793227,11,1571922988,AUT,FALSE,TRUE,TRUE,468.5919115,-404.4652065,140.409614,-179.8667871,-0.061830165,179.8591267,-1.81322074,0.328426654,0.562025771,-0.671890948,0.766536217,-0.595919899,-70.82114296,60.93092422,52.21859779,-78.39134788,-49.6822467,64.81855316,-12.11268769,1,1
154.893785,11,1571922988,AUT,FALSE,TRUE,TRUE,470.2983103,-403.4404542,134.3327255,-179.8860033,-0.097188957,179.7999403,2.340434279,1.042181357,0.784831663,-0.500699648,0.085228263,-0.558648683,-70.63387756,61.73733101,52.32110023,-78.24059829,-50.37904907,64.62557487,-11.67138749,1,1
154.9943349,11,1571922989,AUT,FALSE,TRUE,TRUE,470.5702535,-403.5007882,131.4012798,-179.9045335,-0.088714361,179.8349941,1.699016442,0.493482188,0.272499004,-0.605393577,0.153534933,-0.503316013,-70.58710327,62.06060371,52.29668312,-78.22923774,-50.699729,64.43301544,-11.49604912,1,1
155.094867,11,1571922989,AUT,FALSE,TRUE,TRUE,470.5702535,-403.5007882,131.4012798,-179.9045335,-0.088714361,179.8349941,1.699016442,0.493482188,0.272499004,-0.605393577,0.153534933,-0.503316013,-70.58710327,62.06060371,52.29668312,-78.22923774,-50.699729,64.43301544,-11.49604912,1,1
155.1953509,11,1571922989,AUT,FALSE,TRUE,TRUE,469.8764813,-403.6832525,130.6131298,-179.9103014,-0.167556966,179.8321898,0.845124655,0.665088159,1.705058479,-0.627224549,0.572787972,-0.48915582,-70.60942268,62.10499878,52.24010696,-78.2662857,-50.74018066,64.42632408,-11.49705849,1,1
155.2958829,11,1571922989,AUT,FALSE,TRUE,TRUE,470.2273709,-403.3370627,130.3633252,-179.9145261,0.025102457,179.8486557,-4.458459516,-0.167615951,2.649892097,-0.741066322,1.042117761,-0.451360708,-70.60404968,62.11116142,52.23030166,-78.314962,-50.74342712,64.31012306,-11.47514763,1,1
155.396395,11,1571922989,AUT,FALSE,TRUE,TRUE,470.2273709,-403.3370627,130.3633252,-179.9145261,0.025102457,179.8486557,-4.458459516,-0.167615951,2.649892097,-0.741066322,1.042117761,-0.451360708,-70.60404968,62.11116142,52.23030166,-78.314962,-50.74342712,64.31012306,-11.47514763,1,1
155.496944,11,1571922989,AUT,FALSE,TRUE,TRUE,477.7750642,-400.0787225,130.7982813,-179.9392394,0.354250761,179.8718872,-11.62516071,-1.461924561,3.657288364,-0.599511938,1.374022482,-0.210253932,-69.93806534,62.33967018,52.36265945,-77.81208686,-50.78959167,64.18853874,-10.99772301,1,1
155.5974619,11,1571922989,AUT,FALSE,TRUE,TRUE,492.2786489,-395.8687137,132.1254648,-179.9852782,0.516207284,179.9956805,-15.99848016,-2.856700276,3.722455374,-0.285438119,1.96864504,0.042436688,-68.26800956,62.95939178,52.43765831,-76.09352989,-50.8906549,64.81946296,-10.38757668,1,1
155.6980109,11,1571922989,AUT,FALSE,TRUE,TRUE,513.8887926,-394.0689454,135.2449407,179.9585634,0.500868763,-179.8396446,-13.20305247,-6.244247061,5.761382353,-0.695010113,1.334666571,0.028697028,-65.59995231,64.12260017,52.42566948,-72.45591888,-50.88743591,66.43524628,-10.25432625,1,1
155.7985079,11,1571922989,AUT,FALSE,TRUE,TRUE,513.8887926,-394.0689454,135.2449407,179.9585634,0.500868763,-179.8396446,-13.20305247,-6.244247061,5.761382353,-0.695010113,1.334666571,0.028697028,-62.50685119,65.94298324,52.26739082,-67.49600372,-50.83815124,68.43511161,-10.87983627,1,1
155.8990119,11,1571922989,AUT,FALSE,TRUE,TRUE,537.9253942,-394.8693317,135.9641602,-179.9636513,0.439971029,-179.8411158,-10.26777769,-1.617517555,6.953264993,0.077517712,1.497397453,-0.116363914,-62.50685119,65.94298324,52.26739082,-67.49600372,-50.83815124,68.43511161,-10.87983627,1,1
155.9995248,11,1571922990,AUT,FALSE,TRUE,TRUE,562.7707135,-395.5149171,133.4465877,-179.977524,0.455592346,-179.9423255,-5.216502719,0.384243798,2.666477208,0.168697907,0.720914329,-0.296002076,-59.23774909,68.22543068,52.05558471,-61.97107887,-50.8597229,70.30261917,-11.70207711,1,1
156.1000948,11,1571922990,AUT,FALSE,TRUE,TRUE,585.8616341,-396.3934435,131.2375711,-179.9346184,0.222784625,-179.9978214,2.171490405,2.776555098,0.310389623,0.438357575,0.27247902,-0.441365727,-55.96844444,70.50977669,51.85471344,-56.17615128,-50.92807434,72.42455978,-12.83219605,1,1
156.2007658,11,1571922990,AUT,FALSE,TRUE,TRUE,601.457777,-399.1491309,131.5911902,-179.861398,-0.221905466,179.9827349,2.171490405,2.776555098,0.310389623,0.438357575,0.27247902,-0.441365727,-53.28234214,72.35504723,51.68345031,-50.88043212,-50.92667907,74.70680809,-14.21629143,1,1
156.3014958,11,1571922990,AUT,FALSE,TRUE,TRUE,601.457777,-399.1491309,131.5911902,-179.861398,-0.221905466,179.9827349,16.26730291,2.397050124,0.178136755,-0.065137882,-1.870709273,-0.672118608,-53.28234214,72.35504723,51.68345031,-50.88043212,-50.92667907,74.70680809,-14.21629143,1,1
156.4021859,11,1571922990,AUT,FALSE,TRUE,TRUE,607.1514864,-402.7574011,132.5747252,-179.7684233,-0.397801229,179.8514083,17.72011592,8.528932049,0.230202768,0.878401276,-1.927539242,-1.158987721,-52.22087746,73.22242469,51.64590454,-48.20383644,-50.82260009,75.91115684,-15.30363236,1,1
156.502686,11,1571922990,AUT,FALSE,TRUE,TRUE,607.4670458,-399.3978999,132.5379145,-179.636395,-0.475262279,179.6347134,7.057803722,8.318086202,0.448673519,0.352927279,0.383265231,-1.739556696,-52.10857658,73.30109711,51.73859138,-48.10787429,-50.78648254,76.11564674,-15.37906723,1,1
156.6031809,11,1571922990,AUT,FALSE,TRUE,TRUE,607.4670458,-399.3978999,132.5379145,-179.636395,-0.475262279,179.6347134,7.057803722,8.318086202,0.448673519,0.352927279,0.383265231,-1.739556696,-52.10857658,73.30109711,51.73859138,-48.10787429,-50.78648254,76.11564674,-15.37906723,1,1
156.703722,11,1571922990,AUT,FALSE,TRUE,TRUE,607.9383413,-385.7238535,132.2954091,-179.6169233,-0.497135309,179.5396888,5.455537562,11.24971273,1.529817058,0.877596638,0.726574108,-1.813993249,-52.16683159,72.48630638,51.939291,-50.65239715,-50.77819335,75.28719864,-13.43809891,1,1
156.8042109,11,1571922990,AUT,FALSE,TRUE,TRUE,607.8860746,-360.0591739,129.2047158,-179.6228962,-0.502358093,179.4117118,5.585238198,10.12841846,1.768168167,0.575313018,0.402962432,-1.649478501,-52.09407119,71.27597008,52.04262428,-54.88322868,-50.80160522,73.61980705,-10.12652093,1,1
156.9047229,11,1571922990,AUT,FALSE,TRUE,TRUE,606.5568493,-322.9314566,125.3594011,-179.6994723,-0.388999135,179.3674442,1.567147786,7.409656044,-8.393271222,0.249030317,0.653454074,-1.345996382,-51.79285354,69.6050251,52.21006279,-60.63931961,-51.0101477,71.21831588,-5.334092331,1,1
157.0052178,11,1571922991,AUT,FALSE,TRUE,TRUE,606.5568493,-322.9314566,125.3594011,-179.6994723,-0.388999135,179.3674442,1.567147786,7.409656044,-8.393271222,0.249030317,0.653454074,-1.345996382,-51.79285354,69.6050251,52.21006279,-60.63931961,-51.0101477,71.21831588,-5.334092331,1,1
157.1057508,11,1571922991,AUT,FALSE,TRUE,TRUE,603.7207956,-267.2963588,129.037219,-179.7819923,-0.283264205,179.351918,-4.919882754,7.967896899,1.717183818,-0.001707399,1.611003684,-0.615831623,-50.77269744,66.88544197,52.99018135,-67.86148109,-51.32704284,68.81162681,1.647537231,1,1
157.206275,11,1571922991,AUT,FALSE,TRUE,TRUE,603.7207956,-267.2963588,129.037219,-179.7819923,-0.283264205,179.351918,-4.919882754,7.967896899,1.717183818,-0.001707399,1.611003684,-0.615831623,-50.77269744,66.88544197,52.99018135,-67.86148109,-51.32704284,68.81162681,1.647537231,1,1
157.3068018,11,1571922991,AUT,FALSE,TRUE,TRUE,598.766733,-196.1418711,134.3886303,-179.8548935,-0.20531764,179.5764033,-9.90670738,7.752030109,5.082475426,0.801314394,2.566757966,-0.247801404,-48.082798,63.59069023,53.59166221,-75.51745148,-51.44378356,66.31063728,10.1422348,1,1
157.4073129,11,1571922991,AUT,FALSE,TRUE,TRUE,598.766733,-196.1418711,134.3886303,-179.8548935,-0.20531764,179.5764033,-9.90670738,7.752030109,5.082475426,0.801314394,2.566757966,-0.247801404,-48.082798,63.59069023,53.59166221,-75.51745148,-51.44378356,66.31063728,10.1422348,1,1
157.5078259,11,1571922991,AUT,FALSE,TRUE,TRUE,595.9455207,-143.1053979,137.106718,-179.8565095,-0.14159206,179.5909451,-7.170137442,5.011400512,2.947727956,-0.251386406,1.553023189,-0.454109755,-44.99860611,61.72163086,53.9208641,-79.6336956,-51.34280822,64.88281974,16.22420768,1,1
157.6082978,11,1571922991,AUT,FALSE,TRUE,TRUE,596.1096722,-92.06696897,136.6810298,-179.9060213,-0.107069922,179.5644825,-9.239410409,6.252315834,5.657505949,-0.227864448,2.239081082,-0.479124933,-41.21349678,60.83810348,54.00816764,-81.86913871,-51.35305847,63.89391289,21.73686561,1,1
157.708807,11,1571922991,AUT,FALSE,TRUE,TRUE,596.1096722,-92.06696897,136.6810298,-179.9060213,-0.107069922,179.5644825,-9.239410409,6.252315834,5.657505949,-0.227864448,2.239081082,-0.479124933,-41.21349678,60.83810348,54.00816764,-81.86913871,-51.35305847,63.89391289,21.73686561,1,1
157.8093309,11,1571922991,AUT,FALSE,TRUE,TRUE,599.8767934,-49.32701152,135.1325509,179.8647531,-0.148935567,179.932329,-1.810896151,-5.598936971,0.621359091,-1.06983521,1.249700105,0.690437308,-36.97906036,60.70522041,53.73095856,-82.21136627,-51.52375854,63.67023811,26.29342117,1,1
157.909915,11,1571922991,AUT,FALSE,TRUE,TRUE,599.8767934,-49.32701152,135.1325509,179.8647531,-0.148935567,179.932329,-1.810896151,-5.598936971,0.621359091,-1.06983521,1.249700105,0.690437308,-36.97906036,60.70522041,53.73095856,-82.21136627,-51.52375854,63.67023811,26.29342117,1,1
158.0108449,11,1571922992,AUT,FALSE,TRUE,TRUE,609.2017983,-35.54586727,138.433483,179.8407031,-0.134623964,-179.7051657,4.461244259,-4.934180573,1.112526061,-0.476525767,-0.05857645,0.473902273,-34.19238853,60.60156441,52.74659042,-80.46387062,-50.72802429,64.23828621,26.90386963,1,1
158.1114359,11,1571922992,AUT,FALSE,TRUE,TRUE,615.6560763,-38.27294352,141.5643894,179.9521141,0.211882006,-179.819969,-9.54132662,1.758045163,1.868029757,0.060170713,1.034612214,0.031840171,-33.96390724,60.73301239,52.63863945,-79.23425331,-50.40884399,64.52218322,25.98844757,1,1
158.2140279,11,1571922992,AUT,FALSE,TRUE,TRUE,615.6560763,-38.27294352,141.5643894,179.9521141,0.211882006,-179.819969,-9.54132662,1.758045163,1.868029757,0.060170713,1.034612214,0.031840171,-33.96390724,60.73301239,52.63863945,-79.23425331,-50.40884399,64.52218322,25.98844757,1,1
158.3145208,11,1571922992,AUT,FALSE,TRUE,TRUE,631.2796854,-44.16120296,144.7880328,-179.9670595,0.339251692,-179.9181105,-15.29875335,6.368852779,6.654523301,0.774671241,1.871406399,-0.325689265,-33.25617828,61.91099396,52.71668701,-75.72778816,-50.31179626,66.04972572,24.16922493,1,1
158.4150188,11,1571922992,AUT,FALSE,TRUE,TRUE,653.0400354,-46.43361143,143.0189492,-179.8858495,0.20707018,179.9954213,-15.29875335,6.368852779,6.654523301,0.774671241,1.871406399,-0.325689265,-31.44039573,64.23910331,52.58974686,-70.37368354,-50.45141052,68.12482681,22.18274574,1,1
158.5155339,11,1571922992,AUT,FALSE,TRUE,TRUE,653.0400354,-46.43361143,143.0189492,-179.8858495,0.20707018,179.9954213,-7.458657136,4.900087062,4.067695145,0.023579016,0.881788791,-0.387134913,-31.44039573,64.23910331,52.58974686,-70.37368354,-50.45141052,68.12482681,22.18274574,1,1
158.6160519,11,1571922992,AUT,FALSE,TRUE,TRUE,680.2965397,-44.07660219,138.1258752,-179.9933626,0.212986459,-179.9707102,-4.840934992,1.524690519,1.012466816,0.023579016,0.881788791,-0.387134913,-28.36219139,67.29491958,52.25992012,-63.50281677,-50.8136737,70.34828453,20.27659034,1,1
158.716543,11,1571922992,AUT,FALSE,TRUE,TRUE,680.2965397,-44.07660219,138.1258752,-179.9933626,0.212986459,-179.9707102,-4.840934992,1.524690519,1.012466816,-0.244519741,0.615338831,-0.092763053,-28.36219139,67.29491958,52.25992012,-63.50281677,-50.8136737,70.34828453,20.27659034,1,1
158.8170369,11,1571922992,AUT,FALSE,TRUE,TRUE,699.155297,-43.92942397,137.2642548,-179.9694156,0.048168142,-179.9170369,2.945648301,0.541217959,0.085343347,0.66995822,-0.143484027,-0.1556481,-26.08875274,69.38397674,52.01545715,-57.9957241,-50.82102355,72.41007156,18.43727646,1,1
158.9175348,11,1571922992,AUT,FALSE,TRUE,TRUE,699.155297,-43.92942397,137.2642548,-179.9694156,0.048168142,-179.9170369,2.945648301,0.541217959,0.085343347,0.66995822,-0.143484027,-0.1556481,-26.08875274,69.38397674,52.01545715,-57.9957241,-50.82102355,72.41007156,18.43727646,1,1
159.0180678,11,1571922993,AUT,FALSE,TRUE,TRUE,713.1829679,-38.8851262,137.7186118,-179.9709312,-0.25845953,-179.9593399,10.51138335,2.154502899,0.054311982,0.068777999,-0.984580393,-0.21658174,-23.84353179,71.12784004,52.03216324,-53.19366531,-50.80391784,74.45467529,17.15669632,1,1
159.1186059,11,1571922993,AUT,FALSE,TRUE,TRUE,716.2348483,-29.19186347,137.4644741,-179.803128,-0.286619863,179.9349828,6.775112084,5.766938995,1.011582279,0.206714569,-0.465584609,-0.734582622,-22.73364486,71.50659713,52.06181602,-52.26242294,-50.76110412,74.76912117,17.40850639,1,1
159.219101,11,1571922993,AUT,FALSE,TRUE,TRUE,716.2348483,-29.19186347,137.4644741,-179.803128,-0.286619863,179.9349828,6.775112084,5.766938995,1.011582279,0.206714569,-0.465584609,-0.734582622,-22.73364486,71.50659713,52.06181602,-52.26242294,-50.76110412,74.76912117,17.40850639,1,1
159.319679,11,1571922993,AUT,FALSE,TRUE,TRUE,715.7617944,-11.56032447,136.5510532,-179.7988074,-0.288795006,179.7462763,-3.000622431,8.536824553,2.138599852,0.505399823,1.472116748,-0.989441492,-21.58884201,71.52002792,52.19560203,-52.5666275,-50.7418341,74.58916854,18.82247429,1,1
159.4204929,11,1571922993,AUT,FALSE,TRUE,TRUE,715.1137963,13.30809413,134.8367717,-179.7632884,-0.198981927,179.721832,-9.702794942,12.16396555,2.33693294,1.050314539,2.536352492,-0.801689514,-19.75619544,71.53753051,52.18085976,-52.90844993,-50.81316284,74.2510231,20.93333244,1,1
159.5213568,11,1571922993,AUT,FALSE,TRUE,TRUE,715.0613143,42.54927673,134.7617598,-179.9002865,-0.105157486,179.7352924,-5.240842266,6.507349707,0.932644658,-0.126034948,1.236325708,-0.421180539,-17.34032593,71.61435928,52.14907493,-52.70583114,-50.83536621,74.20758934,23.3329113,1,1
159.6223228,11,1571922993,AUT,FALSE,TRUE,TRUE,715.0402012,69.11871635,137.268352,-179.9681214,-0.121589752,179.9474287,-0.750970204,0.583162187,0.803816285,-0.467426951,0.309056566,-0.040046885,-14.86098633,71.62744674,52.0679718,-52.00973053,-50.82561035,74.67307319,25.31789016,1,1
159.722939,11,1571922993,AUT,FALSE,TRUE,TRUE,715.0402012,69.11871635,137.268352,-179.9681214,-0.121589752,179.9474287,-0.750970204,0.583162187,0.803816285,-0.467426951,0.309056566,-0.040046885,-14.86098633,71.62744674,52.0679718,-52.00973053,-50.82561035,74.67307319,25.31789016,1,1
159.8234479,11,1571922993,AUT,FALSE,TRUE,TRUE,715.0516041,87.68265223,139.4134037,-179.9753461,-0.182480335,-179.9787451,-0.224265242,1.782365126,3.08821798,-0.203772548,0.387057294,0.00109098,-13.01843834,71.68917274,51.98145103,-51.22653579,-50.67664123,75.15495414,26.49559708,1,1
159.9240048,11,1571922993,AUT,FALSE,TRUE,TRUE,714.1319724,98.21302512,138.9421245,179.9809179,-0.456479932,-179.7498887,9.408432426,-4.55497684,1.282464122,-0.978820371,-0.48772196,0.15858374,-11.78209533,71.84777412,51.77294426,-50.68475876,-50.60087951,75.57084503,27.22473564,1,1
160.0244958,11,1571922994,AUT,FALSE,TRUE,TRUE,714.1319724,98.21302512,138.9421245,179.9809179,-0.456479932,-179.7498887,9.408432426,-4.55497684,1.282464122,-0.978820371,-0.48772196,0.15858374,-11.78209533,71.84777412,51.77294426,-50.68475876,-50.60087951,75.57084503,27.22473564,1,1
160.1250188,11,1571922994,AUT,FALSE,TRUE,TRUE,709.3919679,98.83247549,136.8798797,179.9558835,-0.872217068,-179.6798779,14.71604292,-1.539628545,-1.136664217,-0.106679719,0.160590041,0.243877813,-11.99562836,71.68431816,51.75032959,-51.63007049,-50.5260791,75.51178321,27.6975357,1,1
160.2255518,11,1571922994,AUT,FALSE,TRUE,TRUE,695.5698508,98.68885388,135.6109027,-179.9604396,-1.028020939,-179.7022954,15.49858305,4.160373886,-1.127076304,1.007028438,0.432297311,0.008454654,-13.03189316,70.7505146,51.80581054,-54.548283,-50.52320617,74.52695159,29.28041839,1,1
160.3261008,11,1571922994,AUT,FALSE,TRUE,TRUE,695.5698508,98.68885388,135.6109027,-179.9604396,-1.028020939,-179.7022954,15.49858305,4.160373886,-1.127076304,1.007028438,0.432297311,0.008454654,-13.03189316,70.7505146,51.80581054,-54.548283,-50.52320617,74.52695159,29.28041839,1,1
160.426635,11,1571922994,AUT,FALSE,TRUE,TRUE,675.3772894,101.1706556,134.2911489,179.9314793,-0.983172181,-179.668737,11.34928192,2.837740543,2.212995921,0.730943256,1.185573503,0.245370958,-15.14600257,68.3879837,51.99607658,-61.42980308,-50.53025939,71.92321929,31.92570648,1,1
160.527154,11,1571922994,AUT,FALSE,TRUE,TRUE,644.5859349,99.99622534,132.7223641,179.9528814,-0.72977021,-179.6532351,0.284012652,1.310044889,2.533708425,0.256428746,1.321980218,0.011406524,-17.84227409,65.30925407,51.99685249,-69.75990829,-50.53742248,68.43797836,35.21615982,1,1
160.6276479,11,1571922994,AUT,FALSE,TRUE,TRUE,644.5859349,99.99622534,132.7223641,179.9528814,-0.72977021,-179.6532351,0.284012652,1.310044889,2.533708425,0.256428746,1.321980218,0.011406524,-17.84227409,65.30925407,51.99685249,-69.75990829,-50.53742248,68.43797836,35.21615982,1,1
160.728178,11,1571922994,AUT,FALSE,TRUE,TRUE,623.1522682,96.61903953,132.2543591,-179.9245997,-0.427367453,-179.7641862,-7.548667597,6.655707611,2.580386404,0.813641266,1.746136338,-0.509266339,-19.90034981,63.07181968,52.02940979,-75.38112831,-50.52981445,65.87446976,36.98927764,1,1
160.8286929,11,1571922994,AUT,FALSE,TRUE,TRUE,606.2422971,95.65972667,133.884119,-179.8704488,-0.221512529,-179.9017976,-12.01221693,11.11017318,4.126261281,1.199572205,2.42958986,-0.839396409,-21.39857254,61.29498367,52.29326363,-79.48391418,-50.51007751,64.15189934,38.44454384,1,1
160.9292629,11,1571922994,AUT,FALSE,TRUE,TRUE,601.8152427,99.00319317,135.2881769,-179.7914921,-0.120238822,-179.9851356,-12.01221693,11.11017318,4.126261281,1.199572205,2.42958986,-0.839396409,-21.52131729,60.78516998,52.48912582,-80.48420219,-50.50608398,63.79079589,39.05397949,1,1
161.0297899,11,1571922995,AUT,FALSE,TRUE,TRUE,601.8152427,99.00319317,135.2881769,-179.7914921,-0.120238822,-179.9851356,-13.03315339,10.91453353,5.649182315,1.055243484,2.66759482,-0.982423619,-21.52131729,60.78516998,52.48912582,-80.48420219,-50.50608398,63.79079589,39.05397949,1,1
161.130852,11,1571922995,AUT,FALSE,TRUE,TRUE,601.8861307,109.62441,133.6327825,-179.6613793,-0.122143407,179.694171,-9.805068505,14.69812288,8.171971757,0.884777371,2.129279519,-1.605273661,-20.63668441,61.13240318,52.59216728,-80.14963073,-50.51481262,63.69662246,39.66146507,1,1
161.2316258,11,1571922995,AUT,FALSE,TRUE,TRUE,603.498383,131.4615454,128.4296173,-179.6598745,-0.044547122,179.5567653,-9.972951137,15.62739557,6.031680145,0.567742165,2.175738998,-1.474002782,-18.39243164,62.17501259,52.60747604,-79.0018959,-51.03784423,63.75315742,41.39899749,1,1
161.3324618,11,1571922995,AUT,FALSE,TRUE,TRUE,607.107674,162.8932791,124.5699552,-179.7555989,0.029908236,179.5285812,-8.178887313,11.13081239,3.063436331,0.318221094,1.607861804,-1.081452969,-14.89789352,63.57431373,52.6282093,-76.67457618,-51.54080932,64.4104042,43.57927551,1,1
161.433018,11,1571922995,AUT,FALSE,TRUE,TRUE,607.107674,162.8932791,124.5699552,-179.7555989,0.029908236,179.5285812,-8.178887313,11.13081239,3.063436331,0.318221094,1.607861804,-1.081452969,-14.89789352,63.57431373,52.6282093,-76.67457618,-51.54080932,64.4104042,43.57927551,1,1
161.5336058,11,1571922995,AUT,FALSE,TRUE,TRUE,612.3868311,196.9477941,125.0405091,-179.8478327,-0.046515692,179.6560658,-3.130548932,12.45126271,3.640047831,0.183005381,1.38987477,-0.63125518,-10.76632347,64.97115326,52.62129135,-73.13604469,-51.62333862,65.98979187,45.33468818,1,1
161.6341529,11,1571922995,AUT,FALSE,TRUE,TRUE,617.7126825,239.4214983,128.0766008,179.9923815,-0.148547905,179.9288471,3.248359141,2.627887517,-0.183868455,-0.259173689,0.383395861,-0.016402456,-5.4270298,66.60350189,52.54944076,-68.18707123,-51.49204101,68.30307655,47.10253944,1,1
161.7347178,11,1571922995,AUT,FALSE,TRUE,TRUE,617.7126825,239.4214983,128.0766008,179.9923815,-0.148547905,179.9288471,3.248359141,2.627887517,-0.183868455,-0.259173689,0.383395861,-0.016402456,-5.4270298,66.60350189,52.54944076,-68.18707123,-51.49204101,68.30307655,47.10253944,1,1
161.8352668,11,1571922995,AUT,FALSE,TRUE,TRUE,620.682694,260.4587881,129.9417215,179.9315552,-0.2139157,-179.8302192,4.959238062,-7.328297473,-0.229441025,-1.688828726,0.15832502,0.325872583,-2.5462532,67.43751869,52.27743644,-65.21851387,-51.25409912,69.64137954,47.66887436,1,1
161.9358349,11,1571922995,AUT,FALSE,TRUE,TRUE,622.7564712,270.4995767,130.4285244,179.8528475,-0.330365428,-179.6312065,8.447182012,-5.755387875,0.510066109,-1.134540558,-0.314678006,0.627253111,-0.945617294,67.96427192,51.97416573,-63.38649559,-51.00414916,70.45988159,47.78005943,1,1
162.0363889,11,1571922996,AUT,FALSE,TRUE,TRUE,621.3412959,271.7761734,130.4317907,179.8985897,-0.518700347,-179.5527206,9.386843856,-3.257957463,0.685667964,-0.542387186,0.123259499,0.494208812,-0.718979644,67.97648048,51.93140488,-63.33762359,-50.88747985,70.63368873,47.84597053,1,1
162.136976,11,1571922996,AUT,FALSE,TRUE,TRUE,621.3412959,271.7761734,130.4317907,179.8985897,-0.518700347,-179.5527206,9.386843856,-3.257957463,0.685667964,-0.542387186,0.123259499,0.494208812,-1.197691725,67.44010734,52.11955604,-65.07413292,-50.79677124,70.12686195,48.57016868,1,1
162.2375319,11,1571922996,AUT,FALSE,TRUE,TRUE,613.0405234,272.0546833,129.9455871,-179.976887,-0.784436213,-179.6499852,11.03517299,4.146613538,1.531842178,0.565290028,0.436463096,0.131482538,-1.197691725,67.44010734,52.11955604,-65.07413292,-50.79677124,70.12686195,48.57016868,1,1
162.338115,11,1571922996,AUT,FALSE,TRUE,TRUE,613.0405234,272.0546833,129.9455871,-179.976887,-0.784436213,-179.6499852,11.03517299,4.146613538,1.531842178,0.565290028,0.436463096,0.131482538,-1.807247538,65.85690879,52.23125267,-70.0830471,-51.00648376,68.11543693,51.80671692,1,1
162.4386799,11,1571922996,AUT,FALSE,TRUE,TRUE,588.9880909,277.8854181,126.0243458,179.8956713,-0.850641098,-179.5673337,8.138480921,0.444843972,-0.257940322,0.06316766,0.961743527,0.668880314,-1.807247538,65.85690879,52.23125267,-70.0830471,-51.00648376,68.11543693,51.80671692,1,1
162.539237,11,1571922996,AUT,FALSE,TRUE,TRUE,549.3118927,279.3526077,123.0882731,179.9690043,-0.772008895,-179.5923659,4.657660379,2.400954342,-0.164833751,0.095926679,1.250179974,0.296730261,-2.9519886,62.96019859,52.19528274,-78.10352325,-51.11978576,64.62074776,56.36937332,1,1
162.639817,11,1571922996,AUT,FALSE,TRUE,TRUE,549.3118927,279.3526077,123.0882731,179.9690043,-0.772008895,-179.5923659,4.657660379,2.400954342,-0.164833751,0.095926679,1.250179974,0.296730261,-2.9519886,62.96019859,52.19528274,-78.10352325,-51.11978576,64.62074776,56.36937332,1,1
162.7406368,11,1571922996,AUT,FALSE,TRUE,TRUE,510.3922475,278.4447948,125.6243805,179.9681672,-0.503544733,-179.5476167,-2.095038705,3.765019845,-1.010044903,0.438910314,1.575256822,0.151172963,-3.953347775,60.13698006,52.49721794,-84.82492103,-51.25776855,61.81639137,60.23701057,1,1
162.84163,11,1571922996,AUT,FALSE,TRUE,TRUE,510.3922475,278.4447948,125.6243805,179.9681672,-0.503544733,-179.5476167,-2.095038705,3.765019845,-1.010044903,0.438910314,1.575256822,0.151172963,-3.953347775,60.13698006,52.49721794,-84.82492103,-51.25776855,61.81639137,60.23701057,1,1
162.9423318,11,1571922997,AUT,FALSE,TRUE,TRUE,490.8802599,272.3075592,131.9098264,-179.9609269,-0.222387573,-179.5999564,-6.232892094,6.520097858,2.643407059,0.694362301,1.655506879,-0.365563424,-5.259979244,56.89466056,52.74692688,-90.45381431,-50.84725891,59.70877761,62.51178818,1,1
169.3405139,12,1571923003,AUT,FALSE,FALSE,TRUE,471.929064,-400.0129803,169.9350966,179.9964085,-0.015898207,179.9990703,-2.433429925,-0.631941085,-0.068587639,-0.288062478,0.666642798,0.043910292,-70.74192123,58.44067726,53.23492928,-78.18013916,-47.90605407,66.93549842,-12.27154999,0.5,1
169.4415259,12,1571923003,AUT,FALSE,TRUE,TRUE,471.9914461,-399.4724543,168.8688626,-179.9580067,-0.087950756,179.9014958,-3.000499331,-0.360938244,5.035605782,-0.386701258,0.873933905,-0.105257862,-70.70368537,58.52607536,53.2155693,-78.17989196,-47.90981689,66.94234428,-12.27615395,1,1
169.5424578,12,1571923003,AUT,FALSE,TRUE,TRUE,471.9914461,-399.4724543,168.8688626,-179.9580067,-0.087950756,179.9014958,-3.000499331,-0.360938244,5.035605782,-0.386701258,0.873933905,-0.105257862,-70.70368537,58.52607536,53.2155693,-78.17989196,-47.90981689,66.94234428,-12.27615395,1,1
169.6429729,12,1571923003,AUT,FALSE,TRUE,TRUE,470.9214796,-401.5754663,154.6715988,-179.9353105,-0.235820684,179.9085522,-1.366032146,0.560008347,6.909544313,-0.483599117,1.096244792,-0.394569921,-70.50726699,59.28032112,52.62439155,-78.18136482,-48.41912109,65.97609672,-12.20292664,1,1
169.7434728,12,1571923003,AUT,FALSE,TRUE,TRUE,471.4902602,-402.5935188,140.9993985,-179.873373,-0.061116209,179.8625191,-0.073464458,0.976550983,2.354675637,-0.653398658,0.276436519,-0.650725974,-70.32803192,60.85096092,51.99349823,-78.17077331,-49.43976745,64.83138999,-11.99785653,1,1
169.843976,12,1571923003,AUT,FALSE,TRUE,TRUE,472.0916581,-402.3172403,132.0635956,-179.8667362,-0.044692468,179.8339885,2.409106868,1.021221738,-1.337186484,-0.569339741,-0.175809831,-0.633650407,-70.25317039,61.81649437,51.96005859,-78.16533164,-50.27636535,64.29729996,-11.57566224,1,1
169.9445338,12,1571923004,AUT,FALSE,TRUE,TRUE,472.0916581,-402.3172403,132.0635956,-179.8667362,-0.044692468,179.8339885,2.409106868,1.021221738,-1.337186484,-0.569339741,-0.175809831,-0.633650407,-70.25317039,61.81649437,51.96005859,-78.16533164,-50.27636535,64.29729996,-11.57566224,1,1
170.0450969,12,1571923004,AUT,FALSE,TRUE,TRUE,472.3776021,-402.3056055,129.7969945,-179.8982003,-0.030258868,179.852304,1.236829519,1.087137789,-1.050865596,-0.391745864,0.011537745,-0.507077761,-70.25708084,62.14198837,52.03421631,-78.14857063,-50.61660095,64.19304313,-11.39394837,1,1
170.1456289,12,1571923004,AUT,FALSE,TRUE,TRUE,476.8000338,-401.1890507,131.8866287,-179.95269,0.326228215,179.9419441,-11.87281936,-0.719592445,3.302725077,-0.293573725,1.152845016,-0.172060577,-70.14606399,62.12719116,52.16786156,-77.98672142,-50.61862243,64.1574131,-11.16328011,1,1
170.246141,12,1571923004,AUT,FALSE,TRUE,TRUE,476.8000338,-401.1890507,131.8866287,-179.95269,0.326228215,179.9419441,-11.87281936,-0.719592445,3.302725077,-0.293573725,1.152845016,-0.172060577,-70.14606399,62.12719116,52.16786156,-77.98672142,-50.61862243,64.1574131,-11.16328011,1,1
170.3466709,12,1571923004,AUT,FALSE,TRUE,TRUE,489.7611067,-398.3372896,133.7150926,179.9800395,0.464832881,-179.9344447,-15.32275285,-5.243561874,5.602578796,-0.613491637,1.722665059,0.075484993,-68.49151954,62.65515289,52.24452553,-76.17685776,-50.61892456,64.82328414,-10.7329834,1,1
170.447156,12,1571923004,AUT,FALSE,TRUE,TRUE,510.0153369,-398.4101261,134.5478735,179.9684437,0.532109,-179.8072909,-14.85491418,-5.39083033,6.100987967,-0.380579947,2.034888115,0.154990671,-65.98272285,63.96616516,52.06957512,-72.56694946,-50.61677124,66.14362793,-10.81767426,1,1
170.5476608,12,1571923004,AUT,FALSE,TRUE,TRUE,535.3719621,-399.4212923,134.3924667,179.9847169,0.571229261,-179.8851171,-11.75566568,-0.931908965,3.656793484,0.112534478,1.43605431,-0.085352987,-62.86103324,65.99206123,51.96974372,-67.4295845,-50.60927856,68.11269378,-11.43550759,1,1
170.6481869,12,1571923004,AUT,FALSE,TRUE,TRUE,562.6668092,-399.3189686,134.9786003,-179.9616441,0.514846074,-179.9708948,-11.75566568,-0.931908965,3.656793484,0.112534478,1.43605431,-0.085352987,-59.31883163,68.24965896,51.94633598,-61.50831756,-50.62436279,70.47076492,-12.26643105,1,1
170.7486708,12,1571923004,AUT,FALSE,TRUE,TRUE,562.6668092,-399.3189686,134.9786003,-179.9616441,0.514846074,-179.9708948,-6.79309653,0.690882194,0.212753458,-0.040445206,0.86687877,-0.25357741,-59.31883163,68.24965896,51.94633598,-61.50831756,-50.62436279,70.47076492,-12.26643105,1,1
170.849206,12,1571923004,AUT,FALSE,TRUE,TRUE,586.2362883,-399.7841799,137.5263183,-179.9312991,0.256872109,-179.9440059,6.273742279,2.401350128,-1.998607167,0.268456614,-0.484795369,-0.442757624,-55.87282562,70.28019333,51.8667469,-55.39946594,-50.62497253,73.07935181,-13.37697029,1,1
170.9497619,12,1571923005,AUT,FALSE,TRUE,TRUE,601.9653493,-401.760876,141.4750768,-179.852669,-0.126723436,-179.9875176,12.42305001,3.124640944,1.014310505,0.320656399,-1.389055711,-0.670698618,-53.27535209,71.77142944,51.81065139,-50.32678985,-50.54300354,75.49565391,-14.70719491,1,1
171.0542209,12,1571923005,AUT,FALSE,TRUE,TRUE,608.7593442,-405.0900665,143.3506095,-179.7998038,-0.370234717,179.9074882,17.49864343,6.74273936,0.677779783,0.785258816,-2.054015269,-1.058816091,-51.98278999,72.67514076,51.71255378,-47.27181816,-50.41471618,76.90529938,-15.79038506,1,1
171.1547508,12,1571923005,AUT,FALSE,TRUE,TRUE,608.7593442,-405.0900665,143.3506095,-179.7998038,-0.370234717,179.9074882,17.49864343,6.74273936,0.677779783,0.785258816,-2.054015269,-1.058816091,-51.98278999,72.67514076,51.71255378,-47.27181816,-50.41471618,76.90529938,-15.79038506,1,1
171.2553039,12,1571923005,AUT,FALSE,TRUE,TRUE,610.3568121,-400.1394307,140.0877034,-179.6297638,-0.428495068,179.6191105,6.198760362,8.453686694,0.025875832,0.223266076,0.4661168,-1.774388728,-51.71271514,72.97628288,51.78840751,-47.39667091,-50.38169128,76.80447921,-15.5694397,1,1
171.3557849,12,1571923005,AUT,FALSE,TRUE,TRUE,610.3568121,-400.1394307,140.0877034,-179.6297638,-0.428495068,179.6191105,6.198760362,8.453686694,0.025875832,0.223266076,0.4661168,-1.774388728,-51.71271514,72.97628288,51.78840751,-47.39667091,-50.38169128,76.80447921,-15.5694397,1,1
171.4563179,12,1571923005,AUT,FALSE,TRUE,TRUE,611.7491871,-374.0235636,137.0901222,-179.6029717,-0.417046822,179.4336794,5.472303367,11.15290794,-1.298906903,0.729058287,0.346610205,-1.7850929,-51.66988563,72.11530838,51.94970054,-51.5854557,-50.41700134,75.21748352,-12.29229699,1,1
171.556828,12,1571923005,AUT,FALSE,TRUE,TRUE,611.7491871,-374.0235636,137.0901222,-179.6029717,-0.417046822,179.4336794,5.472303367,11.15290794,-1.298906903,0.729058287,0.346610205,-1.7850929,-51.66988563,72.11530838,51.94970054,-51.5854557,-50.41700134,75.21748352,-12.29229699,1,1
171.6573279,12,1571923005,AUT,FALSE,TRUE,TRUE,611.3822668,-332.746103,137.3560447,-179.639181,-0.44510422,179.3489984,4.490655822,10.70248542,0.905482989,0.473646071,0.679329976,-1.465643083,-51.35505523,69.6525856,52.40034599,-57.94145851,-50.48551208,73.10086784,-7.038171388,1,1
171.757864,12,1571923005,AUT,FALSE,TRUE,TRUE,611.3822668,-332.746103,137.3560447,-179.639181,-0.44510422,179.3489984,4.490655822,10.70248542,0.905482989,0.473646071,0.679329976,-1.465643083,-51.35505523,69.6525856,52.40034599,-57.94145851,-50.48551208,73.10086784,-7.038171388,1,1
171.858392,12,1571923005,AUT,FALSE,TRUE,TRUE,604.9429709,-265.6832444,140.7567532,-179.7601348,-0.302404716,179.3949736,-3.027058593,5.608161936,-0.481772071,-0.209182427,0.830268467,-0.87884725,-50.54024734,65.91117439,53.07718277,-67.60857925,-50.54205871,69.71484374,1.453964994,1,1
171.9588768,12,1571923006,AUT,FALSE,TRUE,TRUE,604.9429709,-265.6832444,140.7567532,-179.7601348,-0.302404716,179.3949736,-3.027058593,5.608161936,-0.481772071,-0.209182427,0.830268467,-0.87884725,-50.54024734,65.91117439,53.07718277,-67.60857925,-50.54205871,69.71484374,1.453964994,1,1
172.0593848,12,1571923006,AUT,FALSE,TRUE,TRUE,596.0783801,-195.5522346,146.2409354,-179.8611984,-0.172607409,179.5177011,-10.0481803,5.190466767,5.301532684,0.051706229,2.045899101,-0.526546444,-48.41709137,62.26789169,53.92610321,-76.10827217,-50.53871887,66.86635666,10.01483803,1,1
172.1599028,12,1571923006,AUT,FALSE,TRUE,TRUE,596.0783801,-195.5522346,146.2409354,-179.8611984,-0.172607409,179.5177011,-10.0481803,5.190466767,5.301532684,0.051706229,2.045899101,-0.526546444,-48.41709137,62.26789169,53.92610321,-76.10827217,-50.53871887,66.86635666,10.01483803,1,1
172.2607379,12,1571923006,AUT,FALSE,TRUE,TRUE,591.3897331,-126.0781135,145.6421205,-179.8772485,-0.117198864,179.5257521,-10.10997536,5.018293234,3.989892748,-0.607050057,2.029237745,-0.43985344,-44.4893177,60.17617378,54.20032539,-81.33456802,-50.53186889,64.6701622,17.92067528,1,1
172.3614318,12,1571923006,AUT,FALSE,TRUE,TRUE,591.3897331,-126.0781135,145.6421205,-179.8772485,-0.117198864,179.5257521,-10.10997536,5.018293234,3.989892748,-0.607050057,2.029237745,-0.43985344,-40.45681343,59.53142051,53.98100052,-82.94733009,-50.62715881,63.93427391,22.94146843,1,1
172.4623139,12,1571923006,AUT,FALSE,TRUE,TRUE,592.3625735,-80.93266571,143.9505554,-179.9955795,-0.194825965,179.8029867,-4.542264869,-0.22923475,1.549502446,-0.707350741,1.910462941,-0.023284924,-40.45681343,59.53142051,53.98100052,-82.94733009,-50.62715881,63.93427391,22.94146843,1,1
172.562825,12,1571923006,AUT,FALSE,TRUE,TRUE,595.8052871,-54.49655627,142.6467278,179.9678068,-0.229771583,-179.9260265,-0.025433128,-3.413648382,4.413385025,-0.814912002,0.95937021,0.058529282,-37.47365112,59.37127075,53.43357925,-82.90289726,-50.47156494,63.73526001,25.49579658,1,1
172.6633649,12,1571923006,AUT,FALSE,TRUE,TRUE,595.8052871,-54.49655627,142.6467278,179.9678068,-0.229771583,-179.9260265,-0.025433128,-3.413648382,4.413385025,-0.814912002,0.95937021,0.058529282,-37.47365112,59.37127075,53.43357925,-82.90289726,-50.47156494,63.73526001,25.49579658,1,1
172.763876,12,1571923006,AUT,FALSE,TRUE,TRUE,602.2079835,-44.66937138,136.0082029,179.9035375,0.183471211,-179.8603881,-12.50979953,-0.379930655,2.775432192,-0.510694108,1.823528953,0.036336876,-35.79886436,59.84047966,52.28701171,-82.13154373,-50.40680053,62.83233146,26.29528884,1,1
172.864357,12,1571923006,AUT,FALSE,TRUE,TRUE,602.2079835,-44.66937138,136.0082029,179.9035375,0.183471211,-179.8603881,-12.50979953,-0.379930655,2.775432192,-0.510694108,1.823528953,0.036336876,-35.79886436,59.84047966,52.28701171,-82.13154373,-50.40680053,62.83233146,26.29528884,1,1
172.9648659,12,1571923007,AUT,FALSE,TRUE,TRUE,623.1694605,-50.20618295,137.3763651,179.9769812,0.484000405,-179.849979,-16.44825833,3.185741321,5.758966918,0.140438533,1.805966772,-0.248464146,-34.23870964,61.39540901,51.92983932,-77.72990913,-50.31275207,64.31963997,24.30304527,1,1
173.0653858,12,1571923007,AUT,FALSE,TRUE,TRUE,623.1694605,-50.20618295,137.3763651,179.9769812,0.484000405,-179.849979,-16.44825833,3.185741321,5.758966918,0.140438533,1.805966772,-0.248464146,-34.23870964,61.39540901,51.92983932,-77.72990913,-50.31275207,64.31963997,24.30304527,1,1
173.165926,12,1571923007,AUT,FALSE,TRUE,TRUE,659.8476847,-56.76859198,138.3684446,-179.9988782,0.331980574,179.9824862,-8.991906987,5.367463582,6.494778519,0.589191093,1.261677927,-0.398162207,-31.44776344,64.96376495,51.91033516,-68.73198967,-50.28006774,68.08660469,20.74552116,1,1
173.2664309,12,1571923007,AUT,FALSE,TRUE,TRUE,686.8496561,-56.33314563,134.4006562,-179.9925563,0.188086115,179.9779938,-1.737021602,2.651838838,1.381279521,0.047720009,0.29638766,-0.197448356,-28.40367851,68.21171493,51.72732009,-61.38039551,-50.54615112,70.70551529,18.45434303,1,1
173.3669288,12,1571923007,AUT,FALSE,TRUE,TRUE,686.8496561,-56.33314563,134.4006562,-179.9925563,0.188086115,179.9779938,-1.737021602,2.651838838,1.381279521,0.047720009,0.29638766,-0.197448356,-28.40367851,68.21171493,51.72732009,-61.38039551,-50.54615112,70.70551529,18.45434303,1,1
173.4674239,12,1571923007,AUT,FALSE,TRUE,TRUE,708.1958384,-52.9448027,132.3377389,-179.9590983,-0.189098859,-179.9738315,9.550443478,4.314373963,-1.473442716,0.081197172,-0.665294723,-0.143091187,-25.49203376,70.83463554,51.57726059,-54.81835441,-50.65014221,73.33722153,16.47511482,1,1
173.56792,12,1571923007,AUT,FALSE,TRUE,TRUE,708.1958384,-52.9448027,132.3377389,-179.9590983,-0.189098859,-179.9738315,9.550443478,4.314373963,-1.473442716,0.081197172,-0.665294723,-0.143091187,-23.48062934,71.88698158,51.71482315,-51.27878265,-50.61512329,74.93223381,15.88000603,1,1
173.668468,12,1571923007,AUT,FALSE,TRUE,TRUE,718.5933113,-44.4363589,135.9320403,-179.8793948,-0.295302948,179.9952064,12.58667591,6.21087344,-2.308518132,0.735254058,-1.225798468,-0.330702259,-23.48062934,71.88698158,51.71482315,-51.27878265,-50.61512329,74.93223381,15.88000603,1,1
173.768944,12,1571923007,AUT,FALSE,TRUE,TRUE,720.7153081,-22.85617022,141.0756749,-179.7923627,-0.267676522,179.8027355,0.467242296,8.918039589,3.062282911,0.735254058,-1.225798468,-0.330702259,-21.82328682,71.7337944,52.03779373,-50.8206253,-50.46778564,75.44367141,17.24691124,1,1
173.8694689,12,1571923007,AUT,FALSE,TRUE,TRUE,720.7153081,-22.85617022,141.0756749,-179.7923627,-0.267676522,179.8027355,0.467242296,8.918039589,3.062282911,0.637848077,0.761623537,-0.917068141,-21.82328682,71.7337944,52.03779373,-50.8206253,-50.46778564,75.44367141,17.24691124,1,1
173.9700298,12,1571923008,AUT,FALSE,TRUE,TRUE,719.6326783,23.05794983,139.6558588,-179.8127539,-0.138374465,179.7156331,-9.221742618,6.853855776,2.527563859,0.031665998,2.020035851,-0.645270135,-18.49683952,71.62599449,52.06785164,-51.40282516,-50.47353149,74.99658279,21.08855553,1,1
174.070621,12,1571923008,AUT,FALSE,TRUE,TRUE,719.6326783,23.05794983,139.6558588,-179.8127539,-0.138374465,179.7156331,-9.221742618,6.853855776,2.527563859,0.031665998,2.020035851,-0.645270135,-18.49683952,71.62599449,52.06785164,-51.40282516,-50.47353149,74.99658279,21.08855553,1,1
174.1713438,12,1571923008,AUT,FALSE,TRUE,TRUE,720.2728745,60.14078443,141.3210365,-179.9743064,-0.055067481,179.9432887,-3.180693904,-0.623403316,-0.940131264,-0.684409252,0.543494365,0.033503732,-15.13706588,71.75301704,51.92755623,-50.63962898,-50.52091552,75.29539375,23.91840363,1,1
174.2720799,12,1571923008,AUT,FALSE,TRUE,TRUE,722.4269171,78.11015362,148.1076644,179.9812515,-0.230283818,-179.8530783,5.564560097,-3.563760702,-0.218239092,-1.123483647,-0.46930001,0.06555032,-12.89736557,71.75482292,51.84688224,-48.98379707,-50.271026,76.57389679,24.80039291,1,1
174.3725998,12,1571923008,AUT,FALSE,TRUE,TRUE,722.4269171,78.11015362,148.1076644,179.9812515,-0.230283818,-179.8530783,5.564560097,-3.563760702,-0.218239092,-1.123483647,-0.46930001,0.06555032,-12.89736557,71.75482292,51.84688224,-48.98379707,-50.271026,76.57389679,24.80039291,1,1
174.473145,12,1571923008,AUT,FALSE,TRUE,TRUE,721.2499729,83.19226005,150.9719207,-179.9368879,-0.616049747,-179.8427329,10.48813197,1.57528097,2.502302701,0.026899547,0.109580312,-0.336630004,-12.27676163,71.63447113,51.81567078,-48.54937363,-49.95535034,77.23672943,24.91337013,1,1
174.573632,12,1571923008,AUT,FALSE,TRUE,TRUE,721.2499729,83.19226005,150.9719207,-179.9368879,-0.616049747,-179.8427329,10.48813197,1.57528097,2.502302701,0.026899547,0.109580312,-0.336630004,-12.27676163,71.63447113,51.81567078,-48.54937363,-49.95535034,77.23672943,24.91337013,1,1
174.6741168,12,1571923008,AUT,FALSE,TRUE,TRUE,710.1948278,91.00147879,145.8411247,-179.9316271,-1.041641765,-179.8485154,14.45224835,0.002199601,0.785992037,0.026899547,0.109580312,-0.336630004,-12.66258087,71.03639603,51.85392723,-51.38604698,-49.91009216,76.26691818,26.65614509,1,1
174.774668,12,1571923008,AUT,FALSE,TRUE,TRUE,710.1948278,91.00147879,145.8411247,-179.9316271,-1.041641765,-179.8485154,14.45224835,0.002199601,0.785992037,0.291458503,0.281377014,-7.76E-05,-12.66258087,71.03639603,51.85392723,-51.38604698,-49.91009216,76.26691818,26.65614509,1,1
174.875201,12,1571923008,AUT,FALSE,TRUE,TRUE,675.0101165,103.9824296,135.5873158,179.9759526,-1.087472301,-179.6908594,10.7512891,0.91375568,-0.151954369,0.197030756,0.996278875,0.27236288,-14.74504966,68.29983558,51.76367111,-61.06253013,-50.1311206,72.13286934,31.91897735,1,1
174.9756949,12,1571923009,AUT,FALSE,TRUE,TRUE,675.0101165,103.9824296,135.5873158,179.9759526,-1.087472301,-179.6908594,10.7512891,0.91375568,-0.151954369,0.197030756,0.996278875,0.27236288,-14.74504966,68.29983558,51.76367111,-61.06253013,-50.1311206,72.13286934,31.91897735,1,1
175.0762339,12,1571923009,AUT,FALSE,TRUE,TRUE,643.0740007,102.9151475,131.8426131,-179.9766055,-0.77341273,-179.7100055,-3.182517442,3.084744655,-0.639978406,0.231270153,1.722598403,-0.182021499,-17.44441452,65.25409927,51.69773598,-69.76437836,-50.25693603,68.19630318,35.36015281,1,1
175.1767519,12,1571923009,AUT,FALSE,TRUE,TRUE,643.0740007,102.9151475,131.8426131,-179.9766055,-0.77341273,-179.7100055,-3.182517442,3.084744655,-0.639978406,0.231270153,1.722598403,-0.182021499,-17.44441452,65.25409927,51.69773598,-69.76437836,-50.25693603,68.19630318,35.36015281,1,1
175.277266,12,1571923009,AUT,FALSE,TRUE,TRUE,609.7049121,95.26902162,138.88021,-179.8966119,-0.256409134,-179.7979196,-13.5182337,8.925082571,2.972088928,0.965187063,2.569267531,-0.678052561,-20.70850067,61.59279213,52.11508598,-77.80977287,-50.09829345,65.02739983,37.92403907,1,1
175.3778598,12,1571923009,AUT,FALSE,TRUE,TRUE,609.7049121,95.26902162,138.88021,-179.8966119,-0.256409134,-179.7979196,-13.5182337,8.925082571,2.972088928,0.965187063,2.569267531,-0.678052561,-20.70850067,61.59279213,52.11508598,-77.80977287,-50.09829345,65.02739983,37.92403907,1,1
175.4783969,12,1571923009,AUT,FALSE,TRUE,TRUE,602.3304971,93.23324299,144.6409692,-179.8442533,-0.114538266,-179.9227775,-13.39024207,11.53760373,6.744997136,1.230329415,2.720572415,-0.928802827,-22.04969101,59.79084892,52.50890807,-80.48310699,-49.60724304,64.32425423,38.17497368,1,1
175.5788748,12,1571923009,AUT,FALSE,TRUE,TRUE,601.6596736,100.6424788,142.7456644,-179.681447,-0.226297412,179.785451,-6.249832478,13.31567525,7.71503092,0.867517042,1.892434638,-1.487729676,-21.48209609,60.02121162,52.54970512,-80.36207199,-49.51742431,64.22089691,38.51466064,1,1
175.6793768,12,1571923009,AUT,FALSE,TRUE,TRUE,601.6596736,100.6424788,142.7456644,-179.681447,-0.226297412,179.785451,-6.249832478,13.31567525,7.71503092,0.867517042,1.892434638,-1.487729676,-21.48209609,60.02121162,52.54970512,-80.36207199,-49.51742431,64.22089691,38.51466064,1,1
175.7799978,12,1571923009,AUT,FALSE,TRUE,TRUE,599.8356337,125.0080968,135.3067069,-179.659914,-0.134984666,179.5304987,-5.755476182,15.2489419,1.968273819,0.723581177,1.3670198,-1.593268395,-19.35147972,61.03099594,52.65633087,-79.9786766,-50.23404052,63.80434341,40.84631996,1,1
175.8809309,12,1571923009,AUT,FALSE,TRUE,TRUE,599.8356337,125.0080968,135.3067069,-179.659914,-0.134984666,179.5304987,-5.755476182,15.2489419,1.968273819,0.723581177,1.3670198,-1.593268395,-15.23903618,62.18763656,53.09041443,-78.27170677,-51.01346557,64.43629074,44.32748222,1,1
175.981787,12,1571923010,AUT,FALSE,TRUE,TRUE,599.0229668,167.0971263,134.2178773,-179.7284336,0.060574993,179.4879588,-10.05233851,8.74762902,0.554216864,-0.474362407,1.689104375,-1.042324565,-15.23903618,62.18763656,53.09041443,-78.27170677,-51.01346557,64.43629074,44.32748222,1,1
176.0825088,12,1571923010,AUT,FALSE,TRUE,TRUE,605.3028182,222.2675726,142.6816917,-179.8224115,-0.010569497,179.6325511,-2.820660621,9.962967069,4.363786727,-0.899531913,1.612368026,-0.83191988,-8.63482475,63.61971473,53.2004837,-72.81695366,-50.65182861,67.30037498,47.10092926,1,1
176.1830249,12,1571923010,AUT,FALSE,TRUE,TRUE,605.3028182,222.2675726,142.6816917,-179.8224115,-0.010569497,179.6325511,-2.820660621,9.962967069,4.363786727,-0.899531913,1.612368026,-0.83191988,-8.63482475,63.61971473,53.2004837,-72.81695366,-50.65182861,67.30037498,47.10092926,1,1
176.283603,12,1571923010,AUT,FALSE,TRUE,TRUE,613.1077744,260.4528091,141.5995528,179.8303802,-0.09915196,-179.8006788,3.877699181,-4.298818024,1.611626087,-0.664259299,0.208863852,0.521379629,-2.962174988,65.60447388,52.31417884,-67.06435089,-50.41441955,69.59184494,48.39805755,1,1
176.3841519,12,1571923010,AUT,FALSE,TRUE,TRUE,613.1077744,260.4528091,141.5995528,179.8303802,-0.09915196,-179.8006788,3.877699181,-4.298818024,1.611626087,-0.664259299,0.208863852,0.521379629,-1.427045056,66.54111328,51.70382995,-64.66777611,-50.13627319,70.33242988,47.82583465,1,1
176.4846778,12,1571923010,AUT,FALSE,TRUE,TRUE,619.2200337,267.137982,138.9827732,179.8257545,-0.261540975,-179.6293235,9.01168504,-10.46335454,-0.828765435,-1.794457333,-0.500475749,0.753000387,-1.427045056,66.54111328,51.70382995,-64.66777611,-50.13627319,70.33242988,47.82583465,1,1
176.5852818,12,1571923010,AUT,FALSE,TRUE,TRUE,619.2200337,267.137982,138.9827732,179.8257545,-0.261540975,-179.6293235,9.01168504,-10.46335454,-0.828765435,-1.794457333,-0.500475749,0.753000387,-1.342659756,66.98341598,51.64793014,-64.56642036,-50.05768798,70.36687202,47.66869926,1,1
176.6859088,12,1571923010,AUT,FALSE,TRUE,TRUE,617.4224054,267.7413089,133.6173261,179.9506952,-0.737095791,-179.6574458,12.16654141,-0.40822475,-0.194231819,-0.252477869,0.356992203,0.357288892,-1.342659756,66.98341598,51.64793014,-64.56642036,-50.05768798,70.36687202,47.66869926,1,1
176.786432,12,1571923010,AUT,FALSE,TRUE,TRUE,600.3893209,269.2435621,130.5623501,179.9647455,-0.901171042,-179.5923265,12.42391839,2.013444586,0.10467834,0.43513827,0.51301401,0.473075775,-2.00158195,66.02269592,51.79065971,-68.19911156,-50.24994873,68.920261,49.7659687,1,1
176.8870108,12,1571923010,AUT,FALSE,TRUE,TRUE,575.990482,271.7836846,127.6283429,179.9522434,-0.967821352,-179.5877552,10.4624906,1.321892183,1.114981519,0.08689372,1.015294007,0.452530907,-2.766481013,64.28668098,51.82357063,-73.30841331,-50.31162048,66.76268005,52.69198837,1,1
176.987576,12,1571923011,AUT,FALSE,TRUE,TRUE,545.1356998,273.100169,124.8578556,179.9856201,-0.832047203,-179.5708088,4.630074871,2.112418458,-0.724646272,0.08689372,1.015294007,0.452530907,-3.669581219,61.97600555,51.86495132,-79.67451324,-50.56021911,63.91873512,56.33080444,1,1
177.0881219,12,1571923011,AUT,FALSE,TRUE,TRUE,545.1356998,273.100169,124.8578556,179.9856201,-0.832047203,-179.5708088,4.630074871,2.112418458,-0.724646272,0.150595272,1.110920916,0.321181694,-3.669581219,61.97600555,51.86495132,-79.67451324,-50.56021911,63.91873512,56.33080444,1,1
177.1887498,12,1571923011,AUT,FALSE,TRUE,TRUE,514.9292107,272.2655103,125.3647297,-179.9796346,-0.645421073,-179.5963707,-0.765017604,7.247788019,0.236235621,0.978460122,1.497924263,-0.051145806,-4.588961788,59.40758399,52.07251396,-85.73343201,-50.72156982,61.32669639,59.70189399,1,1
177.289315,12,1571923011,AUT,FALSE,TRUE,TRUE,490.3534948,270.4793564,127.1035642,-179.9452466,-0.414074252,-179.6715902,-7.377017112,8.041967602,4.713321606,0.685710428,2.521477479,-0.331779433,-5.306719206,57.12479324,52.28035469,-90.58858223,-50.71931762,59.19487838,62.26996536,1,1
183.7903578,13,1571923017,AUT,FALSE,FALSE,TRUE,471.9512797,-400.0103238,169.9455877,-179.9948617,-0.011522564,179.999942,-2.621920136,-0.498926712,-0.721095927,-0.218221875,0.604715294,0.080813683,-70.35535697,58.00913086,52.36390571,-78.17991943,-47.08012939,66.53215599,-12.67869988,0.5,1
183.891434,13,1571923017,AUT,FALSE,TRUE,TRUE,471.0725927,-399.9088139,167.2119984,-179.9395263,-0.261430023,179.9188645,0.355871302,-1.128064855,7.110708365,-0.492364476,0.849624596,-0.098977245,-70.31899566,58.22970886,52.29119339,-78.18113136,-47.2209082,66.61012115,-12.67845269,1,1
183.992095,13,1571923018,AUT,FALSE,TRUE,TRUE,470.4809471,-402.0476416,156.8284328,-179.9390371,-0.187761208,179.9176885,-0.197351564,0.011060282,5.583667421,-0.56589913,0.76666048,-0.236255691,-70.24411011,59.03566933,51.76138801,-78.18129616,-47.695177,65.72533722,-12.67947236,1,1
184.092603,13,1571923018,AUT,FALSE,TRUE,TRUE,470.4809471,-402.0476416,156.8284328,-179.9390371,-0.187761208,179.9176885,-0.197351564,0.011060282,5.583667421,-0.56589913,0.76666048,-0.236255691,-70.24411011,59.03566933,51.76138801,-78.18129616,-47.695177,65.72533722,-12.67947236,1,1
184.1931229,13,1571923018,AUT,FALSE,TRUE,TRUE,470.8811789,-403.2643981,140.6440756,-179.8830386,-0.030018868,179.8219705,0.236215308,1.48916727,1.462438137,-0.605517976,0.142270717,-0.62974993,-70.09510116,60.48615989,51.23375587,-78.16972618,-48.63377197,64.43297424,-12.44910622,1,1
184.2936058,13,1571923018,AUT,FALSE,TRUE,TRUE,470.8811789,-403.2643981,140.6440756,-179.8830386,-0.030018868,179.8219705,0.236215308,1.48916727,1.462438137,-0.605517976,0.142270717,-0.62974993,-70.09510116,60.48615989,51.23375587,-78.16972618,-48.63377197,64.43297424,-12.44910622,1,1
184.3941739,13,1571923018,AUT,FALSE,TRUE,TRUE,472.6313551,-401.8230216,130.0875053,-179.8632693,0.010330342,179.8155422,0.691593215,0.743083209,-0.282656399,-0.609634664,0.007395374,-0.566704529,-69.87634277,61.66898231,51.226371,-78.16628608,-49.71240417,63.79299316,-11.79873963,1,1
184.4947329,13,1571923018,AUT,FALSE,TRUE,TRUE,472.6313551,-401.8230216,130.0875053,-179.8632693,0.010330342,179.8155422,0.691593215,0.743083209,-0.282656399,-0.609634664,0.007395374,-0.566704529,-69.87634277,61.66898231,51.226371,-78.16628608,-49.71240417,63.79299316,-11.79873963,1,1
184.5952208,13,1571923018,AUT,FALSE,TRUE,TRUE,477.0211595,-401.0772341,131.5983793,-179.9224487,0.225879133,179.928683,-7.844569549,0.161407524,2.670367105,-0.15798433,0.843823469,-0.213093312,-69.56298866,61.81785049,51.40001678,-77.77228546,-49.86252685,63.88257637,-11.53781433,1,1
184.69575,13,1571923018,AUT,FALSE,TRUE,TRUE,492.7254364,-397.3184871,134.2303241,-179.9805513,0.508573378,-179.9576595,-15.34834927,-5.485086359,5.467220542,-0.713020009,1.543777245,0.01146874,-67.88340225,62.3897438,51.53524818,-75.82723846,-49.85406188,64.61835823,-11.01561356,1,1
184.7962718,13,1571923018,AUT,FALSE,TRUE,TRUE,492.7254364,-397.3184871,134.2303241,-179.9805513,0.508573378,-179.9576595,-15.34834927,-5.485086359,5.467220542,-0.713020009,1.543777245,0.01146874,-67.88340225,62.3897438,51.53524818,-75.82723846,-49.85406188,64.61835823,-11.01561356,1,1
184.896796,13,1571923018,AUT,FALSE,TRUE,TRUE,513.6335635,-395.5483577,134.1660163,179.9335524,0.576213547,-179.8698621,-15.56538093,-5.301149719,6.198450074,-0.70479166,1.727854543,0.102034406,-65.3278038,63.76743965,51.35396347,-72.33611641,-49.86138977,65.86328773,-10.84121933,1,1
184.9973328,13,1571923019,AUT,FALSE,TRUE,TRUE,541.7289651,-396.5278386,132.2468804,179.9970351,0.584059266,-179.8465493,-12.957682,-1.589458737,5.241201375,-0.02027579,1.716470012,-0.017930126,-61.68942718,66.05516739,50.98973579,-66.66256027,-49.861604,67.84037361,-11.50127449,1,1
185.0978799,13,1571923019,AUT,FALSE,TRUE,TRUE,571.7082313,-396.9188989,129.8345161,-179.9108406,0.395900514,-179.9826915,-0.111688781,-1.437719216,2.214044306,-0.192999369,0.022647091,-0.350328287,-57.64223213,68.91784744,50.80007744,-59.66253891,-49.87488098,70.49975509,-12.64049836,1,1
185.1983669,13,1571923019,AUT,FALSE,TRUE,TRUE,571.7082313,-396.9188989,129.8345161,-179.9108406,0.395900514,-179.9826915,-0.111688781,-1.437719216,2.214044306,-0.192999369,0.022647091,-0.350328287,-57.64223213,68.91784744,50.80007744,-59.66253891,-49.87488098,70.49975509,-12.64049836,1,1
185.298939,13,1571923019,AUT,FALSE,TRUE,TRUE,597.3669302,-399.0824097,130.8536664,-179.8889111,-0.033117679,-179.9914033,14.87180948,2.926733071,-1.908622135,0.342940083,-1.201703978,-0.658686871,-53.80288811,71.50261116,50.64303474,-52.43848571,-49.88648803,73.61029701,-14.18422165,1,1
185.399473,13,1571923019,AUT,FALSE,TRUE,TRUE,597.3669302,-399.0824097,130.8536664,-179.8889111,-0.033117679,-179.9914033,14.87180948,2.926733071,-1.908622135,0.342940083,-1.201703978,-0.658686871,-51.95996932,72.84127464,50.51870384,-48.11772079,-49.7600299,75.56945457,-15.72051201,1,1
185.5002339,13,1571923019,AUT,FALSE,TRUE,TRUE,607.1001522,-404.1586065,133.6516218,-179.7260206,-0.421319325,179.8993481,21.15943081,8.7990215,-1.042193946,1.125749237,-2.229690841,-1.334123029,-51.95996932,72.84127464,50.51870384,-48.11772079,-49.7600299,75.56945457,-15.72051201,1,1
185.601372,13,1571923019,AUT,FALSE,TRUE,TRUE,608.9464395,-404.278446,134.270992,-179.5577598,-0.543632752,179.6312108,8.637912447,11.10049658,1.133538067,0.832719396,0.320643125,-2.01300012,-51.5433403,73.22049866,50.66082573,-46.96586265,-49.63498901,76.34097976,-16.34142151,1,1
185.7020738,13,1571923019,AUT,FALSE,TRUE,TRUE,609.8666069,-388.6483267,133.0106844,-179.528975,-0.490474526,179.4700868,5.931021071,13.01627153,0.931729176,0.832719396,0.320643125,-2.01300012,-51.57322998,72.47185936,50.85631027,-49.53733291,-49.63462097,75.39782753,-14.39931336,1,1
185.802665,13,1571923019,AUT,FALSE,TRUE,TRUE,609.8666069,-388.6483267,133.0106844,-179.528975,-0.490474526,179.4700868,5.931021071,13.01627153,0.931729176,0.97805248,0.566862756,-2.156645342,-51.57322998,72.47185936,50.85631027,-49.53733291,-49.63462097,75.39782753,-14.39931336,1,1
185.903168,13,1571923019,AUT,FALSE,TRUE,TRUE,611.1825926,-360.3637311,131.6673756,-179.5621967,-0.438355348,179.3334325,6.121405958,13.27526119,0.069852957,0.911821444,0.34904106,-1.882262953,-51.39974556,71.11347198,51.14326629,-53.89550285,-49.71242065,73.77574424,-10.81800041,1,1
186.003691,13,1571923020,AUT,FALSE,TRUE,TRUE,611.1894023,-309.9196921,131.7149345,-179.6625151,-0.369146218,179.2820938,0.954906818,8.5931485,-1.553498914,0.24724576,0.458017238,-1.278457136,-50.7308464,68.68670883,51.66835098,-60.97368507,-49.9494342,71.22948074,-4.63252945,1,1
186.104188,13,1571923020,AUT,FALSE,TRUE,TRUE,611.1894023,-309.9196921,131.7149345,-179.6625151,-0.369146218,179.2820938,0.954906818,8.5931485,-1.553498914,0.24724576,0.458017238,-1.278457136,-50.7308464,68.68670883,51.66835098,-60.97368507,-49.9494342,71.22948074,-4.63252945,1,1
186.2047229,13,1571923020,AUT,FALSE,TRUE,TRUE,608.3599486,-253.4692505,133.505655,-179.7771463,-0.267650967,179.3573855,-5.685024106,6.107550521,2.044799379,-0.051053507,1.742975972,-0.744137236,-49.27508583,65.87090263,52.12827301,-68.34392166,-50.10487426,68.54598083,2.522175975,1,1
186.305254,13,1571923020,AUT,FALSE,TRUE,TRUE,604.8465459,-203.0486981,135.6191754,-179.8838668,-0.218099571,179.4841789,-8.313636202,4.760610078,3.156843047,-0.061185384,2.014703283,-0.48433434,-47.25241356,63.62572631,52.39755821,-73.66365966,-50.11743713,66.59567756,8.554621119,1,1
186.4057858,13,1571923020,AUT,FALSE,TRUE,TRUE,602.6651442,-155.3259232,135.9390652,-179.9150299,-0.1196906,179.5683005,-9.113679295,4.741774815,3.546088953,0.040120523,2.146565358,-0.321590159,-44.60190353,62.02875709,52.47239227,-77.47403755,-50.11316894,64.96822814,14.00755463,1,1
186.5062878,13,1571923020,AUT,FALSE,TRUE,TRUE,602.6651442,-155.3259232,135.9390652,-179.9150299,-0.1196906,179.5683005,-9.113679295,4.741774815,3.546088953,0.040120523,2.146565358,-0.321590159,-44.60190353,62.02875709,52.47239227,-77.47403755,-50.11316894,64.96822814,14.00755463,1,1
186.6068089,13,1571923020,AUT,FALSE,TRUE,TRUE,602.2970805,-112.3942612,135.1076997,-179.9128078,-0.182805788,179.6195048,-6.378317129,2.517359524,3.761353913,-0.608807206,1.908495848,-0.304831292,-41.43500862,61.12442093,52.45242805,-79.71172599,-50.11382812,64.01171722,18.68582839,1,1
186.707376,13,1571923020,AUT,FALSE,TRUE,TRUE,604.0308857,-77.84724386,134.525432,-179.9656461,-0.222384006,179.8166909,-3.889914374,-0.885848291,1.420933967,-0.721757235,1.79313239,-0.075289697,-38.3180912,60.71192207,52.26437988,-80.57150573,-50.11899719,63.60628051,22.27988548,1,1
186.8080039,13,1571923020,AUT,FALSE,TRUE,TRUE,606.9768252,-54.38904083,134.7560843,179.9731479,-0.225222637,179.9743539,2.336871469,-3.604112858,1.128831343,-1.24846612,0.526000235,-0.024370685,-35.86658821,60.57675934,52.00712814,-80.51324386,-50.01643432,63.58102912,24.56988258,1,1
186.9085209,13,1571923020,AUT,FALSE,TRUE,TRUE,606.9768252,-54.38904083,134.7560843,179.9731479,-0.225222637,179.9743539,2.336871469,-3.604112858,1.128831343,-1.24846612,0.526000235,-0.024370685,-35.86658821,60.57675934,52.00712814,-80.51324386,-50.01643432,63.58102912,24.56988258,1,1
187.0090179,13,1571923021,AUT,FALSE,TRUE,TRUE,609.3297107,-43.44153724,134.1119155,179.9346361,-0.137224919,-179.776406,-1.126825931,-4.479490038,2.843555034,-0.78906858,0.90739636,0.217909611,-34.38793831,60.53379249,51.59862213,-80.27621383,-49.96249694,63.49210853,25.62574768,1,1
187.1095169,13,1571923021,AUT,FALSE,TRUE,TRUE,615.8373418,-44.21074976,132.8011993,179.8645043,0.225392299,-179.7210962,-12.83246965,-0.713222046,4.289152809,-0.135121073,1.75587742,0.338426838,-33.74810143,60.8722126,51.07853966,-79.19321251,-49.86186767,63.33397751,25.27592926,1,1
187.210264,13,1571923021,AUT,FALSE,TRUE,TRUE,630.3922294,-51.11223901,132.134839,-179.9866475,0.424712136,-179.8089558,-15.97438901,2.337657893,4.325249816,-0.070924783,1.819374472,-0.226528043,-33.07377777,62.17384186,50.79206085,-76.01547546,-49.77359802,64.26510314,23.42584877,1,1
187.3111689,13,1571923021,AUT,FALSE,TRUE,TRUE,630.3922294,-51.11223901,132.134839,-179.9866475,0.424712136,-179.8089558,-15.97438901,2.337657893,4.325249816,-0.070924783,1.819374472,-0.226528043,-33.07377777,62.17384186,50.79206085,-76.01547546,-49.77359802,64.26510314,23.42584877,1,1
187.4119959,13,1571923021,AUT,FALSE,TRUE,TRUE,657.829845,-57.85345297,134.0255138,-179.9255896,0.45387728,-179.9744957,-10.5833325,6.717079071,0.834773434,0.848843066,1.307717545,-0.400569578,-31.75821648,64.22782859,50.89526024,-70.86676025,-49.76941223,67.06630783,20.5894638,1,1
187.5125978,13,1571923021,AUT,FALSE,TRUE,TRUE,680.8689885,-59.0047232,136.4376522,-179.9683325,0.244318428,-179.9313036,-2.768132001,6.198256723,3.224882958,1.039066673,0.559166794,-0.283530027,-28.96002273,67.14568748,51.00999527,-62.98181763,-49.78797363,69.88958129,18.50593071,1,1
187.6130879,13,1571923021,AUT,FALSE,TRUE,TRUE,698.5601154,-56.84249352,135.2955013,-179.9593061,0.00253373,-179.9218117,6.206068378,2.381142773,0.761685874,0.603706206,-0.371797869,-0.162356985,-26.6656311,69.21206131,50.86505813,-57.70215911,-49.78681457,72.01321106,16.92153739,1,1
187.713588,13,1571923021,AUT,FALSE,TRUE,TRUE,698.5601154,-56.84249352,135.2955013,-179.9593061,0.00253373,-179.9218117,6.206068378,2.381142773,0.761685874,0.603706206,-0.371797869,-0.162356985,-26.6656311,69.21206131,50.86505813,-57.70215911,-49.78681457,72.01321106,16.92153739,1,1
187.8141139,13,1571923021,AUT,FALSE,TRUE,TRUE,710.1474952,-53.37241433,130.6247554,-179.9826977,-0.212170985,-179.9123004,10.73895206,1.177407215,1.445675543,-0.240037857,-0.919191865,-0.177143082,-24.8462265,70.89254723,50.58701477,-54.00516701,-49.82964477,73.17844848,15.99046669,1,1
187.9145908,13,1571923021,AUT,FALSE,TRUE,TRUE,717.7338514,-42.09107058,128.8111253,-179.7988285,-0.16615617,179.8530283,4.494051377,11.14837646,-3.219125221,1.143872593,-0.458694922,-0.741453452,-23.56190071,71.95806313,50.72064972,-51.79364319,-49.91101501,73.78437194,15.89944152,1,1
188.015115,13,1571923022,AUT,FALSE,TRUE,TRUE,717.7338514,-42.09107058,128.8111253,-179.7988285,-0.16615617,179.8530283,4.494051377,11.14837646,-3.219125221,1.143872593,-0.458694922,-0.741453452,-23.56190071,71.95806313,50.72064972,-51.79364319,-49.91101501,73.78437194,15.89944152,1,1
188.115634,13,1571923022,AUT,FALSE,TRUE,TRUE,719.378316,-21.42052043,132.8650546,-179.7486674,-0.191591842,179.7163314,0.584740429,10.15584656,0.946059895,0.541149329,0.236261403,-1.090917759,-21.65017662,71.86879578,51.09950294,-51.46779213,-49.90997131,74.26243515,17.33880501,1,1
188.2161129,13,1571923022,AUT,FALSE,TRUE,TRUE,718.4218443,11.03618914,134.7286642,-179.6984569,-0.222409222,179.6382015,-6.54420189,8.70963753,3.901871188,0.360543528,1.810188566,-1.056382423,-19.33074989,71.64241905,51.30979499,-51.81891861,-49.89830932,74.3192276,19.95745124,1,1
188.3166399,13,1571923022,AUT,FALSE,TRUE,TRUE,717.0164196,49.97881267,134.6949594,-179.8438315,-0.153686612,179.6516954,-7.026732953,8.063042714,2.385631832,0.089021026,1.613557779,-0.701113057,-16.26017418,71.61394043,51.2792736,-51.86911239,-49.90075927,74.20977287,23.22958145,1,1
188.417161,13,1571923022,AUT,FALSE,TRUE,TRUE,716.0630194,82.65637631,135.6354153,179.94196,-0.082417472,-179.9799945,-3.82630207,-0.045668501,1.529495268,0.089021026,1.613557779,-0.701113057,-13.19629669,71.65141754,50.97334213,-51.27281227,-49.9048352,74.44048919,25.95200043,1,1
188.517663,13,1571923022,AUT,FALSE,TRUE,TRUE,716.0630194,82.65637631,135.6354153,179.94196,-0.082417472,-179.9799945,-3.82630207,-0.045668501,1.529495268,-0.189669241,0.831934603,0.303143829,-13.19629669,71.65141754,50.97334213,-51.27281227,-49.9048352,74.44048919,25.95200043,1,1
188.6182139,13,1571923022,AUT,FALSE,TRUE,TRUE,717.694314,96.55836445,138.6491558,179.7888883,-0.217293508,-179.6447175,4.126874841,-8.880123734,0.104260096,-0.949080885,-0.063141431,0.780437924,-11.27728043,71.76147994,50.52199287,-49.90181121,-49.61359313,75.26415138,26.6850254,1,1
188.7187309,13,1571923022,AUT,FALSE,TRUE,TRUE,717.4226872,96.00361451,141.3515136,179.9167662,-0.748343287,-179.6410502,19.01988274,-3.278732913,1.719948342,-0.413924207,-0.993860617,0.508607845,-11.01701431,71.7273674,50.38728676,-49.24013214,-49.13656677,76.09779053,26.17027473,1,1
188.8192329,13,1571923022,AUT,FALSE,TRUE,TRUE,709.2416886,96.14027514,139.7778244,-179.9668683,-1.107850154,-179.6884895,21.08436948,-2.791170695,-0.248812374,-0.107185682,-0.372857195,0.125632837,-11.76361771,71.10230369,50.50967445,-51.40891571,-49.04266662,75.5522026,26.89653625,1,1
188.91978,13,1571923022,AUT,FALSE,TRUE,TRUE,709.2416886,96.14027514,139.7778244,-179.9668683,-1.107850154,-179.6884895,21.08436948,-2.791170695,-0.248812374,-0.107185682,-0.372857195,0.125632837,-11.76361771,71.10230369,50.50967445,-51.40891571,-49.04266662,75.5522026,26.89653625,1,1
189.0206649,13,1571923023,AUT,FALSE,TRUE,TRUE,693.0292826,98.38822005,136.2582895,179.9744456,-1.201099253,-179.6645982,19.86669222,1.183830025,0.974422023,0.492161586,0.167438419,0.207776126,-13.18883972,69.61103668,50.53358345,-56.25920104,-49.05484497,73.62408828,29.08676376,1,1
189.1211848,13,1571923023,AUT,FALSE,TRUE,TRUE,658.2126502,102.1043884,130.1009359,-179.9795667,-1.043677488,-179.6529235,7.272139374,1.153417188,-0.582496394,0.407917036,1.058370169,0.252678682,-15.93656845,66.43914642,50.5557209,-65.9377922,-49.24668823,69.43400573,33.26824951,1,1
189.221982,13,1571923023,AUT,FALSE,TRUE,TRUE,630.1859404,101.6182041,128.8275257,-179.9320298,-0.544125675,-179.7809969,-7.515088608,8.087583873,0.143253425,0.407917036,1.058370169,0.252678682,-18.27307205,63.60595092,50.63077812,-73.37928543,-49.4432611,65.91305236,36.19474296,1,1
189.3226569,13,1571923023,AUT,FALSE,TRUE,TRUE,630.1859404,101.6182041,128.8275257,-179.9320298,-0.544125675,-179.7809969,-7.515088608,8.087583873,0.143253425,0.906854639,2.074567661,-0.321459076,-18.27307205,63.60595092,50.63077812,-73.37928543,-49.4432611,65.91305236,36.19474296,1,1
189.4231398,13,1571923023,AUT,FALSE,TRUE,TRUE,609.405699,100.6062016,137.3571415,-179.8372686,-0.095955813,-179.8939869,-18.16566204,11.42928961,2.455378734,1.112719893,2.850845195,-0.812038277,-19.93633346,61.20624504,51.05145836,-78.02745323,-49.37103698,64.16259384,37.80269508,1,1
189.5236728,13,1571923023,AUT,FALSE,TRUE,TRUE,605.8087087,102.1972419,144.5571103,-179.8531231,-0.040270851,-179.9559081,-18.16566204,11.42928961,2.455378734,1.112719893,2.850845195,-0.812038277,-20.51359634,59.75714836,51.55520897,-79.49895515,-48.77988464,64.18707962,38.21458282,1,1
189.6241829,13,1571923023,AUT,FALSE,TRUE,TRUE,605.8087087,102.1972419,144.5571103,-179.8531231,-0.040270851,-179.9559081,-14.75270815,10.10683995,7.464408835,0.676733627,1.998501256,-0.965635909,-20.51359634,59.75714836,51.55520897,-79.49895515,-48.77988464,64.18707962,38.21458282,1,1
189.7247128,13,1571923023,AUT,FALSE,TRUE,TRUE,605.9143443,114.857784,141.8125597,-179.6894054,-0.178406793,179.7112491,-6.010591397,12.12045886,7.543945611,0.386419656,1.75804466,-1.438978027,-19.36574478,60.2588047,51.59557343,-78.93412056,-48.7057434,64.23379554,38.85339661,1,1
189.825294,13,1571923023,AUT,FALSE,TRUE,TRUE,605.2529577,135.9126568,134.9124155,-179.6212106,-0.123899021,179.5486094,-6.076060331,15.54859742,4.415900655,0.71501489,1.728213139,-1.414009673,-17.33020477,61.30350838,51.64042854,-78.26768646,-49.37360229,63.9843235,40.72990951,1,1
189.9258828,13,1571923023,AUT,FALSE,TRUE,TRUE,605.2529577,135.9126568,134.9124155,-179.6212106,-0.123899021,179.5486094,-6.076060331,15.54859742,4.415900655,0.71501489,1.728213139,-1.414009673,-17.33020477,61.30350838,51.64042854,-78.26768646,-49.37360229,63.9843235,40.72990951,1,1
190.026386,13,1571923024,AUT,FALSE,TRUE,TRUE,604.9037572,176.0327772,130.5256449,-179.742919,0.024165345,179.5231759,-8.471646966,16.45951776,1.550177606,1.053257463,1.590081493,-1.028934201,-14.13448448,62.45181313,51.78190155,-76.81761474,-50.06379638,64.27608948,43.43103904,1,1
190.126945,13,1571923024,AUT,FALSE,TRUE,TRUE,609.8710829,212.9852115,133.9873832,-179.9220064,0.055478247,179.7714023,-8.471646966,16.45951776,1.550177606,1.053257463,1.590081493,-1.028934201,-8.679353713,63.95972786,51.79839821,-72.47421798,-50.19067199,66.38443108,46.07155494,1,1
190.2275069,13,1571923024,AUT,FALSE,TRUE,TRUE,609.8710829,212.9852115,133.9873832,-179.9220064,0.055478247,179.7714023,-4.698426758,9.076957998,-1.080719381,0.21079873,0.851655092,-0.217047867,-8.679353713,63.95972786,51.79839821,-72.47421798,-50.19067199,66.38443108,46.07155494,1,1
190.3280618,13,1571923024,AUT,FALSE,TRUE,TRUE,617.6465885,244.5943521,140.1993703,179.9725269,-0.15794645,-179.9542755,4.699479726,-2.133673782,1.825087629,-0.960803372,0.253326159,-0.019876354,-4.331881712,65.235886,51.55301513,-67.55112762,-49.63911437,68.93255195,46.66855888,1,1
190.4286418,13,1571923024,AUT,FALSE,TRUE,TRUE,621.1314099,257.8184529,141.1545654,179.9247745,-0.303854404,-179.7538933,7.86499563,-8.143562632,0.943409739,-0.960803372,0.253326159,-0.019876354,-2.328298181,65.98517074,51.29162292,-65.144878,-49.41752014,70.05718803,46.78019714,1,1
190.5292139,13,1571923024,AUT,FALSE,TRUE,TRUE,621.1314099,257.8184529,141.1545654,179.9247745,-0.303854404,-179.7538933,7.86499563,-8.143562632,0.943409739,-1.703471354,-0.110780921,0.298470107,-2.328298181,65.98517074,51.29162292,-65.144878,-49.41752014,70.05718803,46.78019714,1,1
190.629792,13,1571923024,AUT,FALSE,TRUE,TRUE,620.1505797,260.8360547,138.406646,179.962112,-0.59548162,-179.5841089,11.89730812,-4.75370015,1.126464403,-1.021932471,-0.033592693,0.262485423,-1.737034606,66.31324997,51.04281693,-64.68786735,-49.30677246,70.27110557,46.85363388,1,1
190.7306828,13,1571923024,AUT,FALSE,TRUE,TRUE,609.6027708,262.414358,131.6964753,-179.9900839,-0.988175605,-179.6902066,15.33288857,2.006061955,1.111601475,0.104396387,0.343184403,0.205125532,-2.077761838,66.1315258,51.03824729,-66.70788918,-49.32850891,69.2555706,47.93792953,1,1
190.831419,13,1571923024,AUT,FALSE,TRUE,TRUE,588.4198004,266.680349,124.4450521,179.974478,-0.882713689,-179.6176984,10.68356553,1.41094679,-4.323934053,0.249317884,0.348396768,0.51681551,-2.592296219,65.10608253,51.09902573,-71.20024681,-49.99100646,67.03194122,50.92255783,1,1
190.9320619,13,1571923024,AUT,FALSE,TRUE,TRUE,588.4198004,266.680349,124.4450521,179.974478,-0.882713689,-179.6176984,10.68356553,1.41094679,-4.323934053,0.249317884,0.348396768,0.51681551,-2.592296219,65.10608253,51.09902573,-71.20024681,-49.99100646,67.03194122,50.92255783,1,1
191.032814,13,1571923025,AUT,FALSE,TRUE,TRUE,560.3190691,271.7386091,124.0034923,-179.9768183,-0.832693543,-179.6945623,5.684563318,4.204839469,-3.658347988,0.431264252,0.70016531,0.325464018,-3.25325775,63.04037132,51.41553497,-76.8373146,-50.21334228,64.74738579,54.39019317,1,1
191.1333549,13,1571923025,AUT,FALSE,TRUE,TRUE,529.7410178,274.7728165,125.760951,179.9917693,-0.746342311,-179.6015166,2.786156982,5.550844711,3.39055585,0.721293784,1.415835883,0.163507789,-3.780083081,60.4816658,51.60473671,-82.61735916,-50.18914489,62.50248756,57.94343261,1,1
191.233876,13,1571923025,AUT,FALSE,TRUE,TRUE,500.1450362,273.912857,122.8160226,179.966121,-0.646117099,-179.5619171,-2.829000012,4.165249132,4.592877635,0.230301805,2.418835682,0.186085941,-4.268106075,58.16500969,51.40867538,-88.31753311,-50.26645568,59.72623214,61.21584777,1,1
191.3344009,13,1571923025,AUT,FALSE,TRUE,TRUE,483.1311099,269.9819181,124.6865193,179.9993469,-0.099479662,-179.6467135,-10.95314952,6.386730575,0.490683262,0.230301805,2.418835682,0.186085941,-4.881857294,56.14531059,51.29917946,-92.1405899,-50.40112609,57.74515343,63.02539558,1,1
198.020227,14,1571923032,AUT,FALSE,FALSE,TRUE,471.9383499,-399.9904573,169.9337091,179.9977215,-0.015734008,179.9955465,-2.780851208,-1.332869505,0.29230729,-0.278429305,0.767480902,0.099434546,-70.08117599,57.7114048,51.75489234,-78.18031082,-46.5009851,66.26128807,-12.95335465,0.5,1
198.1211128,14,1571923032,AUT,FALSE,TRUE,TRUE,470.8430606,-399.8408996,167.0847188,-179.9603546,-0.292727023,179.8679929,-0.546382195,-1.586783444,9.295023724,-0.588886473,1.2003024,-0.005344881,-70.07641411,57.94263267,51.71101913,-78.18550529,-46.62774536,66.37740326,-12.95567551,1,1
198.2217598,14,1571923032,AUT,FALSE,TRUE,TRUE,470.8430606,-399.8408996,167.0847188,-179.9603546,-0.292727023,179.8679929,-0.546382195,-1.586783444,9.295023724,-0.588886473,1.2003024,-0.005344881,-70.07641411,57.94263267,51.71101913,-78.18550529,-46.62774536,66.37740326,-12.95567551,1,1
198.322686,14,1571923032,AUT,FALSE,TRUE,TRUE,470.7762628,-402.6891017,149.6642311,-179.8303622,-0.084712363,179.8633903,-1.243928546,1.449043442,3.962062196,-0.442003238,0.607968352,-0.320533732,-69.95012969,59.08200073,51.04687843,-78.1808361,-47.33592956,65.10309219,-12.95334778,1,1
198.423209,14,1571923032,AUT,FALSE,TRUE,TRUE,470.7762628,-402.6891017,149.6642311,-179.8303622,-0.084712363,179.8633903,-1.243928546,1.449043442,3.962062196,-0.442003238,0.607968352,-0.320533732,-69.95012969,59.08200073,51.04687843,-78.1808361,-47.33592956,65.10309219,-12.95334778,1,1
198.5237029,14,1571923032,AUT,FALSE,TRUE,TRUE,472.1692625,-402.037949,134.6254409,-179.8602323,-0.024993361,179.797288,1.464969305,1.381768959,-0.267115745,-0.538874303,0.019186273,-0.5889432,-69.69243851,60.63766823,50.61121902,-78.17364006,-48.65651367,63.77251739,-12.32052155,1,1
198.6241958,14,1571923032,AUT,FALSE,TRUE,TRUE,472.1692625,-402.037949,134.6254409,-179.8602323,-0.024993361,179.797288,1.464969305,1.381768959,-0.267115745,-0.538874303,0.019186273,-0.5889432,-69.69243851,60.63766823,50.61121902,-78.17364006,-48.65651367,63.77251739,-12.32052155,1,1
198.7247219,14,1571923032,AUT,FALSE,TRUE,TRUE,472.5519569,-402.6309902,130.0364051,-179.9422018,0.01294238,179.877673,-1.740834518,0.28316638,-0.001577133,-0.472701092,0.431841398,-0.29116317,-69.61419525,61.42994728,50.61443939,-78.15113868,-49.20617614,63.48853111,-12.01874771,1,1
198.825207,14,1571923032,AUT,FALSE,TRUE,TRUE,472.5519569,-402.6309902,130.0364051,-179.9422018,0.01294238,179.877673,-1.740834518,0.28316638,-0.001577133,-0.472701092,0.431841398,-0.29116317,-69.61419525,61.42994728,50.61443939,-78.15113868,-49.20617614,63.48853111,-12.01874771,1,1
198.9257779,14,1571923032,AUT,FALSE,TRUE,TRUE,480.268943,-400.7185834,133.2478938,-179.9283453,0.499970088,179.9514119,-1.740834518,0.28316638,-0.001577133,-0.472701092,0.431841398,-0.29116317,-69.06877213,61.56965217,50.92169952,-77.35070228,-49.20760986,63.75197639,-11.78806916,1,1
199.0263209,14,1571923033,AUT,FALSE,TRUE,TRUE,480.268943,-400.7185834,133.2478938,-179.9283453,0.499970088,179.9514119,-19.55770815,-2.106690625,5.778552059,-0.264763141,2.174336468,-0.03939987,-69.06877213,61.56965217,50.92169952,-77.35070228,-49.20760986,63.75197639,-11.78806916,1,1
199.126843,14,1571923033,AUT,FALSE,TRUE,TRUE,480.268943,-400.7185834,133.2478938,-179.9283453,0.499970088,179.9514119,-19.55770815,-2.106690625,5.778552059,-0.264763141,2.174336468,-0.03939987,-64.66995964,63.45666733,50.9342411,-71.77141228,-49.20691223,66.09106521,-11.12422028,1,1
199.227365,14,1571923033,AUT,FALSE,TRUE,TRUE,516.8231651,-395.0339374,137.6625929,179.9606188,0.606650628,-179.806344,-15.63138657,-5.750214488,5.164874476,-0.527374102,1.402251809,0.047848713,-64.66995964,63.45666733,50.9342411,-71.77141228,-49.20691223,66.09106521,-11.12422028,1,1
199.327893,14,1571923033,AUT,FALSE,TRUE,TRUE,560.004962,-396.93052,137.3427524,-179.9367996,0.497250324,-179.8986757,-15.63138657,-5.750214488,5.164874476,-0.527374102,1.402251809,0.047848713,-59.26163406,66.99167289,50.5848175,-62.68071327,-49.16752624,69.73531952,-12.42298279,1,1
199.4284308,14,1571923033,AUT,FALSE,TRUE,TRUE,560.004962,-396.93052,137.3427524,-179.9367996,0.497250324,-179.8986757,-5.31572844,-1.856902832,0.539444552,0.152742851,0.343698071,-0.432597829,-59.26163406,66.99167289,50.5848175,-62.68071327,-49.16752624,69.73531952,-12.42298279,1,1
199.528981,14,1571923033,AUT,FALSE,TRUE,TRUE,560.004962,-396.93052,137.3427524,-179.9367996,0.497250324,-179.8986757,-5.31572844,-1.856902832,0.539444552,0.152742851,0.343698071,-0.432597829,-54.17289047,70.63286819,50.28899345,-53.03641663,-49.18391235,73.66126671,-14.42920647,1,1
199.6295049,14,1571923033,AUT,FALSE,TRUE,TRUE,593.3533782,-400.6927606,136.6676481,-179.8685215,-0.075444145,-179.9962743,13.98874708,5.27901192,0.42200319,0.349857816,-1.509545464,-0.900960177,-54.17289047,70.63286819,50.28899345,-53.03641663,-49.18391235,73.66126671,-14.42920647,1,1
199.730258,14,1571923033,AUT,FALSE,TRUE,TRUE,593.3533782,-400.6927606,136.6676481,-179.8685215,-0.075444145,-179.9962743,13.98874708,5.27901192,0.42200319,0.349857816,-1.509545464,-0.900960177,-51.97134018,72.58732566,50.02985,-48.00981788,-49.09157775,75.57973022,-16.22400169,1,1
199.831049,14,1571923033,AUT,FALSE,TRUE,TRUE,606.7087925,-405.6543408,135.2580863,-179.7194084,-0.348097095,179.7945346,14.95554164,11.03171592,-2.232598706,1.233494155,-1.61970034,-1.357802176,-51.97134018,72.58732566,50.02985,-48.00981788,-49.09157775,75.57973022,-16.22400169,1,1
199.9318058,14,1571923033,AUT,FALSE,TRUE,TRUE,606.7087925,-405.6543408,135.2580863,-179.7194084,-0.348097095,179.7945346,14.95554164,11.03171592,-2.232598706,1.233494155,-1.61970034,-1.357802176,-51.97134018,72.58732566,50.02985,-48.00981788,-49.09157775,75.57973022,-16.22400169,1,1
200.03249,14,1571923034,AUT,FALSE,TRUE,TRUE,608.8221216,-389.2406841,139.3113991,-179.5557912,-0.454681352,179.4630792,7.791216706,13.99155558,0.160400427,1.012143316,0.252519269,-2.165518098,-51.69370536,72.14223861,50.48371238,-48.9190361,-49.04064514,75.85007286,-15.19203529,1,1
200.1334028,14,1571923034,AUT,FALSE,TRUE,TRUE,608.8221216,-389.2406841,139.3113991,-179.5557912,-0.454681352,179.4630792,7.791216706,13.99155558,0.160400427,1.012143316,0.252519269,-2.165518098,-51.69370536,72.14223861,50.48371238,-48.9190361,-49.04064514,75.85007286,-15.19203529,1,1
200.2339439,14,1571923034,AUT,FALSE,TRUE,TRUE,610.5070742,-338.4449869,139.7514711,-179.5645754,-0.49009223,179.2719798,5.036685465,12.52084526,2.083906643,0.813752033,0.454671714,-1.745946362,-51.34087257,69.81154403,51.09953041,-55.39645156,-49.05631164,73.73055611,-8.368495563,1,1
200.3344109,14,1571923034,AUT,FALSE,TRUE,TRUE,607.1347317,-280.7303125,137.9522875,-179.6954463,-0.410459918,179.2603936,0.852093625,7.863082748,-0.82571587,0.057561222,0.679266507,-1.145024379,-50.24702568,66.33398666,51.59960403,-65.4824707,-49.236026,69.86386299,-1.063442231,1,1
200.434917,14,1571923034,AUT,FALSE,TRUE,TRUE,601.1870426,-226.6003936,138.9245691,-179.7756147,-0.288757964,179.3057974,-4.697047284,5.977560384,0.561772042,-0.247012519,1.216722352,-0.776722499,-48.81212539,63.69669456,52.0690979,-72.33582458,-49.37265197,67.22311019,5.566847987,1,1
200.5354278,14,1571923034,AUT,FALSE,TRUE,TRUE,601.1870426,-226.6003936,138.9245691,-179.7756147,-0.288757964,179.3057974,-4.697047284,5.977560384,0.561772042,-0.247012519,1.216722352,-0.776722499,-48.81212539,63.69669456,52.0690979,-72.33582458,-49.37265197,67.22311019,5.566847987,1,1
200.6359329,14,1571923034,AUT,FALSE,TRUE,TRUE,594.6767449,-173.0655622,142.0940034,-179.7881512,-0.183010734,179.4105237,-11.60517816,6.626347388,4.344053686,-0.009143836,2.386896959,-0.558066783,-46.64556656,61.23628234,52.56860161,-77.94693718,-49.39723388,65.17453766,11.93906593,1,1
200.7364919,14,1571923034,AUT,FALSE,TRUE,TRUE,590.4970219,-123.6084292,144.5026835,-179.926616,-0.057897654,179.5564525,-12.43082626,5.369107499,5.570926813,0.215097604,2.510646543,-0.342459911,-43.70431366,59.44526367,52.86276741,-81.74052314,-49.38756591,63.71804237,17.74409065,1,1
200.8370409,14,1571923034,AUT,FALSE,TRUE,TRUE,590.4070531,-81.97512893,145.5366061,179.9751459,-0.100272869,179.7980406,-10.09787412,0.942802337,5.029244253,-0.114632029,2.359164046,0.032248159,-40.22035331,58.51754723,52.79886131,-83.39082413,-49.32123046,63.13191146,22.33883743,1,1
200.9375889,14,1571923034,AUT,FALSE,TRUE,TRUE,590.4070531,-81.97512893,145.5366061,179.9751459,-0.100272869,179.7980406,-10.09787412,0.942802337,5.029244253,-0.114632029,2.359164046,0.032248159,-40.22035331,58.51754723,52.79886131,-83.39082413,-49.32123046,63.13191146,22.33883743,1,1
201.0381439,14,1571923035,AUT,FALSE,TRUE,TRUE,594.3822789,-55.08576811,143.0996087,179.9335516,-0.122969429,-179.9785878,-3.155115352,-2.40510965,4.387333053,-0.676145842,1.181341531,0.07660817,-37.09607506,58.46233063,52.14687423,-83.27639465,-49.15760559,62.83196754,24.95347366,1,1
201.1386528,14,1571923035,AUT,FALSE,TRUE,TRUE,599.568521,-41.78615116,136.6318728,179.8869653,-0.083314859,-179.8048554,-2.482091749,-6.243415225,3.087401626,-1.162976419,1.004056382,0.167948003,-34.87827529,58.99455299,51.13398971,-82.50048866,-49.11295166,62.37475433,26.08756484,1,1
201.2391338,14,1571923035,AUT,FALSE,TRUE,TRUE,599.568521,-41.78615116,136.6318728,179.8869653,-0.083314859,-179.8048554,-2.482091749,-6.243415225,3.087401626,-1.162976419,1.004056382,0.167948003,-33.57691383,60.04403572,50.15999336,-80.43548126,-49.15817138,62.11527786,25.50371017,1,1
201.339736,14,1571923035,AUT,FALSE,TRUE,TRUE,611.2577514,-41.94940193,131.0481687,179.8868941,0.386858924,-179.7043317,-14.69358356,0.387738856,2.40247139,-0.358667832,1.769457347,0.104206941,-33.57691383,60.04403572,50.15999336,-80.43548126,-49.15817138,62.11527786,25.50371017,1,1
201.440536,14,1571923035,AUT,FALSE,TRUE,TRUE,637.0410465,-48.70640597,133.4323357,-179.9841541,0.472732147,-179.8624273,-13.12137998,3.827039909,0.834350012,0.305666047,1.045448525,-0.332285599,-32.06654778,62.33621292,50.10881767,-74.57424088,-48.99748535,64.56730957,22.82800713,1,1
201.541167,14,1571923035,AUT,FALSE,TRUE,TRUE,661.9610533,-53.30249139,138.4069411,-179.9595864,0.356044454,-179.8824398,-6.027609806,3.654349591,1.978580808,0.489706426,0.689653375,-0.299221774,-30.24510383,64.60277481,50.40994606,-68.26096458,-48.98738342,67.64473114,20.39762191,1,1
201.64201,14,1571923035,AUT,FALSE,TRUE,TRUE,684.5845123,-55.43819265,140.911507,-179.9707842,0.192497089,-179.9023419,0.74025019,3.072262816,2.880626158,0.246099232,0.023633273,-0.363125355,-28.07666359,66.87798843,50.44359856,-62.03573341,-48.96368591,70.43441734,18.1599987,1,1
201.742502,14,1571923035,AUT,FALSE,TRUE,TRUE,684.5845123,-55.43819265,140.911507,-179.9707842,0.192497089,-179.9023419,0.74025019,3.072262816,2.880626158,0.246099232,0.023633273,-0.363125355,-28.07666359,66.87798843,50.44359856,-62.03573341,-48.96368591,70.43441734,18.1599987,1,1
201.8430109,14,1571923035,AUT,FALSE,TRUE,TRUE,702.0967225,-54.77254947,139.6085143,-179.9387718,-0.028729804,-179.9179833,6.504608353,0.591263336,-0.618795198,-0.151909339,-0.811128322,-0.282516105,-25.90898208,69.01767883,50.29696197,-56.65822448,-48.98554321,72.50456428,16.44197388,1,1
201.9435949,14,1571923036,AUT,FALSE,TRUE,TRUE,714.1835048,-51.70386868,137.4373147,-179.9146899,-0.172117054,-179.9477747,9.629488604,2.860488216,-0.718699657,0.035234576,-1.043426675,-0.191058271,-24.13973694,70.65213546,50.19159279,-52.76195411,-49.06070068,73.88999863,15.38411407,1,1
202.0441079,14,1571923036,AUT,FALSE,TRUE,TRUE,721.0281281,-45.0425832,138.8606929,-179.8394293,-0.217129778,179.94927,9.823323761,6.230835379,-2.669384504,0.503583418,-1.064196127,-0.522018894,-22.8288414,71.43788795,50.31649017,-50.52993393,-49.06745178,74.84255791,15.06277084,1,1
202.1446459,14,1571923036,AUT,FALSE,TRUE,TRUE,721.0281281,-45.0425832,138.8606929,-179.8394293,-0.217129778,179.94927,9.823323761,6.230835379,-2.669384504,0.503583418,-1.064196127,-0.522018894,-22.8288414,71.43788795,50.31649017,-50.52993393,-49.06745178,74.84255791,15.06277084,1,1
202.2451499,14,1571923036,AUT,FALSE,TRUE,TRUE,722.7044279,-20.42742264,143.2500348,-179.6921084,-0.270925598,179.6425105,0.204865642,15.17462189,1.15794127,1.87854704,0.847336739,-1.269828672,-21.48649749,71.43973846,50.72211227,-50.02972641,-49.0244458,75.37131958,16.07037506,1,1
202.3456609,14,1571923036,AUT,FALSE,TRUE,TRUE,720.7429832,14.69679405,143.9125081,-179.7604122,-0.225945099,179.5549601,-7.678787678,15.2949082,3.287169913,1.722048931,2.386915911,-1.062558014,-18.67366447,71.09972191,51.02850036,-50.92251663,-49.06018981,75.1250061,19.75980034,1,1
202.4461539,14,1571923036,AUT,FALSE,TRUE,TRUE,718.1519222,55.81316994,143.1168854,-179.8808074,-0.1537197,179.6454118,-7.678787678,15.2949082,3.287169913,1.722048931,2.386915911,-1.062558014,-15.51600151,71.00290146,50.94018745,-51.27371521,-49.10678833,74.86292038,23.27536354,1,1
202.5467489,14,1571923036,AUT,FALSE,TRUE,TRUE,718.1519222,55.81316994,143.1168854,-179.8808074,-0.1537197,179.6454118,-10.20359183,9.899897562,3.03590396,0.895235299,2.537055314,-0.568209728,-15.51600151,71.00290146,50.94018745,-51.27371521,-49.10678833,74.86292038,23.27536354,1,1
202.647254,14,1571923036,AUT,FALSE,TRUE,TRUE,716.8878724,91.25942325,142.931046,179.952946,-0.108952983,179.9527475,-4.884337851,-0.441114792,2.830137812,-0.345045742,1.314485162,0.113282388,-12.20447502,71.16685524,50.60848961,-50.57578468,-49.10422302,75.06167679,26.08109321,1,1
202.747741,14,1571923036,AUT,FALSE,TRUE,TRUE,718.1705865,109.6468218,142.4704129,179.8779446,-0.17961949,-179.7762709,2.782918276,-7.900548901,0.70173622,-1.127378995,0.106060979,0.48894923,-9.946939081,71.58243026,50.14348984,-49.12951354,-48.94857421,75.60170974,27.10848656,1,1
202.848254,14,1571923036,AUT,FALSE,TRUE,TRUE,720.12776,113.3616694,142.0326617,179.8594164,-0.420602622,-179.6793218,12.3997088,-5.375220209,-0.058822535,-0.846351736,-1.079520389,0.633479403,-9.056383894,71.97987098,49.82950058,-47.88876914,-48.69855834,76.17400131,26.90948639,1,1
202.9487479,14,1571923037,AUT,FALSE,TRUE,TRUE,720.12776,113.3616694,142.0326617,179.8594164,-0.420602622,-179.6793218,12.3997088,-5.375220209,-0.058822535,-0.846351736,-1.079520389,0.633479403,-9.056383894,71.97987098,49.82950058,-47.88876914,-48.69855834,76.17400131,26.90948639,1,1
203.0492308,14,1571923037,AUT,FALSE,TRUE,TRUE,717.5119229,111.2893089,140.5473238,179.927603,-0.833301516,-179.6184383,14.10716582,-3.01862849,1.161819994,-0.249857669,0.036590639,0.483745814,-9.317618175,71.96216926,49.85635185,-48.29891968,-48.65306945,76.32014351,26.86998024,1,1
203.150034,14,1571923037,AUT,FALSE,TRUE,TRUE,706.3549562,109.3990396,137.4330599,179.9817833,-1.029726868,-179.6348811,17.3158789,-0.939073878,-0.694112948,0.249346637,-0.039512884,0.162427362,-10.63119506,70.97196464,49.93005638,-51.77521362,-48.64859802,75.01311035,28.07266731,1,1
203.2509019,14,1571923037,AUT,FALSE,TRUE,TRUE,706.3549562,109.3990396,137.4330599,179.9817833,-1.029726868,-179.6348811,17.3158789,-0.939073878,-0.694112948,0.249346637,-0.039512884,0.162427362,-12.35340499,69.16916999,50.0082447,-57.06852264,-48.65107543,72.99599304,30.132621,1,1
203.3515718,14,1571923037,AUT,FALSE,TRUE,TRUE,688.9946402,109.3529755,135.729949,-179.9660409,-1.066037874,-179.6077276,12.58482313,2.385394549,-1.878428005,1.134594187,0.308484707,0.285008418,-12.35340499,69.16916999,50.0082447,-57.06852264,-48.65107543,72.99599304,30.132621,1,1
203.4522569,14,1571923037,AUT,FALSE,TRUE,TRUE,664.8973282,108.998115,136.1300993,179.9511467,-0.98826123,-179.6075757,9.424427057,-0.399584818,-2.155940881,0.357749286,0.445032252,0.118123755,-14.56222343,66.57807541,50.2106163,-63.87283973,-48.62284606,70.41700744,32.89819221,1,1
203.5528278,14,1571923037,AUT,FALSE,TRUE,TRUE,637.5713526,107.3985575,137.7805245,-179.9324616,-0.734587761,-179.6784769,-0.221366791,6.901444384,2.103229782,1.210539637,1.552886228,-0.174886223,-17.00883064,63.61369285,50.53688278,-71.11321793,-48.61587524,67.53676643,35.50883216,1,1
203.653374,14,1571923037,AUT,FALSE,TRUE,TRUE,613.9486883,104.3664922,138.5158052,-179.8877445,-0.305569792,-179.7845431,-15.39115229,7.313489411,4.98837384,1.045483385,2.762230386,-0.498683697,-19.14535904,61.00411033,50.71390343,-77.22099838,-48.60744873,64.73287696,37.57134017,1,1
203.7540128,14,1571923037,AUT,FALSE,TRUE,TRUE,613.9486883,104.3664922,138.5158052,-179.8877445,-0.305569792,-179.7845431,-15.39115229,7.313489411,4.98837384,1.045483385,2.762230386,-0.498683697,-19.14535904,61.00411033,50.71390343,-77.22099838,-48.60744873,64.73287696,37.57134017,1,1
203.854542,14,1571923037,AUT,FALSE,TRUE,TRUE,601.8844669,99.26340523,138.8441771,-179.9150483,-0.125057466,-179.800957,-17.45758128,6.331130497,6.025513663,0.297845619,3.105371027,-0.793878495,-20.48401909,59.54419899,50.67489509,-80.34577789,-48.51748168,63.25093116,38.27445488,1,1
203.9550309,14,1571923038,AUT,FALSE,TRUE,TRUE,599.8684507,97.42745761,137.3902761,-179.8192814,-0.120177683,-179.9837761,-10.50175062,12.3257011,5.171700423,1.264241442,2.191415482,-0.943783698,-20.94001693,59.38405952,50.65749893,-80.96138306,-48.47794189,62.80597114,38.15230751,1,1
204.055542,14,1571923038,AUT,FALSE,TRUE,TRUE,599.8684507,97.42745761,137.3902761,-179.8192814,-0.120177683,-179.9837761,-10.50175062,12.3257011,5.171700423,1.264241442,2.191415482,-0.943783698,-20.94001693,59.38405952,50.65749893,-80.96138306,-48.47794189,62.80597114,38.15230751,1,1
204.1560669,14,1571923038,AUT,FALSE,TRUE,TRUE,601.1099221,110.4570016,133.7329472,-179.6761601,-0.098129565,179.6660693,-7.3659949,16.84962678,4.316380541,1.116580362,1.843847292,-1.524114165,-19.91698379,60.16301422,50.89933891,-80.33005714,-48.82313781,62.76903305,39.00399856,1,1
204.2565489,14,1571923038,AUT,FALSE,TRUE,TRUE,603.0411916,135.6842038,131.8680578,-179.6838918,-0.071814684,179.5581862,-6.878595848,13.96458647,3.228655105,0.566355268,1.653601793,-1.224528411,-17.34850731,61.17483788,51.19761429,-78.87547416,-49.28473937,63.31502609,40.96056061,1,1
204.3570929,14,1571923038,AUT,FALSE,TRUE,TRUE,605.8761252,165.8257784,132.9652587,-179.8336566,-0.062838468,179.6209832,-4.935796685,9.615512229,2.900880379,-0.219072416,1.628009316,-0.79714833,-13.97605476,62.09902496,51.32237778,-76.61494446,-49.44649658,64.38581542,43.05300636,1,1
204.4576788,14,1571923038,AUT,FALSE,TRUE,TRUE,605.8761252,165.8257784,132.9652587,-179.8336566,-0.062838468,179.6209832,-4.935796685,9.615512229,2.900880379,-0.219072416,1.628009316,-0.79714833,-13.97605476,62.09902496,51.32237778,-76.61494446,-49.44649658,64.38581542,43.05300636,1,1
204.5581629,14,1571923038,AUT,FALSE,TRUE,TRUE,609.8881181,196.5153682,135.7704743,-179.8962303,-0.076730462,179.773769,-3.838236053,5.689410605,2.151326884,0.254472777,0.922037507,-0.486371346,-10.27508354,63.05533333,51.28487319,-73.60120239,-49.36921875,65.89192428,44.66155242,1,1
204.6586678,14,1571923038,AUT,FALSE,TRUE,TRUE,614.1588608,224.1636645,136.907186,-179.9112092,-0.079799707,179.8445449,-0.87474314,4.54125024,2.298610175,-0.103157605,0.849380841,-0.469020034,-6.799685669,64.18427467,51.1019371,-70.37593574,-49.25007202,67.23428535,45.75518303,1,1
204.7591798,14,1571923038,AUT,FALSE,TRUE,TRUE,619.1978189,245.87313,136.7322284,-179.9313796,-0.081454629,179.9576231,-0.422201857,1.622784668,1.863844248,-0.817587774,0.724788557,-0.389851777,-3.92163505,65.36614265,50.83721466,-67.21925811,-49.20643981,68.4421051,46.30538864,1,1
204.859658,14,1571923038,AUT,FALSE,TRUE,TRUE,619.1978189,245.87313,136.7322284,-179.9313796,-0.081454629,179.9576231,-0.422201857,1.622784668,1.863844248,-0.817587774,0.724788557,-0.389851777,-3.92163505,65.36614265,50.83721466,-67.21925811,-49.20643981,68.4421051,46.30538864,1,1
204.9602509,14,1571923039,AUT,FALSE,TRUE,TRUE,624.28758,260.5627816,136.1174511,-179.9446298,-0.13954132,-179.9826197,1.872056108,4.443842277,1.092565741,-0.120609962,0.40553835,-0.339779933,-1.77661285,66.48001899,50.65798645,-64.41021194,-49.16921813,69.50632324,46.34583892,1,1
205.0609469,14,1571923039,AUT,FALSE,TRUE,TRUE,626.7471617,270.1435904,135.5867186,179.9410411,-0.419257369,-179.7385998,10.4364874,-6.259048387,-0.970245486,-1.399676198,-0.372335813,0.192131363,-0.281397625,67.32315444,50.59964904,-62.34857254,-49.17040466,70.58961639,46.45399246,1,1
205.1615629,14,1571923039,AUT,FALSE,TRUE,TRUE,623.157375,272.4785392,133.9357201,179.9054873,-0.720972439,-179.5304836,13.96870145,-5.430587966,0.148482079,-0.732160774,0.026742725,0.605395697,0.020853425,67.3928421,50.56782646,-62.55321006,-49.16963562,70.76143569,46.91000404,1,1
205.2623839,14,1571923039,AUT,FALSE,TRUE,TRUE,610.077196,274.2537464,130.8262564,179.954305,-0.966937006,-179.6245227,13.96870145,-5.430587966,0.148482079,-0.732160774,0.026742725,0.605395697,-0.496781156,66.63950271,50.66563911,-65.31532402,-49.14419677,69.61967124,48.36855583,1,1
205.3628969,14,1571923039,AUT,FALSE,TRUE,TRUE,610.077196,274.2537464,130.8262564,179.954305,-0.966937006,-179.6245227,17.19379947,0.834914202,0.247144644,0.428448838,-0.015446341,0.588977353,-0.496781156,66.63950271,50.66563911,-65.31532402,-49.14419677,69.61967124,48.36855583,1,1
205.4633989,14,1571923039,AUT,FALSE,TRUE,TRUE,576.1915459,278.7328319,126.6526218,179.8787959,-0.935118476,-179.5038017,8.763680622,-1.701954351,-3.868961885,0.06235876,0.424719821,0.897678575,-1.455691906,64.21831169,50.75272636,-72.51631622,-49.43457641,66.57215309,52.68522148,1,1
205.5639968,14,1571923039,AUT,FALSE,TRUE,TRUE,546.9222556,277.5844394,127.1968432,179.9221317,-0.742679622,-179.4366485,6.46992146,1.57610124,0.148705737,0.481574485,0.970645069,0.597163856,-2.521084213,61.51777611,50.77419777,-78.86093101,-49.43609802,63.91017608,55.95936012,1,1
205.66451,14,1571923039,AUT,FALSE,TRUE,TRUE,546.9222556,277.5844394,127.1968432,179.9221317,-0.742679622,-179.4366485,6.46992146,1.57610124,0.148705737,0.481574485,0.970645069,0.597163856,-2.521084213,61.51777611,50.77419777,-78.86093101,-49.43609802,63.91017608,55.95936012,1,1
205.765101,14,1571923039,AUT,FALSE,TRUE,TRUE,515.3160939,273.912361,129.6909254,-179.9348861,-0.624871493,-179.6057988,-1.34730499,5.643070751,1.895769234,0.49699376,1.624542275,-0.208571775,-3.833624263,58.58919868,51.0836277,-85.40617332,-49.25129699,61.1902565,58.98766594,1,1
205.865629,14,1571923039,AUT,FALSE,TRUE,TRUE,481.6471265,266.7886808,129.6075826,-179.8982344,-0.298658207,-179.7327844,-10.31285835,11.00885313,5.517130315,0.948521217,2.516144512,-0.581426641,-5.273231506,55.25077286,51.21173858,-92.55843773,-49.32992614,57.69773369,62.20019531,1,1
213.690341,15,1571923047,AUT,FALSE,FALSE,TRUE,471.9279143,-399.9590513,169.8727611,-179.9947098,-0.017850081,179.9905089,-2.69128636,-0.849416083,1.491309989,-0.220259596,0.881857177,0.058103984,-69.90440941,57.52702674,51.3625946,-78.18333893,-46.13122924,66.08520469,-13.14061317,0.5,1
213.7912629,15,1571923047,AUT,FALSE,TRUE,TRUE,471.5844862,-399.0826116,167.0037957,-179.9128409,-0.235255736,179.822963,-0.913645753,-2.533314082,8.578448622,-0.845091502,1.013506116,-0.140464228,-69.83054695,57.77002716,51.31090393,-78.18915138,-46.19826232,66.13360977,-13.13806229,1,1
213.8920169,15,1571923047,AUT,FALSE,TRUE,TRUE,471.4220892,-400.9013996,155.5031322,-179.9164521,-0.180814757,179.884325,-0.813695972,-0.906879743,5.787765837,-0.777762742,0.876307974,-0.380798988,-69.65221824,58.68109245,50.73540573,-78.19157867,-46.81413391,65.18198089,-13.00080872,1,1
213.9926059,15,1571923048,AUT,FALSE,TRUE,TRUE,471.4220892,-400.9013996,155.5031322,-179.9164521,-0.180814757,179.884325,-0.813695972,-0.906879743,5.787765837,-0.777762742,0.876307974,-0.380798988,-69.65221824,58.68109245,50.73540573,-78.19157867,-46.81413391,65.18198089,-13.00080872,1,1
214.093127,15,1571923048,AUT,FALSE,TRUE,TRUE,472.0512838,-401.9036971,140.8465883,-179.8848316,-0.058094041,179.8728046,0.135097089,-0.210846125,0.956536114,-0.771926121,0.281998718,-0.464628429,-69.48189926,60.03894424,50.30215301,-78.18449936,-47.80236511,64.00189133,-12.66404686,1,1
214.193661,15,1571923048,AUT,FALSE,TRUE,TRUE,472.0512838,-401.9036971,140.8465883,-179.8848316,-0.058094041,179.8728046,0.135097089,-0.210846125,0.956536114,-0.771926121,0.281998718,-0.464628429,-69.48119544,60.96212539,50.25767898,-78.18329429,-48.57681335,63.50007706,-12.36241379,1,1
214.294189,15,1571923048,AUT,FALSE,TRUE,TRUE,471.9319175,-402.2189816,132.2649461,-179.8774415,-0.068537013,179.8262309,0.544232939,0.073831115,-1.237659467,-0.6764252,0.264167045,-0.450559645,-69.48119544,60.96212539,50.25767898,-78.18329429,-48.57681335,63.50007706,-12.36241379,1,1
214.3947258,15,1571923048,AUT,FALSE,TRUE,TRUE,471.9319175,-402.2189816,132.2649461,-179.8774415,-0.068537013,179.8262309,0.544232939,0.073831115,-1.237659467,-0.6764252,0.264167045,-0.450559645,-69.57334328,61.09943046,50.26146583,-78.17103081,-48.74105895,63.37891502,-12.32326126,1,1
214.495255,15,1571923048,AUT,FALSE,TRUE,TRUE,471.6334812,-403.204956,131.2869091,-179.9323489,0.028302324,179.8801687,-3.947403569,0.314630035,1.229811626,-0.493918865,0.752312608,-0.297470688,-69.57334328,61.09943046,50.26146583,-78.17103081,-48.74105895,63.37891502,-12.32326126,1,1
214.595762,15,1571923048,AUT,FALSE,TRUE,TRUE,479.0454575,-399.6703612,133.1711852,-179.9310809,0.366489995,179.8691696,-14.13829558,-1.668955888,5.49509772,-0.536311585,1.557474126,-0.092337339,-68.96630401,61.24485168,50.52090454,-77.66178703,-48.73954284,63.46808967,-11.90189095,1,1
214.696281,15,1571923048,AUT,FALSE,TRUE,TRUE,496.7459996,-394.618917,134.1427439,179.9902086,0.565541923,-179.9639677,-18.61630963,-4.876337926,6.126154687,-0.737848508,1.920793916,0.216563239,-66.93443413,62.0392456,50.52298508,-75.54969635,-48.84755493,64.20478821,-11.13443756,1,1
214.796772,15,1571923048,AUT,FALSE,TRUE,TRUE,496.7459996,-394.618917,134.1427439,179.9902086,0.565541923,-179.9639677,-18.61630963,-4.876337926,6.126154687,-0.737848508,1.920793916,0.216563239,-63.88761978,63.65741501,50.30900573,-71.03691788,-48.86230407,65.99569359,-11.23966599,1,1
214.8972769,15,1571923048,AUT,FALSE,TRUE,TRUE,521.0367354,-394.9634103,135.8325571,179.9450847,0.58324232,-179.7538109,-13.25502315,-6.489334079,5.241244039,-0.504110805,1.619588294,0.26770401,-63.88761978,63.65741501,50.30900573,-71.03691788,-48.86230407,65.99569359,-11.23966599,1,1
214.9978108,15,1571923049,AUT,FALSE,TRUE,TRUE,548.4475443,-398.2837002,136.0068386,-179.9425348,0.455645159,-179.8396833,-8.529440748,-0.084325584,4.509949386,0.2257488,1.294152289,-0.319450314,-60.43221702,66.08524246,50.12207336,-64.78890381,-48.80704284,68.57583274,-12.36489601,1,1
215.0983489,15,1571923049,AUT,FALSE,TRUE,TRUE,574.3328668,-399.6260152,134.0272087,-179.8674286,0.347819056,179.9797963,-1.551083333,3.03296363,2.845770746,0.323441321,0.325561648,-0.664590798,-56.96174583,68.73447876,50.02266426,-58.39940986,-48.83923828,71.01254539,-13.50978127,1,1
215.1988769,15,1571923049,AUT,FALSE,TRUE,TRUE,594.8288906,-400.3313622,133.3182417,-179.8557799,0.050123098,179.9497021,7.251198697,4.416612183,0.032413415,0.323441321,0.325561648,-0.664590798,-53.92678642,70.87303619,49.87257385,-52.79341964,-48.89261535,73.26684036,-14.57011299,1,1
215.299386,15,1571923049,AUT,FALSE,TRUE,TRUE,594.8288906,-400.3313622,133.3182417,-179.8557799,0.050123098,179.9497021,7.251198697,4.416612183,0.032413415,0.291207203,-0.928899775,-0.65591756,-53.92678642,70.87303619,49.87257385,-52.79341964,-48.89261535,73.26684036,-14.57011299,1,1
215.3999,15,1571923049,AUT,FALSE,TRUE,TRUE,606.9951901,-403.0356225,133.3984143,-179.8837371,-0.243652201,179.9912846,16.17892889,4.332902808,-0.027915136,0.541316574,-1.4908187,-0.792190062,-51.81081276,72.38300399,49.60557174,-48.51300544,-48.85077941,75.04660492,-15.66290932,1,1
215.5010159,15,1571923049,AUT,FALSE,TRUE,TRUE,611.8869488,-405.4610672,133.6308573,-179.7430426,-0.323397715,179.8554662,16.25272174,8.995871108,-1.766360662,1.074307606,-1.780427229,-1.186871439,-50.94639473,73.1595932,49.55756493,-46.33558731,-48.73259948,75.93224716,-16.56510315,1,1
215.6018078,15,1571923049,AUT,FALSE,TRUE,TRUE,613.5168521,-400.6301182,135.5792977,-179.6069214,-0.364543842,179.5993402,8.673406652,10.78422869,-1.717771573,0.773958178,-0.468292549,-1.891349729,-50.76402854,73.05361633,49.84623069,-46.4785778,-48.69478454,76.18661156,-16.32444077,1,1
215.702435,15,1571923049,AUT,FALSE,TRUE,TRUE,613.5168521,-400.6301182,135.5792977,-179.6069214,-0.364543842,179.5993402,8.673406652,10.78422869,-1.717771573,0.773958178,-0.468292549,-1.891349729,-50.76402854,73.05361633,49.84623069,-46.4785778,-48.69478454,76.18661156,-16.32444077,1,1
215.802943,15,1571923049,AUT,FALSE,TRUE,TRUE,615.1413786,-384.0239224,138.9921642,-179.5607316,-0.478805424,179.4922165,7.847884329,10.73116428,-1.213029862,0.641083619,-0.027197272,-1.95271939,-50.60523834,72.02628479,50.18722916,-48.84507408,-48.69571289,75.78572044,-14.35391923,1,1
215.903445,15,1571923049,AUT,FALSE,TRUE,TRUE,616.3733791,-355.6997229,139.7434369,-179.5879581,-0.498776022,179.3918605,3.663398169,12.50324465,3.021903616,0.910358781,0.936949589,-1.719868889,-50.37285003,70.46631203,50.49235725,-53.14859733,-48.69383972,74.38666649,-10.834758,1,1
216.0039208,15,1571923050,AUT,FALSE,TRUE,TRUE,615.8865109,-314.7552829,138.0678425,-179.6939667,-0.460425175,179.3197603,2.301896586,11.12420687,0.272976225,0.61032196,0.936601077,-1.372999186,-49.84481621,68.43359756,50.78635483,-59.19246139,-48.74798034,72.05546036,-5.667774588,1,1
216.10444,15,1571923050,AUT,FALSE,TRUE,TRUE,615.8865109,-314.7552829,138.0678425,-179.6939667,-0.460425175,179.3197603,2.301896586,11.12420687,0.272976225,0.61032196,0.936601077,-1.372999186,-49.84481621,68.43359756,50.78635483,-59.19246139,-48.74798034,72.05546036,-5.667774588,1,1
216.204942,15,1571923050,AUT,FALSE,TRUE,TRUE,613.4287293,-265.8415964,135.9471289,-179.7507257,-0.284867825,179.3004564,-2.591475147,8.551408578,-1.193405212,0.366481204,1.056045266,-0.90060398,-48.80727767,66.21654968,51.10587844,-65.71269951,-48.9293811,69.31038207,0.276570506,1,1
216.305465,15,1571923050,AUT,FALSE,TRUE,TRUE,609.8723177,-212.4338347,137.4695846,-179.8228889,-0.184634645,179.3457174,-7.823353631,6.378068023,1.476312476,0.192006835,1.870387007,-0.510310732,-46.9350254,63.87459754,51.60628853,-71.73434715,-49.11775268,67.07551918,6.722050094,1,1
216.4060299,15,1571923050,AUT,FALSE,TRUE,TRUE,607.2276162,-158.2165998,141.2630944,-179.8952672,-0.10980791,179.4988416,-9.012632123,2.844097765,3.004001391,-0.144433289,1.874173313,-0.307965697,-44.15105896,61.79900207,52.03320694,-76.22635116,-49.14296081,65.53178215,12.94602813,1,1
216.506531,15,1571923050,AUT,FALSE,TRUE,TRUE,607.2276162,-158.2165998,141.2630944,-179.8952672,-0.10980791,179.4988416,-9.012632123,2.844097765,3.004001391,-0.144433289,1.874173313,-0.307965697,-44.15105896,61.79900207,52.03320694,-76.22635116,-49.14296081,65.53178215,12.94602813,1,1
216.6070189,15,1571923050,AUT,FALSE,TRUE,TRUE,606.8080672,-109.8902335,144.2827461,-179.9246,-0.095227207,179.7166456,-8.334177976,-1.117728139,4.28252681,-0.249408942,1.80376208,-0.121236312,-40.73516922,60.39330826,52.15404281,-78.82191925,-49.05226318,64.68473281,18.20416718,1,1
216.707526,15,1571923050,AUT,FALSE,TRUE,TRUE,609.0389286,-72.08752454,145.7773815,179.9480135,-0.145120539,-179.968022,-3.189703486,-4.613159058,1.403217858,-0.539442871,1.192304787,0.101057482,-37.16003265,59.70395736,51.86026153,-79.62667808,-48.85266357,64.43554916,22.13672333,1,1
216.8080308,15,1571923050,AUT,FALSE,TRUE,TRUE,609.0389286,-72.08752454,145.7773815,179.9480135,-0.145120539,-179.968022,-3.189703486,-4.613159058,1.403217858,-0.539442871,1.192304787,0.101057482,-37.16003265,59.70395736,51.86026153,-79.62667808,-48.85266357,64.43554916,22.13672333,1,1
216.9085839,15,1571923050,AUT,FALSE,TRUE,TRUE,613.2878195,-54.40238224,146.0454962,179.8797047,-0.139122898,-179.717861,1.021010121,-5.855988911,2.146210721,-0.533538223,0.500685675,0.353045255,-34.78447609,59.54290809,51.16656074,-79.12531356,-48.4407257,64.43473549,23.63222694,1,1
217.0091019,15,1571923051,AUT,FALSE,TRUE,TRUE,618.3782604,-55.24129828,143.7711543,179.8946037,0.091943333,-179.7422441,-9.466119057,-0.244780881,4.395300541,0.126785136,1.548646434,0.296853474,-34.13712044,59.83655548,50.46707496,-78.2078968,-48.12491821,64.17206611,23.11476059,1,1
217.1096079,15,1571923051,AUT,FALSE,TRUE,TRUE,618.3782604,-55.24129828,143.7711543,179.8946037,0.091943333,-179.7422441,-9.466119057,-0.244780881,4.395300541,0.126785136,1.548646434,0.296853474,-34.13712044,59.83655548,50.46707496,-78.2078968,-48.12491821,64.17206611,23.11476059,1,1
217.2101538,15,1571923051,AUT,FALSE,TRUE,TRUE,632.2787366,-64.10326176,141.5824218,179.9717781,0.429847407,-179.8545244,-18.56399296,2.267377093,4.339759551,0.06525055,2.194566057,-0.017006956,-33.67381324,61.21279564,50.10493469,-75.18269119,-48.16764404,64.82182159,21.32502937,1,1
217.3110199,15,1571923051,AUT,FALSE,TRUE,TRUE,652.8457247,-72.31863255,140.9604641,-179.9380499,0.424321065,-179.9317841,-15.30947483,4.150684211,3.28796919,0.303044076,1.793473306,-0.269997198,-32.46148567,63.42102356,50.03908195,-70.07541847,-48.29646972,66.80971184,18.99067497,1,1
217.4116929,15,1571923051,AUT,FALSE,TRUE,TRUE,675.7393399,-77.37074072,139.9923641,-179.953443,0.256955846,-179.9890889,-5.205217469,4.000174163,3.090101867,0.131427944,0.674532382,-0.363380543,-30.51319771,66.02666816,50.00878372,-63.89789543,-48.45193176,69.36035614,16.70252838,1,1
217.5124168,15,1571923051,AUT,FALSE,TRUE,TRUE,675.7393399,-77.37074072,139.9923641,-179.953443,0.256955846,-179.9890889,-5.205217469,4.000174163,3.090101867,0.131427944,0.674532382,-0.363380543,-28.30923385,68.5144947,49.91966056,-57.87421875,-48.61330993,71.69872398,14.68667793,1,1
217.6129379,15,1571923051,AUT,FALSE,TRUE,TRUE,696.051473,-79.20583559,138.4792195,-179.9111663,0.075890011,-179.9758452,4.053663664,1.844342201,-3.186772636,-0.13231864,-0.502364575,-0.236711913,-28.30923385,68.5144947,49.91966056,-57.87421875,-48.61330993,71.69872398,14.68667793,1,1
217.71349,15,1571923051,AUT,FALSE,TRUE,TRUE,710.5431691,-79.05493363,139.7986451,-179.9409984,-0.168903463,-179.9446787,12.21336586,2.398651823,-3.336344021,0.030048495,-1.34266628,-0.169013376,-26.39713554,70.2269577,49.9001667,-53.14928741,-48.64019897,73.78420028,13.20255889,1,1
217.814101,15,1571923051,AUT,FALSE,TRUE,TRUE,717.824521,-75.82963444,142.6592396,-179.9320748,-0.439457818,-179.9614752,15.82136617,3.952699223,0.122852159,0.553590759,-1.375334478,-0.232305133,-25.0852375,71.03418503,49.95166854,-50.41528129,-48.54463989,75.257024,12.54291573,1,1
217.9146109,15,1571923051,AUT,FALSE,TRUE,TRUE,719.1785166,-65.89779107,142.6365827,-179.7716051,-0.466383489,179.8882772,4.029291704,9.253234999,2.790794648,1.241461332,0.769532022,-0.890311989,-24.27733726,71.14004516,50.01104965,-50.17460518,-48.45933654,75.36155548,13.03839569,1,1
218.0151558,15,1571923052,AUT,FALSE,TRUE,TRUE,719.1785166,-65.89779107,142.6365827,-179.7716051,-0.466383489,179.8882772,4.029291704,9.253234999,2.790794648,1.241461332,0.769532022,-0.890311989,-24.27733726,71.14004516,50.01104965,-50.17460518,-48.45933654,75.36155548,13.03839569,1,1
218.1157088,15,1571923052,AUT,FALSE,TRUE,TRUE,719.139075,-27.99747709,136.7267295,-179.7377163,-0.11162607,179.634643,-13.68236213,15.1127479,2.408633797,1.455511275,2.81524489,-0.921682433,-23.04639816,71.13888473,50.11297531,-51.09622764,-48.60088439,74.28983917,15.708712,1,1
218.2162049,15,1571923052,AUT,FALSE,TRUE,TRUE,719.139075,-27.99747709,136.7267295,-179.7377163,-0.11162607,179.634643,-13.68236213,15.1127479,2.408633797,1.455511275,2.81524489,-0.921682433,-23.04639816,71.13888473,50.11297531,-51.09622764,-48.60088439,74.28983917,15.708712,1,1
218.316747,15,1571923052,AUT,FALSE,TRUE,TRUE,720.4463068,8.815763405,135.3992876,-179.8150676,-0.000112994,179.5663888,-10.21317203,12.08655135,1.380130184,0.939789371,1.95352938,-0.767674228,-19.07207679,71.31720314,50.13642769,-51.45499649,-48.72076721,73.88628387,19.39599838,1,1
218.4172359,15,1571923052,AUT,FALSE,TRUE,TRUE,721.5200299,50.61141899,135.9262563,-179.8828146,0.025881117,179.5925646,-8.437177967,13.23350295,1.672022881,1.443745895,1.557734734,-0.405794219,-15.48684654,71.57326698,50.10851554,-50.62421722,-48.72744689,74.17202797,22.46272888,1,1
218.5178149,15,1571923052,AUT,FALSE,TRUE,TRUE,722.8952153,88.77266486,137.5804302,179.9685702,0.006670189,179.901042,-5.398324896,-2.044863367,2.101459629,-1.049408119,1.074794326,0.238217628,-11.66576042,71.99572906,49.87808418,-48.89981003,-48.72474426,74.94546203,25.07720031,1,1
218.6183488,15,1571923052,AUT,FALSE,TRUE,TRUE,722.8952153,88.77266486,137.5804302,179.9685702,0.006670189,179.901042,-5.398324896,-2.044863367,2.101459629,-1.049408119,1.074794326,0.238217628,-11.66576042,71.99572906,49.87808418,-48.89981003,-48.72474426,74.94546203,25.07720031,1,1
218.7188828,15,1571923052,AUT,FALSE,TRUE,TRUE,727.31233,111.0985039,141.926274,179.8076828,-0.251926413,-179.7233531,5.748753234,-4.838339825,1.298522484,-0.470141027,-0.012396107,0.711838181,-8.956985088,72.53220863,49.54015159,-46.37729073,-48.43943481,76.64458694,25.83394546,1,1
218.8193979,15,1571923052,AUT,FALSE,TRUE,TRUE,729.5492521,113.7442855,143.0090204,179.8491049,-0.558165964,-179.6413903,16.67467358,-5.366812352,1.690299831,-0.467185211,-1.196444944,0.819635213,-7.667495725,73.09583816,49.3474514,-44.24369774,-48.2728601,77.54427109,25.42343788,1,1
218.920038,15,1571923052,AUT,FALSE,TRUE,TRUE,729.5492521,113.7442855,143.0090204,179.8491049,-0.558165964,-179.6413903,16.67467358,-5.366812352,1.690299831,-0.467185211,-1.196444944,0.819635213,-7.667495725,73.09583816,49.3474514,-44.24369774,-48.2728601,77.54427109,25.42343788,1,1
219.0207958,15,1571923053,AUT,FALSE,TRUE,TRUE,725.1784156,110.0972975,139.5203055,179.9439552,-0.97937962,-179.604392,16.89367862,-2.253320021,-0.467062835,0.044135169,0.023999417,0.411137845,-8.3097393,72.96027031,49.37437134,-45.41228943,-48.27315673,77.2917984,25.53278618,1,1
219.1216049,15,1571923053,AUT,FALSE,TRUE,TRUE,714.9949658,108.0812279,134.865529,179.9963314,-1.187169753,-179.6323589,20.41924883,-1.800352947,-0.790814591,-0.018398685,0.015519472,0.136567515,-9.593639369,72.10243034,49.38345566,-48.80822868,-48.27687011,75.90925483,26.66901626,1,1
219.2226219,15,1571923053,AUT,FALSE,TRUE,TRUE,714.9949658,108.0812279,134.865529,179.9963314,-1.187169753,-179.6323589,20.41924883,-1.800352947,-0.790814591,-0.018398685,0.015519472,0.136567515,-9.593639369,72.10243034,49.38345566,-48.80822868,-48.27687011,75.90925483,26.66901626,1,1
219.3231659,15,1571923053,AUT,FALSE,TRUE,TRUE,690.4357493,109.6186142,129.6835096,179.9364162,-1.103056138,-179.6773517,10.01876171,2.620749744,-1.259576366,0.55136214,0.713237622,0.20765674,-11.99825478,69.67802581,49.4491539,-56.58536109,-48.39286926,72.64681663,29.92697067,1,1
219.4236848,15,1571923053,AUT,FALSE,TRUE,TRUE,690.4357493,109.6186142,129.6835096,179.9364162,-1.103056138,-179.6773517,10.01876171,2.620749744,-1.259576366,0.55136214,0.713237622,0.20765674,-11.99825478,69.67802581,49.4491539,-56.58536109,-48.39286926,72.64681663,29.92697067,1,1
219.5241868,15,1571923053,AUT,FALSE,TRUE,TRUE,648.3348528,111.3191206,131.6501695,-179.9959372,-0.727789732,-179.6189959,-0.792144739,1.683648313,-2.112110741,0.207177378,1.385468425,0.125372949,-15.45080108,65.08900909,49.72509269,-68.11862297,-48.47175659,68.04461975,34.65968513,1,1
219.6246619,15,1571923053,AUT,FALSE,TRUE,TRUE,648.3348528,111.3191206,131.6501695,-179.9959372,-0.727789732,-179.6189959,-0.792144739,1.683648313,-2.112110741,0.207177378,1.385468425,0.125372949,-15.45080108,65.08900909,49.72509269,-68.11862297,-48.47175659,68.04461975,34.65968513,1,1
219.725209,15,1571923053,AUT,FALSE,TRUE,TRUE,615.0644937,103.3088382,135.3716095,-179.9478085,-0.359799271,-179.6396418,-12.02317057,3.888026812,4.55053296,0.421657774,2.473612814,-0.445224984,-18.62127342,61.04930191,49.79434776,-76.83990326,-48.13679443,64.41728096,37.20042458,1,1
219.8259449,15,1571923053,AUT,FALSE,TRUE,TRUE,603.176213,94.69025518,134.1697104,-179.8964816,-0.271376143,-179.7592206,-11.05790665,7.161348688,5.616482238,0.599183906,2.572437234,-0.697374944,-20.36716575,59.67618942,49.75978546,-80.13728828,-48.05503967,62.78861274,37.53081093,1,1
219.9264719,15,1571923053,AUT,FALSE,TRUE,TRUE,603.176213,94.69025518,134.1697104,-179.8964816,-0.271376143,-179.7592206,-11.05790665,7.161348688,5.616482238,0.599183906,2.572437234,-0.697374944,-20.36716575,59.67618942,49.75978546,-80.13728828,-48.05503967,62.78861274,37.53081093,1,1
220.027,15,1571923054,AUT,FALSE,TRUE,TRUE,598.6706105,92.71117116,130.9065858,-179.7376822,-0.202171112,179.921021,-8.909683919,12.82019976,3.953459385,1.145351786,2.404075345,-1.114942189,-21.08609733,59.55158729,49.83964233,-81.27580146,-48.18633728,62.01602325,37.62077865,1,1
220.1275079,15,1571923054,AUT,FALSE,TRUE,TRUE,598.6706105,92.71117116,130.9065858,-179.7376822,-0.202171112,179.921021,-8.909683919,12.82019976,3.953459385,1.145351786,2.404075345,-1.114942189,-21.08609733,59.55158729,49.83964233,-81.27580146,-48.18633728,62.01602325,37.62077865,1,1
220.22805,15,1571923054,AUT,FALSE,TRUE,TRUE,599.3004847,110.1437255,130.289887,-179.6402312,-0.166259376,179.6152631,-5.353630976,16.53729437,3.651366412,0.974147774,1.462145081,-1.511458885,-19.75558776,60.17195434,50.40238953,-80.68203163,-48.61462829,62.19643936,38.96780204,1,1
220.328589,15,1571923054,AUT,FALSE,TRUE,TRUE,598.7541645,144.1212199,130.9520456,-179.6707688,-0.134310627,179.4589708,-5.353630976,16.53729437,3.651366412,0.974147774,1.462145081,-1.511458885,-16.59072876,60.99168548,51.01489791,-79.33776855,-49.07532897,62.95170479,41.78836669,1,1
220.4291039,15,1571923054,AUT,FALSE,TRUE,TRUE,598.7541645,144.1212199,130.9520456,-179.6707688,-0.134310627,179.4589708,-5.606326076,17.98443797,3.937217785,1.205607441,1.532808524,-1.336712844,-16.59072876,60.99168548,51.01489791,-79.33776855,-49.07532897,62.95170479,41.78836669,1,1
220.529609,15,1571923054,AUT,FALSE,TRUE,TRUE,600.367967,186.425555,132.3614452,-179.7998756,-0.008606628,179.5725862,-7.676546521,10.07303984,3.749541631,-0.426944516,2.086358973,-0.73492796,-11.98584022,62.05678939,51.08353157,-76.58818244,-49.28372314,64.17748718,44.85443802,1,1
220.6302459,15,1571923054,AUT,FALSE,TRUE,TRUE,600.367967,186.425555,132.3614452,-179.7998756,-0.008606628,179.5725862,-7.676546521,10.07303984,3.749541631,-0.426944516,2.086358973,-0.73492796,-11.98584022,62.05678939,51.08353157,-76.58818244,-49.28372314,64.17748718,44.85443802,1,1
220.7312469,15,1571923054,AUT,FALSE,TRUE,TRUE,609.1674518,226.5179405,133.8901642,-179.9460647,0.010986668,179.844754,-4.109095872,6.892651954,3.70585426,0.291743836,1.418668231,-0.384236181,-6.709714506,63.78471222,50.63919296,-71.54533424,-49.08178894,66.30889663,46.43254166,1,1
220.831908,15,1571923054,AUT,FALSE,TRUE,TRUE,618.3008706,247.3225709,132.3062792,179.9321134,-0.087507322,-179.9008636,2.487536329,-3.039704228,-0.23033426,-1.091220519,0.272879361,0.101541734,-3.439053725,65.43692207,50.10803146,-67.28139953,-48.92345397,67.93669281,46.52509117,1,1
220.9325478,15,1571923054,AUT,FALSE,TRUE,TRUE,625.72334,260.1794941,131.3763395,179.8859824,-0.220289632,-179.8003478,7.259004528,-5.601908556,-1.504842481,-1.534326394,-0.369371951,0.52213432,-1.364903637,66.79828949,49.93805923,-63.96327095,-48.89465881,69.28474617,46.21519775,1,1
221.033201,15,1571923055,AUT,FALSE,TRUE,TRUE,629.0497425,265.4443069,133.2672454,179.8858,-0.326296645,-179.6787945,7.259004528,-5.601908556,-1.504842481,-1.534326394,-0.369371951,0.52213432,-0.458946988,67.32890167,50.00623626,-62.34581909,-48.89439514,70.19000931,46.01294632,1,1
221.133688,15,1571923055,AUT,FALSE,TRUE,TRUE,629.0497425,265.4443069,133.2672454,179.8858,-0.326296645,-179.6787945,12.09401563,-4.47722344,-2.609252362,-0.967171344,-1.037729987,0.732214162,-0.458946988,67.32890167,50.00623626,-62.34581909,-48.89439514,70.19000931,46.01294632,1,1
221.2342288,15,1571923055,AUT,FALSE,TRUE,TRUE,623.6912312,268.3594542,138.0787944,179.9326,-0.624056671,-179.6316333,11.04655779,0.393829866,-1.719812475,0.337027316,-0.256100622,0.56926524,-0.436613844,66.83422164,50.39596596,-62.93151741,-48.72215698,70.62907448,46.47570419,1,1
221.3347249,15,1571923055,AUT,FALSE,TRUE,TRUE,608.2299171,269.6190848,141.8078532,179.869504,-0.856761718,-179.5016565,11.04655779,0.393829866,-1.719812475,0.337027316,-0.256100622,0.56926524,-1.016352081,65.21026039,50.52131309,-66.23024483,-48.31318542,69.87665863,48.20384674,1,1
221.4351158,15,1571923055,AUT,FALSE,TRUE,TRUE,608.2299171,269.6190848,141.8078532,179.869504,-0.856761718,-179.5016565,13.91301842,-2.359747174,-0.65968359,0.171971726,-0.039350986,0.832125346,-1.016352081,65.21026039,50.52131309,-66.23024483,-48.31318542,69.87665863,48.20384674,1,1
221.535651,15,1571923055,AUT,FALSE,TRUE,TRUE,585.3373645,269.2011976,141.0392391,179.9321109,-0.888624491,-179.5257063,11.8382541,1.379170818,-0.643214558,0.681400151,0.267556258,0.653461349,-2.112420269,63.10767288,50.54877204,-71.51126289,-48.08031372,67.73973198,50.60883979,1,1
221.6362519,15,1571923055,AUT,FALSE,TRUE,TRUE,547.1717564,267.3941104,138.890359,-179.9815329,-0.702075997,-179.6334346,3.535571655,2.045251322,-0.816466671,0.066511495,0.930468815,0.119084474,-3.469252394,60.53103561,50.71741218,-78.20048789,-48.14891784,63.96141014,54.66818848,1,1
221.7367399,15,1571923055,AUT,FALSE,TRUE,TRUE,547.1717564,267.3941104,138.890359,-179.9815329,-0.702075997,-179.6334346,3.535571655,2.045251322,-0.816466671,0.066511495,0.930468815,0.119084474,-3.469252394,60.53103561,50.71741218,-78.20048789,-48.14891784,63.96141014,54.66818848,1,1
221.8372619,15,1571923055,AUT,FALSE,TRUE,TRUE,516.0848492,263.0701121,140.9449303,-179.9272284,-0.506566259,-179.6309881,-0.582399775,6.203030824,1.035451312,0.674632927,1.050092749,-0.127523122,-5.245257562,56.82745857,51.22126923,-86.428125,-48.1445343,61.29877739,57.73212776,1,1
221.9378078,15,1571923055,AUT,FALSE,TRUE,TRUE,488.2951712,263.6358668,142.4648268,-179.8029199,-0.566279281,179.9446152,-5.805247632,16.05651035,4.710991795,1.393756738,1.895945412,-0.90478426,-6.167504881,54.52846298,51.89668464,-91.5771595,-47.90563659,59.0234848,60.24438171,1,1