Time/Second,Task_No,Time Stamp,OperationMode,isCollision,isCompliance,isReadyToMove,ToolPosition_x,ToolPosition_y,ToolPosition_z,ToolPosition_A,ToolPosition_b,ToolPosition_c,ToolForce_x,ToolForce_y,ToolForce_z,ToolTorque_x,ToolTorque_y,ToolTorque_z,JointPosition,JointPosition,JointPosition,JointPosition,JointPosition,JointPosition,JointPosition,Tool_Velocity,Tool_Acceleration
0,1,1572266572,AUT,FALSE,FALSE,TRUE,471.9629364,-400.0009386,169.9756128,-179.9937146,-0.010336061,-179.9982545,-1.482221164,-0.374310908,0.788918745,-0.197825146,0.310556602,0.073157629,-77.15569496,69.47668762,71.4936058,-78.18029365,-65.53939636,77.35106621,-5.114901356,0.5,1
0.100278139,1,1572266572,AUT,FALSE,FALSE,TRUE,471.9629364,-400.0009386,169.9756128,-179.9937146,-0.010336061,-179.9982545,-1.482221164,-0.374310908,0.788918745,-0.197825146,0.310556602,0.073157629,-77.15569496,69.47668762,71.4936058,-78.18029365,-65.53939636,77.35106621,-5.114901356,0.5,1
0.203495979,1,1572266572,AUT,FALSE,TRUE,TRUE,471.9321616,-400.2594644,170.0791493,179.9744171,-0.019089947,-179.9910862,-0.499336361,-0.227204746,0.806393448,-0.05677537,0.102772919,0.198334567,-77.15555763,69.47687301,71.49362983,-78.14605408,-65.53950622,77.37382164,-5.11618195,1,1
0.30403614,1,1572266572,AUT,FALSE,TRUE,TRUE,472.5041767,-400.1442593,170.1579251,179.9927906,0.064171482,-179.9786499,-0.499336361,-0.227204746,0.806393448,-0.05677537,0.102772919,0.198334567,-77.12071037,69.47859649,71.49409675,-78.11632233,-65.53952819,77.32143402,-5.116847994,1,1
0.404601097,1,1572266572,AUT,FALSE,TRUE,TRUE,472.5041767,-400.1442593,170.1579251,179.9927906,0.064171482,-179.9786499,-4.699486239,-0.110763653,1.097025511,-0.080709436,0.484455052,0.178115354,-77.12071037,69.47859649,71.49409675,-78.11632233,-65.53952819,77.32143402,-5.116847994,1,1
0.50509119,1,1572266573,AUT,FALSE,TRUE,TRUE,478.7998944,-399.2753384,171.4312943,-179.9387807,0.502984843,-179.9092148,-14.60512341,-1.261844313,0.977216086,-0.207878181,1.10857999,0.217124423,-76.52381973,69.55903015,71.51923484,-77.48619804,-65.53946228,77.1446022,-5.113349538,1,1
0.605619192,1,1572266573,AUT,FALSE,TRUE,TRUE,494.5484249,-396.9757893,173.746171,179.9395865,0.644201062,-179.9991031,-13.60185416,-4.449311633,1.060170223,-0.368556152,0.765042716,0.286774614,-74.54291954,70.09645386,71.60209236,-75.16536026,-65.54122558,77.84594536,-5.036462406,1,1
0.706180096,1,1572266573,AUT,FALSE,TRUE,TRUE,494.5484249,-396.9757893,173.746171,179.9395865,0.644201062,-179.9991031,-13.60185416,-4.449311633,1.060170223,-0.368556152,0.765042716,0.286774614,-74.54291954,70.09645386,71.60209236,-75.16536026,-65.54122558,77.84594536,-5.036462406,1,1
0.806708097,1,1572266573,AUT,FALSE,TRUE,TRUE,533.4824357,-394.8482495,174.7641202,179.9108918,0.540427722,-179.9245913,-6.287000841,-1.789195621,1.022129873,0.058822846,0.310048714,0.462843297,-70.62918434,71.26394004,71.23851699,-67.94365539,-65.86322387,79.83869362,-5.811084369,1,1
0.907278061,1,1572266573,AUT,FALSE,TRUE,TRUE,533.4824357,-394.8482495,174.7641202,179.9108918,0.540427722,-179.9245913,-6.287000841,-1.789195621,1.022129873,0.058822846,0.310048714,0.462843297,-70.62918434,71.26394004,71.23851699,-67.94365539,-65.86322387,79.83869362,-5.811084369,1,1
1.007825136,1,1572266573,AUT,FALSE,TRUE,TRUE,559.4268211,-395.4044174,176.4342602,179.8992736,0.455589427,-179.9007011,-1.138217136,-0.621064393,-1.527455523,-0.024791442,-0.393897708,0.483856307,-64.79669723,73.19888992,70.96706886,-62.22795982,-66.15034057,81.40846138,-6.966811756,1,1
1.10831809,1,1572266573,AUT,FALSE,TRUE,TRUE,559.4268211,-395.4044174,176.4342602,179.8992736,0.455589427,-179.9007011,-1.138217136,-0.621064393,-1.527455523,-0.024791442,-0.393897708,0.483856307,-64.79669723,73.19888992,70.96706886,-62.22795982,-66.15034057,81.40846138,-6.966811756,1,1
1.208916187,1,1572266573,AUT,FALSE,TRUE,TRUE,586.9209014,-405.2885707,182.395662,179.9574916,0.134032009,-179.8927864,10.41846904,-0.45925725,-1.90417668,0.087448184,-1.827933147,0.241161903,-61.06346741,74.39327888,70.76807899,-54.56605682,-66.31188354,83.76184616,-10.26922989,1,1
1.309523106,1,1572266573,AUT,FALSE,TRUE,TRUE,586.9209014,-405.2885707,182.395662,179.9574916,0.134032009,-179.8927864,10.41846904,-0.45925725,-1.90417668,0.087448184,-1.827933147,0.241161903,-61.06346741,74.39327888,70.76807899,-54.56605682,-66.31188354,83.76184616,-10.26922989,1,1
1.410366058,1,1572266573,AUT,FALSE,TRUE,TRUE,596.0923082,-412.7671116,185.9129077,-179.9665075,0.014615777,179.977524,7.341740181,5.53316761,-0.184658025,0.585223136,-1.251884992,-0.141154727,-57.89023132,75.49943046,70.56271706,-49.05068664,-66.31677246,85.44151153,-12.32600784,1,1
1.511391163,1,1572266574,AUT,FALSE,TRUE,TRUE,600.9698725,-413.0974617,186.8789468,-179.9149984,-0.014797733,179.9047361,7.258724191,6.135340465,-1.241297377,0.783836915,-1.326504513,-0.207512441,-56.88013801,75.82034797,70.54685554,-47.30701218,-66.33708618,85.95233459,-12.94322663,1,1
1.612064123,1,1572266574,AUT,FALSE,TRUE,TRUE,600.9698725,-413.0974617,186.8789468,-179.9149984,-0.014797733,179.9047361,7.258724191,6.135340465,-1.241297377,0.783836915,-1.326504513,-0.207512441,-56.88013801,75.82034797,70.54685554,-47.30701218,-66.33708618,85.95233459,-12.94322663,1,1
1.712565184,1,1572266574,AUT,FALSE,TRUE,TRUE,604.4946248,-406.4126243,186.6422036,-179.8559872,-0.071408948,179.8382492,0.610499472,3.383829069,-0.725689624,0.109499419,0.233939555,-0.699329665,-56.38523826,75.82318725,70.59772224,-47.47123031,-66.33309814,85.98199081,-12.3372036,1,1
1.813099146,1,1572266574,AUT,FALSE,TRUE,TRUE,608.7995678,-393.6629932,186.2572374,-179.763574,-0.100179276,179.7441499,-0.48862931,5.235181104,-0.631387674,0.235202898,0.471244589,-1.007673284,-55.94865875,75.68494834,70.76696663,-48.49508056,-66.3287091,85.82306328,-10.99953919,1,1
1.913640976,1,1572266574,AUT,FALSE,TRUE,TRUE,608.7995678,-393.6629932,186.2572374,-179.763574,-0.100179276,179.7441499,-0.48862931,5.235181104,-0.631387674,0.235202898,0.471244589,-1.007673284,-55.94865875,75.68494834,70.76696663,-48.49508056,-66.3287091,85.82306328,-10.99953919,1,1
2.014171124,1,1572266574,AUT,FALSE,TRUE,TRUE,614.6983527,-367.7259992,185.3825637,-179.7535067,-0.227584326,179.7189535,3.45006523,6.451639545,-0.514466353,0.632063714,0.307768831,-1.050853217,-55.27075767,75.17336998,70.96672211,-51.30604591,-66.27627685,85.31477394,-7.6825264,1,1
2.114725113,1,1572266574,AUT,FALSE,TRUE,TRUE,614.6983527,-367.7259992,185.3825637,-179.7535067,-0.227584326,179.7189535,3.45006523,6.451639545,-0.514466353,0.632063714,0.307768831,-1.050853217,-55.27075767,75.17336998,70.96672211,-51.30604591,-66.27627685,85.31477394,-7.6825264,1,1
2.215284109,1,1572266574,AUT,FALSE,TRUE,TRUE,617.0095749,-335.8869659,183.8110047,-179.7595953,-0.244175601,179.7228518,3.985168005,4.743779931,-1.415969858,0.442296959,0.119118143,-1.032303255,-55.03091926,74.37050628,71.21971664,-55.65685844,-66.17191772,84.29959259,-3.405171206,1,1
2.315775156,1,1572266574,AUT,FALSE,TRUE,TRUE,615.4931922,-302.0889129,183.5551882,-179.77158,-0.210853144,179.7530621,3.985168005,4.743779931,-1.415969858,0.442296959,0.119118143,-1.032303255,-55.04659538,73.34363822,71.652705,-60.56420059,-66.10446716,83.20845108,1.137246319,1,1
2.416316986,1,1572266574,AUT,FALSE,TRUE,TRUE,615.4931922,-302.0889129,183.5551882,-179.77158,-0.210853144,179.7530621,0.710590021,3.870157925,-2.140323569,0.45106525,0.407892651,-0.934759567,-55.04659538,73.34363822,71.652705,-60.56420059,-66.10446716,83.20845108,1.137246319,1,1
2.516849041,1,1572266575,AUT,FALSE,TRUE,TRUE,610.4405313,-261.0457995,185.7328903,-179.7999629,-0.117764271,179.7644025,-1.728626342,2.990649629,-1.317632693,0.326847866,0.378702766,-0.841602636,-55.01080055,71.88918571,72.37319869,-66.59737701,-65.92991088,82.00885391,6.904237744,1,1
2.617398977,1,1572266575,AUT,FALSE,TRUE,TRUE,610.4405313,-261.0457995,185.7328903,-179.7999629,-0.117764271,179.7644025,-1.728626342,2.990649629,-1.317632693,0.326847866,0.378702766,-0.841602636,-55.01080055,71.88918571,72.37319869,-66.59737701,-65.92991088,82.00885391,6.904237744,1,1
2.717921972,1,1572266575,AUT,FALSE,TRUE,TRUE,606.2398589,-227.393215,188.2616496,-179.8369384,0.075294619,179.7889867,-7.915767315,3.18378016,-0.888131905,0.457081408,0.835072357,-0.752912714,-54.64382286,70.7331356,72.91373978,-70.82370758,-65.73041015,81.05646629,11.26798668,1,1
2.818473101,1,1572266575,AUT,FALSE,TRUE,TRUE,606.2398589,-227.393215,188.2616496,-179.8369384,0.075294619,179.7889867,-7.915767315,3.18378016,-0.888131905,0.457081408,0.835072357,-0.752912714,-53.45865211,69.83899612,73.16257324,-73.5316967,-65.43140075,80.44758339,14.91819076,1,1
2.919061184,1,1572266575,AUT,FALSE,TRUE,TRUE,605.3969241,-197.1295161,190.145886,-179.806587,0.118520835,179.8055142,-8.408276227,3.377788567,0.50266416,0.335256931,0.933799856,-0.879497564,-53.45865211,69.83899612,73.16257324,-73.5316967,-65.43140075,80.44758339,14.91819076,1,1
3.019608974,1,1572266575,AUT,FALSE,TRUE,TRUE,607.5524264,-172.5401171,189.7745181,-179.7992942,0.075185956,179.7772132,-4.706914658,2.73600033,0.662074857,0.054356168,0.686757482,-0.973809189,-51.84115906,69.47321662,73.14260559,-74.73099174,-65.23037292,80.08679924,17.55769386,1,1
3.120604992,1,1572266575,AUT,FALSE,TRUE,TRUE,610.5379248,-150.0102379,188.1334323,-179.7512008,0.007739311,179.7451627,-3.748761914,4.791569523,0.039499118,0.213897521,0.662690298,-0.977304767,-50.07615394,69.40886421,73.10199738,-75.40177231,-65.22552795,79.84213028,19.83369026,1,1
3.221560001,1,1572266575,AUT,FALSE,TRUE,TRUE,613.0722849,-127.7721492,186.3653777,-179.8537159,-0.073603145,179.7447354,-0.671882825,3.323350407,-0.93048651,-0.019843887,0.644010019,-0.727377766,-48.26414451,69.38834724,73.03493958,-75.95551758,-65.2381018,79.62194023,22.21837234,1,1
3.322094202,1,1572266575,AUT,FALSE,TRUE,TRUE,613.0722849,-127.7721492,186.3653777,-179.8537159,-0.073603145,179.7447354,-0.671882825,3.323350407,-0.93048651,-0.019843887,0.644010019,-0.727377766,-48.26414451,69.38834724,73.03493958,-75.95551758,-65.2381018,79.62194023,22.21837234,1,1
3.422620058,1,1572266576,AUT,FALSE,TRUE,TRUE,614.5963603,-108.7459311,186.2177438,-179.8340248,-0.082070411,179.8290873,-0.215558543,2.253855107,-1.931694713,-0.045450261,0.582493373,-0.613813509,-46.71617088,69.24635582,73.02527161,-76.4587429,-65.25243896,79.49337959,24.17159042,1,1
3.523137093,1,1572266576,AUT,FALSE,TRUE,TRUE,615.1968306,-90.24883797,187.8036809,-179.8475146,-0.109618135,179.8766155,1.686247725,0.517844506,-1.567327629,-0.190318783,0.108366742,-0.644772311,-45.51795044,69.00127487,73.0687088,-76.85055656,-65.13700012,79.46251488,26.07643776,1,1
3.623673201,1,1572266576,AUT,FALSE,TRUE,TRUE,615.1968306,-90.24883797,187.8036809,-179.8475146,-0.109618135,179.8766155,1.686247725,0.517844506,-1.567327629,-0.190318783,0.108366742,-0.644772311,-45.51795044,69.00127487,73.0687088,-76.85055656,-65.13700012,79.46251488,26.07643776,1,1
3.724251986,1,1572266576,AUT,FALSE,TRUE,TRUE,614.4695914,-78.21050498,188.4458398,-179.8858816,-0.119336373,179.9043171,-0.414846568,1.106753305,-0.467553271,-0.027525367,0.560043599,-0.559932204,-44.37399216,68.67799186,73.05652771,-77.46027718,-64.93383544,79.34015808,27.38942756,1,1
3.824840069,1,1572266576,AUT,FALSE,TRUE,TRUE,615.4555887,-73.12437452,187.8696358,-179.9187898,0.031156877,-179.9916619,-3.886538042,-0.766117843,0.476632333,-0.226366318,0.601153421,-0.467991999,-43.82720604,68.5492321,72.84455338,-77.56240539,-64.93021545,79.06176796,27.95304679,1,1
3.925408125,1,1572266576,AUT,FALSE,TRUE,TRUE,619.6284072,-74.9552985,186.7431113,-179.9798049,0.243091178,-179.9327208,-6.997451653,0.551300174,0.157069803,-0.092507965,0.337651722,-0.321747772,-43.46024551,68.64557876,72.43493499,-76.81083069,-64.93025939,78.8331562,27.54925117,1,1
4.025943995,1,1572266576,AUT,FALSE,TRUE,TRUE,619.6284072,-74.9552985,186.7431113,-179.9798049,0.243091178,-179.9327208,-6.997451653,0.551300174,0.157069803,-0.092507965,0.337651722,-0.321747772,-43.46024551,68.64557876,72.43493499,-76.81083069,-64.93025939,78.8331562,27.54925117,1,1
4.126471043,1,1572266576,AUT,FALSE,TRUE,TRUE,628.2412389,-81.17864959,186.9398792,-179.961098,0.413929486,-179.9807404,-8.998797007,0.870563062,-1.02212765,-0.258513658,0.203953328,-0.311487221,-42.95580826,69.06214942,72.12894516,-74.88609809,-64.935,79.09046288,26.17265396,1,1
4.22706008,1,1572266576,AUT,FALSE,TRUE,TRUE,641.2799583,-89.1813315,189.7616694,-179.9436467,0.527112547,179.9534292,-10.37591738,3.476843564,-1.36587065,-0.17868281,0.256763476,-0.419123974,-41.99101639,69.72212906,71.97414436,-71.56532249,-64.94678283,79.97452583,24.15297203,1,1
4.327606201,1,1572266576,AUT,FALSE,TRUE,TRUE,655.9023762,-95.65335494,193.3775624,-179.9314665,0.431554645,179.8773612,-5.851138067,5.534495247,-0.372419653,0.318450052,0.013852274,-0.402591164,-40.49225807,70.54144478,71.89512519,-67.48956985,-64.9623175,81.33505211,21.98282203,1,1
4.428187132,1,1572266577,AUT,FALSE,TRUE,TRUE,670.3141643,-96.86415442,194.8498101,-179.951188,0.355322332,179.8325216,-2.825290814,3.223477022,0.065432241,0.318450052,0.013852274,-0.402591164,-38.58134422,71.43270721,71.73247261,-63.57806625,-65.11161071,82.46470069,20.36347503,1,1
4.52878499,1,1572266577,AUT,FALSE,TRUE,TRUE,670.3141643,-96.86415442,194.8498101,-179.951188,0.355322332,179.8325216,-2.825290814,3.223477022,0.065432241,-0.362970666,-0.304709384,-0.104078305,-38.58134422,71.43270721,71.73247261,-63.57806625,-65.11161071,82.46470069,20.36347503,1,1
4.629325151,1,1572266577,AUT,FALSE,TRUE,TRUE,683.7649094,-93.53411451,193.81083,-179.9642141,0.386100329,179.8214705,-4.704523493,2.560960255,-0.286297519,-0.440469287,-0.264272956,0.043667667,-36.46093483,72.31416092,71.38697319,-60.08817673,-65.28440368,83.13994102,19.28523559,1,1
4.729945183,1,1572266577,AUT,FALSE,TRUE,TRUE,699.4622634,-86.83328284,192.0541062,179.9783054,0.293843426,179.8178229,0.39200676,2.065987362,-1.089601067,-0.358789956,-0.440515981,0.074742337,-33.56418686,73.4332489,70.91606826,-55.68307113,-65.46521118,84.03344193,18.14200172,1,1
4.830806017,1,1572266577,AUT,FALSE,TRUE,TRUE,699.4622634,-86.83328284,192.0541062,179.9783054,0.293843426,179.8178229,0.39200676,2.065987362,-1.089601067,-0.358789956,-0.440515981,0.074742337,-33.56418686,73.4332489,70.91606826,-55.68307113,-65.46521118,84.03344193,18.14200172,1,1
4.931471109,1,1572266577,AUT,FALSE,TRUE,TRUE,708.8657805,-77.38221463,190.9517762,-179.9183641,0.123185496,179.7240085,5.493944119,5.723712964,-1.912749114,0.024371905,-0.919523401,-0.254354213,-31.40135307,74.1773838,70.75143814,-52.89737778,-65.55958374,84.72863617,17.64095993,1,1
5.032227993,1,1572266577,AUT,FALSE,TRUE,TRUE,714.0938939,-61.61334545,190.5847039,-179.8683167,0.03381483,179.6950464,7.995584865,3.937633279,-3.001176594,-0.360677388,-1.439151868,-0.593590445,-29.50922928,74.56041526,70.75883331,-51.55715561,-65.68242187,85.09761199,18.28815422,1,1
5.132803202,1,1572266577,AUT,FALSE,TRUE,TRUE,715.8328833,-41.40195324,191.2678325,-179.831733,0.043506174,179.6943826,0.189548587,5.850819182,-1.818918076,0.298233066,1.31E-06,-0.525371288,-27.82298927,74.55350418,70.79393463,-51.43602791,-65.68493225,85.16093101,19.87298698,1,1
5.233360052,1,1572266577,AUT,FALSE,TRUE,TRUE,715.8328833,-41.40195324,191.2678325,-179.831733,0.043506174,179.6943826,0.189548587,5.850819182,-1.818918076,0.298233066,1.31E-06,-0.525371288,-26.05796013,74.36786956,70.81410828,-51.48722762,-65.67102355,85.24793586,21.75610542,1,1
5.333862066,1,1572266577,AUT,FALSE,TRUE,TRUE,716.6932743,-19.28704813,193.3737845,-179.9220855,0.103411301,179.7776556,-1.071563833,1.782309969,-1.429007826,-0.336570242,-0.141216734,-0.467519993,-26.05796013,74.36786956,70.81410828,-51.48722762,-65.67102355,85.24793586,21.75610542,1,1
5.434429169,1,1572266578,AUT,FALSE,TRUE,TRUE,716.764871,-0.934590851,195.053752,-179.8552468,0.091916939,179.7942543,-2.219270978,4.463374277,-0.885604572,0.326023345,0.049960466,-0.49651373,-24.58721351,74.22494087,70.83326225,-51.48141518,-65.59194946,85.3711853,23.15702018,1,1
5.535008192,1,1572266578,AUT,FALSE,TRUE,TRUE,716.6701772,16.68059409,195.6182708,-179.875223,0.113864113,179.7899364,-3.303687062,6.401340351,-0.904032241,0.590713604,0.087502245,-0.587465132,-23.17499656,74.17498054,70.83519173,-51.46653556,-65.57002075,85.38390198,24.57937546,1,1
5.635537148,1,1572266578,AUT,FALSE,TRUE,TRUE,716.6701772,16.68059409,195.6182708,-179.875223,0.113864113,179.7899364,-3.303687062,6.401340351,-0.904032241,0.590713604,0.087502245,-0.587465132,-21.77280121,74.18034324,70.83969612,-51.38721428,-65.56976806,85.36673241,25.8954895,1,1
5.736073971,1,1572266578,AUT,FALSE,TRUE,TRUE,716.4800841,33.83477252,195.807992,-179.8728348,0.175102319,179.7518013,-2.938471693,5.489231416,-1.373700961,0.347734174,-0.231177337,-0.604452163,-21.77280121,74.18034324,70.83969612,-51.38721428,-65.56976806,85.36673241,25.8954895,1,1
5.836644173,1,1572266578,AUT,FALSE,TRUE,TRUE,716.1122351,56.91703723,196.1366055,-179.8894711,0.211064402,179.734361,-3.596512936,6.528167229,-1.042265805,0.449618933,-0.269236874,-0.445533948,-19.8236206,74.21492271,70.82785835,-51.11067466,-65.5737561,85.37517471,27.61845131,1,1
5.937122107,1,1572266578,AUT,FALSE,TRUE,TRUE,715.5827826,71.59608428,196.1463188,-179.9443511,0.153145783,179.7947757,0.437402325,1.032127047,-1.28997363,-0.540596632,-0.848394834,-0.306600951,-18.43761291,74.26897888,70.7613018,-50.77573242,-65.58068298,85.50493698,28.72093277,1,1
6.037657976,1,1572266578,AUT,FALSE,TRUE,TRUE,715.5827826,71.59608428,196.1463188,-179.9443511,0.153145783,179.7947757,0.437402325,1.032127047,-1.28997363,-0.540596632,-0.848394834,-0.306600951,-18.43761291,74.26897888,70.7613018,-50.77573242,-65.58068298,85.50493698,28.72093277,1,1
6.138244152,1,1572266578,AUT,FALSE,TRUE,TRUE,714.1087561,82.72420384,196.1549787,-179.9566144,-0.021349266,179.8778928,2.602029755,1.483440115,-1.074610485,-0.330257163,-0.585888586,-0.15185791,-17.44751816,74.30227432,70.75659141,-50.62766418,-65.58085876,85.72228431,29.58718758,1,1
6.238785982,1,1572266578,AUT,FALSE,TRUE,TRUE,711.2566053,89.83787026,195.2875396,-179.9943423,-0.259339635,179.9769608,5.718483214,0.871247405,-1.064134422,-0.096900643,-0.150866608,0.094842731,-16.9636013,74.29201927,70.76931496,-50.98046264,-65.57323974,85.84541015,30.40829201,1,1
6.33931303,1,1572266578,AUT,FALSE,TRUE,TRUE,705.966923,94.87577542,193.5105229,179.961256,-0.466778262,-179.9498729,7.266458861,1.065797964,-1.236589634,0.290947355,0.226811235,0.327671614,-17.07190933,74.15328254,70.80735511,-52.22808036,-65.5284375,85.66423187,31.48161163,1,1
6.44009614,1,1572266579,AUT,FALSE,TRUE,TRUE,697.3163257,98.7116421,191.1617105,179.9216112,-0.584494522,-179.8503138,9.186120023,-0.148815517,-0.762222319,0.290947355,0.226811235,0.327671614,-17.76338539,73.76583252,70.84716339,-54.65059318,-65.4549884,85.09507141,33.02954063,1,1
6.540911198,1,1572266579,AUT,FALSE,TRUE,TRUE,697.3163257,98.7116421,191.1617105,179.9216112,-0.584494522,-179.8503138,9.186120023,-0.148815517,-0.762222319,0.376529812,0.184625076,0.660602262,-17.76338539,73.76583252,70.84716339,-54.65059318,-65.4549884,85.09507141,33.02954063,1,1
6.641601086,1,1572266579,AUT,FALSE,TRUE,TRUE,684.7069489,99.94503389,189.3091583,179.8643248,-0.615531499,-179.7438745,8.457987386,0.670742344,-1.427002307,0.891167959,0.136474089,0.795949504,-19.17322311,73.04038467,70.95568771,-58.31543312,-65.32962341,84.19255829,34.98147812,1,1
6.742185116,1,1572266579,AUT,FALSE,TRUE,TRUE,669.6942511,96.66996082,188.2348056,179.917848,-0.559751596,-179.7388062,5.852308621,-1.591468728,-1.329719846,0.450742191,0.258131839,0.46276537,-21.32559585,72.02438621,71.12007751,-62.70819969,-65.0838208,83.01386947,36.75229911,1,1
6.842852116,1,1572266579,AUT,FALSE,TRUE,TRUE,651.9532423,90.85263285,187.9709237,-179.9844361,-0.458578573,-179.7822175,2.09296084,0.971203922,-0.922724496,0.22494603,0.52388899,0.011501049,-23.99323425,70.7753025,71.40618896,-67.67318573,-64.77505554,81.6662693,38.47848473,1,1
6.943387032,1,1572266579,AUT,FALSE,TRUE,TRUE,651.9532423,90.85263285,187.9709237,-179.9844361,-0.458578573,-179.7822175,2.09296084,0.971203922,-0.922724496,0.22494603,0.52388899,0.011501049,-26.63637657,69.51249618,71.79051475,-72.33893509,-64.5038031,80.36435852,40.01587371,1,1
7.043946028,1,1572266579,AUT,FALSE,TRUE,TRUE,634.5228619,84.56400525,188.5537659,-179.9223245,-0.285085712,-179.8693688,-3.466027039,5.911964683,-2.191736089,0.801219859,0.646104706,-0.403532507,-26.63637657,69.51249618,71.79051475,-72.33893509,-64.5038031,80.36435852,40.01587371,1,1
7.144443035,1,1572266579,AUT,FALSE,TRUE,TRUE,620.8700975,79.30206407,189.9613042,-179.8520312,-0.053572038,-179.9685207,-8.248222913,5.57790977,-1.763082764,0.424078146,0.92466698,-0.815876169,-28.78092842,68.44041252,72.18071136,-75.92524338,-64.2911737,79.3146389,41.08542709,1,1
7.244978189,1,1572266579,AUT,FALSE,TRUE,TRUE,612.8774201,77.38995739,191.1127422,-179.7560844,0.013945681,179.8934042,-10.20806715,11.27416119,-0.118682488,1.204035042,1.357494575,-1.085010914,-29.95042991,67.77948875,72.41703071,-77.89194717,-64.02966064,78.72805137,41.62658615,1,1
7.345508099,1,1572266579,AUT,FALSE,TRUE,TRUE,609.20941,82.74369276,190.7100245,-179.7897941,0.054221807,179.7397005,-9.139232742,12.80246217,1.05059157,1.199903986,1.385878726,-1.078997397,-29.88148384,67.58139153,72.46651039,-78.64911461,-63.90944824,78.37172356,42.41695289,1,1
7.445997,1,1572266580,AUT,FALSE,TRUE,TRUE,609.20941,82.74369276,190.7100245,-179.7897941,0.054221807,179.7397005,-9.139232742,12.80246217,1.05059157,1.199903986,1.385878726,-1.078997397,-29.88148384,67.58139153,72.46651039,-78.64911461,-63.90944824,78.37172356,42.41695289,1,1
7.546528101,1,1572266580,AUT,FALSE,TRUE,TRUE,608.3994751,94.96848354,188.9839748,-179.8234196,0.099763836,179.6415654,-8.312024759,11.48210117,0.724281118,0.823886697,1.118314504,-0.790524354,-28.74567947,67.73008118,72.35967864,-78.55617714,-63.96118286,78.16382103,43.51151733,1,1
7.647126198,1,1572266580,AUT,FALSE,TRUE,TRUE,610.3931552,110.5713053,187.0970907,-179.9083714,0.176612348,179.5924893,-5.81817207,8.294487487,-0.025611126,0.144514276,0.644894682,-0.528611278,-26.87630424,68.10165939,72.13989715,-77.67475433,-64.13644775,78.14921951,44.63672676,1,1
7.747613192,1,1572266580,AUT,FALSE,TRUE,TRUE,613.8565278,128.4949957,185.9417985,-179.948437,0.143103304,179.626403,-2.583836104,4.751760196,-1.208103112,0.060757405,0.314789816,-0.245243002,-24.53732185,68.58377723,71.88217849,-76.14321556,-64.25211181,78.47129745,45.59045677,1,1
7.848153114,1,1572266580,AUT,FALSE,TRUE,TRUE,613.8565278,128.4949957,185.9417985,-179.948437,0.143103304,179.626403,-2.583836104,4.751760196,-1.208103112,0.060757405,0.314789816,-0.245243002,-24.53732185,68.58377723,71.88217849,-76.14321556,-64.25211181,78.47129745,45.59045677,1,1
7.948674202,1,1572266580,AUT,FALSE,TRUE,TRUE,617.2800355,147.9443021,186.0428137,-179.9271634,0.077341949,179.6373749,-1.327950469,7.582737921,-1.322617048,-0.009068099,0.252746664,-0.227456622,-21.97410507,69.08397102,71.72733993,-74.31347694,-64.3198645,79.00288124,46.47062301,1,1
8.049163103,1,1572266580,AUT,FALSE,TRUE,TRUE,619.9929102,171.2940744,187.519492,-179.9651967,0.054464029,179.675267,0.179091621,3.847312673,-1.471454,-0.57631978,-0.031614338,-0.11312875,-19.60207786,69.44361534,71.63963127,-72.64357566,-64.35187316,79.67168769,47.60065269,1,1
8.149747133,1,1572266580,AUT,FALSE,TRUE,TRUE,619.9929102,171.2940744,187.519492,-179.9651967,0.054464029,179.675267,0.179091621,3.847312673,-1.471454,-0.57631978,-0.031614338,-0.11312875,-16.79115715,69.77634659,71.52668495,-70.71746979,-64.35051086,80.1484909,48.43527718,1,1
8.250692129,1,1572266580,AUT,FALSE,TRUE,TRUE,621.1767641,188.9830884,189.1262487,-179.9673273,0.067792333,179.6919977,0.082457475,3.67490641,-1.332247362,-0.646755465,-0.058445689,-0.179849472,-16.79115715,69.77634659,71.52668495,-70.71746979,-64.35051086,80.1484909,48.43527718,1,1
8.351476192,1,1572266580,AUT,FALSE,TRUE,TRUE,621.2864016,205.7261624,190.7121235,-179.9440925,0.057211471,179.6700824,0.00543619,4.054788709,-1.32964333,-0.642025797,-0.145183279,-0.221711769,-14.77786102,70.01379204,71.51301384,-69.39097022,-64.34796203,80.5932106,49.22857589,1,1
8.452003002,1,1572266581,AUT,FALSE,TRUE,TRUE,619.5263722,222.2246645,191.628937,-179.9438624,-0.035318338,179.7128915,0.6750319,4.698467427,0.35141246,-0.277845093,0.00408533,0.023980476,-12.8704216,70.22856445,71.49869728,-68.32699928,-64.34488586,81.01953506,50.20509224,1,1
8.552541018,1,1572266581,AUT,FALSE,TRUE,TRUE,619.5263722,222.2246645,191.628937,-179.9438624,-0.035318338,179.7128915,0.6750319,4.698467427,0.35141246,-0.277845093,0.00408533,0.023980476,-12.8704216,70.22856445,71.49869728,-68.32699928,-64.34488586,81.01953506,50.20509224,1,1
8.653057098,1,1572266581,AUT,FALSE,TRUE,TRUE,614.2758719,240.8934336,190.0891938,-179.9464596,-0.136149053,179.7856475,2.581801977,4.119495248,-0.929394735,-0.272821191,-0.145205018,-0.007088505,-10.86219978,70.43532028,71.32529869,-67.81521148,-64.34920898,81.10951996,51.67333259,1,1
8.753582001,1,1572266581,AUT,FALSE,TRUE,TRUE,609.4692523,252.1374106,188.9101963,-179.9821847,-0.157376427,179.8820763,1.867624432,2.569531908,-1.136473846,-0.378165758,0.279247048,-0.061037348,-9.741614913,70.46584511,71.18360939,-67.85516395,-64.3651831,81.04653739,52.82181244,1,1
8.854147196,1,1572266581,AUT,FALSE,TRUE,TRUE,603.5133092,260.9448176,188.2025717,-179.9628933,-0.264966794,179.9173112,3.148473299,4.092188251,-1.630188122,0.215814114,0.334858084,-0.002663256,-9.024001688,70.43979034,71.22541923,-68.26940002,-64.35521301,81.00761489,53.89304809,1,1
8.954627991,1,1572266581,AUT,FALSE,TRUE,TRUE,603.5133092,260.9448176,188.2025717,-179.9628933,-0.264966794,179.9173112,3.148473299,4.092188251,-1.630188122,0.215814114,0.334858084,-0.002663256,-9.024001688,70.43979034,71.22541923,-68.26940002,-64.35521301,81.00761489,53.89304809,1,1
9.055193186,1,1572266581,AUT,FALSE,TRUE,TRUE,594.4255281,268.9330245,187.3847802,179.9561311,-0.352136535,-179.9869303,4.723124568,1.173617498,-1.225867648,-0.116494218,0.249642588,0.364183857,-8.603901669,70.23129043,71.32663078,-69.43261871,-64.34826416,80.79464493,55.46484489,1,1
9.155725002,1,1572266581,AUT,FALSE,TRUE,TRUE,583.7032882,273.1310899,186.6560691,179.9019925,-0.334611686,-179.8375238,3.144431993,0.300824058,-1.613799941,0.206543649,0.345883806,0.621228769,-8.708103556,69.74557113,71.38221473,-71.35483818,-64.31120178,80.33658371,57.12241058,1,1
9.256223202,1,1572266581,AUT,FALSE,TRUE,TRUE,572.4269205,273.1245843,186.3454479,179.9038649,-0.344121425,-179.7752826,4.162961713,1.089849778,-0.908627634,0.457557096,0.244227571,0.568745871,-9.36824455,69.05620651,71.44360428,-73.76045265,-64.09339782,79.68521118,58.56080932,1,1
9.356775999,1,1572266581,AUT,FALSE,TRUE,TRUE,572.4269205,273.1245843,186.3454479,179.9038649,-0.344121425,-179.7752826,4.162961713,1.089849778,-0.908627634,0.457557096,0.244227571,0.568745871,-9.36824455,69.05620651,71.44360428,-73.76045265,-64.09339782,79.68521118,58.56080932,1,1
9.457305193,1,1572266582,AUT,FALSE,TRUE,TRUE,558.5252603,270.9987983,185.867459,179.9202806,-0.421026983,-179.7939783,4.342066052,2.62112624,-0.58366617,0.637372949,0.281270853,0.534628383,-10.48527946,68.20605698,71.63180008,-76.82689476,-63.80199645,78.82039146,60.14177971,1,1
9.557784081,1,1572266582,AUT,FALSE,TRUE,TRUE,536.8727229,267.2930853,183.4448145,179.9744162,-0.395888822,-179.8164643,3.025782047,4.71708591,0.444948264,0.819318605,0.351323718,0.384195617,-12.19487571,67.01926231,71.93194656,-81.5926094,-63.65191772,77.31300888,62.64818687,1,1
9.658310175,1,1572266582,AUT,FALSE,TRUE,TRUE,536.8727229,267.2930853,183.4448145,179.9744162,-0.395888822,-179.8164643,3.025782047,4.71708591,0.444948264,0.819318605,0.351323718,0.384195617,-13.58095894,66.03718414,72.17575035,-85.56956749,-63.65058837,75.93661079,64.78291283,1,1
9.758841991,1,1572266582,AUT,FALSE,TRUE,TRUE,518.7121214,263.8490121,180.9684153,179.984482,-0.289781411,-179.8404405,-0.989669529,5.988388828,-0.20057295,0.912188867,0.560327216,0.181182711,-13.58095894,66.03718414,72.17575035,-85.56956749,-63.65058837,75.93661079,64.78291283,1,1
9.859350204,1,1572266582,AUT,FALSE,TRUE,TRUE,503.8603309,259.3950323,179.6158453,-179.9541548,-0.199914258,-179.8612836,-1.480945514,6.885123177,-0.019910909,0.774860208,0.483168301,-0.326788785,-14.87586593,65.10978355,72.40629844,-88.83543892,-63.60879089,74.79819031,66.36372528,1,1
9.960232973,1,1572266582,AUT,FALSE,TRUE,TRUE,487.4161697,257.8381695,180.6096773,-179.817945,-0.117803449,179.9351944,-3.739705704,12.01694523,-0.084538576,1.101291971,0.807576811,-0.875134116,-16.01018371,64.13911056,72.98232536,-92.0269741,-63.47707031,73.81200599,68.07300911,1,1
10.06097698,1,1572266582,AUT,FALSE,TRUE,TRUE,487.4161697,257.8381695,180.6096773,-179.817945,-0.117803449,179.9351944,-3.739705704,12.01694523,-0.084538576,1.101291971,0.807576811,-0.875134116,-16.01018371,64.13911056,72.98232536,-92.0269741,-63.47707031,73.81200599,68.07300911,1,1
10.16176105,1,1572266582,AUT,FALSE,TRUE,TRUE,479.5973602,260.6996217,181.8348519,-179.8854426,-0.035653559,179.9185936,-6.111864204,10.04653306,1.379877323,0.886914871,1.170473053,-0.669911311,-15.99678039,63.64796333,73.22563133,-93.19366035,-63.37056884,73.49987411,69.22544402,1,1
10.26240015,1,1572266582,AUT,FALSE,TRUE,TRUE,478.133414,263.7910337,180.6466226,-179.8877119,-0.045305725,179.9375946,-3.379573808,7.672745642,3.083391128,0.438765884,0.893901717,-0.635227962,-15.5336071,63.55342941,72.95439606,-93.18954734,-63.25817871,73.27846527,69.52626343,1,1
10.36298704,1,1572266582,AUT,FALSE,TRUE,TRUE,478.2117033,266.6444009,176.3914982,-179.9196263,-0.134241429,179.9750582,-3.379573808,7.672745642,3.083391128,0.438765884,0.893901717,-0.635227962,-14.93261032,63.76707916,72.37954674,-92.9248043,-63.29324707,72.92420768,69.68434639,1,1
10.46348906,1,1572266583,AUT,FALSE,TRUE,TRUE,478.2117033,266.6444009,176.3914982,-179.9196263,-0.134241429,179.9750582,-0.309904126,4.361419413,1.136147756,0.098742237,0.364783212,-0.282697683,-14.93261032,63.76707916,72.37954674,-92.9248043,-63.29324707,72.92420768,69.68434639,1,1
10.56402612,1,1572266583,AUT,FALSE,TRUE,TRUE,477.150311,269.354889,169.9317578,-179.9565012,-0.175745301,-179.9660438,1.034813362,4.214948358,-1.316839416,0.093580999,0.701400525,-0.184261179,-14.35641174,64.21140403,71.77946663,-92.91376648,-63.67657104,72.43547744,70.13823967,1,1
10.66458321,1,1572266583,AUT,FALSE,TRUE,TRUE,476.7832496,270.7145232,168.5181742,-179.9603033,-0.105890845,-179.960631,-0.061328771,2.625109716,-2.155938286,-0.191819952,0.541895102,-0.141806464,-14.17373657,64.43870429,71.78377189,-92.92122688,-63.98689086,72.40031776,70.41744003,1,1
18.19997716,2,1572266590,AUT,FALSE,FALSE,TRUE,471.9526218,-400.026626,169.9437227,-179.9945972,-0.010642242,-179.9966689,-1.605164069,-0.505420035,0.794691289,-0.233235111,0.254148045,0.079149459,-77.24836464,69.73891411,71.86035003,-78.17963448,-65.904505,77.59834442,-5.00031395,1,1
18.30073619,2,1572266590,AUT,FALSE,TRUE,TRUE,471.9192425,-400.0492958,169.9380966,-179.9984325,-0.020223435,-179.9985628,-0.858776261,-0.001237922,0.131701414,-0.177911536,0.104278699,0.076413644,-77.24803504,69.74153709,71.86081009,-78.17477303,-65.9051477,77.60977707,-5.000262456,1,1
18.40146518,2,1572266590,AUT,FALSE,TRUE,TRUE,471.9247459,-400.0720538,169.8160355,179.992722,-0.019996459,179.9863922,-0.793666813,-0.136184878,0.228625462,-0.198177681,0.083672138,0.085891042,-77.24794578,69.75656089,71.86109161,-78.16594963,-65.90565307,77.60976677,-5.00032425,1,1
18.50205302,2,1572266591,AUT,FALSE,TRUE,TRUE,471.9247459,-400.0720538,169.8160355,179.992722,-0.019996459,179.9863922,-0.793666813,-0.136184878,0.228625462,-0.198177681,0.083672138,0.085891042,-77.24794578,69.75656089,71.86109161,-78.16594963,-65.90565307,77.60976677,-5.00032425,1,1
18.60262513,2,1572266591,AUT,FALSE,TRUE,TRUE,471.9704153,-400.3076165,169.5286313,179.9496571,-0.011782258,179.9534874,-0.68630353,-0.007350034,0.129435649,-0.13059203,0.066001986,0.164987201,-77.24784622,69.80705338,71.86101608,-78.11504859,-65.90904235,77.60974273,-5.000983431,1,1
18.70319414,2,1572266591,AUT,FALSE,TRUE,TRUE,472.2556379,-400.1436867,169.3134328,179.9913278,-0.015795997,179.9727927,-1.094328231,0.455465827,0.258725122,-0.127810596,0.01453161,0.109169243,-77.21147804,69.83522301,71.86129074,-78.10153541,-65.95374023,77.60907326,-5.000877,1,1
18.80377197,2,1572266591,AUT,FALSE,TRUE,TRUE,472.2556379,-400.1436867,169.3134328,179.9913278,-0.015795997,179.9727927,-1.094328231,0.455465827,0.258725122,-0.127810596,0.01453161,0.109169243,-77.21147804,69.83522301,71.86129074,-78.10153541,-65.95374023,77.60907326,-5.000877,1,1
18.90443206,2,1572266591,AUT,FALSE,TRUE,TRUE,473.8982804,-399.0574634,168.870718,-179.8976331,0.019197915,179.9338346,-3.425051315,1.055100631,0.693284202,-0.079794715,0.167171477,-0.071142693,-77.00791854,69.92325783,71.86325798,-77.9894783,-65.97733886,77.60420837,-4.997440344,1,1
19.00497103,2,1572266591,AUT,FALSE,TRUE,TRUE,479.6346604,-397.5854594,169.1033176,-179.9120311,0.269731205,179.962081,-8.596068305,-0.48420615,1.162137262,-0.281728251,0.547013865,-0.225467265,-76.37589226,70.13402709,71.92664566,-77.39818382,-66.08588378,77.60199738,-4.824855425,1,1
19.10556102,2,1572266591,AUT,FALSE,TRUE,TRUE,491.2977305,-394.4824315,169.3672245,-179.9347662,0.47585191,179.9792864,-12.80966211,-0.017247049,1.636959751,-0.181266342,1.081735451,-0.242922272,-74.89033813,70.58339538,71.97318306,-75.94997291,-66.26402709,77.87084312,-4.5412571,1,1
19.20617604,2,1572266591,AUT,FALSE,TRUE,TRUE,507.7951784,-391.0941883,169.2872201,-179.9594819,0.599428937,179.9934809,-15.08296884,-0.549874803,0.375207724,-0.181266342,1.081735451,-0.242922272,-72.65929641,71.24142838,71.85761032,-73.53556594,-66.42123046,78.36841049,-4.413674931,1,1
19.30670118,2,1572266591,AUT,FALSE,TRUE,TRUE,507.7951784,-391.0941883,169.2872201,-179.9594819,0.599428937,179.9934809,-15.08296884,-0.549874803,0.375207724,-0.090061216,1.334928675,-0.185187667,-72.65929641,71.24142838,71.85761032,-73.53556594,-66.42123046,78.36841049,-4.413674931,1,1
19.4073,2,1572266591,AUT,FALSE,TRUE,TRUE,529.4362282,-387.687139,170.3052719,-179.9950909,0.652004902,-179.9838842,-12.27975271,-0.75935505,0.162251935,-0.195618417,0.75224765,0.060377427,-69.52013854,72.13924141,71.74347954,-69.86139106,-66.60711364,79.30973625,-4.568692019,1,1
19.50786209,2,1572266592,AUT,FALSE,TRUE,TRUE,553.8843177,-384.3079046,172.8235955,179.9702499,0.588397095,-179.9909061,-7.428155819,-0.530334047,-1.115295115,-0.220109805,0.140806193,0.18545025,-65.83756256,73.12553215,71.63428917,-65.19750595,-66.72522766,80.68913154,-5.1146061,1,1
19.60842609,2,1572266592,AUT,FALSE,TRUE,TRUE,576.8541838,-382.7513175,175.5059093,179.9513832,0.416579965,-179.9306206,0.839769335,-3.347014648,-0.128422679,-0.373656213,-0.657213321,0.260126506,-62.11580658,74.06905518,71.35745086,-60.00767097,-66.78078002,82.15532913,-6.161489869,1,1
19.70903015,2,1572266592,AUT,FALSE,TRUE,TRUE,576.8541838,-382.7513175,175.5059093,179.9513832,0.416579965,-179.9306206,0.839769335,-3.347014648,-0.128422679,-0.373656213,-0.657213321,0.260126506,-62.11580658,74.06905518,71.35745086,-60.00767097,-66.78078002,82.15532913,-6.161489869,1,1
19.80964613,2,1572266592,AUT,FALSE,TRUE,TRUE,594.9139352,-385.1834113,177.4116417,179.9861379,0.251734808,-179.8605345,1.828798607,-0.634773716,0.705090411,-0.030337843,-0.560855578,0.131420233,-58.95671883,74.9561943,70.93354683,-54.95482864,-66.78121398,83.44924736,-7.765239719,1,1
19.91064501,2,1572266592,AUT,FALSE,TRUE,TRUE,607.2002649,-389.4412341,178.0653216,-179.9368168,0.111567471,-179.9688318,7.529223489,2.888302673,0.581110106,0.511594364,-0.882795024,-0.359582715,-56.61922989,75.81979179,70.65392761,-50.66187973,-66.7788684,84.54472503,-9.546281438,1,1
20.01140809,2,1572266592,AUT,FALSE,TRUE,TRUE,618.4988093,-388.5709217,177.6527106,-179.831097,0.002149727,179.8128916,7.529223489,2.888302673,0.581110106,0.511594364,-0.882795024,-0.359582715,-54.48496742,76.64922866,70.60058899,-47.17064094,-66.85355346,85.43398246,-10.69614831,1,1
20.11203504,2,1572266592,AUT,FALSE,TRUE,TRUE,618.4988093,-388.5709217,177.6527106,-179.831097,0.002149727,179.8128916,8.424513297,8.261528923,-0.19534715,0.593205081,-1.4022083,-0.666553201,-54.48496742,76.64922866,70.60058899,-47.17064094,-66.85355346,85.43398246,-10.69614831,1,1
20.212569,2,1572266592,AUT,FALSE,TRUE,TRUE,624.5315862,-379.4500446,176.5517285,-179.7766037,-0.14901292,179.7205574,7.257035218,7.43284918,-0.045128128,0.273052657,-0.780752878,-0.941597312,-53.44415359,76.83703994,70.60080871,-46.77459754,-66.88114562,85.61244506,-10.05556984,1,1
20.31314802,2,1572266592,AUT,FALSE,TRUE,TRUE,628.1691317,-366.1989638,175.5254046,-179.7743778,-0.305600021,179.6797636,8.501178357,5.67050873,-1.028869536,0.014698905,-0.333198885,-1.027900359,-52.89458656,76.70917625,70.65510177,-47.85299835,-66.88014587,85.48599586,-8.509810644,1,1
20.41374302,2,1572266592,AUT,FALSE,TRUE,TRUE,628.9007894,-350.5269573,174.7323247,-179.7793543,-0.429824667,179.7144036,7.971693355,5.379337985,0.31805339,0.191287018,0.173800663,-0.962250397,-52.85822868,76.28385086,70.76348877,-50.15674553,-66.87233459,85.06092109,-6.311648944,1,1
20.51427007,2,1572266593,AUT,FALSE,TRUE,TRUE,628.9007894,-350.5269573,174.7323247,-179.7793543,-0.429824667,179.7144036,7.971693355,5.379337985,0.31805339,0.191287018,0.173800663,-0.962250397,-52.85822868,76.28385086,70.76348877,-50.15674553,-66.87233459,85.06092109,-6.311648944,1,1
20.61484218,2,1572266593,AUT,FALSE,TRUE,TRUE,627.069076,-331.9072845,173.189454,-179.784527,-0.458807345,179.7343435,5.745943899,4.490153097,0.612649358,0.304158307,0.573528163,-0.916735382,-53.22070198,75.66240578,70.88390236,-53.58939628,-66.80220336,84.25488166,-3.527105719,1,1
20.71541619,2,1572266593,AUT,FALSE,TRUE,TRUE,622.6800815,-309.3513118,171.6877229,-179.8042617,-0.429861993,179.7286701,3.554354965,5.400188557,-1.210312324,0.523161046,0.593414718,-0.830524014,-53.84115829,74.82628098,71.08506203,-57.96043739,-66.69927795,83.16852607,-0.092772675,1,1
20.81592798,2,1572266593,AUT,FALSE,TRUE,TRUE,616.3790818,-284.0129947,171.361187,-179.8354951,-0.342269551,179.7563884,-0.029614051,3.823087367,-0.634464321,0.413704954,0.637044095,-0.613202805,-54.49150772,73.83867874,71.46164589,-62.73711776,-66.67535522,82.05356483,3.776749419,1,1
20.91652012,2,1572266593,AUT,FALSE,TRUE,TRUE,609.2316846,-257.7125622,173.1706096,-179.8431888,-0.179578781,179.7711622,-0.029614051,3.823087367,-0.634464321,0.413704954,0.637044095,-0.613202805,-55.03598671,72.71539535,72.01449508,-67.46726418,-66.62861938,81.03921432,7.658778762,1,1
21.01711011,2,1572266593,AUT,FALSE,TRUE,TRUE,609.2316846,-257.7125622,173.1706096,-179.8431888,-0.179578781,179.7711622,-3.642460759,3.394955133,-2.052923744,0.467552948,0.932391963,-0.615061073,-55.03598671,72.71539535,72.01449508,-67.46726418,-66.62861938,81.03921432,7.658778762,1,1
21.117625,2,1572266593,AUT,FALSE,TRUE,TRUE,602.5394452,-231.8568052,177.4317865,-179.8378274,-0.126251409,179.7874592,-4.208874878,3.095789728,-1.698749322,0.333935532,0.764301886,-0.647558271,-55.18945198,71.56861839,72.66379051,-71.40206909,-66.45813354,80.47036628,11.26792144,1,1
21.21821404,2,1572266593,AUT,FALSE,TRUE,TRUE,596.6087913,-207.5288457,181.5460093,-179.8101659,-0.12576838,179.7695761,-3.193211625,3.882381022,-0.997007973,0.366203202,0.595807972,-0.705436376,-55.02158432,70.50304756,73.22243499,-74.65468483,-66.16203002,80.03742256,14.48039932,1,1
21.31879616,2,1572266593,AUT,FALSE,TRUE,TRUE,590.7423547,-181.7944455,183.5336589,-179.8210594,-0.087956613,179.7563882,-3.18141709,4.428224451,1.540170134,0.27435286,0.599194957,-0.773818745,-54.55752182,69.55257225,73.614925,-77.78139038,-65.87373229,79.37813988,17.86012344,1,1
21.41931605,2,1572266593,AUT,FALSE,TRUE,TRUE,590.7423547,-181.7944455,183.5336589,-179.8210594,-0.087956613,179.7563882,-3.18141709,4.428224451,1.540170134,0.27435286,0.599194957,-0.773818745,-54.55752182,69.55257225,73.614925,-77.78139038,-65.87373229,79.37813988,17.86012344,1,1
21.52020597,2,1572266594,AUT,FALSE,TRUE,TRUE,585.7172178,-155.9895662,182.9570873,-179.8221563,0.000596088,179.7549085,-5.003066993,4.877106979,1.036656178,0.398461501,0.750263448,-0.791713855,-53.74518242,68.80746231,73.77547989,-80.56055031,-65.71194213,78.50494651,21.18870277,1,1
21.62104797,2,1572266594,AUT,FALSE,TRUE,TRUE,583.4841214,-132.2401637,181.9581949,-179.8132829,0.129708383,179.7760061,-8.262396469,5.075868101,-0.777830046,0.479924507,0.915117754,-0.768774033,-52.49862899,68.29573631,73.79555397,-82.45117378,-65.6534674,77.75750885,24.10207786,1,1
21.72168899,2,1572266594,AUT,FALSE,TRUE,TRUE,585.6606792,-112.0340216,182.8081437,-179.896546,0.21754585,179.8242863,-6.45692566,1.028290875,-0.800541738,-0.207392971,0.435083679,-0.654071107,-50.8229084,68.02711029,73.81756783,-82.99774704,-65.58740112,77.55766411,26.33471603,1,1
21.82222414,2,1572266594,AUT,FALSE,TRUE,TRUE,585.6606792,-112.0340216,182.8081437,-179.896546,0.21754585,179.8242863,-6.45692566,1.028290875,-0.800541738,-0.207392971,0.435083679,-0.654071107,-50.8229084,68.02711029,73.81756783,-82.99774704,-65.58740112,77.55766411,26.33471603,1,1
21.92277002,2,1572266594,AUT,FALSE,TRUE,TRUE,593.2423398,-93.10003451,184.3107249,-179.9647761,0.315186033,179.9019319,-4.517348619,0.641482881,-0.643771403,-0.088558407,-0.191767813,-0.470575349,-48.4376358,67.99667472,73.6571846,-82.1800312,-65.49024902,77.71151046,27.94108543,1,1
22.02327514,2,1572266594,AUT,FALSE,TRUE,TRUE,605.5219722,-83.53365566,185.0419227,-179.9824181,0.460527457,179.9773162,-8.939864165,1.634227339,0.658447036,0.236982517,0.337690549,-0.209912966,-46.18324814,68.32923431,73.20236091,-79.96452141,-65.43107666,78.04804573,28.05847091,1,1
22.12381721,2,1572266594,AUT,FALSE,TRUE,TRUE,605.5219722,-83.53365566,185.0419227,-179.9824181,0.460527457,179.9773162,-8.939864165,1.634227339,0.658447036,0.236982517,0.337690549,-0.209912966,-46.18324814,68.32923431,73.20236091,-79.96452141,-65.43107666,78.04804573,28.05847091,1,1
22.22437119,2,1572266594,AUT,FALSE,TRUE,TRUE,630.5627104,-78.73670957,183.6655564,-179.9956002,0.414180093,179.9022118,-4.505830249,2.072919984,-0.123573538,-0.134942059,-0.15682379,-0.19124752,-43.3642456,69.35792541,72.51541328,-74.57945594,-65.43129089,79.15699539,26.36470184,1,1
22.32485318,2,1572266594,AUT,FALSE,TRUE,TRUE,630.5627104,-78.73670957,183.6655564,-179.9956002,0.414180093,179.9022118,-4.505830249,2.072919984,-0.123573538,-0.134942059,-0.15682379,-0.19124752,-43.3642456,69.35792541,72.51541328,-74.57945594,-65.43129089,79.15699539,26.36470184,1,1
22.42541599,2,1572266595,AUT,FALSE,TRUE,TRUE,652.6152158,-74.98560061,181.078728,-179.9984407,0.368896321,179.9011294,-3.40106466,2.825317238,-2.159086584,-0.07687333,-0.229425253,-0.005348533,-39.59669036,71.09731521,71.69023018,-69.27206383,-65.6704248,80.19826584,24.70563583,1,1
22.52597713,2,1572266595,AUT,FALSE,TRUE,TRUE,652.6152158,-74.98560061,181.078728,-179.9984407,0.368896321,179.9011294,-3.40106466,2.825317238,-2.159086584,-0.07687333,-0.229425253,-0.005348533,-36.68955688,72.27045936,71.51553039,-64.44822121,-65.87936828,81.52308654,23.16493721,1,1
22.62646818,2,1572266595,AUT,FALSE,TRUE,TRUE,671.5039196,-70.97763612,182.9351363,179.9926388,0.347701109,179.8727128,-1.990810146,5.566085228,-2.901180726,0.417902385,-0.096712795,0.051174264,-36.68955688,72.27045936,71.51553039,-64.44822121,-65.87936828,81.52308654,23.16493721,1,1
22.72708702,2,1572266595,AUT,FALSE,TRUE,TRUE,686.7719612,-66.68336282,187.8757136,-179.9916264,0.252577668,179.899523,-0.641336167,2.697112185,-1.048943559,-0.101532729,-0.570490798,0.161388014,-34.17819214,72.96220321,71.51234093,-60.15547142,-65.93551391,83.00815315,21.75297775,1,1
22.82766509,2,1572266595,AUT,FALSE,TRUE,TRUE,697.2151258,-61.91115805,191.114411,-179.9866131,0.201782564,179.8767228,-0.64370956,6.403397713,-0.053251326,0.70439105,-0.281354095,0.100717719,-32.25949516,73.42754287,71.44660835,-57.0709053,-65.93370666,83.97638168,20.86054458,1,1
22.92821097,2,1572266595,AUT,FALSE,TRUE,TRUE,697.2151258,-61.91115805,191.114411,-179.9866131,0.201782564,179.8767228,-0.64370956,6.403397713,-0.053251326,0.70439105,-0.281354095,0.100717719,-32.25949516,73.42754287,71.44660835,-57.0709053,-65.93370666,83.97638168,20.86054458,1,1
23.02876306,2,1572266595,AUT,FALSE,TRUE,TRUE,705.0819682,-51.08371973,191.1449444,-179.9062518,0.151559345,179.7266648,-0.432211202,7.451008413,0.320540177,0.330260092,-0.296718976,-0.260397376,-30.39159622,73.93065491,71.36793251,-54.88887291,-65.93802429,84.49466171,20.67465248,1,1
23.12932014,2,1572266595,AUT,FALSE,TRUE,TRUE,705.0819682,-51.08371973,191.1449444,-179.9062518,0.151559345,179.7266648,-0.432211202,7.451008413,0.320540177,0.330260092,-0.296718976,-0.260397376,-27.96649131,74.42604904,71.19467124,-53.46887283,-66.03880737,84.59521064,21.76563263,1,1
23.22993016,2,1572266595,AUT,FALSE,TRUE,TRUE,710.8040738,-30.1728407,188.7753574,-179.8656268,0.13820753,179.6655417,0.432508049,5.689834711,-0.779620561,-0.208622526,-0.635781716,-0.419460215,-27.96649131,74.42604904,71.19467124,-53.46887283,-66.03880737,84.59521064,21.76563263,1,1
23.33056498,2,1572266595,AUT,FALSE,TRUE,TRUE,712.9832408,4.227473064,187.287409,-179.8852977,0.11356513,179.6504421,1.134815955,4.783707661,-1.680573603,-0.296703719,-0.665030742,-0.466981116,-25.03395195,74.6738491,71.16478157,-52.99532089,-66.1450177,84.61348915,24.30188141,1,1
23.43164706,2,1572266596,AUT,FALSE,TRUE,TRUE,712.9832408,4.227473064,187.287409,-179.8852977,0.11356513,179.6504421,1.134815955,4.783707661,-1.680573603,-0.296703719,-0.665030742,-0.466981116,-25.03395195,74.6738491,71.16478157,-52.99532089,-66.1450177,84.61348915,24.30188141,1,1
23.5321331,2,1572266596,AUT,FALSE,TRUE,TRUE,712.3664627,32.05625562,187.4191654,-179.8916832,0.113044927,179.6794207,-0.25692041,2.502034645,-1.282778345,-0.584574109,-0.511649506,-0.42514164,-22.78282585,74.66569176,71.15808334,-52.97811699,-66.16120605,84.62352104,26.54811859,1,1
23.632658,2,1572266596,AUT,FALSE,TRUE,TRUE,712.3664627,32.05625562,187.4191654,-179.8916832,0.113044927,179.6794207,-0.25692041,2.502034645,-1.282778345,-0.584574109,-0.511649506,-0.42514164,-20.71637993,74.63447342,71.0057888,-52.8748558,-66.16722656,84.67744674,28.45333671,1,1
23.73317909,2,1572266596,AUT,FALSE,TRUE,TRUE,711.1388976,55.43930706,187.2188215,-179.9401116,0.071374417,179.8529745,0.330990322,-0.01702557,0.462806182,-0.682871496,-0.591648583,-0.295525553,-20.71637993,74.63447342,71.0057888,-52.8748558,-66.16722656,84.67744674,28.45333671,1,1
23.83367014,2,1572266596,AUT,FALSE,TRUE,TRUE,711.1388976,55.43930706,187.2188215,-179.9401116,0.071374417,179.8529745,0.330990322,-0.01702557,0.462806182,-0.682871496,-0.591648583,-0.295525553,-20.71637993,74.63447342,71.0057888,-52.8748558,-66.16722656,84.67744674,28.45333671,1,1
23.93420506,2,1572266596,AUT,FALSE,TRUE,TRUE,709.800753,70.51216313,184.8720866,-179.9156424,-0.082262301,179.9375685,0.373487891,1.243903386,0.464808491,-0.305833772,0.036134128,-0.445442362,-19.29353027,74.7722866,70.79929046,-52.74298553,-66.15020324,84.65774688,29.65322571,1,1
24.03475714,2,1572266596,AUT,FALSE,TRUE,TRUE,708.1290292,74.3786858,181.8070594,-179.898873,-0.29219155,179.9658486,3.475032384,2.025208012,-1.063928374,-0.187105877,0.382622179,-0.502399267,-19.02775039,74.95076637,70.70194129,-52.95075073,-66.15978332,84.57683258,30.05297012,1,1
24.13526607,2,1572266596,AUT,FALSE,TRUE,TRUE,708.1290292,74.3786858,181.8070594,-179.898873,-0.29219155,179.9658486,3.475032384,2.025208012,-1.063928374,-0.187105877,0.382622179,-0.502399267,-19.02775039,74.95076637,70.70194129,-52.95075073,-66.15978332,84.57683258,30.05297012,1,1
24.235816,2,1572266596,AUT,FALSE,TRUE,TRUE,702.9940906,78.20410846,180.0073128,-179.8789225,-0.492832529,-179.9675572,6.97925448,5.265960901,-1.769721868,0.723752439,0.509855441,-0.438951515,-19.24942359,74.83405037,70.74844779,-54.21207733,-66.16035461,84.40047111,30.98811607,1,1
24.33637404,2,1572266596,AUT,FALSE,TRUE,TRUE,702.9940906,78.20410846,180.0073128,-179.8789225,-0.492832529,-179.9675572,6.97925448,5.265960901,-1.769721868,0.723752439,0.509855441,-0.438951515,-20.05816154,74.13905525,70.9409523,-57.50065613,-66.10843322,83.76892547,33.36751442,1,1
24.43684697,2,1572266597,AUT,FALSE,TRUE,TRUE,690.3308035,85.69216983,179.6539729,-179.9717784,-0.576880425,-179.8126703,7.086426486,1.832811435,-0.988714127,0.742464012,0.306623416,0.072789347,-20.05816154,74.13905525,70.9409523,-57.50065613,-66.10843322,83.76892547,33.36751442,1,1
24.53738809,2,1572266597,AUT,FALSE,TRUE,TRUE,690.3308035,85.69216983,179.6539729,-179.9717784,-0.576880425,-179.8126703,7.086426486,1.832811435,-0.988714127,0.742464012,0.306623416,0.072789347,-20.05816154,74.13905525,70.9409523,-57.50065613,-66.10843322,83.76892547,33.36751442,1,1
24.63791919,2,1572266597,AUT,FALSE,TRUE,TRUE,668.2189776,88.3780554,180.3161118,-179.9664987,-0.532525371,-179.6815015,3.605683784,0.495135175,-0.349261813,1.005062072,0.442637658,0.080279925,-22.44626999,72.54870186,71.17500915,-63.67386016,-65.75659606,82.38969154,36.52949638,1,1
24.73839211,2,1572266597,AUT,FALSE,TRUE,TRUE,651.4581028,84.08625231,180.4554125,-179.930217,-0.459954213,-179.7514761,1.096939812,4.058312028,0.702605522,1.165534706,0.751163245,-0.430256676,-24.80922661,71.35153198,71.38525314,-68.27043343,-65.40585754,81.16163978,38.23887977,1,1
24.83896112,2,1572266597,AUT,FALSE,TRUE,TRUE,634.709646,79.34773343,179.5662751,-179.8294348,-0.37150669,-179.8299511,-2.655835006,6.914798791,2.098123801,1.168610637,1.086156322,-0.74540801,-27.14365311,70.30405083,71.66107864,-72.59698677,-65.21734313,79.92118377,39.74344711,1,1
24.93955016,2,1572266597,AUT,FALSE,TRUE,TRUE,634.709646,79.34773343,179.5662751,-179.8294348,-0.37150669,-179.8299511,-2.655835006,6.914798791,2.098123801,1.168610637,1.086156322,-0.74540801,-27.14365311,70.30405083,71.66107864,-72.59698677,-65.21734313,79.92118377,39.74344711,1,1
25.04038811,2,1572266597,AUT,FALSE,TRUE,TRUE,619.4858319,76.02935817,177.5649387,-179.8290583,-0.14393031,-179.9638967,-9.164043733,10.29454007,2.274918851,1.518019254,1.514323762,-0.944909246,-29.16313591,69.42298508,71.90412025,-76.54750557,-65.20981201,78.53512802,41.28079834,1,1
25.14109421,2,1572266597,AUT,FALSE,TRUE,TRUE,611.0888988,74.60536142,175.9690953,-179.7820562,0.06788839,179.9387686,-13.00358374,10.81328492,0.136428636,1.159976213,1.740161239,-1.245521324,-30.3500576,68.90214042,71.94266853,-78.77267646,-65.22075439,77.58011054,42.09140053,1,1
25.24201798,2,1572266597,AUT,FALSE,TRUE,TRUE,611.0888988,74.60536142,175.9690953,-179.7820562,0.06788839,179.9387686,-13.00358374,10.81328492,0.136428636,1.159976213,1.740161239,-1.245521324,-30.02938041,68.87440681,72.0594841,-78.94726982,-65.21926025,77.42127914,42.56556701,1,1
25.34258914,2,1572266597,AUT,FALSE,TRUE,TRUE,610.3055824,80.54801247,176.4186632,-179.6953368,0.184943916,179.7574894,-8.875482521,13.87750238,0.854893493,1.362486197,0.87392432,-1.4795109,-30.02938041,68.87440681,72.0594841,-78.94726982,-65.21926025,77.42127914,42.56556701,1,1
25.44318914,2,1572266598,AUT,FALSE,TRUE,TRUE,610.3055824,80.54801247,176.4186632,-179.6953368,0.184943916,179.7574894,-8.875482521,13.87750238,0.854893493,1.362486197,0.87392432,-1.4795109,-30.02938041,68.87440681,72.0594841,-78.94726982,-65.21926025,77.42127914,42.56556701,1,1
25.54376698,2,1572266598,AUT,FALSE,TRUE,TRUE,611.5049055,106.5907794,175.6742955,-179.7385415,0.137395104,179.6221734,-4.635534493,10.20038837,0.54738292,0.459772499,0.28500097,-1.151508417,-28.04179229,69.21421394,72.08413124,-77.83046493,-65.33138671,77.69420356,44.44626159,1,1
25.64435315,2,1572266598,AUT,FALSE,TRUE,TRUE,612.9755015,135.9391332,174.4604157,-179.818003,0.185495804,179.6374132,-6.328449443,5.706644058,-0.545827884,0.017336599,0.610559001,-0.796162719,-23.92168922,69.82334061,71.87255859,-76.2996849,-65.50023559,77.95668754,46.45461388,1,1
25.74488521,2,1572266598,AUT,FALSE,TRUE,TRUE,612.9755015,135.9391332,174.4604157,-179.818003,0.185495804,179.6374132,-6.328449443,5.706644058,-0.545827884,0.017336599,0.610559001,-0.796162719,-20.65634994,70.34495429,71.63795586,-73.89448585,-65.52084594,78.56220245,47.50415153,1,1
25.84543014,2,1572266598,AUT,FALSE,TRUE,TRUE,617.8848099,159.8813568,175.3115773,-179.8232257,0.209813328,179.6566647,-5.017524059,4.357813953,-0.679133156,-0.638687182,0.465774712,-0.746769127,-20.65634994,70.34495429,71.63795586,-73.89448585,-65.52084594,78.56220245,47.50415153,1,1
25.94594097,2,1572266598,AUT,FALSE,TRUE,TRUE,624.1185743,182.1740353,177.2900746,-179.8422436,0.144834937,179.6823651,-1.259754212,8.598415433,0.555313748,0.203577382,0.071606239,-0.729264361,-17.49481086,70.93969231,71.49532585,-70.91749649,-65.51015625,79.49067078,47.99821357,1,1
26.04648113,2,1572266598,AUT,FALSE,TRUE,TRUE,627.4200514,204.2933341,177.8751947,-179.8658522,-0.002701418,179.653019,1.037165693,7.571249262,1.022877483,0.159536645,0.083010483,-0.649768377,-14.55078735,71.56930847,71.40025978,-68.34894447,-65.50892578,80.26375465,48.64665413,1,1
26.147084,2,1572266598,AUT,FALSE,TRUE,TRUE,627.4200514,204.2933341,177.8751947,-179.8658522,-0.002701418,179.653019,1.037165693,7.571249262,1.022877483,0.159536645,0.083010483,-0.649768377,-11.79361381,72.11229401,71.05961838,-66.36294937,-65.6358673,80.63159065,49.57202568,1,1
26.24760818,2,1572266598,AUT,FALSE,TRUE,TRUE,628.4700505,225.0382505,176.1606683,-179.9298136,0.009617593,179.8025272,-0.005025742,1.981723964,-0.095162572,-0.471211923,0.238183138,-0.285058893,-11.79361381,72.11229401,71.05961838,-66.36294937,-65.6358673,80.63159065,49.57202568,1,1
26.34815001,2,1572266598,AUT,FALSE,TRUE,TRUE,630.4634634,238.7313543,173.6846599,-179.9901461,-0.045178089,179.9777781,1.831272002,2.248760513,0.152207547,0.044428079,0.096370164,-0.033705314,-9.686751938,72.60118904,70.58216286,-64.53426819,-65.653385,80.92226829,49.91659469,1,1
26.44870615,2,1572266599,AUT,FALSE,TRUE,TRUE,630.3632072,247.5475014,170.9330845,-179.990016,-0.263240659,-179.9876313,8.484252936,0.684827311,-0.389593356,-0.433404977,-0.64531315,-0.089556803,-8.4482769,73.04254074,70.37386208,-63.51117324,-65.65103942,81.10991134,50.15288658,1,1
26.54918098,2,1572266599,AUT,FALSE,TRUE,TRUE,624.1086198,254.8252744,168.6906555,179.986132,-0.449331277,-179.8555226,9.047259949,-0.21355601,-2.760047246,-0.110889782,-0.139444044,0.237692891,-7.932043075,73.14048385,70.42444038,-64.10781326,-65.77051025,81.08724861,51.2728878,1,1
26.65002918,2,1572266599,AUT,FALSE,TRUE,TRUE,624.1086198,254.8252744,168.6906555,179.986132,-0.449331277,-179.8555226,9.047259949,-0.21355601,-2.760047246,-0.110889782,-0.139444044,0.237692891,-7.932043075,73.14048385,70.42444038,-64.10781326,-65.77051025,81.08724861,51.2728878,1,1
26.75067711,2,1572266599,AUT,FALSE,TRUE,TRUE,609.6259611,262.4998651,170.1522519,179.9468424,-0.486223598,-179.7440592,7.124361639,1.385668743,-3.264781385,0.734907984,0.15493661,0.48579526,-8.114035031,72.5363697,70.84819336,-66.72325286,-65.83544494,80.76776619,53.60519599,1,1
26.8513422,2,1572266599,AUT,FALSE,TRUE,TRUE,593.8669825,265.8111931,173.7667156,179.9589974,-0.490953912,-179.670402,6.408039688,0.906613873,-1.326725783,0.923983791,0.000370683,0.472527988,-8.848639294,71.51040802,71.27159271,-69.91831741,-65.6303247,80.34939308,55.81921921,1,1
26.9519732,2,1572266599,AUT,FALSE,TRUE,TRUE,574.5430271,266.4612098,176.9297046,-179.9938851,-0.501213681,-179.6849676,6.408039688,0.906613873,-1.326725783,0.923983791,0.000370683,0.472527988,-10.11144218,70.20406837,71.71358986,-74.02041664,-65.24128234,79.54971199,58.25279731,1,1
27.0525012,2,1572266599,AUT,FALSE,TRUE,TRUE,574.5430271,266.4612098,176.9297046,-179.9938851,-0.501213681,-179.6849676,5.348887853,3.824038576,-0.23624617,1.172493074,0.003108932,0.180292726,-10.11144218,70.20406837,71.71358986,-74.02041664,-65.24128234,79.54971199,58.25279731,1,1
27.15301204,2,1572266599,AUT,FALSE,TRUE,TRUE,545.4961296,264.712395,177.4084572,-179.9207352,-0.465293058,-179.7002514,3.832456299,4.296503057,0.19813227,0.920470665,0.308975892,-0.157918013,-11.63972969,68.82295989,72.08802452,-78.81081276,-64.82251098,77.89576149,61.75897751,1,1
27.25353408,2,1572266599,AUT,FALSE,TRUE,TRUE,520.2749661,261.8604082,175.9960084,-179.8931994,-0.350695758,-179.7513756,1.125332349,5.432611874,-0.001958017,0.920470665,0.308975892,-0.157918013,-13.80954666,67.00931625,72.52897453,-85.43312759,-64.66147888,76.22158241,64.73290443,1,1
27.35406613,2,1572266599,AUT,FALSE,TRUE,TRUE,520.2749661,261.8604082,175.9960084,-179.8931994,-0.350695758,-179.7513756,1.125332349,5.432611874,-0.001958017,0.958761518,0.171100777,-0.479253351,-13.80954666,67.00931625,72.52897453,-85.43312759,-64.66147888,76.22158241,64.73290443,1,1
27.45455098,2,1572266600,AUT,FALSE,TRUE,TRUE,497.6702808,258.1455603,175.6629681,-179.8335319,-0.282672248,-179.7915463,0.093870362,5.877065946,-0.337245394,0.905090912,0.277734918,-0.67739452,-15.38714218,65.67411689,72.99872246,-90.0388504,-64.49684875,74.82519608,67.26254081,1,1
27.55511618,2,1572266600,AUT,FALSE,TRUE,TRUE,478.2645955,254.8090426,176.0930186,-179.7857051,-0.203241764,-179.8986931,-2.738305332,9.289169296,-0.327937879,1.22949281,0.497038896,-0.951712061,-16.71652908,64.45738449,73.48479194,-93.84368706,-64.29372253,73.63194694,69.31631813,1,1
27.65564799,2,1572266600,AUT,FALSE,TRUE,TRUE,464.397103,253.3353437,176.3084629,-179.7425119,-0.064190094,179.9946813,-6.601697557,11.91764482,2.072894077,1.224173465,1.113839816,-1.337326497,-17.50460929,63.49919471,73.75000534,-96.46471939,-64.1191333,72.60341377,70.84214401,1,1
27.75612998,2,1572266600,AUT,FALSE,TRUE,TRUE,464.397103,253.3353437,176.3084629,-179.7425119,-0.064190094,179.9946813,-6.601697557,11.91764482,2.072894077,1.224173465,1.113839816,-1.337326497,-17.50460929,63.49919471,73.75000534,-96.46471939,-64.1191333,72.60341377,70.84214401,1,1
27.85665417,2,1572266600,AUT,FALSE,TRUE,TRUE,459.3040028,254.0288908,175.237283,-179.7128823,0.035951525,179.9195,-8.577888194,12.91172061,3.888104423,1.095845619,1.44591793,-1.556229439,-17.5649929,63.00647163,73.54289932,-97.44087181,-63.97077941,71.90988808,71.42729988,1,1
27.95722508,2,1572266600,AUT,FALSE,TRUE,TRUE,461.8692022,256.6102175,172.1218177,-179.7640577,0.03765914,179.8900974,-4.028300716,10.54755356,3.704902206,0.582076752,0.734301674,-1.263265414,-16.97926025,63.15763321,72.92594833,-96.87844048,-63.96566528,71.56644172,71.31054268,1,1
28.05771613,2,1572266600,AUT,FALSE,TRUE,TRUE,466.4106722,261.7932427,168.3440111,-179.8487443,0.033368809,179.8732923,-1.56169153,6.34817041,1.592997425,-0.20111021,0.559096627,-0.885305908,-15.99750481,63.72595253,72.35351944,-95.72995376,-64.19390075,71.52492714,71.21250343,1,1
28.15827918,2,1572266600,AUT,FALSE,TRUE,TRUE,466.4106722,261.7932427,168.3440111,-179.8487443,0.033368809,179.8732923,-1.56169153,6.34817041,1.592997425,-0.20111021,0.559096627,-0.885305908,-15.99750481,63.72595253,72.35351944,-95.72995376,-64.19390075,71.52492714,71.21250343,1,1
28.25880504,2,1572266600,AUT,FALSE,TRUE,TRUE,470.6836455,268.2775516,165.992193,-179.8627249,0.019650653,179.9063473,-0.084836386,5.959815753,-0.797086945,-0.109522404,0.189653579,-0.724127408,-14.91302719,64.42047729,72.08568649,-94.43159637,-64.52544616,71.83914986,71.19046211,1,1
34.88003302,3,1572266607,AUT,FALSE,FALSE,TRUE,471.9703709,-399.997556,169.9979775,-179.9989138,-0.008952399,-179.9989481,-2.384489275,-0.379647711,0.690414985,-0.197107508,0.392373787,0.107621658,-77.29894294,69.88366928,72.07392082,-78.17967911,-66.10551635,77.74388923,-4.93002205,0.5,1
34.9807682,3,1572266607,AUT,FALSE,TRUE,TRUE,472.0113027,-400.0808435,170.0279118,179.9899524,-0.002546753,-179.9959927,-3.230034447,-0.571628357,1.762902607,-0.119511547,0.493760961,0.23629339,-77.29659462,69.88542023,72.07367706,-78.16554108,-66.10573059,77.74518356,-4.930660631,1,1
35.08138204,3,1572266607,AUT,FALSE,TRUE,TRUE,472.0113027,-400.0808435,170.0279118,179.9899524,-0.002546753,-179.9959927,-3.230034447,-0.571628357,1.762902607,-0.119511547,0.493760961,0.23629339,-77.29659462,69.88542023,72.07367706,-78.16554108,-66.10573059,77.74518356,-4.930660631,1,1
35.18195319,3,1572266607,AUT,FALSE,TRUE,TRUE,478.1361503,-398.4908251,170.5287971,-179.9666059,0.432263675,179.8597438,-10.84793173,-0.087367668,2.092970819,-0.166315897,0.599911361,0.17123208,-76.71436386,70.13191909,72.17265358,-77.43529701,-66.10745544,77.74504966,-4.932607275,1,1
35.28248715,3,1572266607,AUT,FALSE,TRUE,TRUE,478.1361503,-398.4908251,170.5287971,-179.9666059,0.432263675,179.8597438,-10.84793173,-0.087367668,2.092970819,-0.166315897,0.599911361,0.17123208,-76.71436386,70.13191909,72.17265358,-77.43529701,-66.10745544,77.74504966,-4.932607275,1,1
35.38305497,3,1572266607,AUT,FALSE,TRUE,TRUE,498.8103454,-395.9847777,171.8439958,-179.9282837,0.563808736,179.9679016,-14.39846829,0.646936153,1.138072647,0.149012474,1.276712923,0.118301841,-73.94472427,70.87899971,72.10963669,-74.41419067,-66.3012268,78.40939293,-4.927587894,1,1
35.48362899,3,1572266608,AUT,FALSE,TRUE,TRUE,498.8103454,-395.9847777,171.8439958,-179.9282837,0.563808736,179.9679016,-14.39846829,0.646936153,1.138072647,0.149012474,1.276712923,0.118301841,-73.94472427,70.87899971,72.10963669,-74.41419067,-66.3012268,78.40939293,-4.927587894,1,1
35.58416605,3,1572266608,AUT,FALSE,TRUE,TRUE,531.9848943,-391.7302042,176.106858,179.9753692,0.622269161,-179.9997975,-8.118054984,-2.486381173,-0.169425998,-0.662840774,-0.17546772,0.223234572,-69.28499679,72.10128708,72.10794411,-68.62172126,-66.52680358,80.16372413,-5.243444825,1,1
35.68468308,3,1572266608,AUT,FALSE,TRUE,TRUE,560.7953293,-388.9788246,180.1259153,179.9562726,0.522845626,-179.9532336,-3.699124894,-1.826077495,-0.49117815,-0.380076691,-0.243956643,0.209748643,-64.84271278,73.2255146,71.92432823,-62.70924682,-66.66069946,81.90992889,-6.156350331,1,1
35.78524804,3,1572266608,AUT,FALSE,TRUE,TRUE,560.7953293,-388.9788246,180.1259153,179.9562726,0.522845626,-179.9532336,-3.699124894,-1.826077495,-0.49117815,-0.380076691,-0.243956643,0.209748643,-61.42242508,74.11388969,71.50707435,-57.86431389,-66.68552856,83.17812538,-7.448232656,1,1
35.88579702,3,1572266608,AUT,FALSE,TRUE,TRUE,580.326466,-389.670064,181.6831531,179.9721552,0.335727471,-179.9056478,1.109477065,0.225813359,-0.17024096,0.153496054,-0.380080143,0.113611442,-61.42242508,74.11388969,71.50707435,-57.86431389,-66.68552856,83.17812538,-7.448232656,1,1
35.986305,3,1572266608,AUT,FALSE,TRUE,TRUE,598.7110588,-395.0389351,181.2140605,179.9935574,0.086715467,-179.9278753,11.51922746,0.612075758,-0.941122194,0.153496054,-0.380080143,0.113611442,-58.11105995,75.26611519,70.85837974,-52.01411132,-66.69046142,84.44815521,-9.605573275,1,1
36.08684206,3,1572266608,AUT,FALSE,TRUE,TRUE,598.7110588,-395.0389351,181.2140605,179.9935574,0.086715467,-179.9278753,11.51922746,0.612075758,-0.941122194,-0.038637306,-1.739468132,-0.166746566,-58.11105995,75.26611519,70.85837974,-52.01411132,-66.69046142,84.44815521,-9.605573275,1,1
36.18743014,3,1572266608,AUT,FALSE,TRUE,TRUE,609.3477502,-401.2338282,180.1978813,-179.8640349,-0.095609163,179.8391456,10.97341182,9.14004403,-1.222457671,-0.038637306,-1.739468132,-0.166746566,-55.76905632,76.38944664,70.59872818,-47.31057243,-66.73809265,85.64955826,-11.81418915,1,1
36.28795719,3,1572266608,AUT,FALSE,TRUE,TRUE,609.3477502,-401.2338282,180.1978813,-179.8640349,-0.095609163,179.8391456,10.97341182,9.14004403,-1.222457671,0.737515379,-1.698377406,-0.648208904,-55.76905632,76.38944664,70.59872818,-47.31057243,-66.73809265,85.64955826,-11.81418915,1,1
36.38849807,3,1572266608,AUT,FALSE,TRUE,TRUE,612.9157461,-392.6947079,181.071806,-179.7380414,-0.270044762,179.700664,8.473833401,7.331259259,-1.902813548,0.300457221,-0.586360689,-1.129174501,-55.13314018,76.39614143,70.78312683,-47.41864357,-66.74980957,85.92943153,-11.12571373,1,1
36.48905897,3,1572266609,AUT,FALSE,TRUE,TRUE,612.9157461,-392.6947079,181.071806,-179.7380414,-0.270044762,179.700664,8.473833401,7.331259259,-1.902813548,0.300457221,-0.586360689,-1.129174501,-55.29713173,75.81766663,71.07674331,-49.84010238,-66.70881408,85.70318527,-8.976430894,1,1
36.58993101,3,1572266609,AUT,FALSE,TRUE,TRUE,613.2176279,-377.5957232,182.7001451,-179.7283533,-0.382269717,179.6841402,4.796686971,6.167408029,-1.299540554,0.239404518,0.315387252,-1.239233237,-55.29713173,75.81766663,71.07674331,-49.84010238,-66.70881408,85.70318527,-8.976430894,1,1
36.69073701,3,1572266609,AUT,FALSE,TRUE,TRUE,612.6436567,-352.9965512,183.505102,-179.7299233,-0.327191839,179.6654359,1.73817532,6.944473718,-0.39767529,0.375181709,0.80514596,-1.217752589,-55.72208976,74.88040924,71.47315063,-54.16368942,-66.55935058,84.84970894,-5.3915268,1,1
36.79160404,3,1572266609,AUT,FALSE,TRUE,TRUE,612.6436567,-352.9965512,183.505102,-179.7299233,-0.327191839,179.6654359,1.73817532,6.944473718,-0.39767529,0.375181709,0.80514596,-1.217752589,-55.72208976,74.88040924,71.47315063,-54.16368942,-66.55935058,84.84970894,-5.3915268,1,1
36.89209104,3,1572266609,AUT,FALSE,TRUE,TRUE,611.0210385,-318.7126075,183.1115688,-179.7544632,-0.253976298,179.6756677,-0.729897835,5.570756179,0.275873307,0.428788944,0.937856819,-1.01343988,-56.00663909,73.83044243,71.96981506,-59.46253624,-66.49548706,83.65678596,-0.568515019,1,1
36.99265504,3,1572266609,AUT,FALSE,TRUE,TRUE,611.0210385,-318.7126075,183.1115688,-179.7544632,-0.253976298,179.6756677,-0.729897835,5.570756179,0.275873307,0.428788944,0.937856819,-1.01343988,-56.00663909,73.83044243,71.96981506,-59.46253624,-66.49548706,83.65678596,-0.568515019,1,1
37.09320307,3,1572266609,AUT,FALSE,TRUE,TRUE,606.7943359,-270.3232472,182.2398005,-179.8072523,-0.148448539,179.7002866,-2.274928559,4.032085199,-0.423706111,0.303731065,0.702021533,-0.809972456,-55.909235,72.45547256,72.66019935,-66.38890457,-66.47203125,82.06533394,6.100347519,1,1
37.19369507,3,1572266609,AUT,FALSE,TRUE,TRUE,601.852009,-233.9719912,182.5611488,-179.8133302,-0.082355268,179.7161844,-2.819432604,2.558775437,-1.54951478,0.092089234,0.323213844,-0.785225493,-55.50824089,71.37122154,73.19507217,-71.27823601,-66.39991149,81.00339203,10.97119102,1,1
37.29423499,3,1572266609,AUT,FALSE,TRUE,TRUE,601.852009,-233.9719912,182.5611488,-179.8133302,-0.082355268,179.7161844,-2.819432604,2.558775437,-1.54951478,0.092089234,0.323213844,-0.785225493,-55.50824089,71.37122154,73.19507217,-71.27823601,-66.39991149,81.00339203,10.97119102,1,1
37.39476919,3,1572266609,AUT,FALSE,TRUE,TRUE,596.5475203,-198.6258798,184.0752824,-179.8370666,0.00292019,179.7344031,-4.216322979,3.776724661,-0.669769046,0.313988731,0.497871881,-0.759717234,-54.80719986,70.34656448,73.69584961,-75.31572189,-66.2553424,80.10569916,15.60295829,1,1
37.49528098,3,1572266610,AUT,FALSE,TRUE,TRUE,593.089447,-167.2783746,185.4913201,-179.821458,0.055781781,179.7323923,-6.291751206,5.415106625,0.293814505,0.445180888,0.79125523,-0.835118048,-53.61730499,69.45908889,74.03983841,-78.30117072,-66.02714538,79.43397789,19.46638984,1,1
37.59587097,3,1572266610,AUT,FALSE,TRUE,TRUE,593.089447,-167.2783746,185.4913201,-179.821458,0.055781781,179.7323923,-6.291751206,5.415106625,0.293814505,0.445180888,0.79125523,-0.835118048,-53.61730499,69.45908889,74.03983841,-78.30117072,-66.02714538,79.43397789,19.46638984,1,1
37.69639516,3,1572266610,AUT,FALSE,TRUE,TRUE,592.0912381,-137.2515842,185.651942,-179.801116,0.073495886,179.712716,-6.330388131,6.475698036,0.441660175,0.617168215,0.99742982,-0.979759972,-51.9099575,68.85423317,74.13045845,-80.24234504,-65.79567993,78.85196686,22.90854721,1,1
37.79686618,3,1572266610,AUT,FALSE,TRUE,TRUE,592.0912381,-137.2515842,185.651942,-179.801116,0.073495886,179.712716,-6.330388131,6.475698036,0.441660175,0.617168215,0.99742982,-0.979759972,-49.24833755,68.50870285,74.11759758,-81.33509674,-65.69884094,78.4795578,26.53916816,1,1
37.89741421,3,1572266610,AUT,FALSE,TRUE,TRUE,594.0272642,-104.0687334,185.3406211,-179.8471037,0.07907118,179.7621113,-5.397881298,3.298220623,0.241354466,0.272074079,0.941153849,-0.751368048,-49.24833755,68.50870285,74.11759758,-81.33509674,-65.69884094,78.4795578,26.53916816,1,1
37.99794912,3,1572266610,AUT,FALSE,TRUE,TRUE,597.4779152,-86.26854281,185.5608853,-179.9493499,0.1171021,179.9084234,-1.182194836,-1.784672401,-1.046073015,-0.500969213,-0.047129445,-0.466864883,-47.37482528,68.39952621,73.97565078,-81.26795998,-65.69524291,78.44900894,28.34194908,1,1
38.09844804,3,1572266610,AUT,FALSE,TRUE,TRUE,603.8354317,-77.7888694,186.1386457,-179.9767824,0.320060508,179.9953596,-6.536358427,-1.079973334,-0.62657992,-0.115553518,0.165151495,-0.355184381,-45.9291481,68.40606994,73.65389557,-80.33139953,-65.63666381,78.41306648,28.82571144,1,1
38.19900417,3,1572266610,AUT,FALSE,TRUE,TRUE,614.5122744,-76.40434864,186.8262648,-179.9402049,0.446223026,-179.9985944,-9.915226039,2.944009946,0.569768058,0.261155092,0.403697832,-0.338661237,-44.55228996,68.73353119,73.21357383,-78.15461311,-65.53312316,78.72113685,28.0405529,1,1
38.2996242,3,1572266610,AUT,FALSE,TRUE,TRUE,614.5122744,-76.40434864,186.8262648,-179.9402049,0.446223026,-179.9985944,-9.915226039,2.944009946,0.569768058,0.261155092,0.403697832,-0.338661237,-44.55228996,68.73353119,73.21357383,-78.15461311,-65.53312316,78.72113685,28.0405529,1,1
38.40037107,3,1572266610,AUT,FALSE,TRUE,TRUE,628.9219416,-78.35174374,187.108661,179.9713928,0.461873822,179.9746545,-7.837167733,-0.255338299,1.113577008,-0.473269465,0.060612,-0.230088227,-42.8895298,69.4665699,72.76399956,-74.84740906,-65.51757202,79.43290672,26.64802894,1,1
38.50124907,3,1572266611,AUT,FALSE,TRUE,TRUE,645.8717675,-82.27872036,187.3406958,-179.8983787,0.461818279,179.9465742,-6.485278517,3.499488604,-1.349049461,0.047627723,-0.026940396,-0.323653713,-41.00271034,70.43078842,72.29034805,-70.69256859,-65.56707641,80.36989631,24.52623253,1,1
38.60201406,3,1572266611,AUT,FALSE,TRUE,TRUE,662.8930559,-85.1428986,188.8722682,-179.9517271,0.431591751,179.9003481,-5.977964402,6.473262388,-2.300454062,0.548587679,0.169645896,-0.259811292,-38.92295036,71.44645386,72.02821769,-66.20915108,-65.68198791,81.56121597,22.59989662,1,1
38.70253706,3,1572266611,AUT,FALSE,TRUE,TRUE,678.3727078,-85.77817895,191.4021048,-179.9880196,0.370896462,179.843966,-4.093351486,6.518480875,-1.361060496,0.548587679,0.169645896,-0.259811292,-36.81908569,72.33599281,71.91803513,-61.97312164,-65.81043457,82.80999413,20.84894714,1,1
38.80317712,3,1572266611,AUT,FALSE,TRUE,TRUE,678.3727078,-85.77817895,191.4021048,-179.9880196,0.370896462,179.843966,-4.093351486,6.518480875,-1.361060496,0.763218583,0.193626869,-0.181151053,-36.81908569,72.33599281,71.91803513,-61.97312164,-65.81043457,82.80999413,20.84894714,1,1
38.90377903,3,1572266611,AUT,FALSE,TRUE,TRUE,691.2320561,-82.74040347,194.5130645,-179.9361814,0.234669476,179.7620765,1.680846808,6.913632173,-0.541749883,0.586332581,-0.210308259,-0.344470371,-34.64382019,73.06686516,71.88710174,-58.09802742,-65.89083801,84.04951973,19.49336471,1,1
39.00431299,3,1572266611,AUT,FALSE,TRUE,TRUE,700.3649134,-70.74666468,196.1200042,-179.8383512,0.185810416,179.6371658,1.642395417,8.328135965,-0.368256908,0.276959301,-0.420368665,-0.540197433,-32.47122574,73.55486068,71.88125839,-55.61042747,-65.92734558,84.76463699,19.33076706,1,1
39.10487819,3,1572266611,AUT,FALSE,TRUE,TRUE,706.1273829,-49.9299242,195.8869418,-179.8801027,0.189893413,179.5772229,1.419272063,6.175513401,-1.391060452,-0.229831503,-0.512406124,-0.664525341,-30.19677773,73.8637104,71.83343009,-54.38495064,-65.98986877,84.99621849,20.53374252,1,1
39.20541716,3,1572266611,AUT,FALSE,TRUE,TRUE,706.1273829,-49.9299242,195.8869418,-179.8801027,0.189893413,179.5772229,1.419272063,6.175513401,-1.391060452,-0.229831503,-0.512406124,-0.664525341,-30.19677773,73.8637104,71.83343009,-54.38495064,-65.98986877,84.99621849,20.53374252,1,1
39.30590916,3,1572266611,AUT,FALSE,TRUE,TRUE,709.2428034,-23.58653895,195.0659132,-179.8853127,0.189281031,179.5714617,-0.453161345,6.821630804,-2.019070381,0.213400588,-0.266027188,-0.510537856,-27.84330024,74.03720856,71.76908798,-53.87314567,-66.04841491,85.02893028,22.43532486,1,1
39.4064281,3,1572266611,AUT,FALSE,TRUE,TRUE,710.8019883,7.402391449,195.0569635,-179.8740305,0.214681597,179.5814117,-2.731433843,5.84241989,-1.225182541,-0.135335053,-0.285342841,-0.478810879,-25.17775955,74.1070507,71.73933906,-53.55982589,-66.09205261,85.05220756,24.81602439,1,1
39.50699306,3,1572266612,AUT,FALSE,TRUE,TRUE,710.7568596,34.40990392,195.7630342,-179.8888595,0.165738553,179.6384787,-0.388947288,2.937528219,-0.989936134,-0.547955035,-0.726236195,-0.427340869,-22.80864029,74.10552291,71.71187668,-53.25881767,-66.0928656,85.20567627,26.90026817,1,1
39.60750198,3,1572266612,AUT,FALSE,TRUE,TRUE,710.7568596,34.40990392,195.7630342,-179.8888595,0.165738553,179.6384787,-0.388947288,2.937528219,-0.989936134,-0.547955035,-0.726236195,-0.427340869,-22.80864029,74.10552291,71.71187668,-53.25881767,-66.0928656,85.20567627,26.90026817,1,1
39.70802498,3,1572266612,AUT,FALSE,TRUE,TRUE,709.5326423,57.4090755,195.9639102,-179.8845793,0.074906302,179.7466931,0.026019963,3.541697609,0.56396194,-0.118114717,-0.438469508,-0.28596782,-20.82637024,74.10200386,71.64369964,-53.05399818,-66.09092102,85.36374893,28.68550529,1,1
39.80855203,3,1572266612,AUT,FALSE,TRUE,TRUE,707.6884846,74.28061018,194.3805517,179.9839343,-0.043068621,179.9270393,1.750163432,-0.873649859,0.044327636,-0.288600084,-0.193309341,-0.161102394,-19.27675552,74.12851868,71.39755783,-53.03397216,-66.05948913,85.35556411,30.21762084,1,1
39.90904403,3,1572266612,AUT,FALSE,TRUE,TRUE,707.6884846,74.28061018,194.3805517,179.9839343,-0.043068621,179.9270393,1.750163432,-0.873649859,0.044327636,-0.288600084,-0.193309341,-0.161102394,-19.27675552,74.12851868,71.39755783,-53.03397216,-66.05948913,85.35556411,30.21762084,1,1
40.00968313,3,1572266612,AUT,FALSE,TRUE,TRUE,705.5798486,83.43548167,191.4885607,-179.9685399,-0.240752695,-179.9749884,6.723894335,-1.138820219,-1.325121461,-0.340130367,-0.404955472,-0.200132394,-18.49668846,74.26249351,71.20725746,-53.20903587,-66.04640441,85.28149909,31.01976013,1,1
40.11049914,3,1572266612,AUT,FALSE,TRUE,TRUE,700.9028833,85.8726184,191.0803004,-179.9438797,-0.484600934,-179.9148728,10.02466612,2.297892411,-1.954549779,0.506053934,-0.230475402,-0.14115337,-18.74173851,74.10596237,71.3249691,-54.24807129,-66.00159118,85.28764801,31.72838859,1,1
40.21139312,3,1572266612,AUT,FALSE,TRUE,TRUE,690.911556,89.94109231,192.0257397,179.9907426,-0.61105125,-179.8450019,12.31728635,-1.429802576,-2.398563824,0.105021257,-0.402404382,0.148732382,-19.58625068,73.49749489,71.60662422,-56.86922035,-65.87841247,84.9633316,33.41370506,1,1
40.31213903,3,1572266612,AUT,FALSE,TRUE,TRUE,674.8693061,94.12764239,192.5366709,179.9774406,-0.686143376,-179.7903115,10.30459042,0.013550027,-0.97276047,0.105021257,-0.402404382,0.148732382,-21.11267395,72.45345726,71.90067673,-61.17085533,-65.55951232,84.12555198,35.84038238,1,1
40.4127841,3,1572266612,AUT,FALSE,TRUE,TRUE,674.8693061,94.12764239,192.5366709,179.9774406,-0.686143376,-179.7903115,10.30459042,0.013550027,-0.97276047,0.605983513,-0.208681745,0.378275149,-21.11267395,72.45345726,71.90067673,-61.17085533,-65.55951232,84.12555198,35.84038238,1,1
40.51325917,3,1572266613,AUT,FALSE,TRUE,TRUE,654.1762152,95.38154553,190.6784801,179.9421305,-0.597477945,-179.7651846,5.405979063,-0.797796234,-0.720650087,0.262281925,0.002992699,0.186084763,-23.36893616,71.16187363,72.06301003,-66.69084663,-65.2058789,82.5694416,38.62254638,1,1
40.61381602,3,1572266613,AUT,FALSE,TRUE,TRUE,654.1762152,95.38154553,190.6784801,179.9421305,-0.597477945,-179.7651846,5.405979063,-0.797796234,-0.720650087,0.262281925,0.002992699,0.186084763,-26.39252128,69.72610473,72.17034988,-73.01848754,-64.9905249,80.29347954,41.05568161,1,1
40.71435809,3,1572266613,AUT,FALSE,TRUE,TRUE,631.0490369,91.20101697,186.5393816,-179.8525021,-0.152031536,-179.9116869,-7.649089933,8.34853789,-0.551620145,1.092610641,1.140289425,-0.763375378,-26.39252128,69.72610473,72.17034988,-73.01848754,-64.9905249,80.29347954,41.05568161,1,1
40.81484318,3,1572266613,AUT,FALSE,TRUE,TRUE,631.0490369,91.20101697,186.5393816,-179.8525021,-0.152031536,-179.9116869,-7.649089933,8.34853789,-0.551620145,1.092610641,1.140289425,-0.763375378,-29.06312256,68.51511955,72.69435653,-78.1667736,-64.83292602,78.5205883,42.97779121,1,1
40.91538811,3,1572266613,AUT,FALSE,TRUE,TRUE,610.6725342,89.056835,185.7583174,-179.6733834,0.086505609,179.7108562,-12.50912711,15.64074697,0.323019554,1.353490391,1.482215848,-1.575609321,-29.06312256,68.51511955,72.69435653,-78.1667736,-64.83292602,78.5205883,42.97779121,1,1
41.01594305,3,1572266613,AUT,FALSE,TRUE,TRUE,610.6725342,89.056835,185.7583174,-179.6733834,0.086505609,179.7108562,-12.50912711,15.64074697,0.323019554,1.353490391,1.482215848,-1.575609321,-27.94610481,68.26416778,73.22841568,-79.30881271,-64.83556823,78.29824905,45.3861145,1,1
41.11642218,3,1572266613,AUT,FALSE,TRUE,TRUE,603.1600312,109.8998402,187.7011047,-179.7169983,0.191057166,179.5084986,-11.64838202,11.6129138,0.874018238,0.37456811,1.122588026,-1.229922215,-27.94610481,68.26416778,73.22841568,-79.30881271,-64.83556823,78.29824905,45.3861145,1,1
41.21697402,3,1572266613,AUT,FALSE,TRUE,TRUE,603.1600312,109.8998402,187.7011047,-179.7169983,0.191057166,179.5084986,-11.64838202,11.6129138,0.874018238,0.37456811,1.122588026,-1.229922215,-23.82198143,68.70047607,72.68774757,-76.88810234,-64.87951904,78.64269447,47.29553146,1,1
41.31750512,3,1572266613,AUT,FALSE,TRUE,TRUE,608.4693679,142.2583761,187.5348544,-179.8788304,0.357243095,179.5912945,-9.186829415,5.912123002,1.648111876,-0.453431378,0.934917501,-0.748137398,-23.82198143,68.70047607,72.68774757,-76.88810234,-64.87951904,78.64269447,47.29553146,1,1
41.41799498,3,1572266613,AUT,FALSE,TRUE,TRUE,608.4693679,142.2583761,187.5348544,-179.8788304,0.357243095,179.5912945,-9.186829415,5.912123002,1.648111876,-0.453431378,0.934917501,-0.748137398,-18.56705933,70.03216324,71.92133446,-71.47305107,-64.88010681,79.90330696,47.49700355,1,1
41.51859498,3,1572266614,AUT,FALSE,TRUE,TRUE,623.2765116,174.5792269,186.5856952,-179.8737682,0.163246965,179.5841739,1.258384847,9.887972011,0.262423223,0.498666391,0.125675475,-0.487097934,-18.56705933,70.03216324,71.92133446,-71.47305107,-64.88010681,79.90330696,47.49700355,1,1
41.61917615,3,1572266614,AUT,FALSE,TRUE,TRUE,628.8623147,209.7642558,186.1179456,-179.9457599,-0.065790183,179.6792362,1.258384847,9.887972011,0.262423223,0.498666391,0.125675475,-0.487097934,-13.72297439,71.24062156,71.72814331,-67.27772254,-65.16174133,81.19566307,48.62195549,1,1
41.71999216,3,1572266614,AUT,FALSE,TRUE,TRUE,628.8623147,209.7642558,186.1179456,-179.9457599,-0.065790183,179.6792362,4.256308804,4.052752242,-1.769266792,-0.499558111,-0.239866622,0.036293813,-13.72297439,71.24062156,71.72814331,-67.27772254,-65.16174133,81.19566307,48.62195549,1,1
41.82075119,3,1572266614,AUT,FALSE,TRUE,TRUE,628.8623147,209.7642558,186.1179456,-179.9457599,-0.065790183,179.6792362,4.256308804,4.052752242,-1.769266792,-0.499558111,-0.239866622,0.036293813,-10.35892639,71.67470856,71.48721656,-65.43794518,-65.2811737,81.88061599,50.43901863,1,1
41.9215281,3,1572266614,AUT,FALSE,TRUE,TRUE,625.3514661,237.3556175,185.6876332,179.8892063,-0.214470341,-179.9816863,8.499050306,-1.347203214,0.285994561,-0.343833855,-0.38500626,0.561527335,-10.35892639,71.67470856,71.48721656,-65.43794518,-65.2811737,81.88061599,50.43901863,1,1
42.02201009,3,1572266614,AUT,FALSE,TRUE,TRUE,625.3514661,237.3556175,185.6876332,179.8892063,-0.214470341,-179.9816863,8.499050306,-1.347203214,0.285994561,-0.343833855,-0.38500626,0.561527335,-9.468316269,71.56746826,71.55381088,-67.29246483,-65.17705078,81.45353966,52.89608345,1,1
42.12260914,3,1572266614,AUT,FALSE,TRUE,TRUE,610.0809513,252.9685266,182.0131654,179.9750493,-0.569435559,-179.973098,9.552659846,1.87106483,-0.711387575,0.331967561,0.09324393,0.38724352,-9.468316269,71.56746826,71.55381088,-67.29246483,-65.17705078,81.45353966,52.89608345,1,1
42.22320604,3,1572266614,AUT,FALSE,TRUE,TRUE,579.9751721,266.7257447,179.5550262,179.9518776,-0.51089901,-179.8154854,4.424604583,2.191684813,-0.414261259,0.331967561,0.09324393,0.38724352,-9.885810469,70.42240104,71.9382122,-72.80956535,-65.22409973,80.04117164,57.5576786,1,1
42.3237071,3,1572266614,AUT,FALSE,TRUE,TRUE,579.9751721,266.7257447,179.5550262,179.9518776,-0.51089901,-179.8154854,4.424604583,2.191684813,-0.414261259,0.622474474,0.431119638,0.518295694,-9.885810469,70.42240104,71.9382122,-72.80956535,-65.22409973,80.04117164,57.5576786,1,1
42.42423701,3,1572266615,AUT,FALSE,TRUE,TRUE,546.1515699,270.9086699,178.8564824,179.9812682,-0.428669535,-179.7611342,2.67493997,2.936494691,-0.079519869,0.654442534,0.259715861,0.154185941,-11.30810394,68.62025184,72.27184982,-79.36283111,-64.86201232,78.16927986,62.03725776,1,1
42.52479815,3,1572266615,AUT,FALSE,TRUE,TRUE,546.1515699,270.9086699,178.8564824,179.9812682,-0.428669535,-179.7611342,2.67493997,2.936494691,-0.079519869,0.654442534,0.259715861,0.154185941,-11.30810394,68.62025184,72.27184982,-79.36283111,-64.86201232,78.16927986,62.03725776,1,1
42.62529206,3,1572266615,AUT,FALSE,TRUE,TRUE,519.0159613,268.9627492,176.6085459,-179.9710787,-0.420786389,-179.7543274,1.526051493,3.37810727,1.813955812,0.491935289,0.712984222,-0.12225098,-12.92857704,67.10811081,72.54000893,-84.93586578,-64.57675781,76.43819847,65.25204963,1,1
42.72583508,3,1572266615,AUT,FALSE,TRUE,TRUE,519.0159613,268.9627492,176.6085459,-179.9710787,-0.420786389,-179.7543274,1.526051493,3.37810727,1.813955812,0.491935289,0.712984222,-0.12225098,-12.92857704,67.10811081,72.54000893,-84.93586578,-64.57675781,76.43819847,65.25204963,1,1
42.82639408,3,1572266615,AUT,FALSE,TRUE,TRUE,492.8213909,264.5736606,171.1247184,-179.9231294,-0.308362274,-179.8204747,-3.561603968,7.326288599,0.748303839,0.80002578,1.196632707,-0.417443356,-14.57833557,65.7745903,72.58236465,-90.34841423,-64.58967773,74.26846733,68.27869377,1,1
42.92688513,3,1572266615,AUT,FALSE,TRUE,TRUE,477.4615251,259.3587523,167.547546,-179.876047,-0.199011164,-179.8680886,-4.978237407,8.077447738,0.540056081,0.934313201,1.396161872,-0.646455506,-15.79683609,64.93453102,72.56336861,-93.68178291,-64.71426818,72.82447929,69.94152259,1,1
43.02744508,3,1572266615,AUT,FALSE,TRUE,TRUE,477.4615251,259.3587523,167.547546,-179.876047,-0.199011164,-179.8680886,-4.978237407,8.077447738,0.540056081,0.934313201,1.396161872,-0.646455506,-15.79683609,64.93453102,72.56336861,-93.68178291,-64.71426818,72.82447929,69.94152259,1,1
43.12797117,3,1572266615,AUT,FALSE,TRUE,TRUE,472.193284,257.3044108,167.5088593,-179.8001497,-0.048583744,179.9778284,-5.113498695,11.84919054,-0.566806567,1.059383017,1.239854682,-1.053512474,-16.42735519,64.48277664,72.65582886,-95.04267998,-64.7288031,72.19791526,70.43446198,1,1
43.22850513,3,1572266615,AUT,FALSE,TRUE,TRUE,472.193284,257.3044108,167.5088593,-179.8001497,-0.048583744,179.9778284,-5.113498695,11.84919054,-0.566806567,1.059383017,1.239854682,-1.053512474,-16.42735519,64.48277664,72.65582886,-95.04267998,-64.7288031,72.19791526,70.43446198,1,1
43.32903814,3,1572266615,AUT,FALSE,TRUE,TRUE,471.0969064,263.5117787,170.22286,-179.7954131,0.009337453,179.8227769,-1.533292229,9.063855539,1.579506765,0.219465746,0.268735859,-1.021946187,-16.0365509,64.44057884,72.93578453,-94.73018417,-64.63352416,72.42003822,70.84637031,1,1
43.42973208,3,1572266616,AUT,FALSE,TRUE,TRUE,471.0969064,263.5117787,170.22286,-179.7954131,0.009337453,179.8227769,-1.533292229,9.063855539,1.579506765,0.219465746,0.268735859,-1.021946187,-14.78242721,64.68367195,72.77011757,-93.91740188,-64.63125,72.60990257,71.18443336,1,1
43.53057814,3,1572266616,AUT,FALSE,TRUE,TRUE,471.8859356,270.9314966,169.7706347,-179.8388289,-0.008164681,179.8409916,-2.229188722,8.551038526,1.073970298,-0.062185128,0.594680348,-0.888043479,-14.78242721,64.68367195,72.77011757,-93.91740188,-64.63125,72.60990257,71.18443336,1,1
49.85997415,4,1572266622,AUT,FALSE,FALSE,TRUE,471.9188174,-400.0792921,169.9825994,179.9908555,-0.010055103,-179.9975637,-0.993047619,-1.491893627,1.10477479,-0.272559792,0.321836059,0.24737976,-77.40132866,70.17084159,72.47471924,-78.17714195,-66.50255676,78.01870193,-4.80561905,0.5,1
49.96096706,4,1572266622,AUT,FALSE,TRUE,TRUE,474.5377479,-399.9433614,170.6635994,-179.9864344,0.287187429,-179.9220517,-8.691488276,-0.546237508,0.642260679,-0.113385689,0.526576822,0.196723156,-77.20609818,70.17253074,72.47596206,-77.96712799,-66.50330383,77.84042129,-4.805450825,1,1
50.06165814,4,1572266622,AUT,FALSE,TRUE,TRUE,474.5377479,-399.9433614,170.6635994,-179.9864344,0.287187429,-179.9220517,-8.691488276,-0.546237508,0.642260679,-0.113385689,0.526576822,0.196723156,-77.20609818,70.17253074,72.47596206,-77.96712799,-66.50330383,77.84042129,-4.805450825,1,1
50.16219997,4,1572266622,AUT,FALSE,TRUE,TRUE,486.121284,-397.7092839,173.4358819,-179.9840728,0.52523969,-179.8753751,-13.22060354,-0.871773697,0.934132787,-0.166096692,0.714227277,-0.015248096,-75.83505936,70.37017135,72.55335388,-76.47488594,-66.50288635,78.18514137,-4.710501481,1,1
50.26273203,4,1572266622,AUT,FALSE,TRUE,TRUE,509.2693308,-392.5567117,176.6885457,179.9868839,0.642931234,179.9854231,-14.11257954,-0.85451014,-0.049917486,-0.065459124,0.948784484,-0.056779098,-72.71369934,71.16254997,72.69122886,-72.92390213,-66.53160461,79.33078193,-4.601953131,1,1
50.36326313,4,1572266622,AUT,FALSE,TRUE,TRUE,509.2693308,-392.5567117,176.6885457,179.9868839,0.642931234,179.9854231,-14.11257954,-0.85451014,-0.049917486,-0.065459124,0.948784484,-0.056779098,-72.71369934,71.16254997,72.69122886,-72.92390213,-66.53160461,79.33078193,-4.601953131,1,1
50.46378899,4,1572266623,AUT,FALSE,TRUE,TRUE,538.2317785,-388.0117966,180.6235282,179.9346459,0.623022909,-179.9442888,-7.372769413,-0.983974728,-2.26190023,-0.031338307,0.203804042,0.272645046,-68.44386634,72.16945724,72.57582435,-67.83288574,-66.70321105,80.85331878,-4.906847769,1,1
50.56432199,4,1572266623,AUT,FALSE,TRUE,TRUE,538.2317785,-388.0117966,180.6235282,179.9346459,0.623022909,-179.9442888,-7.372769413,-0.983974728,-2.26190023,-0.031338307,0.203804042,0.272645046,-68.44386634,72.16945724,72.57582435,-67.83288574,-66.70321105,80.85331878,-4.906847769,1,1
50.664814,4,1572266623,AUT,FALSE,TRUE,TRUE,572.7451228,-388.5769623,186.7284909,179.9435725,0.420035503,-179.8519224,1.074954833,-2.064695323,-1.615217395,-0.080007805,-0.591439529,0.190139813,-63.69692116,73.23495254,72.25019989,-61.34572678,-66.77150207,83.16738968,-6.758830263,1,1
50.76536918,4,1572266623,AUT,FALSE,TRUE,TRUE,572.7451228,-388.5769623,186.7284909,179.9435725,0.420035503,-179.8519224,1.074954833,-2.064695323,-1.615217395,-0.080007805,-0.591439529,0.190139813,-59.22153739,74.52920723,71.79503974,-53.37748374,-66.77424865,84.98780708,-9.203885656,1,1
50.86593008,4,1572266623,AUT,FALSE,TRUE,TRUE,592.9824204,-394.588449,190.7838755,-179.9749801,0.244540427,-179.9512776,2.302223111,2.367238323,-1.059831737,0.485740204,-0.856975966,-0.135226189,-59.22153739,74.52920723,71.79503974,-53.37748374,-66.77424865,84.98780708,-9.203885656,1,1
50.96642113,4,1572266623,AUT,FALSE,TRUE,TRUE,592.9824204,-394.588449,190.7838755,-179.9749801,0.244540427,-179.9512776,2.302223111,2.367238323,-1.059831737,0.485740204,-0.856975966,-0.135226189,-56.57716255,75.38162613,71.58417434,-48.95283966,-66.83882629,86.23376999,-10.82763749,1,1
51.06698704,4,1572266623,AUT,FALSE,TRUE,TRUE,606.1221428,-396.8840433,192.2909424,-179.9406359,0.043925831,179.8820182,7.991347067,6.563330973,0.884365843,0.480180769,-1.487779054,-0.285976159,-56.57716255,75.38162613,71.58417434,-48.95283966,-66.83882629,86.23376999,-10.82763749,1,1
51.16751599,4,1572266623,AUT,FALSE,TRUE,TRUE,616.7900108,-385.335417,188.3739149,-179.8197373,-0.167366595,179.682316,5.676575029,6.833533599,0.466192648,0.069269163,-0.410562367,-0.855389374,-54.71154327,75.96382942,71.45123978,-47.60529098,-66.9011737,86.50233421,-10.31122856,1,1
51.26805019,4,1572266623,AUT,FALSE,TRUE,TRUE,616.7900108,-385.335417,188.3739149,-179.8197373,-0.167366595,179.682316,5.676575029,6.833533599,0.466192648,0.069269163,-0.410562367,-0.855389374,-54.71154327,75.96382942,71.45123978,-47.60529098,-66.9011737,86.50233421,-10.31122856,1,1
51.36865711,4,1572266623,AUT,FALSE,TRUE,TRUE,622.1369148,-367.5241304,184.5346435,-179.7843549,-0.30056059,179.5999924,8.045820224,5.958237619,-1.076874505,-0.234402709,-0.305519412,-0.971643065,-53.98631172,75.98088226,71.47852363,-49.08206291,-66.94298217,86.09335098,-8.236433031,1,1
51.46924615,4,1572266624,AUT,FALSE,TRUE,TRUE,622.7090444,-344.3950566,183.6611687,-179.7537451,-0.415492793,179.6699051,9.258102114,5.144652831,-3.923822053,-0.03512539,-0.281440599,-1.148946573,-54.01127472,75.35680389,71.71175994,-52.62590561,-66.94145507,85.40441208,-4.991075138,1,1
51.56992698,4,1572266624,AUT,FALSE,TRUE,TRUE,622.7090444,-344.3950566,183.6611687,-179.7537451,-0.415492793,179.6699051,9.258102114,5.144652831,-3.923822053,-0.03512539,-0.281440599,-1.148946573,-54.01127472,75.35680389,71.71175994,-52.62590561,-66.94145507,85.40441208,-4.991075138,1,1
51.67071319,4,1572266624,AUT,FALSE,TRUE,TRUE,617.666517,-319.557415,188.4924727,-179.76438,-0.38605389,179.7092445,3.201135331,5.857437627,-2.369487395,0.583546094,0.52817919,-1.120646424,-54.82431793,74.09862556,72.36339683,-57.34220581,-66.76792602,84.80292091,-1.193451694,1,1
51.77134514,4,1572266624,AUT,FALSE,TRUE,TRUE,617.666517,-319.557415,188.4924727,-179.76438,-0.38605389,179.7092445,3.201135331,5.857437627,-2.369487395,0.583546094,0.52817919,-1.120646424,-54.82431793,74.09862556,72.36339683,-57.34220581,-66.76792602,84.80292091,-1.193451694,1,1
51.87218809,4,1572266624,AUT,FALSE,TRUE,TRUE,609.3607723,-287.7882651,193.9632642,-179.8095846,-0.196920961,179.7617981,-3.603838433,3.712281225,-0.342622421,0.111419654,1.008400417,-0.854987907,-55.8734745,72.40243606,73.17868881,-63.46347885,-66.39791748,83.74676399,3.608329006,1,1
51.97271919,4,1572266624,AUT,FALSE,TRUE,TRUE,609.3607723,-287.7882651,193.9632642,-179.8095846,-0.196920961,179.7617981,-3.603838433,3.712281225,-0.342622421,0.111419654,1.008400417,-0.854987907,-55.8734745,72.40243606,73.17868881,-63.46347885,-66.39791748,83.74676399,3.608329006,1,1
52.07327509,4,1572266624,AUT,FALSE,TRUE,TRUE,601.8376501,-248.0176819,194.0536959,-179.8035502,-0.056825548,179.7382175,-5.832384794,4.013278068,0.204142636,0.383136838,0.981818521,-0.970924492,-56.08450126,70.94539833,73.70566521,-69.61203575,-66.0200592,82.26910286,8.969063181,1,1
52.17381907,4,1572266624,AUT,FALSE,TRUE,TRUE,598.4189514,-213.5853502,191.2284699,-179.8315353,0.022510395,179.7042497,-4.892231818,3.26409888,-0.545974033,0.173583733,0.589363059,-0.846392454,-55.31449356,70.22131004,73.9610836,-73.57593727,-65.94929626,81.03992157,13.55245285,1,1
52.27436113,4,1572266624,AUT,FALSE,TRUE,TRUE,598.4189514,-213.5853502,191.2284699,-179.8315353,0.022510395,179.7042497,-4.892231818,3.26409888,-0.545974033,0.173583733,0.589363059,-0.846392454,-55.31449356,70.22131004,73.9610836,-73.57593727,-65.94929626,81.03992157,13.55245285,1,1
52.37494898,4,1572266624,AUT,FALSE,TRUE,TRUE,597.0161717,-173.5503726,190.2814038,-179.8171168,0.080360775,179.7645529,-4.619132125,3.30620839,-1.809855435,0.131351567,0.581858629,-0.816531696,-53.85105286,69.61564407,74.23087692,-76.52929573,-65.95041687,80.26326713,17.68205909,1,1
52.47551703,4,1572266625,AUT,FALSE,TRUE,TRUE,597.0161717,-173.5503726,190.2814038,-179.8171168,0.080360775,179.7645529,-4.619132125,3.30620839,-1.809855435,0.131351567,0.581858629,-0.816531696,-53.85105286,69.61564407,74.23087692,-76.52929573,-65.95041687,80.26326713,17.68205909,1,1
52.57604718,4,1572266625,AUT,FALSE,TRUE,TRUE,597.5439128,-143.4009237,190.7699499,-179.7727306,0.028999782,179.7343995,-3.900660357,4.922602467,-0.051460987,0.381684422,0.756366681,-0.964817987,-51.65954475,69.07098312,74.49122886,-78.54407844,-65.80738586,79.85279731,21.76617507,1,1
52.6765821,4,1572266625,AUT,FALSE,TRUE,TRUE,597.5439128,-143.4009237,190.7699499,-179.7727306,0.028999782,179.7343995,-3.900660357,4.922602467,-0.051460987,0.381684422,0.756366681,-0.964817987,-51.65954475,69.07098312,74.49122886,-78.54407844,-65.80738586,79.85279731,21.76617507,1,1
52.77708912,4,1572266625,AUT,FALSE,TRUE,TRUE,599.5747308,-110.1835743,188.6045513,-179.8886957,-0.032693614,179.7772628,-3.223685723,1.170172047,0.063670062,-0.33924044,0.800347004,-0.564881721,-49.00963211,68.84374123,74.38569831,-79.71624069,-65.76883483,79.39788437,25.42897568,1,1
52.87765408,4,1572266625,AUT,FALSE,TRUE,TRUE,603.1137997,-97.21972909,186.93586,-179.9480601,0.041142123,179.9685369,-0.144971916,-3.823860751,-0.201150427,-1.000860857,-0.058096582,-0.371281478,-47.47504806,68.79864234,73.98758468,-79.58980179,-65.80771545,79.13229675,26.75867157,1,1
52.97821808,4,1572266625,AUT,FALSE,TRUE,TRUE,603.1137997,-97.21972909,186.93586,-179.9480601,0.041142123,179.9685369,-0.144971916,-3.823860751,-0.201150427,-1.000860857,-0.058096582,-0.371281478,-47.47504806,68.79864234,73.98758468,-79.58980179,-65.80771545,79.13229675,26.75867157,1,1
53.0787971,4,1572266625,AUT,FALSE,TRUE,TRUE,610.5242274,-94.66947402,185.1318319,-179.9912298,0.318105203,179.9695653,-9.234534933,1.366134904,1.174488362,-0.117418129,0.496885956,-0.325241178,-46.39341659,69.01252213,73.43441276,-78.36364174,-65.80019531,78.84639473,26.54189414,1,1
53.17939901,4,1572266625,AUT,FALSE,TRUE,TRUE,610.5242274,-94.66947402,185.1318319,-179.9912298,0.318105203,179.9695653,-9.234534933,1.366134904,1.174488362,-0.117418129,0.496885956,-0.325241178,-46.39341659,69.01252213,73.43441276,-78.36364174,-65.80019531,78.84639473,26.54189414,1,1
53.28006911,4,1572266625,AUT,FALSE,TRUE,TRUE,626.2472316,-97.94463494,183.2944564,-179.9470583,0.506349126,179.9465735,-12.80485637,4.375881057,0.727358354,0.181339575,0.791984689,-0.329379403,-44.70674743,69.87394294,72.78457146,-74.92782554,-65.9139038,79.21425819,24.92140045,1,1
53.38075709,4,1572266625,AUT,FALSE,TRUE,TRUE,626.2472316,-97.94463494,183.2944564,-179.9470583,0.506349126,179.9465735,-12.80485637,4.375881057,0.727358354,0.181339575,0.791984689,-0.329379403,-44.70674743,69.87394294,72.78457146,-74.92782554,-65.9139038,79.21425819,24.92140045,1,1
53.48144913,4,1572266626,AUT,FALSE,TRUE,TRUE,652.5775305,-99.241863,182.4824917,-179.9851411,0.394556034,179.8309562,-4.529969609,5.912570604,-0.102412815,0.290331125,0.403651301,-0.278085612,-41.42071953,71.54809456,72.26058883,-68.56593818,-66.12578063,80.75033226,22.34903755,1,1
53.58205199,4,1572266626,AUT,FALSE,TRUE,TRUE,652.5775305,-99.241863,182.4824917,-179.9851411,0.394556034,179.8309562,-4.529969609,5.912570604,-0.102412815,0.290331125,0.403651301,-0.278085612,-41.42071953,71.54809456,72.26058883,-68.56593818,-66.12578063,80.75033226,22.34903755,1,1
53.68270802,4,1572266626,AUT,FALSE,TRUE,TRUE,676.3522131,-92.07481394,182.893487,179.995994,0.401450109,179.8162324,-6.112579973,5.866539853,-0.7025657,0.200467993,0.088259279,0.013823672,-37.70916023,73.05920219,72.06088829,-62.64030418,-66.55866394,82.22515411,20.71562461,1,1
53.78336,4,1572266626,AUT,FALSE,TRUE,TRUE,676.3522131,-92.07481394,182.893487,179.995994,0.401450109,179.8162324,-6.112579973,5.866539853,-0.7025657,0.200467993,0.088259279,0.013823672,-34.63317031,73.99841652,71.98587913,-57.80987319,-66.67319091,83.67190246,19.4548336,1,1
53.88394117,4,1572266626,AUT,FALSE,TRUE,TRUE,693.1702023,-83.60736541,185.799619,-179.9411563,0.221069039,179.7128213,2.412506641,7.200282395,-1.033052611,0.175365336,-0.782499319,-0.231322232,-34.63317031,73.99841652,71.98587913,-57.80987319,-66.67319091,83.67190246,19.4548336,1,1
53.984478,4,1572266626,AUT,FALSE,TRUE,TRUE,706.781209,-55.44329281,187.1746345,-179.8997058,0.184780466,179.6062266,0.06564394,5.410650039,0.070391265,-0.253580147,-0.402717183,-0.52613251,-30.59866104,74.69339447,71.93201523,-54.35964431,-66.7125769,84.56743927,20.19073563,1,1
54.08507419,4,1572266626,AUT,FALSE,TRUE,TRUE,706.781209,-55.44329281,187.1746345,-179.8997058,0.184780466,179.6062266,0.06564394,5.410650039,0.070391265,-0.253580147,-0.402717183,-0.52613251,-30.59866104,74.69339447,71.93201523,-54.35964431,-66.7125769,84.56743927,20.19073563,1,1
54.18565416,4,1572266626,AUT,FALSE,TRUE,TRUE,712.9746725,-23.92687259,185.9240539,-179.8851242,0.193939624,179.5913569,-2.001028346,4.839720726,1.083249864,-0.44696209,-0.312284604,-0.406382705,-27.47399139,75.04101562,71.75248833,-53.03666038,-66.76277893,84.70225868,22.14775772,1,1
54.28624606,4,1572266626,AUT,FALSE,TRUE,TRUE,716.3049524,10.04641302,184.0932316,-179.8915204,0.176837491,179.6196192,-2.319808007,6.724781097,-1.39319637,0.056265854,-0.159436307,-0.444174549,-24.19790954,75.32801284,71.52404823,-52.10695266,-66.79517211,84.72426224,24.4815525,1,1
54.38685107,4,1572266626,AUT,FALSE,TRUE,TRUE,716.3049524,10.04641302,184.0932316,-179.8915204,0.176837491,179.6196192,-2.319808007,6.724781097,-1.39319637,0.056265854,-0.159436307,-0.444174549,-24.19790954,75.32801284,71.52404823,-52.10695266,-66.79517211,84.72426224,24.4815525,1,1
54.4874351,4,1572266627,AUT,FALSE,TRUE,TRUE,717.7498998,49.97218118,184.1710014,-179.9433761,0.092412434,179.7280117,1.536484283,1.302566128,-1.560187637,0.056265854,-0.159436307,-0.444174549,-20.44932289,75.52345276,71.37805709,-51.01296157,-66.8290155,85.032621,27.24587059,1,1
54.58793116,4,1572266627,AUT,FALSE,TRUE,TRUE,717.7498998,49.97218118,184.1710014,-179.9433761,0.092412434,179.7280117,1.536484283,1.302566128,-1.560187637,-0.678596247,-0.729002542,-0.308925704,-20.44932289,75.52345276,71.37805709,-51.01296157,-66.8290155,85.032621,27.24587059,1,1
54.68851209,4,1572266627,AUT,FALSE,TRUE,TRUE,717.8940778,70.28245452,184.9627033,-179.9193443,0.058848329,179.8278514,2.771065894,-0.240839756,-0.845235114,-0.783613016,-0.950682427,-0.336067188,-18.39619102,75.57767715,71.27807121,-50.31152572,-66.82850463,85.26559296,28.54433098,1,1
54.78909707,4,1572266627,AUT,FALSE,TRUE,TRUE,716.3178217,82.64978174,184.8475051,-179.9865733,-0.178282957,179.9639621,7.346512875,-1.018605746,-0.367522303,-0.679809301,-0.936407506,-0.146095445,-17.21158676,75.62406006,71.23495331,-50.06917419,-66.8241156,85.54838791,29.55843773,1,1
54.88978004,4,1572266627,AUT,FALSE,TRUE,TRUE,712.7791793,89.08646292,184.6901529,179.9839138,-0.373202457,-179.9050554,8.145093613,-0.872188589,-1.589949719,-0.121686412,-0.301767402,0.136680596,-16.89825668,75.51181068,71.26172904,-50.69050941,-66.81162963,85.64954453,30.44263801,1,1
54.99068499,4,1572266627,AUT,FALSE,TRUE,TRUE,712.7791793,89.08646292,184.6901529,179.9839138,-0.373202457,-179.9050554,8.145093613,-0.872188589,-1.589949719,-0.121686412,-0.301767402,0.136680596,-16.89825668,75.51181068,71.26172904,-50.69050941,-66.81162963,85.64954453,30.44263801,1,1
55.09150815,4,1572266627,AUT,FALSE,TRUE,TRUE,706.7384146,91.29433644,186.5310056,179.9885434,-0.511784513,-179.8315159,9.571119309,-0.544327494,-3.465536581,0.214013841,-0.215815527,0.116506206,-17.39794235,75.05998764,71.42091751,-52.29045181,-66.67450927,85.60567818,31.42897339,1,1
55.19206214,4,1572266627,AUT,FALSE,TRUE,TRUE,696.631532,92.69818373,189.8884901,179.9910734,-0.591287515,-179.8285145,10.43932572,0.213237274,-2.029442908,0.427601955,-0.331174011,0.102929476,-18.58010559,74.21885376,71.7629425,-55.12340011,-66.41944519,85.33955841,32.90549126,1,1
55.29261518,4,1572266627,AUT,FALSE,TRUE,TRUE,681.4117746,94.42193241,191.8408365,179.9851919,-0.603201419,-179.785759,6.598657099,2.61416831,-0.301762736,1.082392074,0.273324399,0.235989735,-20.36215324,73.09472236,72.10847969,-59.44436759,-66.096156,84.576091,35.11837463,1,1
55.39316916,4,1572266627,AUT,FALSE,TRUE,TRUE,663.9402121,93.42888549,189.9407336,179.9758898,-0.55058096,-179.7789497,3.171083364,3.215330974,1.499306934,1.082392074,0.273324399,0.235989735,-22.55311546,71.97660599,72.20709228,-64.36362991,-65.73772155,83.20564613,37.38902893,1,1
55.49372602,4,1572266628,AUT,FALSE,TRUE,TRUE,663.9402121,93.42888549,189.9407336,179.9758898,-0.55058096,-179.7789497,3.171083364,3.215330974,1.499306934,1.142955692,0.834023331,0.066063678,-22.55311546,71.97660599,72.20709228,-64.36362991,-65.73772155,83.20564613,37.38902893,1,1
55.59430003,4,1572266628,AUT,FALSE,TRUE,TRUE,645.5965998,89.65922943,185.2542914,-179.9595677,-0.38932649,-179.7936056,-2.576705229,3.076354067,0.353417702,0.596442807,0.919802146,-0.266735656,-25.01775054,70.98278618,72.2107418,-69.43604507,-65.58314941,81.45225219,39.40640029,1,1
55.69485617,4,1572266628,AUT,FALSE,TRUE,TRUE,629.7099346,85.05247309,181.8110704,-179.8591618,-0.149445675,-179.9359031,-8.399421954,6.563517563,-0.428864126,0.741178001,1.244176872,-0.703162002,-27.34694481,70.13158951,72.3546215,-73.8010128,-65.57196533,79.84328728,40.94138603,1,1
55.79536009,4,1572266628,AUT,FALSE,TRUE,TRUE,619.2350311,83.71483037,182.6919406,-179.7409652,0.026220075,179.8782044,-10.55349979,13.30342362,-0.20401725,1.369896616,1.376869791,-1.278456535,-28.81000443,69.49158783,72.796138,-76.48971748,-65.55877075,79.10975761,41.9462162,1,1
55.8958981,4,1572266628,AUT,FALSE,TRUE,TRUE,619.2350311,83.71483037,182.6919406,-179.7409652,0.026220075,179.8782044,-10.55349979,13.30342362,-0.20401725,1.369896616,1.376869791,-1.278456535,-28.81000443,69.49158783,72.796138,-76.48971748,-65.55877075,79.10975761,41.9462162,1,1
55.99643707,4,1572266628,AUT,FALSE,TRUE,TRUE,611.7263957,93.69180851,184.6529855,-179.7461319,0.036379324,179.6296744,-10.60400837,15.18756827,1.391422514,1.347920676,1.477631573,-1.353911707,-28.76106033,69.18585891,73.34243659,-77.88500519,-65.49028747,78.92620353,43.46904144,1,1
56.09698009,4,1572266628,AUT,FALSE,TRUE,TRUE,608.7801577,110.7345561,184.5072975,-179.8061775,0.108273645,179.6162047,-8.924594047,9.986183021,1.097025065,0.288284365,1.1303875,-1.067599322,-27.26111068,69.15346298,73.35459366,-78.01491508,-65.53105224,78.81876411,45.16303368,1,1
56.19753003,4,1572266628,AUT,FALSE,TRUE,TRUE,608.7753055,131.0785239,183.3598166,-179.805881,0.163327111,179.5963343,-6.842619401,8.717348043,0.633949907,0.363309105,0.644725991,-0.854012977,-24.99577102,69.35346222,73.09521675,-77.22102584,-65.54988281,78.79175491,46.63918419,1,1
56.29805708,4,1572266628,AUT,FALSE,TRUE,TRUE,608.7753055,131.0785239,183.3598166,-179.805881,0.163327111,179.5963343,-6.842619401,8.717348043,0.633949907,0.363309105,0.644725991,-0.854012977,-24.99577102,69.35346222,73.09521675,-77.22102584,-65.54988281,78.79175491,46.63918419,1,1
56.39855313,4,1572266628,AUT,FALSE,TRUE,TRUE,611.0897413,153.1574999,182.488439,-179.8601023,0.211640052,179.5924249,-6.311432977,9.728109662,0.540278282,0.508512149,0.599966343,-0.837990879,-22.24444427,69.72598801,72.74774666,-75.64087601,-65.57816711,78.98340454,47.93096694,1,1
56.499156,4,1572266629,AUT,FALSE,TRUE,TRUE,617.5410925,181.8025492,182.5726321,-179.8367346,0.201756627,179.6083329,-5.455760709,3.668599455,-0.894858533,-0.743553813,0.591397302,-0.867734288,-19.20001602,70.26122474,72.422826,-73.25538711,-65.58879638,79.48426437,48.67356719,1,1
56.59973812,4,1572266629,AUT,FALSE,TRUE,TRUE,617.5410925,181.8025492,182.5726321,-179.8367346,0.201756627,179.6083329,-5.455760709,3.668599455,-0.894858533,-0.743553813,0.591397302,-0.867734288,-15.06264724,71.1734024,71.98576927,-69.24546661,-65.61882202,80.45673981,49.06791114,1,1
56.70038605,4,1572266629,AUT,FALSE,TRUE,TRUE,624.0401963,203.4557101,182.5872117,-179.8050698,0.128900688,179.6313664,-1.918640949,4.722407203,0.954373747,-0.820628204,0.393560627,-0.89867011,-15.06264724,71.1734024,71.98576927,-69.24546661,-65.61882202,80.45673981,49.06791114,1,1
56.80105114,4,1572266629,AUT,FALSE,TRUE,TRUE,629.0672271,223.9997154,181.7335843,-179.902383,0.00015848,179.7419068,1.736737925,6.840721436,1.28530582,0.285655654,0.113847824,-0.569139291,-12.00218239,71.94933929,71.68291054,-66.21124878,-65.72557617,81.24257469,49.40912246,1,1
56.90192604,4,1572266629,AUT,FALSE,TRUE,TRUE,629.7642917,241.4309712,178.5641311,-179.9666187,-0.279515763,-179.9990447,9.91310788,-3.486822325,0.117200939,-0.898545087,-0.661150298,0.041908086,-9.437582013,72.6456253,71.30887756,-64.09053383,-65.82242065,81.83198089,49.99321403,1,1
57.00244498,4,1572266629,AUT,FALSE,TRUE,TRUE,629.7642917,241.4309712,178.5641311,-179.9666187,-0.279515763,-179.9990447,9.91310788,-3.486822325,0.117200939,-0.898545087,-0.661150298,0.041908086,-9.437582013,72.6456253,71.30887756,-64.09053383,-65.82242065,81.83198089,49.99321403,1,1
57.10301805,4,1572266629,AUT,FALSE,TRUE,TRUE,621.104157,254.5369253,175.495552,179.9907562,-0.499946487,-179.9289666,10.65398359,-2.212644497,-2.926442637,-0.458423289,-0.165679614,0.151682824,-8.388092419,72.80049819,71.29983101,-64.69555778,-65.88919006,81.70830917,51.62932548,1,1
57.203578,4,1572266629,AUT,FALSE,TRUE,TRUE,621.104157,254.5369253,175.495552,179.9907562,-0.499946487,-179.9289666,10.65398359,-2.212644497,-2.926442637,-0.458423289,-0.165679614,0.151682824,-8.388092419,72.80049819,71.29983101,-64.69555778,-65.88919006,81.70830917,51.62932548,1,1
57.30412412,4,1572266629,AUT,FALSE,TRUE,TRUE,602.5955916,264.4287088,176.4645209,179.9415373,-0.532940594,-179.7540456,8.181304541,-0.700950486,-3.864693082,0.343564688,-0.002825752,0.420669609,-8.543133544,72.06744575,71.74703293,-67.99008293,-65.9564978,81.24835968,54.65286254,1,1
57.40467906,4,1572266629,AUT,FALSE,TRUE,TRUE,578.5791138,270.2567933,179.8304558,179.9641687,-0.537789434,-179.6958368,6.879281297,-2.630158623,-2.064610722,0.170347659,0.114911846,0.336563994,-9.500499344,70.73913688,72.35415458,-72.63772888,-65.68931579,80.48065223,57.99748535,1,1
57.50522304,4,1572266630,AUT,FALSE,TRUE,TRUE,553.7632616,271.1597149,180.7656999,-179.9656926,-0.489176827,-179.6722398,6.879281297,-2.630158623,-2.064610722,0.170347659,0.114911846,0.336563994,-10.92518921,69.26583938,72.74238052,-77.75511246,-65.31713195,79.20030212,61.14959335,1,1
57.60570407,4,1572266630,AUT,FALSE,TRUE,TRUE,553.7632616,271.1597149,180.7656999,-179.9656926,-0.489176827,-179.6722398,4.641257388,3.302405035,1.828719481,1.278021361,0.260519816,0.004755962,-10.92518921,69.26583938,72.74238052,-77.75511246,-65.31713195,79.20030212,61.14959335,1,1
57.70624614,4,1572266630,AUT,FALSE,TRUE,TRUE,529.0793703,268.9734899,177.7715737,-179.9199646,-0.459043964,-179.7173026,0.725816689,5.685161631,2.621906624,1.069502068,0.619915735,-0.393396784,-12.52041092,67.90701942,72.84736519,-82.93874359,-65.00340637,77.441082,64.06664543,1,1
57.80679107,4,1572266630,AUT,FALSE,TRUE,TRUE,505.0648358,265.7429649,172.7113132,-179.8761903,-0.388943281,-179.7980579,-0.370971932,4.799418421,0.820643646,0.608170488,0.81058324,-0.665316903,-14.04832077,66.74415092,72.87164497,-87.93172073,-64.97719299,75.47096558,66.91067963,1,1
57.90738511,4,1572266630,AUT,FALSE,TRUE,TRUE,484.0588523,262.6136274,169.012428,-179.858444,-0.272475026,-179.8018649,-3.182094941,7.62709542,-0.291990879,0.95431801,1.163514067,-0.733190611,-15.26629257,65.71721763,72.97895736,-92.17249145,-65.0896051,73.88683319,69.41339607,1,1
58.00794721,4,1572266630,AUT,FALSE,TRUE,TRUE,484.0588523,262.6136274,169.012428,-179.858444,-0.272475026,-179.8018649,-3.182094941,7.62709542,-0.291990879,0.95431801,1.163514067,-0.733190611,-15.26629257,65.71721763,72.97895736,-92.17249145,-65.0896051,73.88683319,69.41339607,1,1
58.10847807,4,1572266630,AUT,FALSE,TRUE,TRUE,470.4545988,259.595174,168.2635375,-179.8120346,0.016286908,-179.8949177,-8.895190312,10.84419859,0.501262062,1.381664289,1.569310177,-1.12102156,-16.08315696,64.75067482,73.10338783,-95.08218956,-65.13487976,72.65832824,70.99463768,1,1
58.20897102,4,1572266630,AUT,FALSE,TRUE,TRUE,470.4545988,259.595174,168.2635375,-179.8120346,0.016286908,-179.8949177,-8.895190312,10.84419859,0.501262062,1.381664289,1.569310177,-1.12102156,-16.30702057,64.55967407,73.09157066,-95.17562141,-64.98826721,72.46003876,70.90574455,1,1
58.30953503,4,1572266630,AUT,FALSE,TRUE,TRUE,470.4960233,259.8545042,169.0985552,-179.7804193,0.067729647,179.9073003,-3.308629669,11.80748113,3.134616152,0.763468561,0.452350464,-1.307439139,-16.30702057,64.55967407,73.09157066,-95.17562141,-64.98826721,72.46003876,70.90574455,1,1
58.41039419,4,1572266630,AUT,FALSE,TRUE,TRUE,472.1867258,266.2288976,167.3985721,-179.7540949,-0.017827857,179.8472085,-0.987574024,11.3589385,2.21816825,0.705725607,0.381985867,-1.236182717,-15.41334457,64.98183403,72.89466819,-94.30624237,-65.05628906,72.55655708,70.99308929,1,1
64.71965313,5,1572266637,AUT,FALSE,FALSE,TRUE,471.9901495,-400.0056422,169.9932628,-179.9990215,-0.003220285,-179.9983362,-1.044492935,-0.328818434,0.971617041,-0.165618621,0.239854494,0.140473143,-77.29751816,69.87903442,72.06661834,-78.17937355,-66.09893005,77.73294411,-4.932686238,0.5,1
64.82067204,5,1572266637,AUT,FALSE,TRUE,TRUE,472.1929834,-400.0983902,170.0055698,179.9918272,0.010106842,179.9999535,-5.579112183,-0.54011387,2.866501922,-0.141100912,0.592756762,0.129237071,-77.28341103,69.88551979,72.06421852,-78.14242515,-66.0991278,77.73380584,-4.938316731,1,1
64.92148709,5,1572266637,AUT,FALSE,TRUE,TRUE,477.9182033,-398.418728,170.3501139,-179.892851,0.36228635,179.9210635,-11.59322679,-0.059949613,1.53896801,-0.12582064,0.763055518,-0.074897643,-76.73290329,70.07285385,72.13298263,-77.60135879,-66.09929809,77.66581764,-4.933259588,1,1
65.02211213,5,1572266637,AUT,FALSE,TRUE,TRUE,490.9892791,-394.8301173,172.5438988,-179.9506718,0.565485729,179.8873715,-13.75758529,-0.287702484,0.209260787,0.23211033,1.243250278,-0.100352278,-75.05288429,70.44264679,72.25275421,-75.89752693,-66.10332458,78.10140152,-4.662697225,1,1
65.12264299,5,1572266637,AUT,FALSE,TRUE,TRUE,490.9892791,-394.8301173,172.5438988,-179.9506718,0.565485729,179.8873715,-13.75758529,-0.287702484,0.209260787,0.23211033,1.243250278,-0.100352278,-75.05288429,70.44264679,72.25275421,-75.89752693,-66.10332458,78.10140152,-4.662697225,1,1
65.22319007,5,1572266637,AUT,FALSE,TRUE,TRUE,509.3859876,-391.4697958,175.6917789,179.966176,0.601745837,-179.9873262,-13.69559361,-1.858091174,2.040218352,-0.159428769,0.994961372,-0.030443347,-72.46520919,70.87897224,72.13353881,-73.07783775,-66.10434082,78.9208683,-4.547392275,1,1
65.32375312,5,1572266637,AUT,FALSE,TRUE,TRUE,531.0472828,-389.5644262,178.6197548,179.9683757,0.555920721,-179.9535942,-9.231539821,-1.798404132,0.51961978,0.02300356,0.400537885,0.141467372,-69.24272003,71.61327438,71.91546707,-69.05776176,-66.10442321,80.10822601,-5.015265656,1,1
65.42428303,5,1572266638,AUT,FALSE,TRUE,TRUE,553.0262826,-388.2308073,180.7321862,179.9860793,0.537432154,-179.9534275,-5.871623508,-0.563024927,-0.946764678,0.120161044,-0.034637661,0.072533502,-65.87049064,72.53854294,71.68707847,-64.52964019,-66.17017089,81.33577995,-5.815187075,1,1
65.52476215,5,1572266638,AUT,FALSE,TRUE,TRUE,573.9283117,-388.4754289,181.8000723,179.966448,0.36999307,-179.8723011,-0.709356263,-1.39146599,0.322309775,0.120161044,-0.034637661,0.072533502,-62.45975761,73.59182968,71.40362777,-59.65548019,-66.42437255,82.65071983,-6.901498038,1,1
65.62532711,5,1572266638,AUT,FALSE,TRUE,TRUE,573.9283117,-388.4754289,181.8000723,179.966448,0.36999307,-179.8723011,-0.709356263,-1.39146599,0.322309775,0.091973135,-0.237855437,0.104203004,-62.45975761,73.59182968,71.40362777,-59.65548019,-66.42437255,82.65071983,-6.901498038,1,1
65.72586107,5,1572266638,AUT,FALSE,TRUE,TRUE,589.5824046,-392.2677874,181.0917307,-179.9529112,0.160016204,-179.9259175,8.307018165,1.279901471,-2.652410592,0.337865221,-1.446763691,-0.25537985,-59.65043678,74.67141838,71.01572456,-54.88855362,-66.5591748,83.81915703,-8.603400425,1,1
65.82635903,5,1572266638,AUT,FALSE,TRUE,TRUE,599.8165289,-395.5386094,181.6934939,-179.8641528,0.031848084,179.9187001,12.44076092,5.875758777,-3.711341456,0.5731015,-1.94722612,-0.616631573,-57.71478653,75.45971146,70.88975944,-51.30318603,-66.61716613,84.7978054,-10.08007279,1,1
65.92695308,5,1572266638,AUT,FALSE,TRUE,TRUE,605.2877507,-392.9184863,184.9863187,-179.742797,-0.144795773,179.8039673,15.16066115,9.785387577,-3.738182483,1.162442291,-2.135076406,-1.016023697,-56.62012253,75.61441269,71.04421348,-49.80185279,-66.62693298,85.59464035,-10.41971169,1,1
66.02748799,5,1572266638,AUT,FALSE,TRUE,TRUE,605.2877507,-392.9184863,184.9863187,-179.742797,-0.144795773,179.8039673,15.16066115,9.785387577,-3.738182483,1.162442291,-2.135076406,-1.016023697,-56.62012253,75.61441269,71.04421348,-49.80185279,-66.62693298,85.59464035,-10.41971169,1,1
66.12799311,5,1572266638,AUT,FALSE,TRUE,TRUE,607.4052571,-384.8100623,188.9181343,-179.7550584,-0.22391376,179.8031317,8.97252542,5.59680512,-1.704110553,0.404923818,-0.771358275,-1.199714262,-56.30630149,75.25674248,71.31581954,-50.39628524,-66.59047485,85.87118683,-9.476281363,1,1
66.22853804,5,1572266638,AUT,FALSE,TRUE,TRUE,607.2962953,-372.0870356,192.1315963,-179.7478424,-0.306176773,179.787619,4.731185624,5.293331041,-0.877745618,0.545994099,0.360535305,-1.18757039,-56.43668174,74.61246299,71.60416603,-52.39602356,-66.42552062,85.80583878,-7.724621206,1,1
66.32906103,5,1572266638,AUT,FALSE,TRUE,TRUE,606.4760426,-354.3199882,193.9097883,-179.7568088,-0.284036153,179.7738689,1.381151613,5.589842069,-0.817058679,0.668434258,0.795792022,-1.098015754,-56.75013199,73.86985931,71.96218986,-55.36332435,-66.27204162,85.31347618,-5.194898987,1,1
66.42956519,5,1572266639,AUT,FALSE,TRUE,TRUE,604.9556824,-331.5472346,194.6538512,-179.778131,-0.269917442,179.7466485,1.278566364,4.794840436,-1.71392442,0.544455179,0.590972505,-0.951962756,-57.03240509,73.06776809,72.39859771,-59.06133613,-66.13737121,84.62838593,-1.959531788,1,1
66.53051519,5,1572266639,AUT,FALSE,TRUE,TRUE,604.9556824,-331.5472346,194.6538512,-179.778131,-0.269917442,179.7466485,1.278566364,4.794840436,-1.71392442,0.544455179,0.590972505,-0.951962756,-57.03240509,73.06776809,72.39859771,-59.06133613,-66.13737121,84.62838593,-1.959531788,1,1
66.63124609,5,1572266639,AUT,FALSE,TRUE,TRUE,602.3729788,-304.5822029,194.5167615,-179.8160017,-0.248312839,179.7259959,-0.224855388,4.912201747,-1.153321285,0.598546318,0.750158207,-0.777805765,-57.21217231,72.20065841,72.84239044,-63.25205726,-66.0063977,83.74085541,1.813420481,1,1
66.73518109,5,1572266639,AUT,FALSE,TRUE,TRUE,598.6957562,-275.5575521,193.7405363,-179.8136056,-0.175907927,179.7532769,-1.841636082,4.390554984,-0.719389904,0.716258355,0.751075312,-0.749931789,-57.24443779,71.30375519,73.23399467,-67.53008537,-65.89154663,82.67571373,5.8012619,1,1
66.83571911,5,1572266639,AUT,FALSE,TRUE,TRUE,594.2320014,-246.6626292,193.0162063,-179.8037069,-0.101289853,179.7301758,-2.207196398,3.516137192,-0.404344399,0.265230345,0.489181746,-0.837072511,-57.08053894,70.44683189,73.63671569,-71.55408897,-65.75987548,81.65974273,9.681986613,1,1
66.93626714,5,1572266639,AUT,FALSE,TRUE,TRUE,594.2320014,-246.6626292,193.0162063,-179.8037069,-0.101289853,179.7301758,-2.207196398,3.516137192,-0.404344399,0.265230345,0.489181746,-0.837072511,-57.08053894,70.44683189,73.63671569,-71.55408897,-65.75987548,81.65974273,9.681986613,1,1
67.03676319,5,1572266639,AUT,FALSE,TRUE,TRUE,588.2289543,-209.052207,192.6773411,-179.7888115,-0.013185375,179.6834764,-3.13417562,4.541864938,-0.615876487,0.230177391,0.248861182,-0.868415076,-56.47465668,69.42343483,74.19126778,-76.13979606,-65.6094342,80.52132225,14.60953674,1,1
67.13732719,5,1572266639,AUT,FALSE,TRUE,TRUE,583.999547,-179.0964308,192.8104397,-179.7954594,0.051579372,179.6741846,-4.016298578,3.763882875,-0.680425384,0.18962208,0.350559168,-0.852318498,-55.57696037,68.6855175,74.60926322,-79.27883034,-65.51807189,79.75567474,18.48089561,1,1
67.2378881,5,1572266639,AUT,FALSE,TRUE,TRUE,583.999547,-179.0964308,192.8104397,-179.7954594,0.051579372,179.6741846,-4.016298578,3.763882875,-0.680425384,0.18962208,0.350559168,-0.852318498,-55.57696037,68.6855175,74.60926322,-79.27883034,-65.51807189,79.75567474,18.48089561,1,1
67.33840704,5,1572266639,AUT,FALSE,TRUE,TRUE,580.8819209,-140.9303493,193.1239562,-179.7984564,0.148867383,179.7194167,-6.250977848,1.802645504,-0.704601242,-0.064119836,0.467851574,-0.726841992,-53.76314849,67.88615226,74.95230103,-82.2212574,-65.36982788,78.93349571,23.11619911,1,1
67.43903399,5,1572266640,AUT,FALSE,TRUE,TRUE,580.8819209,-140.9303493,193.1239562,-179.7984564,0.148867383,179.7194167,-6.250977848,1.802645504,-0.704601242,-0.064119836,0.467851574,-0.726841992,-53.76314849,67.88615226,74.95230103,-82.2212574,-65.36982788,78.93349571,23.11619911,1,1
67.53966999,5,1572266640,AUT,FALSE,TRUE,TRUE,584.175714,-107.3052356,192.7518975,-179.9915491,0.178701029,179.9702518,-3.699072195,-3.280039993,-0.269690215,-0.378326767,0.185594224,-0.332513377,-50.78804054,67.33717231,74.67826423,-83.24329491,-65.24032104,78.47546883,26.95691299,1,1
67.64042997,5,1572266640,AUT,FALSE,TRUE,TRUE,593.4260364,-98.83466871,190.391874,-179.9260769,0.320037435,-179.96865,-6.629504401,0.395166849,0.342033659,0.094867397,0.24473126,-0.456560774,-48.83007431,67.49525527,73.85668945,-81.82588691,-65.09248352,78.21541557,27.15749588,1,1
67.74136806,5,1572266640,AUT,FALSE,TRUE,TRUE,593.4260364,-98.83466871,190.391874,-179.9260769,0.320037435,-179.96865,-6.629504401,0.395166849,0.342033659,0.094867397,0.24473126,-0.456560774,-48.83007431,67.49525527,73.85668945,-81.82588691,-65.09248352,78.21541557,27.15749588,1,1
67.842098,5,1572266640,AUT,FALSE,TRUE,TRUE,609.3483382,-97.26579746,187.8521811,-179.9094766,0.410546276,179.9211127,-9.685991806,4.48806617,1.038077945,0.165495148,0.409956991,-0.390016597,-46.78645248,68.32721558,73.08516426,-78.64825973,-65.0973944,78.51979866,26.0544342,1,1
67.94265318,5,1572266640,AUT,FALSE,TRUE,TRUE,609.3483382,-97.26579746,187.8521811,-179.9094766,0.410546276,179.9211127,-9.685991806,4.48806617,1.038077945,0.165495148,0.409956991,-0.390016597,-44.20829086,69.61871681,72.41661872,-74.15188866,-65.35849548,79.30214882,24.52114105,1,1
68.04328513,5,1572266640,AUT,FALSE,TRUE,TRUE,629.3909913,-97.19173379,185.5322519,179.9695977,0.517097627,179.9070243,-8.864078646,4.476253318,-1.594426317,0.502512987,0.658507335,-0.121342927,-44.20829086,69.61871681,72.41661872,-74.15188866,-65.35849548,79.30214882,24.52114105,1,1
68.14390016,5,1572266640,AUT,FALSE,TRUE,TRUE,657.4551891,-98.29249668,189.2050183,179.9990065,0.409784995,179.891362,-1.020933572,1.491974204,-4.575312921,-0.466960928,-0.644746211,-0.112617076,-40.58243523,71.20573997,72.11560707,-67.15649528,-65.61778381,81.37140312,21.81589851,1,1
68.24439716,5,1572266640,AUT,FALSE,TRUE,TRUE,657.4551891,-98.29249668,189.2050183,179.9990065,0.409784995,179.891362,-1.020933572,1.491974204,-4.575312921,-0.466960928,-0.644746211,-0.112617076,-40.58243523,71.20573997,72.11560707,-67.15649528,-65.61778381,81.37140312,21.81589851,1,1
68.34498215,5,1572266640,AUT,FALSE,TRUE,TRUE,675.7644766,-97.82857496,194.4303963,-179.9941879,0.28881406,179.8345585,-0.411805704,6.231927848,-0.440788315,0.693785443,-0.071014195,-0.082134425,-37.91023407,72.10502242,72.04184074,-62.01411438,-65.64195922,83.08551063,19.83486786,1,1
68.44561315,5,1572266641,AUT,FALSE,TRUE,TRUE,687.6911352,-91.4644299,196.1954096,179.994425,0.256854702,179.7574554,0.902450164,6.237797984,0.158998557,0.448505111,-0.234101203,-0.004219228,-35.72087516,72.74508591,71.91507568,-58.74530067,-65.68867309,83.97288322,19.06479149,1,1
68.54615808,5,1572266641,AUT,FALSE,TRUE,TRUE,697.2144885,-79.55346523,196.627411,-179.9301604,0.283898133,179.7162582,-1.048715735,5.6054166,-0.645631992,0.448505111,-0.234101203,-0.004219228,-33.56034164,73.26289901,71.79859314,-56.40902023,-65.81661437,84.48546066,19.01726875,1,1
68.64676118,5,1572266641,AUT,FALSE,TRUE,TRUE,697.2144885,-79.55346523,196.627411,-179.9301604,0.283898133,179.7162582,-1.048715735,5.6054166,-0.645631992,0.076703297,-0.256583921,-0.187679507,-33.56034164,73.26289901,71.79859314,-56.40902023,-65.81661437,84.48546066,19.01726875,1,1
68.74737811,5,1572266641,AUT,FALSE,TRUE,TRUE,704.3486779,-62.3882527,196.9471246,-179.8763228,0.225435646,179.6000126,0.785268351,6.927403329,-1.071384843,-0.045892333,-0.403923903,-0.722290895,-31.32193222,73.66860351,71.76457672,-54.65683136,-65.85061706,84.94015045,19.62441788,1,1
68.84791112,5,1572266641,AUT,FALSE,TRUE,TRUE,708.7638925,-37.68863577,196.7365435,-179.8128928,0.196303994,179.5347503,-0.862334603,9.970315462,-0.843635736,0.732279882,-0.121285963,-0.836304675,-28.94199486,73.90302773,71.75414314,-53.78047943,-65.89543579,85.12915306,21.16632843,1,1
68.94852209,5,1572266641,AUT,FALSE,TRUE,TRUE,710.3512812,-6.751639986,196.3115832,-179.8234637,0.17611985,179.5243994,-2.077756426,7.979725313,-1.292104105,0.133031697,-0.158945227,-0.769977734,-26.35650673,73.98573418,71.74257316,-53.5909687,-65.92840026,85.13780136,23.59488373,1,1
69.04915118,5,1572266641,AUT,FALSE,TRUE,TRUE,710.3512812,-6.751639986,196.3115832,-179.8234637,0.17611985,179.5243994,-2.077756426,7.979725313,-1.292104105,0.133031697,-0.158945227,-0.769977734,-26.35650673,73.98573418,71.74257316,-53.5909687,-65.92840026,85.13780136,23.59488373,1,1
69.14981008,5,1572266641,AUT,FALSE,TRUE,TRUE,709.9984769,25.69513344,195.9334642,-179.8746881,0.14408183,179.6008475,-0.644579538,3.969449414,-0.915892782,-0.175716658,-0.316404896,-0.560525457,-23.68040199,73.99371643,71.68083343,-53.57034531,-65.96084289,85.13698082,26.27204933,1,1
69.25052619,5,1572266641,AUT,FALSE,TRUE,TRUE,708.8127096,53.20347991,194.8665105,-179.9522095,0.083594334,179.7437825,0.761580052,0.488918946,-0.247328751,-0.600978625,-0.538045012,-0.278620888,-21.32821198,74.02577591,71.48644066,-53.4450325,-65.96307861,85.12856941,28.53647918,1,1
69.351331,5,1572266641,AUT,FALSE,TRUE,TRUE,707.4268929,70.96713111,192.5262382,179.9808311,-0.061017107,-179.9988675,8.087196895,-4.334613115,-1.784007934,-0.918395009,-1.361794184,0.107093699,-19.58711929,74.11745681,71.12881164,-53.25641098,-65.95703063,85.12932129,30.02601585,1,1
69.45198298,5,1572266642,AUT,FALSE,TRUE,TRUE,704.2523104,78.93800935,191.7743022,179.9950511,-0.339773925,-179.9398206,10.38733078,-1.880798052,-2.17207489,-0.127897483,-0.736974132,0.135443673,-19.03788528,74.0984642,71.12633285,-53.64787788,-65.88180175,85.25338439,30.88778343,1,1
69.55253816,5,1572266642,AUT,FALSE,TRUE,TRUE,704.2523104,78.93800935,191.7743022,179.9950511,-0.339773925,-179.9398206,10.38733078,-1.880798052,-2.17207489,-0.127897483,-0.736974132,0.135443673,-19.03788528,74.0984642,71.12633285,-53.64787788,-65.88180175,85.25338439,30.88778343,1,1
69.65310597,5,1572266642,AUT,FALSE,TRUE,TRUE,696.9670808,82.95380107,192.596423,179.9638094,-0.612816512,-179.8238391,12.6832525,0.08540669,-1.846647053,0.543546683,-0.366394817,0.275412437,-19.43475609,73.69379997,71.31722717,-55.34501838,-65.76759887,85.25517654,32.09232444,1,1
69.75359702,5,1572266642,AUT,FALSE,TRUE,TRUE,684.1277542,86.53709354,193.875647,179.9676656,-0.706371653,-179.7990498,12.84025675,-0.903263011,-0.928430892,0.385524872,-0.234355976,0.27963324,-20.67389717,72.84109611,71.63882103,-58.77267379,-65.52169189,84.69851646,34.03325157,1,1
69.85418415,5,1572266642,AUT,FALSE,TRUE,TRUE,664.5266398,90.88909693,192.8913119,-179.9750849,-0.689468179,-179.7808964,8.017865564,4.48452971,1.928248644,1.495324846,0.216980082,0.24791472,-22.64111595,71.6472805,71.97500267,-64.06020813,-65.22126525,83.4121788,36.85058899,1,1
69.95471001,5,1572266642,AUT,FALSE,TRUE,TRUE,664.5266398,90.88909693,192.8913119,-179.9750849,-0.689468179,-179.7808964,8.017865564,4.48452971,1.928248644,1.495324846,0.216980082,0.24791472,-25.00308723,70.41303863,72.09747962,-70.19171562,-65.06987915,81.33982429,40.02895431,1,1
70.05523515,5,1572266642,AUT,FALSE,TRUE,TRUE,641.4753021,93.57703042,187.8688765,-179.9861283,-0.454962779,-179.8045969,-3.045006382,4.039956311,1.269117331,1.16519648,0.987356924,-0.005346919,-25.00308723,70.41303863,72.09747962,-70.19171562,-65.06987915,81.33982429,40.02895431,1,1
70.1557641,5,1572266642,AUT,FALSE,TRUE,TRUE,619.1596747,92.13198359,182.1160897,-179.8038114,0.017363304,179.9735018,-11.67770289,7.229956393,-1.241502543,0.472123835,1.290051555,-1.105037639,-27.6759613,69.20263023,72.14803734,-76.16392479,-65.06701721,78.82964401,42.51147651,1,1
70.25629306,5,1572266642,AUT,FALSE,TRUE,TRUE,619.1596747,92.13198359,182.1160897,-179.8038114,0.017363304,179.9735018,-11.67770289,7.229956393,-1.241502543,0.472123835,1.290051555,-1.105037639,-28.51375465,68.7179615,72.51004371,-78.19840393,-65.05865661,78.19034958,43.49760246,1,1
70.35678101,5,1572266642,AUT,FALSE,TRUE,TRUE,610.8302293,94.57101551,182.8432018,-179.6488798,0.263879851,179.6075207,-13.26083764,14.77197527,-0.747368017,1.007246948,1.220340275,-1.739854641,-28.51375465,68.7179615,72.51004371,-78.19840393,-65.05865661,78.19034958,43.49760246,1,1
70.45734501,5,1572266643,AUT,FALSE,TRUE,TRUE,607.6041352,117.0875807,187.7742222,-179.6508839,0.254544054,179.5032485,-8.358315337,16.72108465,1.184337522,1.007246948,1.220340275,-1.739854641,-26.72901535,68.64421234,73.18418541,-78.08300628,-65.03145996,78.60742836,45.46538773,1,1
70.55789518,5,1572266643,AUT,FALSE,TRUE,TRUE,607.6041352,117.0875807,187.7742222,-179.6508839,0.254544054,179.5032485,-8.358315337,16.72108465,1.184337522,1.540174685,0.455656536,-1.54246588,-26.72901535,68.64421234,73.18418541,-78.08300628,-65.03145996,78.60742836,45.46538773,1,1
70.65839314,5,1572266643,AUT,FALSE,TRUE,TRUE,607.0114719,143.1316497,188.2910536,-179.7590664,0.281983999,179.4461368,-9.52179803,10.43761738,1.482711777,0.269797155,0.783531308,-1.275793861,-23.90898971,68.8575428,73.10439376,-77.04005699,-65.03380004,78.83086624,47.44766808,1,1
70.75898099,5,1572266643,AUT,FALSE,TRUE,TRUE,610.2234892,171.1257576,187.2141354,-179.853216,0.285905329,179.5710985,-7.91771051,9.409360316,-0.435646335,0.571667349,0.688148076,-0.798588648,-20.27894554,69.35131988,72.58592834,-74.77426071,-65.06870361,79.23947868,48.97463035,1,1
70.85955906,5,1572266643,AUT,FALSE,TRUE,TRUE,617.2091176,194.6075818,185.8996738,-179.9559278,0.232291118,179.7166377,-2.199839465,3.86609264,-1.289028332,-0.064994666,0.156999678,-0.363217324,-16.66180343,70.08932648,71.91298828,-71.52779388,-65.06986267,79.90647239,49.54427833,1,1
70.96029806,5,1572266643,AUT,FALSE,TRUE,TRUE,617.2091176,194.6075818,185.8996738,-179.9559278,0.232291118,179.7166377,-2.199839465,3.86609264,-1.289028332,-0.064994666,0.156999678,-0.363217324,-16.66180343,70.08932648,71.91298828,-71.52779388,-65.06986267,79.90647239,49.54427833,1,1
71.06108904,5,1572266643,AUT,FALSE,TRUE,TRUE,623.9593172,215.2097894,186.0208861,-179.9383071,0.050701133,179.7137112,3.768075573,4.434206769,-2.090424427,-0.084113824,-0.444337739,-0.25077864,-13.48735199,70.92108421,71.60367851,-68.13509903,-65.07215332,80.8203186,49.56684494,1,1
71.16192818,5,1572266643,AUT,FALSE,TRUE,TRUE,625.5137509,233.7453649,187.3164514,179.9817513,-0.105198827,179.7980035,7.448806771,1.89085658,-1.649892577,-0.146786249,-0.703810503,0.169348695,-10.96296844,71.45868987,71.61571541,-65.91289787,-65.17460083,81.67631493,50.18101844,1,1
71.26243019,5,1572266643,AUT,FALSE,TRUE,TRUE,621.2339008,249.2691642,188.2214565,179.858825,-0.256083289,179.9941399,10.33570128,-4.734240361,-2.154544326,-0.76318325,-0.981676041,0.658775795,-9.194255444,71.58066215,71.61826972,-65.19033394,-65.18409851,82.15663033,51.42711868,1,1
71.3630631,5,1572266643,AUT,FALSE,TRUE,TRUE,621.2339008,249.2691642,188.2214565,179.858825,-0.256083289,179.9941399,10.33570128,-4.734240361,-2.154544326,-0.76318325,-0.981676041,0.658775795,-8.465230175,71.39260025,71.70317688,-66.05595703,-65.10047058,82.06582489,52.81957054,1,1
71.46358705,5,1572266644,AUT,FALSE,TRUE,TRUE,612.6478444,259.6708731,188.0897811,179.9699809,-0.377286575,-179.9575111,6.704709397,-0.427533818,-0.475310428,-0.050757476,0.015622946,0.369895014,-8.465230175,71.39260025,71.70317688,-66.05595703,-65.10047058,82.06582489,52.81957054,1,1
71.56406617,5,1572266644,AUT,FALSE,TRUE,TRUE,600.2605747,266.5031615,187.034621,179.9034566,-0.439423585,-179.8124881,6.814317392,0.112538669,-0.153163023,0.473256471,0.166380666,0.528326525,-8.462274169,70.96330261,71.84144325,-68.16708298,-65.0789978,81.63674354,54.81334533,1,1
71.66460204,5,1572266644,AUT,FALSE,TRUE,TRUE,583.8852766,270.3555594,184.6082123,179.936181,-0.490579572,-179.7564584,6.851709317,0.731643769,-0.888978327,0.757827645,0.031102774,0.50140517,-9.083767313,70.27866211,71.93364944,-71.46369896,-64.94673339,80.70007668,57.11803665,1,1
71.76512599,5,1572266644,AUT,FALSE,TRUE,TRUE,562.1492854,272.3930458,181.1664336,179.969427,-0.483331686,-179.7550197,6.851709317,0.731643769,-0.888978327,0.757827645,0.031102774,0.50140517,-10.18569259,69.33076858,72.06796417,-75.91068649,-64.82235717,79.27605286,59.99549331,1,1
71.86564803,5,1572266644,AUT,FALSE,TRUE,TRUE,562.1492854,272.3930458,181.1664336,179.969427,-0.483331686,-179.7550197,5.481092459,1.947116579,-0.764441526,0.688332645,0.177045389,0.265791965,-10.18569259,69.33076858,72.06796417,-75.91068649,-64.82235717,79.27605286,59.99549331,1,1
71.96617198,5,1572266644,AUT,FALSE,TRUE,TRUE,538.7803447,272.1782702,177.4674759,-179.9980199,-0.425921834,-179.7276834,1.72102892,1.967586671,-0.16749583,0.562759246,0.266630788,0.081078176,-11.51259384,68.26021957,72.25268897,-80.79737091,-64.80410339,77.69142608,62.99777526,1,1
72.06670713,5,1572266644,AUT,FALSE,TRUE,TRUE,510.3140572,267.6556192,173.9573235,-179.920029,-0.309117158,-179.7525595,1.72102892,1.967586671,-0.16749583,0.562759246,0.266630788,0.081078176,-13.47890625,66.78409653,72.56783867,-86.81557846,-64.79222167,75.68882789,66.35155792,1,1
72.16721916,5,1572266644,AUT,FALSE,TRUE,TRUE,510.3140572,267.6556192,173.9573235,-179.920029,-0.309117158,-179.7525595,0.525461186,6.775629596,-0.332783918,1.225553724,0.447595137,-0.250075574,-13.47890625,66.78409653,72.56783867,-86.81557846,-64.79222167,75.68882789,66.35155792,1,1
72.26775217,5,1572266644,AUT,FALSE,TRUE,TRUE,492.006676,263.3057555,173.053322,-179.9105913,-0.23950457,-179.8085606,-1.4334705,5.314660205,-0.112301666,0.558963874,0.698250818,-0.53249365,-14.90060577,65.73234787,72.93234443,-90.63958282,-64.73568054,74.46360168,68.39135513,1,1
72.36831117,5,1572266644,AUT,FALSE,TRUE,TRUE,477.7271933,259.2329864,172.9700282,-179.8196891,-0.127306701,-179.8932904,-4.109707844,9.521315122,0.382126639,1.172584897,0.811467138,-0.827590031,-16.07109947,64.81043701,73.27467155,-93.64448433,-64.67348693,73.46398315,69.85727463,1,1
72.46879315,5,1572266645,AUT,FALSE,TRUE,TRUE,471.3457954,257.2366637,173.5884621,-179.8209915,0.07681535,179.9751726,-9.111184336,12.07830626,1.080949823,1.179312606,1.334339665,-1.129769664,-16.69864196,64.17504616,73.38914566,-95.15227546,-64.58749145,72.77734451,70.54461707,1,1
72.5693171,5,1572266645,AUT,FALSE,TRUE,TRUE,471.3457954,257.2366637,173.5884621,-179.8209915,0.07681535,179.9751726,-9.111184336,12.07830626,1.080949823,1.179312606,1.334339665,-1.129769664,-16.69864196,64.17504616,73.38914566,-95.15227546,-64.58749145,72.77734451,70.54461707,1,1
72.67023206,5,1572266645,AUT,FALSE,TRUE,TRUE,473.9440347,258.2713701,175.3058774,-179.8560989,0.19331593,179.8448098,-5.212345386,11.44374214,1.876911141,0.601792124,0.349499702,-0.952826504,-16.59189606,64.03893585,73.34236106,-94.75290184,-64.42012023,72.74614677,70.27197761,1,1
72.77082705,5,1572266645,AUT,FALSE,TRUE,TRUE,475.0702668,262.9690026,175.7833008,-179.8235335,-0.074166856,179.8319964,3.159048859,9.308201094,1.968295114,0.380179501,-0.291433722,-0.696798064,-15.90212631,64.2461071,73.27191124,-93.92832298,-64.1495874,73.10998993,70.13529739,1,1
72.87148499,5,1572266645,AUT,FALSE,TRUE,TRUE,470.7988943,271.2172034,174.2702095,-179.8722453,-0.143793229,179.8782531,0.951839295,4.233545145,-0.075139926,-0.385270962,0.347869531,-0.559070578,-14.85225219,64.45927963,73.20936813,-93.81778679,-64.25939575,73.13670044,71.15776062,1,1
72.97203302,5,1572266645,AUT,FALSE,TRUE,TRUE,469.8809871,276.2639849,172.6403927,179.9752269,0.051390179,-179.909597,-3.723939558,-0.075086331,-0.524954001,-0.385270962,0.347869531,-0.559070578,-13.96286773,64.52732277,72.90152435,-93.57344398,-64.50955993,73.09652824,71.88752059,1,1
73.07250214,5,1572266645,AUT,FALSE,TRUE,TRUE,469.8809871,276.2639849,172.6403927,179.9752269,0.051390179,-179.909597,-3.723939558,-0.075086331,-0.524954001,-0.582054595,0.696742415,-0.084304549,-13.96286773,64.52732277,72.90152435,-93.57344398,-64.50955993,73.09652824,71.88752059,1,1
73.17304015,5,1572266645,AUT,FALSE,TRUE,TRUE,476.3669879,274.1658969,170.5608426,-179.9899219,0.000290417,-179.880078,1.406600173,3.503566816,-0.289389699,0.20096666,-0.186185098,-0.152455324,-13.8470993,64.72677269,72.34705124,-92.6664608,-64.40314086,73.02516861,70.89965744,1,1
73.27360606,5,1572266645,AUT,FALSE,TRUE,TRUE,476.3669879,274.1658969,170.5608426,-179.9899219,0.000290417,-179.880078,1.406600173,3.503566816,-0.289389699,0.20096666,-0.186185098,-0.152455324,-13.8470993,64.72677269,72.34705124,-92.6664608,-64.40314086,73.02516861,70.89965744,1,1
73.37408113,5,1572266645,AUT,FALSE,TRUE,TRUE,479.4584081,270.4207366,168.9468776,-179.996269,-0.06838715,-179.8612693,1.215724019,4.154514132,-0.641472309,0.315371629,0.223791219,-0.096051438,-14.20642089,64.9491909,72.22879371,-92.46644783,-64.50489074,73.02676163,70.36138916,1,1
73.47460914,5,1572266646,AUT,FALSE,TRUE,TRUE,479.4584081,270.4207366,168.9468776,-179.996269,-0.06838715,-179.8612693,1.215724019,4.154514132,-0.641472309,0.315371629,0.223791219,-0.096051438,-14.20642089,64.9491909,72.22879371,-92.46644783,-64.50489074,73.02676163,70.36138916,1,1
73.57516217,5,1572266646,AUT,FALSE,TRUE,TRUE,481.0233411,265.7904292,169.0924272,-179.9725172,-0.101827117,-179.8793474,0.420726947,5.694851396,-0.839219332,0.551297021,0.437840652,-0.110724895,-14.71395493,64.97174034,72.33185577,-92.62214126,-64.53303222,73.04655761,69.90221901,1,1
73.67564511,5,1572266646,AUT,FALSE,TRUE,TRUE,481.0233411,265.7904292,169.0924272,-179.9725172,-0.101827117,-179.8793474,0.420726947,5.694851396,-0.839219332,0.551297021,0.437840652,-0.110724895,-14.71395493,64.97174034,72.33185577,-92.62214126,-64.53303222,73.04655761,69.90221901,1,1
73.7761972,5,1572266646,AUT,FALSE,TRUE,TRUE,481.7929729,263.3238058,170.7358832,-179.964124,-0.052168967,-179.9259396,-0.555533275,6.896417313,-0.274959566,0.76412532,0.406954414,-0.198070089,-15.20300102,64.87280846,72.55136604,-92.74786949,-64.51710205,73.14124946,69.67869873,1,1
73.87674809,5,1572266646,AUT,FALSE,TRUE,TRUE,481.7929729,263.3238058,170.7358832,-179.964124,-0.052168967,-179.9259396,-0.555533275,6.896417313,-0.274959566,0.76412532,0.406954414,-0.198070089,-15.20300102,64.87280846,72.55136604,-92.74786949,-64.51710205,73.14124946,69.67869873,1,1
73.97724319,5,1572266646,AUT,FALSE,TRUE,TRUE,481.5464534,263.6385527,172.0566397,-179.9260303,-0.065396625,-179.9772331,0.328212954,6.265062199,-0.200121556,0.421926354,0.219908145,-0.358356432,-15.30580902,64.80026436,72.65983886,-92.74800338,-64.45249694,73.22293281,69.63504868,1,1
74.07776904,5,1572266646,AUT,FALSE,TRUE,TRUE,481.5464534,263.6385527,172.0566397,-179.9260303,-0.065396625,-179.9772331,0.328212954,6.265062199,-0.200121556,0.421926354,0.219908145,-0.358356432,-15.05196991,64.75815925,72.93798522,-92.8707756,-64.34322143,73.32310066,69.99188804,1,1
74.17833805,5,1572266646,AUT,FALSE,TRUE,TRUE,478.6843896,267.2673726,173.5121679,-179.8213755,-0.117125131,179.9014991,0.074908049,8.204169031,-0.275693352,0.431451425,0.451658848,-0.834422994,-15.05196991,64.75815925,72.93798522,-92.8707756,-64.34322143,73.32310066,69.99188804,1,1
74.27881217,5,1572266646,AUT,FALSE,TRUE,TRUE,474.0292587,274.7167624,175.0333126,-179.86378,-0.086393972,179.9731727,-0.785753731,4.444841221,0.352872921,-0.046960969,0.411727548,-0.668490064,-14.19930381,64.68704681,73.14301758,-92.91496468,-64.34267761,73.52336769,71.00428161,1,1
74.37934113,5,1572266646,AUT,FALSE,TRUE,TRUE,474.0292587,274.7167624,175.0333126,-179.86378,-0.086393972,179.9731727,-0.785753731,4.444841221,0.352872921,-0.046960969,0.411727548,-0.668490064,-14.19930381,64.68704681,73.14301758,-92.91496468,-64.34267761,73.52336769,71.00428161,1,1
74.48010015,5,1572266647,AUT,FALSE,TRUE,TRUE,473.9876656,276.1422104,174.9205423,-179.9476966,-0.003923628,-179.9064044,-0.449802597,1.019598385,-0.212917861,-0.429834306,0.215664412,-0.472746463,-13.86573829,64.61261787,72.98692589,-92.78961754,-64.34241394,73.53006935,71.21240387,1,1
74.5807302,5,1572266647,AUT,FALSE,TRUE,TRUE,475.9378422,273.4544428,173.7814895,-179.9662785,0.000569657,-179.8507991,0.00890715,2.108778254,-0.044480022,-0.055979091,0.043922008,-0.242517832,-14.05784111,64.61185913,72.77285041,-92.72077446,-64.33654174,73.42261619,70.88075409,1,1
74.68156314,5,1572266647,AUT,FALSE,TRUE,TRUE,478.6411478,268.7192074,172.5415736,-179.9877165,-0.027116953,-179.8409851,-0.343511761,3.256611294,-0.041118544,0.220291965,0.164387384,-0.203419322,-14.55395279,64.65041084,72.60914726,-92.72095985,-64.34367187,73.29357834,70.32303314,1,1
74.78212118,5,1572266647,AUT,FALSE,TRUE,TRUE,478.6411478,268.7192074,172.5415736,-179.9877165,-0.027116953,-179.8409851,-0.343511761,3.256611294,-0.041118544,0.220291965,0.164387384,-0.203419322,-14.55395279,64.65041084,72.60914726,-92.72095985,-64.34367187,73.29357834,70.32303314,1,1
74.88260102,5,1572266647,AUT,FALSE,TRUE,TRUE,482.2032742,262.2950157,171.8891069,-179.976654,-0.040337675,-179.8402971,0.169674665,3.390460321,-0.815669027,0.21556711,0.250680734,-0.181613423,-15.27110596,64.70791397,72.56122627,-92.72394333,-64.38981994,73.24954376,69.55894432,1,1
74.98317909,5,1572266647,AUT,FALSE,TRUE,TRUE,485.7591292,254.8622495,172.0482299,-179.9458803,-0.063268653,-179.8957043,0.937827632,6.602826119,-0.798810999,0.661052652,0.244647444,-0.260676162,-16.22700576,64.72542686,72.63086243,-92.79191436,-64.39412658,73.24410553,68.68549003,1,1
75.08371115,5,1572266647,AUT,FALSE,TRUE,TRUE,485.7591292,254.8622495,172.0482299,-179.9458803,-0.063268653,-179.8957043,0.937827632,6.602826119,-0.798810999,0.661052652,0.244647444,-0.260676162,-16.22700576,64.72542686,72.63086243,-92.79191436,-64.39412658,73.24410553,68.68549003,1,1
75.18419218,5,1572266647,AUT,FALSE,TRUE,TRUE,483.6917159,254.6337952,173.5466326,-179.7437095,-0.159473936,179.8258839,2.689848333,13.22756532,-1.580079926,1.177075597,0.088899601,-0.977925214,-16.65349503,64.7284069,73.04725799,-93.17319831,-64.34459472,73.24666671,68.60308228,1,1
75.28471518,5,1572266647,AUT,FALSE,TRUE,TRUE,474.7959133,263.0154201,176.3608439,-179.71908,-0.254473544,179.7052438,1.981084834,11.89146954,-0.004069056,0.350821951,0.4571237,-1.242296333,-16.11888313,64.64842987,73.73143158,-93.84449043,-64.33799743,73.48224792,70.06097488,1,1
75.38523602,5,1572266647,AUT,FALSE,TRUE,TRUE,460.9361985,278.7570514,178.9084703,-179.7751917,-0.182980443,179.6896229,-1.320043512,11.21687918,1.524665379,0.45300318,0.842983368,-1.01023172,-14.52739334,64.35338859,74.23869781,-94.6664154,-64.33484436,73.5347969,72.64894867,1,1
75.4857502,5,1572266648,AUT,FALSE,TRUE,TRUE,460.9361985,278.7570514,178.9084703,-179.7751917,-0.182980443,179.6896229,-1.320043512,11.21687918,1.524665379,0.45300318,0.842983368,-1.01023172,-14.52739334,64.35338859,74.23869781,-94.6664154,-64.33484436,73.5347969,72.64894867,1,1
75.58628011,5,1572266648,AUT,FALSE,TRUE,TRUE,454.0467128,291.465587,178.7104376,-179.9057499,0.062004857,179.9385679,-6.847383041,1.406429975,1.413156677,-0.619805567,1.115881693,-0.67586285,-12.67406501,64.08468704,73.91143569,-94.59629859,-64.33015869,73.43302574,74.36382866,1,1
75.6868341,5,1572266648,AUT,FALSE,TRUE,TRUE,459.5436167,295.4328613,175.4740813,179.9841524,0.15642226,-179.9026395,-3.814802284,1.070974685,1.995907165,-0.177571971,0.421060633,-0.241723028,-11.54582405,64.09739685,72.80348854,-93.35106354,-64.10991027,73.11164818,73.94658164,1,1
75.7873342,5,1572266648,AUT,FALSE,TRUE,TRUE,470.2478827,293.1595624,171.3109214,179.9743549,0.09782768,-179.8378136,0.039427131,0.146213697,0.817663087,-0.442730188,0.07587872,-0.115679455,-11.25408554,64.53632812,71.87666816,-91.84110946,-64.05001281,72.99450302,72.48422927,1,1
75.88786316,5,1572266648,AUT,FALSE,TRUE,TRUE,470.2478827,293.1595624,171.3109214,179.9743549,0.09782768,-179.8378136,0.039427131,0.146213697,0.817663087,-0.442730188,0.07587872,-0.115679455,-11.25408554,64.53632812,71.87666816,-91.84110946,-64.05001281,72.99450302,72.48422927,1,1
75.98841715,5,1572266648,AUT,FALSE,TRUE,TRUE,477.0984241,289.2986334,167.8266109,179.9803384,-0.152893518,-179.8551392,5.816074551,3.21889706,1.278025249,0.004061565,-0.198334124,-0.010557213,-11.49514274,65.12412758,71.54962921,-90.94846344,-64.13253112,73.08217392,71.38398628,1,1
76.08888912,5,1572266648,AUT,FALSE,TRUE,TRUE,477.0418748,286.7184083,162.2118412,-179.9275717,-0.286159234,-179.8521649,1.114269326,6.329593117,3.259085622,0.666557996,1.113034782,-0.260865106,-11.81115074,65.71694641,71.4763195,-91.20753822,-64.67395935,72.85968018,71.34397888,1,1
82.17055917,6,1572266654,AUT,FALSE,FALSE,TRUE,471.96037,-400.0002854,169.9770587,-179.9960642,-0.009581005,-179.9989462,-1.698008481,-0.72467191,0.460539181,-0.340212729,0.362572325,0.042680715,-77.14012184,69.43123512,71.42946281,-78.18100776,-65.47541198,77.3069458,-5.133303456,0.5,1
82.27137709,6,1572266654,AUT,FALSE,TRUE,TRUE,472.0687835,-399.892592,169.9915934,-179.9815289,-0.007732751,-179.9986357,-1.103032045,0.326577254,0.085673595,-0.175018483,0.119059176,0.045712914,-77.12914238,69.43145828,71.43115539,-78.17871094,-65.47585693,77.30749168,-5.133972931,1,1
82.37198305,6,1572266654,AUT,FALSE,TRUE,TRUE,472.0687835,-399.892592,169.9915934,-179.9815289,-0.007732751,-179.9986357,-1.103032045,0.326577254,0.085673595,-0.175018483,0.119059176,0.045712914,-77.12914238,69.43145828,71.43115539,-78.17871094,-65.47585693,77.30749168,-5.133972931,1,1
82.47260618,6,1572266655,AUT,FALSE,TRUE,TRUE,472.7637859,-399.8524491,169.9241207,-179.9945926,0.023838477,179.9877013,-2.457018164,0.252740919,0.924891786,-0.044482158,0.21224619,0.081829891,-77.06589889,69.43681411,71.42386665,-78.13596382,-65.47639526,77.30755348,-5.129866794,1,1
82.57316017,6,1572266655,AUT,FALSE,TRUE,TRUE,478.205618,-398.818188,168.9382169,-179.9108208,0.340932246,179.957684,-10.41942322,0.074687663,2.041391928,-0.211456328,0.896280626,-0.028921949,-76.50240669,69.75099907,71.42511291,-77.52146072,-65.5787384,77.14483566,-5.120566181,1,1
82.67368412,6,1572266655,AUT,FALSE,TRUE,TRUE,478.205618,-398.818188,168.9382169,-179.9108208,0.340932246,179.957684,-10.41942322,0.074687663,2.041391928,-0.211456328,0.896280626,-0.028921949,-76.50240669,69.75099907,71.42511291,-77.52146072,-65.5787384,77.14483566,-5.120566181,1,1
82.77402115,6,1572266655,AUT,FALSE,TRUE,TRUE,494.7461297,-395.3385933,168.2139271,-179.9969772,0.554082973,-179.982875,-12.26306598,-2.776345887,1.523008064,-0.440866513,0.97734665,-0.063240388,-74.92076339,70.52599525,71.41994591,-75.30797653,-65.94518737,77.55983047,-4.743958288,1,1
82.87455916,6,1572266655,AUT,FALSE,TRUE,TRUE,515.0041358,-393.4529819,168.1991098,179.9933891,0.60028326,-179.9306857,-12.08545674,-1.985629947,1.311099277,-0.244085225,0.985151014,0.137454209,-71.52629356,71.47605171,71.30538597,-71.97048111,-66.22702514,78.42705001,-4.906058125,1,1
82.97510004,6,1572266655,AUT,FALSE,TRUE,TRUE,536.758936,-392.4982141,169.241065,179.9687064,0.566218515,-179.9644619,-6.485621545,0.014699696,-1.643459593,0.040151414,0.305009893,0.12510271,-68.29234085,72.50798034,71.13660164,-67.65793876,-66.34567749,79.60414238,-5.534383394,1,1
83.07565713,6,1572266655,AUT,FALSE,TRUE,TRUE,536.758936,-392.4982141,169.241065,179.9687064,0.566218515,-179.9644619,-6.485621545,0.014699696,-1.643459593,0.040151414,0.305009893,0.12510271,-68.29234085,72.50798034,71.13660164,-67.65793876,-66.34567749,79.60414238,-5.534383394,1,1
83.1762042,6,1572266655,AUT,FALSE,TRUE,TRUE,558.2686255,-391.6443521,172.2363343,179.9839712,0.426128534,-179.9796615,-1.369440089,0.966462916,-1.761927873,0.124066838,-0.231480055,0.112073444,-64.91529808,73.44553299,71.0306179,-62.97494774,-66.41174377,81.06178779,-6.462607956,1,1
83.27669716,6,1572266655,AUT,FALSE,TRUE,TRUE,575.144576,-391.6694972,175.2489446,-179.9994266,0.158564564,-179.9569181,7.838878178,0.324380343,0.1495575,0.040714945,-1.185068896,0.040554261,-62.05084991,74.15885811,70.84157753,-58.73485336,-66.41468811,82.46285019,-7.517316056,1,1
83.3772471,6,1572266655,AUT,FALSE,TRUE,TRUE,586.8574877,-392.867398,176.0563969,-179.9873533,0.034889274,-179.9700072,10.16013535,1.249197817,-0.693614892,0.222744591,-1.666029475,-0.031449027,-59.94861259,74.79038314,70.58394127,-55.44237785,-66.41144165,83.33081817,-8.525600056,1,1
83.47782707,6,1572266656,AUT,FALSE,TRUE,TRUE,586.8574877,-392.867398,176.0563969,-179.9873533,0.034889274,-179.9700072,10.16013535,1.249197817,-0.693614892,0.222744591,-1.666029475,-0.031449027,-58.67607994,75.31951904,70.39669647,-53.40206566,-66.41193054,83.73395462,-9.179952625,1,1
83.57836103,6,1572266656,AUT,FALSE,TRUE,TRUE,593.980141,-393.180703,174.8234711,-179.9425991,-0.011418289,179.9312273,9.654458606,4.012391668,-0.167370108,0.402390973,-1.554491429,-0.23839226,-58.67607994,75.31951904,70.39669647,-53.40206566,-66.41193054,83.73395462,-9.179952625,1,1
83.67896318,6,1572266656,AUT,FALSE,TRUE,TRUE,599.4432704,-385.3231191,172.5355667,-179.7848918,-0.098356059,179.7395347,4.491208987,4.116393361,-0.705293788,-0.285225579,-0.512146107,-0.829622848,-57.79666557,75.61216393,70.40141373,-53.08493843,-66.41836303,83.78610191,-8.730038456,1,1
83.77981806,6,1572266656,AUT,FALSE,TRUE,TRUE,599.4432704,-385.3231191,172.5355667,-179.7848918,-0.098356059,179.7395347,4.491208987,4.116393361,-0.705293788,-0.285225579,-0.512146107,-0.829622848,-57.79666557,75.61216393,70.40141373,-53.08493843,-66.41836303,83.78610191,-8.730038456,1,1
83.88033009,6,1572266656,AUT,FALSE,TRUE,TRUE,604.1867993,-369.5976474,173.0333101,-179.7795734,-0.14647205,179.6905333,2.518740414,4.322691356,-0.884372127,-0.296818896,0.032196188,-0.993480109,-57.15706214,75.36145591,70.59087639,-54.34041481,-66.41711059,83.63959236,-6.897233969,1,1
83.98095107,6,1572266656,AUT,FALSE,TRUE,TRUE,607.1830819,-349.8045884,174.4025804,-179.7561978,-0.218486856,179.6793565,3.024363789,6.133781701,0.099524414,0.282803988,0.284890156,-1.048518662,-56.73408164,74.86924781,70.84694709,-56.35185699,-66.38750244,83.38419456,-4.4232399,1,1
84.08182001,6,1572266656,AUT,FALSE,TRUE,TRUE,608.3658112,-326.4605451,174.7911049,-179.7513467,-0.204045079,179.6710824,2.714800845,5.441502224,-0.79152527,0.227020711,0.071350758,-1.026311931,-56.46715851,74.17527923,71.13906669,-59.49657669,-66.32697875,82.76591835,-1.363770681,1,1
84.182307,6,1572266656,AUT,FALSE,TRUE,TRUE,608.3658112,-326.4605451,174.7911049,-179.7513467,-0.204045079,179.6710824,2.714800845,5.441502224,-0.79152527,0.227020711,0.071350758,-1.026311931,-56.46715851,74.17527923,71.13906669,-59.49657669,-66.32697875,82.76591835,-1.363770681,1,1
84.28285909,6,1572266656,AUT,FALSE,TRUE,TRUE,607.8938305,-297.721451,174.9012941,-179.7510473,-0.164568918,179.6222558,0.358950802,5.941336951,-0.605701186,0.285731942,0.250049769,-1.004634083,-56.23091125,73.38463096,71.53929176,-63.2725708,-66.28914184,81.95546379,2.434062194,1,1
84.3833971,6,1572266656,AUT,FALSE,TRUE,TRUE,605.4968547,-255.3423096,176.0711402,-179.7451563,-0.068591975,179.5841123,-2.223921946,5.659236617,-0.602815936,0.348728948,0.440909807,-1.038887553,-55.66348457,72.23025627,72.21353302,-68.50655708,-66.26323608,80.86345711,7.9526905,1,1
84.483917,6,1572266657,AUT,FALSE,TRUE,TRUE,605.4968547,-255.3423096,176.0711402,-179.7451563,-0.068591975,179.5841123,-2.223921946,5.659236617,-0.602815936,0.348728948,0.440909807,-1.038887553,-55.66348457,72.23025627,72.21353302,-68.50655708,-66.26323608,80.86345711,7.9526905,1,1
84.58446598,6,1572266657,AUT,FALSE,TRUE,TRUE,602.2505035,-207.6319993,178.0029439,-179.7813775,0.021213315,179.6385432,-6.060553779,5.187918201,0.175552887,0.47293839,1.012467843,-0.842055507,-54.37386818,70.98790855,72.86035995,-73.55287971,-66.17456542,79.81308861,14.01897354,1,1
84.68500519,6,1572266657,AUT,FALSE,TRUE,TRUE,602.2505035,-207.6319993,178.0029439,-179.7813775,0.021213315,179.6385432,-6.060553779,5.187918201,0.175552887,0.47293839,1.012467843,-0.842055507,-54.37386818,70.98790855,72.86035995,-73.55287971,-66.17456542,79.81308861,14.01897354,1,1
84.78551507,6,1572266657,AUT,FALSE,TRUE,TRUE,599.2192628,-151.7725236,178.3240948,-179.8320348,0.017305853,179.6976748,-5.32832412,3.052435192,1.107505185,0.040229776,0.816478801,-0.799798457,-51.76765365,69.74161949,73.15130195,-78.00972748,-65.94161132,78.67542343,20.82209587,1,1
84.88605499,6,1572266657,AUT,FALSE,TRUE,TRUE,599.2192628,-151.7725236,178.3240948,-179.8320348,0.017305853,179.6976748,-5.32832412,3.052435192,1.107505185,0.040229776,0.816478801,-0.799798457,-49.33069038,69.26211776,73.01878624,-79.96295929,-65.89974243,77.90885238,24.93474541,1,1
84.98664713,6,1572266657,AUT,FALSE,TRUE,TRUE,598.7609418,-116.1960598,176.0596327,-179.8885335,0.024206177,179.7781038,-5.421527551,2.721601044,2.509019108,0.164809439,1.183133231,-0.644153959,-49.33069038,69.26211776,73.01878624,-79.96295929,-65.89974243,77.90885238,24.93474541,1,1
85.08722019,6,1572266657,AUT,FALSE,TRUE,TRUE,601.3612228,-90.01135695,173.2911531,-179.9170735,0.01832771,179.927585,-2.623881047,-1.389641634,0.147462278,-0.447567057,0.468793871,-0.324296797,-46.92665863,69.12875061,72.62995605,-80.4957962,-65.90787231,77.45271034,27.68838615,1,1
85.18783307,6,1572266657,AUT,FALSE,TRUE,TRUE,601.3612228,-90.01135695,173.2911531,-179.9170735,0.01832771,179.927585,-2.623881047,-1.389641634,0.147462278,-0.447567057,0.468793871,-0.324296797,-46.92665863,69.12875061,72.62995605,-80.4957962,-65.90787231,77.45271034,27.68838615,1,1
85.28843713,6,1572266657,AUT,FALSE,TRUE,TRUE,609.2451044,-81.83307587,172.8115569,-179.9976657,0.363859137,-179.9531509,-8.182045845,-1.183660586,0.887570297,-0.562217435,0.376150018,-0.508684848,-45.29022789,69.20665398,72.13113213,-79.36386451,-65.9058673,77.22761421,28.11673279,1,1
85.38896418,6,1572266657,AUT,FALSE,TRUE,TRUE,609.2451044,-81.83307587,172.8115569,-179.9976657,0.363859137,-179.9531509,-8.182045845,-1.183660586,0.887570297,-0.562217435,0.376150018,-0.508684848,-45.29022789,69.20665398,72.13113213,-79.36386451,-65.9058673,77.22761421,28.11673279,1,1
85.48954511,6,1572266658,AUT,FALSE,TRUE,TRUE,631.5178333,-83.94387092,175.1813017,-179.9649129,0.599320339,-179.9617609,-11.29390652,0.518880494,-0.575405593,-0.113652478,0.352912572,-0.475248661,-43.37837333,70.14595756,71.64802551,-74.54099006,-65.8569342,78.26106719,26.00061149,1,1
85.5904212,6,1572266658,AUT,FALSE,TRUE,TRUE,657.8648232,-89.28865035,178.6705784,-179.9110777,0.539931527,179.9321207,-9.382561681,4.778084539,2.367780354,-0.113652478,0.352912572,-0.475248661,-39.96351699,71.62711029,71.3626728,-67.81310005,-65.86015869,80.16511116,22.82284698,1,1
85.69111419,6,1572266658,AUT,FALSE,TRUE,TRUE,657.8648232,-89.28865035,178.6705784,-179.9110777,0.539931527,179.9321207,-9.382561681,4.778084539,2.367780354,0.155597821,0.404158956,-0.548626673,-39.96351699,71.62711029,71.3626728,-67.81310005,-65.86015869,80.16511116,22.82284698,1,1
85.79189515,6,1572266658,AUT,FALSE,TRUE,TRUE,678.3728222,-90.47253036,179.6048904,-179.9228573,0.400170607,179.8901752,-3.126644746,6.235856189,0.36867505,0.395607985,-0.183974807,-0.432703072,-37.08639336,72.92414589,71.04310798,-62.17086524,-65.95356994,81.68462677,20.46911888,1,1
85.89253211,6,1572266658,AUT,FALSE,TRUE,TRUE,694.6147452,-85.39212958,178.9192162,-179.9010944,0.253443545,179.7894686,-0.077435167,8.969095306,0.895153293,0.603690242,-0.198607053,-0.405345055,-34.32765083,74.07490539,70.77278594,-57.54175186,-66.0590332,82.79971848,18.98872833,1,1
85.99306297,6,1572266658,AUT,FALSE,TRUE,TRUE,706.7678558,-71.08302857,177.0739913,-179.8123774,0.18858689,179.6747367,2.577339362,7.909130446,0.677728796,0.244350632,-0.639622086,-0.516271446,-31.54457016,75.01697273,70.6456398,-54.25078697,-66.23561645,83.47678528,18.69573326,1,1
86.09366298,6,1572266658,AUT,FALSE,TRUE,TRUE,706.7678558,-71.08302857,177.0739913,-179.8123774,0.18858689,179.6747367,2.577339362,7.909130446,0.677728796,0.244350632,-0.639622086,-0.516271446,-31.54457016,75.01697273,70.6456398,-54.25078697,-66.23561645,83.47678528,18.69573326,1,1
86.19422102,6,1572266658,AUT,FALSE,TRUE,TRUE,714.7807418,-48.32589205,175.3080523,-179.8296505,0.135160151,179.6028326,0.948174032,9.501379513,-1.179196119,0.371362968,-0.299001533,-0.727275255,-28.75300598,75.64992256,70.59884491,-52.26628876,-66.40741516,83.83812561,19.71103134,1,1
86.29476905,6,1572266658,AUT,FALSE,TRUE,TRUE,718.9583783,-20.33856605,174.6686507,-179.841984,0.047959148,179.6217193,3.440918106,4.931962608,-0.641302343,-0.302302884,-0.767096133,-0.587133284,-26.05689926,75.93709488,70.56088371,-51.24853248,-66.48930725,84.08736762,21.53128051,1,1
86.39539599,6,1572266658,AUT,FALSE,TRUE,TRUE,719.9545782,7.507144859,175.1462949,-179.8766773,0.039716408,179.6613458,3.649264316,4.018502485,-2.090553963,-0.227531882,-0.865021442,-0.531570406,-23.64887809,75.95431251,70.525494,-50.97859153,-66.49156494,84.17619896,23.6725914,1,1
86.49598813,6,1572266659,AUT,FALSE,TRUE,TRUE,719.0581247,34.75461585,176.5646826,-179.8966389,0.031970489,179.7566779,1.98111833,1.969813703,-1.932281514,-0.463991413,-0.634331241,-0.470884341,-21.43476219,75.83583869,70.52241439,-50.97522354,-66.48654968,84.29286689,25.89291114,1,1
86.59647799,6,1572266659,AUT,FALSE,TRUE,TRUE,719.0581247,34.75461585,176.5646826,-179.8966389,0.031970489,179.7566779,1.98111833,1.969813703,-1.932281514,-0.463991413,-0.634331241,-0.470884341,-21.43476219,75.83583869,70.52241439,-50.97522354,-66.48654968,84.29286689,25.89291114,1,1
86.69704199,6,1572266659,AUT,FALSE,TRUE,TRUE,717.3554022,56.91572217,178.1506922,-179.8552771,-0.009409303,179.8361521,0.166560748,1.542485404,0.075183074,-0.559072428,-0.51323225,-0.460173312,-19.66911849,75.69474678,70.52395248,-50.97630501,-66.44367004,84.45881195,27.65690689,1,1
86.79757309,6,1572266659,AUT,FALSE,TRUE,TRUE,714.55109,76.25200739,178.9260891,-179.9544367,-0.198932348,179.9905182,3.781483318,-0.178115345,0.512998991,-0.559072428,-0.51323225,-0.460173312,-18.0486145,75.60628967,70.51845245,-51.03474197,-66.41424865,84.70369377,29.37118949,1,1
86.89806008,6,1572266659,AUT,FALSE,TRUE,TRUE,714.55109,76.25200739,178.9260891,-179.9544367,-0.198932348,179.9905182,3.781483318,-0.178115345,0.512998991,-0.218989276,-0.072452222,0.117790067,-18.0486145,75.60628967,70.51845245,-51.03474197,-66.41424865,84.70369377,29.37118949,1,1
86.99858999,6,1572266659,AUT,FALSE,TRUE,TRUE,706.9350538,85.23239431,177.1965332,179.9245581,-0.605409442,-179.8287218,11.03484524,-0.25793283,-0.194198753,-0.218989276,-0.072452222,0.117790067,-17.86144523,75.37508583,70.50957069,-52.60788459,-66.32428161,84.68344116,31.03675461,1,1
87.09917307,6,1572266659,AUT,FALSE,TRUE,TRUE,706.9350538,85.23239431,177.1965332,179.9245581,-0.605409442,-179.8287218,11.03484524,-0.25793283,-0.194198753,0.239177718,0.083369566,0.437856139,-17.86144523,75.37508583,70.50957069,-52.60788459,-66.32428161,84.68344116,31.03675461,1,1
87.20015907,6,1572266659,AUT,FALSE,TRUE,TRUE,692.8582952,89.4838647,173.728353,179.9877903,-0.726881811,-179.8110039,10.39121051,2.591842074,-0.124654994,0.733480903,-0.024348419,0.299999777,-19.22301178,74.72133064,70.56078071,-56.51537132,-66.17855895,83.65354843,33.24488983,1,1
87.30097103,6,1572266659,AUT,FALSE,TRUE,TRUE,692.8582952,89.4838647,173.728353,179.9877903,-0.726881811,-179.8110039,10.39121051,2.591842074,-0.124654994,0.733480903,-0.024348419,0.299999777,-19.22301178,74.72133064,70.56078071,-56.51537132,-66.17855895,83.65354843,33.24488983,1,1
87.40193415,6,1572266659,AUT,FALSE,TRUE,TRUE,669.3647933,94.77342031,169.227027,-179.9698544,-0.659062091,-179.779708,5.455929575,1.510801476,-0.256759281,0.422082279,0.303942339,0.216375835,-21.57568244,73.53393173,70.73272018,-63.07808876,-66.13055419,81.76818809,36.86188431,1,1
87.50243902,6,1572266660,AUT,FALSE,TRUE,TRUE,669.3647933,94.77342031,169.227027,-179.9698544,-0.659062091,-179.779708,5.455929575,1.510801476,-0.256759281,0.422082279,0.303942339,0.216375835,-21.57568244,73.53393173,70.73272018,-63.07808876,-66.13055419,81.76818809,36.86188431,1,1
87.60299706,6,1572266660,AUT,FALSE,TRUE,TRUE,637.945097,94.13221411,167.5343517,-179.9423464,-0.378154718,-179.7763229,-2.838075947,1.473766042,0.1796062,0.273922505,0.631088186,-0.25636988,-25.13676681,71.56896171,71.06319923,-71.45528755,-65.98954467,79.36305084,40.85089988,1,1
87.70354915,6,1572266660,AUT,FALSE,TRUE,TRUE,618.4089535,91.95003568,167.7391922,-179.7059062,-0.049912817,179.9059449,-11.29118325,11.43073771,2.328268394,1.120153257,1.661412491,-1.637471012,-27.62361488,70.16092643,71.32978935,-76.54608764,-65.70778381,77.64264336,42.69123001,1,1
87.80405402,6,1572266660,AUT,FALSE,TRUE,TRUE,618.4089535,91.95003568,167.7391922,-179.7059062,-0.049912817,179.9059449,-11.29118325,11.43073771,2.328268394,1.120153257,1.661412491,-1.637471012,-27.62361488,70.16092643,71.32978935,-76.54608764,-65.70778381,77.64264336,42.69123001,1,1
87.90458107,6,1572266660,AUT,FALSE,TRUE,TRUE,608.6422026,103.3434955,166.5633715,-179.6449418,0.129962143,179.6446864,-13.46609093,12.6542106,2.278209072,0.377329676,1.696794474,-1.726191991,-27.66790351,69.67134819,71.48441849,-78.67480888,-65.66982055,76.75913658,44.61546478,1,1
88.00510597,6,1572266660,AUT,FALSE,TRUE,TRUE,608.6422026,103.3434955,166.5633715,-179.6449418,0.129962143,179.6446864,-13.46609093,12.6542106,2.278209072,0.377329676,1.696794474,-1.726191991,-27.66790351,69.67134819,71.48441849,-78.67480888,-65.66982055,76.75913658,44.61546478,1,1
88.10557103,6,1572266660,AUT,FALSE,TRUE,TRUE,609.0811497,132.3320542,165.6400184,-179.7276896,0.144736455,179.564712,-6.899851468,13.33429202,1.578945729,0.789976655,0.843478195,-1.423643095,-24.49068832,70.08449936,71.33159866,-77.46336708,-65.75014709,76.89240761,46.72734604,1,1
88.20609498,6,1572266660,AUT,FALSE,TRUE,TRUE,610.3556578,158.243956,165.061278,-179.7397832,0.099700106,179.5434053,-4.354860366,10.34499729,-0.935444585,0.128794678,0.470519468,-1.212740682,-21.54462891,70.57905922,71.22615394,-75.85696678,-65.82483764,77.30488929,48.28155441,1,1
88.30663204,6,1572266660,AUT,FALSE,TRUE,TRUE,610.3556578,158.243956,165.061278,-179.7397832,0.099700106,179.5434053,-4.354860366,10.34499729,-0.935444585,0.128794678,0.470519468,-1.212740682,-21.54462891,70.57905922,71.22615394,-75.85696678,-65.82483764,77.30488929,48.28155441,1,1
88.40715218,6,1572266660,AUT,FALSE,TRUE,TRUE,612.107168,194.059842,165.0528646,-179.8173419,0.065830586,179.6449898,-2.39302658,5.777861927,-0.633722759,-0.009107479,0.383228734,-0.955937335,-17.12796364,71.25912323,70.99192886,-73.11843223,-65.90329101,78.0358715,50.26686973,1,1
88.5076952,6,1572266661,AUT,FALSE,TRUE,TRUE,612.107168,194.059842,165.0528646,-179.8173419,0.065830586,179.6449898,-2.39302658,5.777861927,-0.633722759,-0.009107479,0.383228734,-0.955937335,-12.89683342,71.95507278,70.61044578,-69.92572631,-65.89321655,78.86671943,51.47341919,1,1
88.60822511,6,1572266661,AUT,FALSE,TRUE,TRUE,614.5651732,225.0399035,165.1269891,-179.8157332,0.008953516,179.7788019,2.407753666,7.102301968,1.20126702,0.40404054,-0.202553121,-0.846641357,-12.89683342,71.95507278,70.61044578,-69.92572631,-65.89321655,78.86671943,51.47341919,1,1
88.70874214,6,1572266661,AUT,FALSE,TRUE,TRUE,614.5651732,225.0399035,165.1269891,-179.8157332,0.008953516,179.7788019,2.407753666,7.102301968,1.20126702,0.40404054,-0.202553121,-0.846641357,-12.89683342,71.95507278,70.61044578,-69.92572631,-65.89321655,78.86671943,51.47341919,1,1
88.80930114,6,1572266661,AUT,FALSE,TRUE,TRUE,609.0239001,265.6353536,164.4792571,-179.9070859,-0.192818558,179.9102958,3.99894243,-0.390572737,-0.414818211,-0.797859093,-0.179741317,-0.433621276,-8.818011469,72.6618885,70.51873741,-67.15323372,-65.94037536,79.71448288,53.81039658,1,1
88.91000319,6,1572266661,AUT,FALSE,TRUE,TRUE,609.0239001,265.6353536,164.4792571,-179.9070859,-0.192818558,179.9102958,3.99894243,-0.390572737,-0.414818211,-0.797859093,-0.179741317,-0.433621276,-6.728017044,72.67125434,70.26122474,-66.90071296,-65.97495483,79.99422569,54.94042625,1,1
89.01094317,6,1572266661,AUT,FALSE,TRUE,TRUE,604.4208481,276.3631605,164.7404232,179.9908474,-0.213279061,-179.7227,6.949393802,-6.085760591,0.104456031,-0.395546843,-0.355202733,-0.073465389,-6.728017044,72.67125434,70.26122474,-66.90071296,-65.97495483,79.99422569,54.94042625,1,1
89.11163211,6,1572266661,AUT,FALSE,TRUE,TRUE,604.4208481,276.3631605,164.7404232,179.9908474,-0.213279061,-179.7227,6.949393802,-6.085760591,0.104456031,-0.395546843,-0.355202733,-0.073465389,-7.080739969,72.13876762,70.48911209,-69.60186653,-65.65308288,79.4940834,57.06804199,1,1
89.2122221,6,1572266661,AUT,FALSE,TRUE,TRUE,587.7631122,282.0305339,163.5694636,-179.9265079,-0.639774163,-179.7619949,9.73153789,3.277696642,1.227336285,0.82282275,0.004797162,-0.179262645,-7.080739969,72.13876762,70.48911209,-69.60186653,-65.65308288,79.4940834,57.06804199,1,1
89.31270504,6,1572266661,AUT,FALSE,TRUE,TRUE,565.2394339,287.9466817,159.675271,-179.991957,-0.565924918,-179.6424552,4.714328064,0.417312259,-0.443657863,0.64362595,0.428923519,0.167802008,-7.669765087,71.30472336,70.55084152,-73.99565963,-65.79349365,78.1647171,60.43681755,1,1
89.41323519,6,1572266661,AUT,FALSE,TRUE,TRUE,565.2394339,287.9466817,159.675271,-179.991957,-0.565924918,-179.6424552,4.714328064,0.417312259,-0.443657863,0.64362595,0.428923519,0.167802008,-9.103834531,69.85880241,70.5924797,-79.57263221,-65.81837219,76.48458138,63.88188972,1,1
89.51379108,6,1572266662,AUT,FALSE,TRUE,TRUE,539.5557514,286.1034136,157.5401391,179.9918976,-0.379028586,-179.4757663,2.128253301,-0.17744169,-1.665641194,0.515870003,0.482921836,0.111986271,-9.103834531,69.85880241,70.5924797,-79.57263221,-65.81837219,76.48458138,63.88188972,1,1
89.61427402,6,1572266662,AUT,FALSE,TRUE,TRUE,515.895194,278.8141343,158.8675571,-179.8584387,-0.474460076,-179.579941,4.856602744,6.586243559,-0.358073611,1.589552558,0.044288125,-0.317354669,-11.22084846,68.36173668,71.1409584,-84.78398666,-65.55110229,75.16917801,66.3381443,1,1
89.7148242,6,1572266662,AUT,FALSE,TRUE,TRUE,515.895194,278.8141343,158.8675571,-179.8584387,-0.474460076,-179.579941,4.856602744,6.586243559,-0.358073611,1.589552558,0.044288125,-0.317354669,-11.22084846,68.36173668,71.1409584,-84.78398666,-65.55110229,75.16917801,66.3381443,1,1
89.81534719,6,1572266662,AUT,FALSE,TRUE,TRUE,488.5575796,271.1276524,159.2685755,-179.8578405,-0.394414345,-179.6285597,-1.685137793,5.258198099,1.797471403,1.180624429,0.854691831,-0.451463273,-13.47276764,66.75391502,71.81491813,-90.52313118,-65.53176635,73.5943119,69.44757728,1,1
96.26057005,7,1572266668,AUT,FALSE,FALSE,TRUE,471.9971128,-399.99393,169.9943424,-179.9952653,-0.00303436,-179.9984078,-1.66315397,-0.309708388,0.923692656,-0.177207299,0.309050423,0.08024446,-77.28606834,69.84819374,72.02338371,-78.17991256,-66.05628662,77.70331878,-4.948365788,0.5,1
96.36141014,7,1572266668,AUT,FALSE,TRUE,TRUE,472.0016333,-399.9917106,169.9945852,-179.9942729,-0.004385859,-179.9988543,-0.861501664,-0.002884735,0.900997988,-0.111888831,0.119982127,0.133580852,-77.28513107,69.84882889,72.02369957,-78.17828178,-66.05644592,77.70524826,-4.949282456,1,1
96.46191502,7,1572266669,AUT,FALSE,TRUE,TRUE,472.0818886,-400.0801171,169.8287627,179.9838643,0.000533794,179.9799953,-1.409807645,-0.874329128,1.213985157,-0.037793296,0.212865181,0.249976103,-77.27684326,69.87385368,72.0226078,-78.14958343,-66.05680297,77.70663871,-4.949745944,1,1
96.56246305,7,1572266669,AUT,FALSE,TRUE,TRUE,472.0818886,-400.0801171,169.8287627,179.9838643,0.000533794,179.9799953,-1.409807645,-0.874329128,1.213985157,-0.037793296,0.212865181,0.249976103,-77.27684326,69.87385368,72.0226078,-78.14958343,-66.05680297,77.70663871,-4.949745944,1,1
96.66305709,7,1572266669,AUT,FALSE,TRUE,TRUE,475.3954091,-401.0022396,168.6131577,179.9887147,0.144163603,-179.965566,-7.783159984,-0.935866021,1.729528582,-0.039778351,0.546362697,0.141984935,-76.92611503,70.18356514,72.02698516,-77.60077514,-66.29146545,77.69965896,-5.0224926,1,1
96.76356697,7,1572266669,AUT,FALSE,TRUE,TRUE,487.4057297,-399.850089,167.4173605,-179.9700991,0.469000236,-179.9880767,-10.76729414,-1.17975709,0.942705892,-0.115973938,0.701596214,0.018779132,-75.52643966,70.83638306,72.02524795,-75.9233448,-66.56199829,77.80848884,-5.032510763,1,1
96.86410618,7,1572266669,AUT,FALSE,TRUE,TRUE,487.4057297,-399.850089,167.4173605,-179.9700991,0.469000236,-179.9880767,-10.76729414,-1.17975709,0.942705892,-0.115973938,0.701596214,0.018779132,-75.52643966,70.83638306,72.02524795,-75.9233448,-66.56199829,77.80848884,-5.032510763,1,1
96.96467209,7,1572266669,AUT,FALSE,TRUE,TRUE,507.6252594,-397.4351334,167.5119606,-179.9928671,0.568421885,-179.9488829,-11.87976632,-0.600531909,0.944266203,0.132008284,1.157095826,0.07943229,-72.75857162,71.78583869,72.02507629,-72.68710213,-66.91167114,78.66965218,-5.062815863,1,1
97.06518698,7,1572266669,AUT,FALSE,TRUE,TRUE,533.448811,-395.636957,170.7308899,-179.9852769,0.576081427,-179.963655,-11.87976632,-0.600531909,0.944266203,0.132008284,1.157095826,0.07943229,-69.02569542,72.82535133,72.02172889,-67.96827507,-67.06188171,80.1203968,-5.7061718,1,1
97.1657362,7,1572266669,AUT,FALSE,TRUE,TRUE,533.448811,-395.636957,170.7308899,-179.9852769,0.576081427,-179.963655,-5.424673897,-1.265410097,-0.479094533,-0.169253377,-0.092975012,0.054286419,-69.02569542,72.82535133,72.02172889,-67.96827507,-67.06188171,80.1203968,-5.7061718,1,1
97.26630306,7,1572266669,AUT,FALSE,TRUE,TRUE,564.5298323,-395.3596834,177.058763,-179.9979453,0.453148833,-179.919538,-2.408964042,0.466577116,-0.537801245,0.150190574,-0.288586522,-0.0314264,-64.08988151,73.98740959,71.90226974,-60.90688819,-67.10579956,82.25868644,-7.182974625,1,1
97.3667891,7,1572266669,AUT,FALSE,TRUE,TRUE,581.9573844,-396.0679245,179.8785704,-179.9861644,0.335614816,-179.8667806,-2.408964042,0.466577116,-0.537801245,0.150190574,-0.288586522,-0.0314264,-61.11578979,74.68182106,71.58461723,-56.46750869,-67.08164062,83.43648948,-8.394838719,1,1
97.46732306,7,1572266670,AUT,FALSE,TRUE,TRUE,581.9573844,-396.0679245,179.8785704,-179.9861644,0.335614816,-179.8667806,1.752741895,-1.666042198,1.671094039,0.010437855,-0.844324925,-0.064770259,-61.11578979,74.68182106,71.58461723,-56.46750869,-67.08164062,83.43648948,-8.394838719,1,1
97.56785607,7,1572266670,AUT,FALSE,TRUE,TRUE,598.5419389,-397.5799305,181.1075038,-179.909356,0.101165804,-179.9629843,4.776369476,3.768291557,0.574403077,0.010437855,-0.844324925,-0.064770259,-58.02626953,75.61375351,71.23102569,-51.45015907,-67.07493896,84.78174133,-10.03594208,1,1
97.66833019,7,1572266670,AUT,FALSE,TRUE,TRUE,598.5419389,-397.5799305,181.1075038,-179.909356,0.101165804,-179.9629843,4.776369476,3.768291557,0.574403077,0.563173682,-1.267029741,-0.476146852,-58.02626953,75.61375351,71.23102569,-51.45015907,-67.07493896,84.78174133,-10.03594208,1,1
97.76890302,7,1572266670,AUT,FALSE,TRUE,TRUE,608.4342056,-396.3839783,181.6648002,-179.752313,-0.172030384,179.8757191,14.19080715,8.473832844,-0.688474005,1.084270599,-1.928730771,-1.02688456,-56.02555961,76.23440208,71.08742409,-48.37552528,-67.07650451,85.74702759,-11.06806641,1,1
97.86944199,7,1572266670,AUT,FALSE,TRUE,TRUE,610.3653703,-387.4553911,181.0573735,-179.6791365,-0.323258414,179.7008037,7.727451993,7.391042543,-0.35971314,1.084270599,-1.928730771,-1.02688456,-55.72987289,76.1732048,71.23301353,-49.13174171,-67.03889831,85.78968887,-10.1295044,1,1
97.97081304,7,1572266670,AUT,FALSE,TRUE,TRUE,610.3653703,-387.4553911,181.0573735,-179.6791365,-0.323258414,179.7008037,7.727451993,7.391042543,-0.35971314,0.408957938,-0.288268705,-1.543295134,-55.72987289,76.1732048,71.23301353,-49.13174171,-67.03889831,85.78968887,-10.1295044,1,1
98.07162714,7,1572266670,AUT,FALSE,TRUE,TRUE,611.6061692,-371.6023014,179.3074179,-179.6526145,-0.345766544,179.6475399,4.697537617,8.053404329,-0.268137668,0.538578387,0.427925017,-1.54275517,-55.78135757,75.83811836,71.39146041,-51.50182914,-67.01453063,85.22943763,-7.955982975,1,1
98.17222619,7,1572266670,AUT,FALSE,TRUE,TRUE,612.1840918,-338.6281011,175.4680785,-179.6943557,-0.326937836,179.6088559,1.143038056,7.52692042,-0.086162957,0.59197028,0.743641802,-1.292438405,-55.89433136,75.24846496,71.55901222,-55.40009766,-66.95013427,84.21715736,-4.432681275,1,1
98.27272201,7,1572266670,AUT,FALSE,TRUE,TRUE,612.1840918,-338.6281011,175.4680785,-179.6943557,-0.326937836,179.6088559,1.143038056,7.52692042,-0.086162957,0.59197028,0.743641802,-1.292438405,-55.89433136,75.24846496,71.55901222,-55.40009766,-66.95013427,84.21715736,-4.432681275,1,1
98.3732872,7,1572266670,AUT,FALSE,TRUE,TRUE,611.2570938,-303.3135211,173.4068005,-179.7579714,-0.190501099,179.5636996,0.719433168,5.257139615,-2.00537023,0.329061496,0.211973025,-0.997344975,-55.88894806,74.18037414,71.98276176,-61.74578704,-66.93551696,82.53980255,1.577341456,1,1
98.47381711,7,1572266671,AUT,FALSE,TRUE,TRUE,607.9623911,-266.2837232,175.6025039,-179.7856472,-0.10596679,179.6226153,-0.392908389,3.745749925,-4.015154563,0.089514033,-0.094126808,-0.805283762,-55.68587608,73.01900596,72.62698288,-66.81877556,-66.9347644,81.58985252,6.627547069,1,1
98.57430005,7,1572266671,AUT,FALSE,TRUE,TRUE,602.8640626,-230.6562441,181.1364049,-179.7812516,-0.048023419,179.6048252,-1.776113488,3.380344816,-2.423154168,-0.060826541,0.131847427,-0.885049306,-55.33615379,71.71123123,73.45813293,-71.31780052,-66.71664733,81.02653198,11.32259216,1,1
98.67484117,7,1572266671,AUT,FALSE,TRUE,TRUE,602.8640626,-230.6562441,181.1364049,-179.7812516,-0.048023419,179.6048252,-1.776113488,3.380344816,-2.423154168,-0.060826541,0.131847427,-0.885049306,-55.33615379,71.71123123,73.45813293,-71.31780052,-66.71664733,81.02653198,11.32259216,1,1
98.77536798,7,1572266671,AUT,FALSE,TRUE,TRUE,596.3429634,-187.4410445,188.3973236,-179.7772051,0.076783229,179.6388896,-6.196645387,3.840450468,0.041284992,-0.052221727,0.643542571,-0.932589754,-54.38793411,70.03958931,74.30534019,-76.15292473,-66.18690856,80.33223724,16.83010025,1,1
98.87585998,7,1572266671,AUT,FALSE,TRUE,TRUE,596.3429634,-187.4410445,188.3973236,-179.7772051,0.076783229,179.6388896,-6.196645387,3.840450468,0.041284992,-0.052221727,0.643542571,-0.932589754,-54.38793411,70.03958931,74.30534019,-76.15292473,-66.18690856,80.33223724,16.83010025,1,1
98.97641301,7,1572266671,AUT,FALSE,TRUE,TRUE,592.3818939,-137.2613619,192.6828931,-179.811872,0.14368589,179.648141,-7.941656157,2.963105697,0.530746553,-0.213553525,0.853074723,-0.959217082,-52.02778587,68.442136,74.60145263,-80.01626701,-65.42459472,79.38655471,22.73010521,1,1
99.07698107,7,1572266671,AUT,FALSE,TRUE,TRUE,595.0193856,-105.436893,192.8243518,-179.9108136,0.154452434,179.7526933,-6.572728181,2.061326933,0.804602043,0.081776059,1.074523768,-0.674048702,-49.32095375,67.9445549,74.40622902,-80.9393383,-65.16125244,78.97608489,26.15321846,1,1
99.17746401,7,1572266671,AUT,FALSE,TRUE,TRUE,595.0193856,-105.436893,192.8243518,-179.9108136,0.154452434,179.7526933,-6.572728181,2.061326933,0.804602043,0.081776059,1.074523768,-0.674048702,-49.32095375,67.9445549,74.40622902,-80.9393383,-65.16125244,78.97608489,26.15321846,1,1
99.27804399,7,1572266671,AUT,FALSE,TRUE,TRUE,601.7795597,-80.97458094,189.027455,-179.9695686,0.102305754,179.9391216,1.081257079,-3.816646377,0.205938893,-0.827407145,-0.300729689,-0.333597252,-46.3423542,68.02101288,73.66890907,-80.40457878,-65.12456359,78.64897384,28.38399582,1,1
99.378654,7,1572266671,AUT,FALSE,TRUE,TRUE,601.7795597,-80.97458094,189.027455,-179.9695686,0.102305754,179.9391216,1.081257079,-3.816646377,0.205938893,-0.827407145,-0.300729689,-0.333597252,-46.3423542,68.02101288,73.66890907,-80.40457878,-65.12456359,78.64897384,28.38399582,1,1
99.47916198,7,1572266672,AUT,FALSE,TRUE,TRUE,611.7056713,-75.08540895,184.5482473,-179.9506073,0.370288766,179.9831965,-10.84403664,2.315350427,-0.650376827,0.091457601,0.857528172,-0.256233426,-44.64007072,68.49645996,72.82441749,-78.78175735,-65.24287536,78.24387359,28.3249855,1,1
99.57982111,7,1572266672,AUT,FALSE,TRUE,TRUE,611.7056713,-75.08540895,184.5482473,-179.9506073,0.370288766,179.9831965,-10.84403664,2.315350427,-0.650376827,0.091457601,0.857528172,-0.256233426,-44.64007072,68.49645996,72.82441749,-78.78175735,-65.24287536,78.24387359,28.3249855,1,1
99.68046308,7,1572266672,AUT,FALSE,TRUE,TRUE,636.2149741,-80.4030545,186.8513463,-179.9160209,0.556027389,179.9325786,-10.8522049,3.001834034,-0.981127568,-0.207402459,0.384637164,-0.487863201,-42.67457542,69.43122825,72.30990371,-74.39330635,-65.30545898,79.11725578,26.22662773,1,1
99.78113699,7,1572266672,AUT,FALSE,TRUE,TRUE,659.2882825,-84.46952001,190.8473511,-179.8850457,0.439913514,179.8050466,-3.34153899,4.962716527,-1.383967271,-0.290867338,-0.183298497,-0.576423899,-39.38559494,71.0121849,72.07484093,-67.14580421,-65.36153869,81.38968506,22.81457977,1,1
99.88170099,7,1572266672,AUT,FALSE,TRUE,TRUE,659.2882825,-84.46952001,190.8473511,-179.8850457,0.439913514,179.8050466,-3.34153899,4.962716527,-1.383967271,-0.290867338,-0.183298497,-0.576423899,-39.38559494,71.0121849,72.07484093,-67.14580421,-65.36153869,81.38968506,22.81457977,1,1
99.98224711,7,1572266672,AUT,FALSE,TRUE,TRUE,679.2824598,-81.38834253,190.5177627,-179.9391267,0.294623782,179.8040692,-0.775165672,3.757751022,1.794328288,-0.357879248,-0.109764255,-0.259934174,-36.33108329,72.35019264,71.72740173,-61.74827957,-65.64001464,82.76399918,21.04969139,1,1
100.0827482,7,1572266672,AUT,FALSE,TRUE,TRUE,692.8034754,-75.35789528,187.8359588,-179.9937548,0.158067178,179.8438561,5.380030922,2.618669409,-1.678811585,-0.222964557,-0.980337241,-0.037332503,-33.83462563,73.41376533,71.34999733,-58.01837311,-65.91703491,83.54109649,20.12281265,1,1
100.1833191,7,1572266672,AUT,FALSE,TRUE,TRUE,701.7600217,-67.24862114,187.4140713,-179.8763774,0.114294494,179.7911813,5.380030922,2.618669409,-1.678811585,-0.222964557,-0.980337241,-0.037332503,-31.94376869,74.07855834,71.28197136,-55.52333336,-66.1096527,84.14344253,19.66056976,1,1
100.2839191,7,1572266672,AUT,FALSE,TRUE,TRUE,701.7600217,-67.24862114,187.4140713,-179.8763774,0.114294494,179.7911813,6.742968032,3.900815082,-3.191624453,-0.203997816,-1.412518837,-0.32481236,-31.94376869,74.07855834,71.28197136,-55.52333336,-66.1096527,84.14344253,19.66056976,1,1
100.384402,7,1572266672,AUT,FALSE,TRUE,TRUE,705.9225818,-52.56162811,189.3996932,-179.7296318,0.076169778,179.6535426,3.721541573,9.173712181,-2.156511923,0.532107395,-0.850045774,-1.018045223,-30.30854644,74.26219139,71.45431594,-54.46419296,-66.10919677,84.56707534,20.25655746,1,1
100.4849391,7,1572266673,AUT,FALSE,TRUE,TRUE,706.7913328,-27.85118848,191.1883237,-179.7406913,0.082708535,179.6082367,-1.352195531,7.27228994,-1.329369527,0.08423444,-0.01796825,-1.220543625,-28.45795097,74.15497513,71.63243179,-54.57706718,-66.10189636,84.68279228,22.27501716,1,1
100.585485,7,1572266673,AUT,FALSE,TRUE,TRUE,706.0898098,1.287321971,191.726881,-179.7124628,0.037695121,179.6285149,-5.583869114,4.825236988,0.327653327,-0.081173603,0.892521915,-1.07296644,-26.26586265,74.02987174,71.67266578,-54.92107315,-66.06301574,84.68167304,24.77939186,1,1
100.6859601,7,1572266673,AUT,FALSE,TRUE,TRUE,706.0898098,1.287321971,191.726881,-179.7124628,0.037695121,179.6285149,-5.583869114,4.825236988,0.327653327,-0.081173603,0.892521915,-1.07296644,-26.26586265,74.02987174,71.67266578,-54.92107315,-66.06301574,84.68167304,24.77939186,1,1
100.7865651,7,1572266673,AUT,FALSE,TRUE,TRUE,705.469963,45.61582686,189.9849569,-179.8116002,0.056554324,179.6768019,-1.972769526,5.321595326,-0.737502128,0.055178469,0.198308457,-0.915631176,-23.18107338,74.07660828,71.50675506,-54.83911514,-66.06439453,84.56816368,27.83318252,1,1
100.8871961,7,1572266673,AUT,FALSE,TRUE,TRUE,705.469963,45.61582686,189.9849569,-179.8116002,0.056554324,179.6768019,-1.972769526,5.321595326,-0.737502128,0.055178469,0.198308457,-0.915631176,-23.18107338,74.07660828,71.50675506,-54.83911514,-66.06439453,84.56816368,27.83318252,1,1
100.9876931,7,1572266673,AUT,FALSE,TRUE,TRUE,703.8607002,78.18896291,187.9008061,-179.8384136,-0.001968157,179.7642674,0.428456463,2.086736375,0.13786221,-0.359680052,-0.556152498,-0.436091347,-19.69868889,74.31080246,71.27531089,-54.40061989,-66.11563476,84.48263854,30.86660041,1,1
101.088228,7,1572266673,AUT,FALSE,TRUE,TRUE,703.8607002,78.18896291,187.9008061,-179.8384136,-0.001968157,179.7642674,0.428456463,2.086736375,0.13786221,-0.359680052,-0.556152498,-0.436091347,-19.69868889,74.31080246,71.27531089,-54.40061989,-66.11563476,84.48263854,30.86660041,1,1
101.18876,7,1572266673,AUT,FALSE,TRUE,TRUE,703.8607002,78.18896291,187.9008061,-179.8384136,-0.001968157,179.7642674,0.428456463,2.086736375,0.13786221,-0.359680052,-0.556152498,-0.436091347,-19.69868889,74.31080246,71.27531089,-54.40061989,-66.11563476,84.48263854,30.86660041,1,1
101.289294,7,1572266673,AUT,FALSE,TRUE,TRUE,698.1393783,99.10883763,185.1730712,-179.9546713,-0.458949398,-179.8820576,8.242590769,-0.828852657,-0.253443671,-0.108137261,0.038165315,-0.221471839,-17.80847053,74.34010162,70.99377937,-54.43206138,-66.11308593,84.6593605,33.05959167,1,1
101.3900092,7,1572266673,AUT,FALSE,TRUE,TRUE,688.1103345,101.8754987,181.8636232,-179.9479958,-0.647778603,-179.8313704,8.242590769,-0.828852657,-0.253443671,-0.108137261,0.038165315,-0.221471839,-18.68478126,74.0001194,71.06231003,-57.39022636,-66.00604614,84.06246643,34.61531753,1,1
101.4910781,7,1572266674,AUT,FALSE,TRUE,TRUE,688.1103345,101.8754987,181.8636232,-179.9479958,-0.647778603,-179.8313704,11.9430194,1.758755472,-0.83826725,0.751586702,-0.027762045,-0.150555388,-18.68478126,74.0001194,71.06231003,-57.39022636,-66.00604614,84.06246643,34.61531753,1,1
101.5917192,7,1572266674,AUT,FALSE,TRUE,TRUE,662.8446622,106.9539215,176.7924689,-179.9503439,-0.636947679,-179.7577153,5.338576461,1.313675968,-0.583111258,0.798509774,0.461390397,0.01206342,-21.19280547,72.78834114,71.35697364,-64.35696258,-65.98523254,82.17081642,38.49191207,1,1
101.6922722,7,1572266674,AUT,FALSE,TRUE,TRUE,662.8446622,106.9539215,176.7924689,-179.9503439,-0.636947679,-179.7577153,5.338576461,1.313675968,-0.583111258,0.798509774,0.461390397,0.01206342,-21.19280547,72.78834114,71.35697364,-64.35696258,-65.98523254,82.17081642,38.49191207,1,1
101.792897,7,1572266674,AUT,FALSE,TRUE,TRUE,641.025393,105.0430843,173.4583043,-179.9310096,-0.340580083,-179.7174832,-4.052156011,2.724415677,0.287761434,0.140377918,0.699862449,-0.51436521,-23.72801399,71.50355186,71.45725479,-70.34769401,-65.96802246,80.22029686,41.24873886,1,1
101.8934271,7,1572266674,AUT,FALSE,TRUE,TRUE,641.025393,105.0430843,173.4583043,-179.9310096,-0.340580083,-179.7174832,-4.052156011,2.724415677,0.287761434,0.140377918,0.699862449,-0.51436521,-23.72801399,71.50355186,71.45725479,-70.34769401,-65.96802246,80.22029686,41.24873886,1,1
101.993999,7,1572266674,AUT,FALSE,TRUE,TRUE,619.3786067,97.15332558,171.9710275,-179.7585051,-0.200914418,-179.9409601,-7.330013845,11.49199135,1.734447576,1.620667828,1.474064828,-1.23533866,-26.89854812,70.16563339,71.73099975,-75.90242271,-65.71685852,78.45769844,42.99559249,1,1
102.0945711,7,1572266674,AUT,FALSE,TRUE,TRUE,606.5570393,102.7861436,169.6072146,-179.6498479,-0.067906885,179.7356755,-11.3621056,15.42054789,3.323009519,1.620667828,1.474064828,-1.23533866,-27.85735244,69.61986694,71.98627396,-78.90270309,-65.72906433,77.30583686,44.75024986,1,1
102.195189,7,1572266674,AUT,FALSE,TRUE,TRUE,606.5570393,102.7861436,169.6072146,-179.6498479,-0.067906885,179.7356755,-11.3621056,15.42054789,3.323009519,1.300801158,1.867619305,-1.723537395,-27.85735244,69.61986694,71.98627396,-78.90270309,-65.72906433,77.30583686,44.75024986,1,1
102.295758,7,1572266674,AUT,FALSE,TRUE,TRUE,602.5957909,125.6969328,166.5737415,-179.6811393,0.171132219,179.6118728,-10.39690368,12.56801855,1.508733112,1.300801158,1.867619305,-1.723537395,-26.41217651,69.72131538,71.91965218,-79.42795258,-66.00214599,76.79112396,46.76954727,1,1
102.396342,7,1572266674,AUT,FALSE,TRUE,TRUE,602.5957909,125.6969328,166.5737415,-179.6811393,0.171132219,179.6118728,-10.39690368,12.56801855,1.508733112,0.482423042,1.409298556,-1.592249879,-26.41217651,69.72131538,71.91965218,-79.42795258,-66.00214599,76.79112396,46.76954727,1,1
102.496911,7,1572266675,AUT,FALSE,TRUE,TRUE,605.8472215,151.8301827,166.301105,-179.7488941,0.129733248,179.5456328,-5.370436377,9.368466069,0.836074349,0.09368415,0.825583245,-1.272548102,-22.75793495,70.37646446,71.75098114,-77.24297104,-66.10087463,77.23973694,48.52874679,1,1
102.597481,7,1572266675,AUT,FALSE,TRUE,TRUE,605.8472215,151.8301827,166.301105,-179.7488941,0.129733248,179.5456328,-5.370436377,9.368466069,0.836074349,0.09368415,0.825583245,-1.272548102,-22.75793495,70.37646446,71.75098114,-77.24297104,-66.10087463,77.23973694,48.52874679,1,1
102.6980751,7,1572266675,AUT,FALSE,TRUE,TRUE,609.0112971,183.5474849,167.5437006,-179.8334685,0.086746018,179.6015301,-2.721264219,11.0366134,1.972542465,0.23665536,0.678458978,-0.851984534,-18.79842796,71.00351601,71.63420677,-74.49408874,-66.15011535,78.10482444,50.15394744,1,1
102.7985921,7,1572266675,AUT,FALSE,TRUE,TRUE,609.0112971,183.5474849,167.5437006,-179.8334685,0.086746018,179.6015301,-2.721264219,11.0366134,1.972542465,0.23665536,0.678458978,-0.851984534,-18.79842796,71.00351601,71.63420677,-74.49408874,-66.15011535,78.10482444,50.15394744,1,1
102.8991921,7,1572266675,AUT,FALSE,TRUE,TRUE,612.4162216,222.3953257,169.8450276,-179.8826944,0.045608056,179.7351286,-1.013786242,2.411780701,-0.831230546,-0.451227315,0.188149514,-0.393984041,-14.57178497,71.61266327,71.45225944,-70.6790142,-66.14488037,79.27170639,51.74492569,1,1
102.9999111,7,1572266675,AUT,FALSE,TRUE,TRUE,612.4162216,222.3953257,169.8450276,-179.8826944,0.045608056,179.7351286,-1.013786242,2.411780701,-0.831230546,-0.451227315,0.188149514,-0.393984041,-9.737931056,72.52797203,70.88811836,-67.70069618,-66.10793884,80.05759621,52.93188514,1,1
103.1065042,7,1572266675,AUT,FALSE,TRUE,TRUE,612.3491444,250.9929034,167.0921279,-179.960084,-0.238992237,-179.9798284,8.146467738,2.471890739,1.012145994,-0.999780339,-0.718602407,0.001056359,-9.737931056,72.52797203,70.88811836,-67.70069618,-66.10793884,80.05759621,52.93188514,1,1
103.2071402,7,1572266675,AUT,FALSE,TRUE,TRUE,612.3491444,250.9929034,167.0921279,-179.960084,-0.238992237,-179.9798284,8.146467738,2.471890739,1.012145994,-0.999780339,-0.718602407,0.001056359,-8.029323575,72.79545135,70.79963035,-68.6735939,-66.36382141,79.75661544,55.55283508,1,1
103.3077531,7,1572266675,AUT,FALSE,TRUE,TRUE,598.8375911,270.242779,161.7365566,179.9449869,-0.447869062,-179.8032428,9.644459961,-2.244698229,-3.622365034,-0.122742344,-0.14036694,0.49983593,-8.029323575,72.79545135,70.79963035,-68.6735939,-66.36382141,79.75661544,55.55283508,1,1
103.408251,7,1572266675,AUT,FALSE,TRUE,TRUE,580.9776359,278.5861306,166.044057,179.9502289,-0.480208314,-179.6907,8.26787343,-1.46617951,-3.983791031,0.357505641,-0.311682691,0.485374175,-8.177336881,71.92980423,71.41732635,-71.63469429,-66.34875915,79.57739067,58.24928169,1,1
103.5088081,7,1572266676,AUT,FALSE,TRUE,TRUE,580.9776359,278.5861306,166.044057,179.9502289,-0.480208314,-179.6907,8.26787343,-1.46617951,-3.983791031,0.357505641,-0.311682691,0.485374175,-8.177336881,71.92980423,71.41732635,-71.63469429,-66.34875915,79.57739067,58.24928169,1,1
103.6093562,7,1572266676,AUT,FALSE,TRUE,TRUE,553.5386762,283.1688279,172.4401567,179.9807914,-0.528827777,-179.643871,4.414140051,0.942152629,0.737056471,0.837946771,0.214959565,0.326539945,-9.291549681,70.17861443,72.20637817,-76.76807327,-65.82905639,78.88088836,61.86549339,1,1
103.710027,7,1572266676,AUT,FALSE,TRUE,TRUE,522.7368722,280.5552519,170.6220234,-179.9288345,-0.413352331,-179.6079048,2.118786268,3.287386355,2.148481088,1.159353463,0.427730126,-0.10009407,-11.04615211,68.33179893,72.27027054,-83.17378234,-65.38013854,76.8050457,65.57923622,1,1
103.811048,7,1572266676,AUT,FALSE,TRUE,TRUE,522.7368722,280.5552519,170.6220234,-179.9288345,-0.413352331,-179.6079048,2.118786268,3.287386355,2.148481088,1.159353463,0.427730126,-0.10009407,-11.04615211,68.33179893,72.27027054,-83.17378234,-65.38013854,76.8050457,65.57923622,1,1
103.9119332,7,1572266676,AUT,FALSE,TRUE,TRUE,496.1253593,273.5592772,166.6659806,-179.8814969,-0.291198087,-179.6938631,-0.125703341,8.254757278,0.710525291,1.353459732,0.582224288,-0.716143432,-13.08097458,66.81235199,72.3611618,-88.83847389,-65.31053466,74.67474861,68.58487243,1,1
104.0124872,7,1572266676,AUT,FALSE,TRUE,TRUE,496.1253593,273.5592772,166.6659806,-179.8814969,-0.291198087,-179.6938631,-0.125703341,8.254757278,0.710525291,1.353459732,0.582224288,-0.716143432,-13.08097458,66.81235199,72.3611618,-88.83847389,-65.31053466,74.67474861,68.58487243,1,1
104.1130512,7,1572266676,AUT,FALSE,TRUE,TRUE,471.2103756,265.0158756,162.6098277,-179.7343171,-0.173860097,-179.87073,-7.016677294,12.15827902,4.404969832,1.292725235,1.65444234,-1.300875034,-15.19547539,65.35809517,72.52890586,-94.32018814,-65.35903381,72.47129631,71.12827263,1,1
110.3407791,8,1572266682,AUT,FALSE,FALSE,TRUE,471.8630209,-400.1301492,169.9556498,179.9709904,-0.013333452,-179.9963846,-0.898869878,-1.833657837,1.624313248,-0.319915562,0.369092172,0.17124556,-77.43079948,70.24061164,72.56866608,-78.17815132,-66.59929138,78.08509712,-4.76130295,0.5,1
110.441669,8,1572266683,AUT,FALSE,TRUE,TRUE,474.1651037,-399.626448,170.6333504,-179.9583946,0.14195635,-179.9379005,-9.961332527,-0.682205477,1.393488857,-0.016852192,0.704523362,0.109544167,-77.20442963,70.24286041,72.5742485,-77.97425194,-66.59970886,78.05409508,-4.773147588,1,1
110.5421441,8,1572266683,AUT,FALSE,TRUE,TRUE,484.8318027,-397.8038536,172.9356378,-179.8748792,0.5072207,-179.8657311,-16.98805734,-1.060594471,3.207596918,0.046882502,1.420863297,-0.047899528,-75.98478584,70.40745621,72.62092323,-76.6762825,-66.59945617,78.17035103,-4.755703356,1,1
110.6426802,8,1572266683,AUT,FALSE,TRUE,TRUE,502.5882484,-394.6585788,174.0960677,-179.9806821,0.646652131,-179.9001453,-17.13405146,-2.843631204,2.074012271,-0.039850028,1.225085018,-0.049254618,-73.55740471,71.07360878,72.59471054,-73.96907959,-66.68201293,78.84675865,-4.622020344,1,1
110.743263,8,1572266683,AUT,FALSE,TRUE,TRUE,502.5882484,-394.6585788,174.0960677,-179.9806821,0.646652131,-179.9001453,-17.13405146,-2.843631204,2.074012271,-0.039850028,1.225085018,-0.049254618,-73.55740471,71.07360878,72.59471054,-73.96907959,-66.68201293,78.84675865,-4.622020344,1,1
110.843729,8,1572266683,AUT,FALSE,TRUE,TRUE,525.6834382,-394.2624021,173.6875689,179.9604277,0.596953429,-179.7605203,-8.865090155,-6.461519579,2.539037884,-0.4732188,0.243070304,0.106779731,-70.19199028,72.11706276,72.26230545,-69.67205886,-67.00424743,79.8533226,-5.086409,1,1
110.9442842,8,1572266683,AUT,FALSE,TRUE,TRUE,548.03912,-398.5010888,172.6803473,-179.9528779,0.484587953,-179.8228267,0.743039993,-3.16725926,-0.899338132,-0.215606641,-0.665096207,-0.305712343,-66.64818191,73.42508468,71.77524376,-64.32531853,-67.11132019,81.07575073,-6.713521963,1,1
111.0448241,8,1572266683,AUT,FALSE,TRUE,TRUE,567.6520315,-402.2678895,174.2774603,-179.890699,0.337627252,179.986682,3.714924397,2.600498841,-2.947935924,0.092997229,-1.351962526,-0.639273346,-63.41819114,74.60070076,71.62110901,-58.94103584,-67.16682312,82.58824883,-8.487350469,1,1
111.1453042,8,1572266683,AUT,FALSE,TRUE,TRUE,583.6421857,-401.8414546,178.0608226,-179.9006592,0.187895853,179.9420197,8.08227507,4.630826914,-3.00451438,0.092997229,-1.351962526,-0.639273346,-60.63728714,75.30003891,71.62930755,-54.73130493,-67.25899291,83.95219116,-9.536386875,1,1
111.2459881,8,1572266683,AUT,FALSE,TRUE,TRUE,583.6421857,-401.8414546,178.0608226,-179.9006592,0.187895853,179.9420197,8.08227507,4.630826914,-3.00451438,0.457333151,-1.535862127,-0.548555542,-60.63728714,75.30003891,71.62930755,-54.73130493,-67.25899291,83.95219116,-9.536386875,1,1
111.3465412,8,1572266683,AUT,FALSE,TRUE,TRUE,596.9265864,-397.4663764,182.7071348,-179.8572106,-0.06858814,179.94788,10.99079386,4.682130829,0.305220645,0.679577171,-1.419097789,-0.602472791,-58.22154808,75.62361374,71.61060333,-51.57619629,-67.26606811,85.18549576,-10.05437851,1,1
111.4470592,8,1572266684,AUT,FALSE,TRUE,TRUE,601.9359295,-391.3412798,183.2615363,-179.7239642,-0.17488795,179.8571175,9.763560408,6.520383114,0.440849121,0.694879251,-1.094290139,-1.263785481,-57.32547226,75.69507637,71.62129783,-51.05064125,-67.22789062,85.46901169,-9.7821476,1,1
111.547626,8,1572266684,AUT,FALSE,TRUE,TRUE,601.9359295,-391.3412798,183.2615363,-179.7239642,-0.17488795,179.8571175,9.763560408,6.520383114,0.440849121,0.694879251,-1.094290139,-1.263785481,-57.32547226,75.69507637,71.62129783,-51.05064125,-67.22789062,85.46901169,-9.7821476,1,1
111.6481922,8,1572266684,AUT,FALSE,TRUE,TRUE,605.7480721,-378.1058264,181.6504367,-179.7016251,-0.173177972,179.6316132,3.965850536,7.499800855,-0.733740701,0.323358541,-0.06432069,-1.455188714,-56.90181541,75.66491203,71.82622719,-52.17503013,-67.19376708,85.22785835,-8.288854981,1,1
111.7486892,8,1572266684,AUT,FALSE,TRUE,TRUE,609.1768918,-355.5868922,179.6849488,-179.7057537,-0.245581098,179.5702607,4.599299379,8.055601042,-0.928231901,0.32953353,0.036852581,-1.295012706,-56.51034164,75.32747383,72.05410766,-54.81356849,-67.21803588,84.673526,-5.380990225,1,1
111.849247,8,1572266684,AUT,FALSE,TRUE,TRUE,610.6387716,-324.5131242,178.0929527,-179.7344858,-0.273619958,179.5461588,4.316566178,7.431712772,-1.564663824,0.396736486,-0.191727697,-1.127627887,-56.24454116,74.64564857,72.36537781,-58.88315849,-67.20435791,83.77365989,-1.244380194,1,1
111.949893,8,1572266684,AUT,FALSE,TRUE,TRUE,608.7650635,-289.403687,177.4320242,-179.7965152,-0.229007471,179.5460413,2.281640023,5.721033654,-0.815986134,0.396736486,-0.191727697,-1.127627887,-56.11347771,73.71197548,72.83521156,-63.87850456,-67.19129516,82.68832054,3.622082519,1,1
112.0506182,8,1572266684,AUT,FALSE,TRUE,TRUE,608.7650635,-289.403687,177.4320242,-179.7965152,-0.229007471,179.5460413,2.281640023,5.721033654,-0.815986134,0.171635985,0.018143753,-0.838835991,-56.11347771,73.71197548,72.83521156,-63.87850456,-67.19129516,82.68832054,3.622082519,1,1
112.1515801,8,1572266684,AUT,FALSE,TRUE,TRUE,603.9346547,-250.6408243,177.7051087,-179.8138308,-0.094126394,179.5851942,-1.489390984,3.805063247,-1.623043032,-0.084258244,0.233986147,-0.689306612,-55.91527404,72.58161621,73.37075043,-69.2381504,-67.1622528,81.45163764,8.933563613,1,1
112.252146,8,1572266684,AUT,FALSE,TRUE,TRUE,598.2486012,-213.0080284,179.6159359,-179.790701,0.015258192,179.586139,-5.335855014,4.64840947,-0.536967131,-0.014293065,0.352660496,-0.902229539,-55.36643486,71.44239921,73.95856018,-73.89002609,-67.02823608,80.48269501,13.89442291,1,1
112.3526402,8,1572266684,AUT,FALSE,TRUE,TRUE,593.4354703,-175.58261,182.4846078,-179.7434868,0.089113739,179.5704813,-5.409741571,3.971989692,-0.175086528,-0.227709606,0.30188165,-1.135595214,-54.24960594,70.38661651,74.5700283,-77.7438858,-66.8260437,79.78552666,18.58681755,1,1
112.453258,8,1572266685,AUT,FALSE,TRUE,TRUE,593.4354703,-175.58261,182.4846078,-179.7434868,0.089113739,179.5704813,-5.409741571,3.971989692,-0.175086528,-0.227709606,0.30188165,-1.135595214,-54.24960594,70.38661651,74.5700283,-77.7438858,-66.8260437,79.78552666,18.58681755,1,1
112.553838,8,1572266685,AUT,FALSE,TRUE,TRUE,590.6274057,-139.7659708,185.411312,-179.7463691,0.138196754,179.5842793,-8.502250482,6.962398021,-0.340253549,0.585624298,1.05252991,-1.087085229,-52.49573135,69.50185661,75.00786094,-80.43393631,-66.56844177,79.29947776,22.90815582,1,1
112.6543262,8,1572266685,AUT,FALSE,TRUE,TRUE,590.4481657,-98.33659129,187.2080985,-179.8639742,0.102975949,179.7222134,-4.723890472,1.420230609,-0.030534458,-0.323732303,0.458320331,-0.728273218,-49.48914413,68.68632431,75.06101418,-82.26260719,-66.2268988,78.87600975,27.58448295,1,1
112.7548552,8,1572266685,AUT,FALSE,TRUE,TRUE,590.4481657,-98.33659129,187.2080985,-179.8639742,0.102975949,179.7222134,-4.723890472,1.420230609,-0.030534458,-0.323732303,0.458320331,-0.728273218,-47.16666526,68.43780326,74.56059723,-82.31712684,-66.10908142,78.54384155,29.80741196,1,1
112.855387,8,1572266685,AUT,FALSE,TRUE,TRUE,594.0108061,-76.74240732,185.747963,-179.9505056,0.128432815,179.9540932,-1.454319868,-4.194511882,0.820168858,-0.910470212,-0.070150576,-0.430270391,-47.16666526,68.43780326,74.56059723,-82.31712684,-66.10908142,78.54384155,29.80741196,1,1
112.9558642,8,1572266685,AUT,FALSE,TRUE,TRUE,600.1799132,-66.11199648,182.0636155,-179.8908157,0.18583624,179.9938851,-2.983373776,-1.583231354,-0.357504144,-0.520247111,0.447745503,-0.554757624,-45.38438072,68.58324165,73.75592079,-81.41288338,-65.9833374,78.1267559,30.36467971,1,1
113.056458,8,1572266685,AUT,FALSE,TRUE,TRUE,614.122723,-62.11813272,179.5191041,-179.9989505,0.473487314,-179.9969291,-2.983373776,-1.583231354,-0.357504144,-0.520247111,0.447745503,-0.554757624,-43.43311958,69.23239631,73.01514701,-78.80489044,-66.0983258,78.1161026,29.83831787,1,1
113.156986,8,1572266685,AUT,FALSE,TRUE,TRUE,614.122723,-62.11813272,179.5191041,-179.9989505,0.473487314,-179.9969291,-9.388350669,2.577512707,-1.278536086,0.145287786,0.444300023,-0.159337222,-43.43311958,69.23239631,73.01514701,-78.80489044,-66.0983258,78.1161026,29.83831787,1,1
113.257462,8,1572266685,AUT,FALSE,TRUE,TRUE,631.2013275,-65.72040915,182.6253322,179.9847706,0.463760997,-179.9864968,-7.953300209,0.662771307,-1.538804572,-0.064793756,0.057668291,-0.239801027,-41.69882813,70.02045593,72.80692863,-74.89227448,-66.11106994,79.32064704,27.932341,1,1
113.357991,8,1572266685,AUT,FALSE,TRUE,TRUE,631.2013275,-65.72040915,182.6253322,179.9847706,0.463760997,-179.9864968,-7.953300209,0.662771307,-1.538804572,-0.064793756,0.057668291,-0.239801027,-41.69882813,70.02045593,72.80692863,-74.89227448,-66.11106994,79.32064704,27.932341,1,1
113.4585712,8,1572266686,AUT,FALSE,TRUE,TRUE,657.9275648,-74.72514443,188.1693819,-179.9149066,0.370573771,179.9311732,-4.918663934,5.29840301,-0.301334747,0.450278935,0.149941623,-0.318197501,-39.43369446,71.14383201,72.66330986,-68.98309936,-66.11020751,81.14042244,24.91789169,1,1
113.5590601,8,1572266686,AUT,FALSE,TRUE,TRUE,657.9275648,-74.72514443,188.1693819,-179.9149066,0.370573771,179.9311732,-4.918663934,5.29840301,-0.301334747,0.450278935,0.149941623,-0.318197501,-36.47461624,72.59299049,72.16088104,-62.33849945,-66.2453833,82.75330467,21.55240859,1,1
113.6596661,8,1572266686,AUT,FALSE,TRUE,TRUE,677.8658861,-79.6915175,188.9533349,179.98442,0.361510201,179.8870211,-3.340101056,4.269762829,-0.064079018,0.016077132,-0.180869639,-0.290817163,-36.47461624,72.59299049,72.16088104,-62.33849945,-66.2453833,82.75330467,21.55240859,1,1
113.7604151,8,1572266686,AUT,FALSE,TRUE,TRUE,697.6315218,-79.58136578,189.0483118,-179.9886299,0.264948548,179.8326032,-0.824669088,5.822862794,-1.132118931,0.318746397,-0.293829787,-0.19664156,-33.57990761,73.93241958,71.84789085,-56.56543464,-66.51163696,84.10826225,19.29260673,1,1
113.861026,8,1572266686,AUT,FALSE,TRUE,TRUE,697.6315218,-79.58136578,189.0483118,-179.9886299,0.264948548,179.8326032,-0.824669088,5.822862794,-1.132118931,0.318746397,-0.293829787,-0.19664156,-33.57990761,73.93241958,71.84789085,-56.56543464,-66.51163696,84.10826225,19.29260673,1,1
113.9618871,8,1572266686,AUT,FALSE,TRUE,TRUE,707.9793781,-72.18495766,189.7870385,-179.9479051,0.165949268,179.7381166,1.972649051,8.420841123,-1.062723866,0.417005461,-0.746172345,-0.291719487,-31.41536064,74.64766388,71.83797913,-53.43401184,-66.67337768,84.96284752,18.54638786,1,1
114.0625112,8,1572266686,AUT,FALSE,TRUE,TRUE,713.5150393,-55.70421285,190.4875914,-179.8473925,0.115123831,179.6608683,4.607511158,5.994803454,-1.832292519,-0.053068783,-1.177350838,-0.594227993,-29.43022384,74.93731498,71.84318046,-52.00767059,-66.69197204,85.35526543,19.14910126,1,1
114.163017,8,1572266686,AUT,FALSE,TRUE,TRUE,715.7472481,-31.19915748,190.8842666,-179.8066811,0.150342465,179.6145834,-1.200006964,6.063288791,-1.408272539,-0.053068783,-1.177350838,-0.594227993,-27.39018288,74.96778831,71.86811943,-51.78728141,-66.69029663,85.38235359,20.95031318,1,1
114.2636352,8,1572266686,AUT,FALSE,TRUE,TRUE,715.7472481,-31.19915748,190.8842666,-179.8066811,0.150342465,179.6145834,-1.200006964,6.063288791,-1.408272539,-0.044511087,-0.43969739,-0.765911203,-27.39018288,74.96778831,71.86811943,-51.78728141,-66.69029663,85.38235359,20.95031318,1,1
114.3641932,8,1572266686,AUT,FALSE,TRUE,TRUE,716.5307449,-3.15836133,191.5402844,-179.7758394,0.181464018,179.6139403,-4.511024379,6.637859506,-0.321235923,0.032317007,0.088832885,-0.832899017,-25.1901226,74.92118225,71.89435959,-51.79063568,-66.68924743,85.38758926,23.18332214,1,1
114.464669,8,1572266687,AUT,FALSE,TRUE,TRUE,716.0402916,26.09666685,191.6275319,-179.7815631,0.156219846,179.6219343,-3.985324527,6.266633189,0.087290539,0.064368005,-0.032284303,-0.906861377,-22.84877815,74.90705452,71.88766823,-51.78737068,-66.6834851,85.40378723,25.52129516,1,1
114.565218,8,1572266687,AUT,FALSE,TRUE,TRUE,714.1190668,55.10339347,190.6258187,-179.8622632,0.040920706,179.7219597,-0.080430647,2.362388486,0.370592736,-0.233512401,-0.346540408,-0.69863979,-20.46812668,74.93809089,71.78080559,-51.78105698,-66.6834082,85.43205299,27.9474369,1,1
114.6657591,8,1572266687,AUT,FALSE,TRUE,TRUE,714.1190668,55.10339347,190.6258187,-179.8622632,0.040920706,179.7219597,-0.080430647,2.362388486,0.370592736,-0.233512401,-0.346540408,-0.69863979,-18.54035568,75.02695656,71.57960129,-51.85986671,-66.68301269,85.58594398,29.92334861,1,1
114.7662492,8,1572266687,AUT,FALSE,TRUE,TRUE,710.7117523,77.25493369,188.3930665,-179.933331,-0.286824857,179.973869,5.545960014,-0.735514678,0.837899712,-0.184920404,-0.177102468,-0.210467944,-18.54035568,75.02695656,71.57960129,-51.85986671,-66.68301269,85.58594398,29.92334861,1,1
114.866838,8,1572266687,AUT,FALSE,TRUE,TRUE,705.104545,90.0261841,186.4987536,-179.9684278,-0.608964002,-179.8742939,14.46926001,-3.100543435,-1.025910917,-0.099169924,-0.527260159,-0.217219775,-17.794384,74.96641502,71.5293045,-52.7612606,-66.63322814,85.59075737,31.48971061,1,1
114.967366,8,1572266687,AUT,FALSE,TRUE,TRUE,693.7960259,98.42847705,186.2745025,-179.9281819,-0.785887249,-179.8004595,16.50715694,-0.209650024,-2.864018815,0.833873713,-0.471125309,-0.214211829,-18.33391914,74.41001587,71.75431823,-55.60983009,-66.5148944,85.19049453,33.53973198,1,1
115.0678852,8,1572266687,AUT,FALSE,TRUE,TRUE,676.2202161,104.9817491,186.5082841,-179.9771265,-0.775026833,-179.7356332,12.63599135,-2.718739856,-1.812019688,0.51245932,-0.473515017,-0.172322914,-19.86181183,73.34912109,72.11100998,-60.36327781,-66.32745117,84.21359024,36.49951744,1,1
115.1684251,8,1572266687,AUT,FALSE,TRUE,TRUE,676.2202161,104.9817491,186.5082841,-179.9771265,-0.775026833,-179.7356332,12.63599135,-2.718739856,-1.812019688,0.51245932,-0.473515017,-0.172322914,-19.86181183,73.34912109,72.11100998,-60.36327781,-66.32745117,84.21359024,36.49951744,1,1
115.2689712,8,1572266687,AUT,FALSE,TRUE,TRUE,653.4096994,106.7619751,184.2843396,-179.9632176,-0.640463429,-179.6293583,6.664875163,-1.578173714,0.613576185,0.520677662,0.434580632,-0.302935996,-22.27610893,71.98043747,72.29878006,-66.53531799,-66.08821838,82.55249519,39.66603469,1,1
115.3694861,8,1572266687,AUT,FALSE,TRUE,TRUE,630.6084296,99.56223562,179.2200438,-179.8239196,-0.141187709,-179.7574945,-8.736805429,6.966780877,-0.017542101,1.243580974,1.40139763,-1.086055371,-25.57557106,70.58822937,72.29071884,-73.03122139,-65.98408447,80.05557403,42.06492348,1,1
115.4699812,8,1572266688,AUT,FALSE,TRUE,TRUE,617.4092619,94.27739376,178.3752563,-179.6619467,-0.042978691,179.8913924,-10.31270562,15.3863781,0.758828765,1.243580974,1.40139763,-1.086055371,-27.77245216,69.81275596,72.59818496,-76.56652221,-65.79615783,78.85021247,42.94157409,1,1
115.5709581,8,1572266688,AUT,FALSE,TRUE,TRUE,617.4092619,94.27739376,178.3752563,-179.6619467,-0.042978691,179.8913924,-10.31270562,15.3863781,0.758828765,1.708231306,1.372197611,-1.896431113,-27.77245216,69.81275596,72.59818496,-76.56652221,-65.79615783,78.85021247,42.94157409,1,1
115.6717732,8,1572266688,AUT,FALSE,TRUE,TRUE,608.4023024,102.6028768,178.287351,-179.5508866,0.050772993,179.5440015,-13.01411192,19.85667516,1.105549269,1.664235996,1.750608969,-2.12593099,-28.08944206,69.52177276,73.0416172,-78.46124839,-65.79059326,78.25249443,44.40521393,1,1
115.7723322,8,1572266688,AUT,FALSE,TRUE,TRUE,603.2838477,124.1955423,178.794445,-179.588398,0.188011199,179.4208059,-13.51867862,17.29996269,1.820948431,1.116457468,1.707408044,-1.818491364,-26.39912681,69.50338096,73.29288826,-78.89226608,-65.94473144,78.11620216,46.69243698,1,1
115.8729281,8,1572266688,AUT,FALSE,TRUE,TRUE,602.8050693,153.7527357,179.438751,-179.7645917,0.287338895,179.4604529,-11.29213507,15.17614,2.000622921,0.87971402,1.226938134,-1.304471326,-23.12904968,69.70385399,73.13136863,-77.65820961,-65.99750427,78.35862236,48.99356804,1,1
115.9734631,8,1572266688,AUT,FALSE,TRUE,TRUE,602.8050693,153.7527357,179.438751,-179.7645917,0.287338895,179.4604529,-11.29213507,15.17614,2.000622921,0.87971402,1.226938134,-1.304471326,-23.12904968,69.70385399,73.13136863,-77.65820961,-65.99750427,78.35862236,48.99356804,1,1
116.074075,8,1572266688,AUT,FALSE,TRUE,TRUE,609.3986761,191.9884948,181.232399,-179.8641004,0.270137573,179.5891761,-5.271648652,9.84769285,-1.142188124,0.810639266,0.433317423,-0.860564627,-18.09380951,70.38997764,72.68411865,-73.90038414,-65.96374877,79.33682441,50.53864746,1,1
116.174607,8,1572266688,AUT,FALSE,TRUE,TRUE,609.3986761,191.9884948,181.232399,-179.8641004,0.270137573,179.5891761,-5.271648652,9.84769285,-1.142188124,0.810639266,0.433317423,-0.860564627,-18.09380951,70.38997764,72.68411865,-73.90038414,-65.96374877,79.33682441,50.53864746,1,1
116.2751441,8,1572266688,AUT,FALSE,TRUE,TRUE,616.3516148,222.717622,182.2482762,179.9885703,-0.0430751,179.9299369,7.210111565,-1.940319281,0.451707596,-0.13803293,-0.642128328,-0.007221634,-13.20766754,71.33435898,72.18882064,-69.25547447,-65.91112976,80.88800811,51.23376274,1,1
116.3757031,8,1572266688,AUT,FALSE,TRUE,TRUE,616.8289975,238.4446228,181.2755735,-179.9714221,-0.22799857,179.9842254,12.39300331,-2.67714282,-1.665046133,-0.365983647,-1.334074602,0.008656159,-11.04619674,71.79959908,71.96336402,-67.53323707,-65.88809692,81.35231781,51.71915588,1,1
116.4762342,8,1572266689,AUT,FALSE,TRUE,TRUE,616.8289975,238.4446228,181.2755735,-179.9714221,-0.22799857,179.9842254,12.39300331,-2.67714282,-1.665046133,-0.365983647,-1.334074602,0.008656159,-11.04619674,71.79959908,71.96336402,-67.53323707,-65.88809692,81.35231781,51.71915588,1,1
116.5767241,8,1572266689,AUT,FALSE,TRUE,TRUE,604.186112,255.482689,180.4425433,179.9734374,-0.504739384,-179.8678334,9.766383421,-1.060539339,-2.49622808,-0.260673633,-0.451174459,0.275722518,-9.763481138,71.75132789,72.1696701,-68.48657226,-65.89409545,81.42162781,54.04950027,1,1
116.6772661,8,1572266689,AUT,FALSE,TRUE,TRUE,604.186112,255.482689,180.4425433,179.9734374,-0.504739384,-179.8678334,9.766383421,-1.060539339,-2.49622808,-0.260673633,-0.451174459,0.275722518,-9.763481138,71.75132789,72.1696701,-68.48657226,-65.89409545,81.42162781,54.04950027,1,1
116.7778032,8,1572266689,AUT,FALSE,TRUE,TRUE,576.7285876,266.6915027,182.2077483,-179.9594155,-0.58755535,-179.7579675,8.54528519,1.934027221,-0.308129748,1.056405112,0.006394282,0.059967497,-10.17190819,70.49577255,72.68367919,-73.24875068,-65.62348022,80.55418167,57.98706207,1,1
116.8782961,8,1572266689,AUT,FALSE,TRUE,TRUE,544.500889,272.4322912,179.8157594,-179.9222463,-0.52216615,-179.7700849,3.196125293,4.130750683,2.267221988,1.016599041,0.432671109,-0.26006064,-11.35982894,68.98035278,72.98374328,-79.31726875,-65.31240234,78.71425666,62.32026558,1,1
116.978842,8,1572266689,AUT,FALSE,TRUE,TRUE,544.500889,272.4322912,179.8157594,-179.9222463,-0.52216615,-179.7700849,3.196125293,4.130750683,2.267221988,1.016599041,0.432671109,-0.26006064,-11.35982894,68.98035278,72.98374328,-79.31726875,-65.31240234,78.71425666,62.32026558,1,1
117.0796971,8,1572266689,AUT,FALSE,TRUE,TRUE,511.4347132,272.5773786,172.333287,-179.9338545,-0.381413421,-179.7032313,-0.730751571,4.454080814,0.427772013,0.834248665,0.980737229,-0.415056842,-12.80993843,67.54599494,72.90329246,-85.93178673,-65.3148468,76.26394844,66.60317573,1,1
117.1803422,8,1572266689,AUT,FALSE,TRUE,TRUE,511.4347132,272.5773786,172.333287,-179.9338545,-0.381413421,-179.7032313,-0.730751571,4.454080814,0.427772013,0.834248665,0.980737229,-0.415056842,-12.80993843,67.54599494,72.90329246,-85.93178673,-65.3148468,76.26394844,66.60317573,1,1
117.281275,8,1572266689,AUT,FALSE,TRUE,TRUE,482.8070304,266.3113879,166.8964403,-179.8468392,-0.240461385,-179.7796785,-3.128598327,7.547622784,-0.777331793,0.981289869,1.148264443,-0.864443847,-14.78673934,66.06326637,72.97500915,-92.08087921,-65.45927307,73.88825798,69.91623688,1,1
117.3819852,8,1572266689,AUT,FALSE,TRUE,TRUE,469.4869989,262.0705675,166.2655324,-179.8331034,-0.146765796,-179.8504213,-4.749293891,9.194534292,2.152383426,0.981289869,1.148264443,-0.864443847,-15.85989074,65.20768547,73.19773979,-94.85909843,-65.42346862,72.89567413,71.33907966,1,1
123.5801091,9,1572266696,AUT,FALSE,FALSE,TRUE,471.9782788,-400.000937,169.979518,179.9985124,-0.006372267,-179.9979728,-1.327639023,-0.191168989,1.016636943,-0.194610415,0.309647687,0.13616373,-77.59510345,70.7796833,73.32642403,-78.18046531,-67.33864929,78.60057564,-4.548336413,0.5,1
123.6807201,9,1572266696,AUT,FALSE,TRUE,TRUE,470.9568019,-401.7121119,170.1870976,179.9413417,-0.028080202,-179.9767353,-2.308524517,-1.984743379,2.417941811,-0.181249676,0.557128539,0.407992863,-77.71343994,70.78018799,73.32165184,-78.09655723,-67.34217041,78.66563873,-4.688020706,1,1
123.78124,9,1572266696,AUT,FALSE,TRUE,TRUE,472.4292706,-404.1260221,170.7239419,179.9687039,0.206249106,-179.8665178,-8.162396087,-0.424940998,3.383791914,-0.015764062,0.695652487,0.083398352,-77.64461746,70.78284874,73.24703064,-77.7049118,-67.34295593,78.49969711,-5.01444855,1,1
123.881803,9,1572266696,AUT,FALSE,TRUE,TRUE,480.2825165,-401.1165759,170.3001373,-179.9763702,0.463391184,179.9804189,-11.34736227,-1.118271044,1.256260928,-0.015764062,0.695652487,0.083398352,-76.73535117,71.09109421,73.28101959,-76.89178619,-67.34665283,78.50171585,-4.850391775,1,1
123.9823661,9,1572266696,AUT,FALSE,TRUE,TRUE,480.2825165,-401.1165759,170.3001373,-179.9763702,0.463391184,179.9804189,-11.34736227,-1.118271044,1.256260928,-0.048242016,0.717041406,-0.189998512,-76.73535117,71.09109421,73.28101959,-76.89178619,-67.34665283,78.50171585,-4.850391775,1,1
124.08288,9,1572266696,AUT,FALSE,TRUE,TRUE,496.2282143,-395.5317515,169.1918068,-179.9003727,0.663057276,-179.9382749,-16.0452162,-2.653400295,2.717766233,-0.30074927,0.841952697,-0.307465814,-74.67583008,71.72256774,73.26757164,-75.10555,-67.71522216,78.76526069,-4.369235231,1,1
124.183434,9,1572266696,AUT,FALSE,TRUE,TRUE,520.4325542,-389.7336227,168.5175125,-179.9851214,0.751644931,-179.8362021,-11.94478756,-5.890479637,1.615334464,-0.625814115,0.522708827,-0.147023236,-71.23484344,72.71638756,73.13530654,-71.57741432,-68.11532775,79.52453269,-4.051929475,1,1
124.2839632,9,1572266696,AUT,FALSE,TRUE,TRUE,547.4863391,-386.9106152,168.3461202,179.9700726,0.70673926,-179.8241885,-11.97113967,0.228734145,-0.101879674,0.497144287,0.89377288,0.045499042,-67.14552612,73.9101345,72.82263221,-66.45395393,-68.32658386,80.68749733,-4.6494793,1,1
124.384459,9,1572266696,AUT,FALSE,TRUE,TRUE,547.4863391,-386.9106152,168.3461202,179.9700726,0.70673926,-179.8241885,-11.97113967,0.228734145,-0.101879674,0.497144287,0.89377288,0.045499042,-67.14552612,73.9101345,72.82263221,-66.45395393,-68.32658386,80.68749733,-4.6494793,1,1
124.484982,9,1572266697,AUT,FALSE,TRUE,TRUE,574.2473755,-385.810064,168.4583599,-179.9965187,0.47482552,-179.8702871,-3.229062702,3.232720614,-0.922983355,1.029602555,0.343503525,-0.047517255,-62.81412849,75.16432686,72.41151352,-60.46044845,-68.39255676,82.15623207,-6.032692337,1,1
124.5855401,9,1572266697,AUT,FALSE,TRUE,TRUE,594.6896609,-385.9471106,169.4058449,-179.9765483,0.075839012,-179.9099519,11.20585912,2.775112364,-1.125803313,0.814609918,-1.339327317,-0.164503618,-59.17639389,76.20884514,72.0495861,-54.98343429,-68.41489196,83.68122024,-7.56403885,1,1
124.686007,9,1572266697,AUT,FALSE,TRUE,TRUE,604.8955335,-389.3344005,170.5238958,-179.8777892,-0.243307751,-179.909036,16.42313441,6.714994404,-0.967589979,1.383299337,-1.840823747,-0.517061647,-56.99601631,76.85316581,71.76092033,-51.12418785,-68.42139587,84.79788437,-9.130095294,1,1
124.7865262,9,1572266697,AUT,FALSE,TRUE,TRUE,604.8955335,-389.3344005,170.5238958,-179.8777892,-0.243307751,-179.909036,16.42313441,6.714994404,-0.967589979,1.383299337,-1.840823747,-0.517061647,-56.35981521,77.11571159,71.78692703,-49.82818908,-68.39518249,85.22209739,-9.8287571,1,1
124.887089,9,1572266697,AUT,FALSE,TRUE,TRUE,607.6349159,-390.6381389,170.9565635,-179.7346721,-0.329442035,179.9406295,15.60000902,10.51187405,1.099215088,1.760354366,-1.705438126,-1.184301606,-56.35981521,77.11571159,71.78692703,-49.82818908,-68.39518249,85.22209739,-9.8287571,1,1
124.987566,9,1572266697,AUT,FALSE,TRUE,TRUE,608.1306754,-381.5032594,168.6420634,-179.6174522,-0.376694202,179.6993018,5.66434967,9.690644741,0.848311825,1.024543263,0.371835481,-1.71843657,-56.41754837,77.09797211,71.93826713,-51.06196746,-68.34996276,84.95680847,-8.783826831,1,1
125.0881422,9,1572266697,AUT,FALSE,TRUE,TRUE,609.2999303,-359.8232748,163.619999,-179.6918096,-0.395777291,179.6083805,3.092590043,9.409198805,1.463184898,0.831586463,0.619748054,-1.366611535,-56.47802124,76.83426589,72.00125999,-54.36606788,-68.38305908,84.00231285,-5.698453906,1,1
125.1886342,9,1572266697,AUT,FALSE,TRUE,TRUE,609.1285014,-327.2881272,157.7263244,-179.7541889,-0.416712469,179.5600698,4.520157338,7.228239577,0.87133582,0.39888475,0.543773152,-0.966617275,-56.48113174,76.27604026,72.02438964,-59.19448013,-68.42029724,82.59076537,-1.11582985,1,1
125.289124,9,1572266697,AUT,FALSE,TRUE,TRUE,609.1285014,-327.2881272,157.7263244,-179.7541889,-0.416712469,179.5600698,4.520157338,7.228239577,0.87133582,0.39888475,0.543773152,-0.966617275,-56.48113174,76.27604026,72.02438964,-59.19448013,-68.42029724,82.59076537,-1.11582985,1,1
125.3899591,9,1572266697,AUT,FALSE,TRUE,TRUE,605.6858034,-288.6286288,153.9870509,-179.8202479,-0.336019454,179.560296,2.089973627,4.549082191,-1.515050127,0.081417199,0.418265049,-0.665227989,-56.49094048,75.3620018,72.17672882,-65.00393714,-68.47655273,80.99791603,4.345569988,1,1
125.4905601,9,1572266698,AUT,FALSE,TRUE,TRUE,599.254024,-249.8385066,155.5565189,-179.8396315,-0.212453301,179.6176106,-0.201091497,3.458649356,-2.799839214,0.008972633,0.231564835,-0.542703733,-56.42921791,74.09716988,72.67353744,-70.65870666,-68.50796264,79.79721679,9.793054956,1,1
125.5913911,9,1572266698,AUT,FALSE,TRUE,TRUE,591.9896832,-214.154987,161.8092679,-179.8163767,-0.058836938,179.6613311,-4.637622367,5.27203195,-1.038238917,0.218332742,0.612198676,-0.672401615,-56.18302803,72.719347,73.57540512,-75.52149925,-68.45369018,79.19172592,14.67702369,1,1
125.6919801,9,1572266698,AUT,FALSE,TRUE,TRUE,585.616109,-178.4890779,169.7332137,-179.8473107,0.056280667,179.6972396,-7.589814205,3.929408858,0.1834039,0.114320318,0.748977826,-0.718982463,-55.41953316,71.40981102,74.59917984,-79.49113769,-68.23774841,78.94396362,19.38114281,1,1
125.792526,9,1572266698,AUT,FALSE,TRUE,TRUE,585.616109,-178.4890779,169.7332137,-179.8473107,0.056280667,179.6972396,-7.589814205,3.929408858,0.1834039,0.114320318,0.748977826,-0.718982463,-55.41953316,71.40981102,74.59917984,-79.49113769,-68.23774841,78.94396362,19.38114281,1,1
125.8930242,9,1572266698,AUT,FALSE,TRUE,TRUE,582.4535399,-146.2439971,175.6374365,-179.8277472,0.151036475,179.7081573,-9.06276846,4.441602448,0.81851883,0.384546432,1.094370014,-0.751091241,-53.98318748,70.35852584,75.24627456,-82.09319458,-67.87420532,78.72464561,23.31169052,1,1
125.993566,9,1572266698,AUT,FALSE,TRUE,TRUE,583.4840103,-116.843531,179.1713203,-179.8697818,0.194588803,179.7314979,-7.398867429,2.684521325,-0.02501856,-0.087042253,0.743557084,-0.740649211,-51.84961853,69.65026817,75.41980705,-83.2889225,-67.49265563,78.53970451,26.50871544,1,1
126.094152,9,1572266698,AUT,FALSE,TRUE,TRUE,587.9352719,-93.19049201,180.7930105,-179.9149418,0.164879919,179.8569596,-0.926976591,0.142552651,-0.979805823,-0.381458125,-0.457967593,-0.421229528,-49.41896553,69.31217422,75.24676551,-83.23283729,-67.21927185,78.54174041,28.82012214,1,1
126.1946862,9,1572266698,AUT,FALSE,TRUE,TRUE,587.9352719,-93.19049201,180.7930105,-179.9149418,0.164879919,179.8569596,-0.926976591,0.142552651,-0.979805823,-0.381458125,-0.457967593,-0.421229528,-49.41896553,69.31217422,75.24676551,-83.23283729,-67.21927185,78.54174041,28.82012214,1,1
126.295279,9,1572266698,AUT,FALSE,TRUE,TRUE,592.6157597,-77.73969719,180.5164845,179.9370012,0.071853924,-179.9132474,3.895073584,-6.578208279,-0.71897007,-0.826604344,-0.935078016,0.08340604,-47.40767784,69.21406631,74.86784019,-82.69537926,-67.10086669,78.61186066,30.29646835,1,1
126.3958402,9,1572266698,AUT,FALSE,TRUE,TRUE,599.5645571,-73.72181127,179.2404568,179.9821855,0.170569933,-179.9262577,-2.565988947,1.608685373,0.887423701,0.515625588,0.032027486,-0.063364989,-46.14845924,69.37749481,74.33108596,-81.41610031,-66.97053039,78.51300773,30.10642204,1,1
126.4963331,9,1572266699,AUT,FALSE,TRUE,TRUE,605.8927351,-73.32063805,177.4482423,-179.990926,0.190895142,179.9689019,-5.321219571,3.372665596,1.650048376,0.515625588,0.032027486,-0.063364989,-45.3719696,69.78709259,74.02711143,-80.10899849,-66.98065979,78.57832146,29.57421341,1,1
126.596874,9,1572266699,AUT,FALSE,TRUE,TRUE,605.8927351,-73.32063805,177.4482423,-179.990926,0.190895142,179.9689019,-5.321219571,3.372665596,1.650048376,0.250777979,0.266707049,-0.211217673,-45.3719696,69.78709259,74.02711143,-80.10899849,-66.98065979,78.57832146,29.57421341,1,1
126.6974571,9,1572266699,AUT,FALSE,TRUE,TRUE,616.2271925,-74.1845678,175.3040064,-179.9994469,0.352315352,179.9659112,-8.264406593,2.499350114,-1.10919652,-0.037195268,0.398235137,-0.18383628,-44.25136757,70.40215187,73.61279983,-78.02927284,-67.16853149,78.69573784,28.69947166,1,1
126.797951,9,1572266699,AUT,FALSE,TRUE,TRUE,629.5346453,-76.822533,175.7320957,-179.9869054,0.398531369,179.9703717,-7.405580126,2.201903253,-1.023796512,-0.150226577,0.35461043,-0.21409093,-42.83094864,71.08209915,73.29896164,-74.95275421,-67.21727783,79.36683769,27.24740524,1,1
126.8985081,9,1572266699,AUT,FALSE,TRUE,TRUE,645.0697766,-79.7943947,178.0911636,-179.9360665,0.387335816,179.9568721,-7.27571195,5.798971644,-0.393300605,0.419818667,0.439116362,-0.290380044,-41.08911094,71.83128433,73.1096775,-71.08190002,-67.22265563,80.42997093,25.37565422,1,1
126.9990971,9,1572266699,AUT,FALSE,TRUE,TRUE,645.0697766,-79.7943947,178.0911636,-179.9360665,0.387335816,179.9568721,-7.27571195,5.798971644,-0.393300605,0.419818667,0.439116362,-0.290380044,-41.08911094,71.83128433,73.1096775,-71.08190002,-67.22265563,80.42997093,25.37565422,1,1
127.0995872,9,1572266699,AUT,FALSE,TRUE,TRUE,661.0663362,-80.96214029,180.2828561,-179.9781034,0.368834756,179.9136085,-6.230686514,4.575917311,1.439328388,0.30799861,0.603413723,-0.206032761,-39.07542686,72.6489418,72.95789108,-66.97343559,-67.25833374,81.5267704,23.66824836,1,1
127.2005601,9,1572266699,AUT,FALSE,TRUE,TRUE,676.8598368,-81.52304066,180.8281434,179.9493562,0.377739543,179.959831,-5.432172636,2.242322124,0.25253097,0.20524666,0.420214397,-0.020746459,-36.89634704,73.50633888,72.61439666,-62.78343201,-67.3733551,82.46059799,21.97217903,1,1
127.3015721,9,1572266699,AUT,FALSE,TRUE,TRUE,691.213589,-83.23280513,180.6403332,179.9506288,0.249602638,-179.995483,1.28903495,1.93285497,-0.18589296,0.029652761,-0.524142481,0.065940816,-34.80122681,74.38756943,72.21348152,-58.57243766,-67.43745483,83.39851456,20.11201171,1,1
127.402204,9,1572266699,AUT,FALSE,TRUE,TRUE,702.4375811,-83.20878935,180.3232825,-179.9982758,0.087414889,179.95375,7.158373092,3.222282701,-1.708932943,0.029652761,-0.524142481,0.065940816,-32.98765182,75.19180298,72.02255287,-55.01938705,-67.52211547,84.28204536,18.56108207,1,1
127.5028081,9,1572266700,AUT,FALSE,TRUE,TRUE,702.4375811,-83.20878935,180.3232825,-179.9982758,0.087414889,179.95375,7.158373092,3.222282701,-1.708932943,0.061666208,-1.14677565,0.004981734,-32.98765182,75.19180298,72.02255287,-55.01938705,-67.52211547,84.28204536,18.56108207,1,1
127.603379,9,1572266700,AUT,FALSE,TRUE,TRUE,709.4130796,-78.16523944,180.0749549,-179.9589263,0.077537512,179.8925704,5.192979768,4.113064827,-1.240780016,0.236297618,-1.131517236,-0.111913182,-31.57453537,75.70720253,72.023703,-52.97179641,-67.67120544,84.72393951,18.08892746,1,1
127.7038791,9,1572266700,AUT,FALSE,TRUE,TRUE,712.9032093,-67.28073318,179.9886421,-179.8454862,0.061360519,179.8371992,2.682557536,6.088116223,-0.833369629,0.553909519,-0.728460281,-0.477080558,-30.33194389,75.91818123,72.03981171,-52.14073563,-67.71396423,84.91300735,18.49012756,1,1
127.804419,9,1572266700,AUT,FALSE,TRUE,TRUE,714.4415599,-50.44415767,180.2437982,-179.8413335,0.087036443,179.7810918,-4.400057353,6.986798807,-1.180910232,0.687141354,0.56252913,-0.716299282,-28.99125481,75.93005676,72.09055824,-52.10512276,-67.71400268,84.91184692,19.80158271,1,1
127.904969,9,1572266700,AUT,FALSE,TRUE,TRUE,714.4415599,-50.44415767,180.2437982,-179.8413335,0.087036443,179.7810918,-4.400057353,6.986798807,-1.180910232,0.687141354,0.56252913,-0.716299282,-28.99125481,75.93005676,72.09055824,-52.10512276,-67.71400268,84.91184692,19.80158271,1,1
128.0054841,9,1572266700,AUT,FALSE,TRUE,TRUE,715.7108765,-30.07711645,180.5365041,-179.8340318,0.112432148,179.7669228,-3.428222802,4.718517829,0.16598011,0.115117895,0.082787554,-0.774750463,-27.38269501,75.91726456,72.12375068,-52.09917641,-67.71854003,84.90614433,21.41427269,1,1
128.1061001,9,1572266700,AUT,FALSE,TRUE,TRUE,716.454276,-7.634177408,180.3509808,-179.8028977,0.124124573,179.7667591,-4.445135681,8.72200434,-0.5635268,1.044799571,0.351641318,-0.74339131,-25.58025741,75.92378425,72.09621276,-52.08220596,-67.71837524,84.87118034,23.1845787,1,1
128.2066631,9,1572266700,AUT,FALSE,TRUE,TRUE,716.3488527,16.67267475,180.2661831,-179.9049242,0.11146251,179.7577007,-1.086160053,4.425457096,-0.580885905,0.260351109,-0.20221409,-0.649526651,-23.62837486,75.93721848,72.09461975,-52.06437034,-67.71829284,84.87210388,25.20769043,1,1
128.3072002,9,1572266700,AUT,FALSE,TRUE,TRUE,716.3488527,16.67267475,180.2661831,-179.9049242,0.11146251,179.7577007,-1.086160053,4.425457096,-0.580885905,0.260351109,-0.20221409,-0.649526651,-21.71607056,75.93941231,72.06112518,-52.05080223,-67.71966064,84.90402259,27.05313263,1,1
128.407732,9,1572266700,AUT,FALSE,TRUE,TRUE,715.3218186,40.17170483,180.0885797,-179.8757428,0.064900381,179.8028274,0.019606736,2.265941295,-0.425730501,-0.171217853,-0.522304127,-0.485401673,-21.71607056,75.93941231,72.06112518,-52.05080223,-67.71966064,84.90402259,27.05313263,1,1
128.508265,9,1572266701,AUT,FALSE,TRUE,TRUE,713.4160572,59.29703514,179.7515263,-179.976061,-0.090931212,179.9381863,1.870244097,0.361074978,-0.823489137,-0.120834929,-0.221651958,-0.041415747,-20.11745681,75.9373764,71.992416,-52.05283813,-67.72021545,85.03637352,28.75059929,1,1
128.6087551,9,1572266701,AUT,FALSE,TRUE,TRUE,710.9990367,68.409359,179.6097732,179.9491006,-0.327276132,-179.8095431,9.428045128,-4.072512969,-1.375929964,-0.314033977,-0.557306459,0.278909566,-19.30846481,75.86734543,71.88938141,-52.22912407,-67.71810607,85.27418976,29.71647606,1,1
128.709286,9,1572266701,AUT,FALSE,TRUE,TRUE,705.6915292,70.28316558,180.212397,-179.9738664,-0.62015631,-179.7654358,12.5288842,-1.717888974,-0.915458679,0.240001661,-0.505337887,-0.073198248,-19.65992431,75.58854675,71.99095344,-53.42804146,-67.55610168,85.35214119,30.39776916,1,1
128.809901,9,1572266701,AUT,FALSE,TRUE,TRUE,705.6915292,70.28316558,180.212397,-179.9738664,-0.62015631,-179.7654358,12.5288842,-1.717888974,-0.915458679,0.240001661,-0.505337887,-0.073198248,-19.65992431,75.58854675,71.99095344,-53.42804146,-67.55610168,85.35214119,30.39776916,1,1
128.91062,9,1572266701,AUT,FALSE,TRUE,TRUE,693.819466,73.18405516,180.0386645,-179.9442995,-0.764597757,-179.7653752,13.69140201,1.624004408,0.006343717,1.018530845,-0.058053636,-0.165798367,-20.89393272,74.96127548,72.26287193,-56.63313446,-67.42920959,84.86146774,32.12510147,1,1
129.0113471,9,1572266701,AUT,FALSE,TRUE,TRUE,693.819466,73.18405516,180.0386645,-179.9442995,-0.764597757,-179.7653752,13.69140201,1.624004408,0.006343717,1.018530845,-0.058053636,-0.165798367,-20.89393272,74.96127548,72.26287193,-56.63313446,-67.42920959,84.86146774,32.12510147,1,1
129.112072,9,1572266701,AUT,FALSE,TRUE,TRUE,663.2310227,82.73257056,174.7391739,-179.9457536,-0.657220948,-179.7171365,4.796166695,1.017067547,0.284178891,1.056882141,0.179226715,0.065574891,-23.20294647,73.80258522,72.55126304,-63.38894004,-67.33017333,82.59961967,37.09382973,1,1
129.2125971,9,1572266701,AUT,FALSE,TRUE,TRUE,635.6946598,83.01733336,171.3611429,-179.9450183,-0.325571769,-179.6537412,-1.857346058,-0.234752894,-2.733231621,0.541740255,0.449528579,-0.302757559,-26.82214507,72.00156898,72.76598052,-72.30288963,-67.32597656,80.44606933,40.64509506,1,1
129.313189,9,1572266701,AUT,FALSE,TRUE,TRUE,635.6946598,83.01733336,171.3611429,-179.9450183,-0.325571769,-179.6537412,-1.857346058,-0.234752894,-2.733231621,0.541740255,0.449528579,-0.302757559,-26.82214507,72.00156898,72.76598052,-72.30288963,-67.32597656,80.44606933,40.64509506,1,1
129.413774,9,1572266701,AUT,FALSE,TRUE,TRUE,617.3990458,79.41612643,172.4089075,-179.7255888,-0.002572432,-179.9241011,-12.86983065,11.08945292,1.801173613,1.543505822,1.594306123,-1.430553099,-29.37300224,70.81479492,73.25002784,-77.14237404,-67.18330261,79.00191307,42.35904464,1,1
129.5143151,9,1572266702,AUT,FALSE,TRUE,TRUE,617.3990458,79.41612643,172.4089075,-179.7255888,-0.002572432,-179.9241011,-12.86983065,11.08945292,1.801173613,1.543505822,1.594306123,-1.430553099,-29.37300224,70.81479492,73.25002784,-77.14237404,-67.18330261,79.00191307,42.35904464,1,1
129.614938,9,1572266702,AUT,FALSE,TRUE,TRUE,609.004055,83.06544774,174.2720283,-179.682976,0.17226265,179.8600194,-14.09543066,13.53708227,2.273640116,1.475841496,1.658385445,-1.699871672,-30.19213943,70.19380989,73.63535271,-79.1707386,-67.0510382,78.44627609,43.49839554,1,1
129.715486,9,1572266702,AUT,FALSE,TRUE,TRUE,609.5775649,95.5100351,173.2434373,-179.6474366,0.169744532,179.6660527,-8.883021361,16.33625876,2.830858285,1.829804176,0.818791024,-1.666527465,-28.93791275,70.40922432,73.59054909,-78.70791206,-67.03993652,78.38277168,44.33127251,1,1
129.8160062,9,1572266702,AUT,FALSE,TRUE,TRUE,610.8718671,116.8454316,170.0613123,-179.7736738,0.161726575,179.5932928,-7.595635278,15.17125928,2.207959928,1.377119203,1.035267318,-1.260305366,-26.52588501,70.90759506,73.35337829,-77.6940834,-67.23120849,78.36456528,45.92337341,1,1
129.91663,9,1572266702,AUT,FALSE,TRUE,TRUE,610.8718671,116.8454316,170.0613123,-179.7736738,0.161726575,179.5932928,-7.595635278,15.17125928,2.207959928,1.377119203,1.035267318,-1.260305366,-23.32651519,71.55885429,73.01900253,-75.92528114,-67.48996948,78.52582397,47.48923073,1,1
130.01719,9,1572266702,AUT,FALSE,TRUE,TRUE,613.84512,142.8556973,167.1262676,-179.8019266,0.217088069,179.6128701,-7.038090104,12.37101662,-0.275942115,1.030968034,0.813048522,-0.931695402,-23.32651519,71.55885429,73.01900253,-75.92528114,-67.48996948,78.52582397,47.48923073,1,1
130.1176932,9,1572266702,AUT,FALSE,TRUE,TRUE,618.1480524,169.1462521,168.2576942,-179.8951967,0.163908073,179.6614724,-2.016972001,7.17929035,-1.155041866,0.234401773,0.123418394,-0.518062064,-19.88713188,72.12283058,72.90510864,-73.35683555,-67.53187683,79.27250289,48.66956749,1,1
130.2182212,9,1572266702,AUT,FALSE,TRUE,TRUE,618.1480524,169.1462521,168.2576942,-179.8951967,0.163908073,179.6614724,-2.016972001,7.17929035,-1.155041866,0.234401773,0.123418394,-0.518062064,-19.88713188,72.12283058,72.90510864,-73.35683555,-67.53187683,79.27250289,48.66956749,1,1
130.3187702,9,1572266702,AUT,FALSE,TRUE,TRUE,622.9311658,207.4911641,174.8516254,-179.9424393,0.010961948,179.8328693,3.201641167,3.391616999,1.218579744,-0.277600436,-0.362563803,-0.196079539,-15.61154823,72.54539223,72.94721374,-69.82823295,-67.37852416,80.88659706,49.97966995,1,1
130.419322,9,1572266702,AUT,FALSE,TRUE,TRUE,622.9311658,207.4911641,174.8516254,-179.9424393,0.010961948,179.8328693,3.201641167,3.391616999,1.218579744,-0.277600436,-0.362563803,-0.196079539,-15.61154823,72.54539223,72.94721374,-69.82823295,-67.37852416,80.88659706,49.97966995,1,1
130.5201602,9,1572266703,AUT,FALSE,TRUE,TRUE,619.5182613,239.5001159,176.3281078,-179.9698163,-0.09841007,179.8804791,5.545920395,3.48613506,0.191310517,0.405346547,-0.745284599,-0.127277685,-11.06659011,72.92300606,72.79008178,-67.06028251,-67.22265014,81.5612503,51.79156952,1,1
130.6210191,9,1572266703,AUT,FALSE,TRUE,TRUE,619.5182613,239.5001159,176.3281078,-179.9698163,-0.09841007,179.8804791,5.545920395,3.48613506,0.191310517,0.405346547,-0.745284599,-0.127277685,-9.143230819,73.02372665,72.57347946,-67.02553825,-67.26370605,81.59484787,53.73592643,1,1
130.7217691,9,1572266703,AUT,FALSE,TRUE,TRUE,611.6433909,257.6652767,174.2308574,179.8582383,-0.199375782,-179.7994349,3.448720511,-3.276227489,-0.476395203,-0.294118377,0.220940298,0.59562399,-9.143230819,73.02372665,72.57347946,-67.02553825,-67.26370605,81.59484787,53.73592643,1,1
130.8224051,9,1572266703,AUT,FALSE,TRUE,TRUE,600.9241549,265.2977047,171.5868129,179.9825805,-0.524720002,-179.7526587,9.430905141,2.302733423,1.152314501,0.888248045,0.047827286,0.346962989,-8.744818494,72.89351463,72.53141899,-68.36612778,-67.13008483,81.36792183,55.20314369,1,1
130.9230421,9,1572266703,AUT,FALSE,TRUE,TRUE,600.9241549,265.2977047,171.5868129,179.9825805,-0.524720002,-179.7526587,9.430905141,2.302733423,1.152314501,0.888248045,0.047827286,0.346962989,-8.744818494,72.89351463,72.53141899,-68.36612778,-67.13008483,81.36792183,55.20314369,1,1
131.0236061,9,1572266703,AUT,FALSE,TRUE,TRUE,579.0774814,272.8644293,165.6647743,179.9348219,-0.640331354,-179.6721545,7.18493067,1.609739154,0.181077978,0.900621055,0.492733058,0.593203542,-9.215386963,72.41842117,72.55408516,-72.46835746,-67.22400146,80.13903236,58.49860954,1,1
131.124244,9,1572266703,AUT,FALSE,TRUE,TRUE,550.4120748,277.8611996,160.188241,179.9257658,-0.558638116,-179.629072,3.532996244,2.004593158,-1.801267447,0.975050235,0.74415734,0.503977692,-10.25069732,71.40895614,72.57917862,-78.09088211,-67.35910034,78.34115066,62.60091476,1,1
131.224792,9,1572266703,AUT,FALSE,TRUE,TRUE,550.4120748,277.8611996,160.188241,179.9257658,-0.558638116,-179.629072,3.532996244,2.004593158,-1.801267447,0.975050235,0.74415734,0.503977692,-10.25069732,71.40895614,72.57917862,-78.09088211,-67.35910034,78.34115066,62.60091476,1,1
131.3252852,9,1572266703,AUT,FALSE,TRUE,TRUE,527.5926658,276.763967,159.0499984,179.9524051,-0.40038034,-179.5366326,1.007747053,0.858757477,-0.71500973,0.666559347,0.962716585,0.260110933,-11.50623893,70.22928199,72.74346542,-82.80363579,-67.38804931,77.00615043,65.57609825,1,1
131.4258392,9,1572266704,AUT,FALSE,TRUE,TRUE,506.6211557,272.6605745,159.0358228,-179.970319,-0.416081823,-179.5875002,0.172179317,2.344952862,0.891508269,0.740645495,0.705559914,-0.09604923,-13.00907593,69.06069717,73.08340644,-87.13603935,-67.21848083,75.84068984,67.96305999,1,1
131.5264292,9,1572266704,AUT,FALSE,TRUE,TRUE,506.6211557,272.6605745,159.0358228,-179.970319,-0.416081823,-179.5875002,0.172179317,2.344952862,0.891508269,0.740645495,0.705559914,-0.09604923,-13.00907593,69.06069717,73.08340644,-87.13603935,-67.21848083,75.84068984,67.96305999,1,1
131.62695,9,1572266704,AUT,FALSE,TRUE,TRUE,482.9274576,265.2526859,156.0067875,-179.9584733,-0.356443246,-179.6236262,-2.854314195,4.240936866,2.586291074,0.825724381,1.367268004,-0.308518878,-14.87505569,67.7854454,73.22398681,-92.18308983,-67.23628967,74.113694,70.61344986,1,1
137.6900382,10,1572266710,AUT,FALSE,FALSE,TRUE,471.9704806,-399.9915864,169.9931881,-179.9917001,-0.009667619,-179.9988492,-1.005724771,0.43892663,0.747917353,-0.072240021,0.181808839,0.082482822,-77.56848221,70.69696312,73.21349487,-78.18017693,-67.22551208,78.52628746,-4.591423419,0.5,1
137.790832,10,1572266710,AUT,FALSE,TRUE,TRUE,471.7003959,-400.1369705,169.9881192,179.9882341,-0.062749674,179.9999526,0.660093062,-1.176199712,1.571311703,-0.157067585,0.134730481,0.300529446,-77.57701034,70.69728584,73.21093368,-78.17538071,-67.22684143,78.56916847,-4.5920414,1,1
137.891413,10,1572266710,AUT,FALSE,TRUE,TRUE,471.7003959,-400.1369705,169.9881192,179.9882341,-0.062749674,179.9999526,0.660093062,-1.176199712,1.571311703,-0.157067585,0.134730481,0.300529446,-77.66275863,70.69765663,73.21044273,-78.1127964,-67.23123046,78.47427406,-4.700418094,1,1
137.9920981,10,1572266710,AUT,FALSE,TRUE,TRUE,471.640882,-401.2759175,170.1561928,179.9666052,0.068987541,-179.9731015,-4.238414116,-0.007043622,1.771480186,0.121556041,0.487177704,0.211314074,-77.66275863,70.69765663,73.21044273,-78.1127964,-67.23123046,78.47427406,-4.700418094,1,1
138.0926521,10,1572266710,AUT,FALSE,TRUE,TRUE,475.4372843,-399.2070127,170.7494158,-179.954406,0.259001544,-179.9185136,-8.469843033,0.414532316,1.410909035,0.269610571,0.549077782,-0.16307245,-77.25458564,70.69900246,73.2124855,-77.90477028,-67.23126892,78.36742515,-4.526384356,1,1
138.1932201,10,1572266710,AUT,FALSE,TRUE,TRUE,485.1581501,-393.2090668,171.4108252,-179.9407829,0.407581163,-179.933348,-11.77208261,-0.594393451,1.545078261,0.219572827,0.847759145,-0.257515542,-75.98980522,70.83729286,73.21589469,-77.17922973,-67.23052734,78.45790786,-3.925130081,1,1
138.2938261,10,1572266710,AUT,FALSE,TRUE,TRUE,500.0533996,-387.6048136,171.9426137,-179.9706592,0.519849695,-179.9202409,-11.77208261,-0.594393451,1.545078261,0.219572827,0.847759145,-0.257515542,-73.94107475,71.31172028,73.21255416,-75.39851418,-67.35505187,78.889468,-3.432043081,1,1
138.3943911,10,1572266710,AUT,FALSE,TRUE,TRUE,500.0533996,-387.6048136,171.9426137,-179.9706592,0.519849695,-179.9202409,-12.58705419,-2.494141529,0.947868822,0.160349828,1.250104748,-0.152277283,-73.94107475,71.31172028,73.21255416,-75.39851418,-67.35505187,78.889468,-3.432043081,1,1
138.4949472,10,1572266711,AUT,FALSE,TRUE,TRUE,518.6860764,-386.1415023,173.4239042,-179.9800949,0.532788668,-179.8570359,-9.903547001,-3.744882047,1.477338825,-0.031279736,0.572681361,0.045423008,-71.29874611,72.07897109,73.19864959,-72.1534275,-67.62275573,79.8252285,-3.679867175,1,1
138.5954981,10,1572266711,AUT,FALSE,TRUE,TRUE,538.2708853,-388.3586841,174.3066265,179.9981292,0.504011336,-179.8638769,-5.629052075,-1.858258345,-0.036530712,0.161977772,0.053081616,-0.025781282,-68.35684776,73.00198746,72.9410511,-67.87403297,-67.73366271,80.88168754,-4.698279194,1,1
138.696054,10,1572266711,AUT,FALSE,TRUE,TRUE,557.3198532,-390.3472245,174.1230165,-179.9826708,0.419039118,-179.8938468,-2.930186658,0.428124834,0.807914584,0.358805979,-0.060883968,-0.057404415,-65.36042289,73.97939644,72.59332351,-63.39921226,-67.81024841,81.89078178,-5.913511281,1,1
138.796638,10,1572266711,AUT,FALSE,TRUE,TRUE,557.3198532,-390.3472245,174.1230165,-179.9826708,0.419039118,-179.8938468,-2.930186658,0.428124834,0.807914584,0.358805979,-0.060883968,-0.057404415,-65.36042289,73.97939644,72.59332351,-63.39921226,-67.81024841,81.89078178,-5.913511281,1,1
138.897217,10,1572266711,AUT,FALSE,TRUE,TRUE,575.9951888,-391.0583547,172.9681282,-179.9857522,0.335736737,-179.9137164,-0.548230577,0.206573598,1.143455567,0.148052094,-0.479685057,-0.008730563,-62.28680878,75.01783104,72.21488914,-58.88383484,-67.941557,82.81697388,-7.086511231,1,1
138.9977691,10,1572266711,AUT,FALSE,TRUE,TRUE,590.4308028,-392.3357786,171.6162386,179.9823615,0.141581382,-179.9088981,8.541757055,-0.16745131,-1.596262469,0.245030224,-1.627653013,0.070475187,-59.73402901,75.93699531,71.88129272,-54.87718277,-68.09226745,83.69190101,-8.236103444,1,1
139.0982921,10,1572266711,AUT,FALSE,TRUE,TRUE,599.6240239,-394.7552995,171.462763,-179.9578947,0.010097505,179.9987162,10.5460895,4.192588414,-2.000700664,0.575588314,-1.656783079,-0.078673471,-57.9622364,76.60872344,71.73075256,-51.79684982,-68.14883605,84.45856133,-9.438114169,1,1
139.1988702,10,1572266711,AUT,FALSE,TRUE,TRUE,599.6240239,-394.7552995,171.462763,-179.9578947,0.010097505,179.9987162,10.5460895,4.192588414,-2.000700664,0.575588314,-1.656783079,-0.078673471,-57.01946525,76.86327667,71.76022682,-50.3069458,-68.15602661,84.94610366,-9.926085669,1,1
139.299458,10,1572266711,AUT,FALSE,TRUE,TRUE,604.6057477,-394.0990579,172.6336783,-179.8702201,-0.0568365,179.9209305,9.248323201,7.640731733,-0.999521059,1.114448394,-1.398304705,-0.434251226,-57.01946525,76.86327667,71.76022682,-50.3069458,-68.15602661,84.94610366,-9.926085669,1,1
139.4005191,10,1572266711,AUT,FALSE,TRUE,TRUE,608.0898384,-386.6505642,174.260356,-179.7920999,-0.069834818,179.810678,1.521085524,5.169172311,-1.694863336,0.43984557,0.11192854,-0.911655067,-56.53303184,76.77920723,71.98608513,-50.50500183,-68.15189025,85.12191925,-9.276034931,1,1
139.501219,10,1572266712,AUT,FALSE,TRUE,TRUE,611.7457458,-374.7085165,176.6843038,-179.7859824,-0.085635754,179.8066232,0.082974082,3.922289653,-0.749774478,0.232968678,0.310427827,-0.975043653,-56.0833374,76.45521011,72.21359481,-51.46224746,-68.12733032,85.15506363,-7.8805584,1,1
139.6020482,10,1572266712,AUT,FALSE,TRUE,TRUE,614.9147052,-358.3273392,178.7737651,-179.7677841,-0.203643514,179.7758766,1.918710252,5.07723144,-0.486477232,0.567034197,0.314623457,-0.967163542,-55.63407897,76.01325073,72.43695373,-53.05686492,-68.04000549,85.13591652,-5.913240056,1,1
139.7025831,10,1572266712,AUT,FALSE,TRUE,TRUE,614.9147052,-358.3273392,178.7737651,-179.7677841,-0.203643514,179.7758766,1.918710252,5.07723144,-0.486477232,0.567034197,0.314623457,-0.967163542,-55.63407897,76.01325073,72.43695373,-53.05686492,-68.04000549,85.13591652,-5.913240056,1,1
139.8032041,10,1572266712,AUT,FALSE,TRUE,TRUE,617.1972673,-338.4245371,179.7294629,-179.7843095,-0.213181668,179.7853419,2.974006346,3.913634272,-0.473486543,0.368062897,0.091300886,-0.93552047,-55.30883216,75.47087288,72.67800064,-55.46016884,-67.97389526,84.75773964,-3.289869694,1,1
139.9038281,10,1572266712,AUT,FALSE,TRUE,TRUE,617.6119502,-314.1173257,179.2521018,-179.7776852,-0.211894408,179.7636683,1.619301098,4.835469208,0.47453089,0.51700056,0.407427396,-0.917133893,-55.14466896,74.89121017,72.95090789,-58.64697647,-67.92864257,84.09311485,-0.01796265,1,1
140.0044172,10,1572266712,AUT,FALSE,TRUE,TRUE,617.6119502,-314.1173257,179.2521018,-179.7776852,-0.211894408,179.7636683,1.619301098,4.835469208,0.47453089,0.51700056,0.407427396,-0.917133893,-55.14466896,74.89121017,72.95090789,-58.64697647,-67.92864257,84.09311485,-0.01796265,1,1
140.105011,10,1572266712,AUT,FALSE,TRUE,TRUE,615.6920009,-281.1254675,177.547184,-179.7713482,-0.183504752,179.7127183,-0.056858757,4.313628451,-0.030913405,0.255846155,0.259052596,-0.90439389,-54.98599548,74.14623069,73.34819755,-63.23271103,-67.91899658,83.09299507,4.41495895,1,1
140.205596,10,1572266712,AUT,FALSE,TRUE,TRUE,615.6920009,-281.1254675,177.547184,-179.7713482,-0.183504752,179.7127183,-0.056858757,4.313628451,-0.030913405,0.255846155,0.259052596,-0.90439389,-54.98599548,74.14623069,73.34819755,-63.23271103,-67.91899658,83.09299507,4.41495895,1,1
140.3061371,10,1572266712,AUT,FALSE,TRUE,TRUE,611.5254246,-234.7747006,176.4950547,-179.7700949,-0.046874473,179.7020355,-3.627558927,4.475659069,-2.178690796,0.377370985,0.529889793,-0.928676464,-54.55346718,73.25869674,73.77680854,-69.04521331,-67.91805175,81.70920868,10.567416,1,1
140.406708,10,1572266712,AUT,FALSE,TRUE,TRUE,611.5254246,-234.7747006,176.4950547,-179.7700949,-0.046874473,179.7020355,-3.627558927,4.475659069,-2.178690796,0.377370985,0.529889793,-0.928676464,-53.19918938,72.16406708,74.41026306,-73.11221466,-67.84092773,80.95353126,15.62293968,1,1
140.50737,10,1572266713,AUT,FALSE,TRUE,TRUE,608.6661132,-194.6513235,178.0259261,-179.7941061,0.022308518,179.707587,-5.496479413,4.877128019,0.374762768,0.559335558,0.956669983,-0.849411379,-53.19918938,72.16406708,74.41026306,-73.11221466,-67.84092773,80.95353126,15.62293968,1,1
140.607986,10,1572266713,AUT,FALSE,TRUE,TRUE,607.4323368,-149.2316751,178.6503841,-179.8264122,0.028295632,179.7147364,-5.496479413,4.877128019,0.374762768,0.559335558,0.956669983,-0.849411379,-50.82952766,71.27224159,74.6371376,-76.35037651,-67.61142883,80.18877983,20.96674461,1,1
140.7085881,10,1572266713,AUT,FALSE,TRUE,TRUE,607.4323368,-149.2316751,178.6503841,-179.8264122,0.028295632,179.7147364,-4.360316511,2.977203241,0.718729364,0.605932623,1.138366641,-0.835467321,-50.82952766,71.27224159,74.6371376,-76.35037651,-67.61142883,80.18877983,20.96674461,1,1
140.8091261,10,1572266713,AUT,FALSE,TRUE,TRUE,608.8323786,-106.8526327,176.9865025,-179.8238105,-0.047425168,179.7866193,-3.070338771,1.458545794,1.128656706,-0.313406739,0.717112527,-0.565676015,-47.80798874,70.87721099,74.55529976,-78.04831009,-67.5265924,79.65328216,25.56779823,1,1
140.9096591,10,1572266713,AUT,FALSE,TRUE,TRUE,608.8323786,-106.8526327,176.9865025,-179.8238105,-0.047425168,179.7866193,-3.070338771,1.458545794,1.128656706,-0.313406739,0.717112527,-0.565676015,-47.80798874,70.87721099,74.55529976,-78.04831009,-67.5265924,79.65328216,25.56779823,1,1
141.010452,10,1572266713,AUT,FALSE,TRUE,TRUE,611.0489389,-84.84570175,175.2146688,-179.981981,-0.090484396,179.9764651,0.518810943,-3.269845553,0.40239459,-0.486829385,0.387542313,-0.01015068,-45.62907371,70.77238426,74.26086616,-78.37004814,-67.53122314,79.45757446,27.96593513,1,1
141.1112621,10,1572266713,AUT,FALSE,TRUE,TRUE,618.1924984,-79.27757586,173.504059,-179.9510048,0.306098196,-179.8930548,0.518810943,-3.269845553,0.40239459,-0.486829385,0.387542313,-0.01015068,-44.36642876,70.79552421,73.6300827,-77.44869003,-67.53774902,78.93296699,28.08055343,1,1
141.211904,10,1572266713,AUT,FALSE,TRUE,TRUE,618.1924984,-79.27757586,173.504059,-179.9510048,0.306098196,-179.8930548,-9.177336102,-0.105879579,0.610199334,-0.005677216,0.475590159,-0.212869179,-44.36642876,70.79552421,73.6300827,-77.44869003,-67.53774902,78.93296699,28.08055343,1,1
141.31249,10,1572266713,AUT,FALSE,TRUE,TRUE,632.8593309,-82.73869129,172.7029882,-179.9980672,0.452812976,-179.9457685,-10.8212543,1.216589108,0.45320796,0.148165772,0.462513472,-0.194155928,-42.81510429,71.52271271,73.09945678,-74.09126816,-67.53088256,79.36147156,26.49697036,1,1
141.413028,10,1572266713,AUT,FALSE,TRUE,TRUE,649.7131289,-88.54122939,172.4956647,-179.9371571,0.435988095,-179.9893853,-8.333157705,4.604796672,0.841157472,0.350844948,0.338649352,-0.323866179,-41.09113311,72.49392127,72.70508194,-69.87885246,-67.5597821,80.25523681,24.1874897,1,1
141.5135171,10,1572266714,AUT,FALSE,TRUE,TRUE,649.7131289,-88.54122939,172.4956647,-179.9371571,0.435988095,-179.9893853,-8.333157705,4.604796672,0.841157472,0.350844948,0.338649352,-0.323866179,-41.09113311,72.49392127,72.70508194,-69.87885246,-67.5597821,80.25523681,24.1874897,1,1
141.6140752,10,1572266714,AUT,FALSE,TRUE,TRUE,667.3213045,-92.99918332,172.659733,-179.9780222,0.435035578,179.9714413,-8.034159649,4.665194038,0.599241162,0.626608702,0.613403892,-0.145387854,-39.05112991,73.57182083,72.44956054,-65.24041099,-67.69853942,81.29107589,21.99596786,1,1
141.7146051,10,1572266714,AUT,FALSE,TRUE,TRUE,683.0105559,-94.99445929,172.9292754,179.9747684,0.219714662,179.9340151,-0.471234174,5.811613781,0.887712234,0.56572088,0.070253679,0.023409818,-36.83032608,74.60830192,72.23870544,-60.65767364,-67.78267272,82.50864257,19.99779854,1,1
141.8151951,10,1572266714,AUT,FALSE,TRUE,TRUE,694.7138846,-91.55871749,171.9955929,179.9813572,0.097373258,179.8382535,4.091999408,6.506580146,0.468488755,0.367527757,-0.464035204,0.117791747,-34.83476944,75.43666419,72.07128067,-57.24320526,-67.8565393,83.28724365,18.85261803,1,1
141.9157751,10,1572266714,AUT,FALSE,TRUE,TRUE,694.7138846,-91.55871749,171.9955929,179.9813572,0.097373258,179.8382535,4.091999408,6.506580146,0.468488755,0.367527757,-0.464035204,0.117791747,-34.83476944,75.43666419,72.07128067,-57.24320526,-67.8565393,83.28724365,18.85261803,1,1
142.016356,10,1572266714,AUT,FALSE,TRUE,TRUE,702.5763493,-80.52766887,170.6025134,-179.9306928,0.124466481,179.7510793,2.338758233,5.697227239,-0.434328046,-0.093585499,-0.801855559,-0.209062603,-32.97712554,76.01063461,72.02836189,-55.28509826,-68.01132019,83.58168754,18.84648628,1,1
142.116905,10,1572266714,AUT,FALSE,TRUE,TRUE,707.6672916,-62.93237147,169.634096,-179.8540778,0.125371354,179.691755,-2.164577723,9.953122127,-0.356840268,0.808940011,0.015460585,-0.387084564,-31.08179512,76.33413391,72.02362404,-54.27023277,-68.10675842,83.72020111,19.77444992,1,1
142.2175062,10,1572266714,AUT,FALSE,TRUE,TRUE,710.4230799,-38.90886601,168.7694049,-179.8955933,0.092174172,179.6618259,-2.136218036,8.421317608,1.130741872,0.512103983,0.115108877,-0.460872476,-28.99238434,76.48742409,72.01476974,-53.92038002,-68.14713867,83.75367508,21.60335769,1,1
142.318089,10,1572266714,AUT,FALSE,TRUE,TRUE,711.643387,-10.56924647,168.1591503,-179.8641947,0.11385539,179.6391477,-4.140034195,9.378660703,0.149950055,0.72963002,0.517286128,-0.595567588,-26.71775436,76.55314636,72.01605377,-53.90137024,-68.1905072,83.68638725,23.83806266,1,1
142.4187331,10,1572266714,AUT,FALSE,TRUE,TRUE,711.643387,-10.56924647,168.1591503,-179.8641947,0.11385539,179.6391477,-4.140034195,9.378660703,0.149950055,0.72963002,0.517286128,-0.595567588,-26.71775436,76.55314636,72.01605377,-53.90137024,-68.1905072,83.68638725,23.83806266,1,1
142.5193882,10,1572266715,AUT,FALSE,TRUE,TRUE,711.4125995,21.23815864,167.946009,-179.8222041,0.08401602,179.6355835,-4.613246617,9.575704382,0.677715103,0.591999001,0.476833606,-0.693881575,-24.16752204,76.57152099,72.00931434,-53.89137268,-68.1961322,83.68509979,26.35323143,1,1
142.620465,10,1572266715,AUT,FALSE,TRUE,TRUE,709.5519397,53.25598952,167.3844869,-179.8998281,-0.00126101,179.7136321,0.053311894,2.648158256,0.588265212,-0.372756056,-0.178033051,-0.387184332,-21.53512573,76.59575958,71.95790863,-53.88137855,-68.20722839,83.71708717,29.01401367,1,1
142.7211261,10,1572266715,AUT,FALSE,TRUE,TRUE,709.5519397,53.25598952,167.3844869,-179.8998281,-0.00126101,179.7136321,0.053311894,2.648158256,0.588265212,-0.372756056,-0.178033051,-0.387184332,-19.46729965,76.59560508,71.70183105,-53.94851875,-68.20867309,83.98802719,31.21297531,1,1
142.8218131,10,1572266715,AUT,FALSE,TRUE,TRUE,705.8044698,76.28040429,165.8013943,179.9216171,-0.441086706,-179.8366739,10.3534686,-5.815993068,0.983837668,-0.594318196,-0.232139406,0.653206917,-19.46729965,76.59560508,71.70183105,-53.94851875,-68.20867309,83.98802719,31.21297531,1,1
142.9223881,10,1572266715,AUT,FALSE,TRUE,TRUE,697.6239323,89.40843059,161.7661289,179.9147272,-0.787053521,-179.720345,15.87235787,-3.9475157,0.690620917,-0.074436523,-0.218466822,0.673845985,-18.89688949,76.5279293,71.52464218,-55.46327934,-68.12628662,83.7972599,33.11012191,1,1
143.0230281,10,1572266715,AUT,FALSE,TRUE,TRUE,684.5695516,94.47960266,158.4078709,179.9186289,-0.895725295,-179.7001381,15.69398523,-0.506830132,-1.711816127,0.438012208,-0.267559424,0.645753157,-19.97606621,76.05416794,71.58982544,-59.00724563,-68.12744567,82.92788773,35.31375274,1,1
143.123616,10,1572266715,AUT,FALSE,TRUE,TRUE,663.7064275,99.62708817,157.110633,179.9613337,-0.796299753,-179.7244337,10.85997911,-1.385403781,-2.573484523,0.16950589,-0.31735187,0.40669862,-21.94539642,74.99445419,71.87382545,-64.57718353,-68.13059326,81.58043174,38.46912918,1,1
143.2241421,10,1572266715,AUT,FALSE,TRUE,TRUE,663.7064275,99.62708817,157.110633,179.9613337,-0.796299753,-179.7244337,10.85997911,-1.385403781,-2.573484523,0.16950589,-0.31735187,0.40669862,-21.94539642,74.99445419,71.87382545,-64.57718353,-68.13059326,81.58043174,38.46912918,1,1
143.3246431,10,1572266715,AUT,FALSE,TRUE,TRUE,635.1769229,104.995877,160.9047208,-179.8565148,-0.243079453,-179.8963579,-8.586046698,11.60477174,0.168742276,1.882729957,1.644965346,-0.656137626,-24.80770225,73.08794861,72.57657966,-72.06459961,-68.1043634,79.72808533,42.49672737,1,1
143.4252322,10,1572266716,AUT,FALSE,TRUE,TRUE,619.5921544,110.3361684,164.694088,-179.7603654,0.073324945,179.9434852,-18.2932869,12.99807392,3.737671575,1.455191998,2.419979671,-1.362601948,-26.04570007,71.88423156,73.01334457,-75.83191452,-67.87724853,78.78652267,44.66565513,1,1
143.5257621,10,1572266716,AUT,FALSE,TRUE,TRUE,619.5921544,110.3361684,164.694088,-179.7603654,0.073324945,179.9434852,-18.2932869,12.99807392,3.737671575,1.455191998,2.419979671,-1.362601948,-26.04570007,71.88423156,73.01334457,-75.83191452,-67.87724853,78.78652267,44.66565513,1,1
143.6263111,10,1572266716,AUT,FALSE,TRUE,TRUE,615.3150031,118.8258443,165.1535089,-179.6376094,0.216005018,179.7798191,-16.00147257,15.45481786,4.205603098,1.297936352,1.923574798,-1.845921597,-25.69714164,71.53568001,72.97415771,-76.67777252,-67.68953613,78.32148857,45.62345352,1,1
143.7268381,10,1572266716,AUT,FALSE,TRUE,TRUE,615.606142,143.4128291,163.3160577,-179.670629,0.118156278,179.5691242,-16.00147257,15.45481786,4.205603098,1.297936352,1.923574798,-1.845921597,-23.14250106,71.9977787,72.86748046,-75.50093078,-67.69157409,78.43003349,47.21331596,1,1
143.8274291,10,1572266716,AUT,FALSE,TRUE,TRUE,615.606142,143.4128291,163.3160577,-179.670629,0.118156278,179.5691242,-7.341804153,15.13661205,0.818437859,0.963579019,0.438770053,-1.27422449,-23.14250106,71.9977787,72.86748046,-75.50093078,-67.69157409,78.43003349,47.21331596,1,1
143.9279182,10,1572266716,AUT,FALSE,TRUE,TRUE,614.5583614,187.5565403,163.4609526,-179.8610924,0.062063369,179.6314846,-2.713798412,9.00280234,-1.89634761,0.471869305,0.409030556,-0.60618689,-17.99612045,72.69553413,72.80818519,-72.95488014,-67.87824829,79.17091369,50.17630806,1,1
144.0284491,10,1572266716,AUT,FALSE,TRUE,TRUE,614.5583614,187.5565403,163.4609526,-179.8610924,0.062063369,179.6314846,-2.713798412,9.00280234,-1.89634761,0.471869305,0.409030556,-0.60618689,-17.99612045,72.69553413,72.80818519,-72.95488014,-67.87824829,79.17091369,50.17630806,1,1
144.1289911,10,1572266716,AUT,FALSE,TRUE,TRUE,613.6681809,222.1847863,166.2361603,-179.865981,0.062079371,179.7191666,-1.432701387,3.581273723,1.173858862,-0.394925425,0.09222746,-0.439822284,-13.95295258,73.02341423,72.73317261,-70.49771919,-67.82625549,79.94797325,52.02466507,1,1
144.2295511,10,1572266716,AUT,FALSE,TRUE,TRUE,613.6681809,222.1847863,166.2361603,-179.865981,0.062079371,179.7191666,-1.432701387,3.581273723,1.173858862,-0.394925425,0.09222746,-0.439822284,-13.95295258,73.02341423,72.73317261,-70.49771919,-67.82625549,79.94797325,52.02466507,1,1
144.330363,10,1572266716,AUT,FALSE,TRUE,TRUE,609.8248659,251.3104622,166.4010456,179.9039969,-0.357276494,-179.863796,10.64154829,-3.550933174,2.098529283,-0.258024613,-0.66013122,0.812863456,-10.16019744,73.37421798,72.501725,-68.21285476,-67.641427,80.9231678,53.82393379,1,1
144.4310942,10,1572266717,AUT,FALSE,TRUE,TRUE,595.2758239,269.9992536,160.2975623,179.8452081,-0.558814283,-179.6678242,10.64154829,-3.550933174,2.098529283,-0.258024613,-0.66013122,0.812863456,-8.518211744,73.48680725,72.08825798,-69.40482673,-67.64201477,80.41597366,56.46116409,1,1
144.5319881,10,1572266717,AUT,FALSE,TRUE,TRUE,595.2758239,269.9992536,160.2975623,179.8452081,-0.558814283,-179.6678242,9.215867518,-5.009748292,-0.021136108,-0.382306245,0.113867116,1.069799637,-8.518211744,73.48680725,72.08825798,-69.40482673,-67.64201477,80.41597366,56.46116409,1,1
144.6325872,10,1572266717,AUT,FALSE,TRUE,TRUE,576.1458778,275.1642228,156.2957512,179.906486,-0.638530508,-179.6470838,9.596394389,-0.411493468,-1.638317218,0.528680603,0.028789424,0.798421927,-9.009867094,73.01866951,72.12635994,-72.90668793,-67.74953247,79.35392189,59.18951568,1,1
144.7331641,10,1572266717,AUT,FALSE,TRUE,TRUE,576.1458778,275.1642228,156.2957512,179.906486,-0.638530508,-179.6470838,9.596394389,-0.411493468,-1.638317218,0.528680603,0.028789424,0.798421927,-9.009867094,73.01866951,72.12635994,-72.90668793,-67.74953247,79.35392189,59.18951568,1,1
144.8337271,10,1572266717,AUT,FALSE,TRUE,TRUE,544.8353229,278.5226697,155.0083989,179.9635436,-0.615884056,-179.6192214,5.554065133,1.815725393,-1.433714625,0.732341096,0.582859425,0.484685711,-10.39187507,71.65404053,72.51027374,-79.15503502,-67.75211425,77.83586883,63.45303841,1,1
144.9342761,10,1572266717,AUT,FALSE,TRUE,TRUE,510.474357,278.4901634,155.9554009,-179.9490747,-0.343218218,-179.6602201,-2.300790421,4.927807995,-0.669233969,0.866978019,0.918953715,-0.095525237,-12.10378876,69.86359519,73.01100998,-85.80751076,-67.74061157,76.01906662,67.89751281,1,1
145.034822,10,1572266717,AUT,FALSE,TRUE,TRUE,510.474357,278.4901634,155.9554009,-179.9490747,-0.343218218,-179.6602201,-2.300790421,4.927807995,-0.669233969,0.866978019,0.918953715,-0.095525237,-12.10378876,69.86359519,73.01100998,-85.80751076,-67.74061157,76.01906662,67.89751281,1,1
145.1353302,10,1572266717,AUT,FALSE,TRUE,TRUE,486.4650531,274.1989906,157.316767,-179.9370565,-0.22483075,-179.6520633,-3.584232843,6.390874354,1.983254297,1.050488782,0.97913776,-0.397725175,-13.62447509,68.26448707,73.38484726,-90.81352386,-67.49824218,74.67775612,70.71743545,1,1
150.9495912,11,1572266723,AUT,FALSE,FALSE,TRUE,471.9714885,-400.0062663,169.9634258,-179.9946341,-0.007423082,-179.9977233,-0.774731043,-0.192591805,0.399525475,-0.091655325,0.158784999,0.185858949,-77.41220512,70.21790771,72.53937378,-78.18069878,-66.56716186,78.05812912,-4.790880206,0.5,1
151.0504632,11,1572266723,AUT,FALSE,TRUE,TRUE,471.7696683,-400.2796622,169.9935658,179.9782296,-0.014242024,-179.9965181,-1.296029038,0.202782487,0.297672115,-0.032328194,0.17963703,0.15682217,-77.43765221,70.21808624,72.54012222,-78.17099648,-66.56770019,78.06986046,-4.796905519,1,1
151.151294,11,1572266723,AUT,FALSE,TRUE,TRUE,472.0555439,-399.9608562,170.0056558,-179.9872034,-0.011943963,-179.9962102,-0.062324387,0.09321296,0.051726518,-0.123376705,-0.170730272,0.041915247,-77.40009613,70.21851539,72.54103203,-78.16807823,-66.56767822,78.06985359,-4.793599325,1,1
151.2520881,11,1572266723,AUT,FALSE,TRUE,TRUE,472.3579385,-399.953707,170.1030546,-179.9887513,0.001789244,-179.9884701,-0.182304736,0.580729418,0.130280977,-0.039459074,-0.140145508,0.04698526,-77.36390991,70.21883125,72.54098396,-78.12994537,-66.56764526,78.06987076,-4.7911377,1,1
151.352648,11,1572266723,AUT,FALSE,TRUE,TRUE,472.3579385,-399.953707,170.1030546,-179.9887513,0.001789244,-179.9884701,-0.182304736,0.580729418,0.130280977,-0.039459074,-0.140145508,0.04698526,-77.36390991,70.21883125,72.54098396,-78.12994537,-66.56764526,78.06987076,-4.7911377,1,1
151.4531491,11,1572266724,AUT,FALSE,TRUE,TRUE,472.4851318,-399.7820119,170.092019,-179.969747,-0.002039419,-179.9897366,-0.182304736,0.580729418,0.130280977,-0.039459074,-0.140145508,0.04698526,-77.34279213,70.21941833,72.54072647,-78.13068695,-66.56762878,78.07319069,-4.790313725,1,1
151.5537062,11,1572266724,AUT,FALSE,TRUE,TRUE,472.4851318,-399.7820119,170.092019,-179.969747,-0.002039419,-179.9897366,-0.175704243,0.110864411,0.484243137,-0.120532555,-0.155979058,0.012316052,-77.34279213,70.21941833,72.54072647,-78.13068695,-66.56762878,78.07319069,-4.790313725,1,1
151.6542931,11,1572266724,AUT,FALSE,TRUE,TRUE,472.3937153,-399.8849874,170.0904732,-179.982782,-0.005685776,-179.9903032,-0.333630263,0.292714249,0.359638556,-0.060813543,-0.056775619,0.047779989,-77.35285492,70.22059593,72.54063034,-78.12831459,-66.56765625,78.07736549,-4.790186694,1,1
151.7548361,11,1572266724,AUT,FALSE,TRUE,TRUE,472.3937153,-399.8849874,170.0904732,-179.982782,-0.005685776,-179.9903032,-0.333630263,0.292714249,0.359638556,-0.060813543,-0.056775619,0.047779989,-77.35285492,70.22059593,72.54063034,-78.12831459,-66.56765625,78.07736549,-4.790186694,1,1
151.8554201,11,1572266724,AUT,FALSE,TRUE,TRUE,472.4440323,-399.78296,169.9691413,-179.9753824,-0.007429364,179.9947978,0.152915368,0.257516166,0.344080976,-0.104979709,-0.145707881,0.039773066,-77.34561081,70.23196678,72.54075393,-78.12836952,-66.56767822,78.07600593,-4.790066531,1,1
151.9560111,11,1572266724,AUT,FALSE,TRUE,TRUE,472.4440323,-399.78296,169.9691413,-179.9753824,-0.007429364,179.9947978,0.152915368,0.257516166,0.344080976,-0.104979709,-0.145707881,0.039773066,-77.34561081,70.23196678,72.54075393,-78.12836952,-66.56767822,78.07600593,-4.790066531,1,1
152.0565381,11,1572266724,AUT,FALSE,TRUE,TRUE,472.1045034,-399.7816901,168.8701517,179.9830681,-0.03674397,179.8763952,-0.200100644,0.118277634,1.39174438,-0.033888008,0.201291748,0.147999207,-77.36872329,70.32277565,72.53761253,-78.12226181,-66.56931518,78.07564544,-4.790365225,1,1
152.15713,11,1572266724,AUT,FALSE,TRUE,TRUE,472.1045034,-399.7816901,168.8701517,179.9830681,-0.03674397,179.8763952,-0.200100644,0.118277634,1.39174438,-0.033888008,0.201291748,0.147999207,-77.36872329,70.32277565,72.53761253,-78.12226181,-66.56931518,78.07564544,-4.790365225,1,1
152.2577391,11,1572266724,AUT,FALSE,TRUE,TRUE,470.984452,-401.4882198,166.4921839,179.8497051,-0.09958629,-179.9828133,0.678883839,-1.397304051,2.535281917,-0.281533944,0.356141721,0.361405774,-77.45227089,70.53219566,72.41341896,-78.10323486,-66.82584045,78.0099472,-4.792589956,1,1
152.3582251,11,1572266724,AUT,FALSE,TRUE,TRUE,470.984452,-401.4882198,166.4921839,179.8497051,-0.09958629,-179.9828133,0.678883839,-1.397304051,2.535281917,-0.281533944,0.356141721,0.361405774,-77.45227089,70.53219566,72.41341896,-78.10323486,-66.82584045,78.0099472,-4.792589956,1,1
152.4587991,11,1572266725,AUT,FALSE,TRUE,TRUE,469.9201053,-405.6232996,158.0822766,179.9299608,0.04772867,-179.9562477,-5.051452293,0.123356931,3.177621285,0.047375172,0.739027262,0.303256083,-77.59339027,70.94583435,71.9047966,-78.03033714,-67.11398437,77.34318351,-5.135401156,1,1
152.5593572,11,1572266725,AUT,FALSE,TRUE,TRUE,475.3561308,-404.6891538,151.3062743,-179.9529064,0.413300461,179.9682502,-11.51546527,0.960347906,0.511171377,0.020165597,0.799394159,-0.222444539,-77.04912071,71.88487701,71.60200309,-77.47712059,-67.72205566,76.57719612,-5.12262955,1,1
152.6632001,11,1572266725,AUT,FALSE,TRUE,TRUE,475.3561308,-404.6891538,151.3062743,-179.9529064,0.413300461,179.9682502,-11.51546527,0.960347906,0.511171377,0.020165597,0.799394159,-0.222444539,-77.04912071,71.88487701,71.60200309,-77.47712059,-67.72205566,76.57719612,-5.12262955,1,1
152.763725,11,1572266725,AUT,FALSE,TRUE,TRUE,493.7016719,-398.5608569,152.2804809,-179.956381,0.724098156,-179.9789694,-17.84062173,-0.787853856,-1.780201216,0.057685741,1.121192576,-0.112633523,-74.83382721,72.76022644,72.08288841,-75.41394996,-68.3184375,77.20552483,-4.450417331,1,1
152.8642411,11,1572266725,AUT,FALSE,TRUE,TRUE,522.9738886,-395.1688296,161.8503161,179.9408589,0.680603119,-179.7724494,-17.84062173,-0.787853856,-1.780201216,0.057685741,1.121192576,-0.112633523,-70.7136898,73.3649517,72.47009811,-70.39411125,-68.31943176,79.17998771,-4.692569738,1,1
152.964725,11,1572266725,AUT,FALSE,TRUE,TRUE,522.9738886,-395.1688296,161.8503161,179.9408589,0.680603119,-179.7724494,-11.30449646,-2.097032135,-1.029475063,0.471470499,0.752904756,0.178784102,-70.7136898,73.3649517,72.47009811,-70.39411125,-68.31943176,79.17998771,-4.692569738,1,1
153.0652912,11,1572266725,AUT,FALSE,TRUE,TRUE,551.0279152,-394.6367179,169.521116,179.9463856,0.43316467,-179.7294586,0.063043597,-0.529720719,-0.217569193,0.799210422,-0.471101972,0.115212843,-66.29658164,74.09116859,72.34314079,-64.30751724,-68.05988525,81.26459541,-5.963914494,1,1
153.165822,11,1572266725,AUT,FALSE,TRUE,TRUE,571.9675994,-396.6333987,173.3585036,179.965956,0.372488358,-179.7703918,0.03500338,-0.690034571,-0.301903497,0.515804637,-0.710015864,0.06985899,-62.89005432,74.90679703,72.10481987,-59.07259712,-67.94265014,82.67687416,-7.499586869,1,1
153.2663181,11,1572266725,AUT,FALSE,TRUE,TRUE,571.9675994,-396.6333987,173.3585036,179.965956,0.372488358,-179.7703918,0.03500338,-0.690034571,-0.301903497,0.515804637,-0.710015864,0.06985899,-62.89005432,74.90679703,72.10481987,-59.07259712,-67.94265014,82.67687416,-7.499586869,1,1
153.3668492,11,1572266725,AUT,FALSE,TRUE,TRUE,587.2226721,-399.1958486,175.4093501,-179.9838505,0.18489409,-179.8672709,2.251198996,1.8339298,0.281140406,0.786315318,-0.597751572,-0.041913086,-60.17456016,75.71706963,71.93154144,-54.50649719,-67.94754455,83.96772651,-9.066515356,1,1
153.467411,11,1572266726,AUT,FALSE,TRUE,TRUE,597.9726486,-401.4657206,176.2258709,-179.9477155,0.054169591,-179.9627973,5.792178906,5.620456241,0.718761086,1.068767809,-0.981653887,-0.246018542,-58.15306892,76.37687072,71.76222496,-50.98283844,-67.96135437,84.88207397,-10.36188927,1,1
153.5679121,11,1572266726,AUT,FALSE,TRUE,TRUE,604.7099265,-399.3780091,175.9514365,-179.8413614,-0.071637033,179.9185665,10.38714005,8.179954569,-0.061807446,1.148221247,-1.69260355,-0.645082881,-56.85590629,76.78825378,71.70554237,-49.20003891,-67.9842279,85.37136726,-10.83020554,1,1
153.668458,11,1572266726,AUT,FALSE,TRUE,TRUE,608.8253582,-390.1961431,174.8190637,-179.722818,-0.192932407,179.7656747,10.38714005,8.179954569,-0.061807446,1.148221247,-1.69260355,-0.645082881,-56.21171264,76.86186904,71.77580338,-49.44580307,-67.97562561,85.43215942,-10.05679894,1,1
153.769031,11,1572266726,AUT,FALSE,TRUE,TRUE,608.8253582,-390.1961431,174.8190637,-179.722818,-0.192932407,179.7656747,5.416624731,7.215763826,-0.448041062,0.656896933,-0.281762993,-1.219675282,-56.21171264,76.86186904,71.77580338,-49.44580307,-67.97562561,85.43215942,-10.05679894,1,1
153.8696282,11,1572266726,AUT,FALSE,TRUE,TRUE,613.0999962,-372.6740168,173.5734554,-179.6653445,-0.188064741,179.6468294,4.76220255,8.616198089,-0.818094052,0.638393852,-0.109481038,-1.526204055,-55.78349648,76.66390228,71.98328018,-51.23785171,-67.97439514,85.05579185,-7.957321931,1,1
153.9702652,11,1572266726,AUT,FALSE,TRUE,TRUE,616.96551,-344.6766103,172.9609195,-179.6244834,-0.181552511,179.5640619,3.899586761,9.169688659,-1.909720051,0.743782054,-0.126357555,-1.593728946,-55.37807006,76.10465011,72.30160217,-54.63499946,-67.94841247,84.38043136,-4.3660389,1,1
154.0713482,11,1572266726,AUT,FALSE,TRUE,TRUE,618.8414333,-306.442157,173.5802647,-179.6800385,-0.210645472,179.5536977,3.912055412,7.601788615,-1.274603475,0.762663867,-0.214073698,-1.339519393,-54.89504242,75.17455788,72.7788002,-59.35637398,-67.9163269,83.54453659,0.693539425,1,1
154.171988,11,1572266726,AUT,FALSE,TRUE,TRUE,618.8414333,-306.442157,173.5802647,-179.6800385,-0.210645472,179.5536977,3.912055412,7.601788615,-1.274603475,0.762663867,-0.214073698,-1.339519393,-54.89504242,75.17455788,72.7788002,-59.35637398,-67.9163269,83.54453659,0.693539425,1,1
154.2726421,11,1572266726,AUT,FALSE,TRUE,TRUE,615.683287,-252.4889917,173.8926668,-179.7720722,-0.212986845,179.6236648,1.732137631,4.364494313,0.315638499,0.594805874,-0.083936862,-0.905262026,-54.22052307,73.72575302,73.32701454,-66.29489593,-67.79984436,82.14639587,7.943822475,1,1
154.373208,11,1572266726,AUT,FALSE,TRUE,TRUE,608.658158,-207.3889818,173.7321833,-179.8356785,-0.103483785,179.6861941,-2.750408852,3.566767927,0.294194255,0.419929887,0.485942411,-0.674088052,-53.56267548,72.41255035,73.67070465,-72.00888863,-67.61908081,80.70796966,14.05109481,1,1
154.4737551,11,1572266727,AUT,FALSE,TRUE,TRUE,601.6830668,-170.3920288,174.406991,-179.85349,0.032682851,179.7431128,-6.631716209,2.030301089,-0.900698905,0.419929887,0.485942411,-0.674088052,-52.67246017,71.25432014,73.93721237,-76.43593597,-67.41175781,79.55562057,18.9507019,1,1
154.5742822,11,1572266727,AUT,FALSE,TRUE,TRUE,601.6830668,-170.3920288,174.406991,-179.85349,0.032682851,179.7431128,-6.631716209,2.030301089,-0.900698905,0.255793007,0.641986622,-0.597013275,-52.67246017,71.25432014,73.93721237,-76.43593597,-67.41175781,79.55562057,18.9507019,1,1
154.674804,11,1572266727,AUT,FALSE,TRUE,TRUE,596.9955732,-139.6046722,176.0442232,-179.8407644,0.068312616,179.7957462,-8.126332861,3.365908978,-0.020726128,0.418191469,0.902363716,-0.660515052,-51.39588661,70.31237983,74.10068893,-79.2701786,-67.11165527,78.86987114,22.77674217,1,1
154.775301,11,1572266727,AUT,FALSE,TRUE,TRUE,596.0122581,-114.3806993,177.6096823,-179.9203322,0.109313931,179.8408898,-6.932819714,0.595368084,0.095082057,-0.315148054,0.773457411,-0.558438297,-49.78481369,69.67493248,74.11531791,-80.69613876,-66.81241516,78.46165351,25.70340729,1,1
154.8758402,11,1572266727,AUT,FALSE,TRUE,TRUE,599.435752,-97.32060192,178.1790124,-179.8977918,0.183521226,179.9343002,-7.426534188,2.461683176,1.387286907,0.413314114,0.768407492,-0.385757538,-48.04951629,69.44027138,73.92757873,-80.71094284,-66.66589599,78.31750603,27.31535911,1,1
154.9763701,11,1572266727,AUT,FALSE,TRUE,TRUE,599.435752,-97.32060192,178.1790124,-179.8977918,0.183521226,179.9343002,-7.426534188,2.461683176,1.387286907,0.413314114,0.768407492,-0.385757538,-48.04951629,69.44027138,73.92757873,-80.71094284,-66.66589599,78.31750603,27.31535911,1,1
155.0768552,11,1572266727,AUT,FALSE,TRUE,TRUE,606.0774738,-85.92874384,177.2192944,-179.99963,0.245295458,179.9812795,-4.925812543,-0.394608505,1.144110782,-0.176846379,0.128360984,-0.346792127,-46.29906463,69.55840873,73.51727714,-79.74238128,-66.58538269,78.27225609,28.0978466,1,1
155.177418,11,1572266727,AUT,FALSE,TRUE,TRUE,616.6237565,-79.81496028,175.9623685,179.9686227,0.393756438,179.9869891,-9.816102579,3.853731442,0.160002541,0.614703766,0.566210978,0.034696358,-44.54347686,69.9910778,73.02934684,-77.75977821,-66.58509155,78.3778759,27.93775863,1,1
155.2779751,11,1572266727,AUT,FALSE,TRUE,TRUE,632.3198008,-79.39187785,177.3811019,179.9133422,0.542948678,-179.9600395,-11.11332655,1.247736541,0.227900474,0.109252744,0.601414481,0.109619686,-42.63301277,70.64807396,72.66644096,-74.38068581,-66.62000061,79.09800224,26.71247062,1,1
155.3784611,11,1572266727,AUT,FALSE,TRUE,TRUE,651.4426578,-83.10598564,180.9223788,179.9739294,0.5467029,-179.9631191,-7.643420616,2.702908092,-1.626075865,0.251996552,0.028299278,-0.08948239,-40.43017845,71.55926628,72.43772621,-69.53589363,-66.6146997,80.46118583,24.40411606,1,1
155.4790492,11,1572266728,AUT,FALSE,TRUE,TRUE,651.4426578,-83.10598564,180.9223788,179.9739294,0.5467029,-179.9631191,-7.643420616,2.702908092,-1.626075865,0.251996552,0.028299278,-0.08948239,-40.43017845,71.55926628,72.43772621,-69.53589363,-66.6146997,80.46118583,24.40411606,1,1
155.579601,11,1572266728,AUT,FALSE,TRUE,TRUE,671.1025866,-86.90910598,184.5759433,179.9605703,0.443417196,179.9445883,-1.422266986,1.703583025,-0.457882205,0.073939976,-0.346628693,-0.025982424,-38.03499756,72.60390816,72.29555283,-64.18741608,-66.62044555,82.05323181,21.9037857,1,1
155.6804011,11,1572266728,AUT,FALSE,TRUE,TRUE,689.7263187,-88.18002635,186.9564642,179.9996662,0.340108176,179.9177099,-2.007400261,6.254758293,0.047780275,0.247116501,-0.130784633,-0.014025636,-35.45576477,73.64607468,72.06758308,-58.92433319,-66.7317041,83.50697364,19.56780052,1,1
155.781466,11,1572266728,AUT,FALSE,TRUE,TRUE,689.7263187,-88.18002635,186.9564642,179.9996662,0.340108176,179.9177099,-2.007400261,6.254758293,0.047780275,0.247116501,-0.130784633,-0.014025636,-35.45576477,73.64607468,72.06758308,-58.92433319,-66.7317041,83.50697364,19.56780052,1,1
155.882297,11,1572266728,AUT,FALSE,TRUE,TRUE,708.3335634,-78.4395123,186.4549818,-179.9444273,0.154002743,179.7858087,3.662959485,4.987974451,1.269317695,0.830757563,-0.211377979,-0.224545239,-32.45417289,74.91851119,71.78282089,-53.24080353,-66.88724853,84.8206192,17.97649612,1,1
155.9827921,11,1572266728,AUT,FALSE,TRUE,TRUE,708.3335634,-78.4395123,186.4549818,-179.9444273,0.154002743,179.7858087,3.662959485,4.987974451,1.269317695,0.830757563,-0.211377979,-0.224545239,-32.45417289,74.91851119,71.78282089,-53.24080353,-66.88724853,84.8206192,17.97649612,1,1
156.0833881,11,1572266728,AUT,FALSE,TRUE,TRUE,718.262218,-47.82127067,181.7062662,-179.8399327,0.150055703,179.622088,1.133755629,6.770313785,-1.872052569,0.157784734,-0.743963494,-0.606638972,-28.32162781,75.82361984,71.62255096,-50.98195953,-67.11498962,84.94576034,19.36358528,1,1
156.1839561,11,1572266728,AUT,FALSE,TRUE,TRUE,721.2816545,-16.25683229,180.0204627,-179.8804464,0.144518797,179.6010044,0.354269349,8.076679582,-1.962485654,0.490532176,-0.409923068,-0.479573977,-25.51467933,76.11792641,71.62536964,-50.47048073,-67.27645019,84.93793258,21.70350838,1,1
156.2844472,11,1572266728,AUT,FALSE,TRUE,TRUE,721.2816545,-16.25683229,180.0204627,-179.8804464,0.144518797,179.6010044,0.354269349,8.076679582,-1.962485654,0.490532176,-0.409923068,-0.479573977,-25.51467933,76.11792641,71.62536964,-50.47048073,-67.27645019,84.93793258,21.70350838,1,1
156.385005,11,1572266728,AUT,FALSE,TRUE,TRUE,721.6067588,15.17345772,180.6737843,-179.864638,0.180284642,179.6235234,-1.634052971,5.361424462,-1.673827466,-0.14363607,-0.565577782,-0.461249294,-22.99565506,76.0855751,71.63214683,-50.41633186,-67.28997985,84.95028877,24.18900375,1,1
156.485554,11,1572266729,AUT,FALSE,TRUE,TRUE,719.8860768,53.05718812,183.6146757,-179.9028147,0.168172765,179.7533866,-0.908560775,5.673979725,-0.978083499,-0.14363607,-0.565577782,-0.461249294,-19.88293991,75.86404266,71.6430233,-50.32240562,-67.26175048,85.19181633,27.2205574,1,1
156.5860441,11,1572266729,AUT,FALSE,TRUE,TRUE,719.8860768,53.05718812,183.6146757,-179.9028147,0.168172765,179.7533866,-0.908560775,5.673979725,-0.978083499,0.548058184,-0.657913094,-0.444401051,-19.88293991,75.86404266,71.6430233,-50.32240562,-67.26175048,85.19181633,27.2205574,1,1
156.6866012,11,1572266729,AUT,FALSE,TRUE,TRUE,715.7400439,83.22736335,184.2604916,179.9902954,-0.131131425,-179.9955034,4.326314539,-4.834705465,0.17603934,-0.932879748,-0.297662861,-0.118467576,-17.33028717,75.75081482,71.54005051,-50.3025959,-67.1952008,85.58220176,29.79114189,1,1
156.787173,11,1572266729,AUT,FALSE,TRUE,TRUE,715.7400439,83.22736335,184.2604916,179.9902954,-0.131131425,-179.9955034,4.326314539,-4.834705465,0.17603934,-0.932879748,-0.297662861,-0.118467576,-17.33028717,75.75081482,71.54005051,-50.3025959,-67.1952008,85.58220176,29.79114189,1,1
156.8876531,11,1572266729,AUT,FALSE,TRUE,TRUE,713.3614042,88.57984173,183.6275229,-179.9643014,-0.332539047,-179.881774,7.26475696,-1.816015829,-1.242933275,-0.160319928,-0.20137397,-0.125353631,-16.9182003,75.72048225,71.49976501,-50.60532074,-67.16271972,85.68488617,30.37877311,1,1
156.988184,11,1572266729,AUT,FALSE,TRUE,TRUE,707.8612291,89.8249647,183.4308076,-179.9359267,-0.643928732,-179.8242551,13.12346402,1.733787563,-0.827065998,0.583491159,-0.335612729,-0.231197074,-17.37079239,75.46249237,71.55898132,-51.90965194,-66.99333251,85.68331375,31.09626617,1,1
157.0887132,11,1572266729,AUT,FALSE,TRUE,TRUE,695.8907428,94.89299175,182.6440581,-179.9940558,-0.747857785,-179.8220801,14.20487363,1.104798418,-0.263895902,0.509931346,-0.250878436,0.076884721,-18.47656974,74.82406311,71.78672447,-55.26471176,-66.84384155,85.04167786,33.20358467,1,1
157.1892011,11,1572266729,AUT,FALSE,TRUE,TRUE,677.2652998,101.138362,181.1110868,-179.9996563,-0.68420382,-179.7378553,14.20487363,1.104798418,-0.263895902,0.509931346,-0.250878436,0.076884721,-20.20912399,73.77948303,72.03083724,-60.48264084,-66.7172351,83.79015999,36.3050457,1,1
157.289902,11,1572266729,AUT,FALSE,TRUE,TRUE,677.2652998,101.138362,181.1110868,-179.9996563,-0.68420382,-179.7378553,6.878500483,0.461119313,-0.02112859,0.850105651,0.241747377,0.338304169,-20.20912399,73.77948303,72.03083724,-60.48264084,-66.7172351,83.79015999,36.3050457,1,1
157.3906882,11,1572266729,AUT,FALSE,TRUE,TRUE,656.2979223,102.6852195,179.3327184,179.9563873,-0.532940551,-179.721753,1.752843719,0.756920696,0.294777489,0.993187647,0.528423457,0.120378639,-22.49592476,72.50095253,72.17744293,-66.27226409,-66.46295104,82.1909317,39.27257995,1,1
157.491538,11,1572266730,AUT,FALSE,TRUE,TRUE,637.5956805,100.1272687,177.4483764,-179.8143881,-0.17832802,-179.8822964,-8.908547264,8.778822303,-0.103812926,1.335685979,1.432016932,-0.841265079,-24.93659934,71.28421669,72.2822731,-71.38815422,-66.26041259,80.3973484,41.27900276,1,1
157.5920961,11,1572266730,AUT,FALSE,TRUE,TRUE,637.5956805,100.1272687,177.4483764,-179.8143881,-0.17832802,-179.8822964,-8.908547264,8.778822303,-0.103812926,1.335685979,1.432016932,-0.841265079,-24.93659934,71.28421669,72.2822731,-71.38815422,-66.26041259,80.3973484,41.27900276,1,1
157.6926682,11,1572266730,AUT,FALSE,TRUE,TRUE,623.2106917,100.9260983,176.743462,-179.6429766,0.117192402,179.8687512,-15.83902169,16.11928321,0.734604423,1.912887149,1.794971832,-1.66527361,-26.62484093,70.36993789,72.52302131,-75.21717109,-66.142359,79.01662445,42.91194534,1,1
157.7931521,11,1572266730,AUT,FALSE,TRUE,TRUE,618.840178,111.1731108,176.9819278,-179.6552202,0.145374216,179.6584328,-13.71518733,15.88123646,3.33855674,1.249914467,1.775680974,-1.866392231,-26.15113449,70.25731086,72.73396568,-75.91596679,-66.10344543,78.78648148,44.1258625,1,1
157.8937092,11,1572266730,AUT,FALSE,TRUE,TRUE,617.2695798,131.5221369,175.7827415,-179.5906258,0.164842849,179.5090862,-9.217634101,19.20550215,2.717424839,1.705875827,1.043541694,-1.866454013,-24.21553573,70.49921607,72.70284004,-75.46775551,-66.16543029,78.72977829,45.65724334,1,1
157.9942322,11,1572266730,AUT,FALSE,TRUE,TRUE,616.2756564,160.1932957,173.7392743,-179.717692,0.201515285,179.4497376,-9.217634101,19.20550215,2.717424839,1.705875827,1.043541694,-1.866454013,-21.09390106,70.97819938,72.53907165,-74.29429206,-66.36187683,78.79612541,47.81392135,1,1
158.094713,11,1572266730,AUT,FALSE,TRUE,TRUE,616.2756564,160.1932957,173.7392743,-179.717692,0.201515285,179.4497376,-7.570291457,12.75837929,-0.270153352,0.729728735,0.755236758,-1.428021994,-21.09390106,70.97819938,72.53907165,-74.29429206,-66.36187683,78.79612541,47.81392135,1,1
158.1952641,11,1572266730,AUT,FALSE,TRUE,TRUE,616.985322,199.9986424,172.5855593,-179.7823225,0.154111557,179.550153,-4.140190928,6.027061967,0.687716544,-0.479100522,0.584900247,-1.041698647,-16.245298,71.71581802,72.18037834,-71.45818176,-66.50105712,79.44219017,50.0743927,1,1
158.2957642,11,1572266730,AUT,FALSE,TRUE,TRUE,618.0371268,228.8446648,174.1920539,-179.8299215,0.076888567,179.6466414,0.444573906,4.44026247,-0.347284515,-0.183829464,-0.161760815,-0.842864834,-12.54343758,72.23095664,72.0236824,-68.72637978,-66.49544311,80.27814331,51.30856933,1,1
158.3962822,11,1572266730,AUT,FALSE,TRUE,TRUE,618.0371268,228.8446648,174.1920539,-179.8299215,0.076888567,179.6466414,0.444573906,4.44026247,-0.347284515,-0.183829464,-0.161760815,-0.842864834,-12.54343758,72.23095664,72.0236824,-68.72637978,-66.49544311,80.27814331,51.30856933,1,1
158.496856,11,1572266731,AUT,FALSE,TRUE,TRUE,614.3852761,263.157622,175.9047703,-179.8963297,-0.124701191,179.7641267,4.105202547,3.744225496,1.913101705,-0.096869945,-0.1958472,-0.404937375,-8.431165694,72.75856132,71.97141494,-66.05149726,-66.47477233,81.25373611,53.07654762,1,1
158.5974081,11,1572266731,AUT,FALSE,TRUE,TRUE,608.3574378,282.3781113,174.1791213,179.9444385,-0.24779599,-179.8726533,7.676205895,-5.758980042,1.614215246,-0.749269732,-0.531435329,0.348227187,-6.035545344,72.97250976,71.63131599,-65.16848144,-66.4768927,81.56388359,54.64803886,1,1
158.6979001,11,1572266731,AUT,FALSE,TRUE,TRUE,608.3574378,282.3781113,174.1791213,179.9444385,-0.24779599,-179.8726533,7.676205895,-5.758980042,1.614215246,-0.749269732,-0.531435329,0.348227187,-6.035545344,72.97250976,71.63131599,-65.16848144,-66.4768927,81.56388359,54.64803886,1,1
158.7984302,11,1572266731,AUT,FALSE,TRUE,TRUE,599.769346,291.9554445,171.0811509,179.940035,-0.525726228,-179.755074,10.58174578,-5.150654473,-0.493586453,-0.314167168,-0.329461842,0.352666894,-5.194147106,72.98910599,71.42975807,-65.82414551,-66.33847595,81.38991851,56.00418091,1,1
158.8990381,11,1572266731,AUT,FALSE,TRUE,TRUE,585.3177294,297.2660738,167.6695138,179.9685627,-0.602252422,-179.6617804,10.46697932,-1.487064701,-1.773126331,0.420791677,0.021914613,0.338075286,-5.425999831,72.66383171,71.50173568,-68.44785233,-66.43721557,80.67360649,58.14762383,1,1
158.9996622,11,1572266731,AUT,FALSE,TRUE,TRUE,564.4440241,300.7887201,165.8939462,-179.9824682,-0.574659623,-179.6378902,6.57772292,-0.83361062,-2.16797765,0.387571268,0.416355181,0.146135719,-6.280015181,71.82325058,71.7425148,-72.65778579,-66.45322814,79.57672462,61.13411979,1,1
159.1005142,11,1572266731,AUT,FALSE,TRUE,TRUE,541.5404254,301.0570843,165.9383993,-179.9934189,-0.409582031,-179.5875854,0.811122051,1.109202644,-1.540751464,0.84695003,0.459470143,0.015704526,-7.505811306,70.60444793,72.06204529,-77.44040909,-66.43235961,78.3442749,64.27173271,1,1
159.2012951,11,1572266731,AUT,FALSE,TRUE,TRUE,541.5404254,301.0570843,165.9383993,-179.9934189,-0.409582031,-179.5875854,0.811122051,1.109202644,-1.540751464,0.84695003,0.459470143,0.015704526,-7.505811306,70.60444793,72.06204529,-77.44040909,-66.43235961,78.3442749,64.27173271,1,1
159.3019521,11,1572266731,AUT,FALSE,TRUE,TRUE,522.5328675,295.6442255,166.7523107,-179.9518025,-0.266286349,-179.5329135,-2.140810575,4.453860775,1.215002394,1.506569638,0.807040485,-0.131449052,-9.088862225,69.27354354,72.28968887,-81.78160858,-66.22923889,77.17071533,66.54839516,1,1
159.4025691,11,1572266731,AUT,FALSE,TRUE,TRUE,508.570265,286.8466377,165.861737,-179.9214815,-0.305189165,-179.5978454,0.142765874,3.634500463,1.184741628,0.778359713,0.638927746,-0.57723137,-10.82097702,68.19026413,72.33364105,-85.30703544,-65.88005493,75.96904449,67.84323349,1,1
159.5031252,11,1572266732,AUT,FALSE,TRUE,TRUE,493.7963232,278.8421109,162.9965704,-179.8465056,-0.369891675,-179.6231326,1.098919821,8.783990457,2.098205756,1.781723148,0.567169407,-0.609979277,-12.4743988,67.3375534,72.40379562,-88.85432853,-65.81978393,74.74718284,69.23869629,1,1
159.6036131,11,1572266732,AUT,FALSE,TRUE,TRUE,493.7963232,278.8421109,162.9965704,-179.8465056,-0.369891675,-179.6231326,1.098919821,8.783990457,2.098205756,1.781723148,0.567169407,-0.609979277,-13.80213432,66.62303009,72.49828491,-92.22543182,-65.98105224,73.39513321,70.96514282,1,1
159.7041621,11,1572266732,AUT,FALSE,TRUE,TRUE,478.5162822,273.2798398,159.5923743,-179.8368845,-0.31396849,-179.7537024,-1.340720277,6.507680182,0.490157115,0.919046413,1.133170112,-0.888903134,-13.80213432,66.62303009,72.49828491,-92.22543182,-65.98105224,73.39513321,70.96514282,1,1
166.639786,12,1572266739,AUT,FALSE,TRUE,TRUE,471.9583948,-400.0229465,169.9630115,-179.9964594,-0.009984235,-179.9971668,-1.533628104,-0.208738335,0.68658881,-0.136467219,0.285982319,0.145509222,-77.50990791,70.51424331,72.95336952,-78.17897529,-66.97517761,78.34613914,-4.665814594,1,1
166.740658,12,1572266739,AUT,FALSE,TRUE,TRUE,471.6522646,-401.1691208,170.2582925,179.9077801,-0.022355081,-179.9716022,-0.136244532,-1.412506862,1.250257934,-0.01116821,0.128137485,0.415985698,-77.54212875,70.51449738,72.9507225,-78.06969566,-66.97840209,78.39984856,-4.706409075,1,1
166.8414621,12,1572266739,AUT,FALSE,TRUE,TRUE,471.6522646,-401.1691208,170.2582925,179.9077801,-0.022355081,-179.9716022,-0.136244532,-1.412506862,1.250257934,-0.01116821,0.128137485,0.415985698,-77.54943122,70.51495056,72.95176964,-77.76162872,-66.98009399,78.35478744,-5.042958075,1,1
166.9420531,12,1572266739,AUT,FALSE,TRUE,TRUE,472.3429331,-403.4149859,171.1136146,179.9667657,0.155781735,-179.8951263,-6.812168507,-0.074261281,1.276731569,0.322042619,0.621697428,0.24156636,-77.54943122,70.51495056,72.95176964,-77.76162872,-66.98009399,78.35478744,-5.042958075,1,1
167.042588,12,1572266739,AUT,FALSE,TRUE,TRUE,478.2255346,-403.2303098,173.1250148,-179.9851228,0.39821453,-179.7520129,-12.67293454,-0.813141617,1.124388094,0.292898427,0.787778475,0.032969004,-76.89249344,70.52724838,72.95581398,-76.99756393,-66.97945678,78.39768906,-5.095908738,1,1
167.1431091,12,1572266739,AUT,FALSE,TRUE,TRUE,491.5950666,-399.3265547,175.5351149,-179.9482774,0.590839483,-179.8823984,-14.3727417,-2.787982158,0.464865664,0.107278774,1.094959245,-0.139338913,-75.19985046,70.91446151,73.1411499,-75.24454078,-66.98026428,78.94620552,-4.931546406,1,1
167.2436812,12,1572266739,AUT,FALSE,TRUE,TRUE,511.1999345,-395.9846994,177.318187,-179.973981,0.614978996,-179.8743677,-12.49495083,-2.595920011,2.240214007,-0.085084794,0.800401417,-0.049799154,-72.39884491,71.62954444,73.11905021,-72.11237297,-67.12791503,79.86638603,-4.937159731,1,1
167.3442152,12,1572266739,AUT,FALSE,TRUE,TRUE,511.1999345,-395.9846994,177.318187,-179.973981,0.614978996,-179.8743677,-12.49495083,-2.595920011,2.240214007,-0.085084794,0.800401417,-0.049799154,-72.39884491,71.62954444,73.11905021,-72.11237297,-67.12791503,79.86638603,-4.937159731,1,1
167.444761,12,1572266740,AUT,FALSE,TRUE,TRUE,533.6103832,-394.2452598,178.5150682,179.9957095,0.582860693,-179.8808687,-7.663870508,-3.719621724,0.091231414,-0.330136812,0.031701521,0.059292044,-69.07783584,72.53053321,72.88199272,-67.9034008,-67.24707275,80.94938392,-5.453187563,1,1
167.5453541,12,1572266740,AUT,FALSE,TRUE,TRUE,560.2892406,-395.2274046,180.8470854,-179.9774142,0.419887056,-179.8939587,-1.611521109,0.486920958,-2.002653181,0.296232878,-0.236199807,-0.147167401,-64.83550987,73.7188179,72.52285995,-61.79613876,-67.35552429,82.59353599,-6.910396963,1,1
167.6459041,12,1572266740,AUT,FALSE,TRUE,TRUE,560.2892406,-395.2274046,180.8470854,-179.9774142,0.419887056,-179.8939587,-1.611521109,0.486920958,-2.002653181,0.296232878,-0.236199807,-0.147167401,-64.83550987,73.7188179,72.52285995,-61.79613876,-67.35552429,82.59353599,-6.910396963,1,1
167.746387,12,1572266740,AUT,FALSE,TRUE,TRUE,577.4973436,-398.6575891,183.6202629,-179.9752472,0.284596434,-179.8832708,4.460012561,-0.090726689,-2.908669641,0.059593506,-1.135730456,-0.209157474,-61.84682693,74.53831901,72.23993797,-56.95933571,-67.39177368,83.90733261,-8.475722125,1,1
167.8469551,12,1572266740,AUT,FALSE,TRUE,TRUE,589.8928256,-404.3487153,186.6218636,-179.966027,0.177510561,-179.8887016,5.731826746,0.732278302,-1.95777444,0.361297191,-1.056958591,-0.285877844,-59.48814468,75.21850319,71.98826179,-52.53624,-67.39853027,85.10160828,-10.26250077,1,1
167.94749,12,1572266740,AUT,FALSE,TRUE,TRUE,597.1103293,-410.2861628,188.5729765,-179.866531,0.039536184,-179.9668647,7.329364254,4.249660033,-0.331169438,0.607660612,-1.149716848,-0.690177413,-57.91232414,75.75853614,71.81129951,-49.16350593,-67.40249633,86.05730553,-11.95250359,1,1
168.0480402,12,1572266740,AUT,FALSE,TRUE,TRUE,597.1103293,-410.2861628,188.5729765,-179.866531,0.039536184,-179.9668647,7.329364254,4.249660033,-0.331169438,0.607660612,-1.149716848,-0.690177413,-57.91232414,75.75853614,71.81129951,-49.16350593,-67.40249633,86.05730553,-11.95250359,1,1
168.1485722,12,1572266740,AUT,FALSE,TRUE,TRUE,602.5088131,-409.8857103,188.1934753,-179.6897903,-0.083417205,179.8222911,10.1755035,9.055145358,0.121995079,0.904234444,-1.689482111,-1.095548736,-56.97489166,76.14007072,71.78758621,-47.38565368,-67.40670959,86.5654438,-12.71084176,1,1
168.24913,12,1572266740,AUT,FALSE,TRUE,TRUE,607.2922431,-397.2465172,185.7400551,-179.6741311,-0.15617366,179.621571,4.597008421,8.734702971,-1.107911107,0.329246378,-0.122365271,-1.563865847,-56.23939133,76.26708984,71.90909156,-48.16274071,-67.40602294,86.41382561,-11.30566636,1,1
168.349663,12,1572266740,AUT,FALSE,TRUE,TRUE,607.2922431,-397.2465172,185.7400551,-179.6741311,-0.15617366,179.621571,4.597008421,8.734702971,-1.107911107,0.329246378,-0.122365271,-1.563865847,-56.23939133,76.26708984,71.90909156,-48.16274071,-67.40602294,86.41382561,-11.30566636,1,1
168.4504161,12,1572266741,AUT,FALSE,TRUE,TRUE,614.0573506,-365.4469044,181.6354256,-179.6429801,-0.283002281,179.5136808,6.054382279,9.376555503,0.046328034,0.400408855,-0.145389839,-1.550055233,-55.58003311,75.90612716,72.13011932,-51.72786598,-67.40879699,85.58061904,-7.293558888,1,1
168.5510571,12,1572266741,AUT,FALSE,TRUE,TRUE,617.0658611,-329.794178,178.2898303,-179.668096,-0.303308624,179.5133922,4.233081367,8.090059693,0.618867981,0.403657196,0.305908966,-1.393917336,-55.21889534,75.21240921,72.37829361,-56.47768135,-67.40375427,84.40486564,-2.495973588,1,1
168.6519721,12,1572266741,AUT,FALSE,TRUE,TRUE,616.1177883,-289.4412307,175.2299292,-179.7230323,-0.259835427,179.5175108,2.011143588,5.421364455,-0.056315699,0.025045669,0.297111286,-1.084627236,-54.97328911,74.3104351,72.71279983,-62.01824798,-67.4035675,82.99200668,3.027560806,1,1
168.7525132,12,1572266741,AUT,FALSE,TRUE,TRUE,616.1177883,-289.4412307,175.2299292,-179.7230323,-0.259835427,179.5175108,2.011143588,5.421364455,-0.056315699,0.025045669,0.297111286,-1.084627236,-54.97328911,74.3104351,72.71279983,-62.01824798,-67.4035675,82.99200668,3.027560806,1,1
168.8531151,12,1572266741,AUT,FALSE,TRUE,TRUE,611.6998607,-246.9298987,173.5061498,-179.7647542,-0.153105441,179.5322755,-2.312984044,5.270946009,-1.499028363,0.160997218,0.523770479,-0.948287287,-54.62188453,73.23989639,73.12645569,-67.82314568,-67.40227661,81.53307037,8.822097013,1,1
168.953608,12,1572266741,AUT,FALSE,TRUE,TRUE,605.5950026,-203.8105562,173.9336196,-179.7764713,-0.042898331,179.5311352,-5.160029733,6.656385296,-1.382965171,0.427495398,0.704778928,-0.855316738,-53.88706741,72.13351478,73.70696296,-73.06965294,-67.39380615,80.36291313,14.53738059,1,1
169.054147,12,1572266741,AUT,FALSE,TRUE,TRUE,599.8665535,-160.4383413,175.8156377,-179.7917036,0.064313606,179.5689923,-9.299182944,7.152110453,-0.902485882,0.632751832,1.152248274,-0.730550168,-52.51306572,71.09338417,74.30580711,-77.34310798,-67.35926513,79.49580688,20.09693641,1,1
169.1546841,12,1572266741,AUT,FALSE,TRUE,TRUE,599.8665535,-160.4383413,175.8156377,-179.7917036,0.064313606,179.5689923,-9.299182944,7.152110453,-0.902485882,0.632751832,1.152248274,-0.730550168,-50.41522636,70.20008582,74.72040024,-80.23527259,-67.2052423,78.97515449,24.97571068,1,1
169.2552741,12,1572266741,AUT,FALSE,TRUE,TRUE,596.4724829,-120.9459284,178.339491,-179.8864514,0.112517285,179.6510554,-8.367344346,2.911417286,0.865759746,0.124758297,1.295013408,-0.572439805,-50.41522636,70.20008582,74.72040024,-80.23527259,-67.2052423,78.97515449,24.97571068,1,1
169.3558462,12,1572266741,AUT,FALSE,TRUE,TRUE,596.7905236,-82.56389044,180.0561173,-179.9557866,0.033189693,179.8698917,-4.768606298,-1.991904728,1.065866093,-0.472087217,0.733869369,-0.269521487,-47.37277908,69.50190811,74.67714157,-81.576511,-66.92411865,78.73087005,29.17627144,1,1
169.4563901,12,1572266742,AUT,FALSE,TRUE,TRUE,601.4139052,-67.05678176,177.7862277,179.9989013,0.115374514,-179.8719635,-3.550711447,-5.942426549,2.511441772,-0.715331936,0.186197112,-0.001857349,-45.32962761,69.39535103,74.03316421,-81.17158241,-66.87093383,78.39927521,30.59366226,1,1
169.5568862,12,1572266742,AUT,FALSE,TRUE,TRUE,601.4139052,-67.05678176,177.7862277,179.9989013,0.115374514,-179.8719635,-3.550711447,-5.942426549,2.511441772,-0.715331936,0.186197112,-0.001857349,-45.32962761,69.39535103,74.03316421,-81.17158241,-66.87093383,78.39927521,30.59366226,1,1
169.6574321,12,1572266742,AUT,FALSE,TRUE,TRUE,611.1020949,-66.22213676,173.925822,179.9606034,0.410911773,-179.823035,-8.733887867,-2.12241105,0.208798021,-0.195949662,0.416567926,0.024044399,-43.99916267,69.74684829,73.10919342,-79.39043083,-66.85660217,78.03888244,30.05162429,1,1
169.758013,12,1572266742,AUT,FALSE,TRUE,TRUE,630.9499137,-75.54712679,173.4148805,-179.9819299,0.481167721,-179.9654246,-10.24272491,3.411624912,-1.012787276,0.387702488,0.418387751,-0.259176786,-42.42151222,70.88036613,72.56591263,-74.81211548,-66.8669458,78.80529213,27.19476699,1,1
169.8586171,12,1572266742,AUT,FALSE,TRUE,TRUE,630.9499137,-75.54712679,173.4148805,-179.9819299,0.481167721,-179.9654246,-10.24272491,3.411624912,-1.012787276,0.387702488,0.418387751,-0.259176786,-42.42151222,70.88036613,72.56591263,-74.81211548,-66.8669458,78.80529213,27.19476699,1,1
169.9592621,12,1572266742,AUT,FALSE,TRUE,TRUE,649.8801078,-84.25763497,176.6007966,-179.9746831,0.476608957,179.9711829,-5.993172196,2.367822211,-0.960862597,-0.136185509,0.022856604,-0.352751662,-40.73774414,71.95598259,72.53988189,-69.95052795,-66.99735351,80.25951461,24.48099975,1,1
170.060276,12,1572266742,AUT,FALSE,TRUE,TRUE,668.4560549,-90.24369504,180.240259,-179.9072163,0.441293297,179.9276046,-5.524081793,4.090656058,-0.514991141,-0.062258287,-0.01255684,-0.299854439,-38.67877578,72.97266769,72.50564231,-64.87620391,-67.1109027,81.76892967,21.86779518,1,1
170.1610332,12,1572266742,AUT,FALSE,TRUE,TRUE,685.1741781,-92.58137661,183.4382632,-179.9487645,0.388355064,179.8953602,-3.77416817,3.128425904,0.651340555,-0.207766183,-0.347081141,-0.210620934,-36.44813919,73.85190696,72.38073463,-60.06856269,-67.17434326,83.10916214,19.75809402,1,1
170.2621021,12,1572266742,AUT,FALSE,TRUE,TRUE,700.886677,-91.89950815,185.597713,-179.9952626,0.32551569,179.9402657,-0.417999369,1.61024863,0.199420981,-0.199116286,-0.45115883,0.061931982,-33.93342018,74.68061256,72.11802406,-55.35462456,-67.2588446,84.30233917,17.92168121,1,1
170.3627472,12,1572266742,AUT,FALSE,TRUE,TRUE,700.886677,-91.89950815,185.597713,-179.9952626,0.32551569,179.9402657,-0.417999369,1.61024863,0.199420981,-0.199116286,-0.45115883,0.061931982,-33.93342018,74.68061256,72.11802406,-55.35462456,-67.2588446,84.30233917,17.92168121,1,1
170.463397,12,1572266743,AUT,FALSE,TRUE,TRUE,712.8590706,-87.62066204,186.3455089,-179.9694356,0.146288106,179.8481788,6.004550585,4.532188442,-0.916839952,0.154135746,-1.309777992,-0.06764933,-31.61039543,75.44370918,71.89145164,-51.43942337,-67.26082214,85.31291999,16.58541756,1,1
170.5639832,12,1572266743,AUT,FALSE,TRUE,TRUE,720.4883925,-73.27053732,184.9080362,-179.8413604,0.047245429,179.647086,7.326392243,8.216726268,-0.9252833,0.168176866,-1.301486971,-0.585742169,-29.48075409,76.05287018,71.8635807,-49.26969909,-67.31642395,85.74259872,16.62299423,1,1
170.664536,12,1572266743,AUT,FALSE,TRUE,TRUE,723.5428069,-46.2978707,182.1836826,-179.7890065,-0.015387696,179.5885729,2.741590299,6.03414051,-0.583176457,-0.180681578,-0.267744779,-0.665093274,-27.21865883,76.3700386,71.87071838,-48.94925194,-67.44197021,85.67692108,18.59136314,1,1
170.765023,12,1572266743,AUT,FALSE,TRUE,TRUE,723.5428069,-46.2978707,182.1836826,-179.7890065,-0.015387696,179.5885729,2.741590299,6.03414051,-0.583176457,-0.180681578,-0.267744779,-0.665093274,-27.21865883,76.3700386,71.87071838,-48.94925194,-67.44197021,85.67692108,18.59136314,1,1
170.8655851,12,1572266743,AUT,FALSE,TRUE,TRUE,724.1718097,-12.35320708,180.4761407,-179.8735844,-0.047233973,179.5951941,-2.645363388,6.213866527,-1.878361256,-0.004558103,0.96331597,-0.552082232,-24.66533318,76.46324729,71.87397651,-49.24402542,-67.52878967,85.51898574,21.49777221,1,1
170.966141,12,1572266743,AUT,FALSE,TRUE,TRUE,723.8569262,20.38327288,180.1564846,-179.8951451,-0.085369517,179.6841964,-1.707043909,5.645650869,-0.736287397,0.3728944,1.010534255,-0.321156184,-22.05574379,76.46604538,71.83509178,-49.28661804,-67.57238342,85.51809998,24.16648178,1,1
171.0667191,12,1572266743,AUT,FALSE,TRUE,TRUE,722.4657596,48.17128524,179.8570743,-179.9089604,-0.12903523,179.7623692,-1.311132614,6.086309541,-0.715121077,0.633157357,0.938209129,-0.296238567,-19.80856247,76.46445923,71.75961571,-49.27044411,-67.57548156,85.54070434,26.39888992,1,1
171.1673472,12,1572266743,AUT,FALSE,TRUE,TRUE,720.5877296,72.07241761,180.1065076,-179.9282371,-0.110937625,179.7907386,0.52411373,3.040079312,-0.691323253,-0.082750591,0.480921479,-0.364883174,-17.86631012,76.44229087,71.7425251,-49.2553585,-67.57879394,85.5411026,28.32172394,1,1
171.2678802,12,1572266743,AUT,FALSE,TRUE,TRUE,720.5877296,72.07241761,180.1065076,-179.9282371,-0.110937625,179.7907386,0.52411373,3.040079312,-0.691323253,-0.082750591,0.480921479,-0.364883174,-17.86631012,76.44229087,71.7425251,-49.2553585,-67.57879394,85.5411026,28.32172394,1,1
171.368371,12,1572266743,AUT,FALSE,TRUE,TRUE,717.3253538,90.17779663,180.8536073,179.9627615,-0.341481977,179.9961759,6.378955321,-0.91985281,-0.99019612,-0.214643717,0.125415326,0.218750992,-16.36064758,76.36116028,71.73254127,-49.32938576,-67.57692626,85.8352787,29.93263549,1,1
171.4689281,12,1572266744,AUT,FALSE,TRUE,TRUE,717.3253538,90.17779663,180.8536073,179.9627615,-0.341481977,179.9961759,6.378955321,-0.91985281,-0.99019612,-0.214643717,0.125415326,0.218750992,-16.36064758,76.36116028,71.73254127,-49.32938576,-67.57692626,85.8352787,29.93263549,1,1
171.5694652,12,1572266744,AUT,FALSE,TRUE,TRUE,706.1266053,103.7095588,182.9064141,179.880197,-0.803176996,-179.6922798,17.14798599,-3.591489726,-0.448583857,0.129458909,-0.701613201,0.61401522,-15.93658218,75.90889434,71.79258499,-50.85177154,-67.38872497,86.03776016,32.36007843,1,1
171.6704061,12,1572266744,AUT,FALSE,TRUE,TRUE,706.1266053,103.7095588,182.9064141,179.880197,-0.803176996,-179.6922798,17.14798599,-3.591489726,-0.448583857,0.129458909,-0.701613201,0.61401522,-18.15344467,74.44076385,72.13167114,-57.20435829,-66.99393127,84.8811367,35.53339004,1,1
171.7711961,12,1572266744,AUT,FALSE,TRUE,TRUE,686.2273524,108.6167096,183.4661016,179.9499757,-0.80438379,-179.6073096,11.98184265,-2.873085578,-0.558822029,0.455937261,-0.068483648,0.450276985,-18.15344467,74.44076385,72.13167114,-57.20435829,-66.99393127,84.8811367,35.53339004,1,1
171.8727591,12,1572266744,AUT,FALSE,TRUE,TRUE,652.6637617,105.5395681,176.2432723,-179.9447331,-0.523575052,-179.6766599,-1.023937848,2.449961852,2.036966054,0.863135921,0.792296622,-0.128911787,-22.53955764,72.55800934,72.20891533,-67.08402671,-66.67720092,81.87299079,39.94215889,1,1
171.9732492,12,1572266744,AUT,FALSE,TRUE,TRUE,652.6637617,105.5395681,176.2432723,-179.9447331,-0.523575052,-179.6766599,-1.023937848,2.449961852,2.036966054,0.863135921,0.792296622,-0.128911787,-22.53955764,72.55800934,72.20891533,-67.08402671,-66.67720092,81.87299079,39.94215889,1,1
172.0738251,12,1572266744,AUT,FALSE,TRUE,TRUE,628.0822631,98.73668358,169.6396245,-179.8395925,-0.321115625,-179.8249233,-6.276222845,6.92151292,-0.496132571,0.994144297,1.33789199,-0.722285995,-25.93891639,71.39587898,72.25071831,-73.75002251,-66.68443542,79.52746467,42.45998497,1,1
172.1744452,12,1572266744,AUT,FALSE,TRUE,TRUE,628.0822631,98.73668358,169.6396245,-179.8395925,-0.321115625,-179.8249233,-6.276222845,6.92151292,-0.496132571,0.994144297,1.33789199,-0.722285995,-28.11560669,70.43563614,72.75568084,-78.20356064,-66.72665588,78.05941314,44.35211563,1,1
172.275089,12,1572266744,AUT,FALSE,TRUE,TRUE,610.1860387,98.53992917,169.7057634,-179.6312118,0.013646095,179.8183104,-14.39165618,17.52644425,0.138101185,1.833610196,1.769121559,-1.883773492,-28.11560669,70.43563614,72.75568084,-78.20356064,-66.72665588,78.05941314,44.35211563,1,1
172.375649,12,1572266744,AUT,FALSE,TRUE,TRUE,610.1860387,98.53992917,169.7057634,-179.6312118,0.013646095,179.8183104,-14.39165618,17.52644425,0.138101185,1.833610196,1.769121559,-1.883773492,-26.8117424,69.94755478,73.6992485,-79.38115768,-66.7154663,78.20235901,47.06796684,1,1
172.4762011,12,1572266745,AUT,FALSE,TRUE,TRUE,601.9270606,122.1400562,176.3265587,-179.6545403,0.254903744,179.5424275,-11.81493757,15.99396935,1.670450805,1.2359281,1.17921286,-1.751918027,-26.8117424,69.94755478,73.6992485,-79.38115768,-66.7154663,78.20235901,47.06796684,1,1
172.576705,12,1572266745,AUT,FALSE,TRUE,TRUE,601.5605235,147.3925005,178.5157254,-179.6864244,0.30870811,179.5159981,-10.07317955,12.78534784,2.629317727,0.535861301,0.692272254,-1.510667405,-24.05422211,70.02604523,73.70298042,-78.28012161,-66.64024841,78.55244522,48.86757889,1,1
172.6772652,12,1572266745,AUT,FALSE,TRUE,TRUE,605.8863495,183.9633052,179.0769414,-179.7892719,0.315705162,179.5499362,-8.441167059,9.13317346,1.808996303,0.535861301,0.692272254,-1.510667405,-20.37656936,70.45793151,73.39068031,-75.94104309,-66.61307922,79.23378296,50.70372047,1,1
172.7778411,12,1572266745,AUT,FALSE,TRUE,TRUE,605.8863495,183.9633052,179.0769414,-179.7892719,0.315705162,179.5499362,-8.441167059,9.13317346,1.808996303,0.772593506,0.536984227,-1.07298052,-20.37656936,70.45793151,73.39068031,-75.94104309,-66.61307922,79.23378296,50.70372047,1,1
172.878443,12,1572266745,AUT,FALSE,TRUE,TRUE,611.2939366,213.1164266,178.7973912,-179.86849,0.162213258,179.6585858,-1.895383797,4.37092624,2.173921797,-0.205124519,0.217368324,-0.653228927,-15.21919556,71.41679764,72.8500431,-71.62650604,-66.60544372,80.14582329,51.58458366,1,1
172.9790401,12,1572266745,AUT,FALSE,TRUE,TRUE,615.3030529,237.115537,177.6515259,-179.9070871,0.007138928,179.7552576,2.701187694,2.914810207,1.303510782,-0.300228947,-0.082166429,-0.404324985,-11.77017174,72.17561645,72.4477478,-68.49601364,-66.61501281,80.87849464,52.09510803,1,1
173.0798001,12,1572266745,AUT,FALSE,TRUE,TRUE,614.9486335,257.273585,175.6358184,179.919642,-0.272434899,179.9951651,11.15564671,-2.180045387,1.585871175,-0.59219134,-0.732412623,0.411203721,-8.9089508,72.7992485,72.10940666,-66.27148819,-66.63356872,81.53145676,52.97961388,1,1
173.1803582,12,1572266745,AUT,FALSE,TRUE,TRUE,614.9486335,257.273585,175.6358184,179.919642,-0.272434899,179.9951651,11.15564671,-2.180045387,1.585871175,-0.59219134,-0.732412623,0.411203721,-7.363215631,73.08853226,71.92074738,-66.28484344,-66.68675354,81.44240226,54.49020653,1,1
173.280993,12,1572266745,AUT,FALSE,TRUE,TRUE,607.3425487,272.6307112,171.6000597,179.9108126,-0.478113049,-179.904937,10.18219668,-2.495423761,0.055242571,-0.451144667,-0.051130278,0.669546914,-7.363215631,73.08853226,71.92074738,-66.28484344,-66.68675354,81.44240226,54.49020653,1,1
173.381758,12,1572266745,AUT,FALSE,TRUE,TRUE,594.4962638,282.7801748,167.6259079,179.9030888,-0.577080716,-179.7948171,8.939866562,-2.529793489,-0.574869326,-0.235116198,0.343074562,0.730708521,-6.886584088,73.0177288,71.93040161,-68.09209099,-66.84583557,80.89842109,56.64699783,1,1
173.482331,12,1572266746,AUT,FALSE,TRUE,TRUE,576.6459309,287.6974494,164.7949449,179.8648794,-0.58414264,-179.6413563,6.93337551,-2.127288684,-0.911200728,0.361830705,0.54471666,0.800462603,-7.302437206,72.43650741,71.96881943,-71.37946472,-66.90290405,79.99737739,59.33126678,1,1
173.582937,12,1572266746,AUT,FALSE,TRUE,TRUE,576.6459309,287.6974494,164.7949449,179.8648794,-0.58414264,-179.6413563,6.93337551,-2.127288684,-0.911200728,0.361830705,0.54471666,0.800462603,-7.302437206,72.43650741,71.96881943,-71.37946472,-66.90290405,79.99737739,59.33126678,1,1
173.6834722,12,1572266746,AUT,FALSE,TRUE,TRUE,543.3047884,288.2259779,162.8077144,179.9578599,-0.563896248,-179.6215104,4.981263784,1.122123167,0.136540908,0.430579503,0.436696715,0.402031832,-8.7975254,71.15816231,72.26309853,-77.10396652,-66.80575744,78.51753273,63.70487938,1,1
173.7839491,12,1572266746,AUT,FALSE,TRUE,TRUE,543.3047884,288.2259779,162.8077144,179.9578599,-0.563896248,-179.6215104,4.981263784,1.122123167,0.136540908,0.430579503,0.436696715,0.402031832,-8.7975254,71.15816231,72.26309853,-77.10396652,-66.80575744,78.51753273,63.70487938,1,1
173.88447,12,1572266746,AUT,FALSE,TRUE,TRUE,510.9051449,283.5211651,159.8251949,-179.9693401,-0.490122289,-179.5985327,0.728535945,5.21062557,1.395921851,1.340443333,0.718960547,0.082954759,-11.20811462,69.29327774,72.62707214,-85.00672073,-66.79583129,76.21962547,67.69472923,1,1
173.9850352,12,1572266746,AUT,FALSE,TRUE,TRUE,485.369996,274.4970968,155.9522847,-179.8746805,-0.358175748,-179.6398837,0.728535945,5.21062557,1.395921851,1.340443333,0.718960547,0.082954759,-13.37454299,67.80354538,72.67751655,-90.84510269,-66.82390136,74.09700851,70.52019309,1,1
180.250299,13,1572266752,AUT,FALSE,FALSE,TRUE,471.9793846,-400.0009463,169.9878955,-179.9936865,-0.005797468,-179.9980096,-0.99837622,-0.514450376,0.834355131,-0.183706293,0.317946722,0.203852415,-77.48790092,70.44569893,72.86228256,-78.18037605,-66.88139831,78.27970963,-4.69538155,0.5,1
180.3510232,13,1572266752,AUT,FALSE,TRUE,TRUE,471.794309,-400.6362629,170.1262806,179.9357137,0.004233079,-179.9848475,-2.418607217,-1.037641109,1.032801379,-0.086939024,0.40499365,0.356036013,-77.51926003,70.44606285,72.86225853,-78.14076691,-66.8834143,78.29027709,-4.703071981,1,1
180.4516871,13,1572266753,AUT,FALSE,TRUE,TRUE,475.9486705,-401.8350946,171.9598542,179.9523782,0.286906452,-179.8318787,-12.23101678,-0.025138018,0.671725432,0.179657459,0.867846642,0.252684888,-77.15361786,70.44777259,72.86478881,-77.52726974,-66.88566101,78.27035408,-4.8710804,1,1
180.5522451,13,1572266753,AUT,FALSE,TRUE,TRUE,475.9486705,-401.8350946,171.9598542,179.9523782,0.286906452,-179.8318787,-12.23101678,-0.025138018,0.671725432,0.179657459,0.867846642,0.252684888,-77.15361786,70.44777259,72.86478881,-77.52726974,-66.88566101,78.27035408,-4.8710804,1,1
180.652797,13,1572266753,AUT,FALSE,TRUE,TRUE,491.1415489,-399.0121692,174.2185006,179.930202,0.628687729,-179.8802043,-12.6842338,-5.478135806,1.925155179,-0.497326501,0.468022771,0.241837623,-75.17041054,70.81721534,72.86718178,-75.39599418,-66.88580932,78.70034866,-4.753286363,1,1
180.7533081,13,1572266753,AUT,FALSE,TRUE,TRUE,491.1415489,-399.0121692,174.2185006,179.930202,0.628687729,-179.8802043,-12.6842338,-5.478135806,1.925155179,-0.497326501,0.468022771,0.241837623,-71.45075226,72.05666198,72.8555912,-70.87376747,-67.26696899,79.87672347,-5.056653219,1,1
180.8538761,13,1572266753,AUT,FALSE,TRUE,TRUE,517.962557,-396.4714228,174.8830048,179.9329453,0.684951178,-179.8524982,-13.98842756,-3.055444189,1.507153061,-0.105515148,0.839664843,0.434139388,-71.45075226,72.05666198,72.8555912,-70.87376747,-67.26696899,79.87672347,-5.056653219,1,1
180.9544411,13,1572266753,AUT,FALSE,TRUE,TRUE,546.184233,-396.9268844,174.396935,179.9836923,0.594360336,-179.9202932,-5.689127829,0.770845112,0.286554574,-0.105515148,0.839664843,0.434139388,-67.16720695,73.52010956,72.54289627,-64.96997909,-67.56494018,81.25496178,-6.230072025,1,1
181.0549781,13,1572266753,AUT,FALSE,TRUE,TRUE,546.184233,-396.9268844,174.396935,179.9836923,0.594360336,-179.9202932,-5.689127829,0.770845112,0.286554574,-0.090219741,-0.047811399,0.082886593,-67.16720695,73.52010956,72.54289627,-64.96997909,-67.56494018,81.25496178,-6.230072025,1,1
181.155534,13,1572266753,AUT,FALSE,TRUE,TRUE,577.6079941,-397.372949,175.0377126,179.9869255,0.367984652,-179.9461127,2.627716063,1.192272254,0.347681107,0.235532041,-0.559698573,0.000172913,-61.98758239,75.11129036,72.0681324,-57.43831214,-67.73353088,83.16105881,-8.133312613,1,1
181.2561462,13,1572266753,AUT,FALSE,TRUE,TRUE,593.694729,-398.7203808,176.7918639,-179.9548172,0.103132242,-179.9801234,7.826240998,3.084701554,-1.212095655,0.25167793,-1.216849801,-0.186623686,-58.99109916,75.95228004,71.7791336,-52.71970481,-67.76192504,84.48057174,-9.62704125,1,1
181.3566792,13,1572266753,AUT,FALSE,TRUE,TRUE,602.7294825,-401.6487623,178.8127882,-179.8939317,-0.052793177,179.9952137,11.81807774,4.929168705,0.053589738,0.539063319,-1.752958225,-0.39242951,-57.14222374,76.46018486,71.60313949,-49.39450035,-67.76359497,85.42712631,-10.95428238,1,1
181.4572761,13,1572266754,AUT,FALSE,TRUE,TRUE,602.7294825,-401.6487623,178.8127882,-179.8939317,-0.052793177,179.9952137,11.81807774,4.929168705,0.053589738,0.539063319,-1.752958225,-0.39242951,-57.14222374,76.46018486,71.60313949,-49.39450035,-67.76359497,85.42712631,-10.95428238,1,1
181.5578561,13,1572266754,AUT,FALSE,TRUE,TRUE,607.2245265,-401.1578863,179.9044194,-179.8459529,-0.109971619,179.8991375,11.04950843,8.111084457,0.110866256,1.043932103,-1.752887952,-0.603903688,-56.25409241,76.69940185,71.61789894,-47.94816055,-67.75999145,85.89339981,-11.42808495,1,1
181.6583791,13,1572266754,AUT,FALSE,TRUE,TRUE,610.2741628,-392.5151416,179.1750247,-179.733201,-0.172460468,179.6959518,2.521908889,7.881483943,-0.639466242,0.538453764,0.099980268,-1.17002242,-55.86066169,76.71940384,71.7890419,-48.4386692,-67.74047973,85.91016769,-10.64388085,1,1
181.758971,13,1572266754,AUT,FALSE,TRUE,TRUE,610.2741628,-392.5151416,179.1750247,-179.733201,-0.172460468,179.6959518,2.521908889,7.881483943,-0.639466242,0.538453764,0.099980268,-1.17002242,-55.86066169,76.71940384,71.7890419,-48.4386692,-67.74047973,85.91016769,-10.64388085,1,1
181.8595622,13,1572266754,AUT,FALSE,TRUE,TRUE,615.3381565,-368.0935785,177.0246071,-179.670337,-0.244183749,179.579614,5.293726139,8.758696923,-0.804075635,0.408935431,-0.070434264,-1.375029993,-55.3833538,76.39880218,72.04059448,-51.19648819,-67.7423529,85.3495491,-7.600132375,1,1
181.960433,13,1572266754,AUT,FALSE,TRUE,TRUE,618.270336,-337.2970887,174.6987303,-179.6698312,-0.274991549,179.5423755,4.546881975,8.658402986,0.548024857,0.614065947,0.105023157,-1.410671428,-55.0773262,75.80355606,72.29360275,-55.18837394,-67.73723876,84.43395881,-3.502873994,1,1
182.0612221,13,1572266754,AUT,FALSE,TRUE,TRUE,618.153783,-300.9700982,172.910794,-179.6939097,-0.23991728,179.5417573,2.735423363,6.290912192,-1.244959191,0.190858769,0.142398254,-1.301336471,-54.87313843,74.94727134,72.63948669,-60.24459114,-67.73221252,83.25978469,1.443194956,1,1
182.1617901,13,1572266754,AUT,FALSE,TRUE,TRUE,614.5764142,-260.7321011,172.4925918,-179.7217117,-0.187814805,179.5542709,-0.791653229,6.134440077,-1.003408337,0.41603618,0.372124086,-1.124971446,-54.62177467,73.88236313,73.12101745,-65.71750946,-67.71822692,82.07065887,6.925554656,1,1
182.2622931,13,1572266754,AUT,FALSE,TRUE,TRUE,614.5764142,-260.7321011,172.4925918,-179.7217117,-0.187814805,179.5542709,-0.791653229,6.134440077,-1.003408337,0.41603618,0.372124086,-1.124971446,-54.62177467,73.88236313,73.12101745,-65.71750946,-67.71822692,82.07065887,6.925554656,1,1
182.3628552,13,1572266754,AUT,FALSE,TRUE,TRUE,608.5910804,-219.8725943,173.2118425,-179.7588133,-0.08713551,179.5947833,-4.02744929,5.856995208,0.135167528,0.41571334,0.788866554,-1.013782389,-54.14325485,72.72150993,73.64176254,-71.04825096,-67.67628112,80.90940742,12.47047462,1,1
182.4633882,13,1572266755,AUT,FALSE,TRUE,TRUE,602.3785002,-179.4719483,175.1254069,-179.7837499,0.056824505,179.6387791,-7.659435914,5.67024238,-0.651561644,0.424591016,0.822207587,-0.945581574,-53.20864448,71.59075928,74.16723861,-75.59987983,-67.57123535,79.92722969,17.69835319,1,1
182.5638711,13,1572266755,AUT,FALSE,TRUE,TRUE,598.7841205,-143.9225858,177.6772469,-179.803021,0.162881185,179.6687034,-10.08791182,4.372098914,0.1714909,0.297559027,1.047857564,-0.893963485,-51.67354202,70.66348228,74.56792373,-78.65192299,-67.37574462,79.29786415,22.16144256,1,1
182.6644201,13,1572266755,AUT,FALSE,TRUE,TRUE,598.7841205,-143.9225858,177.6772469,-179.803021,0.162881185,179.6687034,-10.08791182,4.372098914,0.1714909,0.297559027,1.047857564,-0.893963485,-49.43947563,70.00255851,74.67167244,-80.16552658,-67.09948791,79.00578231,25.75935859,1,1
182.7649801,13,1572266755,AUT,FALSE,TRUE,TRUE,598.8447266,-111.728403,179.8026913,-179.8621888,0.153182131,179.7309557,-7.403096113,2.804391168,-0.079663034,0.055717326,0.800480269,-0.864587202,-49.43947563,70.00255851,74.67167244,-80.16552658,-67.09948791,79.00578231,25.75935859,1,1
182.865453,13,1572266755,AUT,FALSE,TRUE,TRUE,601.5602639,-87.4688352,180.6496325,-179.9095057,0.049249235,179.9091905,0.622853582,-2.960436808,0.075329331,-0.685670077,-0.139312178,-0.526917216,-47.15208778,69.67693748,74.49344329,-80.40209312,-66.89168701,78.99020919,28.21581573,1,1
182.9660001,13,1572266755,AUT,FALSE,TRUE,TRUE,605.4360289,-73.22054438,179.6266166,-179.9597748,0.11666195,-179.9545893,-0.364917799,-3.830024688,-0.899648607,-0.578977621,-0.316780235,-0.33784493,-45.38771095,69.59113426,74.08783493,-80.07435036,-66.80274719,78.79760513,29.49951668,1,1
183.0665321,13,1572266755,AUT,FALSE,TRUE,TRUE,613.3181361,-69.59856765,179.8018375,-179.9999042,0.430760496,-179.9276767,-7.287069295,-1.830769463,-1.260892129,-0.29261577,-0.202848599,-0.174140759,-44.20987357,69.71716461,73.68224372,-78.72345085,-66.77082641,78.67971496,29.35026741,1,1
183.1670551,13,1572266755,AUT,FALSE,TRUE,TRUE,613.3181361,-69.59856765,179.8018375,-179.9999042,0.430760496,-179.9276767,-7.287069295,-1.830769463,-1.260892129,-0.29261577,-0.202848599,-0.174140759,-44.20987357,69.71716461,73.68224372,-78.72345085,-66.77082641,78.67971496,29.35026741,1,1
183.267607,13,1572266755,AUT,FALSE,TRUE,TRUE,627.9469164,-74.4682652,182.8283209,-179.9888746,0.527731017,-179.9140609,-8.943275008,0.936052317,-1.181432513,0.052043847,0.09537557,-0.325726804,-42.8895401,70.2281044,73.41349411,-75.48557739,-66.69452087,79.53056831,27.52736434,1,1
183.3681922,13,1572266755,AUT,FALSE,TRUE,TRUE,627.9469164,-74.4682652,182.8283209,-179.9888746,0.527731017,-179.9140609,-8.943275008,0.936052317,-1.181432513,0.052043847,0.09537557,-0.325726804,-42.8895401,70.2281044,73.41349411,-75.48557739,-66.69452087,79.53056831,27.52736434,1,1
183.468673,13,1572266756,AUT,FALSE,TRUE,TRUE,654.3979648,-85.51345045,188.0690988,-179.8900632,0.380582832,179.9762493,-4.19151845,4.894028666,0.130799094,0.754917916,-0.100176397,-0.495418334,-40.74629287,71.33105278,73.18671569,-68.45374717,-66.67099365,81.66009636,23.63798446,1,1
183.5692081,13,1572266756,AUT,FALSE,TRUE,TRUE,654.3979648,-85.51345045,188.0690988,-179.8900632,0.380582832,179.9762493,-4.19151845,4.894028666,0.130799094,0.754917916,-0.100176397,-0.495418334,-37.87842521,72.72351837,72.83508796,-63.37211036,-66.8339154,82.81583061,21.44805564,1,1
183.669899,13,1572266756,AUT,FALSE,TRUE,TRUE,673.0196921,-87.84484831,188.2406339,-179.9113033,0.339885311,179.9197242,-3.762660021,2.439329283,-2.425256208,-0.052625149,-0.594204784,-0.219707166,-37.87842521,72.72351837,72.83508796,-63.37211036,-66.8339154,82.81583061,21.44805564,1,1
183.770534,13,1572266756,AUT,FALSE,TRUE,TRUE,673.0196921,-87.84484831,188.2406339,-179.9113033,0.339885311,179.9197242,-3.762660021,2.439329283,-2.425256208,-0.052625149,-0.594204784,-0.219707166,-34.84341431,73.81548729,72.43090095,-58.12107811,-66.94589355,84.07205543,19.62429428,1,1
183.871659,13,1572266756,AUT,FALSE,TRUE,TRUE,691.7622531,-85.00155683,189.3489004,-179.9919421,0.224337856,179.9168406,0.788845903,3.91609819,-1.088401378,0.246737741,-0.547240638,-0.134472065,-34.84341431,73.81548729,72.43090095,-58.12107811,-66.94589355,84.07205543,19.62429428,1,1
183.9724462,13,1572266756,AUT,FALSE,TRUE,TRUE,700.6016691,-78.85070148,191.0432718,-179.8951915,0.225341867,179.8133787,1.678442381,4.734009268,-1.813308276,0.139600454,-0.954539752,-0.426665575,-33.05270805,74.27212715,72.35495109,-55.51744194,-66.94527832,84.74922523,18.91387024,1,1
184.0729542,13,1572266756,AUT,FALSE,TRUE,TRUE,705.9631831,-66.6146628,192.358133,-179.789153,0.283130771,179.7178992,-2.748438485,9.131034979,-1.221051594,0.715451578,-0.408352682,-0.933413666,-31.50847664,74.47401809,72.36641808,-54.23773384,-66.9432019,85.03599929,19.22972717,1,1
184.1735332,13,1572266756,AUT,FALSE,TRUE,TRUE,705.9631831,-66.6146628,192.358133,-179.789153,0.283130771,179.7178992,-2.748438485,9.131034979,-1.221051594,0.715451578,-0.408352682,-0.933413666,-31.50847664,74.47401809,72.36641808,-54.23773384,-66.9432019,85.03599929,19.22972717,1,1
184.2741411,13,1572266756,AUT,FALSE,TRUE,TRUE,710.1188784,-41.84571106,192.6860806,-179.8183059,0.254167565,179.6197139,-2.974628754,8.913633897,0.398517622,0.673583913,-0.191124628,-0.983192369,-29.1839447,74.63404769,72.39992638,-53.49231148,-66.94030151,85.22846946,20.91473808,1,1
184.37466,13,1572266756,AUT,FALSE,TRUE,TRUE,711.3123865,-9.361256544,190.9678208,-179.8230224,0.12762898,179.597719,-5.749944094,10.79956394,0.205973564,1.09715915,0.750274462,-0.769319684,-26.51288337,74.77596016,72.34068603,-53.39715957,-66.94530029,85.22006836,23.49686508,1,1
184.4752581,13,1572266757,AUT,FALSE,TRUE,TRUE,711.3123865,-9.361256544,190.9678208,-179.8230224,0.12762898,179.597719,-5.749944094,10.79956394,0.205973564,1.09715915,0.750274462,-0.769319684,-26.51288337,74.77596016,72.34068603,-53.39715957,-66.94530029,85.22006836,23.49686508,1,1
184.5758672,13,1572266757,AUT,FALSE,TRUE,TRUE,711.0831213,26.47662002,188.5300075,-179.8505836,0.084925302,179.6679993,0.116678789,3.914073634,-1.215287625,-0.2615382,-0.40590217,-0.625149522,-23.54716873,74.91610451,72.15915069,-53.38440513,-66.99398071,85.05555839,26.42818565,1,1
184.6763752,13,1572266757,AUT,FALSE,TRUE,TRUE,711.0831213,26.47662002,188.5300075,-179.8505836,0.084925302,179.6679993,0.116678789,3.914073634,-1.215287625,-0.2615382,-0.40590217,-0.625149522,-20.89514122,74.97596283,72.04648933,-53.34593582,-67.02505004,84.97329139,29.03701629,1,1
184.7769382,13,1572266757,AUT,FALSE,TRUE,TRUE,709.4200432,58.61223044,187.4526531,-179.8586746,0.083954489,179.7417647,1.169282102,1.534175807,-1.513897121,-0.41760238,-0.561555916,-0.522646996,-20.89514122,74.97596283,72.04648933,-53.34593582,-67.02505004,84.97329139,29.03701629,1,1
184.8775232,13,1572266757,AUT,FALSE,TRUE,TRUE,706.4042607,85.06754319,187.6005132,179.9328807,-0.097626215,-179.9564138,5.519060631,-4.07782204,-0.823770052,-0.693876898,-0.819010656,0.120466273,-18.50633239,74.92857056,71.89879531,-53.21186485,-67.05322448,85.22309303,31.39842796,1,1
184.97807,13,1572266757,AUT,FALSE,TRUE,TRUE,704.0867291,87.40550512,187.547502,179.9612699,-0.392198451,-179.7752115,9.932849909,-5.155909969,-0.674090717,-0.483403386,-0.5059848,0.202083715,-18.27175713,74.82523041,71.78106651,-53.44300689,-66.94799194,85.47617683,31.74896392,1,1
185.0786581,13,1572266757,AUT,FALSE,TRUE,TRUE,704.0867291,87.40550512,187.547502,179.9612699,-0.392198451,-179.7752115,9.932849909,-5.155909969,-0.674090717,-0.483403386,-0.5059848,0.202083715,-18.27175713,74.82523041,71.78106651,-53.44300689,-66.94799194,85.47617683,31.74896392,1,1
185.179425,13,1572266757,AUT,FALSE,TRUE,TRUE,698.282646,85.16539306,187.2140048,-179.9508008,-0.631169918,-179.7813884,12.98782319,-0.558468547,-0.33907841,0.252736936,-0.221087572,-0.180387155,-19.13295135,74.52526588,71.87554206,-54.99195556,-66.76049926,85.35246734,32.2191925,1,1
185.2804301,13,1572266757,AUT,FALSE,TRUE,TRUE,685.7318839,85.80681619,184.883775,-179.9336961,-0.740327812,-179.7658858,11.29429582,3.138207346,0.839018001,1.187775479,0.19073584,-0.128928633,-20.71595078,73.9048851,72.14279823,-58.56651191,-66.66581359,84.58464661,33.98266639,1,1
185.3811932,13,1572266757,AUT,FALSE,TRUE,TRUE,660.4274894,88.56787918,181.0815171,-179.9843774,-0.588058355,-179.7918779,11.29429582,3.138207346,0.839018001,1.187775479,0.19073584,-0.128928633,-23.55042686,72.65508041,72.46483154,-65.59158897,-66.57919189,82.60871429,37.69804344,1,1
185.4821122,13,1572266758,AUT,FALSE,TRUE,TRUE,660.4274894,88.56787918,181.0815171,-179.9843774,-0.588058355,-179.7918779,3.504706981,1.957683067,0.595073384,1.025510235,0.344120676,-0.125695814,-23.55042686,72.65508041,72.46483154,-65.59158897,-66.57919189,82.60871429,37.69804344,1,1
185.5826001,13,1572266758,AUT,FALSE,TRUE,TRUE,640.4074564,88.77136168,178.0021275,-179.9016,-0.224338775,-179.8291807,-7.260426885,5.913891742,-0.340258983,1.407598244,1.328134036,-0.427214354,-25.88581809,71.53185196,72.62575721,-71.11963806,-66.57767028,80.76893692,40.28473663,1,1
185.6831961,13,1572266758,AUT,FALSE,TRUE,TRUE,627.4881985,86.72569125,177.9509218,-179.8017402,0.070296467,-179.9770477,-13.02880548,7.955352511,-0.546282597,0.730188659,1.465657182,-1.204745527,-27.64973144,70.63674431,72.82520714,-74.60940742,-66.47055908,79.57913818,41.63227501,1,1
185.783484,13,1572266758,AUT,FALSE,TRUE,TRUE,627.4881985,86.72569125,177.9509218,-179.8017402,0.070296467,-179.9770477,-13.02880548,7.955352511,-0.546282597,0.730188659,1.465657182,-1.204745527,-27.64973144,70.63674431,72.82520714,-74.60940742,-66.47055908,79.57913818,41.63227501,1,1
185.8840091,13,1572266758,AUT,FALSE,TRUE,TRUE,621.1782656,92.35276996,179.8055525,-179.6804005,0.131010655,179.7496046,-12.64787651,15.29100971,1.874043227,1.469396372,1.608701785,-1.709207306,-27.97635498,70.22916183,73.17528305,-75.98254394,-66.27770507,79.23886757,42.55173798,1,1
185.9845741,13,1572266758,AUT,FALSE,TRUE,TRUE,619.7037121,108.2595333,179.4830495,-179.6317052,0.145371517,179.5923185,-9.133386238,18.43206631,1.876261728,2.001755583,0.979999704,-1.61274342,-26.57775764,70.34365311,73.22926025,-75.8064846,-66.28093505,79.19241256,43.81464729,1,1
186.085129,13,1572266758,AUT,FALSE,TRUE,TRUE,618.9345589,132.8518731,178.0374475,-179.7240787,0.208339269,179.514802,-7.878710951,12.02636995,2.123032301,0.444670791,0.918701742,-1.394819741,-24.01098747,70.66806908,73.11755333,-75.01732979,-66.42380676,79.18950462,45.77537727,1,1
186.185662,13,1572266758,AUT,FALSE,TRUE,TRUE,618.9345589,132.8518731,178.0374475,-179.7240787,0.208339269,179.514802,-7.878710951,12.02636995,2.123032301,0.444670791,0.918701742,-1.394819741,-20.74239693,71.1021492,72.88123398,-73.59194298,-66.49192749,79.45268898,47.75128555,1,1
186.286293,13,1572266758,AUT,FALSE,TRUE,TRUE,618.2202098,162.1863406,176.5414999,-179.7585384,0.126066164,179.5420191,-4.853392614,9.113430183,0.858258332,-0.251952147,0.633446998,-1.122724044,-20.74239693,71.1021492,72.88123398,-73.59194298,-66.49192749,79.45268898,47.75128555,1,1
186.3868361,13,1572266758,AUT,FALSE,TRUE,TRUE,618.4359287,191.5946379,175.997011,-179.8094859,0.068383019,179.6411829,-1.630666695,4.37529487,-0.225064553,-0.245842015,0.227732962,-0.934527199,-17.10409584,71.58274269,72.58867493,-71.53178329,-66.53267028,79.92414322,49.44224968,1,1
186.4873261,13,1572266759,AUT,FALSE,TRUE,TRUE,619.0520628,216.8601247,176.9989897,-179.8139132,0.058635971,179.7456838,-0.146025449,2.947405072,-0.009438304,-0.579077762,0.031712378,-0.775180601,-13.89528808,71.96301384,72.36169052,-69.36962585,-66.52974792,80.52482757,50.63106308,1,1
186.587908,13,1572266759,AUT,FALSE,TRUE,TRUE,618.6158666,237.8198754,177.911769,-179.882804,-0.038540353,179.8096243,2.976258535,4.701516443,0.775370895,-0.579077762,0.031712378,-0.775180601,-11.23347588,72.3169384,72.23444481,-67.50071068,-66.4985028,81.10699653,51.60403633,1,1
186.6884751,13,1572266759,AUT,FALSE,TRUE,TRUE,618.6158666,237.8198754,177.911769,-179.882804,-0.038540353,179.8096243,2.976258535,4.701516443,0.775370895,-0.001509303,-0.269220194,-0.658076232,-11.23347588,72.3169384,72.23444481,-67.50071068,-66.4985028,81.10699653,51.60403633,1,1
186.7889771,13,1572266759,AUT,FALSE,TRUE,TRUE,613.8943038,254.4387389,177.2696667,-179.9557759,-0.304222922,-179.989738,10.35515416,-3.082957528,-0.503338854,-0.85961093,-0.90704391,-0.097134466,-9.306254194,72.56698723,72.1761589,-66.70190849,-66.49428955,81.56286392,52.83512993,1,1
186.889513,13,1572266759,AUT,FALSE,TRUE,TRUE,604.2209097,266.2912753,176.7904329,179.9818315,-0.423715132,-179.799801,9.868620425,-2.637602925,-3.356506701,0.059634307,-0.510850334,0.276747376,-8.374812694,72.42766342,72.22295723,-67.55672035,-66.50045837,81.56619415,54.62881966,1,1
186.99016,13,1572266759,AUT,FALSE,TRUE,TRUE,589.9716586,273.4154938,178.885267,179.9683736,-0.497154468,-179.7464708,9.466523201,-0.498998494,-2.191040865,0.753349578,-0.409100222,0.362682427,-8.465549469,71.77697754,72.59224205,-69.94204788,-66.36386535,81.29620514,56.7734539,1,1
187.090796,13,1572266759,AUT,FALSE,TRUE,TRUE,570.7237497,276.7899145,181.1795822,179.9730364,-0.480038976,-179.6556513,9.466523201,-0.498998494,-2.191040865,0.753349578,-0.409100222,0.362682427,-9.2855278,70.67978324,72.98743744,-73.70556564,-66.09676025,80.61530342,59.44428863,1,1
187.1916652,13,1572266759,AUT,FALSE,TRUE,TRUE,570.7237497,276.7899145,181.1795822,179.9730364,-0.480038976,-179.6556513,7.085871611,-2.49754962,-1.681632123,0.522684934,-0.08273081,0.343868416,-9.2855278,70.67978324,72.98743744,-73.70556564,-66.09676025,80.61530342,59.44428863,1,1
187.292372,13,1572266759,AUT,FALSE,TRUE,TRUE,548.2523046,276.4343295,181.6435024,-179.964542,-0.456474453,-179.6836614,3.25669368,0.865874738,0.641694214,0.603470933,0.50629036,-0.11917323,-10.67542534,69.34054641,73.26811752,-78.35389824,-65.66409118,79.37741889,62.1875061,1,1
187.3929031,13,1572266759,AUT,FALSE,TRUE,TRUE,523.9953583,273.8158119,178.7208598,-179.8359107,-0.342091559,-179.7523927,-0.872963966,7.485204722,1.759015623,1.458756913,0.614271322,-0.651843923,-12.24473648,67.98785476,73.33643875,-83.41705055,-65.36914123,77.59609566,65.01209793,1,1
187.4934402,13,1572266760,AUT,FALSE,TRUE,TRUE,523.9953583,273.8158119,178.7208598,-179.8359107,-0.342091559,-179.7523927,-0.872963966,7.485204722,1.759015623,1.458756913,0.614271322,-0.651843923,-12.24473648,67.98785476,73.33643875,-83.41705055,-65.36914123,77.59609566,65.01209793,1,1
187.594018,13,1572266760,AUT,FALSE,TRUE,TRUE,497.7469404,271.0258295,171.4983291,-179.7838843,-0.34694628,-179.892199,-1.76048602,8.968277252,1.233054165,1.056957748,0.89529778,-1.079221987,-13.76312599,66.81782799,73.33979988,-88.68182945,-65.3202301,75.45208282,68.11341819,1,1
187.6945271,13,1572266760,AUT,FALSE,TRUE,TRUE,497.7469404,271.0258295,171.4983291,-179.7838843,-0.34694628,-179.892199,-1.76048602,8.968277252,1.233054165,1.056957748,0.89529778,-1.079221987,-13.76312599,66.81782799,73.33979988,-88.68182945,-65.3202301,75.45208282,68.11341819,1,1
187.795109,13,1572266760,AUT,FALSE,TRUE,TRUE,473.5911426,271.4324617,166.7385075,-179.7854166,-0.229072064,-179.9082955,-5.887700313,10.16949724,2.331245699,1.175173861,1.691704015,-1.101866292,-14.57297287,65.8708477,73.30046196,-93.28449669,-65.58051269,73.56871033,71.27922134,1,1
193.7096331,14,1572266766,AUT,FALSE,FALSE,TRUE,471.9260585,-400.0390087,169.9741919,-179.9982024,-0.012498481,-179.9981021,-0.670605316,-1.03551476,1.439462142,-0.313988266,0.364833239,0.239415321,-77.56586609,70.68717842,73.19777069,-78.18073654,-67.21227355,78.51696624,-4.595031744,0.5,1
193.810663,14,1572266766,AUT,FALSE,TRUE,TRUE,470.8024272,-402.1513648,170.1496363,179.9117778,-0.052322624,-179.9493568,-3.214458675,-3.004957674,4.242052042,-0.267901735,0.828856872,0.505907922,-77.69885559,70.69462509,73.19273758,-78.07029991,-67.24790771,78.59408684,-4.73854065,1,1
193.9112871,14,1572266766,AUT,FALSE,TRUE,TRUE,472.765036,-405.0504799,169.625753,179.9640192,0.245993385,-179.9689525,-9.742959848,0.05440669,1.520861742,0.175264838,1.005269098,0.18640024,-77.61998405,70.92133827,73.1962326,-77.51345443,-67.33567749,78.46337356,-5.175772481,1,1
194.011914,14,1572266766,AUT,FALSE,TRUE,TRUE,482.2150472,-404.2448655,168.1268055,-179.9767738,0.531103545,-179.9598032,-9.742959848,0.05440669,1.520861742,0.175264838,1.005269098,0.18640024,-76.51224289,71.46794929,73.19651413,-76.23908501,-67.61931701,78.4914402,-5.196450806,1,1
194.1124451,14,1572266766,AUT,FALSE,TRUE,TRUE,482.2150472,-404.2448655,168.1268055,-179.9767738,0.531103545,-179.9598032,-14.93750408,-1.301437677,1.189015186,0.059365818,1.226529164,-0.006739769,-76.51224289,71.46794929,73.19651413,-76.23908501,-67.61931701,78.4914402,-5.196450806,1,1
194.2129662,14,1572266766,AUT,FALSE,TRUE,TRUE,500.2749943,-400.8839276,167.3078827,179.9809712,0.706656127,-179.9211098,-15.02176831,-2.874746435,0.224680755,-0.142755667,1.081229923,-0.123832054,-74.09539489,72.31114997,73.19777412,-73.66266059,-68.00467895,79.01044807,-4.992396931,1,1
194.313524,14,1572266766,AUT,FALSE,TRUE,TRUE,523.97675,-398.0979277,168.5857495,179.9292666,0.728661144,-179.9024826,-10.86911922,-2.816428037,-1.074971969,0.088482184,0.648959154,0.206065914,-70.67507629,73.30727691,73.19104499,-69.55002823,-68.29300964,80.10828438,-5.220339206,1,1
194.414046,14,1572266766,AUT,FALSE,TRUE,TRUE,548.855095,-397.4493253,172.3827221,-179.9988895,0.564734705,-179.9037771,-1.898980289,-2.528211621,-0.302041065,-0.424122798,-0.73751614,0.030867478,-66.83493576,74.26067047,73.13631935,-64.33119277,-68.39670959,81.72446251,-6.285333256,1,1
194.5145581,14,1572266767,AUT,FALSE,TRUE,TRUE,548.855095,-397.4493253,172.3827221,-179.9988895,0.564734705,-179.9037771,-1.898980289,-2.528211621,-0.302041065,-0.424122798,-0.73751614,0.030867478,-66.83493576,74.26067047,73.13631935,-64.33119277,-68.39670959,81.72446251,-6.285333256,1,1
194.6151481,14,1572266767,AUT,FALSE,TRUE,TRUE,574.890565,-400.2702362,176.8299218,-179.9897495,0.259458495,-179.8327061,4.005357028,0.841241371,0.933219256,0.512108982,-0.742783745,-0.173302218,-63.28368759,75.04259491,72.81641807,-58.95047378,-68.35878479,83.61382942,-8.205118563,1,1
194.715683,14,1572266767,AUT,FALSE,TRUE,TRUE,588.3894745,-404.1654163,178.5774982,-179.935346,0.0808201,-179.867481,11.77125719,0.991307283,-0.669914518,0.513495367,-1.917950215,-0.405763629,-59.84631614,75.97882919,72.41254349,-53.12836876,-68.33746032,84.77356681,-9.928767019,1,1
194.8162291,14,1572266767,AUT,FALSE,TRUE,TRUE,588.3894745,-404.1654163,178.5774982,-179.935346,0.0808201,-179.867481,11.77125719,0.991307283,-0.669914518,0.513495367,-1.917950215,-0.405763629,-59.84631614,75.97882919,72.41254349,-53.12836876,-68.33746032,84.77356681,-9.928767019,1,1
194.9167671,14,1572266767,AUT,FALSE,TRUE,TRUE,596.0367779,-407.4527648,179.6542198,-179.8863835,-0.06204697,-179.9881602,12.36534949,5.729582737,-0.784065234,1.043807991,-1.750952394,-0.525268572,-58.26116753,76.51444015,72.29445762,-50.12524223,-68.33728454,85.61386299,-11.20068169,1,1
195.0173061,14,1572266767,AUT,FALSE,TRUE,TRUE,599.7446134,-405.5087433,179.3547515,-179.7634107,-0.159527992,179.8909925,10.47025706,8.196685299,0.211175066,1.061893687,-1.315570604,-0.951369574,-57.53837699,76.74305878,72.2919033,-49.20205421,-68.33698791,85.91213836,-11.44638749,1,1
195.117799,14,1572266767,AUT,FALSE,TRUE,TRUE,602.91306,-394.8058149,177.8145201,-179.7487739,-0.170236205,179.6950535,3.067833137,7.753631418,-0.616019744,0.548387845,0.158854924,-1.253833716,-57.23828544,76.74330597,72.45735741,-50.14744148,-68.32043701,85.72826499,-10.21572648,1,1
195.2183311,14,1572266767,AUT,FALSE,TRUE,TRUE,605.9013881,-376.7093287,176.2157713,-179.7200203,-0.235338977,179.6673185,3.067833137,7.753631418,-0.616019744,0.548387845,0.158854924,-1.253833716,-57.00517959,76.43880272,72.60274086,-52.45548019,-68.32199157,85.25265655,-7.8371521,1,1
195.3188622,14,1572266767,AUT,FALSE,TRUE,TRUE,605.9013881,-376.7093287,176.2157713,-179.7200203,-0.235338977,179.6673185,4.367641963,6.951200685,-0.635110899,0.398332066,-0.021418531,-1.29339431,-57.00517959,76.43880272,72.60274086,-52.45548019,-68.32199157,85.25265655,-7.8371521,1,1
195.4194,14,1572266767,AUT,FALSE,TRUE,TRUE,607.460944,-351.3006797,175.5611536,-179.7275971,-0.260926145,179.6276148,4.611237597,6.739377357,-1.10442581,0.475049756,-0.035735631,-1.28373433,-56.94790306,75.81562385,72.87583694,-56.06254921,-68.26134704,84.54553871,-4.3356308,1,1
195.5202992,14,1572266768,AUT,FALSE,TRUE,TRUE,606.9129319,-321.6757409,176.1291645,-179.7448079,-0.237548319,179.6259712,0.885011656,5.735867623,-0.757692293,0.479063537,0.408118489,-1.135980025,-56.978936,74.94713401,73.23276214,-60.36763801,-68.148078,83.71484184,-0.273387913,1,1
195.6210191,14,1572266768,AUT,FALSE,TRUE,TRUE,604.1137725,-287.2757303,177.4127588,-179.7427364,-0.213595443,179.6338891,1.364578007,6.208392948,0.557523221,0.572691267,0.257781717,-1.135766981,-56.93258056,73.876688,73.74573784,-65.3072834,-68.03536926,82.82360344,4.42366905,1,1
195.721833,14,1572266768,AUT,FALSE,TRUE,TRUE,604.1137725,-287.2757303,177.4127588,-179.7427364,-0.213595443,179.6338891,1.364578007,6.208392948,0.557523221,0.572691267,0.257781717,-1.135766981,-56.70266075,72.75239181,74.27763061,-70.55556908,-67.9197052,81.69816398,9.661864469,1,1
195.8223891,14,1572266768,AUT,FALSE,TRUE,TRUE,598.9848137,-248.5926497,177.9665312,-179.7314376,-0.116563799,179.6417142,-2.564264451,5.74948746,0.625381046,0.576114353,0.335720358,-1.135159342,-56.70266075,72.75239181,74.27763061,-70.55556908,-67.9197052,81.69816398,9.661864469,1,1
195.9229491,14,1572266768,AUT,FALSE,TRUE,TRUE,592.8242034,-207.1095679,176.7416342,-179.7562236,-0.001893717,179.617346,-6.644114161,6.659419698,1.321262557,0.627296724,0.871100512,-1.084545912,-55.98171043,71.73873825,74.6922409,-75.63187408,-67.84253723,80.38897476,15.18550529,1,1
196.0234981,14,1572266768,AUT,FALSE,TRUE,TRUE,588.0849199,-166.7646213,174.9241896,-179.7551649,0.120467115,179.6340869,-8.633506613,4.704484761,0.125046704,0.302742637,0.810964005,-1.043024176,-54.52484779,70.92298965,74.92190666,-79.65353966,-67.8394281,79.20570259,20.38895988,1,1
196.124032,14,1572266768,AUT,FALSE,TRUE,TRUE,586.837208,-129.9266037,175.0508356,-179.7951347,0.239523288,179.7068836,-12.04846638,6.525628541,0.01659483,0.780410591,1.242715717,-1.01528223,-52.36610298,70.27744331,75.07331542,-82.08323822,-67.8081665,78.49204101,24.84763412,1,1
196.2246292,14,1572266768,AUT,FALSE,TRUE,TRUE,586.837208,-129.9266037,175.0508356,-179.7951347,0.239523288,179.7068836,-12.04846638,6.525628541,0.01659483,0.780410591,1.242715717,-1.01528223,-52.36610298,70.27744331,75.07331542,-82.08323822,-67.8081665,78.49204101,24.84763412,1,1
196.325156,14,1572266768,AUT,FALSE,TRUE,TRUE,590.175915,-98.98143548,177.3625029,-179.790053,0.267266872,179.7493433,-7.276687241,1.650210885,0.949993768,-0.0481928,0.52825569,-0.994509998,-49.69793243,69.84171867,75.13896904,-82.69635429,-67.57986511,78.39953269,27.98780136,1,1
196.4257591,14,1572266769,AUT,FALSE,TRUE,TRUE,595.6002267,-67.09711931,178.6304224,-179.8424022,0.079319127,179.8186263,1.2798264,1.030940869,1.881164337,-0.184794351,-0.54597999,-0.798913249,-46.37196579,69.60828323,74.92254868,-82.33637008,-67.21648132,78.56424179,30.90781631,1,1
196.5263321,14,1572266769,AUT,FALSE,TRUE,TRUE,595.6002267,-67.09711931,178.6304224,-179.8424022,0.079319127,179.8186263,1.2798264,1.030940869,1.881164337,-0.184794351,-0.54597999,-0.798913249,-46.37196579,69.60828323,74.92254868,-82.33637008,-67.21648132,78.56424179,30.90781631,1,1
196.6269681,14,1572266769,AUT,FALSE,TRUE,TRUE,597.6608608,-46.90769584,176.9467867,-179.9608462,-0.006066418,179.947771,2.348997139,-3.180040638,-0.123331596,-0.401082395,-0.189061927,-0.004138116,-44.19357948,69.57991447,74.59737739,-82.27706107,-67.17660095,78.44493713,32.97307434,1,1
196.727571,14,1572266769,AUT,FALSE,TRUE,TRUE,603.2667962,-41.64808915,175.536231,179.891262,0.158418399,-179.6663683,-1.324905457,-7.072175126,-0.365996484,-0.650945365,-0.217053896,0.322008878,-42.82509498,69.53605156,73.91705246,-81.3764122,-67.21873901,78.26373825,33.38668213,1,1
196.8281472,14,1572266769,AUT,FALSE,TRUE,TRUE,603.2667962,-41.64808915,175.536231,179.891262,0.158418399,-179.6663683,-1.324905457,-7.072175126,-0.365996484,-0.650945365,-0.217053896,0.322008878,-42.82509498,69.53605156,73.91705246,-81.3764122,-67.21873901,78.26373825,33.38668213,1,1
196.92873,14,1572266769,AUT,FALSE,TRUE,TRUE,609.599129,-51.03752553,175.4253235,-179.9604891,0.043708149,-179.8083112,0.355243122,1.757946145,0.105773723,0.537915699,-0.340360322,-0.332797228,-42.79380111,69.75122566,73.47035522,-79.73565559,-66.86277099,78.47700691,31.52816276,1,1
197.0293381,14,1572266769,AUT,FALSE,TRUE,TRUE,615.355843,-58.1723274,175.1632649,-179.9403402,0.167792645,-179.9969,-4.666165554,5.824703525,0.311281008,0.636360956,0.117278553,-0.55348766,-42.84524803,70.11808662,73.34955711,-78.39379578,-66.8409082,78.59850883,30.21795387,1,1
197.1303661,14,1572266769,AUT,FALSE,TRUE,TRUE,623.083109,-61.89530953,175.7405348,-179.9809509,0.364915489,179.9626266,-10.2391221,4.637343511,-0.565786625,0.470156505,0.520555075,-0.287938672,-42.38495864,70.57183571,73.34929962,-76.74837684,-67.04150207,78.91377868,29.28332291,1,1
197.2311141,14,1572266769,AUT,FALSE,TRUE,TRUE,635.2427503,-65.80358633,178.2200707,-179.9617072,0.458027437,179.9528593,-10.90249303,5.560903286,-0.463375216,0.44337803,0.573767794,-0.370433302,-41.29767952,71.11200599,73.27329483,-73.89662475,-67.07888305,79.70332489,27.75268707,1,1
197.3321471,14,1572266769,AUT,FALSE,TRUE,TRUE,635.2427503,-65.80358633,178.2200707,-179.9617072,0.458027437,179.9528593,-10.90249303,5.560903286,-0.463375216,0.44337803,0.573767794,-0.370433302,-41.29767952,71.11200599,73.27329483,-73.89662475,-67.07888305,79.70332489,27.75268707,1,1
197.4327011,14,1572266770,AUT,FALSE,TRUE,TRUE,655.1132914,-69.51253922,181.8168984,-179.9505763,0.469266662,179.9097341,-9.224788876,5.951306728,0.224159121,0.663712666,0.610659236,-0.347458161,-39.08544502,72.03944778,73.0805912,-68.8866394,-67.07849304,81.08184128,25.37192916,1,1
197.5332272,14,1572266770,AUT,FALSE,TRUE,TRUE,672.4825629,-70.28558458,183.5518117,179.9848715,0.443322083,179.9012238,-7.037870357,5.964507879,0.838950964,0.793949741,0.729154142,-0.234582852,-36.82709541,72.92241898,72.79194946,-64.38395462,-67.12733276,82.19879036,23.47700043,1,1
197.633801,14,1572266770,AUT,FALSE,TRUE,TRUE,672.4825629,-70.28558458,183.5518117,179.9848715,0.443322083,179.9012238,-7.037870357,5.964507879,0.838950964,0.793949741,0.729154142,-0.234582852,-36.82709541,72.92241898,72.79194946,-64.38395462,-67.12733276,82.19879036,23.47700043,1,1
197.7343421,14,1572266770,AUT,FALSE,TRUE,TRUE,688.9462043,-69.31560007,184.1386769,179.9761076,0.375341732,179.9297669,-6.343063244,6.643805274,0.903040199,0.783473112,0.536095611,-0.031741353,-34.31968574,73.87508812,72.41457253,-59.70754852,-67.21794799,83.27963218,21.66421852,1,1
197.834877,14,1572266770,AUT,FALSE,TRUE,TRUE,703.2715645,-68.26410261,184.2780312,179.9716369,0.220629764,179.971007,0.947010852,2.44393099,1.105820274,-0.07448468,-0.350853994,0.091268135,-31.95975036,74.7853466,72.07783813,-55.32375298,-67.32179077,84.33072853,19.91932182,1,1
197.9354632,14,1572266770,AUT,FALSE,TRUE,TRUE,713.7183296,-66.91586425,184.1582028,-179.972827,0.081662999,179.9056542,4.419202422,5.420821901,1.051392263,0.389559455,-0.598433791,-0.062028934,-30.11636467,75.53288726,71.89029121,-51.88134842,-67.39397094,85.15326461,18.49966507,1,1
198.0359941,14,1572266770,AUT,FALSE,TRUE,TRUE,720.1591984,-58.35309201,183.7020031,-179.8580846,0.104577527,179.7608747,4.419202422,5.420821901,1.051392263,0.389559455,-0.598433791,-0.062028934,-28.58519668,76.01954727,71.89528656,-49.97623329,-67.48321289,85.4966526,18.1989212,1,1
198.136482,14,1572266770,AUT,FALSE,TRUE,TRUE,720.1591984,-58.35309201,183.7020031,-179.8580846,0.104577527,179.7608747,3.24482668,8.46988108,-0.74412388,0.500867075,-0.821445835,-0.448578075,-28.58519668,76.01954727,71.89528656,-49.97623329,-67.48321289,85.4966526,18.1989212,1,1
198.237015,14,1572266770,AUT,FALSE,TRUE,TRUE,722.4008781,-39.77873836,182.9717699,-179.8617434,0.02294151,179.6756654,0.115057521,9.742801598,-0.620469395,0.671167253,-0.051698647,-0.63301119,-26.91350326,76.20567627,71.92409134,-49.52060623,-67.49569335,85.59924774,19.49832229,1,1
198.3377531,14,1572266770,AUT,FALSE,TRUE,TRUE,722.9777577,-13.91121387,182.532075,-179.886361,0.027060277,179.6556427,-3.360084498,4.905171848,-1.670696229,-0.09625566,0.725908805,-0.609241064,-24.96630706,76.22327499,71.95484276,-49.68467331,-67.52214294,85.52957382,21.59886703,1,1
198.4382732,14,1572266771,AUT,FALSE,TRUE,TRUE,723.1762654,12.38005484,182.610244,-179.8655875,0.031842933,179.6811452,-1.837657172,3.546658858,-0.337667654,-0.368646067,0.18404797,-0.508429454,-22.89983711,76.21801529,71.94492073,-49.65446434,-67.53609008,85.52754135,23.66999931,1,1
198.5388451,14,1572266771,AUT,FALSE,TRUE,TRUE,723.1762654,12.38005484,182.610244,-179.8655875,0.031842933,179.6811452,-1.837657172,3.546658858,-0.337667654,-0.368646067,0.18404797,-0.508429454,-22.89983711,76.21801529,71.94492073,-49.65446434,-67.53609008,85.52754135,23.66999931,1,1
198.6394942,14,1572266771,AUT,FALSE,TRUE,TRUE,722.3490559,37.86765088,182.5384987,-179.900428,0.002852151,179.7221298,-2.672801313,6.52315736,-0.106337397,-0.548330289,-0.233165568,-0.302268396,-20.81797256,76.21679649,71.90279846,-49.61042976,-67.5382434,85.55153618,25.72270203,1,1
198.7405071,14,1572266771,AUT,FALSE,TRUE,TRUE,720.1327673,65.92624558,182.2981619,-179.9742435,-0.070027377,179.8154008,1.681690336,0.505810578,-0.342848654,-0.750563474,-0.26484684,-0.121752646,-18.49996376,76.21677246,71.85097389,-49.59984169,-67.5515039,85.60735016,28.03390617,1,1
198.8411691,14,1572266771,AUT,FALSE,TRUE,TRUE,720.1327673,65.92624558,182.2981619,-179.9742435,-0.070027377,179.8154008,1.681690336,0.505810578,-0.342848654,-0.750563474,-0.26484684,-0.121752646,-17.48001022,76.16182022,71.76260261,-49.80498047,-67.55523925,85.94968071,29.37955971,1,1
198.9420271,14,1572266771,AUT,FALSE,TRUE,TRUE,716.7255059,78.06974971,182.0137412,179.8740391,-0.429336808,-179.8792125,10.60138035,-4.832394031,-0.642823383,-0.734740004,-0.381924898,0.595439526,-17.48001022,76.16182022,71.76260261,-49.80498047,-67.55523925,85.94968071,29.37955971,1,1
199.0425711,14,1572266771,AUT,FALSE,TRUE,TRUE,708.6303634,80.85297599,180.9197932,179.8711723,-0.753521453,-179.7622014,14.41886817,0.113073442,1.305552473,0.705963643,0.027284666,0.632468236,-18.0571392,75.80591469,71.80791092,-51.79620094,-67.39365783,85.78917389,30.66578064,1,1
199.143177,14,1572266771,AUT,FALSE,TRUE,TRUE,708.6303634,80.85297599,180.9197932,179.8711723,-0.753521453,-179.7622014,14.41886817,0.113073442,1.305552473,0.705963643,0.027284666,0.632468236,-18.0571392,75.80591469,71.80791092,-51.79620094,-67.39365783,85.78917389,30.66578064,1,1
199.243701,14,1572266771,AUT,FALSE,TRUE,TRUE,692.8779372,82.15513791,177.5391919,179.922612,-0.812451377,-179.7407526,11.77735584,2.09640547,0.421364844,0.838902959,0.183022254,0.497684543,-20.06531639,75.05142174,72.00734024,-56.68276176,-67.31970886,84.62948456,33.05714035,1,1
199.3441961,14,1572266771,AUT,FALSE,TRUE,TRUE,692.8779372,82.15513791,177.5391919,179.922612,-0.812451377,-179.7407526,11.77735584,2.09640547,0.421364844,0.838902959,0.183022254,0.497684543,-20.06531639,75.05142174,72.00734024,-56.68276176,-67.31970886,84.62948456,33.05714035,1,1
199.4447272,14,1572266772,AUT,FALSE,TRUE,TRUE,660.6010844,84.62988689,170.6738909,179.951452,-0.609305814,-179.7694762,2.401714795,0.57698197,-1.252431915,0.231259956,0.589944712,0.274255567,-23.14098358,73.83180198,72.29610901,-65.88427505,-67.3128479,81.96088829,37.72359352,1,1
199.5452931,14,1572266772,AUT,FALSE,TRUE,TRUE,660.6010844,84.62988689,170.6738909,179.951452,-0.609305814,-179.7694762,2.401714795,0.57698197,-1.252431915,0.231259956,0.589944712,0.274255567,-23.14098358,73.83180198,72.29610901,-65.88427505,-67.3128479,81.96088829,37.72359352,1,1
199.645818,14,1572266772,AUT,FALSE,TRUE,TRUE,631.4208042,81.96907606,170.0147035,-179.8761022,-0.024504187,-179.9108409,-12.38260188,8.545374741,-1.594271448,1.050816771,1.487276354,-0.823977491,-27.13047294,72.00958214,72.64940872,-73.85572814,-67.31222717,79.54193573,41.12511177,1,1
199.7463641,14,1572266772,AUT,FALSE,TRUE,TRUE,631.4208042,81.96907606,170.0147035,-179.8761022,-0.024504187,-179.9108409,-12.38260188,8.545374741,-1.594271448,1.050816771,1.487276354,-0.823977491,-27.13047294,72.00958214,72.64940872,-73.85572814,-67.31222717,79.54193573,41.12511177,1,1
199.8469231,14,1572266772,AUT,FALSE,TRUE,TRUE,621.5624992,85.95618077,176.1745087,-179.7017254,0.209873089,179.7746806,-14.79022721,14.93807034,1.297451881,1.525024209,1.650785269,-1.370163642,-28.80197754,70.85643997,73.36156998,-76.21118316,-67.08318969,79.17518463,42.31601944,1,1
199.947428,14,1572266772,AUT,FALSE,TRUE,TRUE,621.5624992,85.95618077,176.1745087,-179.7017254,0.209873089,179.7746806,-14.79022721,14.93807034,1.297451881,1.525024209,1.650785269,-1.370163642,-26.87785606,70.81306458,73.53708686,-75.65627059,-66.83669494,79.32294044,43.77119979,1,1
200.0479691,14,1572266772,AUT,FALSE,TRUE,TRUE,621.1842573,105.8263618,177.2735796,-179.781005,0.144288466,179.5865318,-5.419339595,12.49268883,2.057686173,0.822609276,0.190295456,-1.047636047,-26.87785606,70.81306458,73.53708686,-75.65627059,-66.83669494,79.32294044,43.77119979,1,1
200.1485691,14,1572266772,AUT,FALSE,TRUE,TRUE,618.8331522,144.6536082,175.0261981,-179.8448149,0.149647458,179.5888896,-4.672722616,8.419248015,-0.527689001,0.51230218,0.378402188,-0.643673739,-22.80905228,71.26305771,73.27477798,-74.45622024,-66.96630065,79.41774216,46.82276229,1,1
200.249088,14,1572266772,AUT,FALSE,TRUE,TRUE,618.8331522,144.6536082,175.0261981,-179.8448149,0.149647458,179.5888896,-4.672722616,8.419248015,-0.527689001,0.51230218,0.378402188,-0.643673739,-22.80905228,71.26305771,73.27477798,-74.45622024,-66.96630065,79.41774216,46.82276229,1,1
200.3496451,14,1572266772,AUT,FALSE,TRUE,TRUE,619.2911078,185.8301146,174.6644591,-179.9075651,0.122121886,179.6708136,-3.047461122,6.61374204,-0.717678098,0.418416762,0.263772907,-0.629336522,-18.67796974,71.84882812,72.89794349,-71.82948875,-67.00799926,79.99257774,49.29022293,1,1
200.450603,14,1572266773,AUT,FALSE,TRUE,TRUE,619.2911078,185.8301146,174.6644591,-179.9075651,0.122121886,179.6708136,-3.047461122,6.61374204,-0.717678098,0.418416762,0.263772907,-0.629336522,-18.67796974,71.84882812,72.89794349,-71.82948875,-67.00799926,79.99257774,49.29022293,1,1
200.5512762,14,1572266773,AUT,FALSE,TRUE,TRUE,622.7700804,219.3543754,177.7953986,-179.8875071,0.080080755,179.7544002,-0.483794556,5.510167264,0.551917144,0.115647475,-0.228233465,-0.703580018,-14.12388611,72.41665649,72.73957214,-68.3155014,-66.97977539,81.06962585,50.43950271,1,1
200.651999,14,1572266773,AUT,FALSE,TRUE,TRUE,622.7700804,219.3543754,177.7953986,-179.8875071,0.080080755,179.7544002,-0.483794556,5.510167264,0.551917144,0.115647475,-0.228233465,-0.703580018,-14.12388611,72.41665649,72.73957214,-68.3155014,-66.97977539,81.06962585,50.43950271,1,1
200.752671,14,1572266773,AUT,FALSE,TRUE,TRUE,622.3743438,247.4732087,178.8520897,-179.882254,-0.092299978,179.7958681,4.19671509,6.297162048,-0.036820984,0.421052205,-0.429429016,-0.621889898,-10.38395805,72.86774139,72.63699417,-65.9195755,-66.94330627,81.89288635,51.51330299,1,1
200.853153,14,1572266773,AUT,FALSE,TRUE,TRUE,622.3743438,247.4732087,178.8520897,-179.882254,-0.092299978,179.7958681,4.19671509,6.297162048,-0.036820984,0.421052205,-0.429429016,-0.621889898,-10.38395805,72.86774139,72.63699417,-65.9195755,-66.94330627,81.89288635,51.51330299,1,1
200.9537101,14,1572266773,AUT,FALSE,TRUE,TRUE,614.8131919,266.351174,175.0307321,179.8919343,-0.259367906,-179.7340413,6.037568411,-5.948751547,-0.441678416,-0.750894255,-0.118489348,0.387845523,-7.777946087,73.17371063,72.30641899,-65.17330513,-67.02335266,82.01857338,53.43447189,1,1
201.0542481,14,1572266773,AUT,FALSE,TRUE,TRUE,614.8131919,266.351174,175.0307321,179.8919343,-0.259367906,-179.7340413,6.037568411,-5.948751547,-0.441678416,-0.750894255,-0.118489348,0.387845523,-7.777946087,73.17371063,72.30641899,-65.17330513,-67.02335266,82.01857338,53.43447189,1,1
201.154731,14,1572266773,AUT,FALSE,TRUE,TRUE,600.7057078,273.2600756,169.7889204,-179.9802541,-0.637325475,-179.8615747,10.49916259,4.316620183,0.874852149,0.848387218,0.013379071,0.013482137,-7.642357631,73.16308479,72.16040726,-66.82357521,-66.90212951,81.29868736,55.32345428,1,1
201.2553091,14,1572266773,AUT,FALSE,TRUE,TRUE,600.7057078,273.2600756,169.7889204,-179.9802541,-0.637325475,-179.8615747,10.49916259,4.316620183,0.874852149,0.848387218,0.013379071,0.013482137,-7.642357631,73.16308479,72.16040726,-66.82357521,-66.90212951,81.29868736,55.32345428,1,1
201.3558831,14,1572266773,AUT,FALSE,TRUE,TRUE,568.487004,283.4819063,164.7564082,179.9593241,-0.548925914,-179.6715596,5.061303098,0.078835823,-1.328854142,0.471142558,0.636263634,0.390987007,-8.277896113,72.30735283,72.36234283,-73.65965652,-67.08515075,79.57601394,60.27016182,1,1
201.4563751,14,1572266774,AUT,FALSE,TRUE,TRUE,568.487004,283.4819063,164.7564082,179.9593241,-0.548925914,-179.6715596,5.061303098,0.078835823,-1.328854142,0.471142558,0.636263634,0.390987007,-8.277896113,72.30735283,72.36234283,-73.65965652,-67.08515075,79.57601394,60.27016182,1,1
201.556901,14,1572266774,AUT,FALSE,TRUE,TRUE,533.154891,285.2930649,163.2148799,-179.9990675,-0.447955121,-179.6233029,1.797329846,2.885482915,0.19575613,1.019264851,0.345100404,0.012935744,-9.796749113,70.35091094,72.69472733,-80.74775047,-66.96897583,77.66554641,64.98625603,1,1
201.657433,14,1572266774,AUT,FALSE,TRUE,TRUE,533.154891,285.2930649,163.2148799,-179.9990675,-0.447955121,-179.6233029,1.797329846,2.885482915,0.19575613,1.019264851,0.345100404,0.012935744,-9.796749113,70.35091094,72.69472733,-80.74775047,-66.96897583,77.66554641,64.98625603,1,1
201.7579331,14,1572266774,AUT,FALSE,TRUE,TRUE,500.1440105,279.8790172,161.6296249,-179.9122871,-0.313465803,-179.6724761,-0.457553873,6.443438792,0.833967533,1.002407372,0.81254781,-0.448304687,-11.93883247,68.59550171,73.12382583,-87.62409324,-66.90777648,75.63713379,68.96214638,1,1
201.8584771,14,1572266774,AUT,FALSE,TRUE,TRUE,500.1440105,279.8790172,161.6296249,-179.9122871,-0.313465803,-179.6724761,-0.457553873,6.443438792,0.833967533,1.002407372,0.81254781,-0.448304687,-11.93883247,68.59550171,73.12382583,-87.62409324,-66.90777648,75.63713379,68.96214638,1,1
201.9591231,14,1572266774,AUT,FALSE,TRUE,TRUE,479.0425155,270.1353002,159.6039903,-179.886647,-0.176852508,-179.6936306,-3.096823743,6.844729352,1.633723415,1.027130626,0.92595624,-0.685506321,-14.05147934,67.40950699,73.28760795,-91.82215805,-66.90521667,74.22778701,71.19526863,1,1
207.3901021,15,1572266779,AUT,FALSE,FALSE,TRUE,471.9688243,-400.008853,170.0042083,-179.9977674,-0.007685717,-179.9989582,-0.666634557,-0.875995814,1.201998144,-0.189356619,0.345828726,0.133590787,-77.64769363,70.9430191,73.5564743,-78.17908859,-67.56127075,78.7629776,-4.487108231,0.5,1
207.490927,15,1572266780,AUT,FALSE,TRUE,TRUE,471.2328187,-400.7046508,170.0479324,179.9227868,-0.077480395,179.9997259,-0.334153241,-1.485742908,2.107911469,-0.050381137,0.41216568,0.353064914,-77.70206909,70.94423446,73.55584259,-78.16078606,-67.56223754,78.84149894,-4.495214081,1,1
207.5917802,15,1572266780,AUT,FALSE,TRUE,TRUE,471.066697,-403.55891,170.3504142,179.9659334,0.142822112,-179.975157,-6.004907264,-0.154971326,1.494738937,0.428506504,0.739248881,0.169673139,-77.85550689,70.9776741,73.55646057,-77.92872734,-67.56535766,78.72213936,-4.887515263,1,1
207.6923661,15,1572266780,AUT,FALSE,TRUE,TRUE,471.066697,-403.55891,170.3504142,179.9659334,0.142822112,-179.975157,-6.004907264,-0.154971326,1.494738937,0.428506504,0.739248881,0.169673139,-77.85550689,70.9776741,73.55646057,-77.92872734,-67.56535766,78.72213936,-4.887515263,1,1
207.792907,15,1572266780,AUT,FALSE,TRUE,TRUE,485.4581534,-400.2530329,169.6095034,-179.9204348,0.639044578,-179.9417479,-18.30851447,-1.98067565,1.900975172,0.428506504,0.739248881,0.169673139,-76.76999587,71.52191619,73.56477241,-76.34144668,-67.82181701,78.65820923,-4.699806981,1,1
207.8934031,15,1572266780,AUT,FALSE,TRUE,TRUE,485.4581534,-400.2530329,169.6095034,-179.9204348,0.639044578,-179.9417479,-18.30851447,-1.98067565,1.900975172,0.131067015,1.750333556,-0.263672188,-76.76999587,71.52191619,73.56477241,-76.34144668,-67.82181701,78.65820923,-4.699806981,1,1
207.9939611,15,1572266780,AUT,FALSE,TRUE,TRUE,514.6025035,-393.6746195,170.5971183,-179.997672,0.823143358,-179.8691677,-14.16928326,-6.543365022,0.760073748,0.131067015,1.750333556,-0.263672188,-72.29899292,72.59657478,73.55365219,-72.13237838,-68.22394409,79.64638824,-4.365911869,1,1
208.0944972,15,1572266780,AUT,FALSE,TRUE,TRUE,514.6025035,-393.6746195,170.5971183,-179.997672,0.823143358,-179.8691677,-14.16928326,-6.543365022,0.760073748,-0.218050144,0.675809092,-0.112141693,-72.29899292,72.59657478,73.55365219,-72.13237838,-68.22394409,79.64638824,-4.365911869,1,1
208.1950521,15,1572266780,AUT,FALSE,TRUE,TRUE,563.038214,-391.4420063,174.8101742,-179.9014612,0.437583634,-179.8214091,2.298282383,-2.184350216,1.334550362,-0.409669418,-1.304394501,-0.396632648,-64.69645042,74.53664703,73.08432998,-61.98458862,-68.45056457,82.48556785,-6.271308519,1,1
208.2955971,15,1572266780,AUT,FALSE,TRUE,TRUE,563.038214,-391.4420063,174.8101742,-179.9014612,0.437583634,-179.8214091,2.298282383,-2.184350216,1.334550362,-0.409669418,-1.304394501,-0.396632648,-64.69645042,74.53664703,73.08432998,-61.98458862,-68.45056457,82.48556785,-6.271308519,1,1
208.3961251,15,1572266780,AUT,FALSE,TRUE,TRUE,588.2920454,-392.6411408,175.2092156,-179.9195608,0.126566639,-179.9406348,8.205106849,3.829830587,1.111231611,-0.409669418,-1.304394501,-0.396632648,-60.24506149,75.83060646,72.58066521,-55.42468643,-68.45057556,84.12798958,-8.200974656,1,1
208.4966202,15,1572266781,AUT,FALSE,TRUE,TRUE,588.2920454,-392.6411408,175.2092156,-179.9195608,0.126566639,-179.9406348,8.205106849,3.829830587,1.111231611,0.673304625,-1.551136623,-0.397730776,-60.24506149,75.83060646,72.58066521,-55.42468643,-68.45057556,84.12798958,-8.200974656,1,1
208.597146,15,1572266781,AUT,FALSE,TRUE,TRUE,603.0195426,-394.1117866,175.6305676,-179.820942,-0.151079886,179.9668875,14.89824605,6.616312559,-1.255332357,1.052473981,-1.938344388,-0.733377004,-57.31352806,76.72004928,72.2324501,-50.66756859,-68.46174316,85.32049369,-9.7984932,1,1
208.6977191,15,1572266781,AUT,FALSE,TRUE,TRUE,603.0195426,-394.1117866,175.6305676,-179.820942,-0.151079886,179.9668875,14.89824605,6.616312559,-1.255332357,1.052473981,-1.938344388,-0.733377004,-57.31352806,76.72004928,72.2324501,-50.66756859,-68.46174316,85.32049369,-9.7984932,1,1
208.798243,15,1572266781,AUT,FALSE,TRUE,TRUE,607.98042,-381.6477378,177.3775882,-179.6376455,-0.177269928,179.7015214,4.580820304,8.639768606,-2.150555678,0.829715822,-0.338973136,-1.565639162,-56.60989837,76.66102867,72.62002029,-51.07928123,-68.43383789,85.56236114,-8.796083456,1,1
208.8988211,15,1572266781,AUT,FALSE,TRUE,TRUE,610.7799998,-360.4783592,178.9196853,-179.6708279,-0.246712901,179.6401166,4.405389581,8.56842638,-0.1236774,0.816583712,-0.052716346,-1.527179173,-56.36478653,76.13059501,73.02474975,-53.67209587,-68.41766601,85.32599373,-5.97710495,1,1
208.9995391,15,1572266781,AUT,FALSE,TRUE,TRUE,610.7799998,-360.4783592,178.9196853,-179.6708279,-0.246712901,179.6401166,4.405389581,8.56842638,-0.1236774,0.816583712,-0.052716346,-1.527179173,-56.36478653,76.13059501,73.02474975,-53.67209587,-68.41766601,85.32599373,-5.97710495,1,1
209.1004372,15,1572266781,AUT,FALSE,TRUE,TRUE,612.0118484,-330.1747991,179.4730645,-179.6791705,-0.25558648,179.6143045,4.138786022,7.727429947,-1.136600169,0.782807255,-0.225843052,-1.378844468,-56.22406196,75.32849693,73.42697982,-57.79809036,-68.3202777,84.61408653,-1.884646225,1,1
209.2013512,15,1572266781,AUT,FALSE,TRUE,TRUE,609.5874377,-282.6354729,179.2500486,-179.732107,-0.168509585,179.6181193,-0.380699586,6.1944331,-1.395231867,0.712428081,0.19175686,-1.115859006,-56.07290726,74.05813064,74.02885551,-64.4548954,-68.21648986,83.21912498,4.6448616,1,1
209.3019841,15,1572266781,AUT,FALSE,TRUE,TRUE,609.5874377,-282.6354729,179.2500486,-179.732107,-0.168509585,179.6181193,-0.380699586,6.1944331,-1.395231867,0.712428081,0.19175686,-1.115859006,-56.07290726,74.05813064,74.02885551,-64.4548954,-68.21648986,83.21912498,4.6448616,1,1
209.4024851,15,1572266781,AUT,FALSE,TRUE,TRUE,603.5986238,-230.9730844,180.0636324,-179.7698929,-0.029504642,179.6267365,-5.159482441,5.135893073,-1.141422916,0.635077569,0.499723089,-0.975979276,-55.54417991,72.73057022,74.74484481,-71.14913635,-68.12600646,81.82804641,11.60436058,1,1
209.5031061,15,1572266782,AUT,FALSE,TRUE,TRUE,598.2302175,-180.3764307,182.428176,-179.8117979,0.139219143,179.6289063,-8.197817528,4.317027352,-0.793660699,0.635077569,0.499723089,-0.975979276,-54.14868965,71.44773445,75.43147659,-76.31925773,-67.93992553,80.76158981,17.94987488,1,1
209.6036432,15,1572266782,AUT,FALSE,TRUE,TRUE,598.2302175,-180.3764307,182.428176,-179.8117979,0.139219143,179.6289063,-8.197817528,4.317027352,-0.793660699,0.346208405,0.656471696,-0.861817788,-54.14868965,71.44773445,75.43147659,-76.31925773,-67.93992553,80.76158981,17.94987488,1,1
209.7041402,15,1572266782,AUT,FALSE,TRUE,TRUE,597.3742867,-125.8301196,184.6801682,-179.8600945,0.144972686,179.7604207,-6.62994497,0.286405161,0.77767039,0.346208405,0.656471696,-0.861817788,-51.52418976,70.44633751,75.71048469,-79.42834739,-67.57933776,80.01994743,24.44180602,1,1
209.804693,15,1572266782,AUT,FALSE,TRUE,TRUE,597.3742867,-125.8301196,184.6801682,-179.8600945,0.144972686,179.7604207,-6.62994497,0.286405161,0.77767039,-0.186716475,0.599229705,-0.620430791,-51.52418976,70.44633751,75.71048469,-79.42834739,-67.57933776,80.01994743,24.44180602,1,1
209.9052272,15,1572266782,AUT,FALSE,TRUE,TRUE,601.3127814,-94.21188907,184.188345,-179.9875065,-0.012095778,-179.9798397,-1.923272886,-2.099807241,3.273475595,-0.015333578,0.39350742,-0.093515892,-47.84080696,69.94012184,75.3197422,-80.11502723,-67.36226989,79.87302589,27.75292739,1,1
210.0057292,15,1572266782,AUT,FALSE,TRUE,TRUE,601.3127814,-94.21188907,184.188345,-179.9875065,-0.012095778,-179.9798397,-1.923272886,-2.099807241,3.273475595,-0.015333578,0.39350742,-0.093515892,-47.84080696,69.94012184,75.3197422,-80.11502723,-67.36226989,79.87302589,27.75292739,1,1
210.1062992,15,1572266782,AUT,FALSE,TRUE,TRUE,606.5467817,-82.68676227,179.3712227,179.9753372,0.149486535,-179.8609955,-3.412093412,-2.451098118,0.799289543,0.004978312,0.058980815,-0.127722803,-46.07656059,69.99674263,74.42346039,-79.60836868,-67.31287536,79.19721908,28.68560486,1,1
210.2069352,15,1572266782,AUT,FALSE,TRUE,TRUE,619.8790913,-85.30431105,176.3458562,-179.9830761,0.490322603,-179.9046123,-12.82870953,2.987901361,-0.933775499,0.661479157,0.85572299,-0.280696272,-44.70441971,70.61310653,73.63549003,-76.99121246,-67.37258056,78.99330597,27.34144821,1,1
210.307472,15,1572266782,AUT,FALSE,TRUE,TRUE,619.8790913,-85.30431105,176.3458562,-179.9830761,0.490322603,-179.9046123,-12.82870953,2.987901361,-0.933775499,0.661479157,0.85572299,-0.280696272,-44.70441971,70.61310653,73.63549003,-76.99121246,-67.37258056,78.99330597,27.34144821,1,1
210.408129,15,1572266782,AUT,FALSE,TRUE,TRUE,640.7749093,-93.40956319,177.6035676,-179.899959,0.474499666,-179.9996303,-9.04033436,4.734175834,-0.296836202,0.493073358,0.286711476,-0.656465509,-42.74006767,71.72266388,73.25166206,-71.99873314,-67.39450378,80.23088836,24.4967823,1,1
210.508703,15,1572266783,AUT,FALSE,TRUE,TRUE,640.7749093,-93.40956319,177.6035676,-179.899959,0.474499666,-179.9996303,-9.04033436,4.734175834,-0.296836202,0.493073358,0.286711476,-0.656465509,-42.74006767,71.72266388,73.25166206,-71.99873314,-67.39450378,80.23088836,24.4967823,1,1
210.6092222,15,1572266783,AUT,FALSE,TRUE,TRUE,668.5148804,-95.81557537,180.3221823,-179.9329159,0.417133092,179.9011438,-3.78799497,2.534191656,-1.44659416,0.01330336,-0.028185711,-0.4467097,-39.23012123,73.35155868,73.11053238,-64.74241791,-67.67134277,82.15762596,21.42821846,1,1
210.7099302,15,1572266783,AUT,FALSE,TRUE,TRUE,687.3079858,-92.76741635,182.395768,-179.9681216,0.307877584,179.9588787,-3.78799497,2.534191656,-1.44659416,0.01330336,-0.028185711,-0.4467097,-36.21232109,74.40163879,72.96269073,-59.4247467,-67.91875488,83.58625717,19.6646965,1,1
210.8105221,15,1572266783,AUT,FALSE,TRUE,TRUE,687.3079858,-92.76741635,182.395768,-179.9681216,0.307877584,179.9588787,0.289477097,1.276753501,-1.513674848,0.092318434,-0.703250725,-0.131837275,-36.21232109,74.40163879,72.96269073,-59.4247467,-67.91875488,83.58625717,19.6646965,1,1
210.911406,15,1572266783,AUT,FALSE,TRUE,TRUE,701.7886809,-86.1872131,184.0854439,-179.9239965,0.124864575,179.8655679,2.848736899,9.248028998,0.522042673,1.282252527,-0.238320554,-0.303931603,-33.47697258,75.20671348,72.79264984,-55.07564049,-67.93614624,84.78903351,18.32260323,1,1
211.012073,15,1572266783,AUT,FALSE,TRUE,TRUE,701.7886809,-86.1872131,184.0854439,-179.9239965,0.124864575,179.8655679,2.848736899,9.248028998,0.522042673,1.282252527,-0.238320554,-0.303931603,-33.47697258,75.20671348,72.79264984,-55.07564049,-67.93614624,84.78903351,18.32260323,1,1
211.112699,15,1572266783,AUT,FALSE,TRUE,TRUE,709.688744,-67.1946174,182.5446133,-179.7635498,0.153180681,179.6961342,-1.569352456,10.48199172,-0.724434591,0.751318801,-0.291762555,-0.798375248,-31.03974151,75.75017967,72.73465919,-53.19901428,-68.0036737,85.0077713,18.90616608,1,1
211.2131941,15,1572266783,AUT,FALSE,TRUE,TRUE,713.4519429,-34.10952461,181.3489603,-179.8721539,0.10355148,179.6539296,1.568446751,6.176711327,-1.666808551,0.210504598,-0.459260976,-0.575583791,-28.18035393,75.97575989,72.72847252,-52.72529754,-68.09029541,85.04697876,21.43856277,1,1
211.3138041,15,1572266783,AUT,FALSE,TRUE,TRUE,713.4519429,-34.10952461,181.3489603,-179.8721539,0.10355148,179.6539296,1.568446751,6.176711327,-1.666808551,0.210504598,-0.459260976,-0.575583791,-28.18035393,75.97575989,72.72847252,-52.72529754,-68.09029541,85.04697876,21.43856277,1,1
211.4143441,15,1572266783,AUT,FALSE,TRUE,TRUE,714.1456538,2.428206561,181.5962389,-179.9122959,0.078996912,179.7195865,0.419549383,2.722794013,-0.839699218,-0.343558301,-0.294437597,-0.432430774,-25.26555061,75.95430564,72.70902671,-52.74204483,-68.09852416,85.07665214,24.41147003,1,1
211.514832,15,1572266784,AUT,FALSE,TRUE,TRUE,714.1456538,2.428206561,181.5962389,-179.9122959,0.078996912,179.7195865,0.419549383,2.722794013,-0.839699218,-0.343558301,-0.294437597,-0.432430774,-25.26555061,75.95430564,72.70902671,-52.74204483,-68.09852416,85.07665214,24.41147003,1,1
211.6153591,15,1572266784,AUT,FALSE,TRUE,TRUE,713.2145986,40.32206427,182.440964,-179.8466423,0.11490367,179.7379479,-4.33172498,9.693250959,-0.379098294,1.18673178,0.400362722,-0.63200615,-22.14885635,75.86758232,72.69497795,-52.72536277,-68.08816406,85.09382858,27.44857178,1,1
211.7159111,15,1572266784,AUT,FALSE,TRUE,TRUE,713.2145986,40.32206427,182.440964,-179.8466423,0.11490367,179.7379479,-4.33172498,9.693250959,-0.379098294,1.18673178,0.400362722,-0.63200615,-22.14885635,75.86758232,72.69497795,-52.72536277,-68.08816406,85.09382858,27.44857178,1,1
211.8163931,15,1572266784,AUT,FALSE,TRUE,TRUE,709.7850977,76.90699765,183.2051093,179.9533854,-0.029904082,179.8806169,2.257759604,0.459306199,-0.063823625,-0.173833891,-0.436042677,-0.064408405,-19.65896988,75.81359825,72.68791923,-52.69580269,-68.07892456,85.29431877,30.54637985,1,1
211.9169421,15,1572266784,AUT,FALSE,TRUE,TRUE,709.7850977,76.90699765,183.2051093,179.9533854,-0.029904082,179.8806169,2.257759604,0.459306199,-0.063823625,-0.173833891,-0.436042677,-0.064408405,-18.07584343,75.66924133,72.57129249,-52.95053787,-67.98563964,85.69001541,31.91131439,1,1
212.0174751,15,1572266784,AUT,FALSE,TRUE,TRUE,705.7711057,89.03046051,183.5423558,179.8441874,-0.4105703,-179.8346478,10.46809784,-4.555133332,-0.944280545,-0.365427241,-0.595725095,0.75871113,-18.07584343,75.66924133,72.57129249,-52.95053787,-67.98563964,85.69001541,31.91131439,1,1
212.1179671,15,1572266784,AUT,FALSE,TRUE,TRUE,697.5842142,90.34992422,184.147814,179.878009,-0.682091723,-179.7124039,11.65448247,0.493847826,-0.057969901,0.863724217,-0.122574431,0.6933962,-18.83141784,75.18339843,72.68059273,-54.99658012,-67.75365234,85.60509796,33.01954308,1,1
212.218591,15,1572266784,AUT,FALSE,TRUE,TRUE,697.5842142,90.34992422,184.147814,179.878009,-0.682091723,-179.7124039,11.65448247,0.493847826,-0.057969901,0.863724217,-0.122574431,0.6933962,-18.83141784,75.18339843,72.68059273,-54.99658012,-67.75365234,85.60509796,33.01954308,1,1
212.3191671,15,1572266784,AUT,FALSE,TRUE,TRUE,675.6847159,92.161142,181.1182636,-179.9815397,-0.72115633,-179.7674375,8.271137799,2.768212903,1.109137363,0.905528273,0.208576997,0.255906812,-21.40636596,74.05274048,72.9140213,-61.23614502,-67.45835083,84.09260673,36.10126991,1,1
212.4198711,15,1572266784,AUT,FALSE,TRUE,TRUE,648.6137498,97.13332203,174.5027016,-179.9593802,-0.475360906,-179.8472572,8.271137799,2.768212903,1.109137363,0.905528273,0.208576997,0.255906812,-24.12072029,72.87491684,73.03183593,-68.4517353,-67.40449584,81.71169433,40.04244346,1,1
212.5209241,15,1572266785,AUT,FALSE,TRUE,TRUE,648.6137498,97.13332203,174.5027016,-179.9593802,-0.475360906,-179.8472572,0.331614784,2.007778346,-0.266014596,0.410511246,0.792478069,-0.0873893,-24.12072029,72.87491684,73.03183593,-68.4517353,-67.40449584,81.71169433,40.04244346,1,1
212.6219561,15,1572266785,AUT,FALSE,TRUE,TRUE,626.6903722,99.13779378,172.1634744,-179.8718104,-0.018135759,-179.9435626,-10.59894408,6.203799519,-1.809247927,0.631852181,1.675004203,-0.969561647,-26.45396233,71.61105651,73.19425849,-74.35603179,-67.4253424,79.76537704,42.96631736,1,1
212.7224381,15,1572266785,AUT,FALSE,TRUE,TRUE,626.6903722,99.13779378,172.1634744,-179.8718104,-0.018135759,-179.9435626,-10.59894408,6.203799519,-1.809247927,0.631852181,1.675004203,-0.969561647,-26.45396233,71.61105651,73.19425849,-74.35603179,-67.4253424,79.76537704,42.96631736,1,1
212.8230441,15,1572266785,AUT,FALSE,TRUE,TRUE,618.2422447,104.0595878,176.6699188,-179.7146126,0.203666726,179.7616128,-15.69410655,16.68078954,1.277365098,1.805793889,1.790583753,-1.53028247,-27.14120521,70.88129654,73.74275436,-76.36511536,-67.20169372,79.34723739,44.12015648,1,1
212.923579,15,1572266785,AUT,FALSE,TRUE,TRUE,618.0213954,116.8226975,178.8674048,-179.7074126,0.261622061,179.6307322,-9.377567867,15.20028871,2.509046768,1.300548162,0.597394743,-1.566974834,-25.94973449,70.83395919,73.88785973,-75.96111717,-67.1007019,79.50272484,45.00083771,1,1
213.0240681,15,1572266785,AUT,FALSE,TRUE,TRUE,618.4514992,139.7934794,178.196778,-179.7497019,0.224452547,179.5161878,-7.139448186,13.57440967,1.376572257,0.819155945,0.532270543,-1.30942294,-23.41354064,71.15590324,73.75944671,-74.81324844,-67.08589782,79.66597137,46.50026207,1,1
213.1246922,15,1572266785,AUT,FALSE,TRUE,TRUE,618.4514992,139.7934794,178.196778,-179.7497019,0.224452547,179.5161878,-7.139448186,13.57440967,1.376572257,0.819155945,0.532270543,-1.30942294,-23.41354064,71.15590324,73.75944671,-74.81324844,-67.08589782,79.66597137,46.50026207,1,1
213.2252672,15,1572266785,AUT,FALSE,TRUE,TRUE,619.6039291,167.3598195,176.6502472,-179.8065534,0.14222037,179.5683744,-4.535190717,10.48470693,-0.898065742,0.716878239,0.48041156,-0.893461381,-20.08586426,71.67310867,73.47599258,-72.96468201,-67.18117126,80.02377548,48.14311294,1,1
213.3258071,15,1572266785,AUT,FALSE,TRUE,TRUE,620.039945,196.086248,176.1709398,-179.8335248,0.055802532,179.5672537,-0.522275068,8.289165653,-1.581758685,0.195849714,0.244301856,-0.820131926,-16.60918922,72.20344962,73.26260719,-70.84643898,-67.21471252,80.51058998,49.65837822,1,1
213.4263961,15,1572266786,AUT,FALSE,TRUE,TRUE,617.8196623,225.1874567,177.0643002,-179.9063142,-0.066280231,179.6411834,2.318092841,5.895627611,-0.946463747,0.166720135,-0.008224195,-0.429668647,-13.17003936,72.60743751,73.18145599,-68.88557167,-67.22255126,81.14094429,51.35340042,1,1
213.526994,15,1572266786,AUT,FALSE,TRUE,TRUE,617.8196623,225.1874567,177.0643002,-179.9063142,-0.066280231,179.6411834,2.318092841,5.895627611,-0.946463747,0.166720135,-0.008224195,-0.429668647,-10.35354309,72.79287986,72.95826187,-67.51078376,-67.23002746,81.63074226,52.95525169,1,1
213.6275201,15,1572266786,AUT,FALSE,TRUE,TRUE,613.9551195,252.7036895,177.299765,179.9399,-0.148401342,-179.9982166,6.369547777,-2.95597114,-0.335547344,-0.63572192,-0.476581182,0.390025376,-10.35354309,72.79287986,72.95826187,-67.51078376,-67.23002746,81.63074226,52.95525169,1,1
213.728116,15,1572266786,AUT,FALSE,TRUE,TRUE,605.8494883,265.4654601,175.8929433,179.889083,-0.403095217,-179.8785473,10.41848877,-3.628081296,-1.43999327,-0.559342099,-0.657228947,0.580317314,-8.526564788,72.86468582,72.74343796,-67.36970214,-67.08259094,81.78920631,54.62048034,1,1
213.8286872,15,1572266786,AUT,FALSE,TRUE,TRUE,592.7724128,273.6616424,174.0289882,179.9083163,-0.582303587,-179.7573646,10.59009021,-2.524588679,0.204044295,-0.082811144,-0.127821701,0.712179711,-8.32012825,72.61192818,72.88551178,-69.32882194,-67.08723266,81.45325813,56.63272591,1,1
213.9292021,15,1572266786,AUT,FALSE,TRUE,TRUE,592.7724128,273.6616424,174.0289882,179.9083163,-0.582303587,-179.7573646,10.59009021,-2.524588679,0.204044295,-0.082811144,-0.127821701,0.712179711,-8.32012825,72.61192818,72.88551178,-69.32882194,-67.08723266,81.45325813,56.63272591,1,1
214.029808,15,1572266786,AUT,FALSE,TRUE,TRUE,567.1197837,281.1343015,170.4420168,179.987879,-0.579439017,-179.7561985,7.847899732,2.321067401,0.344154102,0.743521044,0.090021489,0.313118475,-9.04905395,71.75030136,73.08450508,-74.19702186,-67.0880017,80.08524055,60.31699104,1,1
214.1306782,15,1572266786,AUT,FALSE,TRUE,TRUE,541.4469427,286.0875248,166.644852,-179.9501314,-0.463602196,-179.7774288,0.442294851,5.455778837,-0.42690115,0.984155359,0.900875427,-0.090112126,-9.878899381,70.79368057,73.20145454,-79.06414718,-67.13678649,78.52309456,63.90128402,1,1
214.231415,15,1572266786,AUT,FALSE,TRUE,TRUE,541.4469427,286.0875248,166.644852,-179.9501314,-0.463602196,-179.7774288,0.442294851,5.455778837,-0.42690115,0.984155359,0.900875427,-0.090112126,-10.68438263,69.79079361,73.21621055,-83.50152511,-67.15239257,77.10633544,67.05836334,1,1
214.332242,15,1572266786,AUT,FALSE,TRUE,TRUE,518.2498756,287.7338909,163.5335947,-179.9563902,-0.376037207,-179.6945119,-0.62142221,3.40276585,0.425544307,0.750169846,0.9558422,-0.174869846,-10.68438263,69.79079361,73.21621055,-83.50152511,-67.15239257,77.10633544,67.05836334,1,1
214.4328811,15,1572266787,AUT,FALSE,TRUE,TRUE,498.1661432,286.3250042,160.3282842,-179.9662558,-0.385824672,-179.6570138,-0.310984269,3.505287675,2.222751183,0.867892538,0.961375259,-0.211488382,-11.58934708,68.9137001,73.22186851,-87.33478889,-67.13604492,75.82031021,69.59131622,1,1
214.533411,15,1572266787,AUT,FALSE,TRUE,TRUE,482.022887,282.5382192,156.7430643,-179.9113703,-0.350876154,-179.6755218,-1.919945768,4.379844444,2.503533788,0.653527221,1.49385312,-0.446564309,-12.59265976,68.18716736,73.17679023,-90.66275711,-67.22648437,74.56334381,71.48130111,1,1