Time/Second,Task_No,Time Stamp,OperationMode,isCollision,isCompliance,isReadyToMove,ToolPosition_x,ToolPosition_y,ToolPosition_z,ToolPosition_A,ToolPosition_b,ToolPosition_c,ToolForce_x,ToolForce_y,ToolForce_z,ToolTorque_x,ToolTorque_y,ToolTorque_z,JointPosition,JointPosition,JointPosition,JointPosition,JointPosition,JointPosition,JointPosition,Tool_Velocity,Tool_Acceleration
0,1,1571994772,AUT,FALSE,FALSE,TRUE,471.9895524,-400.0316049,169.9884001,-179.9963667,-0.006202844,-179.9962501,-6.888683984,-1.776691474,-3.998016036,-0.257146683,0.80888017,0.367102583,-71.5206562,59.36605568,55.04554481,-78.17499618,-49.62561767,67.79064674,-11.46383515,0.5,1
0.100334167,1,1571994772,AUT,FALSE,FALSE,TRUE,471.9895524,-400.0316049,169.9884001,-179.9963667,-0.006202844,-179.9962501,-6.888683984,-1.776691474,-3.998016036,-0.257146683,0.80888017,0.367102583,-71.5206562,59.36605568,55.04554481,-78.17499618,-49.62561767,67.79064674,-11.46383515,0.5,1
0.201212168,1,1571994772,AUT,FALSE,TRUE,TRUE,478.1140811,-400.68243,175.3070525,179.8464993,0.380926313,-179.890597,-12.16012624,-2.925130195,-4.121792652,-0.228619565,1.014121061,0.764879827,-71.32519569,59.40855217,55.27284507,-77.69444046,-49.62590332,67.83135109,-11.33321801,1,1
0.301819086,1,1571994772,AUT,FALSE,TRUE,TRUE,490.6343252,-402.5165545,186.0127022,179.8191878,0.421298875,-179.8213293,-11.08925802,-4.275200335,-1.668342958,-0.272279835,0.93437895,1.045964025,-69.86322441,59.83313942,56.08997382,-74.65082931,-49.62601318,70.18933296,-11.58278618,1,1
0.402530193,1,1571994773,AUT,FALSE,TRUE,TRUE,490.6343252,-402.5165545,186.0127022,179.8191878,0.421298875,-179.8213293,-11.08925802,-4.275200335,-1.668342958,-0.272279835,0.93437895,1.045964025,-69.86322441,59.83313942,56.08997382,-74.65082931,-49.62601318,70.18933296,-11.58278618,1,1
0.503056049,1,1571994773,AUT,FALSE,TRUE,TRUE,507.9326433,-405.3532798,194.920186,179.8775186,0.452735891,-179.7859155,-8.882123864,-3.764515797,1.554286176,-0.244386011,0.796702615,0.822733569,-67.75778732,60.73344154,56.37631874,-70.80917129,-49.62589233,72.35758437,-12.16764336,1,1
0.603380203,1,1571994773,AUT,FALSE,TRUE,TRUE,532.8499123,-406.0574608,197.2314983,179.9081473,0.487022492,-179.940981,-8.517470761,-0.763183279,3.71896349,0.108619934,1.217265682,0.541719515,-64.40721817,62.54110107,56.05557289,-65.59121132,-49.64032287,74.38564338,-12.77498818,1,1
0.703963041,1,1571994773,AUT,FALSE,TRUE,TRUE,532.8499123,-406.0574608,197.2314983,179.9081473,0.487022492,-179.940981,-8.517470761,-0.763183279,3.71896349,0.108619934,1.217265682,0.541719515,-64.40721817,62.54110107,56.05557289,-65.59121132,-49.64032287,74.38564338,-12.77498818,1,1
0.804527998,1,1571994773,AUT,FALSE,TRUE,TRUE,554.3653313,-404.5415633,193.5133313,179.9118536,0.415030508,-179.8875269,-4.809430781,-3.326988888,0.017539372,0.517914101,0.938279596,0.48482283,-61.26067886,64.38893966,55.46102714,-61.24438133,-49.97816345,75.65896224,-13.02372894,1,1
0.905131102,1,1571994773,AUT,FALSE,TRUE,TRUE,554.3653313,-404.5415633,193.5133313,179.9118536,0.415030508,-179.8875269,-4.809430781,-3.326988888,0.017539372,0.517914101,0.938279596,0.48482283,-61.26067886,64.38893966,55.46102714,-61.24438133,-49.97816345,75.65896224,-13.02372894,1,1
1.005709171,1,1571994773,AUT,FALSE,TRUE,TRUE,584.7477808,-404.4446389,188.395482,-179.9822621,0.157238107,-179.9012278,5.856978133,-1.441902307,-1.260123644,-0.341139063,-0.996157715,0.11571071,-56.64817199,67.39289016,54.69807129,-53.91415557,-50.41351867,77.96642074,-14.21588631,1,1
1.106290102,1,1571994773,AUT,FALSE,TRUE,TRUE,597.8173268,-411.2437572,190.9417651,-179.9944545,0.08980835,-179.8991395,10.62235627,0.913867048,-5.397635313,0.053826044,-1.563527431,-0.182022798,-54.28747101,69.01235733,54.33654213,-48.90362778,-50.47566284,79.88303718,-15.86663018,1,1
1.206887007,1,1571994773,AUT,FALSE,TRUE,TRUE,597.8173268,-411.2437572,190.9417651,-179.9944545,0.08980835,-179.8991395,10.62235627,0.913867048,-5.397635313,0.053826044,-1.563527431,-0.182022798,-54.28747101,69.01235733,54.33654213,-48.90362778,-50.47566284,79.88303718,-15.86663018,1,1
1.30746913,1,1571994773,AUT,FALSE,TRUE,TRUE,604.4927512,-416.1026064,197.9303386,-179.7938594,-0.189212047,179.9237037,9.672065731,9.292936598,-0.156482829,1.462771907,-0.792768677,-0.900994375,-52.99134521,69.78944778,54.36927795,-45.04657516,-50.45952941,81.97018547,-17.45280876,1,1
1.408033133,1,1571994774,AUT,FALSE,TRUE,TRUE,604.4927512,-416.1026064,197.9303386,-179.7938594,-0.189212047,179.9237037,9.672065731,9.292936598,-0.156482829,1.462771907,-0.792768677,-0.900994375,-52.99134521,69.78944778,54.36927795,-45.04657516,-50.45952941,81.97018547,-17.45280876,1,1
1.508632183,1,1571994774,AUT,FALSE,TRUE,TRUE,608.0444737,-407.4702589,197.1923908,-179.6688352,-0.335066423,179.7609921,6.178480318,7.093069617,-0.61500894,0.621333718,0.320453479,-1.578453479,-52.29729423,69.80279274,54.49873809,-45.36757851,-50.42710327,82.01628684,-16.73664437,1,1
1.60921216,1,1571994774,AUT,FALSE,TRUE,TRUE,610.3222998,-389.9554356,191.6459069,-179.62378,-0.507432049,179.6773994,6.178480318,7.093069617,-0.61500894,0.621333718,0.320453479,-1.578453479,-52.08392601,69.32293052,54.53064308,-47.96179046,-50.42050598,80.94832993,-14.59786721,1,1
1.709800005,1,1571994774,AUT,FALSE,TRUE,TRUE,610.3222998,-389.9554356,191.6459069,-179.62378,-0.507432049,179.6773994,6.596837667,7.617488865,-0.437652053,0.623438818,0.654713308,-1.689978323,-52.08392601,69.32293052,54.53064308,-47.96179046,-50.42050598,80.94832993,-14.59786721,1,1
1.810688019,1,1571994774,AUT,FALSE,TRUE,TRUE,610.5410092,-354.0015813,181.5814956,-179.6844184,-0.465397266,179.6282601,4.445520608,7.701122544,-2.870287818,0.76704343,0.843364359,-1.452660558,-52.19108734,67.85286026,54.66424713,-54.42859726,-50.40508666,78.02333679,-9.703111269,1,1
1.911761999,1,1571994774,AUT,FALSE,TRUE,TRUE,610.5410092,-354.0015813,181.5814956,-179.6844184,-0.465397266,179.6282601,4.445520608,7.701122544,-2.870287818,0.76704343,0.843364359,-1.452660558,-52.19108734,67.85286026,54.66424713,-54.42859726,-50.40508666,78.02333679,-9.703111269,1,1
2.012476206,1,1571994774,AUT,FALSE,TRUE,TRUE,607.5212297,-313.9817759,177.6365133,-179.778982,-0.366866702,179.5903329,-1.010941785,5.88367341,-2.626093035,0.689905055,1.13036555,-0.842906243,-52.2117897,65.87514267,55.12721443,-60.99501228,-50.40791564,75.41334571,-4.479874425,1,1
2.113008022,1,1571994774,AUT,FALSE,TRUE,TRUE,607.5212297,-313.9817759,177.6365133,-179.778982,-0.366866702,179.5903329,-1.010941785,5.88367341,-2.626093035,0.689905055,1.13036555,-0.842906243,-51.93987464,63.64867744,55.78362694,-67.09521561,-50.41169494,73.30393638,0.692166138,1,1
2.213546991,1,1571994774,AUT,FALSE,TRUE,TRUE,602.5633549,-274.1364721,178.7962586,-179.8663972,-0.254385534,179.6865265,-2.228185132,2.493468535,-1.297073644,0.025207358,1.09111173,-0.32751394,-51.93987464,63.64867744,55.78362694,-67.09521561,-50.41169494,73.30393638,0.692166138,1,1
2.314083099,1,1571994774,AUT,FALSE,TRUE,TRUE,597.9104493,-241.0669748,181.6022509,-179.9363451,-0.148510525,179.6861764,-3.620640291,3.733982155,-1.596166154,0.315585252,1.145253199,-0.25051992,-51.42718391,61.87179336,56.44463997,-71.44654999,-50.30530883,71.95384712,4.758841319,1,1
2.414613008,1,1571994775,AUT,FALSE,TRUE,TRUE,594.5095044,-207.2192058,184.2219208,-179.9102667,-0.068791479,179.6893969,-7.969291482,5.355506951,1.184247631,0.714657328,1.619581733,-0.122798516,-50.40823974,60.31132965,57.09710769,-75.12312126,-50.21803894,70.81632614,8.715457531,1,1
2.515160084,1,1571994775,AUT,FALSE,TRUE,TRUE,593.7074246,-172.487753,185.881473,179.9904778,-0.01193682,179.7207628,-8.150476426,3.833727389,1.536822396,0.714657328,1.619581733,-0.122798516,-48.67920799,59.18211021,57.58852272,-77.78548279,-50.1734674,69.98412552,12.72117233,1,1
2.615655184,1,1571994775,AUT,FALSE,TRUE,TRUE,593.7074246,-172.487753,185.881473,179.9904778,-0.01193682,179.7207628,-8.150476426,3.833727389,1.536822396,0.448841483,1.538496254,0.206512465,-48.67920799,59.18211021,57.58852272,-77.78548279,-50.1734674,69.98412552,12.72117233,1,1
2.716210127,1,1571994775,AUT,FALSE,TRUE,TRUE,596.4811483,-132.0702733,186.2267094,179.9354961,-0.003252963,179.7936942,-7.26495691,4.916961901,0.639101335,0.949626024,1.819605506,0.406709054,-46.32234535,58.52356911,57.72367515,-79.48730964,-50.08381896,69.3496273,17.06544799,1,1
2.816744089,1,1571994775,AUT,FALSE,TRUE,TRUE,596.4811483,-132.0702733,186.2267094,179.9354961,-0.003252963,179.7936942,-7.26495691,4.916961901,0.639101335,0.949626024,1.819605506,0.406709054,-46.32234535,58.52356911,57.72367515,-79.48730964,-50.08381896,69.3496273,17.06544799,1,1
2.917319059,1,1571994775,AUT,FALSE,TRUE,TRUE,601.7973473,-102.7354675,185.9677106,179.8688484,-0.040552383,179.948801,-1.80243755,0.605190274,0.131523407,0.140368359,0.776239428,0.610632958,-42.74741478,58.25764846,57.50980911,-79.62384224,-50.03311157,69.24796943,19.99318084,1,1
3.017846107,1,1571994775,AUT,FALSE,TRUE,TRUE,608.5426172,-82.47675461,184.2179188,179.8303394,0.138193059,179.9761806,-7.74378066,-0.658730113,2.250384107,0.042653808,1.412560761,0.7171172,-40.29702072,58.45044479,57.03260078,-79.04208869,-49.93807434,69.02703438,21.74633102,1,1
3.118393183,1,1571994775,AUT,FALSE,TRUE,TRUE,608.5426172,-82.47675461,184.2179188,179.8303394,0.138193059,179.9761806,-7.74378066,-0.658730113,2.250384107,0.042653808,1.412560761,0.7171172,-40.29702072,58.45044479,57.03260078,-79.04208869,-49.93807434,69.02703438,21.74633102,1,1
3.218888998,1,1571994775,AUT,FALSE,TRUE,TRUE,622.6754539,-75.20955225,181.8074104,179.7602994,0.346800344,-179.8799105,-13.64323984,2.383213815,4.01060876,0.81309896,2.005170888,1.13885647,-37.98574448,59.45113106,56.15446358,-76.37256203,-49.95293884,69.44457321,21.74463501,1,1
3.319413185,1,1571994775,AUT,FALSE,TRUE,TRUE,640.4901883,-74.81129154,178.9452761,179.7147156,0.345791284,-179.9332337,-7.203208663,-0.685502089,1.129362975,-0.165345612,0.878175777,1.021121433,-35.90985718,61.17427826,55.42787246,-72.32561759,-49.97957519,70.61022262,20.57174148,1,1
3.420073032,1,1571994776,AUT,FALSE,TRUE,TRUE,640.4901883,-74.81129154,178.9452761,179.7147156,0.345791284,-179.9332337,-7.203208663,-0.685502089,1.129362975,-0.165345612,0.878175777,1.021121433,-35.90985718,61.17427826,55.42787246,-72.32561759,-49.97957519,70.61022262,20.57174148,1,1
3.520951033,1,1571994776,AUT,FALSE,TRUE,TRUE,658.3685355,-76.52054812,176.2749947,179.865344,0.255655589,-179.9862029,-2.927863639,0.857418877,-0.442389034,-0.157961932,0.360361897,0.803103355,-33.96146278,63.13557129,54.95059891,-67.80698891,-50.17255004,72.0820404,18.92925109,1,1
3.621932983,1,1571994776,AUT,FALSE,TRUE,TRUE,674.4887249,-77.07742399,174.8160886,179.9040432,0.161628774,179.9512402,-2.7529655,6.406502354,-0.410155348,0.629061002,0.724219396,0.769997493,-32.13382873,64.95860138,54.74588584,-63.48149642,-50.41647399,73.63294258,17.55056991,1,1
3.722557068,1,1571994776,AUT,FALSE,TRUE,TRUE,687.6698184,-75.33876156,174.1185313,179.7897658,0.068229638,179.9069436,2.758933952,3.760850576,-0.492233344,0.147669502,0.05143349,0.807268702,-30.39311714,66.45049324,54.64614715,-59.79834709,-50.62911987,75.00093613,16.64639854,1,1
3.823082209,1,1571994776,AUT,FALSE,TRUE,TRUE,696.9545806,-71.24577626,173.7701308,179.8655782,-0.048460878,179.9174329,3.687072646,5.825435889,-1.643735732,0.147669502,0.05143349,0.807268702,-28.89772339,67.49092254,54.55961952,-57.0719799,-50.77451293,76.04813232,16.04187927,1,1
3.923674107,1,1571994776,AUT,FALSE,TRUE,TRUE,696.9545806,-71.24577626,173.7701308,179.8655782,-0.048460878,179.9174329,3.687072646,5.825435889,-1.643735732,0.621749119,-0.07479416,0.981860274,-28.89772339,67.49092254,54.55961952,-57.0719799,-50.77451293,76.04813232,16.04187927,1,1
4.024284124,1,1571994776,AUT,FALSE,TRUE,TRUE,703.4411004,-64.5328152,174.3424836,179.9210745,0.016840183,179.854834,1.187292393,6.547679073,-1.215909976,0.457254779,-0.011865233,0.769723433,-27.63443298,68.09578171,54.52210121,-55.32654419,-50.81140502,76.62066764,15.95038719,1,1
4.124848127,1,1571994776,AUT,FALSE,TRUE,TRUE,707.4068853,-51.50683497,175.3494485,179.9792935,0.03346742,179.7365197,-0.100149427,8.487948062,-0.93227504,0.538944691,0.002876407,0.17535247,-26.28581657,68.39251213,54.61318474,-54.39868354,-50.80585693,76.98076515,16.59326591,1,1
4.225334167,1,1571994776,AUT,FALSE,TRUE,TRUE,709.0147731,-28.3162268,176.0147252,-179.896414,-0.022838529,179.6374617,-2.791048386,12.08916803,-0.899601792,1.517161122,0.796096493,-0.124602028,-24.47239265,68.46271476,54.76096801,-54.20623741,-50.80605468,77.16078987,18.25799674,1,1
4.325870991,1,1571994776,AUT,FALSE,TRUE,TRUE,709.0147731,-28.3162268,176.0147252,-179.896414,-0.022838529,179.6374617,-2.791048386,12.08916803,-0.899601792,1.517161122,0.796096493,-0.124602028,-24.47239265,68.46271476,54.76096801,-54.20623741,-50.80605468,77.16078987,18.25799674,1,1
4.426366091,1,1571994777,AUT,FALSE,TRUE,TRUE,709.7428901,1.39832136,177.0675872,-179.9660882,0.025830403,179.687639,-1.621865347,5.724804649,-1.397656538,0.30317672,0.268319139,-0.187076466,-22.07500076,68.39268379,54.8024826,-54.20810852,-50.80619201,77.18324318,20.725914,1,1
4.526926994,1,1571994777,AUT,FALSE,TRUE,TRUE,708.4852564,40.38105476,179.4185835,179.9940066,-0.011531051,179.7459197,-0.268325336,4.025847341,-0.632512438,0.388712954,0.068169976,-0.023796968,-18.88306389,68.20538749,54.79076843,-54.15261382,-50.74464111,77.40917015,23.90544662,1,1
4.627454996,1,1571994777,AUT,FALSE,TRUE,TRUE,708.4852564,40.38105476,179.4185835,179.9940066,-0.011531051,179.7459197,-0.268325336,4.025847341,-0.632512438,0.388712954,0.068169976,-0.023796968,-18.88306389,68.20538749,54.79076843,-54.15261382,-50.74464111,77.40917015,23.90544662,1,1
4.728048086,1,1571994777,AUT,FALSE,TRUE,TRUE,706.4650736,64.5902927,180.903167,179.897684,-0.086165037,179.954308,2.715503304,-1.895501645,-0.356008838,-0.439867009,-0.220205333,0.527317193,-16.75111198,68.06187172,54.69598045,-54.08468742,-50.72542053,77.63727035,26.00063209,1,1
4.828638077,1,1571994777,AUT,FALSE,TRUE,TRUE,703.420947,78.18208731,181.0586706,179.8695189,-0.391158847,-179.8985848,8.10517741,-3.904951204,-0.133061726,-0.614139345,0.002178631,0.720159475,-15.55048828,67.93289223,54.51932029,-54.20415344,-50.54284973,77.8715744,27.15770187,1,1
4.929195166,1,1571994777,AUT,FALSE,TRUE,TRUE,697.6934129,83.36879292,180.192536,179.8762089,-0.693991102,-179.8099001,12.6297502,-0.719797684,-0.726016188,0.252976918,0.323574182,0.725782648,-15.48867302,67.56971168,54.5309555,-55.39209137,-50.41906127,77.70159187,28.08677788,1,1
5.029709101,1,1571994777,AUT,FALSE,TRUE,TRUE,687.9751958,85.70186487,179.5526774,179.8811925,-0.743303225,-179.7863642,12.14616356,-1.767275724,-2.937457162,0.252976918,0.323574182,0.725782648,-16.27543144,66.64795532,54.65035286,-58.11538925,-50.30551208,76.76551551,29.32921829,1,1
5.130589008,1,1571994777,AUT,FALSE,TRUE,TRUE,687.9751958,85.70186487,179.5526774,179.8811925,-0.743303225,-179.7863642,12.14616356,-1.767275724,-2.937457162,0.076685574,0.123375929,0.722443176,-16.27543144,66.64795532,54.65035286,-58.11538925,-50.30551208,76.76551551,29.32921829,1,1
5.231304169,1,1571994777,AUT,FALSE,TRUE,TRUE,673.1468677,87.0385202,180.8826092,179.9018667,-0.694657151,-179.8108075,7.91643854,3.184313772,-3.561792125,0.769217393,0.39729379,0.688833244,-17.71564979,65.05896148,54.94424057,-62.20474434,-50.08714782,75.38123817,31.0066761,1,1
5.332211018,1,1571994777,AUT,FALSE,TRUE,TRUE,654.8692796,87.3299227,183.2601269,179.853248,-0.61212293,-179.792634,4.669357707,-0.635254246,-2.090135135,-0.003082761,0.752652774,0.746593224,-19.46842918,63.03174362,55.31114616,-67.03148117,-49.77381225,73.78484573,32.87320175,1,1
5.432738066,1,1571994778,AUT,FALSE,TRUE,TRUE,635.4458774,84.69565142,184.0373201,179.9656152,-0.464538102,-179.8083135,-3.706578081,7.438210764,1.067543716,1.598270906,1.681642372,0.544818029,-21.51757507,60.88116302,55.54130287,-72.05703964,-49.36520874,71.79038429,34.38611183,1,1
5.533271074,1,1571994778,AUT,FALSE,TRUE,TRUE,635.4458774,84.69565142,184.0373201,179.9656152,-0.464538102,-179.8083135,-3.706578081,7.438210764,1.067543716,1.598270906,1.681642372,0.544818029,-21.51757507,60.88116302,55.54130287,-72.05703964,-49.36520874,71.79038429,34.38611183,1,1
5.63380003,1,1571994778,AUT,FALSE,TRUE,TRUE,620.051761,80.25152309,183.2224794,179.8521791,-0.312163451,-179.7985238,-7.043902996,3.669380823,1.357697927,0.90912874,1.968744416,0.40400832,-23.24388428,59.23601875,55.61012191,-76.01973609,-49.08513427,70.05091896,35.51259155,1,1
5.734328032,1,1571994778,AUT,FALSE,TRUE,TRUE,610.7874721,76.0600429,182.2909023,-179.93545,-0.088529121,-179.9530118,-11.48408847,9.158423991,0.530572221,1.252866857,2.191291217,-0.234981221,-24.54528351,58.22544479,55.67411728,-78.49208564,-48.91618652,68.72508544,35.72968826,1,1
5.834892988,1,1571994778,AUT,FALSE,TRUE,TRUE,606.2701777,80.4036646,182.7644796,-179.7309243,-0.044447156,179.6668477,-11.48408847,9.158423991,0.530572221,1.252866857,2.191291217,-0.234981221,-24.86355743,57.92312851,56.10148201,-79.49577598,-48.84823059,68.27202988,36.15154609,1,1
5.93542099,1,1571994778,AUT,FALSE,TRUE,TRUE,606.2701777,80.4036646,182.7644796,-179.7309243,-0.044447156,179.6668477,-12.25704028,15.35664303,2.507083155,1.277132766,2.370632083,-1.272964668,-24.86355743,57.92312851,56.10148201,-79.49577598,-48.84823059,68.27202988,36.15154609,1,1
6.035965204,1,1571994778,AUT,FALSE,TRUE,TRUE,604.068852,103.7642951,183.336827,-179.7372869,-0.020655649,179.4648893,-7.985072572,15.25403574,3.388833213,1.062369902,1.647337219,-0.935561828,-22.99892349,58.26427116,56.69150962,-79.26840706,-49.2009027,68.52497978,38.36135673,1,1
6.136515141,1,1571994778,AUT,FALSE,TRUE,TRUE,602.7654735,134.2904875,181.2588082,-179.784477,-0.041103361,179.5232018,-5.162415655,9.920605434,1.597424044,0.194092403,1.401070289,-0.772925134,-19.95981331,58.89602966,56.62601051,-78.29971161,-49.52966308,68.8304512,41.05222778,1,1
6.237007141,1,1571994778,AUT,FALSE,TRUE,TRUE,602.7654735,134.2904875,181.2588082,-179.784477,-0.041103361,179.5232018,-5.162415655,9.920605434,1.597424044,0.194092403,1.401070289,-0.772925134,-19.95981331,58.89602966,56.62601051,-78.29971161,-49.52966308,68.8304512,41.05222778,1,1
6.337551117,1,1571994778,AUT,FALSE,TRUE,TRUE,604.0094386,173.633606,179.5507392,-179.8241274,-0.03790887,179.5789948,-3.897378994,5.783547428,-0.560710708,-0.492449918,1.309602206,-0.854420697,-16.06886787,59.98483658,56.26084899,-75.89000473,-49.74310546,69.57698936,43.8338562,1,1
6.43812418,1,1571994779,AUT,FALSE,TRUE,TRUE,604.0094386,173.633606,179.5507392,-179.8241274,-0.03790887,179.5789948,-3.897378994,5.783547428,-0.560710708,-0.492449918,1.309602206,-0.854420697,-16.06886787,59.98483658,56.26084899,-75.89000473,-49.74310546,69.57698936,43.8338562,1,1
6.538657188,1,1571994779,AUT,FALSE,TRUE,TRUE,606.0568851,202.741027,179.7998665,-179.937682,-0.166938098,179.8034997,4.61913124,1.205821073,-2.426003435,-0.450313198,0.304920478,-0.249387533,-11.51640816,60.95190124,55.91092071,-73.20228538,-49.79583984,70.75597,45.55919036,1,1
6.639212132,1,1571994779,AUT,FALSE,TRUE,TRUE,600.9027257,225.4466573,179.0728573,-179.9617003,-0.466219049,179.8589354,10.56281075,0.915293436,-0.457984174,-0.360645199,-0.125057779,-0.132743412,-9.05992355,61.44497451,55.87635154,-72.24969177,-49.76698974,71.31010323,47.32584343,1,1
6.739741087,1,1571994779,AUT,FALSE,TRUE,TRUE,600.9027257,225.4466573,179.0728573,-179.9617003,-0.466219049,179.8589354,10.56281075,0.915293436,-0.457984174,-0.360645199,-0.125057779,-0.132743412,-9.05992355,61.44497451,55.87635154,-72.24969177,-49.76698974,71.31010323,47.32584343,1,1
6.84061408,1,1571994779,AUT,FALSE,TRUE,TRUE,585.8432026,245.2591072,176.3361337,-179.986855,-0.642638497,179.9423101,8.018355427,1.364710749,-1.213079774,-0.250171308,0.805594421,0.064198519,-7.3968544,61.1532875,55.94092712,-73.67409324,-49.80613952,70.78318863,50.03062248,1,1
6.94183898,1,1571994779,AUT,FALSE,TRUE,TRUE,568.7454169,257.9375004,174.9295584,-179.9858489,-0.579018567,-179.9714123,6.120322272,1.711217597,-0.859165007,-0.103932947,0.962628868,0.205141206,-6.678207775,60.27008285,56.05452232,-76.18977356,-49.83345703,69.72892684,52.61027412,1,1
7.042407036,1,1571994779,AUT,FALSE,TRUE,TRUE,549.977817,265.2561511,173.5502534,179.9820225,-0.563597037,-179.8793501,3.43339445,0.755064273,-0.10768882,-0.103932947,0.962628868,0.205141206,-6.515263363,59.05093689,56.16108627,-79.34130478,-49.74204528,68.43032226,55.0577774,1,1
7.142898083,1,1571994779,AUT,FALSE,TRUE,TRUE,549.977817,265.2561511,173.5502534,179.9820225,-0.563597037,-179.8793501,3.43339445,0.755064273,-0.10768882,-0.11690996,1.13585657,0.189455079,-6.515263363,59.05093689,56.16108627,-79.34130478,-49.74204528,68.43032226,55.0577774,1,1
7.243436098,1,1571994779,AUT,FALSE,TRUE,TRUE,530.3933469,269.1304262,170.804729,179.9967931,-0.574478619,-179.8386683,2.210250085,5.029266726,1.628647857,0.772640367,1.257274868,0.048292575,-6.6665142,57.71956901,56.17272491,-82.86703376,-49.59064819,66.80735664,57.29668121,1,1
7.343907118,1,1571994779,AUT,FALSE,TRUE,TRUE,510.9252774,271.6131439,166.6931061,179.9775458,-0.530562239,-179.7863271,-1.919430841,4.57175867,2.141058516,0.709820593,1.861634265,0.082753043,-6.818578719,56.48976974,56.13328056,-86.36887779,-49.6117694,65.06085319,59.58661308,1,1
7.444429159,1,1571994780,AUT,FALSE,TRUE,TRUE,495.6293551,272.1432169,161.5530452,-179.9809205,-0.434644054,-179.7939041,-3.342464798,6.245081115,2.105142311,0.875485731,2.278898731,-0.012150096,-6.947640606,55.56913604,55.91275062,-89.23749732,-49.74344055,63.33994789,61.31656837,1,1
7.544953108,1,1571994780,AUT,FALSE,TRUE,TRUE,495.6293551,272.1432169,161.5530452,-179.9809205,-0.434644054,-179.7939041,-3.342464798,6.245081115,2.105142311,0.875485731,2.278898731,-0.012150096,-6.947640606,55.56913604,55.91275062,-89.23749732,-49.74344055,63.33994789,61.31656837,1,1
7.645477057,1,1571994780,AUT,FALSE,TRUE,TRUE,484.77391,271.6150482,156.821383,-179.9637363,-0.402040067,-179.8126794,-2.213639705,6.665033237,1.444284889,0.822130515,2.135779972,-0.150365878,-7.062921519,54.96099128,55.65236434,-91.33445777,-49.89169555,61.96370773,62.50571479,1,1
14.74046707,2,1571994787,AUT,FALSE,FALSE,TRUE,471.9677832,-400.0179359,169.9688193,-179.9969646,-0.007295707,-179.99749,-3.73363548,-0.581490144,-3.537778046,-0.177903433,0.735377318,0.100886998,-71.73080406,59.62457428,55.53856659,-78.17943191,-50.09551391,68.02929382,-11.24300652,0.5,1
14.84138012,2,1571994787,AUT,FALSE,TRUE,TRUE,472.3281708,-400.2785794,170.7121936,179.9729146,0.022701704,-179.9938247,-2.382832909,-0.47241172,-2.530456714,0.081511512,0.513486253,0.24247194,-71.73162803,59.62324218,55.59148636,-78.10699424,-50.09598632,68.08694114,-11.24383049,1,1
14.94209719,2,1571994787,AUT,FALSE,TRUE,TRUE,473.9019506,-401.5060896,174.9999956,179.9390801,0.03026203,179.9935194,-0.966143197,0.393242344,-2.176324124,0.310176579,0.253303068,0.337307514,-71.71413574,59.6228302,55.99229507,-77.5633358,-50.09771667,68.74830436,-11.37392235,1,1
15.04267812,2,1571994787,AUT,FALSE,TRUE,TRUE,473.9019506,-401.5060896,174.9999956,179.9390801,0.03026203,179.9935194,-0.966143197,0.393242344,-2.176324124,0.310176579,0.253303068,0.337307514,-71.71413574,59.6228302,55.99229507,-77.5633358,-50.09771667,68.74830436,-11.37392235,1,1
15.14323401,2,1571994787,AUT,FALSE,TRUE,TRUE,476.3575952,-403.1374037,179.1063577,179.964254,0.028317981,-179.91337,-0.792448224,0.473087573,-0.074351801,0.293848185,0.291204724,0.272474476,-71.51656723,59.62324218,56.24497032,-76.86438217,-50.09759033,69.36556778,-11.56945153,1,1
15.24380612,2,1571994787,AUT,FALSE,TRUE,TRUE,479.734437,-402.1705454,181.661042,179.9848573,0.078396959,-179.8508221,-3.911750647,0.977399517,0.299980667,0.277283373,0.391467234,0.092362802,-71.15932617,59.62381897,56.38961563,-76.40091018,-50.09673889,69.70679283,-11.4804966,1,1
15.34440804,2,1571994787,AUT,FALSE,TRUE,TRUE,479.734437,-402.1705454,181.661042,179.9848573,0.078396959,-179.8508221,-3.911750647,0.977399517,0.299980667,0.277283373,0.391467234,0.092362802,-71.15932617,59.62381897,56.38961563,-76.40091018,-50.09673889,69.70679283,-11.4804966,1,1
15.44496202,2,1571994788,AUT,FALSE,TRUE,TRUE,486.6158445,-396.458475,183.5834863,-179.9975828,0.200232166,-179.7923249,-7.623161935,-0.362610257,1.757826278,0.205209757,0.763368279,0.178866578,-70.32866706,59.62525406,56.5180767,-76.0802021,-50.09643127,69.88428726,-10.79557114,1,1
15.54546404,2,1571994788,AUT,FALSE,TRUE,TRUE,486.6158445,-396.458475,183.5834863,-179.9975828,0.200232166,-179.7923249,-7.623161935,-0.362610257,1.757826278,0.205209757,0.763368279,0.178866578,-70.32866706,59.62525406,56.5180767,-76.0802021,-50.09643127,69.88428726,-10.79557114,1,1
15.64601016,2,1571994788,AUT,FALSE,TRUE,TRUE,501.0393443,-385.9371825,183.6150945,179.850672,0.437452642,-179.8923448,-13.11616004,-3.786186065,2.206331422,0.004314454,1.519575083,0.694274964,-68.54564781,60.01570816,56.51721153,-75.12761879,-50.09803527,70.06977768,-9.497780231,1,1
15.74658298,2,1571994788,AUT,FALSE,TRUE,TRUE,520.8761306,-381.474387,180.9946666,179.8492133,0.483998332,-179.7899407,-14.48088318,-4.225067076,3.532864523,-0.137138395,1.701620339,0.665271464,-65.7940979,61.34103698,56.08450469,-72.2194416,-50.38314697,70.83990898,-9.015415194,1,1
15.84715605,2,1571994788,AUT,FALSE,TRUE,TRUE,542.3467914,-381.0440249,177.8045437,179.8810708,0.452679199,-179.8306255,-9.711044174,-3.892549331,2.364732336,-0.347981095,1.065444666,0.626758431,-62.83903313,63.18897858,55.58844795,-68.00599937,-50.62021545,72.14002418,-9.337915425,1,1
15.94771314,2,1571994788,AUT,FALSE,TRUE,TRUE,542.3467914,-381.0440249,177.8045437,179.8810708,0.452679199,-179.8306255,-9.711044174,-3.892549331,2.364732336,-0.347981095,1.065444666,0.626758431,-62.83903313,63.18897858,55.58844795,-68.00599937,-50.62021545,72.14002418,-9.337915425,1,1
16.04832315,2,1571994788,AUT,FALSE,TRUE,TRUE,565.3606276,-381.1776155,173.8545156,179.9378844,0.394603787,-179.8617222,-6.627798921,0.752315899,2.784234488,0.515901229,0.866894212,0.401978067,-59.6281517,65.38003006,55.15877266,-63.02169113,-50.97544189,73.68857803,-9.972698594,1,1
16.1488502,2,1571994788,AUT,FALSE,TRUE,TRUE,590.2829702,-382.1933972,168.4245591,179.9974151,0.159115615,-179.8974086,4.459855952,0.562020317,-2.536504711,0.426661786,-0.299994054,-0.000725579,-56.58560829,67.55245285,54.75942993,-58.01386528,-51.3313385,75.22454567,-11.10094643,1,1
16.24940705,2,1571994788,AUT,FALSE,TRUE,TRUE,590.2829702,-382.1933972,168.4245591,179.9974151,0.159115615,-179.8974086,4.459855952,0.562020317,-2.536504711,0.426661786,-0.299994054,-0.000725579,-56.58560829,67.55245285,54.75942993,-58.01386528,-51.3313385,75.22454567,-11.10094643,1,1
16.35002303,2,1571994788,AUT,FALSE,TRUE,TRUE,603.8266224,-384.3739445,165.7231161,-179.904713,-0.077124887,179.982896,14.80802019,6.075363774,-4.470072802,0.902070079,-1.853063235,-0.641105692,-53.62431564,69.77816963,54.3266201,-52.53063698,-51.51433227,77.12290764,-12.26369477,1,1
16.45097017,2,1571994789,AUT,FALSE,TRUE,TRUE,612.2164505,-383.4308424,166.2991224,-179.7425832,-0.29324577,179.8493451,17.03662536,8.35610766,-3.263959692,0.972918582,-1.930179214,-1.141340045,-52.16647796,70.69050521,54.30014648,-49.92870369,-51.51546936,78.27226982,-12.96627732,1,1
16.5516541,2,1571994789,AUT,FALSE,TRUE,TRUE,612.2164505,-383.4308424,166.2991224,-179.7425832,-0.29324577,179.8493451,17.03662536,8.35610766,-3.263959692,0.972918582,-1.930179214,-1.141340045,-51.81739426,70.47829742,54.51384086,-50.26507759,-51.50978393,78.43343239,-12.36143189,1,1
16.6523962,2,1571994789,AUT,FALSE,TRUE,TRUE,614.5424339,-376.5227895,168.4121873,-179.6616669,-0.344620821,179.7637837,7.927379542,7.297895654,-2.640169136,0.667660748,-0.122828964,-1.481617263,-51.81739426,70.47829742,54.51384086,-50.26507759,-51.50978393,78.43343239,-12.36143189,1,1
16.75295115,2,1571994789,AUT,FALSE,TRUE,TRUE,615.3171281,-363.5701565,170.9941143,-179.6503429,-0.45361521,179.7019864,6.304583766,8.154391009,0.365188409,0.675658465,0.493889331,-1.601360241,-51.66625671,69.74743538,54.78058548,-51.96203269,-51.45799987,78.21363029,-10.80696602,1,1
16.85354018,2,1571994789,AUT,FALSE,TRUE,TRUE,615.3705581,-342.8642212,171.3174275,-179.6988013,-0.430593831,179.6443813,4.611621244,7.181099929,1.128270786,0.7389757,0.594647086,-1.37930752,-51.59775696,68.66264191,55.08827476,-55.14922485,-51.38900573,77.21039314,-8.1542038,1,1
16.95415616,2,1571994789,AUT,FALSE,TRUE,TRUE,614.1244902,-314.9981701,169.1837868,-179.7454239,-0.388060124,179.6007623,2.824494007,6.074937499,0.676596435,0.7389757,0.594647086,-1.37930752,-51.43809814,67.35699921,55.3834362,-59.46043167,-51.39307617,75.58776397,-4.540007406,1,1
17.0547452,2,1571994789,AUT,FALSE,TRUE,TRUE,614.1244902,-314.9981701,169.1837868,-179.7454239,-0.388060124,179.6007623,2.824494007,6.074937499,0.676596435,0.559828954,0.713325745,-1.026297251,-51.43809814,67.35699921,55.3834362,-59.46043167,-51.39307617,75.58776397,-4.540007406,1,1
17.15527701,2,1571994789,AUT,FALSE,TRUE,TRUE,611.8558535,-281.5638104,167.0620328,-179.8410373,-0.266890645,179.5832994,-2.304671056,6.728742048,0.409105619,0.556384999,1.319257429,-0.559030361,-51.04299888,65.8741024,55.72002296,-64.21780357,-51.43769714,73.69748726,-0.295085913,1,1
17.2558341,2,1571994789,AUT,FALSE,TRUE,TRUE,609.6594089,-245.6414086,167.2731779,-179.9254973,-0.145938062,179.6085023,-6.193685571,4.410893746,-1.295575503,0.177678242,1.377181875,-0.104172362,-50.18592109,64.33462257,56.15493736,-68.62202339,-51.45382507,72.10392722,4.117686075,1,1
17.35634708,2,1571994790,AUT,FALSE,TRUE,TRUE,609.6594089,-245.6414086,167.2731779,-179.9254973,-0.145938062,179.6085023,-6.193685571,4.410893746,-1.295575503,0.177678242,1.377181875,-0.104172362,-50.18592109,64.33462257,56.15493736,-68.62202339,-51.45382507,72.10392722,4.117686075,1,1
17.45687699,2,1571994790,AUT,FALSE,TRUE,TRUE,609.120611,-190.773344,172.1571558,179.9866844,-0.075660859,179.7575617,-7.340000716,2.07973308,0.708444089,0.248027486,1.679551323,0.277976097,-47.72626762,62.18612251,56.81647568,-73.37053413,-51.37341064,70.7449974,10.47503128,1,1
17.55740714,2,1571994790,AUT,FALSE,TRUE,TRUE,611.1022673,-161.3742214,174.8800231,179.9793701,-0.106078821,179.8356262,-7.369959457,4.056860354,2.596103624,0.920012228,2.01646984,0.18704367,-45.73019256,61.32356186,56.92829589,-74.83413619,-51.11917602,70.39002914,13.53856544,1,1
17.657938,2,1571994790,AUT,FALSE,TRUE,TRUE,611.1022673,-161.3742214,174.8800231,179.9793701,-0.106078821,179.8356262,-7.369959457,4.056860354,2.596103624,0.920012228,2.01646984,0.18704367,-45.73019256,61.32356186,56.92829589,-74.83413619,-51.11917602,70.39002914,13.53856544,1,1
17.75850916,2,1571994790,AUT,FALSE,TRUE,TRUE,613.7640367,-134.9297311,174.9079834,-179.9223015,-0.14781753,179.8288143,-3.960201594,3.442204918,2.944563087,0.587286072,1.739391415,-0.334893394,-43.64975281,60.94026603,56.92174873,-75.65584831,-50.98718627,70.10175133,16.06507072,1,1
17.85904002,2,1571994790,AUT,FALSE,TRUE,TRUE,617.1485607,-109.5344278,172.6843318,179.9895224,-0.122327767,179.7961926,-4.535060578,1.288151739,0.695074755,-0.158819789,1.708757093,-0.09615066,-41.47304878,60.92793045,56.84641685,-76.12041206,-51.03350463,69.71282844,18.62298317,1,1
17.95953298,2,1571994790,AUT,FALSE,TRUE,TRUE,622.1155624,-90.89731888,170.6562738,179.8898709,-0.057954781,-179.9886519,-0.094756444,-3.600320502,-0.924386697,-0.760615625,0.559203329,0.533922254,-39.33810997,61.07810669,56.48479843,-75.83285866,-51.15767761,69.55365371,20.48641891,1,1
18.06017399,2,1571994790,AUT,FALSE,TRUE,TRUE,622.1155624,-90.89731888,170.6562738,179.8898709,-0.057954781,-179.9886519,-0.094756444,-3.600320502,-0.924386697,-0.760615625,0.559203329,0.533922254,-39.33810997,61.07810669,56.48479843,-75.83285866,-51.15767761,69.55365371,20.48641891,1,1
18.1609621,2,1571994790,AUT,FALSE,TRUE,TRUE,629.6076604,-81.00948673,169.7959383,179.8220919,0.182223619,-179.9293987,-7.339524563,-1.51561449,-1.208314198,-0.307714295,0.990139953,0.809500464,-37.74104118,61.43460617,56.07002334,-74.73512191,-51.11459472,69.57455177,21.09606743,1,1
18.26157403,2,1571994790,AUT,FALSE,TRUE,TRUE,643.1671576,-80.90881227,171.4773015,179.7959311,0.232587644,-179.8475217,-6.843271593,-0.713293708,0.893935154,0.115629118,0.923474745,0.995792044,-36.12472916,62.41625175,55.65670051,-71.53907547,-51.0231665,70.72172356,20.16588249,1,1
18.36227107,2,1571994791,AUT,FALSE,TRUE,TRUE,643.1671576,-80.90881227,171.4773015,179.7959311,0.232587644,-179.8475217,-6.843271593,-0.713293708,0.893935154,0.115629118,0.923474745,0.995792044,-36.12472916,62.41625175,55.65670051,-71.53907547,-51.0231665,70.72172356,20.16588249,1,1
18.46286798,2,1571994791,AUT,FALSE,TRUE,TRUE,661.0598057,-84.57395518,173.5718111,179.830202,0.31763376,-179.9494384,-6.499387477,0.538103316,-0.708771305,-0.260416462,0.659917529,0.818749761,-34.45653076,64.0264389,55.47147102,-67.00179405,-51.04434814,72.41200447,18.3654293,1,1
18.56343007,2,1571994791,AUT,FALSE,TRUE,TRUE,661.0598057,-84.57395518,173.5718111,179.830202,0.31763376,-179.9494384,-6.499387477,0.538103316,-0.708771305,-0.260416462,0.659917529,0.818749761,-34.45653076,64.0264389,55.47147102,-67.00179405,-51.04434814,72.41200447,18.3654293,1,1
18.664042,2,1571994791,AUT,FALSE,TRUE,TRUE,684.3479925,-87.92526577,174.3454794,179.8927425,0.204252504,179.928324,-1.987211334,4.747769334,0.040877012,0.305349895,0.364741217,0.588657245,-31.90960121,66.3998394,55.22803802,-60.48618393,-51.19090576,74.87645416,15.90657921,1,1
18.76465511,2,1571994791,AUT,FALSE,TRUE,TRUE,684.3479925,-87.92526577,174.3454794,179.8927425,0.204252504,179.928324,-1.987211334,4.747769334,0.040877012,0.305349895,0.364741217,0.588657245,-31.90960121,66.3998394,55.22803802,-60.48618393,-51.19090576,74.87645416,15.90657921,1,1
18.86524105,2,1571994791,AUT,FALSE,TRUE,TRUE,702.3108965,-80.78242673,172.4221909,179.8848958,-0.041032064,179.8374677,5.00549946,4.303544024,0.201077849,-0.146859286,-0.32347739,0.641035343,-29.10954322,68.46149597,55.04578857,-55.17132797,-51.4045404,76.79799041,14.77998619,1,1
18.96581316,2,1571994791,AUT,FALSE,TRUE,TRUE,702.3108965,-80.78242673,172.4221909,179.8848958,-0.041032064,179.8374677,5.00549946,4.303544024,0.201077849,-0.146859286,-0.32347739,0.641035343,-29.10954322,68.46149597,55.04578857,-55.17132797,-51.4045404,76.79799041,14.77998619,1,1
19.0664041,2,1571994791,AUT,FALSE,TRUE,TRUE,712.8671104,-59.53901931,169.2644621,179.9651525,-0.043306227,179.7239813,1.310984786,7.607348185,-1.727597464,0.296464914,0.110637358,0.294923591,-26.27337112,69.70863647,54.9388092,-52.55346451,-51.58109069,77.43140029,15.49015961,1,1
19.1669631,2,1571994791,AUT,FALSE,TRUE,TRUE,712.8671104,-59.53901931,169.2644621,179.9651525,-0.043306227,179.7239813,1.310984786,7.607348185,-1.727597464,0.296464914,0.110637358,0.294923591,-26.27337112,69.70863647,54.9388092,-52.55346451,-51.58109069,77.43140029,15.49015961,1,1
19.267555,2,1571994791,AUT,FALSE,TRUE,TRUE,717.4685795,-23.71537364,171.1888311,-179.9133215,-0.018672227,179.6521233,-1.047977315,7.485531504,-1.416723443,0.442425539,0.254202187,-0.11885081,-23.20422706,69.92090606,55.0546566,-51.68344688,-51.59306579,77.84288978,17.94999504,1,1
19.368155,2,1571994792,AUT,FALSE,TRUE,TRUE,717.4685795,-23.71537364,171.1888311,-179.9133215,-0.018672227,179.6521233,-1.047977315,7.485531504,-1.416723443,0.442425539,0.254202187,-0.11885081,-23.20422706,69.92090606,55.0546566,-51.68344688,-51.59306579,77.84288978,17.94999504,1,1
19.46871519,2,1571994792,AUT,FALSE,TRUE,TRUE,717.0468588,21.39987323,174.8063794,-179.9588791,-0.085624949,179.740864,-2.402382064,5.409115199,0.390225955,0.349644022,0.639593426,0.115708669,-19.55969124,69.63505897,55.13826599,-51.70034866,-51.51886962,78.16496773,21.59726715,1,1
19.56929016,2,1571994792,AUT,FALSE,TRUE,TRUE,717.0468588,21.39987323,174.8063794,-179.9588791,-0.085624949,179.740864,-2.402382064,5.409115199,0.390225955,0.349644022,0.639593426,0.115708669,-19.55969124,69.63505897,55.13826599,-51.70034866,-51.51886962,78.16496773,21.59726715,1,1
19.67004299,2,1571994792,AUT,FALSE,TRUE,TRUE,714.0746843,63.57451349,177.667235,179.8507702,-0.147790396,179.9844112,2.626965088,-3.45532319,-0.905357034,-0.718884557,-0.134994989,0.814244845,-16.11008034,69.35241851,55.04534912,-51.69757118,-51.4314569,78.44638595,25.18550148,1,1
19.77079606,2,1571994792,AUT,FALSE,TRUE,TRUE,714.0746843,63.57451349,177.667235,179.8507702,-0.147790396,179.9844112,2.626965088,-3.45532319,-0.905357034,-0.718884557,-0.134994989,0.814244845,-16.11008034,69.35241851,55.04534912,-51.69757118,-51.4314569,78.44638595,25.18550148,1,1
19.87148213,2,1571994792,AUT,FALSE,TRUE,TRUE,708.5635067,82.14488573,178.52878,179.9049117,-0.570610968,-179.9053295,10.04808304,-0.157218101,-0.823396103,-0.112808871,0.126373413,0.53335914,-14.63672447,69.05591125,54.95929527,-52.22520676,-51.19682739,78.70185928,26.88057518,1,1
19.97224498,2,1571994792,AUT,FALSE,TRUE,TRUE,708.5635067,82.14488573,178.52878,179.9049117,-0.570610968,-179.9053295,10.04808304,-0.157218101,-0.823396103,-0.112808871,0.126373413,0.53335914,-14.63672447,69.05591125,54.95929527,-52.22520676,-51.19682739,78.70185928,26.88057518,1,1
20.07288909,2,1571994792,AUT,FALSE,TRUE,TRUE,694.2534828,92.25356322,178.129088,179.8281951,-0.802666267,-179.8257223,12.51366954,-1.227051136,-2.322733315,0.276808923,0.177547207,0.999161918,-15.14442329,67.7985569,55.16421432,-55.94673958,-51.01213073,77.68213577,29.26731376,1,1
20.17349315,2,1571994792,AUT,FALSE,TRUE,TRUE,678.4885526,95.42362371,177.2528284,179.745251,-0.790096749,-179.7342716,8.951160206,-3.894426573,-1.581701618,-0.154493052,0.661579374,1.304287104,-16.39660034,66.19596061,55.17676277,-60.38296738,-50.73800537,76.04387169,31.36930389,1,1
20.27406621,2,1571994792,AUT,FALSE,TRUE,TRUE,660.0503601,93.75806469,175.9535895,179.8237918,-0.70230805,-179.6984724,3.921687859,0.955444268,-0.585859212,0.413060856,1.042353662,1.176310452,-18.29391518,64.28126335,55.20065803,-65.52872658,-50.42263183,73.98643799,33.13046722,1,1
20.37459397,2,1571994793,AUT,FALSE,TRUE,TRUE,660.0503601,93.75806469,175.9535895,179.8237918,-0.70230805,-179.6984724,3.921687859,0.955444268,-0.585859212,0.413060856,1.042353662,1.176310452,-18.29391518,64.28126335,55.20065803,-65.52872658,-50.42263183,73.98643799,33.13046722,1,1
20.4751811,2,1571994793,AUT,FALSE,TRUE,TRUE,640.4884253,89.41261626,174.6061148,179.9160965,-0.548125899,-179.7848444,-2.87780378,5.182284963,2.007783528,1.009895963,1.560000565,0.658877526,-20.51961823,62.31211852,55.35591888,-70.80228767,-50.136828,71.76029892,34.65609741,1,1
20.57577109,2,1571994793,AUT,FALSE,TRUE,TRUE,623.8568945,84.72560064,174.1546215,179.9480468,-0.270294954,-179.8664777,-8.907041881,9.16754013,-0.058941382,1.498261187,2.098209331,0.203754909,-22.5701683,60.57158546,55.65263557,-75.24808387,-50.07156372,69.81884994,35.89648132,1,1
20.67639399,2,1571994793,AUT,FALSE,TRUE,TRUE,614.187201,82.40039689,175.7843211,-179.9084195,-0.001130833,179.9381728,-14.78616893,11.29628537,0.455381732,1.238487236,2.486039331,-0.562000347,-23.89908485,59.45949096,56.037957,-77.79178962,-49.99150634,68.72070808,36.43746872,1,1
20.77704501,2,1571994793,AUT,FALSE,TRUE,TRUE,611.5196175,87.88914058,178.2265556,-179.7649045,0.015166017,179.6951699,-14.78616893,11.29628537,0.455381732,1.238487236,2.486039331,-0.562000347,-23.88972588,59.19924202,56.49021949,-78.26309623,-49.92083679,68.71646461,36.87467308,1,1
20.87757802,2,1571994793,AUT,FALSE,TRUE,TRUE,611.5196175,87.88914058,178.2265556,-179.7649045,0.015166017,179.6951699,-12.36050099,14.71713385,3.439198235,1.112542415,2.185464876,-1.100458935,-23.88972588,59.19924202,56.49021949,-78.26309623,-49.92083679,68.71646461,36.87467308,1,1
20.97806311,2,1571994793,AUT,FALSE,TRUE,TRUE,611.5196175,87.88914058,178.2265556,-179.7649045,0.015166017,179.6951699,-12.36050099,14.71713385,3.439198235,1.112542415,2.185464876,-1.100458935,-21.82068443,59.64697952,56.75257301,-77.55637321,-50.11382812,69.08067856,39.3176548,1,1
21.07868218,2,1571994793,AUT,FALSE,TRUE,TRUE,611.1803788,117.2676886,177.5203532,-179.8550408,-0.015905322,179.494326,-6.077094847,12.71294916,3.374531491,0.925567254,1.447415092,-0.662604626,-21.82068443,59.64697952,56.75257301,-77.55637321,-50.11382812,69.08067856,39.3176548,1,1
21.179214,2,1571994793,AUT,FALSE,TRUE,TRUE,611.1803788,117.2676886,177.5203532,-179.8550408,-0.015905322,179.494326,-6.077094847,12.71294916,3.374531491,0.925567254,1.447415092,-0.662604626,-17.32896881,60.73296432,56.61252823,-75.85682258,-50.46257263,69.49892807,42.26480941,1,1
21.27976704,2,1571994793,AUT,FALSE,TRUE,TRUE,609.629856,161.6368514,173.6478272,-179.8969856,-0.095812074,179.4952635,-2.37196359,9.000638988,1.039945073,-0.230908557,1.213028091,-0.292269179,-17.32896881,60.73296432,56.61252823,-75.85682258,-50.46257263,69.49892807,42.26480941,1,1
21.38056517,2,1571994794,AUT,FALSE,TRUE,TRUE,608.3697559,187.6930094,172.678299,179.97549,-0.153016326,179.6094266,3.48E-05,7.063174946,0.406891011,0.0227068,1.014712867,0.199088697,-13.36042213,61.59715576,56.36547318,-74.0053482,-50.67124145,70.11741371,44.85994834,1,1
21.48145318,2,1571994794,AUT,FALSE,TRUE,TRUE,604.6598842,219.7067836,172.9767926,-179.8903317,-0.266252868,179.7513125,6.280588626,3.834330944,-2.549981089,-0.368699043,0.142145779,-0.18435123,-9.764366913,62.21053963,56.15874138,-72.26669311,-50.66890136,70.87307739,46.94933166,1,1
21.58220601,2,1571994794,AUT,FALSE,TRUE,TRUE,604.6598842,219.7067836,172.9767926,-179.8903317,-0.266252868,179.7513125,6.280588626,3.834330944,-2.549981089,-0.368699043,0.142145779,-0.18435123,-9.764366913,62.21053963,56.15874138,-72.26669311,-50.66890136,70.87307739,46.94933166,1,1
21.68274808,2,1571994794,AUT,FALSE,TRUE,TRUE,593.7025736,244.0292914,173.088701,-179.911885,-0.492684532,179.9119183,6.090478095,2.553547838,0.403478987,-0.195798333,0.719715111,-0.126043084,-7.377872081,62.22494544,56.22204323,-72.28562393,-50.62847717,71.14910545,49.43225212,1,1
21.78329015,2,1571994794,AUT,FALSE,TRUE,TRUE,593.7025736,244.0292914,173.088701,-179.911885,-0.492684532,179.9119183,6.090478095,2.553547838,0.403478987,-0.195798333,0.719715111,-0.126043084,-7.377872081,62.22494544,56.22204323,-72.28562393,-50.62847717,71.14910545,49.43225212,1,1
21.88384199,2,1571994794,AUT,FALSE,TRUE,TRUE,577.6458587,260.9364295,171.8054611,-179.9817327,-0.572966333,-179.9062612,5.818150863,-0.481421241,0.397773919,-0.395364489,1.012274137,0.129961553,-5.998239894,61.61975669,56.24336014,-74.07687263,-50.61208557,70.56398391,52.13269157,1,1
21.98439813,2,1571994794,AUT,FALSE,TRUE,TRUE,577.6458587,260.9364295,171.8054611,-179.9817327,-0.572966333,-179.9062612,5.818150863,-0.481421241,0.397773919,-0.395364489,1.012274137,0.129961553,-5.998239894,61.61975669,56.24336014,-74.07687263,-50.61208557,70.56398391,52.13269157,1,1
22.08493805,2,1571994794,AUT,FALSE,TRUE,TRUE,553.8893394,268.4324747,165.7846103,179.9838931,-0.637011217,-179.7775602,3.016294652,1.304892987,3.599071044,0.034007974,1.565524296,0.060018207,-5.812625881,60.57211761,56.14719886,-77.33470344,-50.58276306,68.57790298,55.17244034,1,1
22.18544602,2,1571994794,AUT,FALSE,TRUE,TRUE,553.8893394,268.4324747,165.7846103,179.9838931,-0.637011217,-179.7775602,3.016294652,1.304892987,3.599071044,0.034007974,1.565524296,0.060018207,-5.812625881,60.57211761,56.14719886,-77.33470344,-50.58276306,68.57790298,55.17244034,1,1
22.28597713,2,1571994794,AUT,FALSE,TRUE,TRUE,525.721952,269.2447187,154.1406141,-179.9350705,-0.674942335,-179.8265222,2.000751525,6.218490259,0.874624772,0.505207269,1.851092711,-0.241964217,-6.585603331,58.89726906,55.75859871,-83.91889229,-50.85254333,65.34150581,58.34565925,1,1
22.38653398,2,1571994795,AUT,FALSE,TRUE,TRUE,525.721952,269.2447187,154.1406141,-179.9350705,-0.674942335,-179.8265222,2.000751525,6.218490259,0.874624772,0.505207269,1.851092711,-0.241964217,-6.585603331,58.89726906,55.75859871,-83.91889229,-50.85254333,65.34150581,58.34565925,1,1
22.48702216,2,1571994795,AUT,FALSE,TRUE,TRUE,496.6225914,271.93755,148.290257,-179.9745733,-0.548610789,-179.7626451,0.741033112,6.10735162,-1.323683419,0.894748729,1.725158107,0.084877078,-6.920147319,57.28628196,55.85118599,-89.12206535,-51.34734008,62.80168648,61.95724639,1,1
30.01090217,3,1571994802,AUT,FALSE,FALSE,TRUE,471.9847207,-399.9929581,169.9793329,-179.9981842,-0.005619671,-179.9970069,-2.845246348,-0.78735671,-2.732896188,-0.188994729,0.696860324,0.135487327,-72.02355537,59.9990776,56.24544067,-78.18117599,-50.76856933,68.37749519,-10.92793579,0.5,1
30.11212802,3,1571994802,AUT,FALSE,TRUE,TRUE,472.0560996,-400.347029,170.3230384,179.9621493,-0.011610522,-179.9743423,-1.930083506,-0.598333497,-1.333138129,-0.009274786,0.436450455,0.200993256,-72.01916084,59.99565124,56.25002403,-78.12592849,-50.76894836,68.42253914,-10.92916146,1,1
30.2127161,3,1571994802,AUT,FALSE,TRUE,TRUE,474.6608167,-401.1363327,172.78074,179.9469887,0.064579908,-179.852871,-3.90212091,-1.141709852,1.365834364,-0.009274786,0.436450455,0.200993256,-71.78312988,59.99605293,56.33094177,-77.64500885,-50.76881103,68.71451454,-10.96686859,1,1
30.31326699,3,1571994802,AUT,FALSE,TRUE,TRUE,474.6608167,-401.1363327,172.78074,179.9469887,0.064579908,-179.852871,-3.90212091,-1.141709852,1.365834364,0.169357669,0.752288151,0.279724704,-71.78312988,59.99605293,56.33094177,-77.64500885,-50.76881103,68.71451454,-10.96686859,1,1
30.41383815,3,1571994803,AUT,FALSE,TRUE,TRUE,480.80934,-399.4152639,174.8465512,179.9480515,0.063810131,-179.6548521,-3.90212091,-1.141709852,1.365834364,0.169357669,0.752288151,0.279724704,-70.95432815,60.02875786,56.23896904,-76.89979248,-50.76722351,69.04474983,-10.71014558,1,1
30.51433921,3,1571994803,AUT,FALSE,TRUE,TRUE,480.80934,-399.4152639,174.8465512,179.9480515,0.063810131,-179.6548521,-6.807617553,-2.11881628,3.223526423,0.254370619,0.89933165,0.175729257,-70.95432815,60.02875786,56.23896904,-76.89979248,-50.76722351,69.04474983,-10.71014558,1,1
30.61490798,3,1571994803,AUT,FALSE,TRUE,TRUE,492.0443511,-395.5991665,171.3018854,179.9371461,0.356842719,179.9942036,-12.28740129,-3.654383537,4.656360305,-0.196593049,1.52891473,0.340394217,-69.71141052,60.96203269,56.25016479,-75.58028297,-50.82607727,69.20609093,-10.35252686,1,1
30.71547008,3,1571994803,AUT,FALSE,TRUE,TRUE,492.0443511,-395.5991665,171.3018854,179.9371461,0.356842719,179.9942036,-12.28740129,-3.654383537,4.656360305,-0.196593049,1.52891473,0.340394217,-69.71141052,60.96203269,56.25016479,-75.58028297,-50.82607727,69.20609093,-10.35252686,1,1
30.81607103,3,1571994803,AUT,FALSE,TRUE,TRUE,509.5053636,-395.6460457,166.5810861,179.9128729,0.419128811,-179.8905409,-10.8192179,-4.073981487,4.475703383,-0.211251689,1.470523125,0.445112263,-67.50340576,62.75091591,56.24716758,-72.51881561,-51.71839782,70.0711441,-10.07003403,1,1
30.91665316,3,1571994803,AUT,FALSE,TRUE,TRUE,528.6514645,-397.1204437,162.1923988,179.9051696,0.438931297,-179.8972735,-6.483657074,-1.78280457,2.084910387,0.268694925,0.939316058,0.499250416,-65.07390633,64.78389816,56.24498749,-68.63873634,-52.42651611,71.30685539,-10.29636612,1,1
31.01723504,3,1571994803,AUT,FALSE,TRUE,TRUE,548.7022269,-399.5501153,158.1859214,179.9443484,0.3969445,-179.9002946,-5.747060034,0.071198946,2.465414218,0.246431397,0.780226059,0.323328531,-62.38921852,66.85212249,56.09750633,-64.12370567,-52.93569396,72.7429779,-10.99268303,1,1
31.11777115,3,1571994803,AUT,FALSE,TRUE,TRUE,548.7022269,-399.5501153,158.1859214,179.9443484,0.3969445,-179.9002946,-5.747060034,0.071198946,2.465414218,0.246431397,0.780226059,0.323328531,-62.38921852,66.85212249,56.09750633,-64.12370567,-52.93569396,72.7429779,-10.99268303,1,1
31.2183392,3,1571994803,AUT,FALSE,TRUE,TRUE,571.8784806,-402.2747555,153.6745986,-179.9756172,0.226459536,-179.9205379,0.304102947,1.338581642,-1.036180512,0.17595807,-0.415826017,-0.051607847,-58.92955856,69.16354294,55.43503761,-58.28085022,-52.97816711,74.43182373,-12.29738159,1,1
31.31891418,3,1571994803,AUT,FALSE,TRUE,TRUE,589.435578,-403.010303,153.3366781,-179.9242249,0.063873189,-179.9695582,0.304102947,1.338581642,-1.036180512,0.17595807,-0.415826017,-0.051607847,-56.17984199,70.78310623,55.13587646,-53.60224342,-52.96818054,76.15344657,-13.38207551,1,1
31.41951919,3,1571994804,AUT,FALSE,TRUE,TRUE,589.435578,-403.010303,153.3366781,-179.9242249,0.063873189,-179.9695582,6.632378266,3.454576198,-2.016730534,0.557660009,-1.516669144,-0.572405068,-56.17984199,70.78310623,55.13587646,-53.60224342,-52.96818054,76.15344657,-13.38207551,1,1
31.5202961,3,1571994804,AUT,FALSE,TRUE,TRUE,589.435578,-403.010303,153.3366781,-179.9242249,0.063873189,-179.9695582,8.599288226,7.203178578,-0.773407954,0.557660009,-1.516669144,-0.572405068,-53.84556999,71.64421806,55.20434875,-50.04163971,-52.88080627,77.87238808,-13.92899208,1,1
31.62154508,3,1571994804,AUT,FALSE,TRUE,TRUE,603.4500825,-398.5759939,158.3501108,-179.7729355,-0.145017212,179.9184973,8.599288226,7.203178578,-0.773407954,1.20572989,-0.955687481,-0.922119446,-53.84556999,71.64421806,55.20434875,-50.04163971,-52.88080627,77.87238808,-13.92899208,1,1
31.72225904,3,1571994804,AUT,FALSE,TRUE,TRUE,609.9178335,-384.3410052,161.4849033,-179.5798409,-0.366134297,179.7726811,6.940321153,7.555645578,0.597768974,0.901217114,0.287954125,-1.938843444,-52.80132293,71.34275665,55.38732604,-50.33694191,-52.75391967,78.25937805,-12.79732819,1,1
31.82278204,3,1571994804,AUT,FALSE,TRUE,TRUE,609.9178335,-384.3410052,161.4849033,-179.5798409,-0.366134297,179.7726811,6.940321153,7.555645578,0.597768974,0.901217114,0.287954125,-1.938843444,-52.80132293,71.34275665,55.38732604,-50.33694191,-52.75391967,78.25937805,-12.79732819,1,1
31.9233222,3,1571994804,AUT,FALSE,TRUE,TRUE,612.6672321,-359.8405913,161.2759501,-179.5991595,-0.475399392,179.6713225,8.200485596,7.096006751,1.152552159,0.686963469,0.307030087,-1.962459235,-52.31085205,70.31811333,55.5532814,-53.47228889,-52.63097167,77.38658981,-9.842108919,1,1
32.02389216,3,1571994804,AUT,FALSE,TRUE,TRUE,612.6672321,-359.8405913,161.2759501,-179.5991595,-0.475399392,179.6713225,8.200485596,7.096006751,1.152552159,0.686963469,0.307030087,-1.962459235,-52.31085205,70.31811333,55.5532814,-53.47228889,-52.63097167,77.38658981,-9.842108919,1,1
32.12443113,3,1571994804,AUT,FALSE,TRUE,TRUE,610.0263279,-315.9163341,158.6148386,-179.6934073,-0.380048605,179.6068643,2.194407783,6.537141088,0.782431373,0.669595263,0.74498,-1.389254823,-52.26216545,68.21002578,55.96629181,-60.54413337,-52.63285034,74.78061561,-4.035449988,1,1
32.22496009,3,1571994804,AUT,FALSE,TRUE,TRUE,610.0263279,-315.9163341,158.6148386,-179.6934073,-0.380048605,179.6068643,2.194407783,6.537141088,0.782431373,0.669595263,0.74498,-1.389254823,-51.9663311,65.95360908,56.57759857,-66.90016708,-52.67906982,72.58641929,1.489910888,1,1
32.32545304,3,1571994804,AUT,FALSE,TRUE,TRUE,605.1351109,-273.5375279,159.6819593,-179.8181697,-0.216165667,179.6248963,-3.575377688,3.766837726,-0.304509203,0.013415437,1.149205482,-0.726417578,-51.9663311,65.95360908,56.57759857,-66.90016708,-52.67906982,72.58641929,1.489910888,1,1
32.42600203,3,1571994805,AUT,FALSE,TRUE,TRUE,605.1351109,-273.5375279,159.6819593,-179.8181697,-0.216165667,179.6248963,-3.575377688,3.766837726,-0.304509203,0.013415437,1.149205482,-0.726417578,-50.95336761,63.71518936,57.31492195,-73.04729233,-52.58013793,70.86031608,8.015340038,1,1
32.52653408,3,1571994805,AUT,FALSE,TRUE,TRUE,600.397106,-220.3535315,166.0315725,-179.9262926,-0.08495335,179.7202151,-7.155653884,3.251931484,-0.164637983,0.486458141,1.404041312,-0.231686705,-50.95336761,63.71518936,57.31492195,-73.04729233,-52.58013793,70.86031608,8.015340038,1,1
32.62710118,3,1571994805,AUT,FALSE,TRUE,TRUE,600.5591928,-178.6940707,170.6798266,-179.9108236,-0.05831919,179.7553273,-7.155653884,3.251931484,-0.164637983,0.486458141,1.404041312,-0.231686705,-48.52966346,61.7786705,57.94729156,-76.18083343,-52.28780822,70.07414131,12.58622246,1,1
32.72765207,3,1571994805,AUT,FALSE,TRUE,TRUE,600.5591928,-178.6940707,170.6798266,-179.9108236,-0.05831919,179.7553273,-7.008541968,8.649619693,3.159319962,1.25687714,2.010026069,-0.309673169,-48.52966346,61.7786705,57.94729156,-76.18083343,-52.28780822,70.07414131,12.58622246,1,1
32.82821202,3,1571994805,AUT,FALSE,TRUE,TRUE,604.4862398,-128.2531077,171.1240313,-179.881844,-0.061573452,179.7346824,-6.423629861,6.799077792,1.328284519,1.094680132,1.836386615,-0.383315948,-44.71016006,60.85165443,58.04826965,-78.18812828,-52.07801879,69.32028351,17.75904236,1,1
32.92870116,3,1571994805,AUT,FALSE,TRUE,TRUE,604.4862398,-128.2531077,171.1240313,-179.881844,-0.061573452,179.7346824,-6.423629861,6.799077792,1.328284519,1.094680132,1.836386615,-0.383315948,-44.71016006,60.85165443,58.04826965,-78.18812828,-52.07801879,69.32028351,17.75904236,1,1
33.02924418,3,1571994805,AUT,FALSE,TRUE,TRUE,610.8597154,-81.45945426,169.4125141,179.9209059,-0.071313494,179.8615669,-2.700205143,-0.059594726,0.933353171,-0.185830007,1.173234474,0.473712359,-41.22825279,60.74411888,57.9882946,-78.68914948,-52.08419311,69.04204788,22.51187553,1,1
33.12983799,3,1571994805,AUT,FALSE,TRUE,TRUE,610.8597154,-81.45945426,169.4125141,179.9209059,-0.071313494,179.8615669,-2.700205143,-0.059594726,0.933353171,-0.185830007,1.173234474,0.473712359,-41.22825279,60.74411888,57.9882946,-78.68914948,-52.08419311,69.04204788,22.51187553,1,1
33.23049903,3,1571994805,AUT,FALSE,TRUE,TRUE,621.5294899,-61.3976928,168.8039316,179.6776611,0.28515649,-179.8124376,-9.467285583,-5.08766457,-0.186076509,-0.618370716,1.057628532,1.315770707,-37.38623771,60.96810608,57.04067573,-77.20137405,-52.03059082,68.93627701,24.24018631,1,1
33.33163619,3,1571994805,AUT,FALSE,TRUE,TRUE,640.9183768,-62.71342087,171.4535213,179.7005199,0.34680681,-179.778583,-8.86041854,-2.429277832,0.749078231,-0.210444667,1.030915894,1.129931346,-35.16071319,62.2091114,56.20909996,-72.69031906,-51.56607238,70.45025825,22.45635681,1,1
33.43223405,3,1571994806,AUT,FALSE,TRUE,TRUE,640.9183768,-62.71342087,171.4535213,179.7005199,0.34680681,-179.778583,-8.86041854,-2.429277832,0.749078231,-0.210444667,1.030915894,1.129931346,-35.16071319,62.2091114,56.20909996,-72.69031906,-51.56607238,70.45025825,22.45635681,1,1
33.53271413,3,1571994806,AUT,FALSE,TRUE,TRUE,669.1065402,-69.06769834,171.7524429,179.9131088,0.188736075,179.9630284,-8.86041854,-2.429277832,0.749078231,-0.210444667,1.030915894,1.129931346,-33.02374191,64.53044014,55.89968376,-66.46510162,-51.4963092,73.20830383,19.27263565,1,1
33.6332562,3,1571994806,AUT,FALSE,TRUE,TRUE,669.1065402,-69.06769834,171.7524429,179.9131088,0.188736075,179.9630284,-2.853338264,6.688000739,3.295896031,0.671527066,0.722293128,0.449735083,-33.02374191,64.53044014,55.89968376,-66.46510162,-51.4963092,73.20830383,19.27263565,1,1
33.73379803,3,1571994806,AUT,FALSE,TRUE,TRUE,687.5097964,-65.2615813,168.477732,179.8982286,0.106912661,179.8912286,-1.468880404,6.321941239,0.535456918,0.632020998,0.564038849,0.744486371,-30.29034691,67.24484253,55.81753006,-60.27972336,-52.10169982,74.88995704,18.05075683,1,1
33.83432102,3,1571994806,AUT,FALSE,TRUE,TRUE,687.5097964,-65.2615813,168.477732,179.8982286,0.106912661,179.8912286,-1.468880404,6.321941239,0.535456918,0.632020998,0.564038849,0.744486371,-30.29034691,67.24484253,55.81753006,-60.27972336,-52.10169982,74.88995704,18.05075683,1,1
33.93485498,3,1571994806,AUT,FALSE,TRUE,TRUE,701.5838179,-52.94976486,168.7688049,-179.9760096,0.14186456,179.7205481,-0.445114763,8.383550143,-1.432403074,0.324845678,0.05452631,0.315981594,-27.61882209,68.70468864,55.80974006,-56.48382683,-52.30298034,76.15199089,17.68277321,1,1
34.03541613,3,1571994806,AUT,FALSE,TRUE,TRUE,701.5838179,-52.94976486,168.7688049,-179.9760096,0.14186456,179.7205481,-0.445114763,8.383550143,-1.432403074,0.324845678,0.05452631,0.315981594,-24.58901253,69.49155693,55.88394928,-53.74527511,-52.30092041,77.30833626,18.51470604,1,1
34.13590813,3,1571994806,AUT,FALSE,TRUE,TRUE,711.6711172,-27.91253784,171.0670322,-179.9287983,0.101664208,179.6613428,-0.958228107,10.34845493,-1.451530404,0.860826537,0.222727823,-0.208150956,-24.58901253,69.49155693,55.88394928,-53.74527511,-52.30092041,77.30833626,18.51470604,1,1
34.23646021,3,1571994806,AUT,FALSE,TRUE,TRUE,716.9947358,12.68311262,173.3902368,-179.828179,0.049048657,179.5897158,-0.054516144,6.363930962,-0.070232864,0.258992383,0.059393656,-0.549681073,-20.75893135,69.92605247,55.95875244,-52.03482742,-52.27730529,78.08637428,21.04795417,1,1
34.33698797,3,1571994806,AUT,FALSE,TRUE,TRUE,716.9947358,12.68311262,173.3902368,-179.828179,0.049048657,179.5897158,-0.054516144,6.363930962,-0.070232864,0.258992383,0.059393656,-0.549681073,-20.75893135,69.92605247,55.95875244,-52.03482742,-52.27730529,78.08637428,21.04795417,1,1
34.43752408,3,1571994807,AUT,FALSE,TRUE,TRUE,717.6775311,69.87780998,176.4787157,179.9136591,-0.001251237,179.8923469,-0.696279271,3.601908681,-0.145706117,0.676207855,0.405198467,0.532498177,-15.37918396,70.11461219,55.76346016,-50.57537613,-52.2830017,78.84860229,25.39645614,1,1
34.53804898,3,1571994807,AUT,FALSE,TRUE,TRUE,717.6775311,69.87780998,176.4787157,179.9136591,-0.001251237,179.8923469,-0.696279271,3.601908681,-0.145706117,0.676207855,0.405198467,0.532498177,-15.37918396,70.11461219,55.76346016,-50.57537613,-52.2830017,78.84860229,25.39645614,1,1
34.63858318,3,1571994807,AUT,FALSE,TRUE,TRUE,716.3866959,93.96102215,179.5248574,179.8559399,-0.367069405,-179.8317165,12.43012703,-6.853690254,-0.30461257,-0.738089081,-1.009128243,0.866357813,-12.81690101,70.15574226,55.50537071,-49.46962967,-52.05030029,79.76840858,26.96809844,1,1
34.73908615,3,1571994807,AUT,FALSE,TRUE,TRUE,716.3866959,93.96102215,179.5248574,179.8559399,-0.367069405,-179.8317165,12.43012703,-6.853690254,-0.30461257,-0.738089081,-1.009128243,0.866357813,-12.37940139,69.84241218,55.46555557,-50.42499389,-51.84183471,79.83319015,28.04640655,1,1
34.83963704,3,1571994807,AUT,FALSE,TRUE,TRUE,710.4422525,102.3291272,179.0947675,179.858798,-0.801069444,-179.7265171,15.49518205,-3.681660983,-1.57103986,0.030605889,0.047794076,0.77211582,-12.37940139,69.84241218,55.46555557,-50.42499389,-51.84183471,79.83319015,28.04640655,1,1
34.94037008,3,1571994807,AUT,FALSE,TRUE,TRUE,697.9855357,104.9968659,178.5242074,179.8815373,-0.870546134,-179.7532305,15.52190848,1.210072174,-1.751832931,0.916609823,0.322889403,0.764966441,-13.52503509,68.60980453,55.5976799,-54.13838653,-51.60952331,78.59919548,29.7367527,1,1
35.04107118,3,1571994807,AUT,FALSE,TRUE,TRUE,681.3968076,106.2990234,178.2589227,179.8467104,-0.773141369,-179.7468243,8.067064458,-1.686745081,-2.35850314,0.211315588,0.658151097,0.800165836,-15.22043495,66.86711197,55.79900093,-59.08137588,-51.38087036,76.80276947,31.87025986,1,1
35.1418891,3,1571994807,AUT,FALSE,TRUE,TRUE,681.3968076,106.2990234,178.2589227,179.8467104,-0.773141369,-179.7468243,8.067064458,-1.686745081,-2.35850314,0.211315588,0.658151097,0.800165836,-15.22043495,66.86711197,55.79900093,-59.08137588,-51.38087036,76.80276947,31.87025986,1,1
35.24255514,3,1571994807,AUT,FALSE,TRUE,TRUE,657.4286824,105.811832,177.1489793,179.8821263,-0.647460807,-179.7551984,1.547837502,3.515510733,-1.718777729,0.929009348,1.263902337,0.570293896,-17.58905983,64.49924926,56.03027687,-65.61959038,-51.076203,74.33456726,34.45352669,1,1
35.34309816,3,1571994807,AUT,FALSE,TRUE,TRUE,657.4286824,105.811832,177.1489793,179.8821263,-0.647460807,-179.7551984,1.547837502,3.515510733,-1.718777729,0.929009348,1.263902337,0.570293896,-19.97031211,62.25499992,56.22984352,-71.96224479,-50.94798156,71.46835098,36.82461662,1,1
35.44370604,3,1571994808,AUT,FALSE,TRUE,TRUE,634.0171251,103.8982696,173.7059695,179.9420856,-0.244506285,-179.833721,-11.35397213,6.163888257,2.281058649,0.968702844,2.268615095,0.394799688,-19.97031211,62.25499992,56.22984352,-71.96224479,-50.94798156,71.46835098,36.82461662,1,1
35.54440904,3,1571994808,AUT,FALSE,TRUE,TRUE,621.1368618,102.4482198,173.7102783,-179.8176941,-0.019459717,179.922503,-14.21882183,14.57947985,1.94866189,0.968702844,2.268615095,0.394799688,-21.51353416,60.85114631,56.41654243,-75.58197555,-50.80613708,69.68650589,37.65388527,1,1
35.64502716,3,1571994808,AUT,FALSE,TRUE,TRUE,621.1368618,102.4482198,173.7102783,-179.8176941,-0.019459717,179.922503,-14.21882183,14.57947985,1.94866189,1.794704122,2.376701952,-0.961780548,-21.51353416,60.85114631,56.41654243,-75.58197555,-50.80613708,69.68650589,37.65388527,1,1
35.74556398,3,1571994808,AUT,FALSE,TRUE,TRUE,617.2125243,125.142385,173.144335,-179.7733757,-0.155896828,179.4615448,-9.750714843,18.96858341,3.599883435,2.285598477,1.826514524,-0.940607883,-19.90409203,61.10909843,56.84222145,-75.57744712,-50.77161804,69.70241546,39.5080513,1,1
35.84612298,3,1571994808,AUT,FALSE,TRUE,TRUE,617.2125243,125.142385,173.144335,-179.7733757,-0.155896828,179.4615448,-9.750714843,18.96858341,3.599883435,2.285598477,1.826514524,-0.940607883,-19.90409203,61.10909843,56.84222145,-75.57744712,-50.77161804,69.70241546,39.5080513,1,1
35.94661713,3,1571994808,AUT,FALSE,TRUE,TRUE,616.2511325,156.427384,171.2275706,-179.8597705,-0.157020851,179.4809869,-5.753080457,14.61360294,3.175815286,0.804000317,1.263615125,-0.672606834,-16.52676086,61.68523864,56.49176445,-74.27412872,-50.77198059,69.92219353,41.89805488,1,1
36.04717398,3,1571994808,AUT,FALSE,TRUE,TRUE,616.2511325,156.427384,171.2275706,-179.8597705,-0.157020851,179.4809869,-5.753080457,14.61360294,3.175815286,0.804000317,1.263615125,-0.672606834,-16.52676086,61.68523864,56.49176445,-74.27412872,-50.77198059,69.92219353,41.89805488,1,1
36.147717,3,1571994808,AUT,FALSE,TRUE,TRUE,615.17447,200.3843273,169.9006864,-179.9710183,-0.303983454,179.6615799,1.458616583,0.555368652,2.542195674,-0.698121363,0.553335712,-0.203956157,-12.25645752,62.58820152,56.01578865,-71.42577209,-50.7717279,70.95163994,44.83533554,1,1
36.24830604,3,1571994808,AUT,FALSE,TRUE,TRUE,615.17447,200.3843273,169.9006864,-179.9710183,-0.303983454,179.6615799,1.458616583,0.555368652,2.542195674,-0.698121363,0.553335712,-0.203956157,-12.25645752,62.58820152,56.01578865,-71.42577209,-50.7717279,70.95163994,44.83533554,1,1
36.34884501,3,1571994808,AUT,FALSE,TRUE,TRUE,610.8516755,232.0377805,166.8796522,-179.9986808,-0.464898819,179.9877608,8.397765802,-0.964536807,-0.191401222,-0.344738557,0.000558904,-0.105696617,-7.518146894,63.56229744,55.43905449,-69.61474113,-50.77098083,71.56868706,47.07866478,1,1
36.44938517,3,1571994809,AUT,FALSE,TRUE,TRUE,600.3830219,248.4613543,164.3760897,179.9663707,-0.708319851,-179.9788505,8.397765802,-0.964536807,-0.191401222,-0.344738557,0.000558904,-0.105696617,-6.0738842,63.56852531,55.45194626,-70.26022911,-50.77112915,71.32796631,49.0369091,1,1
36.54988718,3,1571994809,AUT,FALSE,TRUE,TRUE,600.3830219,248.4613543,164.3760897,179.9663707,-0.708319851,-179.9788505,8.072809897,-1.342895449,0.757722168,-0.096305157,0.525651551,-0.051129781,-6.0738842,63.56852531,55.45194626,-70.26022911,-50.77112915,71.32796631,49.0369091,1,1
36.65096211,3,1571994809,AUT,FALSE,TRUE,TRUE,577.6619852,260.2541834,161.2375221,179.9883549,-0.779482734,-179.8270575,6.925086527,0.012597972,0.252797165,0.027526924,0.627305064,0.060723511,-5.668062969,62.64986572,55.50909233,-74.03207244,-50.77083801,69.80592041,52.15291328,1,1
36.75175309,3,1571994809,AUT,FALSE,TRUE,TRUE,577.6619852,260.2541834,161.2375221,179.9883549,-0.779482734,-179.8270575,6.925086527,0.012597972,0.252797165,0.027526924,0.627305064,0.060723511,-5.668062969,62.64986572,55.50909233,-74.03207244,-50.77083801,69.80592041,52.15291328,1,1
36.85270715,3,1571994809,AUT,FALSE,TRUE,TRUE,552.3540649,264.8337605,157.5003134,179.9760683,-0.716091871,-179.7544971,1.084522014,5.696374025,3.051899932,0.986640803,1.586852039,0.025001628,-6.1181488,60.64462738,55.51525154,-78.90164909,-50.77057983,67.58409004,55.26348609,1,1
36.95327115,3,1571994809,AUT,FALSE,TRUE,TRUE,552.3540649,264.8337605,157.5003134,179.9760683,-0.716091871,-179.7544971,1.084522014,5.696374025,3.051899932,0.986640803,1.586852039,0.025001628,-6.1181488,60.64462738,55.51525154,-78.90164909,-50.77057983,67.58409004,55.26348609,1,1
37.05382204,3,1571994809,AUT,FALSE,TRUE,TRUE,522.203665,267.2702033,151.8751528,-179.9667593,-0.708966032,-179.840593,-1.205000727,6.36957933,2.12755198,0.73995488,1.627593009,-0.295607276,-6.800403213,58.63130035,55.49511566,-84.80028076,-50.77166198,64.75003624,58.61499252,1,1
37.15436912,3,1571994809,AUT,FALSE,TRUE,TRUE,502.9866981,269.39389,150.1209189,-179.9449179,-0.604700965,-179.8238579,-1.232794908,7.646741541,1.383960328,0.73995488,1.627593009,-0.295607276,-6.984647369,57.25868911,55.49888534,-88.22171516,-50.77104125,63.08955231,60.80094566,1,1
37.25498104,3,1571994809,AUT,FALSE,TRUE,TRUE,502.9866981,269.39389,150.1209189,-179.9449179,-0.604700965,-179.8238579,-1.232794908,7.646741541,1.383960328,1.032676725,1.481473905,-0.348535113,-6.984647369,57.25868911,55.49888534,-88.22171516,-50.77104125,63.08955231,60.80094566,1,1
37.35556912,3,1571994810,AUT,FALSE,TRUE,TRUE,489.113035,271.7948295,150.3163087,-179.9965454,-0.520887965,-179.7760316,-1.715610677,5.327239742,1.171608176,0.689957207,1.527791224,-0.224380438,-6.973753738,56.20891113,55.64794578,-90.55851059,-50.77079956,62.11100006,62.52899208,1,1
44.3701551,4,1571994817,AUT,FALSE,FALSE,TRUE,472.0159438,-399.9283094,169.9837521,-179.9870198,-0.009581863,179.9993611,-6.58120149,-1.064040345,-2.42737017,-0.277090841,0.955335337,0.100433352,-71.95047569,59.91227874,56.08462143,-78.18070221,-50.61205261,68.30223884,-11.00438691,0.5,1
44.47105217,4,1571994817,AUT,FALSE,TRUE,TRUE,473.9781357,-400.5336313,171.4880664,179.9712642,0.174572057,-179.904654,-6.134959073,-1.549656164,-1.184731326,-0.00165444,0.674618285,0.365033296,-71.83618354,59.91376533,56.14539986,-77.92035026,-50.61229431,68.32467499,-11.00413971,1,1
44.57175303,4,1571994817,AUT,FALSE,TRUE,TRUE,479.2899687,-401.1844046,175.4138019,179.9038547,0.218983497,-179.8463096,-7.061024535,-3.397581945,0.83968257,-0.315786872,0.687662694,0.474032924,-71.291399,60.05473366,56.35544815,-76.89754028,-50.61223937,69.01019783,-11.00826302,1,1
44.67238808,4,1571994817,AUT,FALSE,TRUE,TRUE,489.7314287,-400.569445,177.2594703,179.9352533,0.339656088,-179.9740331,-10.47705064,-2.033458195,2.747318641,0.063826027,1.148590482,0.535262578,-70.13391723,60.69700813,56.51551895,-75.13606796,-50.620578,69.83771896,-11.05266495,1,1
44.77292609,4,1571994817,AUT,FALSE,TRUE,TRUE,489.7314287,-400.569445,177.2594703,179.9352533,0.339656088,-179.9740331,-10.47705064,-2.033458195,2.747318641,0.063826027,1.148590482,0.535262578,-70.13391723,60.69700813,56.51551895,-75.13606796,-50.620578,69.83771896,-11.05266495,1,1
44.87343717,4,1571994817,AUT,FALSE,TRUE,TRUE,504.7807159,-400.2985505,175.5271802,179.9286686,0.421401317,-179.8871795,-14.83359682,-1.791255827,1.038632841,-0.178971669,0.796078371,0.385882752,-68.16762886,61.87352028,56.30754776,-72.52983627,-50.94755859,70.59415169,-10.95872841,1,1
44.97397304,4,1571994817,AUT,FALSE,TRUE,TRUE,530.6302001,-400.7397099,170.0631366,179.8903642,0.49806028,-179.8421901,-10.65011997,-2.513498151,3.121428125,-0.143794455,1.17784777,0.544844112,-64.73295936,64.24329185,55.88223609,-67.61803436,-51.54940612,71.92669373,-11.11932793,1,1
45.07450318,4,1571994817,AUT,FALSE,TRUE,TRUE,530.6302001,-400.7397099,170.0631366,179.8903642,0.49806028,-179.8421901,-10.65011997,-2.513498151,3.121428125,-0.143794455,1.17784777,0.544844112,-64.73295936,64.24329185,55.88223609,-67.61803436,-51.54940612,71.92669373,-11.11932793,1,1
45.17499614,4,1571994817,AUT,FALSE,TRUE,TRUE,559.2876759,-402.7864341,165.4738003,179.9450443,0.488767454,-179.8803366,-4.105410246,-2.464779187,-1.046425472,-0.150783951,0.192464602,0.321925247,-60.80519599,67.02578544,55.52520446,-61.22928886,-52.04446105,73.89817314,-12.08598404,1,1
45.27553821,4,1571994817,AUT,FALSE,TRUE,TRUE,580.4778609,-404.2456671,164.4449854,-179.9686736,0.292774884,-179.9369741,4.195671376,-1.969113117,-2.051113129,-0.444389333,-0.85460215,-0.032759541,-57.65486641,69.08048629,55.30341453,-55.72109756,-52.27992004,75.89663429,-13.23093453,1,1
45.37612009,4,1571994818,AUT,FALSE,TRUE,TRUE,580.4778609,-404.2456671,164.4449854,-179.9686736,0.292774884,-179.9369741,4.195671376,-1.969113117,-2.051113129,-0.444389333,-0.85460215,-0.032759541,-57.65486641,69.08048629,55.30341453,-55.72109756,-52.27992004,75.89663429,-13.23093453,1,1
45.47661614,4,1571994818,AUT,FALSE,TRUE,TRUE,596.8374159,-404.2026993,165.6360301,-179.8422049,0.002337954,179.9166749,12.34358946,5.01322445,-1.048337779,0.378309753,-1.122646254,-0.738708084,-54.91873855,70.66847419,55.14505691,-50.94594154,-52.30778686,77.88759727,-14.3816494,1,1
45.57716203,4,1571994818,AUT,FALSE,TRUE,TRUE,607.6777988,-400.8764969,166.9752742,-179.7559597,-0.20902347,179.8550215,15.55035675,8.609589472,-1.032892992,0.974966675,-1.441072174,-1.133115137,-53.02935448,71.52622489,55.05044746,-48.10562896,-52.31670227,79.11868057,-14.80629502,1,1
45.67771506,4,1571994818,AUT,FALSE,TRUE,TRUE,613.2740454,-391.7579401,166.1887946,-179.5949637,-0.430374726,179.7053039,12.2022743,9.86325969,-0.293146948,0.939507102,-0.520778249,-1.874794853,-52.05865745,71.70746498,55.05984077,-47.77691459,-52.30121704,79.4184391,-14.24131966,1,1
45.77820802,4,1571994818,AUT,FALSE,TRUE,TRUE,613.2740454,-391.7579401,166.1887946,-179.5949637,-0.430374726,179.7053039,12.2022743,9.86325969,-0.293146948,0.939507102,-0.520778249,-1.874794853,-51.60240211,71.36546745,55.16010131,-49.57759094,-52.29878906,78.74331207,-12.37060204,1,1
45.87878418,4,1571994818,AUT,FALSE,TRUE,TRUE,616.6604269,-369.9861689,162.1006882,-179.5371341,-0.54769869,179.5493643,9.743728964,10.81171678,-0.601370742,0.880236887,0.229318465,-2.066457147,-51.60240211,71.36546745,55.16010131,-49.57759094,-52.29878906,78.74331207,-12.37060204,1,1
45.97935104,4,1571994818,AUT,FALSE,TRUE,TRUE,617.4841497,-340.0149012,158.0208434,-179.5977018,-0.551911322,179.4237252,8.168107066,10.04852723,0.225814083,0.73442019,0.257260911,-1.761427114,-51.36338768,69.99100914,55.39076614,-55.00793037,-52.3044635,76.692453,-7.820284656,1,1
46.0798502,4,1571994818,AUT,FALSE,TRUE,TRUE,617.4841497,-340.0149012,158.0208434,-179.5977018,-0.551911322,179.4237252,8.168107066,10.04852723,0.225814083,0.73442019,0.257260911,-1.761427114,-51.36338768,69.99100914,55.39076614,-55.00793037,-52.3044635,76.692453,-7.820284656,1,1
46.18070912,4,1571994818,AUT,FALSE,TRUE,TRUE,613.8722248,-291.4849011,155.4865796,-179.7684609,-0.350523559,179.4229759,0.839393779,6.141289033,-3.695769668,-0.072298979,0.662411147,-0.810045467,-51.12607269,67.67936211,55.76261558,-62.62542801,-52.32418945,73.70140457,-1.401350788,1,1
46.28155398,4,1571994818,AUT,FALSE,TRUE,TRUE,609.5621688,-249.9748535,159.0366321,-179.9181587,-0.181377734,179.5288943,-5.897352654,3.326748322,-2.649436363,-0.352447272,1.126560298,-0.055926679,-50.48233223,65.41591758,56.37246323,-68.25666275,-52.33731811,71.88124123,3.940256881,1,1
46.38213205,4,1571994819,AUT,FALSE,TRUE,TRUE,606.0896995,-211.9570749,165.5117844,-179.9884398,-0.125890241,179.7087797,-8.201366252,1.110737281,-0.141364689,0.025126829,1.589156299,0.381801357,-49.32095718,63.37484664,56.99916114,-72.47814903,-52.21362304,70.85419121,8.580449294,1,1
46.48266315,4,1571994819,AUT,FALSE,TRUE,TRUE,606.0896995,-211.9570749,165.5117844,-179.9884398,-0.125890241,179.7087797,-8.201366252,1.110737281,-0.141364689,0.025126829,1.589156299,0.381801357,-49.32095718,63.37484664,56.99916114,-72.47814903,-52.21362304,70.85419121,8.580449294,1,1
46.58320308,4,1571994819,AUT,FALSE,TRUE,TRUE,604.8562535,-177.5588025,171.1856412,-179.9849783,-0.056292527,179.7597541,-7.955659346,2.777968168,1.75338857,0.285239745,1.623184468,0.113490614,-47.68387413,61.8208477,57.46124611,-75.29350204,-51.88489013,70.21644516,12.37183456,1,1
46.68369699,4,1571994819,AUT,FALSE,TRUE,TRUE,605.4781636,-144.4353019,174.2461267,-179.8778428,-0.071921484,179.7360223,-8.340068608,7.788339135,2.916646447,1.103513853,1.952739682,-0.306125945,-45.62021599,60.87159462,57.76804962,-77.06222534,-51.6313092,69.80753403,15.75686645,1,1
46.78424811,4,1571994819,AUT,FALSE,TRUE,TRUE,607.4069815,-111.6651149,174.6719167,-179.9560813,-0.07979338,179.7272796,-7.455323833,3.328011451,3.325884791,0.309682746,1.93080118,-0.059052633,-43.13441849,60.38503074,57.90297546,-78.19751816,-51.54656616,69.42768173,19.15701141,1,1
46.88481116,4,1571994819,AUT,FALSE,TRUE,TRUE,607.4069815,-111.6651149,174.6719167,-179.9560813,-0.07979338,179.7272796,-7.455323833,3.328011451,3.325884791,0.309682746,1.93080118,-0.059052633,-43.13441849,60.38503074,57.90297546,-78.19751816,-51.54656616,69.42768173,19.15701141,1,1
46.98530102,4,1571994819,AUT,FALSE,TRUE,TRUE,611.2969015,-87.30163497,174.2445157,179.8804344,-0.064321831,-179.8730594,-1.907867477,-2.264074165,0.652293279,0.121908193,1.023377864,0.748373202,-40.59751396,60.20571327,57.60281867,-78.30880279,-51.57240051,69.30113983,21.79820366,1,1
47.08584905,4,1571994819,AUT,FALSE,TRUE,TRUE,618.7227885,-76.81740964,172.7486976,179.7771028,0.139122927,-179.813854,-6.972539968,-3.582839036,1.68990563,-0.25109557,1.142108334,0.795351816,-38.66224136,60.40873374,56.79824524,-77.21681327,-51.33587036,69.15311623,22.44976501,1,1
47.18639803,4,1571994819,AUT,FALSE,TRUE,TRUE,618.7227885,-76.81740964,172.7486976,179.7771028,0.139122927,-179.813854,-6.972539968,-3.582839036,1.68990563,-0.25109557,1.142108334,0.795351816,-37.57094536,61.26530342,56.30037918,-74.80089569,-51.31332641,69.65148353,21.47124366,1,1
47.28688717,4,1571994819,AUT,FALSE,TRUE,TRUE,630.1948914,-78.8048359,172.1530966,179.8185628,0.371454543,-179.8137426,-12.41597467,-0.359617791,0.686231921,0.263669036,1.30579725,0.84956356,-37.57094536,61.26530342,56.30037918,-74.80089569,-51.31332641,69.65148353,21.47124366,1,1
47.38744903,4,1571994820,AUT,FALSE,TRUE,TRUE,646.9143302,-83.85722794,173.6180938,179.8577585,0.411271169,-179.9471513,-11.530215,1.967955015,1.039887471,0.10456208,1.150658658,0.585204515,-36.23166733,62.77147408,56.12379112,-70.65993233,-51.33363464,71.20354271,19.67103424,1,1
47.48809409,4,1571994820,AUT,FALSE,TRUE,TRUE,665.1844881,-87.67706571,175.7918398,179.9787129,0.302927102,179.9296549,-5.742778224,7.011438868,-2.087658647,0.876562081,0.645773551,0.365852257,-34.47619972,64.57793198,56.10749702,-65.74400367,-51.46599792,73.27513847,17.67753067,1,1
47.5885942,4,1571994820,AUT,FALSE,TRUE,TRUE,681.5418642,-86.60703198,177.1197278,179.9361691,0.126986864,179.8775508,0.03214402,3.696745298,1.631258944,0.036153709,0.361004503,0.30847562,-32.42021827,66.23596115,56.07841415,-61.16136589,-51.65467712,75.18753891,16.35344124,1,1
47.68913817,4,1571994820,AUT,FALSE,TRUE,TRUE,681.5418642,-86.60703198,177.1197278,179.9361691,0.126986864,179.8775508,0.03214402,3.696745298,1.631258944,0.036153709,0.361004503,0.30847562,-32.42021827,66.23596115,56.07841415,-61.16136589,-51.65467712,75.18753891,16.35344124,1,1
47.78970408,4,1571994820,AUT,FALSE,TRUE,TRUE,693.9562013,-81.89379156,176.1921082,179.8931538,0.014647172,179.8981944,5.100134375,2.59499373,0.378385871,-0.115076249,-0.223562413,0.49520653,-30.41731109,67.5701477,55.85300903,-57.62877388,-51.80506896,76.43741226,15.65604629,1,1
47.89072514,4,1571994820,AUT,FALSE,TRUE,TRUE,702.5247594,-71.23542534,173.1232494,-179.9142852,-0.030377607,179.7199687,3.365324004,8.241897083,0.576731795,0.419155085,-0.149557782,-0.094896856,-28.62871971,68.5858715,55.66050796,-55.37776107,-51.82853027,76.96756783,15.5172409,1,1
47.99139714,4,1571994820,AUT,FALSE,TRUE,TRUE,707.3491748,-51.07076142,169.0187947,-179.8753973,-0.058497957,179.6358614,-2.213813322,13.43972116,0.929474856,0.419155085,-0.149557782,-0.094896856,-26.62915306,69.29009514,55.64852943,-54.45007896,-52.0386383,77.01045913,16.84714622,1,1
48.0921371,4,1571994820,AUT,FALSE,TRUE,TRUE,707.3491748,-51.07076142,169.0187947,-179.8753973,-0.058497957,179.6358614,-2.213813322,13.43972116,0.929474856,1.420330254,0.944179064,-0.328191449,-26.62915306,69.29009514,55.64852943,-54.45007896,-52.0386383,77.01045913,16.84714622,1,1
48.19263506,4,1571994820,AUT,FALSE,TRUE,TRUE,711.2653926,-10.11869451,166.1777249,-179.875002,0.043151039,179.5751439,-2.474452087,10.8978922,-1.832615974,0.937295414,0.561719015,-0.287266306,-23.19996299,69.74687576,55.6949604,-53.98547401,-52.28619323,76.86475296,20.01003456,1,1
48.29317498,4,1571994820,AUT,FALSE,TRUE,TRUE,711.6336819,26.19175098,166.778073,-179.9215041,-0.00764947,179.6195608,-0.783594303,8.023683969,-0.878908511,0.550742308,0.214803419,-0.213820426,-20.13264541,69.80007706,55.68167038,-53.69942436,-52.28792358,77.02941742,22.86927109,1,1
48.393718,4,1571994821,AUT,FALSE,TRUE,TRUE,709.3050846,60.35174668,167.4598948,179.9129301,-0.188961962,179.8614028,5.02844067,-3.897774967,-0.345462905,0.550742308,0.214803419,-0.213820426,-17.22502784,69.75864143,55.58421478,-53.53986854,-52.28640747,77.3251934,25.75499839,1,1
48.49421501,4,1571994821,AUT,FALSE,TRUE,TRUE,709.3050846,60.35174668,167.4598948,179.9129301,-0.188961962,179.8614028,5.02844067,-3.897774967,-0.345462905,-1.062526888,-0.37729128,0.637646535,-17.22502784,69.75864143,55.58421478,-53.53986854,-52.28640747,77.3251934,25.75499839,1,1
48.59474421,4,1571994821,AUT,FALSE,TRUE,TRUE,705.1479615,80.64693706,168.2816651,179.8330571,-0.530715074,-179.8818171,10.94454374,-4.479804037,-1.809835234,-0.375045022,-0.121104664,1.079183124,-15.40497779,69.5259201,55.31776199,-53.73765678,-52.05461242,77.62670288,27.64557724,1,1
48.69530916,4,1571994821,AUT,FALSE,TRUE,TRUE,697.6969433,90.48770061,170.0888297,179.8362173,-0.776656536,-179.7898528,15.62156654,-3.524538893,-2.140051637,-0.209779031,-0.117682757,0.862359464,-15.07608833,68.82657165,55.3249546,-55.26509971,-51.79679077,77.46988334,29.04399261,1,1
48.795825,4,1571994821,AUT,FALSE,TRUE,TRUE,684.9870479,95.61098131,171.7034502,179.8579449,-0.843245605,-179.7488781,13.82544851,0.064846696,-1.448909673,0.653785744,0.298549844,0.91039192,-15.87723197,67.50064544,55.47589302,-58.62938804,-51.53711242,76.49486732,30.79213714,1,1
48.89640498,4,1571994821,AUT,FALSE,TRUE,TRUE,684.9870479,95.61098131,171.7034502,179.8579449,-0.843245605,-179.7488781,13.82544851,0.064846696,-1.448909673,0.653785744,0.298549844,0.91039192,-15.87723197,67.50064544,55.47589302,-58.62938804,-51.53711242,76.49486732,30.79213714,1,1
48.99696302,4,1571994821,AUT,FALSE,TRUE,TRUE,668.0326275,98.08305582,171.9439701,179.8660509,-0.799596942,-179.7457692,7.287708826,0.873418981,-0.545356568,0.359667917,0.791721858,0.783892605,-17.30247116,65.7464653,55.59755974,-63.24852791,-51.23172546,74.82729034,32.80085678,1,1
49.09745598,4,1571994821,AUT,FALSE,TRUE,TRUE,647.2037718,98.20629201,170.7161389,179.9553277,-0.588240511,-179.7813917,-1.792360959,7.240760878,2.481103719,1.519661802,1.757412279,0.609813887,-19.25530471,63.67579994,55.7468708,-68.86301879,-51.01845336,72.50557022,34.95241584,1,1
49.19798899,4,1571994821,AUT,FALSE,TRUE,TRUE,628.3163958,96.72796091,168.9466044,179.8603572,-0.403220506,-179.8155524,-3.872621032,3.181194378,-1.458753275,0.458119209,1.518099406,0.41265332,-21.06909943,61.91232604,55.92844734,-73.73102989,-50.93301818,70.4022068,36.84326248,1,1
49.29851818,4,1571994821,AUT,FALSE,TRUE,TRUE,628.3163958,96.72796091,168.9466044,179.8603572,-0.403220506,-179.8155524,-3.872621032,3.181194378,-1.458753275,0.458119209,1.518099406,0.41265332,-22.4880043,60.61709633,56.09980316,-77.07682686,-50.92824462,68.73484954,37.68909645,1,1
49.39900208,4,1571994822,AUT,FALSE,TRUE,TRUE,615.9423532,94.60909888,168.2673546,-179.8894629,-0.040819321,-179.9619679,-15.17226673,10.88393578,1.357687505,1.42985087,2.551633742,-0.281080296,-22.4880043,60.61709633,56.09980316,-77.07682686,-50.92824462,68.73484954,37.68909645,1,1
49.49955797,4,1571994822,AUT,FALSE,TRUE,TRUE,611.5063269,99.45132876,169.7995529,-179.714026,0.001131264,179.7285788,-14.75541873,16.74482224,4.065165542,1.699533812,2.677217339,-1.368032386,-22.69233627,60.22388191,56.48848228,-78.02863426,-50.83478942,68.39633331,38.19868698,1,1
49.60030317,4,1571994822,AUT,FALSE,TRUE,TRUE,610.7221982,117.8108583,170.0719117,-179.6601107,0.049260489,179.5483008,-10.42552947,18.00790687,3.231848391,1.931631928,1.859832378,-1.326918049,-21.11660156,60.57967071,56.85966567,-77.57077903,-51.07835632,68.62917137,39.7038002,1,1
49.7010541,4,1571994822,AUT,FALSE,TRUE,TRUE,611.3174103,145.2024468,168.2417779,-179.8307157,-0.003222227,179.5229262,-6.626755096,8.928702888,1.922629339,0.196234493,1.538309838,-0.814246698,-18.17856216,61.36557083,56.84606323,-76.16847724,-51.3343048,69.09994239,41.89628334,1,1
49.80201006,4,1571994822,AUT,FALSE,TRUE,TRUE,611.3174103,145.2024468,168.2417779,-179.8307157,-0.003222227,179.5229262,-6.626755096,8.928702888,1.922629339,0.196234493,1.538309838,-0.814246698,-18.17856216,61.36557083,56.84606323,-76.16847724,-51.3343048,69.09994239,41.89628334,1,1
49.90259814,4,1571994822,AUT,FALSE,TRUE,TRUE,613.5224181,180.2715912,165.4994588,-179.7914331,-0.088550837,179.6620353,-1.897994515,5.059710569,1.104641976,-0.658254107,1.294973552,-0.763973473,-13.94749374,62.58800926,56.48301315,-73.53723793,-51.58802307,69.96607704,44.08761291,1,1
50.00315309,4,1571994822,AUT,FALSE,TRUE,TRUE,612.4921727,205.9235813,164.1139767,-179.8555638,-0.34613059,179.7678961,6.922892293,5.432136816,0.619817833,0.157235644,0.284278619,-0.665418645,-10.88468399,63.41959533,56.28668403,-71.65707893,-51.58964355,70.75930023,45.69706192,1,1
50.1037941,4,1571994822,AUT,FALSE,TRUE,TRUE,612.4921727,205.9235813,164.1139767,-179.8555638,-0.34613059,179.7678961,6.922892293,5.432136816,0.619817833,0.157235644,0.284278619,-0.665418645,-10.88468399,63.41959533,56.28668403,-71.65707893,-51.58964355,70.75930023,45.69706192,1,1
50.2043581,4,1571994822,AUT,FALSE,TRUE,TRUE,603.9769695,230.0216049,162.0110714,-179.8701613,-0.626075058,179.9045838,10.18400385,1.969466493,-0.607174643,-0.302732766,0.512396754,-0.337270054,-8.439632031,63.74215736,56.22693558,-71.32896538,-51.61773559,71.01597862,47.89647674,1,1
50.30487609,4,1571994822,AUT,FALSE,TRUE,TRUE,589.4839646,249.2469068,160.1602492,179.9888794,-0.716512694,-179.9353416,9.204699557,-3.501152997,-1.631843031,-0.904512918,0.936738581,0.071680508,-6.860477825,63.40213394,56.2575531,-72.68821793,-51.7106195,70.54768295,50.68406867,1,1
50.405406,4,1571994823,AUT,FALSE,TRUE,TRUE,571.8374158,260.9812519,158.9761169,-179.996895,-0.666555824,-179.7786477,9.204699557,-3.501152997,-1.631843031,-0.904512918,0.936738581,0.071680508,-6.181735606,62.41440468,56.26469421,-75.38066826,-51.71913391,69.50223426,53.26737671,1,1
50.50593519,4,1571994823,AUT,FALSE,TRUE,TRUE,571.8374158,260.9812519,158.9761169,-179.996895,-0.666555824,-179.7786477,6.658398216,-3.20279016,-0.056360874,-0.288347805,0.969100709,0.307859385,-6.181735606,62.41440468,56.26469421,-75.38066826,-51.71913391,69.50223426,53.26737671,1,1
50.60653901,4,1571994823,AUT,FALSE,TRUE,TRUE,546.5676077,266.3001438,155.962233,-179.9871211,-0.663850777,-179.7201941,4.687882419,2.409588337,1.068792734,0.492660899,1.301630756,0.08793881,-6.46749,60.72702827,56.26555252,-80.06204567,-51.61864196,67.45757217,56.35899467,1,1
50.70709014,4,1571994823,AUT,FALSE,TRUE,TRUE,546.5676077,266.3001438,155.962233,-179.9871211,-0.663850777,-179.7201941,4.687882419,2.409588337,1.068792734,0.492660899,1.301630756,0.08793881,-6.46749,60.72702827,56.26555252,-80.06204567,-51.61864196,67.45757217,56.35899467,1,1
50.80767012,4,1571994823,AUT,FALSE,TRUE,TRUE,518.8431356,269.6009417,151.2285262,-179.9405675,-0.622055931,-179.7902013,-0.374103653,5.98811088,1.649612248,0.746655436,1.760471621,-0.126341833,-6.971542737,58.97269706,56.31563987,-85.25437317,-51.69026184,64.94343681,59.57247505,1,1
50.90819907,4,1571994823,AUT,FALSE,TRUE,TRUE,499.6773495,270.4290916,148.7106172,-179.9581585,-0.494568828,-179.7199092,-1.765549574,6.024784538,0.119180217,0.748514655,1.943231555,-0.207105783,-7.249428175,57.65347938,56.30553589,-88.77765769,-51.84118652,63.25717964,61.84864998,1,1
51.008775,4,1571994823,AUT,FALSE,TRUE,TRUE,484.2585942,271.3231768,147.3746588,-179.9266069,-0.415673291,-179.7482766,-3.789382564,6.715248842,0.717363205,0.926499387,2.12117468,-0.269884064,-7.408087919,56.51752739,56.31935462,-91.51720161,-51.83550659,61.92211761,63.56827125,1,1
58.04023314,5,1571994830,AUT,FALSE,FALSE,TRUE,472.0375478,-399.9029669,169.9674209,-179.9836403,-0.008536708,179.9996113,-6.816667839,-1.176798702,-2.692881102,-0.238217743,1.020508896,0.184248319,-72.15775337,60.17667503,56.57256889,-78.18120689,-51.07947143,68.54444961,-10.78997154,0.5,1
58.1411581,5,1571994830,AUT,FALSE,TRUE,TRUE,478.1767417,-398.6990008,173.2510785,179.9879873,0.237081909,-179.7775893,-14.15354642,-1.279945876,2.541666577,0.153382503,1.807835243,0.471622648,-71.83151779,60.17293968,56.64997101,-77.83308449,-51.07966369,68.69392548,-10.56347809,1,1
58.24179912,5,1571994830,AUT,FALSE,TRUE,TRUE,478.1767417,-398.6990008,173.2510785,179.9879873,0.237081909,-179.7775893,-14.15354642,-1.279945876,2.541666577,0.153382503,1.807835243,0.471622648,-71.83151779,60.17293968,56.64997101,-77.83308449,-51.07966369,68.69392548,-10.56347809,1,1
58.34236407,5,1571994830,AUT,FALSE,TRUE,TRUE,492.9910032,-394.3612777,175.9297865,179.9234854,0.312069165,-179.830693,-10.81707685,-2.800845069,4.396435248,0.22394092,1.724108052,0.579590474,-69.74312324,60.74084701,56.72976951,-75.58996811,-51.08025695,69.69650344,-10.037566,1,1
58.44290018,5,1571994831,AUT,FALSE,TRUE,TRUE,514.1248013,-393.0307406,170.7305592,179.8775374,0.433591732,-179.814998,-13.24949149,-3.021950449,5.366861341,0.22394092,1.724108052,0.579590474,-66.94055214,62.54784049,56.34660759,-72.04968567,-51.53885925,70.52898216,-9.83571625,1,1
58.5434072,5,1571994831,AUT,FALSE,TRUE,TRUE,514.1248013,-393.0307406,170.7305592,179.8775374,0.433591732,-179.814998,-13.24949149,-3.021950449,5.366861341,-0.244755955,1.641233753,0.528386586,-66.94055214,62.54784049,56.34660759,-72.04968567,-51.53885925,70.52898216,-9.83571625,1,1
58.64393806,5,1571994831,AUT,FALSE,TRUE,TRUE,541.3901381,-392.6539946,164.1889231,179.9255955,0.542859632,-179.8718699,-10.21135631,-2.80807814,3.361354535,-0.246756449,1.08558399,0.588715313,-63.40482903,65.2076168,56.0368721,-66.76354523,-52.21540283,71.94439201,-10.14063149,1,1
58.7444911,5,1571994831,AUT,FALSE,TRUE,TRUE,541.3901381,-392.6539946,164.1889231,179.9255955,0.542859632,-179.8718699,-10.21135631,-2.80807814,3.361354535,-0.246756449,1.08558399,0.588715313,-63.40482903,65.2076168,56.0368721,-66.76354523,-52.21540283,71.94439201,-10.14063149,1,1
58.84497905,5,1571994831,AUT,FALSE,TRUE,TRUE,572.8305559,-391.6650725,160.3905306,179.9673139,0.472258546,-179.9320054,-1.574600584,2.020446728,-1.973997195,0.174367799,-0.168297141,0.285536988,-59.14173546,68.14504166,55.93885689,-59.99252701,-52.87663696,74.26148758,-10.92359619,1,1
58.945508,5,1571994831,AUT,FALSE,TRUE,TRUE,572.8305559,-391.6650725,160.3905306,179.9673139,0.472258546,-179.9320054,-1.574600584,2.020446728,-1.973997195,0.174367799,-0.168297141,0.285536988,-59.14173546,68.14504166,55.93885689,-59.99252701,-52.87663696,74.26148758,-10.92359619,1,1
59.04606318,5,1571994831,AUT,FALSE,TRUE,TRUE,601.8991338,-390.7668026,162.3110131,-179.8752427,-0.017905101,-179.9970102,11.96014089,2.751059989,0.985856787,0.287900949,-1.208016548,-0.356313796,-54.43942566,70.70935364,55.68897972,-52.11343803,-53.03216491,77.46228218,-12.57112656,1,1
59.14654517,5,1571994831,AUT,FALSE,TRUE,TRUE,614.2587097,-387.6783931,165.4573094,-179.7745518,-0.222886484,179.9243113,13.87886723,8.404376915,-1.544609211,1.258101234,-1.322934784,-0.893971952,-52.2485836,71.64314003,55.62875061,-48.74518089,-52.99612976,78.97246628,-13.19008256,1,1
59.24708819,5,1571994831,AUT,FALSE,TRUE,TRUE,614.2587097,-387.6783931,165.4573094,-179.7745518,-0.222886484,179.9243113,13.87886723,8.404376915,-1.544609211,1.258101234,-1.322934784,-0.893971952,-52.2485836,71.64314003,55.62875061,-48.74518089,-52.99612976,78.97246628,-13.19008256,1,1
59.3476162,5,1571994831,AUT,FALSE,TRUE,TRUE,619.4636179,-374.6164925,167.1647322,-179.6176672,-0.48397972,179.7080265,10.46199552,10.54996132,-1.988786562,1.221019936,-0.110082799,-1.679967044,-51.32228507,71.48100929,55.77939376,-48.98331985,-52.86990783,79.35895156,-12.18839036,1,1
59.44815397,5,1571994832,AUT,FALSE,TRUE,TRUE,619.4636179,-374.6164925,167.1647322,-179.6176672,-0.48397972,179.7080265,10.46199552,10.54996132,-1.988786562,1.221019936,-0.110082799,-1.679967044,-51.32228507,71.48100929,55.77939376,-48.98331985,-52.86990783,79.35895156,-12.18839036,1,1
59.54868197,5,1571994832,AUT,FALSE,TRUE,TRUE,622.5899791,-346.9030326,169.0653041,-179.6039445,-0.455887574,179.562684,7.268172569,10.65824724,-1.113738749,1.047323219,0.060315794,-1.601865895,-50.90864296,70.24930801,56.26707344,-52.56571426,-52.80166625,78.40846939,-8.837347413,1,1
59.64921713,5,1571994832,AUT,FALSE,TRUE,TRUE,622.5899791,-346.9030326,169.0653041,-179.6039445,-0.455887574,179.562684,7.268172569,10.65824724,-1.113738749,1.047323219,0.060315794,-1.601865895,-50.90864296,70.24930801,56.26707344,-52.56571426,-52.80166625,78.40846939,-8.837347413,1,1
59.749753,5,1571994832,AUT,FALSE,TRUE,TRUE,620.3220361,-291.5051352,169.378975,-179.7525092,-0.40143734,179.5209304,4.652428985,8.946680366,0.036255502,0.837033189,0.830893421,-0.917801422,-50.54502296,67.65268593,57.04259148,-60.5043972,-52.7976123,75.90478134,-1.6648922,1,1
59.85062814,5,1571994832,AUT,FALSE,TRUE,TRUE,613.9957235,-237.0373436,169.3002303,-179.9911874,-0.163317904,179.6397085,-5.378683964,2.270983329,-0.36023639,0.137269362,1.189737056,0.219408241,-49.78443946,65.05389061,57.64435386,-68.13744049,-52.80295166,73.03340835,5.461382675,1,1
59.95146418,5,1571994832,AUT,FALSE,TRUE,TRUE,613.9957235,-237.0373436,169.3002303,-179.9911874,-0.163317904,179.6397085,-5.378683964,2.270983329,-0.36023639,0.137269362,1.189737056,0.219408241,-49.78443946,65.05389061,57.64435386,-68.13744049,-52.80295166,73.03340835,5.461382675,1,1
60.05207705,5,1571994832,AUT,FALSE,TRUE,TRUE,609.0935001,-193.7942858,171.8914788,179.9514913,-0.072941273,179.7384565,-7.469738434,2.060207379,-0.67835623,0.479438368,1.394611645,0.47020722,-48.37683334,63.00709991,58.10666542,-73.11673279,-52.63852478,71.44634399,10.70202255,1,1
60.15260601,5,1571994832,AUT,FALSE,TRUE,TRUE,607.1532794,-157.5829939,174.9195121,-179.9041993,-0.068531438,179.7376562,-7.665608238,4.871696964,1.064239846,0.670684145,1.571757485,0.111532717,-46.54873238,61.66444015,58.42667313,-75.92071151,-52.34334411,70.63953552,14.53837967,1,1
60.25336599,5,1571994832,AUT,FALSE,TRUE,TRUE,607.1402479,-123.2649299,176.1578721,-179.9744339,-0.0637293,179.7398946,-7.347419445,3.584348313,3.1077844,0.32732318,1.618403493,0.098313141,-44.29183159,60.81621323,58.57052193,-77.6984436,-52.11087341,70.03424377,18.22505836,1,1
60.35385704,5,1571994833,AUT,FALSE,TRUE,TRUE,607.1402479,-123.2649299,176.1578721,-179.9744339,-0.0637293,179.7398946,-7.347419445,3.584348313,3.1077844,0.32732318,1.618403493,0.098313141,-44.29183159,60.81621323,58.57052193,-77.6984436,-52.11087341,70.03424377,18.22505836,1,1
60.45441604,5,1571994833,AUT,FALSE,TRUE,TRUE,609.2462251,-94.25985267,175.471118,179.8195842,-0.072316419,179.9428527,-7.340065552,-1.983690067,1.99760781,0.086452118,1.86306466,0.989681178,-41.70568428,60.43218269,58.40383186,-78.49011841,-52.10088684,69.66022109,21.43676719,1,1
60.55501199,5,1571994833,AUT,FALSE,TRUE,TRUE,614.818533,-79.10186412,172.7038017,179.748266,0.078598949,-179.8453247,-5.89690859,-4.610897051,2.153373768,-0.280940304,1.148682676,1.1527517,-39.60462456,60.53897667,57.66292763,-77.9689373,-52.01700622,69.31769829,22.77377929,1,1
60.65552402,5,1571994833,AUT,FALSE,TRUE,TRUE,614.818533,-79.10186412,172.7038017,179.748266,0.078598949,-179.8453247,-5.89690859,-4.610897051,2.153373768,-0.280940304,1.148682676,1.1527517,-39.60462456,60.53897667,57.66292763,-77.9689373,-52.01700622,69.31769829,22.77377929,1,1
60.75609708,5,1571994833,AUT,FALSE,TRUE,TRUE,628.4962506,-76.13860143,169.738699,179.754904,0.355640136,-179.7916455,-12.36195272,0.547026067,1.46875538,0.29271345,1.423734406,1.183143506,-37.71565933,61.53017349,56.74388351,-75.28878822,-51.93068664,69.55459785,22.19748115,1,1
60.85665417,5,1571994833,AUT,FALSE,TRUE,TRUE,650.796893,-79.55231147,169.8210491,179.8092475,0.444663893,-179.9207599,-11.43540145,4.800559803,0.426039327,0.848363087,1.400660631,1.076572463,-35.59794159,63.57975196,56.36076278,-69.94334564,-51.98875488,71.36899681,20.13578682,1,1
60.95714307,5,1571994833,AUT,FALSE,TRUE,TRUE,650.796893,-79.55231147,169.8210491,179.8092475,0.444663893,-179.9207599,-11.43540145,4.800559803,0.426039327,0.848363087,1.400660631,1.076572463,-35.59794159,63.57975196,56.36076278,-69.94334564,-51.98875488,71.36899681,20.13578682,1,1
61.05766821,5,1571994833,AUT,FALSE,TRUE,TRUE,682.4623913,-84.4462133,173.6051184,179.9255117,0.27307744,179.8910413,-2.586168118,7.423752249,-0.980551892,0.882640545,0.43329381,0.50886914,-32.28360672,66.60704498,56.22702141,-61.26771698,-52.1255072,74.85897903,16.73826141,1,1
61.1581912,5,1571994833,AUT,FALSE,TRUE,TRUE,682.4623913,-84.4462133,173.6051184,179.9255117,0.27307744,179.8910413,-2.586168118,7.423752249,-0.980551892,0.882640545,0.43329381,0.50886914,-32.28360672,66.60704498,56.22702141,-61.26771698,-52.1255072,74.85897903,16.73826141,1,1
61.25867605,5,1571994833,AUT,FALSE,TRUE,TRUE,700.7820959,-79.20211027,174.8115961,179.9533055,0.066870175,179.8478104,1.933110714,4.965290047,1.101853669,0.157491887,-0.060858471,0.638565519,-29.56391716,68.49231605,56.18415069,-55.78380203,-52.34477233,77.04131698,15.333395,1,1
61.35922313,5,1571994834,AUT,FALSE,TRUE,TRUE,700.7820959,-79.20211027,174.8115961,179.9533055,0.066870175,179.8478104,1.933110714,4.965290047,1.101853669,0.157491887,-0.060858471,0.638565519,-26.63018646,70.05064773,56.05214309,-52.01458854,-52.50590881,78.13353653,15.31534652,1,1
61.45986509,5,1571994834,AUT,FALSE,TRUE,TRUE,714.3679359,-62.16333879,172.0561864,-179.9844692,0.011024345,179.6749637,0.777280513,12.92630512,1.150633919,1.33821397,0.523981551,0.188852972,-26.63018646,70.05064773,56.05214309,-52.01458854,-52.50590881,78.13353653,15.31534652,1,1
61.56054401,5,1571994834,AUT,FALSE,TRUE,TRUE,720.377136,-30.91564427,167.0488552,-179.9177231,-0.118934885,179.5734532,3.337127592,11.64122406,-0.804414816,0.543872276,-0.054464777,-0.051549195,-23.74108772,70.93317947,56.02602996,-50.63946762,-52.70691467,78.36051063,17.25237694,1,1
61.66114998,5,1571994834,AUT,FALSE,TRUE,TRUE,720.377136,-30.91564427,167.0488552,-179.9177231,-0.118934885,179.5734532,3.337127592,11.64122406,-0.804414816,0.543872276,-0.054464777,-0.051549195,-23.74108772,70.93317947,56.02602996,-50.63946762,-52.70691467,78.36051063,17.25237694,1,1
61.76182508,5,1571994834,AUT,FALSE,TRUE,TRUE,720.8539888,14.61667297,164.9979628,-179.9401584,-0.179884171,179.5962766,-1.503276206,10.44945134,-2.431034728,1.035784103,1.268210656,0.004013426,-19.93659439,71.18074951,56.05803451,-50.6054615,-52.87649963,78.27544899,20.92398376,1,1
61.86241698,5,1571994834,AUT,FALSE,TRUE,TRUE,718.7397781,59.79182312,167.6109444,179.9732484,-0.135527349,179.8042772,1.304515616,-0.213235854,-1.343704108,-0.553744271,0.205660557,0.495101984,-16.31508522,70.97406921,56.00511131,-50.56083298,-52.8798944,78.44127388,24.64749412,1,1
61.96296406,5,1571994834,AUT,FALSE,TRUE,TRUE,718.7397781,59.79182312,167.6109444,179.9732484,-0.135527349,179.8042772,1.304515616,-0.213235854,-1.343704108,-0.553744271,0.205660557,0.495101984,-16.31508522,70.97406921,56.00511131,-50.56083298,-52.8798944,78.44127388,24.64749412,1,1
62.06352711,5,1571994834,AUT,FALSE,TRUE,TRUE,713.9351679,86.36732746,171.1223419,179.8382161,-0.502629784,-179.8819794,10.47735755,-6.126601475,-0.145450493,-0.711909407,-0.240615898,0.960929978,-13.98936195,70.59075966,55.84580955,-50.63094635,-52.6550592,79.00648613,26.99069595,1,1
62.16405511,5,1571994834,AUT,FALSE,TRUE,TRUE,713.9351679,86.36732746,171.1223419,179.8382161,-0.502629784,-179.8819794,10.47735755,-6.126601475,-0.145450493,-0.711909407,-0.240615898,0.960929978,-13.98936195,70.59075966,55.84580955,-50.63094635,-52.6550592,79.00648613,26.99069595,1,1
62.26458812,5,1571994834,AUT,FALSE,TRUE,TRUE,703.9201133,98.36010793,171.8904854,179.8474639,-0.862826307,-179.7571066,16.02586088,-1.932352257,-0.44958254,0.370819221,0.11413469,0.925411865,-13.66683083,69.74503898,55.82423515,-52.80177269,-52.33631835,78.71690025,28.84388007,1,1
62.36511302,5,1571994835,AUT,FALSE,TRUE,TRUE,703.9201133,98.36010793,171.8904854,179.8474639,-0.862826307,-179.7571066,16.02586088,-1.932352257,-0.44958254,0.370819221,0.11413469,0.925411865,-14.99034691,68.1262516,55.88551826,-57.88808212,-52.1601416,76.84707527,31.42517624,1,1
62.46561003,5,1571994835,AUT,FALSE,TRUE,TRUE,681.4394083,104.6216555,168.7399601,179.8586966,-0.846569565,-179.6760749,10.1218088,-1.933467797,-1.695154948,0.216015748,0.305208899,0.951357328,-14.99034691,68.1262516,55.88551826,-57.88808212,-52.1601416,76.84707527,31.42517624,1,1
62.56614304,5,1571994835,AUT,FALSE,TRUE,TRUE,657.6246526,103.7209581,166.2209495,179.8726446,-0.622712102,-179.7013402,1.492489758,0.781941983,-2.110733975,0.819894618,0.825371487,0.767191101,-17.87784233,65.38722267,56.03308181,-66.02570343,-51.96166809,73.53339271,34.70332832,1,1
62.666682,5,1571994835,AUT,FALSE,TRUE,TRUE,657.6246526,103.7209581,166.2209495,179.8726446,-0.622712102,-179.7013402,1.492489758,0.781941983,-2.110733975,0.819894618,0.825371487,0.767191101,-17.87784233,65.38722267,56.03308181,-66.02570343,-51.96166809,73.53339271,34.70332832,1,1
62.76718712,5,1571994835,AUT,FALSE,TRUE,TRUE,636.8806324,99.32909466,166.2466103,179.9712309,-0.364829309,-179.7789872,-6.95996129,7.505714386,-1.275451105,1.803887273,1.674427686,0.367891062,-20.28167152,63.23722916,56.29946251,-71.70929489,-51.80704101,71.23642616,36.47942619,1,1
62.86771011,5,1571994835,AUT,FALSE,TRUE,TRUE,620.2103318,97.80816673,169.4098381,-179.7654806,-0.193758096,179.9913438,-11.9726949,14.52430224,1.25952962,1.931205236,2.324091937,-0.776305476,-22.11819076,61.42950782,56.81794166,-75.83832779,-51.51650207,69.74013977,37.61492157,1,1
62.96803999,5,1571994835,AUT,FALSE,TRUE,TRUE,620.2103318,97.80816673,169.4098381,-179.7654806,-0.193758096,179.9913438,-11.9726949,14.52430224,1.25952962,1.931205236,2.324091937,-0.776305476,-22.11819076,61.42950782,56.81794166,-75.83832779,-51.51650207,69.74013977,37.61492157,1,1
63.06856513,5,1571994835,AUT,FALSE,TRUE,TRUE,611.1882986,111.6165381,174.1056004,-179.6830545,-0.014118205,179.6675889,-13.62817887,15.66581532,2.468030756,1.200541302,2.120185004,-1.308502572,-21.95777321,60.60301323,57.601054,-77.53184623,-51.46708557,69.34624901,39.33330001,1,1
63.16914916,5,1571994835,AUT,FALSE,TRUE,TRUE,611.1882986,111.6165381,174.1056004,-179.6830545,-0.014118205,179.6675889,-13.62817887,15.66581532,2.468030756,1.200541302,2.120185004,-1.308502572,-21.95777321,60.60301323,57.601054,-77.53184623,-51.46708557,69.34624901,39.33330001,1,1
63.26972318,5,1571994835,AUT,FALSE,TRUE,TRUE,610.666636,143.6565199,175.9470977,-179.7626596,0.079866998,179.597412,-8.399492021,15.18560362,3.487094885,1.12642963,1.660545556,-1.095991356,-18.75032844,60.92102966,57.6842308,-76.35753822,-51.499682,69.83239746,41.88418464,1,1
63.37035418,5,1571994836,AUT,FALSE,TRUE,TRUE,611.0953195,177.9982178,172.9632361,-179.7692021,-0.068871184,179.5063488,-2.155363266,10.98078983,0.347786432,0.546785344,0.973402791,-0.939944825,-14.80399475,62.08017998,57.49989738,-74.12298088,-51.68963562,70.52200584,44.17647171,1,1
63.47104812,5,1571994836,AUT,FALSE,TRUE,TRUE,611.0953195,177.9982178,172.9632361,-179.7692021,-0.068871184,179.5063488,-2.155363266,10.98078983,0.347786432,0.546785344,0.973402791,-0.939944825,-14.80399475,62.08017998,57.49989738,-74.12298088,-51.68963562,70.52200584,44.17647171,1,1
63.57191515,5,1571994836,AUT,FALSE,TRUE,TRUE,608.7443777,218.8228692,170.0714917,179.9991978,-0.163613475,179.6855019,2.705125197,3.627738405,-3.70279402,-0.296154139,0.492322793,0.140620307,-10.19154624,63.32481766,57.29692154,-71.64289284,-52.0853302,71.37836952,47.13597221,1,1
63.67253304,5,1571994836,AUT,FALSE,TRUE,TRUE,608.7443777,218.8228692,170.0714917,179.9991978,-0.163613475,179.6855019,2.705125197,3.627738405,-3.70279402,-0.296154139,0.492322793,0.140620307,-10.19154624,63.32481766,57.29692154,-71.64289284,-52.0853302,71.37836952,47.13597221,1,1
63.77306509,5,1571994836,AUT,FALSE,TRUE,TRUE,603.8330887,246.6760402,170.6953124,179.8227015,-0.399905769,179.9730629,11.25841076,-3.42418126,-1.415794919,-1.016391661,-0.342022877,1.017597733,-6.783213038,63.86300697,57.05075912,-69.92477874,-52.02005493,72.30949516,49.27563171,1,1
63.87363219,5,1571994836,AUT,FALSE,TRUE,TRUE,589.4060847,265.8138854,169.6490355,179.8698938,-0.703561787,-179.9537319,12.5978895,-2.085192796,1.323085496,-0.586672592,0.335567951,0.916785907,-5.155979919,63.56267852,57.09974784,-70.96901893,-51.82640991,72.14652328,51.60234374,1,1
63.97413015,5,1571994836,AUT,FALSE,TRUE,TRUE,569.7513701,276.0523196,165.2564328,179.8200852,-0.740903758,-179.7691878,7.479773386,-3.482701135,1.198246818,-0.586672592,0.335567951,0.916785907,-4.732645794,62.67845077,57.08650589,-74.16491089,-51.92813232,70.76522941,54.46221199,1,1
64.07468009,5,1571994836,AUT,FALSE,TRUE,TRUE,569.7513701,276.0523196,165.2564328,179.8200852,-0.740903758,-179.7691878,7.479773386,-3.482701135,1.198246818,-0.644095241,1.09582779,1.226711716,-4.732645794,62.67845077,57.08650589,-74.16491089,-51.92813232,70.76522941,54.46221199,1,1
64.17521214,5,1571994836,AUT,FALSE,TRUE,TRUE,549.3795327,277.0954844,158.1657903,179.8033389,-0.688828662,-179.6354095,3.395034418,-1.182595625,1.340665719,-0.123023385,1.773106473,1.212540514,-5.177887344,61.46987915,56.72297172,-78.32851982,-51.98332763,68.59065399,56.93937149,1,1
64.27570009,5,1571994836,AUT,FALSE,TRUE,TRUE,528.5178773,273.9469771,151.3324962,179.9309601,-0.69864027,-179.7028416,2.536310755,2.505126624,0.655406474,-0.141722948,1.901721444,0.542124099,-6.142868038,60.12222061,56.4662693,-82.84209137,-52.0223291,66.19744377,59.01033897,1,1
64.37625098,5,1571994837,AUT,FALSE,TRUE,TRUE,506.850711,271.0570491,147.7697656,179.9681036,-0.600497987,-179.7769246,1.114297333,4.488660604,-0.960398706,0.121788092,1.846849643,0.453672387,-7.155192944,58.60587044,56.59578437,-87.35900688,-52.23577697,64.02700538,61.327565,1,1
64.47681403,5,1571994837,AUT,FALSE,TRUE,TRUE,506.850711,271.0570491,147.7697656,179.9681036,-0.600497987,-179.7769246,1.114297333,4.488660604,-0.960398706,0.121788092,1.846849643,0.453672387,-7.155192944,58.60587044,56.59578437,-87.35900688,-52.23577697,64.02700538,61.327565,1,1
64.57731605,5,1571994837,AUT,FALSE,TRUE,TRUE,487.6539558,267.6963113,147.873071,179.9819413,-0.430041766,-179.736399,-1.305993552,7.647548978,0.718201901,0.864216674,1.654664833,0.41636461,-8.032070156,56.93749008,56.83345642,-91.22480736,-52.30089843,62.37111168,63.32207108,1,1
71.28017116,6,1571994843,AUT,FALSE,FALSE,TRUE,471.955548,-400.0014375,169.9631359,-179.996787,-0.010281622,179.9994376,-2.045233022,-1.832821709,-3.665573759,-0.245907105,0.515060606,0.220950144,-72.53806572,60.68322029,57.50357094,-78.18071594,-51.97030334,69.01887359,-10.38546524,0.5,1
71.38077903,6,1571994844,AUT,FALSE,TRUE,TRUE,472.3252954,-401.4066477,171.1393718,179.9455831,-0.007026279,-179.9360514,-1.067685969,0.027774573,-2.736830741,0.194378009,0.209311085,0.365445125,-72.52113647,60.6829113,57.52422523,-77.94555702,-51.97186889,69.16377982,-10.47529908,1,1
71.48158097,6,1571994844,AUT,FALSE,TRUE,TRUE,474.0078544,-403.2913053,174.8081425,179.9488511,0.047568574,-179.8747195,-2.126980943,-0.559543084,-0.942235081,0.063149744,0.372230719,0.396620898,-72.44959144,60.68366661,57.77817078,-77.37915687,-51.97183593,69.66536407,-10.69750443,1,1
71.58213806,6,1571994844,AUT,FALSE,TRUE,TRUE,474.0078544,-403.2913053,174.8081425,179.9488511,0.047568574,-179.8747195,-2.126980943,-0.559543084,-0.942235081,0.063149744,0.372230719,0.396620898,-72.44959144,60.68366661,57.77817078,-77.37915687,-51.97183593,69.66536407,-10.69750443,1,1
71.68286014,6,1571994844,AUT,FALSE,TRUE,TRUE,477.1099809,-403.7010496,178.9492851,179.941804,0.109577049,-179.8336918,-4.938919703,-1.013427598,1.581765359,-0.01708001,0.614677113,0.358547061,-72.21303177,60.68657455,58.11006774,-76.74380378,-51.97177001,70.23064499,-10.74850159,1,1
71.78334999,6,1571994844,AUT,FALSE,TRUE,TRUE,483.3273907,-401.8416197,181.0275342,179.9561018,0.218308038,-179.9216789,-9.693714418,-0.690577307,2.736994343,0.346556227,1.43929283,0.270254635,-71.55220413,60.93033714,58.33674316,-75.90325355,-51.97200073,70.70692634,-10.60138436,1,1
71.88390303,6,1571994844,AUT,FALSE,TRUE,TRUE,493.8370063,-400.2790431,179.4367474,179.9576976,0.356913702,-179.8863395,-11.4070859,-3.049389619,3.966730186,-0.27481822,1.374241126,0.242742563,-70.20160675,61.62793808,58.1559288,-74.40042343,-52.12898986,71.01971397,-10.40219536,1,1
71.98445201,6,1571994844,AUT,FALSE,TRUE,TRUE,493.8370063,-400.2790431,179.4367474,179.9576976,0.356913702,-179.8863395,-11.4070859,-3.049389619,3.966730186,-0.27481822,1.374241126,0.242742563,-70.20160675,61.62793808,58.1559288,-74.40042343,-52.12898986,71.01971397,-10.40219536,1,1
72.08496308,6,1571994844,AUT,FALSE,TRUE,TRUE,514.372278,-399.9544528,174.8083465,179.9019873,0.463805695,-179.8667858,-10.15987105,-3.529766066,2.52761659,-0.247788586,0.990628548,0.45725389,-67.45168075,63.34190139,57.66284179,-70.82308273,-52.49906982,71.79587402,-10.37635346,1,1
72.18553901,6,1571994844,AUT,FALSE,TRUE,TRUE,514.372278,-399.9544528,174.8083465,179.9019873,0.463805695,-179.8667858,-10.15987105,-3.529766066,2.52761659,-0.247788586,0.990628548,0.45725389,-67.45168075,63.34190139,57.66284179,-70.82308273,-52.49906982,71.79587402,-10.37635346,1,1
72.28606915,6,1571994844,AUT,FALSE,TRUE,TRUE,547.8846178,-400.4431155,170.4026874,179.9209589,0.472421847,-179.8824737,-8.539487827,-0.557420853,1.05134538,0.206511906,1.015617437,0.450004343,-62.95724601,66.20591354,57.21574631,-64.02182121,-53.08710205,73.88979263,-11.02552186,1,1
72.38655114,6,1571994845,AUT,FALSE,TRUE,TRUE,573.3864689,-399.6782852,168.7650269,-179.9727176,0.282183311,-179.9583194,-8.539487827,-0.557420853,1.05134538,0.206511906,1.015617437,0.450004343,-59.19838028,68.51863518,56.96082229,-58.11342544,-53.40678771,75.98456268,-11.97511483,1,1
72.48708606,6,1571994845,AUT,FALSE,TRUE,TRUE,573.3864689,-399.6782852,168.7650269,-179.9727176,0.282183311,-179.9583194,-0.750789735,0.829601158,-0.548835016,-0.01824971,-0.167672461,-0.05946835,-59.19838028,68.51863518,56.96082229,-58.11342544,-53.40678771,75.98456268,-11.97511483,1,1
72.58761001,6,1571994845,AUT,FALSE,TRUE,TRUE,592.6209277,-397.9557541,167.2926918,-179.8540971,-0.119810462,179.9222063,13.40023454,5.776905271,0.171259458,0.692150051,-1.436925368,-0.910289647,-55.92494544,70.29076767,56.61044083,-53.11609497,-53.53176818,77.83024178,-12.92193718,1,1
72.68814802,6,1571994845,AUT,FALSE,TRUE,TRUE,592.6209277,-397.9557541,167.2926918,-179.8540971,-0.119810462,179.9222063,13.40023454,5.776905271,0.171259458,0.692150051,-1.436925368,-0.910289647,-55.92494544,70.29076767,56.61044083,-53.11609497,-53.53176818,77.83024178,-12.92193718,1,1
72.78867102,6,1571994845,AUT,FALSE,TRUE,TRUE,606.3429886,-386.9316473,165.4502001,-179.6591416,-0.129723571,179.7178538,11.7853635,11.53109579,-2.674973124,1.388708587,-1.262313324,-1.615774165,-53.81075706,71.16967735,56.56927643,-51.04207191,-53.52969726,78.49689216,-12.63746338,1,1
72.88921118,6,1571994845,AUT,FALSE,TRUE,TRUE,613.8159373,-367.5252268,164.9320569,-179.5828225,-0.379500102,179.5906381,8.594708328,10.46290758,-1.24201522,0.991074219,0.407883549,-1.862322234,-52.54731903,70.97358513,56.70359459,-51.91312981,-53.53148803,78.47382431,-10.68694726,1,1
72.989748,6,1571994845,AUT,FALSE,TRUE,TRUE,619.1822536,-339.4955634,164.4883909,-179.5356818,-0.467263129,179.5456999,9.311739858,9.70059618,-1.004442461,0.780645665,0.153444747,-2.012525381,-51.57183266,70.13060417,56.90663223,-54.70165214,-53.51695861,77.65744743,-7.505996706,1,1
73.0905962,6,1571994845,AUT,FALSE,TRUE,TRUE,620.7486828,-301.8461891,164.0012403,-179.6283623,-0.473441733,179.4663031,8.636826936,7.452888263,-1.534678463,0.780645665,0.153444747,-2.012525381,-50.84102554,68.70752792,57.33172416,-59.34195785,-53.50536804,76.1720993,-2.8428463,1,1
73.19163418,6,1571994845,AUT,FALSE,TRUE,TRUE,620.7486828,-301.8461891,164.0012403,-179.6283623,-0.473441733,179.4663031,8.636826936,7.452888263,-1.534678463,0.419854494,-0.08710886,-1.67354665,-50.84102554,68.70752792,57.33172416,-59.34195785,-53.50536804,76.1720993,-2.8428463,1,1
73.29237413,6,1571994845,AUT,FALSE,TRUE,TRUE,618.6036393,-258.4002666,164.2881142,-179.7810712,-0.302922162,179.454586,-2.465002742,6.384446498,-0.554522049,0.502509223,0.981623451,-0.707818531,-50.07718048,66.8325119,57.86179389,-64.98045387,-53.51057006,74.18569908,2.680155944,1,1
73.39289808,6,1571994846,AUT,FALSE,TRUE,TRUE,614.5701611,-213.0963929,166.4305112,-179.9504981,-0.14268268,179.6169212,-6.916189484,3.721066793,0.365897594,0.177818243,1.609441067,0.008179206,-48.85587501,64.82542648,58.35143737,-70.32240143,-53.51160278,72.39702873,8.396599956,1,1
73.49345112,6,1571994846,AUT,FALSE,TRUE,TRUE,614.5701611,-213.0963929,166.4305112,-179.9504981,-0.14268268,179.6169212,-6.916189484,3.721066793,0.365897594,0.177818243,1.609441067,0.008179206,-48.85587501,64.82542648,58.35143737,-70.32240143,-53.51160278,72.39702873,8.396599956,1,1
73.59394097,6,1571994846,AUT,FALSE,TRUE,TRUE,611.0047355,-163.0235525,170.4003119,-179.9744127,-0.059705369,179.7418509,-9.183052868,2.049312687,2.227732289,0.1888415,1.744952631,0.262355027,-46.65931663,62.86283226,58.8665554,-74.80920066,-53.3188916,71.05047913,14.22176399,1,1
73.69446802,6,1571994846,AUT,FALSE,TRUE,TRUE,610.9028833,-120.2096765,172.7826353,179.9679202,-0.096715569,179.8354222,-9.183052868,2.049312687,2.227732289,0.1888415,1.744952631,0.262355027,-43.77037926,61.70610237,59.00405273,-77.07563209,-53.05343444,70.40835571,18.80998421,1,1
73.79500103,6,1571994846,AUT,FALSE,TRUE,TRUE,610.9028833,-120.2096765,172.7826353,179.9679202,-0.096715569,179.8354222,-4.666510598,0.245527505,3.741696653,0.231392149,1.788531194,0.044365457,-43.77037926,61.70610237,59.00405273,-77.07563209,-53.05343444,70.40835571,18.80998421,1,1
73.89548898,6,1571994846,AUT,FALSE,TRUE,TRUE,613.8572544,-87.21198035,171.0111528,179.8935122,-0.131210443,-179.9682981,-5.198876953,-2.102535381,4.597545974,0.073730822,1.735114982,0.408204901,-40.7228096,61.39580039,58.68437461,-77.74007835,-52.98413818,69.98778877,22.21215477,1,1
73.99607301,6,1571994846,AUT,FALSE,TRUE,TRUE,620.8752024,-76.21300783,167.1874985,179.7701748,0.240256754,-179.879015,-14.57179321,0.879164497,1.367599714,0.713678343,2.163950286,0.962532049,-38.94461746,61.73917465,57.93390198,-76.939048,-52.98964782,69.44615593,23.11173591,1,1
74.09660506,6,1571994846,AUT,FALSE,TRUE,TRUE,620.8752024,-76.21300783,167.1874985,179.7701748,0.240256754,-179.879015,-14.57179321,0.879164497,1.367599714,0.713678343,2.163950286,0.962532049,-38.94461746,61.73917465,57.93390198,-76.939048,-52.98964782,69.44615593,23.11173591,1,1
74.1971302,6,1571994846,AUT,FALSE,TRUE,TRUE,636.2189124,-74.79722631,167.1033688,179.663992,0.502069236,-179.8073962,-16.66112078,-0.856694385,2.266522107,-0.06070492,1.842343568,1.23957785,-37.15902328,62.79465866,57.37028618,-73.75494232,-52.99149902,70.20177497,22.34428596,1,1
74.29764605,6,1571994846,AUT,FALSE,TRUE,TRUE,657.5374823,-77.92412213,169.7206769,179.7808403,0.448502657,-179.9261335,-7.266873498,1.609960356,-2.064963215,0.198585403,0.606545353,1.016303045,-35.06005439,64.65471268,57.2137619,-68.34094162,-52.98782958,72.35930099,20.14442825,1,1
74.39820004,6,1571994847,AUT,FALSE,TRUE,TRUE,678.8774678,-81.68320639,172.4618507,179.8663654,0.270436035,179.9980041,-1.515733204,0.777676867,-2.304963648,-0.160901964,-0.337871478,0.698960986,-32.78591537,66.67363243,57.14035949,-62.3540142,-53.08465759,74.82201347,17.75552673,1,1
74.49869418,6,1571994847,AUT,FALSE,TRUE,TRUE,695.5339956,-80.21206066,173.3701965,-179.9751012,0.038801005,179.8638669,-1.515733204,0.777676867,-2.304963648,-0.160901964,-0.337871478,0.698960986,-30.5296154,68.43707886,57.11464805,-57.33637276,-53.21270324,76.80572891,16.0052433,1,1
74.59921503,6,1571994847,AUT,FALSE,TRUE,TRUE,695.5339956,-80.21206066,173.3701965,-179.9751012,0.038801005,179.8638669,5.335915509,7.77990284,1.413010231,0.645202813,-0.341406576,0.242377914,-30.5296154,68.43707886,57.11464805,-57.33637276,-53.21270324,76.80572891,16.0052433,1,1
74.69975209,6,1571994847,AUT,FALSE,TRUE,TRUE,706.8904754,-69.1491159,171.2103007,-179.9921988,-0.005581636,179.7676566,4.086387962,7.530964636,0.880566091,0.559500144,-0.270238393,0.373475389,-28.31698265,69.72696304,57.06622581,-54.18797264,-53.44321289,77.76584129,15.83292617,1,1
74.80058503,6,1571994847,AUT,FALSE,TRUE,TRUE,714.5438884,-50.24250644,168.167126,179.9969557,0.054112104,179.6276024,-0.980700967,8.892226266,0.507340385,0.636120118,0.205932313,0.197533331,-26.03833923,70.61295204,56.99929161,-52.38397293,-53.58100341,78.04368896,16.72046013,1,1
74.90152812,6,1571994847,AUT,FALSE,TRUE,TRUE,719.3565187,-21.98047876,166.217742,-179.9559778,0.027975831,179.5515159,-1.030543622,11.96994908,-0.421734696,1.095822861,0.412835467,0.068919974,-23.36061401,71.17246856,56.98910866,-51.27228012,-53.69484924,78.27049484,18.50639762,1,1
75.00227714,6,1571994847,AUT,FALSE,TRUE,TRUE,719.3565187,-21.98047876,166.217742,-179.9559778,0.027975831,179.5515159,-1.030543622,11.96994908,-0.421734696,1.095822861,0.412835467,0.068919974,-20.31873664,71.37650528,56.97311668,-50.73967666,-53.7479956,78.46337356,21.25531769,1,1
75.10276699,6,1571994847,AUT,FALSE,TRUE,TRUE,721.0739899,13.67188164,166.0353785,179.9701262,-0.02191839,179.6002876,0.74090641,7.064465213,-0.782182134,0.43857639,0.116814351,0.172293522,-20.31873664,71.37650528,56.97311668,-50.73967666,-53.7479956,78.46337356,21.25531769,1,1
75.20331216,6,1571994847,AUT,FALSE,TRUE,TRUE,720.2006128,48.06166669,167.4046147,179.9422021,-0.091680562,179.7744157,1.565434709,1.449770382,-1.253926248,-0.367253216,-0.074078733,0.6826269,-17.3963459,71.34721641,56.8999237,-50.42748298,-53.75992126,78.74042473,23.88707199,1,1
75.30386806,6,1571994847,AUT,FALSE,TRUE,TRUE,717.914619,71.49794698,169.9368654,179.7848402,-0.278818448,-179.9594727,7.076313281,-2.80579519,-1.073074808,-0.378317208,-0.36098376,1.08694598,-15.23135948,71.15452652,56.73696556,-50.21086349,-53.65392517,79.17529449,25.93943824,1,1
75.4043901,6,1571994848,AUT,FALSE,TRUE,TRUE,712.9697914,83.23202494,173.3110861,179.8389069,-0.647033298,-179.8264539,14.48097602,-3.186117193,-1.138622941,-0.191741618,-0.306693903,0.859279843,-14.4225975,70.65137672,56.70308647,-50.82423363,-53.32442871,79.56001167,27.05905838,1,1
75.50494409,6,1571994848,AUT,FALSE,TRUE,TRUE,712.9697914,83.23202494,173.3110861,179.8389069,-0.647033298,-179.8264539,14.48097602,-3.186117193,-1.138622941,-0.191741618,-0.306693903,0.859279843,-14.4225975,70.65137672,56.70308647,-50.82423363,-53.32442871,79.56001167,27.05905838,1,1
75.60549307,6,1571994848,AUT,FALSE,TRUE,TRUE,703.1881153,90.12853954,176.3957569,179.8659203,-0.85592335,-179.770107,14.80199339,-0.429758974,-2.905109753,0.536375329,0.128700326,0.799908999,-14.78755989,69.58806496,56.84351921,-53.26830024,-53.012406,79.18769874,28.57156677,1,1
75.70599008,6,1571994848,AUT,FALSE,TRUE,TRUE,684.6110975,94.61285301,178.1477068,179.7803439,-0.849056495,-179.6833698,11.31087035,-3.315346305,0.713271452,0.194001782,0.661172264,1.063269669,-16.36313667,67.54709701,56.98431587,-58.60787544,-52.58822387,77.5470932,31.17723541,1,1
75.80654407,6,1571994848,AUT,FALSE,TRUE,TRUE,684.6110975,94.61285301,178.1477068,179.7803439,-0.849056495,-179.6833698,11.31087035,-3.315346305,0.713271452,0.194001782,0.661172264,1.063269669,-16.36313667,67.54709701,56.98431587,-58.60787544,-52.58822387,77.5470932,31.17723541,1,1
75.90708017,6,1571994848,AUT,FALSE,TRUE,TRUE,664.0607862,94.86255183,175.8233598,179.8915405,-0.737724567,-179.7316138,2.526961035,1.639962662,1.216596411,0.590453819,1.124062761,0.824767546,-18.42732696,65.55602417,57.01239967,-64.38584289,-52.21663879,75.20016289,33.34031296,1,1
76.00757217,6,1571994848,AUT,FALSE,TRUE,TRUE,643.7274032,93.45376083,171.4374744,179.9602837,-0.471659435,-179.8167487,-7.059798504,7.191041459,2.880391943,1.221546695,2.202715103,0.456247545,-20.56631355,63.74057808,57.06210937,-70.05492897,-52.12365051,72.57998542,35.43943977,1,1
76.10814619,6,1571994848,AUT,FALSE,TRUE,TRUE,628.0739005,93.73341559,168.7208844,-179.9631352,-0.191888007,179.9857324,-14.67967071,13.59177392,1.815468161,1.747154538,2.792147404,-0.194460381,-22.0866085,62.42023429,57.23280258,-74.14352531,-52.13904785,70.57257042,37.0048027,1,1
76.20869017,6,1571994848,AUT,FALSE,TRUE,TRUE,628.0739005,93.73341559,168.7208844,-179.9631352,-0.191888007,179.9857324,-14.67967071,13.59177392,1.815468161,1.747154538,2.792147404,-0.194460381,-22.0866085,62.42023429,57.23280258,-74.14352531,-52.13904785,70.57257042,37.0048027,1,1
76.30922508,6,1571994848,AUT,FALSE,TRUE,TRUE,620.1033333,102.6725924,169.3215008,-179.7706259,-0.087622047,179.6969388,-15.09276803,17.77207479,3.091099808,1.765037383,2.951410765,-1.044790741,-22.19283256,61.85629921,57.67958907,-75.88043976,-52.17375915,69.9014019,38.24515571,1,1
76.40995812,6,1571994849,AUT,FALSE,TRUE,TRUE,616.4817537,123.8175126,169.4590257,-179.8008677,-0.018692571,179.5273559,-12.56573779,15.33193575,4.953230235,1.144249871,2.409369272,-0.893515537,-20.5386692,61.99284896,58.06230468,-75.95781784,-52.39929748,69.88763809,40.26240349,1,1
76.5110302,6,1571994849,AUT,FALSE,TRUE,TRUE,615.8868565,152.2314558,166.9676452,-179.830349,0.011361018,179.5214442,-9.721140164,16.48668881,4.994917416,1.234665347,2.118151597,-0.659645167,-17.5283432,62.67265548,57.94811897,-74.78110313,-52.68306884,70.10849418,42.51482047,1,1
76.61178207,6,1571994849,AUT,FALSE,TRUE,TRUE,615.804216,182.7399329,162.4804529,-179.9060014,-0.132974519,179.5889339,-3.358298777,8.398176641,4.919263685,-0.075533727,1.684552052,-0.346222116,-14.00370254,63.73809585,57.61409683,-72.87205696,-52.90814025,70.59370193,44.60744133,1,1
76.71244407,6,1571994849,AUT,FALSE,TRUE,TRUE,615.804216,182.7399329,162.4804529,-179.9060014,-0.132974519,179.5889339,-3.358298777,8.398176641,4.919263685,-0.075533727,1.684552052,-0.346222116,-14.00370254,63.73809585,57.61409683,-72.87205696,-52.90814025,70.59370193,44.60744133,1,1
76.813025,6,1571994849,AUT,FALSE,TRUE,TRUE,614.1802786,214.3396381,157.2839715,-179.982829,-0.219939996,179.6814094,0.836609229,3.000291199,-0.322015351,-0.441271372,0.821975021,0.090531979,-10.29016571,64.89937134,57.25337447,-70.85909729,-53.21106079,71.0166172,46.77922211,1,1
76.91352415,6,1571994849,AUT,FALSE,TRUE,TRUE,610.2919401,241.6060402,155.7492533,179.8805056,-0.380837918,179.8880247,8.482747111,-2.553734066,-3.75062948,-1.338358723,0.046255429,0.856946122,-7.165750119,65.65777816,57.11058654,-69.2101078,-53.37689941,71.71672782,48.78245544,1,1
77.01419115,6,1571994849,AUT,FALSE,TRUE,TRUE,610.2919401,241.6060402,155.7492533,179.8805056,-0.380837918,179.8880247,8.482747111,-2.553734066,-3.75062948,-1.338358723,0.046255429,0.856946122,-5.219604488,65.58794632,57.25939636,-68.99821243,-53.33479431,72.27292099,51.22277984,1,1
77.11476898,6,1571994849,AUT,FALSE,TRUE,TRUE,598.7571427,264.9326647,159.2789641,179.7547962,-0.568856552,-179.8931916,11.97529296,-5.401611103,-4.20281073,-1.145197044,-0.221476879,1.38695297,-5.219604488,65.58794632,57.25939636,-68.99821243,-53.33479431,72.27292099,51.22277984,1,1
77.215271,6,1571994849,AUT,FALSE,TRUE,TRUE,582.6788538,275.9467845,162.7611096,179.7630533,-0.714216492,-179.7699682,11.48068192,-4.948794945,-2.218404246,-0.777710053,0.102503052,1.459456917,-4.35111465,64.36323166,57.59792976,-71.42955208,-52.97689819,71.92818031,53.44482994,1,1
77.3158021,6,1571994849,AUT,FALSE,TRUE,TRUE,561.5701311,281.0784916,163.5396287,179.7249109,-0.687575298,-179.6549941,7.944690791,-0.63445424,0.137907423,0.223206811,0.524257808,1.468630985,-4.660984038,62.74853668,57.76230926,-75.37291259,-52.74545471,70.57505607,56.13637733,1,1
77.41636014,6,1571994850,AUT,FALSE,TRUE,TRUE,537.8181506,281.6491183,161.4620138,179.7997259,-0.613958707,-179.6510627,2.015394008,2.205293693,0.724828286,0.223206811,0.524257808,1.468630985,-5.457925413,60.94932976,57.80446243,-80.09757271,-52.55885742,68.5491806,58.73852348,1,1
77.51685715,6,1571994850,AUT,FALSE,TRUE,TRUE,537.8181506,281.6491183,161.4620138,179.7997259,-0.613958707,-179.6510627,2.015394008,2.205293693,0.724828286,0.57895792,1.08501868,1.288493955,-5.457925413,60.94932976,57.80446243,-80.09757271,-52.55885742,68.5491806,58.73852348,1,1
77.61743712,6,1571994850,AUT,FALSE,TRUE,TRUE,507.5319204,277.4134016,155.5184399,179.8502201,-0.621276496,-179.6613063,-0.793753799,5.329800257,3.371149795,0.57895792,1.08501868,1.288493955,-6.818252563,58.77970161,57.78218765,-86.44907799,-52.53249572,65.55881881,61.86870003,1,1
77.71799803,6,1571994850,AUT,FALSE,TRUE,TRUE,507.5319204,277.4134016,155.5184399,179.8502201,-0.621276496,-179.6613063,-0.793753799,5.329800257,3.371149795,0.814003251,1.633741632,0.672493933,-6.818252563,58.77970161,57.78218765,-86.44907799,-52.53249572,65.55881881,61.86870003,1,1
77.81849003,6,1571994850,AUT,FALSE,TRUE,TRUE,478.2413777,269.1721834,146.3536827,179.8945702,-0.466809762,-179.7231216,-6.770342752,7.176967204,2.042890493,0.814003251,1.633741632,0.672493933,-8.302042006,56.87782745,57.5901638,-92.61540871,-53.01294433,62.16937866,64.90815696,1,1
85.7305541,7,1571994858,AUT,FALSE,FALSE,TRUE,472.045699,-399.9389117,169.9878287,-179.9828661,-0.006254877,-179.9981185,-7.663693851,-1.000538737,-3.172571814,-0.09955658,0.967015991,0.353205781,-72.62658463,60.8168827,57.74701423,-78.17742348,-52.20355957,69.14333839,-10.28497468,0.5,1
85.83134007,7,1571994858,AUT,FALSE,TRUE,TRUE,479.0573773,-400.6002775,173.5549197,179.9617981,0.344890618,-179.8816164,-14.53754339,-2.542591796,2.105466075,0.023681371,1.596754304,0.805623272,-72.08350296,60.96538353,57.92292251,-77.1868515,-52.20371337,69.46893539,-10.28740196,0.5,1
85.93202615,7,1571994858,AUT,FALSE,TRUE,TRUE,479.0573773,-400.6002775,173.5549197,179.9617981,0.344890618,-179.8816164,-14.53754339,-2.542591796,2.105466075,0.023681371,1.596754304,0.805623272,-72.08350296,60.96538353,57.92292251,-77.1868515,-52.20371337,69.46893539,-10.28740196,1,1
86.03255415,7,1571994858,AUT,FALSE,TRUE,TRUE,496.6578158,-402.4759992,176.0526447,179.8550961,0.442505626,-179.8673464,-11.28125125,-3.84628184,5.737415974,-0.170122425,1.532948891,0.752147904,-69.90932236,62.08509636,57.89438896,-73.84459419,-52.26642883,70.84201698,-10.50351678,1,1
86.13308716,7,1571994858,AUT,FALSE,TRUE,TRUE,523.3569403,-402.894464,170.0931713,179.8864101,0.504924512,-179.8230793,-10.6962046,-2.962252108,3.053261773,-0.170122425,1.532948891,0.752147904,-66.28806381,64.49097519,57.41372681,-68.7645298,-52.90082336,72.18488617,-10.71913719,1,1
86.23358798,7,1571994858,AUT,FALSE,TRUE,TRUE,523.3569403,-402.894464,170.0931713,179.8864101,0.504924512,-179.8230793,-10.6962046,-2.962252108,3.053261773,-0.008225403,1.107190608,0.668857614,-66.28806381,64.49097519,57.41372681,-68.7645298,-52.90082336,72.18488617,-10.71913719,1,1
86.33412218,7,1571994858,AUT,FALSE,TRUE,TRUE,555.4484755,-403.3457943,162.001322,179.9022251,0.514483331,-179.8545108,-3.647520873,-1.239369039,-0.508496791,-0.008225403,1.107190608,0.668857614,-61.86408233,67.56567764,57.01973304,-62.12166709,-53.63171081,73.95109291,-11.38224449,1,1
86.43468809,7,1571994859,AUT,FALSE,TRUE,TRUE,555.4484755,-403.3457943,162.001322,179.9022251,0.514483331,-179.8545108,-3.647520873,-1.239369039,-0.508496791,0.052788125,0.282566131,0.552997453,-61.86408233,67.56567764,57.01973304,-62.12166709,-53.63171081,73.95109291,-11.38224449,1,1
86.53519011,7,1571994859,AUT,FALSE,TRUE,TRUE,594.5908604,-406.5107358,160.7335349,-179.9318025,0.070283927,-179.9823049,6.478657848,4.858276029,-1.689376336,0.052788125,0.282566131,0.552997453,-56.61426201,70.91644935,56.63881645,-51.54773483,-54.07526733,77.81985626,-13.87275582,1,1
86.63573003,7,1571994859,AUT,FALSE,TRUE,TRUE,594.5908604,-406.5107358,160.7335349,-179.9318025,0.070283927,-179.9823049,6.478657848,4.858276029,-1.689376336,0.739705243,-0.222308725,-0.240802919,-56.61426201,70.91644935,56.63881645,-51.54773483,-54.07526733,77.81985626,-13.87275582,1,1
86.7363081,7,1571994859,AUT,FALSE,TRUE,TRUE,611.4692157,-405.9965112,158.7789117,-179.6800239,-0.340654954,179.8234914,17.81725282,10.60302912,1.334802205,0.739705243,-0.222308725,-0.240802919,-52.65117416,73.29040947,56.27523765,-46.02168045,-54.07079589,79.79841843,-15.41768074,1,1
86.83680201,7,1571994859,AUT,FALSE,TRUE,TRUE,611.4692157,-405.9965112,158.7789117,-179.6800239,-0.340654954,179.8234914,17.81725282,10.60302912,1.334802205,1.315639216,-1.557387084,-1.404353908,-52.65117416,73.29040947,56.27523765,-46.02168045,-54.07079589,79.79841843,-15.41768074,1,1
86.93737411,7,1571994859,AUT,FALSE,TRUE,TRUE,616.9644782,-393.8348653,154.5500284,-179.4941738,-0.554050998,179.5514714,13.86673606,12.44075811,-1.597573221,0.870904931,-0.023105017,-2.235955093,-51.69727936,73.60575828,56.29028549,-46.23020439,-54.07434448,79.73226699,-14.50773468,1,1
87.03792906,7,1571994859,AUT,FALSE,TRUE,TRUE,616.9644782,-393.8348653,154.5500284,-179.4941738,-0.554050998,179.5514714,13.86673606,12.44075811,-1.597573221,0.870904931,-0.023105017,-2.235955093,-51.69727936,73.60575828,56.29028549,-46.23020439,-54.07434448,79.73226699,-14.50773468,1,1
87.13842607,7,1571994859,AUT,FALSE,TRUE,TRUE,618.6348566,-369.5809138,151.7524901,-179.507356,-0.635906713,179.4990869,10.4818181,11.49165436,-2.403079234,0.594479604,0.545944424,-2.047448972,-51.58547287,72.64118271,56.41489791,-50.02965774,-54.08001342,78.41810989,-11.27210656,1,1
87.23898101,7,1571994859,AUT,FALSE,TRUE,TRUE,617.4216964,-328.3978827,152.735045,-179.6747436,-0.448212055,179.4601978,2.131830913,9.235103144,-2.364115143,0.594479604,0.545944424,-2.047448972,-51.73721809,70.52892379,56.90352859,-56.86993103,-54.04502197,76.15337104,-5.667348863,1,1
87.33952308,7,1571994859,AUT,FALSE,TRUE,TRUE,617.4216964,-328.3978827,152.735045,-179.6747436,-0.448212055,179.4601978,2.131830913,9.235103144,-2.364115143,0.572645389,0.901815877,-1.228353211,-51.73721809,70.52892379,56.90352859,-56.86993103,-54.04502197,76.15337104,-5.667348863,1,1
87.44026899,7,1571994860,AUT,FALSE,TRUE,TRUE,612.9424229,-262.3618447,159.4844134,-179.8554012,-0.200934683,179.4857279,-5.333371134,6.6654981,0.362526818,0.572645389,0.901815877,-1.228353211,-51.12145843,66.9828392,58.06450538,-66.17429351,-54.04747741,73.48405723,2.897132488,1,1
87.54120898,7,1571994860,AUT,FALSE,TRUE,TRUE,612.9424229,-262.3618447,159.4844134,-179.8554012,-0.200934683,179.4857279,-5.333371134,6.6654981,0.362526818,0.498022086,1.598157944,-0.223715837,-51.12145843,66.9828392,58.06450538,-66.17429351,-54.04747741,73.48405723,2.897132488,1,1
87.641855,7,1571994860,AUT,FALSE,TRUE,TRUE,607.7881027,-195.632511,168.2605075,-179.9141804,-0.077618806,179.6241624,-10.08213123,6.968156811,1.754224644,0.911893552,2.15730184,-0.04421302,-49.08664627,63.90391044,59.13466644,-73.25824699,-53.85901794,71.6873394,10.87978477,1,1
87.74247599,7,1571994860,AUT,FALSE,TRUE,TRUE,607.7881027,-195.632511,168.2605075,-179.9141804,-0.077618806,179.6241624,-10.08213123,6.968156811,1.754224644,0.911893552,2.15730184,-0.04421302,-49.08664627,63.90391044,59.13466644,-73.25824699,-53.85901794,71.6873394,10.87978477,1,1
87.84300804,7,1571994860,AUT,FALSE,TRUE,TRUE,605.7882411,-142.2640942,172.9554129,-179.9911686,-0.049999201,179.7361643,-7.66164159,3.639290034,0.841200967,0.469757107,1.431368053,0.205466943,-46.18932495,62.02812538,59.64981193,-77.15033913,-53.54743469,70.64627838,16.93383178,1,1
87.94356418,7,1571994860,AUT,FALSE,TRUE,TRUE,606.9352071,-100.0391506,173.3202749,179.863235,-0.111187229,179.9449731,-5.418658665,-0.114586048,1.951316218,0.469757107,1.431368053,0.205466943,-42.81060333,61.15571822,59.48540496,-78.79802742,-53.31683715,70.03159332,21.47895126,1,1
88.04410219,7,1571994860,AUT,FALSE,TRUE,TRUE,606.9352071,-100.0391506,173.3202749,179.863235,-0.111187229,179.9449731,-5.418658665,-0.114586048,1.951316218,0.10606948,1.648191268,0.538757471,-42.81060333,61.15571822,59.48540496,-78.79802742,-53.31683715,70.03159332,21.47895126,1,1
88.14463711,7,1571994860,AUT,FALSE,TRUE,TRUE,610.0500766,-77.59978564,170.1814375,179.8893823,-0.142638026,-179.8961885,-1.041158579,-2.802202861,2.727068481,0.010600352,1.145357571,0.597067535,-40.38054084,61.10457001,58.89896507,-78.896949,-53.20320007,69.63525467,23.60136566,1,1
88.24520707,7,1571994860,AUT,FALSE,TRUE,TRUE,610.0500766,-77.59978564,170.1814375,179.8893823,-0.142638026,-179.8961885,-1.041158579,-2.802202861,2.727068481,0.010600352,1.145357571,0.597067535,-40.38054084,61.10457001,58.89896507,-78.896949,-53.20320007,69.63525467,23.60136566,1,1
88.34570718,7,1571994860,AUT,FALSE,TRUE,TRUE,617.7429201,-69.01680545,166.2346838,179.8297809,0.284207118,-179.9388865,-13.551904,1.64918147,1.587314646,0.242224538,1.668821195,0.670836924,-38.82565956,61.56958008,58.19124984,-77.89577865,-53.20790771,69.08710899,24.08982811,1,1
88.44626808,7,1571994861,AUT,FALSE,TRUE,TRUE,637.1339826,-70.14393504,166.4792692,179.8415164,0.433320164,-179.8715119,-14.60221403,5.150298815,0.884954758,0.242224538,1.668821195,0.670836924,-36.7959938,63.06684837,57.65253181,-73.60980949,-53.25646179,70.40149269,22.62749634,1,1
88.54682016,7,1571994861,AUT,FALSE,TRUE,TRUE,637.1339826,-70.14393504,166.4792692,179.8415164,0.433320164,-179.8715119,-14.60221403,5.150298815,0.884954758,1.195290482,1.027123916,0.878022933,-36.7959938,63.06684837,57.65253181,-73.60980949,-53.25646179,70.40149269,22.62749634,1,1
88.64732313,7,1571994861,AUT,FALSE,TRUE,TRUE,669.3009239,-75.26398223,168.9385244,179.803749,0.344549737,-179.9663908,-5.413754385,3.566887995,1.782496358,0.560147357,0.987509536,0.820670512,-33.61163406,65.91791381,57.32138671,-65.33029976,-53.33966674,73.55019836,19.45759391,1,1
88.74788499,7,1571994861,AUT,FALSE,TRUE,TRUE,669.3009239,-75.26398223,168.9385244,179.803749,0.344549737,-179.9663908,-5.413754385,3.566887995,1.782496358,0.560147357,0.987509536,0.820670512,-33.61163406,65.91791381,57.32138671,-65.33029976,-53.33966674,73.55019836,19.45759391,1,1
88.84849501,7,1571994861,AUT,FALSE,TRUE,TRUE,691.5389934,-76.44530077,170.1076707,179.9668631,0.124078879,179.9417151,2.201146437,5.223057358,1.563294133,0.230029473,0.073957844,0.573115988,-30.86768531,68.20107879,57.17218208,-58.88052177,-53.47994018,76.01090584,17.01331444,1,1
88.94906306,7,1571994861,AUT,FALSE,TRUE,TRUE,691.5389934,-76.44530077,170.1076707,179.9668631,0.124078879,179.9417151,2.201146437,5.223057358,1.563294133,0.230029473,0.073957844,0.573115988,-30.86768531,68.20107879,57.17218208,-58.88052177,-53.47994018,76.01090584,17.01331444,1,1
89.04967499,7,1571994861,AUT,FALSE,TRUE,TRUE,707.3610883,-69.45628389,169.7611992,179.8895276,-0.008838349,179.8734131,7.9497189,3.370540024,-1.112590572,-0.230289412,-0.745189773,0.665555895,-28.25732689,69.90062599,57.08614196,-54.10182266,-53.6795288,77.73201027,15.9846405,1,1
89.15051818,7,1571994861,AUT,FALSE,TRUE,TRUE,716.1129838,-49.39112743,168.1451518,-179.934358,-0.055746803,179.6397427,7.9497189,3.370540024,-1.112590572,-0.230289412,-0.745189773,0.665555895,-25.7765419,70.86795158,57.09129868,-51.76104813,-53.70406677,78.40415382,16.52178611,1,1
89.25133514,7,1571994861,AUT,FALSE,TRUE,TRUE,716.1129838,-49.39112743,168.1451518,-179.934358,-0.055746803,179.6397427,2.215136676,8.878268088,-1.474558537,0.03716283,-0.605069538,-0.013599822,-25.7765419,70.86795158,57.09129868,-51.76104813,-53.70406677,78.40415382,16.52178611,1,1
89.3519001,7,1571994862,AUT,FALSE,TRUE,TRUE,718.5454145,-3.593987837,166.4816621,-179.9259276,-0.10538445,179.6162782,-3.335281191,10.96096938,-0.573605149,0.880511456,1.329168777,0.063241135,-22.07135811,71.14586105,57.12480011,-51.46901779,-53.81856079,78.40149307,20.0778408,1,1
89.45247817,7,1571994862,AUT,FALSE,TRUE,TRUE,718.5454145,-3.593987837,166.4816621,-179.9259276,-0.10538445,179.6162782,-3.335281191,10.96096938,-0.573605149,0.880511456,1.329168777,0.063241135,-22.07135811,71.14586105,57.12480011,-51.46901779,-53.81856079,78.40149307,20.0778408,1,1
89.55297804,7,1571994862,AUT,FALSE,TRUE,TRUE,717.5106341,38.38647438,167.3746507,179.9861658,-0.121420309,179.740612,-0.804700606,4.052805866,-0.653717804,-0.082497944,0.616136754,0.419569644,-18.63412743,71.06657066,57.08790664,-51.46511764,-53.82467468,78.47051811,23.55448151,1,1
89.65345907,7,1571994862,AUT,FALSE,TRUE,TRUE,713.9627223,68.0531649,169.6153382,179.8423127,-0.393474289,-179.9488488,8.96975415,-6.210905049,-1.502758569,-1.218847223,-0.387742853,0.902443317,-16.05235061,70.80777397,56.93016701,-51.49207534,-53.71989807,78.9089138,26.15286484,1,1
89.75406003,7,1571994862,AUT,FALSE,TRUE,TRUE,713.9627223,68.0531649,169.6153382,179.8423127,-0.393474289,-179.9488488,8.96975415,-6.210905049,-1.502758569,-1.218847223,-0.387742853,0.902443317,-16.05235061,70.80777397,56.93016701,-51.49207534,-53.71989807,78.9089138,26.15286484,1,1
89.85459304,7,1571994862,AUT,FALSE,TRUE,TRUE,701.5076544,84.04143829,168.9791206,179.9501251,-0.918141789,-179.803071,17.14024807,-0.531777747,2.451455685,0.311299272,0.333428025,0.555230824,-15.45308761,70.15694389,56.880447,-54.10298653,-53.36537475,78.50636444,28.44471931,1,1
89.95520306,7,1571994862,AUT,FALSE,TRUE,TRUE,701.5076544,84.04143829,168.9791206,179.9501251,-0.918141789,-179.803071,17.14024807,-0.531777747,2.451455685,0.311299272,0.333428025,0.555230824,-15.45308761,70.15694389,56.880447,-54.10298653,-53.36537475,78.50636444,28.44471931,1,1
90.05576515,7,1571994862,AUT,FALSE,TRUE,TRUE,680.3286933,93.61716221,164.1025729,179.8768904,-0.844727282,-179.7643998,9.393561133,1.264233301,-2.034187968,0.579083898,0.695756039,0.850418093,-17.00649604,68.26211128,56.97935829,-60.10453606,-53.35491577,76.09588165,31.8168766,1,1
90.15627003,7,1571994862,AUT,FALSE,TRUE,TRUE,658.9350912,97.18737151,161.5243372,179.8362256,-0.696650092,-179.7096164,5.142573747,-0.693090701,-3.037186137,0.242917531,0.740800738,0.908359225,-18.79462394,66.36180954,57.10898323,-65.96540565,-53.33543151,73.80865173,34.62645149,1,1
90.25681615,7,1571994862,AUT,FALSE,TRUE,TRUE,658.9350912,97.18737151,161.5243372,179.8362256,-0.696650092,-179.7096164,5.142573747,-0.693090701,-3.037186137,0.242917531,0.740800738,0.908359225,-18.79462394,66.36180954,57.10898323,-65.96540565,-53.33543151,73.80865173,34.62645149,1,1
90.35741305,7,1571994863,AUT,FALSE,TRUE,TRUE,638.5060148,95.98936048,160.720198,179.8808269,-0.478015393,-179.6887379,-3.03164187,0.065552535,-2.497689838,0.176094225,1.107209101,0.828189946,-20.77522201,64.42099914,57.26919479,-71.36633949,-53.26243286,71.65381393,36.71476364,1,1
90.45791101,7,1571994863,AUT,FALSE,TRUE,TRUE,622.4858259,91.69702152,162.0198017,-179.9662427,-0.261180334,-179.7919188,-10.00444251,8.43918979,2.804855044,1.25657121,2.148689578,0.128598781,-22.71394501,62.67385025,57.47589226,-75.54646568,-53.02650695,69.96159668,37.83393402,1,1
90.55845618,7,1571994863,AUT,FALSE,TRUE,TRUE,622.4858259,91.69702152,162.0198017,-179.9662427,-0.261180334,-179.7919188,-10.00444251,8.43918979,2.804855044,1.25657121,2.148689578,0.128598781,-22.71394501,62.67385025,57.47589226,-75.54646568,-53.02650695,69.96159668,37.83393402,1,1
90.65898299,7,1571994863,AUT,FALSE,TRUE,TRUE,612.5680942,93.30122373,166.746593,-179.7205955,0.050204425,179.8228479,-14.88285159,16.37781541,1.669957062,1.878659107,2.380794425,-1.167865665,-23.84061699,61.40833168,58.04938545,-78.08005714,-52.76771301,69.03393859,38.52573967,1,1
90.75946116,7,1571994863,AUT,FALSE,TRUE,TRUE,610.9387346,108.1068566,170.0611476,-179.728118,0.051512468,179.6101674,-10.95138272,14.7855008,3.188981781,1.061012625,1.68257184,-1.175126354,-22.79328689,61.39634628,58.58166618,-77.91969795,-52.75030517,69.39934387,39.75897216,1,1
90.86003208,7,1571994863,AUT,FALSE,TRUE,TRUE,611.6431239,132.0648833,169.8563597,-179.8186121,0.053317519,179.5781931,-9.267597633,15.93372486,3.59647873,1.56958669,1.752275639,-0.588273869,-20.23069153,61.91203766,58.61778717,-76.75753669,-52.90364685,69.85099869,41.63181496,1,1
90.96104002,7,1571994863,AUT,FALSE,TRUE,TRUE,614.4232469,160.731694,167.6876316,-179.9457046,0.029690942,179.5618357,-9.267597633,15.93372486,3.59647873,1.56958669,1.752275639,-0.588273869,-16.85287628,62.8365715,58.31021461,-74.64292259,-53.0315332,70.41554146,43.48054619,1,1
91.0620451,7,1571994863,AUT,FALSE,TRUE,TRUE,614.4232469,160.731694,167.6876316,-179.9457046,0.029690942,179.5618357,-6.291392104,10.82506331,0.019039117,0.552605064,1.528916456,-0.201441688,-16.85287628,62.8365715,58.31021461,-74.64292259,-53.0315332,70.41554146,43.48054619,1,1
91.16272402,7,1571994863,AUT,FALSE,TRUE,TRUE,617.512479,189.7180615,166.1018978,179.9773859,-0.092055173,179.6352452,-0.057510455,7.63608371,-1.090704292,0.157550396,0.938244863,0.266730786,-13.19883041,63.9605072,57.9892559,-71.96563339,-53.11203552,71.32846756,45.05739326,1,1
91.26332617,7,1571994863,AUT,FALSE,TRUE,TRUE,618.8375277,214.2545077,166.9582192,179.8552025,-0.21881548,179.8600769,6.087302949,-1.223833066,-3.282972565,-1.047306952,0.11937352,0.907005024,-10.03694801,64.75850944,57.79925766,-69.56414909,-53.15557434,72.42872085,46.38834571,1,1
91.36382914,7,1571994864,AUT,FALSE,TRUE,TRUE,618.8375277,214.2545077,166.9582192,179.8552025,-0.21881548,179.8600769,6.087302949,-1.223833066,-3.282972565,-1.047306952,0.11937352,0.907005024,-10.03694801,64.75850944,57.79925766,-69.56414909,-53.15557434,72.42872085,46.38834571,1,1
91.46440506,7,1571994864,AUT,FALSE,TRUE,TRUE,613.8729249,236.724692,171.2003815,179.8581538,-0.470450319,179.9937307,11.79365372,1.069427112,-0.548915545,0.186923027,-0.402235751,1.112759519,-7.6000946,64.87873421,57.91608696,-68.37051888,-52.91735229,73.41355591,47.91483421,1,1
91.56497216,7,1571994864,AUT,FALSE,TRUE,TRUE,596.5539363,253.8389595,172.3201857,179.8386242,-0.687250021,-179.881986,11.79365372,1.069427112,-0.548915545,0.186923027,-0.402235751,1.112759519,-6.51673965,64.0686882,58.13887253,-70.43595199,-52.7091394,73.01381836,50.61996345,1,1
91.6654532,7,1571994864,AUT,FALSE,TRUE,TRUE,596.5539363,253.8389595,172.3201857,179.8386242,-0.687250021,-179.881986,8.893541621,-2.005012195,-0.187546831,-0.260196152,0.480287385,1.193000041,-6.51673965,64.0686882,58.13887253,-70.43595199,-52.7091394,73.01381836,50.61996345,1,1
91.7659862,7,1571994864,AUT,FALSE,TRUE,TRUE,565.7265383,264.0834265,165.5087302,179.8460424,-0.672713048,-179.7841541,4.474222948,2.086878653,1.599337688,0.513227982,1.084685277,1.01506194,-6.735422513,62.30184631,58.09869003,-76.20625648,-52.70695861,70.44982223,54.69748421,1,1
91.86659908,7,1571994864,AUT,FALSE,TRUE,TRUE,565.7265383,264.0834265,165.5087302,179.8460424,-0.672713048,-179.7841541,4.474222948,2.086878653,1.599337688,0.513227982,1.084685277,1.01506194,-6.735422513,62.30184631,58.09869003,-76.20625648,-52.70695861,70.44982223,54.69748421,1,1
91.96710706,7,1571994864,AUT,FALSE,TRUE,TRUE,538.0130233,266.3307008,157.9665018,179.9457709,-0.623277471,-179.7642592,0.549993013,5.914669087,1.094259442,0.708396087,1.624468679,0.534403511,-7.494502256,60.72029228,57.97877769,-81.75465088,-52.87951538,67.69970741,57.96795616,1,1
92.06761003,7,1571994864,AUT,FALSE,TRUE,TRUE,538.0130233,266.3307008,157.9665018,179.9457709,-0.623277471,-179.7642592,0.549993013,5.914669087,1.094259442,0.708396087,1.624468679,0.534403511,-7.494502256,60.72029228,57.97877769,-81.75465088,-52.87951538,67.69970741,57.96795616,1,1
92.16818213,7,1571994864,AUT,FALSE,TRUE,TRUE,509.7965824,268.7595565,152.5491397,179.9875172,-0.51574205,-179.8462825,-2.139032261,7.980453924,-0.395288064,0.848405488,1.889608765,0.359023878,-8.09833145,59.06267852,58.02949676,-86.96933555,-53.10330139,65.12320747,61.31119537,1,1
92.2686851,7,1571994864,AUT,FALSE,TRUE,TRUE,490.7575975,270.7289029,151.1436096,179.9525438,-0.396781056,-179.7836146,-4.142136752,7.721049902,0.565058032,0.936535972,2.101833468,0.336855875,-8.2545021,57.66010894,58.06221542,-90.41758689,-53.12784484,63.57495918,63.62213172,1,1
102.381022,8,1571994875,AUT,FALSE,FALSE,TRUE,471.9953705,-399.9797456,170.0150527,-179.9936033,-0.008564168,-179.9950602,-7.402409999,-1.138810432,-1.700497974,-0.174372902,1.059509133,0.263552154,-72.94374275,61.25285454,58.53634414,-78.18000869,-52.96056701,69.55655822,-9.942541125,0.5,1
102.4818141,8,1571994875,AUT,FALSE,TRUE,TRUE,475.7691619,-400.2586803,171.6586072,-179.9783656,0.268405251,-179.825528,-13.79629138,-3.421616634,3.368815992,-0.37244968,1.705809601,0.615377674,-72.6304882,61.25980339,58.53264313,-77.77276611,-52.96052856,69.49328728,-9.936944963,1,1
102.582361,8,1571994875,AUT,FALSE,TRUE,TRUE,486.186241,-400.1931352,173.961304,179.8817638,0.358853086,-179.8274682,-13.97615562,-1.865167548,4.396321004,0.261831051,1.803146984,0.77952337,-71.37248153,61.77108993,58.55873566,-75.97960853,-52.96061645,70.2670372,-9.84107895,1,1
102.682914,8,1571994875,AUT,FALSE,TRUE,TRUE,503.7875707,-398.9001674,172.1670492,179.9493348,0.525058512,-179.9009068,-17.60294141,-0.794181559,4.90827526,0.261831051,1.803146984,0.77952337,-69.18265571,63.07638931,58.43842849,-73.09581069,-53.19792663,71.12128944,-9.845353319,1,1
102.7834411,8,1571994875,AUT,FALSE,TRUE,TRUE,503.7875707,-398.9001674,172.1670492,179.9493348,0.525058512,-179.9009068,-17.60294141,-0.794181559,4.90827526,-0.058293875,1.979057563,0.529514496,-69.18265571,63.07638931,58.43842849,-73.09581069,-53.19792663,71.12128944,-9.845353319,1,1
102.8839622,8,1571994875,AUT,FALSE,TRUE,TRUE,526.5021147,-397.4576643,169.5564474,179.8878829,0.612918148,-179.8712365,-12.51823664,-2.679473106,1.594185246,0.017833416,1.324167504,0.542610394,-66.2278553,64.87378693,58.29710655,-69.11191749,-53.7249298,72.36493835,-9.787716294,1,1
102.9844971,8,1571994875,AUT,FALSE,TRUE,TRUE,551.7386908,-397.0942307,168.0095945,179.8465773,0.547502662,-179.8851864,-6.226874191,-0.869369482,-0.923093388,0.041650883,0.649432348,0.731360539,-62.68008499,67.00243606,58.15658111,-63.80112304,-54.19466125,74.16658287,-10.24505654,1,1
103.0850332,8,1571994875,AUT,FALSE,TRUE,TRUE,575.6696679,-398.713304,168.8766671,179.9064243,0.438328338,-179.9251263,-2.616413208,-0.943849461,-2.465572444,-0.153887189,-0.117442255,0.497934742,-59.15135879,69.01406021,57.97410164,-57.92171745,-54.41835937,76.32407455,-11.47899628,1,1
103.1855481,8,1571994875,AUT,FALSE,TRUE,TRUE,575.6696679,-398.713304,168.8766671,179.9064243,0.438328338,-179.9251263,-2.616413208,-0.943849461,-2.465572444,-0.153887189,-0.117442255,0.497934742,-59.15135879,69.01406021,57.97410164,-57.92171745,-54.41835937,76.32407455,-11.47899628,1,1
103.286149,8,1571994875,AUT,FALSE,TRUE,TRUE,597.9543729,-400.8946512,171.6327769,-179.9871803,0.28670358,-179.9651402,1.095111836,1.459723121,0.184200388,-0.358283483,-0.707506205,0.137913766,-55.70952415,70.82669792,57.73124885,-51.72252388,-54.46022827,78.60298233,-13.1484478,1,1
103.386734,8,1571994876,AUT,FALSE,TRUE,TRUE,613.04592,-401.0477249,171.8728094,-179.8469056,-0.221745195,179.9126935,1.095111836,1.459723121,0.184200388,-0.358283483,-0.707506205,0.137913766,-52.67134438,72.44413948,57.33779754,-46.42577819,-54.45686645,80.71393318,-14.5914814,1,1
103.4872911,8,1571994876,AUT,FALSE,TRUE,TRUE,613.04592,-401.0477249,171.8728094,-179.8469056,-0.221745195,179.9126935,17.21107966,7.376586555,0.621526201,1.01827598,-1.786328081,-1.118319641,-52.67134438,72.44413948,57.33779754,-46.42577819,-54.45686645,80.71393318,-14.5914814,1,1
103.5878561,8,1571994876,AUT,FALSE,TRUE,TRUE,622.8154185,-389.1402511,166.7207969,-179.5518815,-0.511878745,179.5375431,15.59883148,13.01661003,-0.209931068,0.751659055,-0.917898175,-2.062963731,-50.96168289,73.28806801,57.28704758,-45.11821632,-54.46088195,81.16731148,-14.21732483,1,1
103.6884642,8,1571994876,AUT,FALSE,TRUE,TRUE,628.0944473,-368.9455154,162.6055618,-179.5435651,-0.577075958,179.4118806,13.16652264,12.13123696,-2.195543002,0.567043195,-0.075406672,-2.073896588,-50.28128586,73.01687393,57.38757934,-47.13809051,-54.4975708,80.37705459,-11.88736839,1,1
103.789016,8,1571994876,AUT,FALSE,TRUE,TRUE,630.3349167,-338.8421684,159.8080966,-179.5711344,-0.606403531,179.4061734,12.86760709,10.20956908,-2.33658163,0.567043195,-0.075406672,-2.073896588,-49.95428466,71.90667458,57.53947219,-51.41439171,-54.50194335,78.8549057,-7.978947831,1,1
103.8896291,8,1571994876,AUT,FALSE,TRUE,TRUE,630.3349167,-338.8421684,159.8080966,-179.5711344,-0.606403531,179.4061734,12.86760709,10.20956908,-2.33658163,0.358906088,-0.301538849,-1.807913624,-49.95428466,71.90667458,57.53947219,-51.41439171,-54.50194335,78.8549057,-7.978947831,1,1
103.9903581,8,1571994876,AUT,FALSE,TRUE,TRUE,628.0712374,-300.7557792,158.9269743,-179.7062801,-0.503971816,179.4180703,5.457903546,8.735158312,-1.014569519,0.33675858,0.664992758,-1.062027684,-49.91863059,70.05131034,57.91739158,-57.56392021,-54.49888916,76.73557434,-2.807645419,1,1
104.091243,8,1571994876,AUT,FALSE,TRUE,TRUE,620.0257806,-248.2480342,162.0990307,179.9798574,-0.262417361,179.613713,-4.063118868,1.764303923,-1.258247243,-0.267776861,1.182070172,0.252320156,-49.72070503,67.12203597,58.60693474,-65.80297966,-54.49899902,74.07636108,4.455920788,1,1
104.1921751,8,1571994876,AUT,FALSE,TRUE,TRUE,620.0257806,-248.2480342,162.0990307,179.9798574,-0.262417361,179.613713,-4.063118868,1.764303923,-1.258247243,-0.267776861,1.182070172,0.252320156,-49.72070503,67.12203597,58.60693474,-65.80297966,-54.49899902,74.07636108,4.455920788,1,1
104.2927351,8,1571994876,AUT,FALSE,TRUE,TRUE,612.9916477,-204.8659599,167.2960095,179.9532982,-0.046308041,179.7807839,-13.11671346,2.229981021,3.057706386,0.295896101,2.157924948,0.590346821,-48.87923469,64.66342278,59.13510589,-71.51960563,-54.26538574,72.30735969,9.916002269,1,1
104.393224,8,1571994877,AUT,FALSE,TRUE,TRUE,610.9775316,-173.882457,169.8531328,179.9913116,-0.103624656,179.742374,-7.185197061,3.090664689,3.733512195,0.139409449,1.67141658,0.08570662,-47.50257225,63.50078086,59.44296684,-74.11038093,-54.00721801,71.64252891,13.34770889,1,1
104.4937541,8,1571994877,AUT,FALSE,TRUE,TRUE,610.9775316,-173.882457,169.8531328,179.9913116,-0.103624656,179.742374,-7.185197061,3.090664689,3.733512195,0.139409449,1.67141658,0.08570662,-45.56468696,62.89186363,59.62015914,-76.18505287,-53.98370178,70.85494651,16.77803879,1,1
104.594311,8,1571994877,AUT,FALSE,TRUE,TRUE,610.3031858,-141.2207271,168.2642698,-179.8689908,-0.14366818,179.6353195,-7.062343708,8.641624564,3.453846354,0.921847752,1.765212459,-0.233942873,-45.56468696,62.89186363,59.62015914,-76.18505287,-53.98370178,70.85494651,16.77803879,1,1
104.694797,8,1571994877,AUT,FALSE,TRUE,TRUE,610.569401,-108.7739997,165.0707908,179.9493,-0.095910762,179.7711142,-6.347271217,1.460550956,1.548372043,-0.290028981,1.848961818,0.495740587,-43.21975479,62.55036049,59.57595634,-77.77343902,-54.23476135,70.02439728,20.59194946,1,1
104.795397,8,1571994877,AUT,FALSE,TRUE,TRUE,613.2012986,-87.68991413,164.9145049,179.8277799,-0.059362467,179.9819874,-6.007145163,-1.073573418,1.392540331,-0.223827899,1.765642742,0.868971273,-41.15991096,62.34563713,59.37031631,-78.05128669,-54.24515991,69.84323616,22.84700317,1,1
104.8959742,8,1571994877,AUT,FALSE,TRUE,TRUE,619.8547956,-78.42763781,165.5819348,179.7548876,0.222021028,-179.8966338,-9.334015294,-3.730385141,2.404029698,-0.433414632,1.43618693,0.981993056,-39.6021183,62.42595749,58.94258766,-77.10057793,-54.09457031,69.83381881,23.43161316,1,1
104.9965081,8,1571994877,AUT,FALSE,TRUE,TRUE,619.8547956,-78.42763781,165.5819348,179.7548876,0.222021028,-179.8966338,-9.334015294,-3.730385141,2.404029698,-0.433414632,1.43618693,0.981993056,-39.6021183,62.42595749,58.94258766,-77.10057793,-54.09457031,69.83381881,23.43161316,1,1
105.0970411,8,1571994877,AUT,FALSE,TRUE,TRUE,632.6110336,-79.25614339,166.5582917,179.7433435,0.400736558,-179.7855041,-11.89288073,-1.633291391,2.66154531,-0.079835335,1.222885362,1.232043754,-38.17661819,63.15253486,58.38901748,-74.37558059,-53.94472778,70.54464454,22.47867279,1,1
105.1975091,8,1571994877,AUT,FALSE,TRUE,TRUE,649.8091461,-85.56094442,167.6093023,179.8268814,0.389251625,-179.8209327,-8.449245683,3.794279512,-0.522691369,0.905295933,0.845214799,0.928143066,-36.70603638,64.59371452,58.03721123,-70.04751319,-53.88151245,72.07383499,20.35798874,1,1
105.2980342,8,1571994877,AUT,FALSE,TRUE,TRUE,649.8091461,-85.56094442,167.6093023,179.8268814,0.389251625,-179.8209327,-8.449245683,3.794279512,-0.522691369,0.905295933,0.845214799,0.928143066,-36.70603638,64.59371452,58.03721123,-70.04751319,-53.88151245,72.07383499,20.35798874,1,1
105.398576,8,1571994878,AUT,FALSE,TRUE,TRUE,671.8348546,-92.287044,168.1521571,179.9919571,0.17817858,179.9857067,-0.067905249,6.68589563,-0.856772138,0.849190752,0.117177084,0.401484874,-35.05506935,66.39756317,57.95864524,-65.11547928,-53.92965454,73.96925125,18.15075645,1,1
105.4991312,8,1571994878,AUT,FALSE,TRUE,TRUE,685.3245841,-89.03166507,166.7330526,179.9506053,0.022645547,179.8220617,4.187967288,9.347213225,-0.665598647,0.785205293,-0.072522061,0.456448337,-32.68685303,68.41495514,57.95890274,-60.05510101,-54.21841369,75.82124748,16.58294906,1,1
105.599674,8,1571994878,AUT,FALSE,TRUE,TRUE,685.3245841,-89.03166507,166.7330526,179.9506053,0.022645547,179.8220617,4.187967288,9.347213225,-0.665598647,0.785205293,-0.072522061,0.456448337,-32.68685303,68.41495514,57.95890274,-60.05510101,-54.21841369,75.82124748,16.58294906,1,1
105.7007651,8,1571994878,AUT,FALSE,TRUE,TRUE,698.9709534,-70.5200362,165.2173172,-179.9854595,0.097075993,179.6978891,-1.2592109,8.754942307,-1.523207459,0.283064213,0.128033629,0.269541345,-29.79413909,69.73428611,57.95299759,-56.78020363,-54.47246704,76.74137649,16.92266349,1,1
105.8015602,8,1571994878,AUT,FALSE,TRUE,TRUE,706.6869074,-44.08708913,167.0375126,-179.9623726,0.108809579,179.6546218,-1.602503718,9.600273275,-1.789355573,0.35762613,0.120617632,0.176933429,-27.02203102,70.18487319,57.98311729,-55.10565033,-54.4760321,77.36335716,18.41923141,1,1
105.902164,8,1571994878,AUT,FALSE,TRUE,TRUE,706.6869074,-44.08708913,167.0375126,-179.9623726,0.108809579,179.6546218,-1.602503718,9.600273275,-1.789355573,0.35762613,0.120617632,0.176933429,-27.02203102,70.18487319,57.98311729,-55.10565033,-54.4760321,77.36335716,18.41923141,1,1
106.002696,8,1571994878,AUT,FALSE,TRUE,TRUE,710.873947,-9.862250975,168.8792286,-179.9692819,0.034132897,179.6494183,0.202399104,6.50038544,0.253312704,0.273786631,-0.02736604,0.028475668,-23.79848785,70.40296554,58.04923782,-54.05920258,-54.463656,77.90347252,20.80247498,1,1
106.10324,8,1571994878,AUT,FALSE,TRUE,TRUE,711.4665157,25.68059659,169.1297938,179.9876905,-0.016252739,179.6618359,0.020473319,6.15928301,0.139860932,0.152777973,-0.065877131,0.336467643,-20.78782196,70.49820328,58.02858009,-53.68692054,-54.45254333,78.07632522,23.56251183,1,1
106.203742,8,1571994878,AUT,FALSE,TRUE,TRUE,711.4665157,25.68059659,169.1297938,179.9876905,-0.016252739,179.6618359,0.020473319,6.15928301,0.139860932,0.152777973,-0.065877131,0.336467643,-17.88365821,70.49329376,57.82933273,-53.43911705,-54.45298828,78.28565254,26.42173118,1,1
106.3042941,8,1571994878,AUT,FALSE,TRUE,TRUE,709.7868266,59.22002163,169.3010157,179.8152695,-0.134674246,179.9318615,5.761473534,-3.685253675,-0.567306174,-0.652213871,-0.617448177,1.092498116,-17.88365821,70.49329376,57.82933273,-53.43911705,-54.45298828,78.28565254,26.42173118,1,1
106.4048491,8,1571994879,AUT,FALSE,TRUE,TRUE,702.6450305,82.9644613,169.3861951,179.8384556,-0.709627115,-179.8086666,5.761473534,-3.685253675,-0.567306174,-0.652213871,-0.617448177,1.092498116,-16.08733864,70.28733101,57.67659874,-53.79522857,-54.20757568,78.60297203,28.6452095,1,1
106.5053351,8,1571994879,AUT,FALSE,TRUE,TRUE,702.6450305,82.9644613,169.3861951,179.8384556,-0.709627115,-179.8086666,13.9671277,-3.351964316,0.113184035,-0.36370892,-0.120213522,1.0007553,-16.08733864,70.28733101,57.67659874,-53.79522857,-54.20757568,78.60297203,28.6452095,1,1
106.6058791,8,1571994879,AUT,FALSE,TRUE,TRUE,688.2462635,92.34359803,166.7588569,179.8728489,-0.890858522,-179.7497565,13.9671277,-3.351964316,0.113184035,-0.36370892,-0.120213522,1.0007553,-16.50462341,69.16326484,57.72821731,-57.73078537,-54.07720642,77.45639419,30.9180233,1,1
106.706429,8,1571994879,AUT,FALSE,TRUE,TRUE,688.2462635,92.34359803,166.7588569,179.8728489,-0.890858522,-179.7497565,13.8055057,0.092667149,-2.337745995,0.313302852,0.280047738,0.929304208,-16.50462341,69.16326484,57.72821731,-57.73078537,-54.07720642,77.45639419,30.9180233,1,1
106.806932,8,1571994879,AUT,FALSE,TRUE,TRUE,659.1551967,98.6673071,163.1988236,179.806819,-0.754247972,-179.6824052,7.06031801,-0.47461588,-2.725615902,0.283130361,0.78206399,1.09520507,-18.77150803,66.74135628,57.92820282,-65.76205902,-53.99996154,74.40893783,34.95574608,1,1
106.9074891,8,1571994879,AUT,FALSE,TRUE,TRUE,659.1551967,98.6673071,163.1988236,179.806819,-0.754247972,-179.6824052,7.06031801,-0.47461588,-2.725615902,0.283130361,0.78206399,1.09520507,-21.19843597,64.41742859,58.15744629,-72.01744079,-53.83958862,71.99591103,37.43972053,1,1
107.008059,8,1571994879,AUT,FALSE,TRUE,TRUE,635.1840812,97.35537505,162.7439506,179.8252911,-0.538577019,-179.6862324,-0.25872262,1.499440693,-0.45137766,0.570889525,1.210628232,0.924419567,-21.19843597,64.41742859,58.15744629,-72.01744079,-53.83958862,71.99591103,37.43972053,1,1
107.108551,8,1571994879,AUT,FALSE,TRUE,TRUE,617.9322726,93.06878353,164.6994307,179.9242893,-0.194666941,-179.8185611,-10.04710833,6.997467827,0.061205861,0.963661012,1.87758685,0.318899768,-23.2647171,62.54318161,58.45089798,-76.51002159,-53.63980773,70.18834419,38.73764191,1,1
107.2091072,8,1571994879,AUT,FALSE,TRUE,TRUE,609.5668226,90.83283721,169.5295471,-179.8678484,0.064682401,179.9587654,-17.06849999,13.73124237,1.787088078,0.963661012,1.87758685,0.318899768,-24.55440903,61.28745117,58.87173957,-78.76051941,-53.30479614,69.39456138,39.04587021,1,1
107.3096571,8,1571994879,AUT,FALSE,TRUE,TRUE,609.5668226,90.83283721,169.5295471,-179.8678484,0.064682401,179.9587654,-17.06849999,13.73124237,1.787088078,1.587601682,2.546873122,-0.770674133,-24.55440903,61.28745117,58.87173957,-78.76051941,-53.30479614,69.39456138,39.04587021,1,1
107.410459,8,1571994880,AUT,FALSE,TRUE,TRUE,609.4188231,102.1214703,174.1754315,-179.7641069,0.150315677,179.6698921,-12.59449173,14.10876997,4.683380614,1.170471735,1.778722696,-1.099719173,-23.80356903,61.11239433,59.33834266,-78.48131904,-53.09460021,69.75156555,39.68799362,1,1
107.5110202,8,1571994880,AUT,FALSE,TRUE,TRUE,612.7224696,123.5693992,172.0167561,-179.8045495,0.107184447,179.5457306,-9.833629319,17.64802798,3.200764786,1.6274072,1.747242978,-0.840980099,-21.36445656,61.93804779,59.25594864,-76.93044777,-53.27761596,70.16589775,41.05116004,1,1
107.611923,8,1571994880,AUT,FALSE,TRUE,TRUE,616.7505699,152.5186133,167.4893855,-179.8413104,0.013223211,179.5124738,-5.208081795,12.0238185,-0.188186316,0.719329514,1.50638208,-0.59049401,-17.89213829,63.25182037,59.00909271,-74.60562057,-53.65897338,70.75396156,42.83614654,1,1
107.7124231,8,1571994880,AUT,FALSE,TRUE,TRUE,616.7505699,152.5186133,167.4893855,-179.8413104,0.013223211,179.5124738,-5.208081795,12.0238185,-0.188186316,0.719329514,1.50638208,-0.59049401,-17.89213829,63.25182037,59.00909271,-74.60562057,-53.65897338,70.75396156,42.83614654,1,1
107.813009,8,1571994880,AUT,FALSE,TRUE,TRUE,619.3030302,184.1135882,164.6921611,-179.9303366,-0.133803294,179.5742769,1.628239376,5.548203503,-0.830205109,-0.495976272,0.857778166,-0.223911164,-14.06267166,64.55308571,58.85219764,-71.94487953,-54.00214782,71.67525444,44.7554512,1,1
107.9136791,8,1571994880,AUT,FALSE,TRUE,TRUE,618.5177521,212.7062949,164.5642986,179.9666867,-0.30220819,179.7468831,6.2967445,1.948068845,-1.105058247,-0.735057728,0.410173705,0.433639564,-10.66089248,65.37557373,58.73749694,-69.77584533,-54.10025024,72.62648163,46.55543747,1,1
108.014503,8,1571994880,AUT,FALSE,TRUE,TRUE,613.7081071,236.3242416,165.7146844,179.8312144,-0.407807821,179.960464,9.270646549,-2.462439882,-0.494057284,-0.899351291,-0.036295603,0.931723913,-7.994301219,65.64928436,58.62297821,-68.64507064,-54.06188598,73.27766533,48.39716148,1,1
108.1150651,8,1571994880,AUT,FALSE,TRUE,TRUE,602.9697169,253.349282,165.2171654,179.8407901,-0.663204887,-179.8861048,9.270646549,-2.462439882,-0.494057284,-0.899351291,-0.036295603,0.931723913,-6.431149288,65.47558021,58.61584739,-69.2143444,-53.92613891,73.30855408,50.32435913,1,1
108.2156091,8,1571994880,AUT,FALSE,TRUE,TRUE,602.9697169,253.349282,165.2171654,179.8407901,-0.663204887,-179.8861048,9.410732775,-1.196891425,0.049780824,-0.269304511,0.620777653,1.125386184,-6.431149288,65.47558021,58.61584739,-69.2143444,-53.92613891,73.30855408,50.32435913,1,1
108.316143,8,1571994880,AUT,FALSE,TRUE,TRUE,587.6945011,264.2386359,162.4103857,179.7775258,-0.737099118,-179.8179545,9.507026278,-3.858403194,0.196713233,-0.813226926,0.827354999,1.241418375,-5.888898463,64.8518589,58.61722069,-71.51945457,-53.92868225,72.36970711,52.69948997,1,1
108.4167011,8,1571994881,AUT,FALSE,TRUE,TRUE,569.2599811,268.2836592,157.6448318,179.8108188,-0.710548984,-179.7374726,5.819339481,-0.096545174,0.185552498,-0.056275923,1.215014245,1.113445519,-6.204096219,63.83597717,58.50663642,-75.14922409,-53.99514953,70.70817261,55.07962646,1,1
108.5172541,8,1571994881,AUT,FALSE,TRUE,TRUE,569.2599811,268.2836592,157.6448318,179.8108188,-0.710548984,-179.7374726,5.819339481,-0.096545174,0.185552498,-0.056275923,1.215014245,1.113445519,-6.952828213,62.55220069,58.47217369,-79.33003006,-54.03281616,68.80212021,57.3758892,1,1
108.6177971,8,1571994881,AUT,FALSE,TRUE,TRUE,549.1324259,269.0826923,152.8052728,179.9572252,-0.650822855,-179.7942249,2.709557042,4.374530259,-1.492298373,0.140849861,1.532678022,0.476593736,-6.952828213,62.55220069,58.47217369,-79.33003006,-54.03281616,68.80212021,57.3758892,1,1
108.7183261,8,1571994881,AUT,FALSE,TRUE,TRUE,522.3491108,269.3287301,151.1422139,179.9388535,-0.590917784,-179.7625454,1.229250448,5.678727353,0.284426233,0.518672498,1.781373079,0.465179314,-7.897927087,60.64923134,58.60358047,-84.63533477,-54.04737304,66.51440963,60.44146957,1,1
108.818891,8,1571994881,AUT,FALSE,TRUE,TRUE,503.4746493,268.9341453,150.6435537,179.9611233,-0.483731715,-179.7302739,-1.422567871,8.081560158,0.367402927,1.090426775,1.633871787,0.296994728,-8.479780194,59.18443107,58.73218231,-88.21542892,-54.0203302,65.00836601,62.53823433,1,1
108.919379,8,1571994881,AUT,FALSE,TRUE,TRUE,503.4746493,268.9341453,150.6435537,179.9611233,-0.483731715,-179.7302739,-1.422567871,8.081560158,0.367402927,1.090426775,1.633871787,0.296994728,-8.479780194,59.18443107,58.73218231,-88.21542892,-54.0203302,65.00836601,62.53823433,1,1
109.0199561,8,1571994881,AUT,FALSE,TRUE,TRUE,483.2832929,270.2203312,150.5646138,-179.9847334,-0.37143476,-179.8467886,-2.954351271,9.678115047,3.460186359,1.259888434,1.780538651,0.082818645,-8.852985763,57.63956107,58.95657806,-91.82753791,-53.92723754,63.38141441,64.76525573,1,1
116.8201621,9,1571994889,AUT,FALSE,FALSE,TRUE,472.020417,-399.9426603,169.9765721,-179.9927268,-0.009483147,-179.9980657,-4.418382953,-1.164001477,-3.212149479,-0.225373158,0.799778034,0.212068447,-73.22963104,61.67029381,59.2646553,-78.17930488,-53.66098388,69.94275169,-9.632589344,0.5,1
116.920979,9,1571994889,AUT,FALSE,FALSE,TRUE,477.4220626,-399.9694208,173.0875424,179.9193364,0.313933347,-179.7820887,-4.418382953,-1.164001477,-3.212149479,-0.225373158,0.799778034,0.212068447,-72.7820549,61.67208595,59.34508553,-77.58850136,-53.66083557,70.04937057,-9.487964631,0.5,1
117.0222051,9,1571994889,AUT,FALSE,TRUE,TRUE,477.4220626,-399.9694208,173.0875424,179.9193364,0.313933347,-179.7820887,-13.85720721,-1.813426787,3.133765061,-0.235790201,1.560983688,0.555376915,-72.7820549,61.67208595,59.34508553,-77.58850136,-53.66083557,70.04937057,-9.487964631,1,1
117.1227751,9,1571994889,AUT,FALSE,TRUE,TRUE,497.3120953,-396.4152565,176.4896995,179.8865157,0.434304536,-179.9238093,-13.08337139,-4.404781802,6.538743495,-0.472420209,1.46144166,0.56524413,-70.36739044,62.59509888,59.49062691,-74.55723266,-53.66240112,71.41475486,-9.233325581,1,1
117.223325,9,1571994889,AUT,FALSE,TRUE,TRUE,497.3120953,-396.4152565,176.4896995,179.8865157,0.434304536,-179.9238093,-13.08337139,-4.404781802,6.538743495,-0.472420209,1.46144166,0.56524413,-70.36739044,62.59509888,59.49062691,-74.55723266,-53.66240112,71.41475486,-9.233325581,1,1
117.3238292,9,1571994889,AUT,FALSE,TRUE,TRUE,520.6938187,-396.5098323,172.6258064,179.8373078,0.492508933,-179.8493961,-10.89184008,-3.155910921,2.118035854,-0.035861719,1.329732672,0.755236546,-67.09009666,64.48001289,58.99440536,-70.21468734,-54.08639648,72.56892356,-9.363159944,1,1
117.424396,9,1571994890,AUT,FALSE,TRUE,TRUE,551.7235348,-397.2720649,167.9304073,179.8447914,0.572074194,-179.8614874,-10.89184008,-3.155910921,2.118035854,-0.035861719,1.329732672,0.755236546,-62.94333114,67.14881859,58.63376197,-63.97832222,-54.66683715,74.34018059,-10.08957939,1,1
117.5250061,9,1571994890,AUT,FALSE,TRUE,TRUE,551.7235348,-397.2720649,167.9304073,179.8447914,0.572074194,-179.8614874,-9.322137356,-0.352673387,0.033734702,0.149760041,1.281233013,0.779052401,-62.94333114,67.14881859,58.63376197,-63.97832222,-54.66683715,74.34018059,-10.08957939,1,1
117.625587,9,1571994890,AUT,FALSE,TRUE,TRUE,581.264195,-398.8573165,168.0693734,179.96443,0.350458356,-179.941828,-9.322137356,-0.352673387,0.033734702,0.149760041,1.281233013,0.779052401,-58.50759086,69.81824226,58.4631237,-56.49074134,-55.09758361,76.98262596,-11.60154877,1,1
117.7261691,9,1571994890,AUT,FALSE,TRUE,TRUE,581.264195,-398.8573165,168.0693734,179.96443,0.350458356,-179.941828,3.83758346,0.029873622,-2.4226298,0.023521671,-0.413082594,0.288551255,-58.50759086,69.81824226,58.4631237,-56.49074134,-55.09758361,76.98262596,-11.60154877,1,1
117.8267641,9,1571994890,AUT,FALSE,TRUE,TRUE,605.0108873,-403.5136505,171.6376624,-179.9100474,-0.086191634,179.9995684,16.72008613,3.058732535,-1.445400537,0.023521671,-0.413082594,0.288551255,-54.32860794,72.02146454,58.20675087,-48.71931839,-55.19928405,80.17003441,-14.01128311,1,1
117.9272871,9,1571994890,AUT,FALSE,TRUE,TRUE,605.0108873,-403.5136505,171.6376624,-179.9100474,-0.086191634,179.9995684,16.72008613,3.058732535,-1.445400537,0.510374651,-2.035521978,-0.504468571,-54.32860794,72.02146454,58.20675087,-48.71931839,-55.19928405,80.17003441,-14.01128311,1,1
118.027864,9,1571994890,AUT,FALSE,TRUE,TRUE,614.0560546,-401.4025799,174.4934211,-179.6199115,-0.400412264,179.7448023,14.36437185,12.2602201,-0.670722474,1.430841475,-1.137934533,-1.619851098,-52.47693443,72.84647254,58.2337738,-45.52478256,-55.15666259,81.67721786,-14.97213021,1,1
118.1284862,9,1571994890,AUT,FALSE,TRUE,TRUE,614.0560546,-401.4025799,174.4934211,-179.6199115,-0.400412264,179.7448023,14.36437185,12.2602201,-0.670722474,1.430841475,-1.137934533,-1.619851098,-52.47693443,72.84647254,58.2337738,-45.52478256,-55.15666259,81.67721786,-14.97213021,1,1
118.2290711,9,1571994890,AUT,FALSE,TRUE,TRUE,616.8748081,-384.9724035,174.7516966,-179.5621368,-0.542389579,179.603405,9.474346972,11.31809907,-2.356465906,0.871780432,0.275736372,-1.926665486,-52.16726761,72.30527229,58.49763794,-47.41360359,-55.12165466,81.35485839,-13.01663246,1,1
118.329648,9,1571994890,AUT,FALSE,TRUE,TRUE,617.516505,-355.1776379,173.8511927,-179.6067584,-0.555334235,179.5137928,8.045260692,9.818011854,-1.390323331,0.738444929,0.51533969,-1.789455955,-52.25797348,70.89443893,58.81917686,-52.27928696,-54.9660498,79.85749397,-9.06233025,1,1
118.4304821,9,1571994891,AUT,FALSE,TRUE,TRUE,617.516505,-355.1776379,173.8511927,-179.6067584,-0.555334235,179.5137928,8.045260692,9.818011854,-1.390323331,0.738444929,0.51533969,-1.789455955,-52.25797348,70.89443893,58.81917686,-52.27928696,-54.9660498,79.85749397,-9.06233025,1,1
118.5310481,9,1571994891,AUT,FALSE,TRUE,TRUE,615.5941773,-307.3076129,172.2844443,-179.7866071,-0.396187989,179.4708537,0.911957314,7.352073532,-2.108337132,0.715743924,0.787382237,-0.608282134,-52.27989807,68.69744453,59.45709801,-59.84870911,-54.93732055,77.30025444,-2.60862465,1,1
118.631762,9,1571994891,AUT,FALSE,TRUE,TRUE,615.5941773,-307.3076129,172.2844443,-179.7866071,-0.396187989,179.4708537,0.911957314,7.352073532,-2.108337132,0.715743924,0.787382237,-0.608282134,-52.27989807,68.69744453,59.45709801,-59.84870911,-54.93732055,77.30025444,-2.60862465,1,1
118.7324131,9,1571994891,AUT,FALSE,TRUE,TRUE,608.944547,-240.5289669,173.3318,-179.9931541,-0.162850717,179.6266674,-7.839876337,3.776785128,-0.668365624,0.142001315,1.452307669,0.352870447,-51.46782989,65.68674431,60.3227108,-68.91682434,-54.95000976,74.23780861,6.138102719,1,1
118.832958,9,1571994891,AUT,FALSE,TRUE,TRUE,608.944547,-240.5289669,173.3318,-179.9931541,-0.162850717,179.6266674,-7.839876337,3.776785128,-0.668365624,0.142001315,1.452307669,0.352870447,-49.93707389,63.73357429,60.92169227,-74.03558807,-54.79892578,72.66272964,11.89877357,1,1
118.9332421,9,1571994891,AUT,FALSE,TRUE,TRUE,604.454498,-192.8445611,175.8180207,179.9647784,-0.06906674,179.6837141,-8.627234208,2.772250451,1.851903394,0.182270456,1.384900384,0.527787416,-49.93707389,63.73357429,60.92169227,-74.03558807,-54.79892578,72.66272964,11.89877357,1,1
119.033792,9,1571994891,AUT,FALSE,TRUE,TRUE,604.454498,-192.8445611,175.8180207,179.9647784,-0.06906674,179.6837141,-8.627234208,2.772250451,1.851903394,0.182270456,1.384900384,0.527787416,-47.54157714,62.3356842,61.12068901,-77.85649566,-54.50952941,71.3681694,17.80044364,1,1
119.1342752,9,1571994891,AUT,FALSE,TRUE,TRUE,602.4626551,-140.7278836,176.7149789,179.9219208,-0.070265856,179.7779187,-7.285998503,4.613581605,1.700833201,0.827949007,1.841601567,0.615041499,-47.54157714,62.3356842,61.12068901,-77.85649566,-54.50952941,71.3681694,17.80044364,1,1
119.234823,9,1571994891,AUT,FALSE,TRUE,TRUE,602.4626551,-140.7278836,176.7149789,179.9219208,-0.070265856,179.7779187,-7.285998503,4.613581605,1.700833201,0.827949007,1.841601567,0.615041499,-44.15658646,61.65689392,61.06647491,-79.15823478,-54.42430847,70.84022484,21.50881004,1,1
119.335377,9,1571994891,AUT,FALSE,TRUE,TRUE,604.1198091,-104.8351882,175.6928776,179.9490729,-0.127955316,179.8380851,-4.49959434,3.372757857,2.311418649,0.579847841,1.912639527,0.448313719,-44.15658646,61.65689392,61.06647491,-79.15823478,-54.42430847,70.84022484,21.50881004,1,1
119.435904,9,1571994892,AUT,FALSE,TRUE,TRUE,608.4153037,-78.38816405,172.5832084,179.8073922,-0.088257931,-179.9542065,-3.615294016,-0.204137177,1.731581832,0.154848169,1.298370387,1.028095494,-41.27032013,61.64107018,60.53433494,-79.24584388,-54.43218566,70.41857986,24.23994941,1,1
119.5364442,9,1571994892,AUT,FALSE,TRUE,TRUE,608.4153037,-78.38816405,172.5832084,179.8073922,-0.088257931,-179.9542065,-3.615294016,-0.204137177,1.731581832,0.154848169,1.298370387,1.028095494,-41.27032013,61.64107018,60.53433494,-79.24584388,-54.43218566,70.41857986,24.23994941,1,1
119.6369741,9,1571994892,AUT,FALSE,TRUE,TRUE,618.328862,-75.19405378,170.7355707,179.6644071,0.400377435,-179.8105815,-12.45006783,-1.954430719,-0.226745174,-0.056055688,1.248370545,1.581875737,-39.81490287,62.07775955,59.73895912,-77.64435653,-54.42859863,70.18117561,24.18370628,1,1
119.7374561,9,1571994892,AUT,FALSE,TRUE,TRUE,639.3555098,-84.3085608,173.4807095,179.7904988,0.450251265,-179.92071,-11.41299637,3.063929029,-0.217711982,0.416514905,1.005915267,0.954248367,-38.24847908,63.66817474,59.34177246,-72.56371536,-54.29565856,71.97663688,21.50455971,1,1
119.8380132,9,1571994892,AUT,FALSE,TRUE,TRUE,639.3555098,-84.3085608,173.4807095,179.7904988,0.450251265,-179.92071,-11.41299637,3.063929029,-0.217711982,0.416514905,1.005915267,0.954248367,-38.24847908,63.66817474,59.34177246,-72.56371536,-54.29565856,71.97663688,21.50455971,1,1
119.938621,9,1571994892,AUT,FALSE,TRUE,TRUE,665.2060966,-92.26994019,177.5235677,179.8214054,0.372643901,179.9415054,-5.157259518,3.276389495,-0.223338393,0.416514905,1.005915267,0.954248367,-35.93437729,65.89358596,59.28633613,-65.78628387,-54.42001281,74.68721809,18.56661987,1,1
120.0390151,9,1571994892,AUT,FALSE,TRUE,TRUE,665.2060966,-92.26994019,177.5235677,179.8214054,0.372643901,179.9415054,-5.157259518,3.276389495,-0.223338393,0.014819101,0.389972671,0.713801877,-35.93437729,65.89358596,59.28633613,-65.78628387,-54.42001281,74.68721809,18.56661987,1,1
120.1395731,9,1571994892,AUT,FALSE,TRUE,TRUE,690.683556,-92.51032488,179.2010582,179.8845983,0.142508247,179.8501428,2.200777319,4.829587284,-0.334014952,-0.094849866,-0.133049325,0.740142324,-32.60452079,68.36943054,59.11312294,-58.4241703,-54.66235473,77.53453102,15.90780487,1,1
120.2404571,9,1571994892,AUT,FALSE,TRUE,TRUE,702.6752861,-86.84117336,178.4657054,179.8517865,-0.036768409,179.8590372,7.931917983,4.044661266,0.29176001,-0.101183522,-0.555041541,0.800168451,-30.36957206,69.64125595,58.82525024,-54.68965301,-54.73329345,78.76738929,15.14966239,1,1
120.3411231,9,1571994892,AUT,FALSE,TRUE,TRUE,702.6752861,-86.84117336,178.4657054,179.8517865,-0.036768409,179.8590372,7.931917983,4.044661266,0.29176001,-0.101183522,-0.555041541,0.800168451,-30.36957206,69.64125595,58.82525024,-54.68965301,-54.73329345,78.76738929,15.14966239,1,1
120.441864,9,1571994893,AUT,FALSE,TRUE,TRUE,709.7274636,-68.55639548,176.4183937,-179.9937735,-0.01794725,179.6153137,1.677076129,11.12257623,-0.514739046,0.809451559,0.00820746,0.241098156,-28.61719093,70.35991287,58.76262131,-52.9397232,-54.73304626,79.13912201,15.38018989,1,1
120.5424831,9,1571994893,AUT,FALSE,TRUE,TRUE,713.4597914,-41.20521855,175.3729128,179.9913942,-0.084143658,179.5699102,0.078763358,9.847665472,-1.662924941,0.402100559,0.574790908,0.226020532,-25.89181594,70.64760017,58.77742881,-52.52069435,-54.77381103,79.20116043,17.84722481,1,1
120.6430662,9,1571994893,AUT,FALSE,TRUE,TRUE,713.4597914,-41.20521855,175.3729128,179.9913942,-0.084143658,179.5699102,0.078763358,9.847665472,-1.662924941,0.402100559,0.574790908,0.226020532,-25.89181594,70.64760017,58.77742881,-52.52069435,-54.77381103,79.20116043,17.84722481,1,1
120.7437031,9,1571994893,AUT,FALSE,TRUE,TRUE,714.479179,-7.026772869,175.723073,179.9803622,-0.054032092,179.5359517,-4.752656741,10.39826226,-1.530876194,0.796739037,1.511568612,0.364039702,-23.22971534,70.61442489,58.84512176,-52.62073516,-54.78458862,79.15531654,20.60592269,1,1
120.8443,9,1571994893,AUT,FALSE,TRUE,TRUE,714.5621856,28.37278134,176.4577962,179.8635997,-0.010971018,179.6423947,-2.500704745,4.750075613,-0.036059373,0.067976141,0.670588362,0.857094141,-20.28574333,70.55836029,58.76853333,-52.49815521,-54.78567626,79.18785324,23.53165398,1,1
120.944793,9,1571994893,AUT,FALSE,TRUE,TRUE,713.7262601,56.87846042,176.3970932,179.7276288,-0.081570192,179.9035359,1.82690525,-1.01053385,0.119916778,-0.330435125,-0.005934421,1.403526451,-17.69198799,70.58094063,58.50689735,-52.13560981,-54.77685424,79.36160545,25.87907181,1,1
121.0453331,9,1571994893,AUT,FALSE,TRUE,TRUE,712.0142597,74.97701485,175.6876039,179.7458463,-0.289019396,-179.9341397,9.217519896,-6.725130932,-0.310435515,-0.330435125,-0.005934421,1.403526451,-15.95528297,70.63822059,58.26498871,-51.87704315,-54.67010009,79.56342773,27.24731941,1,1
121.1458762,9,1571994893,AUT,FALSE,TRUE,TRUE,712.0142597,74.97701485,175.6876039,179.7458463,-0.289019396,-179.9341397,9.217519896,-6.725130932,-0.310435515,-1.136230602,-0.730299015,1.335067029,-15.95528297,70.63822059,58.26498871,-51.87704315,-54.67010009,79.56342773,27.24731941,1,1
121.2464261,9,1571994893,AUT,FALSE,TRUE,TRUE,706.1963289,84.28409384,173.5259895,179.8649994,-0.808394993,-179.8370948,15.68081792,-1.011151002,1.17485658,0.042893603,0.083958624,0.912653875,-15.46675873,70.52295341,58.26488914,-52.75707893,-54.56367004,79.64861298,28.26498298,1,1
121.346962,9,1571994893,AUT,FALSE,TRUE,TRUE,694.1616267,92.21904463,168.0495411,179.8102191,-0.996924358,-179.8071842,16.88554352,-2.540285983,0.720455544,-0.077378186,0.162559118,1.116835065,-16.00590934,69.90521965,58.28672104,-55.9676342,-54.55916564,78.40554084,30.38344574,1,1
121.4474962,9,1571994894,AUT,FALSE,TRUE,TRUE,675.3596532,98.01647223,162.1514126,179.7599574,-0.921191431,-179.7507483,16.88554352,-2.540285983,0.720455544,-0.077378186,0.162559118,1.116835065,-17.45617332,68.56047592,58.29404754,-61.29503517,-54.62110107,76.20012131,33.21412124,1,1
121.548085,9,1571994894,AUT,FALSE,TRUE,TRUE,675.3596532,98.01647223,162.1514126,179.7599574,-0.921191431,-179.7507483,12.82550993,-4.725289245,-0.766933616,0.619600983,0.629766248,1.434603994,-17.45617332,68.56047592,58.29404754,-61.29503517,-54.62110107,76.20012131,33.21412124,1,1
121.648618,9,1571994894,AUT,FALSE,TRUE,TRUE,648.2610308,97.6135164,159.2226932,179.7529459,-0.57719397,-179.689419,0.493426901,0.621467375,-0.944432825,0.230328497,1.513015743,1.224027423,-20.15957222,66.12904014,58.4057682,-68.82135658,-54.62924743,73.14398574,36.4498455,1,1
121.7491441,9,1571994894,AUT,FALSE,TRUE,TRUE,629.0842994,92.07445177,159.7910642,179.875302,-0.45901117,-179.7335902,-3.477194599,2.896300503,-0.62933631,0.822456121,1.464567801,0.70824874,-22.47218399,64.24952659,58.63462715,-73.80724411,-54.43469604,71.31405143,37.87626228,1,1
121.8496752,9,1571994894,AUT,FALSE,TRUE,TRUE,629.0842994,92.07445177,159.7910642,179.875302,-0.45901117,-179.7335902,-3.477194599,2.896300503,-0.62933631,0.822456121,1.464567801,0.70824874,-22.47218399,64.24952659,58.63462715,-73.80724411,-54.43469604,71.31405143,37.87626228,1,1
121.950587,9,1571994894,AUT,FALSE,TRUE,TRUE,614.5369372,88.91297437,162.2462464,-179.8333459,-0.091499274,179.8805133,-14.24983525,15.71140098,2.170601028,1.795262791,2.542012093,-0.766487419,-24.35055771,62.76810608,58.96733093,-77.56618881,-54.30474975,69.78453483,38.81255836,1,1
122.0514982,9,1571994894,AUT,FALSE,TRUE,TRUE,614.5369372,88.91297437,162.2462464,-179.8333459,-0.091499274,179.8805133,-14.24983525,15.71140098,2.170601028,1.795262791,2.542012093,-0.766487419,-24.35055771,62.76810608,58.96733093,-77.56618881,-54.30474975,69.78453483,38.81255836,1,1
122.1521802,9,1571994894,AUT,FALSE,TRUE,TRUE,604.2026771,103.2698828,164.3649573,-179.7450663,0.046025627,179.6175178,-15.21485025,18.3721561,4.896073488,1.803399439,2.604246384,-0.967525511,-24.27781448,61.99547539,59.83623276,-79.67054786,-54.37603454,69.10694961,40.78650284,1,1
122.2527111,9,1571994894,AUT,FALSE,TRUE,TRUE,604.438384,125.656425,164.2546437,-179.8752272,0.057259837,179.5274277,-10.53339364,16.73095823,4.691484067,1.217370893,1.970642537,-0.592569187,-21.96278572,62.3941452,59.88716469,-78.77789497,-54.47170898,69.39496307,42.63204803,1,1
122.3533201,9,1571994895,AUT,FALSE,TRUE,TRUE,606.8112887,153.5491267,162.5580702,-179.9235071,0.000409723,179.5477576,-6.731150847,13.17018042,2.388194484,0.665916754,1.692160736,-0.230256702,-18.70682602,63.24496078,59.67376213,-76.86423111,-54.61888732,70.01323929,44.46297798,1,1
122.4538991,9,1571994895,AUT,FALSE,TRUE,TRUE,606.8112887,153.5491267,162.5580702,-179.9235071,0.000409723,179.5477576,-6.731150847,13.17018042,2.388194484,0.665916754,1.692160736,-0.230256702,-14.91210708,64.28378677,59.45359268,-74.28617935,-54.73270568,70.87374,46.21896057,1,1
122.5544381,9,1571994895,AUT,FALSE,TRUE,TRUE,609.6231535,184.1767969,161.4454928,-179.9817287,-0.070291078,179.5833068,-2.467421214,3.881330758,-0.474768323,-0.82030469,1.039606213,0.196959406,-14.91210708,64.28378677,59.45359268,-74.28617935,-54.73270568,70.87374,46.21896057,1,1
122.655014,9,1571994895,AUT,FALSE,TRUE,TRUE,609.9113427,220.9890305,162.0109243,179.8730868,-0.286438874,179.8331091,6.625592851,-2.893738726,-1.181406416,-1.308813996,0.162361866,0.795535106,-10.36635589,65.36159019,59.23589516,-71.13483696,-54.75828186,72.28127059,48.35688286,1,1
122.7555082,9,1571994895,AUT,FALSE,TRUE,TRUE,603.4959794,243.1820752,161.6114527,179.846693,-0.547092798,179.9729282,6.625592851,-2.893738726,-1.181406416,-1.308813996,0.162361866,0.795535106,-7.937182612,65.67124672,59.15232009,-70.32409058,-54.67530212,72.7820549,50.1218502,1,1
122.856076,9,1571994895,AUT,FALSE,TRUE,TRUE,603.4959794,243.1820752,161.6114527,179.846693,-0.547092798,179.9729282,11.99510951,-2.610603589,0.884232625,-1.033429107,-0.072597336,0.969119938,-7.937182612,65.67124672,59.15232009,-70.32409058,-54.67530212,72.7820549,50.1218502,1,1
122.9566331,9,1571994895,AUT,FALSE,TRUE,TRUE,586.3913296,262.6683115,158.3766451,179.7800048,-0.739805994,-179.8806563,10.05696586,-3.440131575,-0.835392787,-0.932626416,0.771233789,1.198859306,-6.589373013,65.46691474,59.15452079,-72.09487381,-54.72795959,72.16482239,53.08821373,1,1
123.0571592,9,1571994895,AUT,FALSE,TRUE,TRUE,568.7422692,269.9329528,155.9177223,179.7727732,-0.739930686,-179.758552,7.305178188,-3.789910443,-2.049013799,-0.890009344,1.050082663,1.344676468,-6.300851438,64.40578651,59.15400238,-75.1196022,-54.76680725,70.96789284,55.55933418,1,1
123.1576772,9,1571994895,AUT,FALSE,TRUE,TRUE,568.7422692,269.9329528,155.9177223,179.7727732,-0.739930686,-179.758552,7.305178188,-3.789910443,-2.049013799,-0.890009344,1.050082663,1.344676468,-6.300851438,64.40578651,59.15400238,-75.1196022,-54.76680725,70.96789284,55.55933418,1,1
123.2582252,9,1571994895,AUT,FALSE,TRUE,TRUE,549.5280861,272.0784365,155.1111334,179.9063808,-0.605237334,-179.742595,4.995925493,2.187306337,-1.38400574,0.086593498,1.202649675,0.827933716,-6.868525313,62.99040069,59.22758674,-78.96468658,-54.73316711,69.40610733,57.81677398,1,1
123.3587661,9,1571994896,AUT,FALSE,TRUE,TRUE,528.7039244,272.1720557,155.5519592,179.9267433,-0.554486908,-179.7258997,2.026618633,5.209284584,1.383467511,0.744333355,1.151467227,0.614670424,-7.691349787,61.36449966,59.47592239,-83.04004097,-54.58666992,67.86933632,60.1452095,1,1
123.4592981,9,1571994896,AUT,FALSE,TRUE,TRUE,507.7113779,271.2319696,154.7097171,179.953233,-0.560639502,-179.7120543,-0.204414887,5.602427459,1.93298096,0.676509687,1.323233711,0.309905545,-8.478897856,59.79178963,59.6811264,-87.0878746,-54.45916809,66.29250641,62.37111168,1,1
123.5598371,9,1571994896,AUT,FALSE,TRUE,TRUE,507.7113779,271.2319696,154.7097171,179.953233,-0.560639502,-179.7120543,-0.204414887,5.602427459,1.93298096,0.676509687,1.323233711,0.309905545,-8.478897856,59.79178963,59.6811264,-87.0878746,-54.45916809,66.29250641,62.37111168,1,1
123.6610732,9,1571994896,AUT,FALSE,TRUE,TRUE,483.5677518,270.6785881,150.0002335,179.9570308,-0.436672313,-179.8423476,-4.629565191,7.708109011,2.559267432,0.741293628,2.222489353,0.204017931,-9.130517575,58.23656501,59.65332756,-91.68500061,-54.61566284,63.90898132,65.16880073,1,1
131.620456,10,1571994904,AUT,FALSE,FALSE,TRUE,472.0645718,-399.8904238,169.9848339,-179.9812598,-0.008143987,-179.9990811,-8.594423104,-1.193895535,-1.445145695,-0.062596775,1.237457557,0.343504586,-73.34304428,61.85406418,59.58777351,-78.17936325,-53.96935913,70.11599922,-9.504039006,0.5,1
131.7211831,10,1571994904,AUT,FALSE,TRUE,TRUE,477.412983,-398.7014043,170.5272164,179.9450613,0.351969912,-179.9419195,-13.43786651,-2.641572839,2.090010217,-0.17247127,1.493566088,0.550918761,-72.89304771,62.00871048,59.63203124,-77.73185234,-54.0017633,69.98979721,-9.255178075,1,1
131.8222251,10,1571994904,AUT,FALSE,TRUE,TRUE,490.6171201,-397.2448188,169.9874402,179.9577755,0.462033749,-179.8681915,-14.97803646,-5.679809505,4.535977343,-0.60641926,1.582614,0.587998883,-71.23160934,62.84822388,59.58614616,-75.74642715,-54.29017089,70.60557403,-9.0367939,1,1
131.9227571,10,1571994904,AUT,FALSE,TRUE,TRUE,510.5537561,-396.8541937,166.4295889,179.8990052,0.546277609,-179.8306777,-13.19367743,-4.002802759,2.663418566,-0.277401032,1.266026345,0.619013584,-68.62112045,64.43789406,59.31631164,-72.31434288,-54.73555114,71.53424492,-8.992361069,1,1
132.0233121,10,1571994904,AUT,FALSE,TRUE,TRUE,510.5537561,-396.8541937,166.4295889,179.8990052,0.546277609,-179.8306777,-13.19367743,-4.002802759,2.663418566,-0.277401032,1.266026345,0.619013584,-68.62112045,64.43789406,59.31631164,-72.31434288,-54.73555114,71.53424492,-8.992361069,1,1
132.1237981,10,1571994904,AUT,FALSE,TRUE,TRUE,541.1649733,-397.6762339,161.119643,179.9040187,0.600569264,-179.8252765,-8.44234581,-4.837903181,1.415691404,-0.473594385,0.683846898,0.731528326,-64.46900596,67.09475212,58.9088356,-66.24075737,-55.33172424,73.21058693,-9.586003881,1,1
132.2243662,10,1571994904,AUT,FALSE,TRUE,TRUE,568.6722085,-399.2221758,159.5288853,179.9038678,0.559093981,-179.8748729,-6.92864359,1.2097623,-0.616344938,0.385986332,1.03308545,0.544424095,-60.52014198,69.49479446,58.71560669,-59.80848884,-55.68427551,75.30843658,-10.73533173,1,1
132.3249202,10,1571994904,AUT,FALSE,TRUE,TRUE,568.6722085,-399.2221758,159.5288853,179.9038678,0.559093981,-179.8748729,-6.92864359,1.2097623,-0.616344938,0.385986332,1.03308545,0.544424095,-56.82855034,71.49270973,58.58081474,-53.19261818,-55.80033508,77.82185096,-12.5384285,1,1
132.4254661,10,1571994905,AUT,FALSE,TRUE,TRUE,592.2398605,-402.2122762,162.0721979,-179.960412,0.302617246,-179.9300841,4.856154419,2.635453144,-2.477864131,0.373282893,-0.401253443,-0.004268855,-56.82855034,71.49270973,58.58081474,-53.19261818,-55.80033508,77.82185096,-12.5384285,1,1
132.5260122,10,1571994905,AUT,FALSE,TRUE,TRUE,607.4685456,-405.9308568,166.3379203,-179.7800961,-0.120329113,-179.9932698,15.80112824,7.026872715,-1.780802492,0.930971702,-1.52295863,-0.916861225,-53.90224914,72.93930015,58.41406288,-47.50755043,-55.7990277,80.25639381,-14.47527008,1,1
132.6265631,10,1571994905,AUT,FALSE,TRUE,TRUE,615.4287449,-406.5856726,169.0936566,-179.6280549,-0.443857354,179.8583949,20.92030733,11.07847015,-0.724423873,1.408556775,-1.915613781,-1.632342988,-52.20912208,73.74194412,58.39487114,-44.27002373,-55.789953,81.79854126,-15.60125886,1,1
132.727051,10,1571994905,AUT,FALSE,TRUE,TRUE,615.4287449,-406.5856726,169.0936566,-179.6280549,-0.443857354,179.8583949,20.92030733,11.07847015,-0.724423873,1.408556775,-1.915613781,-1.632342988,-52.20912208,73.74194412,58.39487114,-44.27002373,-55.789953,81.79854126,-15.60125886,1,1
132.8276021,10,1571994905,AUT,FALSE,TRUE,TRUE,618.7318909,-399.6667902,169.2341811,-179.5300912,-0.547869692,179.6806545,11.82874715,8.829733209,-0.706980527,0.651589982,-0.071587423,-2.09929531,-51.66078071,73.76097107,58.47315216,-44.27133522,-55.7088739,81.96749382,-15.11794281,1,1
132.928169,10,1571994905,AUT,FALSE,TRUE,TRUE,618.7318909,-399.6667902,169.2341811,-179.5300912,-0.547869692,179.6806545,11.82874715,8.829733209,-0.706980527,0.651589982,-0.071587423,-2.09929531,-51.81233368,72.88206482,58.69803542,-47.39194679,-55.59911499,81.02547111,-12.59618569,1,1
133.028744,10,1571994905,AUT,FALSE,TRUE,TRUE,619.7678989,-380.8077053,168.6596203,-179.5077168,-0.608666614,179.5520187,5.269658889,12.51786181,0.139383906,1.244402603,1.309504085,-2.090205538,-51.81233368,72.88206482,58.69803542,-47.39194679,-55.59911499,81.02547111,-12.59618569,1,1
133.129297,10,1571994905,AUT,FALSE,TRUE,TRUE,619.8518978,-332.2817139,166.5771124,-179.5536279,-0.535445212,179.4980468,4.009505051,10.6721945,1.794310523,1.244402603,1.309504085,-2.090205538,-51.93312492,70.71103592,59.20371894,-55.15054664,-55.52162841,78.59291954,-6.239146044,1,1
133.22984,10,1571994905,AUT,FALSE,TRUE,TRUE,619.8518978,-332.2817139,166.5771124,-179.5536279,-0.535445212,179.4980468,4.009505051,10.6721945,1.794310523,0.944070339,1.29356726,-1.719221106,-51.93312492,70.71103592,59.20371894,-55.15054664,-55.52162841,78.59291954,-6.239146044,1,1
133.3309321,10,1571994905,AUT,FALSE,TRUE,TRUE,616.5567336,-285.5116698,163.7348995,-179.737028,-0.359090677,179.4382386,0.581319168,7.51769702,-1.645123236,0.737828153,0.86054637,-0.937762952,-51.75913238,68.69310836,59.72693252,-62.43347969,-55.54974243,75.98635139,0.184683606,1,1
133.431597,10,1571994906,AUT,FALSE,TRUE,TRUE,611.0403522,-239.387039,162.8476639,-179.8787694,-0.187425875,179.5287208,-7.350859307,2.987882252,-1.289034343,-0.057564592,1.537641529,-0.054660327,-51.11290283,66.68293647,60.19651222,-68.86108932,-55.64019287,73.70223198,6.268156813,1,1
133.5323172,10,1571994906,AUT,FALSE,TRUE,TRUE,605.8609329,-195.6200344,165.1106286,-179.9619211,-0.088476385,179.6779281,-8.944434664,1.47528992,1.622807113,-0.30941423,1.626962354,0.129926334,-49.7984642,64.79734268,60.64105339,-73.80020256,-55.59671997,72.12026939,11.77152786,1,1
133.6328702,10,1571994906,AUT,FALSE,TRUE,TRUE,605.8609329,-195.6200344,165.1106286,-179.9619211,-0.088476385,179.6779281,-8.944434664,1.47528992,1.622807113,-0.30941423,1.626962354,0.129926334,-49.7984642,64.79734268,60.64105339,-73.80020256,-55.59671997,72.12026939,11.77152786,1,1
133.733397,10,1571994906,AUT,FALSE,TRUE,TRUE,603.2644421,-157.6515405,168.3653663,-179.9048542,-0.053698437,179.7262766,-10.65061738,6.537790809,0.267322105,1.207096882,2.07383456,0.060585172,-47.97900123,63.4184658,61.02990417,-76.93359604,-55.38901794,71.26445159,16.10532188,1,1
133.8339472,10,1571994906,AUT,FALSE,TRUE,TRUE,603.5342261,-115.1684253,171.3733405,-179.9172414,-0.052286179,179.7916685,-5.43284847,2.238308658,0.079702239,0.335574248,1.359541646,-0.109359986,-45.71073646,62.34833908,61.25113449,-78.9976078,-55.09326599,70.72659531,20.59696197,1,1
133.934422,10,1571994906,AUT,FALSE,TRUE,TRUE,603.5342261,-115.1684253,171.3733405,-179.9172414,-0.052286179,179.7916685,-5.43284847,2.238308658,0.079702239,0.335574248,1.359541646,-0.109359986,-45.71073646,62.34833908,61.25113449,-78.9976078,-55.09326599,70.72659531,20.59696197,1,1
134.0349412,10,1571994906,AUT,FALSE,TRUE,TRUE,606.8323869,-90.28054286,172.3955145,179.9343072,-0.031875773,-179.9789012,-3.197133295,-3.78515677,1.111611151,-0.554160394,0.89664641,0.439987142,-42.68602524,61.98950157,61.08148841,-79.28107566,-55.00360107,70.63214721,23.2030941,1,1
134.1354871,10,1571994906,AUT,FALSE,TRUE,TRUE,615.9959188,-77.3946139,170.7502547,179.8258241,0.28412396,-179.8751952,-12.24734371,-1.470972511,2.051188986,0.144711118,1.780189535,0.621316987,-40.48598899,62.23412933,60.32816963,-78.04046859,-54.82137084,70.42738953,24.07141914,1,1
134.2360811,10,1571994906,AUT,FALSE,TRUE,TRUE,615.9959188,-77.3946139,170.7502547,179.8258241,0.28412396,-179.8751952,-12.24734371,-1.470972511,2.051188986,0.144711118,1.780189535,0.621316987,-38.73650551,63.34119072,59.65694274,-74.77548294,-54.81667419,71.08880081,23.03022766,1,1
134.3366151,10,1571994906,AUT,FALSE,TRUE,TRUE,631.1077623,-77.66738408,169.4913532,179.8038331,0.488544926,-179.8319532,-15.2547062,-2.181666544,2.492946431,-0.26836805,1.591023475,0.94991818,-38.73650551,63.34119072,59.65694274,-74.77548294,-54.81667419,71.08880081,23.03022766,1,1
134.4371622,10,1571994907,AUT,FALSE,TRUE,TRUE,657.8130998,-84.14552311,169.3600119,179.8742225,0.407502058,-179.9718888,-5.959864655,1.840599375,-2.764661237,0.044466537,0.276148277,0.657363419,-36.15586509,65.73695526,59.15245742,-68.08971863,-54.84434326,73.35384864,20.08047066,1,1
134.537719,10,1571994907,AUT,FALSE,TRUE,TRUE,657.8130998,-84.14552311,169.3600119,179.8742225,0.407502058,-179.9718888,-5.959864655,1.840599375,-2.764661237,0.044466537,0.276148277,0.657363419,-36.15586509,65.73695526,59.15245742,-68.08971863,-54.84434326,73.35384864,20.08047066,1,1
134.638258,10,1571994907,AUT,FALSE,TRUE,TRUE,682.3619223,-87.21167217,170.3253634,179.9975611,0.129073011,179.8808459,-5.959864655,1.840599375,-2.764661237,0.044466537,0.276148277,0.657363419,-33.3658184,68.16504707,59.06248283,-61.20593948,-55.03625793,76.05165481,17.33833809,1,1
134.738781,10,1571994907,AUT,FALSE,TRUE,TRUE,682.3619223,-87.21167217,170.3253634,179.9975611,0.129073011,179.8808459,7.277580546,6.286768755,0.2101018,0.98918126,-0.066392107,0.139385135,-33.3658184,68.16504707,59.06248283,-61.20593948,-55.03625793,76.05165481,17.33833809,1,1
134.8393061,10,1571994907,AUT,FALSE,TRUE,TRUE,701.4621569,-69.68097585,167.125633,-179.8816845,0.00417767,179.6815269,3.717549002,7.393901255,-2.162370686,0.144914393,-0.434085118,-0.012196972,-29.64860458,70.29974213,59.03274078,-55.91493073,-55.40100402,77.64717521,16.85831794,1,1
134.939867,10,1571994907,AUT,FALSE,TRUE,TRUE,707.8633084,-44.03601386,166.6579233,-179.913888,-0.008990647,179.6379526,3.717549002,7.393901255,-2.162370686,0.144914393,-0.434085118,-0.012196972,-27.01855659,70.81959801,59.0440155,-54.56847724,-55.50699462,78.04317398,18.4790966,1,1
135.0407801,10,1571994907,AUT,FALSE,TRUE,TRUE,707.8633084,-44.03601386,166.6579233,-179.913888,-0.008990647,179.6379526,2.080448975,8.559783477,-2.143935593,0.391512104,-0.222791242,-0.012486329,-27.01855659,70.81959801,59.0440155,-54.56847724,-55.50699462,78.04317398,18.4790966,1,1
135.1414602,10,1571994907,AUT,FALSE,TRUE,TRUE,710.0756265,-12.4116247,167.1168538,-179.887084,-0.050872302,179.5988546,0.216259781,11.20665122,-0.260321587,0.986169686,0.326000484,-0.128193691,-24.39220963,70.92413978,59.09335441,-54.20335693,-55.50376464,78.21933288,20.86297188,1,1
135.2421901,10,1571994907,AUT,FALSE,TRUE,TRUE,709.677928,24.55121512,167.3281423,-179.9296966,-0.080053276,179.6006686,-1.859337494,8.048103309,-0.425447754,0.632672004,0.729542854,-0.001009536,-21.415979,70.91247368,59.12564735,-54.22221565,-55.50401733,78.23954773,23.87861938,1,1
135.3427842,10,1571994907,AUT,FALSE,TRUE,TRUE,707.7510289,60.06491748,168.0779324,179.9442177,-0.077873277,179.7725098,1.802169811,-0.707236734,-1.76468288,-0.801369744,-0.168700404,0.638369819,-18.40846481,70.82525596,59.01279373,-54.16980743,-55.50466552,78.29993476,26.92498398,1,1
135.4434421,10,1571994908,AUT,FALSE,TRUE,TRUE,707.7510289,60.06491748,168.0779324,179.9442177,-0.077873277,179.7725098,1.802169811,-0.707236734,-1.76468288,-0.801369744,-0.168700404,0.638369819,-18.40846481,70.82525596,59.01279373,-54.16980743,-55.50466552,78.29993476,26.92498398,1,1
135.5440042,10,1571994908,AUT,FALSE,TRUE,TRUE,703.3297796,84.39369436,170.846223,179.8597908,-0.457936065,-179.9462877,9.339912667,-2.803367916,-1.414772991,-0.270071552,-0.206122629,1.075863808,-16.29067497,70.5417469,58.92801704,-54.22172813,-55.33310852,78.85735359,29.04555816,1,1
135.644536,10,1571994908,AUT,FALSE,TRUE,TRUE,695.5561885,97.23008938,174.4322975,179.8272696,-0.782827247,-179.7497334,14.90003081,-4.698246233,-1.788717538,-0.177601018,-0.060355642,1.086932945,-15.62983703,69.80855026,58.95995979,-55.49423675,-55.01073669,79.04639739,30.72328376,1,1
135.7450471,10,1571994908,AUT,FALSE,TRUE,TRUE,683.5683616,102.6605345,176.9500616,179.8372484,-0.827369739,-179.688192,14.13536741,-3.037465623,-0.668564647,0.545411543,0.326258765,0.994433298,-16.31850814,68.52012176,59.05431175,-58.62936401,-54.66038818,78.26777229,32.43503952,1,1
135.845597,10,1571994908,AUT,FALSE,TRUE,TRUE,667.6592295,103.4991813,177.0005343,179.9053918,-0.699324877,-179.6766982,5.866762921,2.137546669,1.162170395,0.545411543,0.326258765,0.994433298,-17.87619094,66.90516929,59.10897903,-63.11428184,-54.32595886,76.6425888,34.29639473,1,1
135.946136,10,1571994908,AUT,FALSE,TRUE,TRUE,667.6592295,103.4991813,177.0005343,179.9053918,-0.699324877,-179.6766982,5.866762921,2.137546669,1.162170395,1.324199714,1.095430022,0.899233921,-17.87619094,66.90516929,59.10897903,-63.11428184,-54.32595886,76.6425888,34.29639473,1,1
136.0466611,10,1571994908,AUT,FALSE,TRUE,TRUE,650.510338,101.4579038,175.128368,179.8454917,-0.514485995,-179.7393521,-1.184230297,-0.822590412,-1.445965401,0.102210063,1.134244841,0.614358646,-19.81016922,65.27013244,59.15495338,-67.93836479,-54.06618164,74.63106422,36.12412834,1,1
136.1472051,10,1571994908,AUT,FALSE,TRUE,TRUE,635.6349216,97.59422365,172.4535245,-179.9652962,-0.315843261,-179.8346527,-7.952145472,6.455251139,1.72998764,1.156536804,1.985927278,0.326166409,-21.64401398,63.94117813,59.19704818,-71.99710579,-53.94969909,72.78814888,37.25349197,1,1
136.2477551,10,1571994908,AUT,FALSE,TRUE,TRUE,626.1179395,97.24152287,170.7941436,-179.8776017,-0.10582058,179.9292459,-13.88375945,14.32679952,1.525558462,1.679756788,2.557680709,-0.497833132,-22.75511284,63.14246864,59.35511054,-74.59156494,-53.9454364,71.46961784,38.15665054,1,1
136.3482652,10,1571994908,AUT,FALSE,TRUE,TRUE,626.1179395,97.24152287,170.7941436,-179.8776017,-0.10582058,179.9292459,-13.88375945,14.32679952,1.525558462,1.679756788,2.557680709,-0.497833132,-22.75511284,63.14246864,59.35511054,-74.59156494,-53.9454364,71.46961784,38.15665054,1,1
136.4488392,10,1571994909,AUT,FALSE,TRUE,TRUE,621.5425248,109.0747934,171.3370118,-179.7419169,-0.013333952,179.5991561,-14.6231704,19.80063864,3.003783537,2.066561271,2.739946663,-0.990178055,-22.30442963,63.03163376,59.83716659,-75.36459732,-54.05977111,71.18738594,39.36142501,1,1
136.5494001,10,1571994909,AUT,FALSE,TRUE,TRUE,619.9178837,133.3984367,170.948662,-179.8291432,0.031517311,179.4953976,-9.667401925,15.90796355,3.322883435,1.317296872,1.852128562,-0.642924741,-20.08204307,63.41637497,60.05375175,-74.77644768,-54.3244757,71.398423,41.45435143,1,1
136.64996,10,1571994909,AUT,FALSE,TRUE,TRUE,618.9866392,164.1803361,168.4737405,-179.8780053,-0.070931053,179.5298074,-3.877486971,12.57828736,2.209116807,1.026655819,1.427129091,-0.292017015,-16.67035904,64.19798355,59.90350685,-73.27805671,-54.53574829,71.83989143,43.72485466,1,1
136.7506461,10,1571994909,AUT,FALSE,TRUE,TRUE,617.0626099,194.8748284,164.4801142,-179.9910165,-0.190474166,179.6657761,1.732673471,6.371411334,-0.324533623,0.065750565,0.858908782,0.275957415,-13.16096534,65.07095375,59.55213318,-71.60296783,-54.7423352,72.23905563,45.97915306,1,1
136.851341,10,1571994909,AUT,FALSE,TRUE,TRUE,617.0626099,194.8748284,164.4801142,-179.9910165,-0.190474166,179.6657761,1.732673471,6.371411334,-0.324533623,0.065750565,0.858908782,0.275957415,-13.16096534,65.07095375,59.55213318,-71.60296783,-54.7423352,72.23905563,45.97915306,1,1
136.951952,10,1571994909,AUT,FALSE,TRUE,TRUE,609.5764233,229.0223725,160.8399778,179.8613664,-0.471990296,179.8631046,8.848494198,-4.472924646,-1.677837013,-1.58247801,0.29020071,1.130028946,-9.396218488,65.80567131,59.26198082,-70.31990547,-54.82715515,72.67333488,48.76993789,1,1
137.0524812,10,1571994909,AUT,FALSE,TRUE,TRUE,609.5764233,229.0223725,160.8399778,179.8613664,-0.471990296,179.8631046,8.848494198,-4.472924646,-1.677837013,-1.58247801,0.29020071,1.130028946,-9.396218488,65.80567131,59.26198082,-70.31990547,-54.82715515,72.67333488,48.76993789,1,1
137.153089,10,1571994909,AUT,FALSE,TRUE,TRUE,594.0254934,252.8799819,159.3007486,179.7483816,-0.702437208,-179.9197528,11.50064637,-5.236182529,-2.1599941,-1.399179624,0.42742466,1.633874531,-7.284265131,65.59935493,59.27024803,-71.37868538,-54.84429931,72.51202469,51.8114788,1,1
137.253649,10,1571994909,AUT,FALSE,TRUE,TRUE,572.0971204,265.6322973,159.2427858,179.7842654,-0.695556036,-179.7848375,8.572557646,-2.774136238,-1.583703913,-0.573996317,0.614886782,1.548284877,-6.829084394,64.40195846,59.4876091,-74.86875686,-54.83021484,71.37778931,54.97707596,1,1
137.3541811,10,1571994910,AUT,FALSE,TRUE,TRUE,572.0971204,265.6322973,159.2427858,179.7842654,-0.695556036,-179.7848375,8.572557646,-2.774136238,-1.583703913,-0.573996317,0.614886782,1.548284877,-6.829084394,64.40195846,59.4876091,-74.86875686,-54.83021484,71.37778931,54.97707596,1,1
137.4547372,10,1571994910,AUT,FALSE,TRUE,TRUE,544.7736188,270.8220592,159.1754258,179.8444746,-0.577811588,-179.714593,2.533734037,3.356222865,1.135123881,0.592903585,1.3378866,1.139329803,-7.381607431,62.39145698,59.71252327,-79.98325653,-54.68452514,69.46196938,58.3539196,1,1
137.5552211,10,1571994910,AUT,FALSE,TRUE,TRUE,544.7736188,270.8220592,159.1754258,179.8444746,-0.577811588,-179.714593,2.533734037,3.356222865,1.135123881,0.592903585,1.3378866,1.139329803,-8.299810406,60.3625637,59.74209709,-85.18937874,-54.48799621,67.20638351,61.13239631,1,1
137.65575,10,1571994910,AUT,FALSE,TRUE,TRUE,518.7693423,270.4110582,157.2594935,179.9738445,-0.486243533,-179.713896,-1.303771746,5.236652121,3.260202303,0.638411423,1.536878922,0.401187942,-8.299810406,60.3625637,59.74209709,-85.18937874,-54.48799621,67.20638351,61.13239631,1,1
137.7563431,10,1571994910,AUT,FALSE,TRUE,TRUE,491.4261316,268.0351307,150.4907006,-179.9822426,-0.456805403,-179.7963836,-3.269202606,7.280439965,3.039691408,0.586492621,2.314229544,0.048580116,-9.283457562,58.73467483,59.65932197,-90.50965919,-54.67775756,64.5121273,64.11215973,1,1
145.2702231,11,1571994917,AUT,FALSE,FALSE,TRUE,471.9514556,-400.004277,169.9887564,-179.9958103,-0.010525073,-179.9988059,-3.055759554,-1.785092436,-2.40990864,-0.323546871,0.69910036,0.240069187,-73.43405571,61.97114753,59.79387702,-78.18122406,-54.1672229,70.2280323,-9.417919925,0.5,1
145.371053,11,1571994918,AUT,FALSE,TRUE,TRUE,472.4403622,-400.9331523,170.6049618,179.9084155,0.073705424,-179.9345424,-3.060666716,-1.807817986,-1.161761211,-0.064385051,0.570193908,0.456456971,-73.42054596,61.96893997,59.79540481,-78.04662781,-54.16870056,70.23158913,-9.419440844,1,1
145.4718561,11,1571994918,AUT,FALSE,TRUE,TRUE,478.2706437,-402.4233714,174.3410182,179.921399,0.324007201,-179.6592527,-15.44799077,-2.295782078,3.980360986,-0.118825997,1.614157881,0.517283496,-72.8662857,61.9798233,59.81332969,-77.09713439,-54.16815124,70.49835777,-9.537080388,1,1
145.5724611,11,1571994918,AUT,FALSE,TRUE,TRUE,478.2706437,-402.4233714,174.3410182,179.921399,0.324007201,-179.6592527,-15.44799077,-2.295782078,3.980360986,-0.118825997,1.614157881,0.517283496,-72.8662857,61.9798233,59.81332969,-77.09713439,-54.16815124,70.49835777,-9.537080388,1,1
145.6730461,11,1571994918,AUT,FALSE,TRUE,TRUE,500.6106399,-397.4050185,175.7348322,179.9377342,0.461016508,-179.8813788,-11.74188379,-5.767835688,3.974140657,-0.456468425,1.13248694,0.534555856,-70.77916832,63.24447326,60.02185364,-73.82021828,-54.31882873,71.88865013,-9.166573338,1,1
145.7736242,11,1571994918,AUT,FALSE,TRUE,TRUE,500.6106399,-397.4050185,175.7348322,179.9377342,0.461016508,-179.8813788,-11.74188379,-5.767835688,3.974140657,-0.456468425,1.13248694,0.534555856,-70.77916832,63.24447326,60.02185364,-73.82021828,-54.31882873,71.88865013,-9.166573338,1,1
145.874181,11,1571994918,AUT,FALSE,TRUE,TRUE,533.6328725,-398.0203014,171.6468359,179.8684781,0.507472808,-179.8392417,-7.857424226,-4.177267659,2.002017663,-0.235886496,0.755213364,0.741739076,-66.41682701,65.39573364,59.58314552,-68.71169243,-54.79503662,73.30812836,-9.411262894,1,1
145.974736,11,1571994918,AUT,FALSE,TRUE,TRUE,533.6328725,-398.0203014,171.6468359,179.8684781,0.507472808,-179.8392417,-7.857424226,-4.177267659,2.002017663,-0.235886496,0.755213364,0.741739076,-66.41682701,65.39573364,59.58314552,-68.71169243,-54.79503662,73.30812836,-9.411262894,1,1
146.0752442,11,1571994918,AUT,FALSE,TRUE,TRUE,571.3101519,-400.0823834,169.26702,179.9298562,0.39063033,-179.8850993,-0.460726582,-0.884577353,-0.870767236,-0.096019527,-0.129298328,0.396866033,-61.0852066,68.61042251,59.20605354,-60.33338814,-55.41334167,75.99221191,-10.82518273,1,1
146.1758292,11,1571994918,AUT,FALSE,TRUE,TRUE,571.3101519,-400.0823834,169.26702,179.9298562,0.39063033,-179.8850993,-0.460726582,-0.884577353,-0.870767236,-0.096019527,-0.129298328,0.396866033,-61.0852066,68.61042251,59.20605354,-60.33338814,-55.41334167,75.99221191,-10.82518273,1,1
146.276417,11,1571994918,AUT,FALSE,TRUE,TRUE,571.3101519,-400.0823834,169.26702,179.9298562,0.39063033,-179.8850993,-0.460726582,-0.884577353,-0.870767236,-0.096019527,-0.129298328,0.396866033,-61.0852066,68.61042251,59.20605354,-60.33338814,-55.41334167,75.99221191,-10.82518273,1,1
146.3769932,11,1571994919,AUT,FALSE,TRUE,TRUE,600.9667055,-403.6311678,168.1720408,-179.8162184,-0.130099255,179.9959263,16.71848476,8.018578182,0.290757489,1.005347049,-1.529983711,-0.975960534,-56.20171165,71.39265861,58.77949905,-51.72540779,-55.66818054,79.77692985,-13.69328041,1,1
146.477576,11,1571994919,AUT,FALSE,TRUE,TRUE,600.9667055,-403.6311678,168.1720408,-179.8162184,-0.130099255,179.9959263,16.71848476,8.018578182,0.290757489,1.005347049,-1.529983711,-0.975960534,-56.20171165,71.39265861,58.77949905,-51.72540779,-55.66818054,79.77692985,-13.69328041,1,1
146.5781572,11,1571994919,AUT,FALSE,TRUE,TRUE,610.6281384,-391.8667856,164.4947638,-179.5705836,-0.500594437,179.6103156,13.96222911,11.20540853,-1.375525121,0.948005125,-0.506727736,-1.991240773,-53.48695564,72.83941726,58.53109818,-48.17241898,-55.66373657,80.36192779,-13.60788918,1,1
146.6786752,11,1571994919,AUT,FALSE,TRUE,TRUE,610.6281384,-391.8667856,164.4947638,-179.5705836,-0.500594437,179.6103156,13.96222911,11.20540853,-1.375525121,0.948005125,-0.506727736,-1.991240773,-52.86636199,72.21510544,58.6903759,-51.41493759,-55.67253662,79.33852386,-10.38614503,1,1
146.7792602,11,1571994919,AUT,FALSE,TRUE,TRUE,614.0206095,-368.4483669,161.1288913,-179.5495823,-0.520429493,179.5001757,9.949608186,11.84601771,-0.70230951,0.95241264,0.239879962,-1.926509516,-52.86636199,72.21510544,58.6903759,-51.41493759,-55.67253662,79.33852386,-10.38614503,1,1
146.879822,11,1571994919,AUT,FALSE,TRUE,TRUE,613.1405833,-317.0161105,157.1546195,-179.6886786,-0.43879849,179.3674827,3.197944526,9.214377072,-1.39939821,0.730937119,0.425757313,-1.262794162,-52.80420341,70.15350379,59.14405975,-59.21616096,-55.67215759,76.48187599,-3.518975831,1,1
146.98052,11,1571994919,AUT,FALSE,TRUE,TRUE,613.1405833,-317.0161105,157.1546195,-179.6886786,-0.43879849,179.3674827,3.197944526,9.214377072,-1.39939821,0.730937119,0.425757313,-1.262794162,-52.80420341,70.15350379,59.14405975,-59.21616096,-55.67215759,76.48187599,-3.518975831,1,1
147.0813642,11,1571994919,AUT,FALSE,TRUE,TRUE,608.7778469,-256.7993838,157.8842008,-179.8794048,-0.215014158,179.3403349,-3.765722015,7.240418175,-2.111078766,0.199525898,1.083751746,-0.310040565,-52.12231979,67.59165001,59.94226799,-67.45129966,-55.76265197,73.81334839,4.321132275,1,1
147.1821082,11,1571994919,AUT,FALSE,TRUE,TRUE,603.9171568,-191.3297921,161.825811,179.9631334,-0.075119726,179.516752,-11.37271825,4.71248105,1.722328392,0.199525898,1.083751746,-0.310040565,-50.02458343,65.00902519,60.7682579,-74.41417351,-55.8168695,71.72938614,12.45802231,1,1
147.28266,11,1571994919,AUT,FALSE,TRUE,TRUE,603.9171568,-191.3297921,161.825811,179.9631334,-0.075119726,179.516752,-11.37271825,4.71248105,1.722328392,-0.022917809,1.932591493,0.512096964,-50.02458343,65.00902519,60.7682579,-74.41417351,-55.8168695,71.72938614,12.45802231,1,1
147.3832121,11,1571994920,AUT,FALSE,TRUE,TRUE,602.3128072,-136.4478101,164.8353092,179.8749354,-0.056870913,179.7947424,-9.623575746,0.399155464,3.358817578,-0.077862537,2.011389792,0.780574918,-46.78436164,63.22368851,60.9921627,-78.30300751,-55.622807,70.53783646,18.77193718,1,1
147.483777,11,1571994920,AUT,FALSE,TRUE,TRUE,602.3128072,-136.4478101,164.8353092,179.8749354,-0.056870913,179.7947424,-9.623575746,0.399155464,3.358817578,-0.077862537,2.011389792,0.780574918,-46.78436164,63.22368851,60.9921627,-78.30300751,-55.622807,70.53783646,18.77193718,1,1
147.584121,11,1571994920,AUT,FALSE,TRUE,TRUE,605.4719494,-96.58955352,164.2370022,179.9603152,-0.093145687,179.9355996,-6.267352285,0.192661874,3.171711039,-0.045974137,1.713776573,0.326681292,-43.85490875,62.65620689,60.82155876,-79.40699615,-55.46412597,70.07175178,22.8071331,1,1
147.6846662,11,1571994920,AUT,FALSE,TRUE,TRUE,610.0987683,-76.46587536,161.5055631,179.8760913,-0.061903453,179.9993375,-4.25417666,-2.268205909,2.857881635,-0.232967895,1.16158478,0.626074424,-40.97126541,62.82335701,60.37822609,-79.14997444,-55.47138244,69.81276626,24.70152283,1,1
147.7852042,11,1571994920,AUT,FALSE,TRUE,TRUE,621.0878275,-70.43736363,159.6510705,179.6832953,0.422848201,-179.782368,-4.25417666,-2.268205909,2.857881635,-0.232967895,1.16158478,0.626074424,-39.19727898,63.35066299,59.67489852,-77.41573791,-55.58061401,69.67876739,24.98482589,1,1
147.8856921,11,1571994920,AUT,FALSE,TRUE,TRUE,621.0878275,-70.43736363,159.6510705,179.6832953,0.422848201,-179.782368,-15.61767136,-4.22950491,1.236809523,-0.394727712,1.853131764,1.298398543,-39.19727898,63.35066299,59.67489852,-77.41573791,-55.58061401,69.67876739,24.98482589,1,1
147.9862881,11,1571994920,AUT,FALSE,TRUE,TRUE,639.8766931,-75.60341506,161.2993712,179.7383571,0.495703014,-179.793943,-13.13142019,-0.312566961,0.066228592,0.157294477,1.045807422,1.018372417,-37.47195168,64.6604084,59.13175849,-72.95413513,-55.33439941,71.10001716,22.84572258,1,1
148.086822,11,1571994920,AUT,FALSE,TRUE,TRUE,666.7782336,-83.60037573,164.1919255,179.9009335,0.314275126,179.9937278,-3.696688025,3.324506649,-1.119254575,0.415776669,0.187584436,0.345184554,-35.04141884,67.06069107,59.03623581,-65.82660713,-55.29789184,73.92842331,19.44520683,1,1
148.187355,11,1571994920,AUT,FALSE,TRUE,TRUE,666.7782336,-83.60037573,164.1919255,179.9009335,0.314275126,179.9937278,-3.696688025,3.324506649,-1.119254575,0.415776669,0.187584436,0.345184554,-35.04141884,67.06069107,59.03623581,-65.82660713,-55.29789184,73.92842331,19.44520683,1,1
148.2879281,11,1571994920,AUT,FALSE,TRUE,TRUE,685.3637402,-83.83973606,164.1611201,179.938913,0.172107676,179.9079302,3.930134294,3.701946636,-2.982060097,0.178249636,-0.675187057,0.426599869,-32.74138641,68.92945175,59.02245483,-60.57976341,-55.54139831,75.81815071,17.62453537,1,1
148.3884621,11,1571994921,AUT,FALSE,TRUE,TRUE,699.0373151,-77.53452579,163.5092165,179.9589279,0.02733357,179.8394214,5.640036274,6.152965282,-1.709352496,0.279153461,-0.660743485,0.388578937,-30.48041381,70.37730217,58.99059791,-56.5744194,-55.72632568,77.22116661,16.72963371,1,1
148.4890032,11,1571994921,AUT,FALSE,TRUE,TRUE,708.7519167,-61.31297321,163.2307522,-179.9713044,0.015212592,179.6689846,3.507199349,11.11076555,-2.657868042,0.686536655,-0.40106764,-0.040550996,-28.13291702,71.28441581,59.00877342,-54.01693954,-55.77045227,78.00004921,17.00456314,1,1
148.589545,11,1571994921,AUT,FALSE,TRUE,TRUE,708.7519167,-61.31297321,163.2307522,-179.9713044,0.015212592,179.6689846,3.507199349,11.11076555,-2.657868042,0.686536655,-0.40106764,-0.040550996,-28.13291702,71.28441581,59.00877342,-54.01693954,-55.77045227,78.00004921,17.00456314,1,1
148.6902461,11,1571994921,AUT,FALSE,TRUE,TRUE,714.2369292,-33.38444893,163.6105665,-179.9082579,-0.040542345,179.5826715,1.298924858,14.45309367,-0.726726531,1.474639459,0.103102426,-0.063044811,-25.45315589,71.69133568,59.05771064,-52.76524314,-55.77576416,78.45314254,18.6674263,1,1
148.791311,11,1571994921,AUT,FALSE,TRUE,TRUE,715.4296556,4.784172393,163.8452969,179.983393,-0.099550238,179.5863316,-0.477547895,9.220632314,0.397043234,0.866976108,0.660264219,0.252953671,-22.29365959,71.75062751,59.07809372,-52.55970268,-55.77495117,78.56538162,21.7751976,1,1
148.8923972,11,1571994921,AUT,FALSE,TRUE,TRUE,714.1356446,41.2519555,163.7829669,179.8253979,-0.145608454,179.7892348,1.952121589,-0.371694132,-0.83036033,-0.304882074,0.264982258,1.005579515,-19.24081993,71.69880981,58.92877235,-52.55655784,-55.78208679,78.61103324,24.89478607,1,1
148.9929612,11,1571994921,AUT,FALSE,TRUE,TRUE,711.0067448,68.93833674,164.8305362,179.7503179,-0.377996535,-179.9292688,1.952121589,-0.371694132,-0.83036033,-0.304882074,0.264982258,1.005579515,-16.83761558,71.5326416,58.70714035,-52.55217361,-55.67016906,78.90065689,27.28010673,1,1
149.0934651,11,1571994921,AUT,FALSE,TRUE,TRUE,711.0067448,68.93833674,164.8305362,179.7503179,-0.377996535,-179.9292688,8.212364969,-5.372193926,-0.854542453,-0.675366049,-0.185151491,1.340615796,-16.83761558,71.5326416,58.70714035,-52.55217361,-55.67016906,78.90065689,27.28010673,1,1
149.193995,11,1571994921,AUT,FALSE,TRUE,TRUE,704.7841979,83.62795839,165.6482722,179.8400815,-0.768863833,-179.79375,15.20354321,-2.087706197,0.653881816,0.100706269,-0.030622736,0.972674961,-15.89418526,71.16158867,58.70114936,-53.44648476,-55.47650756,79.0647274,28.76758003,1,1
149.2945342,11,1571994921,AUT,FALSE,TRUE,TRUE,687.9348234,96.5244235,163.0672579,179.8199577,-0.941815087,-179.7043639,13.94700212,-2.435843351,-1.216424215,0.29103784,0.201334035,1.0862433,-16.43329468,69.94606133,58.78834991,-57.77808837,-55.35537231,77.70321922,31.73639144,1,1
149.3950901,11,1571994922,AUT,FALSE,TRUE,TRUE,687.9348234,96.5244235,163.0672579,179.8199577,-0.941815087,-179.7043639,13.94700212,-2.435843351,-1.216424215,0.29103784,0.201334035,1.0862433,-16.43329468,69.94606133,58.78834991,-57.77808837,-55.35537231,77.70321922,31.73639144,1,1
149.495636,11,1571994922,AUT,FALSE,TRUE,TRUE,668.6982614,102.4715429,159.4076135,179.8265968,-0.789789646,-179.686173,7.418979749,0.513839566,1.587507725,0.786849475,0.991921469,1.122736407,-17.85956726,68.42394333,58.82583733,-63.1146286,-55.33129577,75.56979446,34.55952415,1,1
149.5962191,11,1571994922,AUT,FALSE,TRUE,TRUE,649.3035383,103.2596551,156.6619584,179.8078791,-0.536978811,-179.6789337,-0.988556911,-0.353167957,-0.556894596,0.105821145,1.11843812,0.870356698,-19.67316284,66.74291153,58.84494667,-68.42826232,-55.32882934,73.34915542,36.93119774,1,1
149.6967292,11,1571994922,AUT,FALSE,TRUE,TRUE,632.0300223,101.4890746,156.0086865,-179.9914993,-0.352670086,-179.8213005,-7.491007557,8.642911838,1.449839177,1.295815483,1.974871821,0.248476612,-21.50604972,65.19037857,59.02491646,-72.95224342,-55.23392944,71.51702041,38.50221863,1,1
149.797261,11,1571994922,AUT,FALSE,TRUE,TRUE,632.0300223,101.4890746,156.0086865,-179.9914993,-0.352670086,-179.8213005,-7.491007557,8.642911838,1.449839177,1.295815483,1.974871821,0.248476612,-21.50604972,65.19037857,59.02491646,-72.95224342,-55.23392944,71.51702041,38.50221863,1,1
149.8977981,11,1571994922,AUT,FALSE,TRUE,TRUE,620.350943,104.2586968,157.461686,-179.9080223,-0.080669795,179.9172136,-14.32164658,14.76078959,0.208281963,1.823966208,2.432540634,-0.530804315,-22.55393257,64.10209694,59.42131691,-75.89875603,-55.23105102,70.31514015,39.83797416,1,1
149.9983261,11,1571994922,AUT,FALSE,TRUE,TRUE,614.8124082,117.8891028,161.9364235,-179.7614503,0.021312172,179.6441721,-14.01268142,18.80192055,2.601819277,1.905501908,2.293794369,-0.930144191,-22.01169547,63.66818847,60.11729049,-76.73986588,-55.23563232,70.32238426,41.23829498,1,1
150.098855,11,1571994922,AUT,FALSE,TRUE,TRUE,612.2537264,141.6903258,165.0872813,-179.8247215,0.029307579,179.56589,-6.638486151,17.8935626,2.877053133,1.887951926,1.235013687,-0.674660951,-19.85444069,63.73425064,60.47703094,-76.19103698,-55.25077697,70.81397781,43.24691162,1,1
150.199403,11,1571994922,AUT,FALSE,TRUE,TRUE,612.2537264,141.6903258,165.0872813,-179.8247215,0.029307579,179.56589,-6.638486151,17.8935626,2.877053133,1.887951926,1.235013687,-0.674660951,-19.85444069,63.73425064,60.47703094,-76.19103698,-55.25077697,70.81397781,43.24691162,1,1
150.2999151,11,1571994922,AUT,FALSE,TRUE,TRUE,607.9671464,180.3821935,165.5828597,179.9651674,-0.114387606,179.7024998,-1.010541406,7.876758163,-0.33061737,0.401744258,0.724969122,0.292708014,-15.69256553,64.21412658,60.40339507,-74.72553634,-55.26493286,71.53662071,46.43353043,1,1
150.400835,11,1571994923,AUT,FALSE,TRUE,TRUE,602.6992066,209.1010228,166.2629546,179.9086155,-0.234769891,179.8369065,5.237208778,-2.009723231,-2.642022055,-1.069941591,-0.107351854,0.709355953,-12.60654373,64.53872795,60.34759826,-73.67256203,-55.25744018,72.09529266,48.72965584,1,1
150.50177,11,1571994923,AUT,FALSE,TRUE,TRUE,592.647927,232.3638748,166.9552771,179.8532031,-0.515474622,179.9859602,9.535456829,-1.67725127,0.521375724,-0.678074431,-0.035415404,0.914888335,-10.29892044,64.49330635,60.39138565,-73.66482696,-55.10142333,72.42908478,51.06164817,1,1
150.602407,11,1571994923,AUT,FALSE,TRUE,TRUE,592.647927,232.3638748,166.9552771,179.8532031,-0.515474622,179.9859602,9.535456829,-1.67725127,0.521375724,-0.678074431,-0.035415404,0.914888335,-10.29892044,64.49330635,60.39138565,-73.66482696,-55.10142333,72.42908478,51.06164817,1,1
150.7029622,11,1571994923,AUT,FALSE,TRUE,TRUE,576.698972,250.6064762,165.0305752,179.9074985,-0.68259653,-179.9485709,8.821840116,2.641673788,2.445657484,0.322358746,0.608567278,0.829194467,-8.883544919,64.05026893,60.41737518,-75.30363693,-55.02533203,71.86847305,53.68213119,1,1
150.8034861,11,1571994923,AUT,FALSE,TRUE,TRUE,554.2784691,265.5219859,159.874129,179.8303504,-0.728847449,-179.9144568,6.071815832,-1.256088814,0.480231032,-0.504097614,1.222221755,0.9755523,-8.051780319,63.26081543,60.37700386,-78.55999832,-55.12385742,70.3610527,57.10860557,1,1
150.903985,11,1571994923,AUT,FALSE,TRUE,TRUE,554.2784691,265.5219859,159.874129,179.8303504,-0.728847449,-179.9144568,6.071815832,-1.256088814,0.480231032,-0.504097614,1.222221755,0.9755523,-7.914928431,61.87897568,60.21260033,-83.35268097,-55.35708618,68.13134651,60.96963386,1,1
151.004518,11,1571994923,AUT,FALSE,TRUE,TRUE,526.1791604,273.5789323,153.6521382,179.7805573,-0.64622251,-179.7381627,1.355969297,-0.294743146,0.068873357,-0.220587946,1.722486742,1.152813875,-7.914928431,61.87897568,60.21260033,-83.35268097,-55.35708618,68.13134651,60.96963386,1,1
151.1050532,11,1571994923,AUT,FALSE,TRUE,TRUE,508.93629,273.459296,151.1193255,179.8738176,-0.465192933,-179.6909494,-0.81412017,4.004574238,0.774544414,0.524030318,1.845537759,0.757648961,-8.332995981,60.61066933,60.05241966,-86.77510071,-55.39910888,66.47927742,62.94318695,1,1
151.2055881,11,1571994923,AUT,FALSE,TRUE,TRUE,494.8433796,271.4324516,150.7536664,179.923853,-0.417614132,-179.6983817,0.477424751,5.406626505,0.763713049,0.779704326,1.449561363,0.473919729,-8.944958494,59.43855858,60.10106163,-89.57936782,-55.29071228,65.26394577,64.34273872,1,1
158.4502521,12,1571994931,AUT,FALSE,FALSE,TRUE,472.0263431,-399.9557683,169.9850622,-179.992454,-0.006422707,-179.9974921,-4.428309641,-1.21704785,-2.93197188,-0.288554098,0.765276268,0.201013099,-73.76140022,62.49102401,60.68497467,-78.17884483,-55.02654602,70.71142731,-9.04705925,0.5,1
158.5509591,12,1571994931,AUT,FALSE,TRUE,TRUE,473.0463269,-400.9455937,170.9663184,179.9109294,0.129113161,-179.922245,-6.769967498,-2.127202255,-0.406553377,-0.177992893,0.922766915,0.425986143,-73.71965561,62.49088669,60.70949821,-77.98504257,-55.02755126,70.71611366,-9.05145035,1,1
158.6516981,12,1571994931,AUT,FALSE,TRUE,TRUE,478.3140977,-402.2074053,174.5365968,179.8509299,0.260719544,-179.7381169,-9.759311973,-2.073274766,0.261870844,0.220381058,1.040200093,0.831677879,-73.16533012,62.54539261,60.78977051,-77.03694992,-55.02703491,71.13447647,-9.106917575,1,1
158.752486,12,1571994931,AUT,FALSE,TRUE,TRUE,489.8988433,-400.8782951,177.0410263,179.8757334,0.404227805,-179.9242417,-11.91426218,-2.927349048,3.315855839,-0.17246237,1.321426092,0.715881243,-71.84212303,63.16937141,61.03507804,-75.17064056,-55.02815002,72.02934723,-9.143635944,1,1
158.8530371,12,1571994931,AUT,FALSE,TRUE,TRUE,489.8988433,-400.8782951,177.0410263,179.8757334,0.404227805,-179.9242417,-11.91426218,-2.927349048,3.315855839,-0.17246237,1.321426092,0.715881243,-71.84212303,63.16937141,61.03507804,-75.17064056,-55.02815002,72.02934723,-9.143635944,1,1
158.9535222,12,1571994931,AUT,FALSE,TRUE,TRUE,507.111227,-399.5069804,175.8974727,179.8815289,0.488586244,-179.8563892,-10.73370359,-3.50588259,0.901866218,-0.178574933,1.795468023,0.654383864,-69.53546791,64.34597626,60.87755813,-72.27118034,-55.34852783,72.88192406,-9.063559344,1,1
159.05408,12,1571994931,AUT,FALSE,TRUE,TRUE,507.111227,-399.5069804,175.8974727,179.8815289,0.488586244,-179.8563892,-10.73370359,-3.50588259,0.901866218,-0.178574933,1.795468023,0.654383864,-69.53546791,64.34597626,60.87755813,-72.27118034,-55.34852783,72.88192406,-9.063559344,1,1
159.154623,12,1571994931,AUT,FALSE,TRUE,TRUE,541.3541331,-399.3540629,171.1241347,179.8769241,0.519576295,-179.875039,-9.620419211,-1.369941165,0.993417599,0.156330624,1.128081099,0.624519704,-64.76006469,67.09361572,60.35368194,-65.61609192,-55.92363464,74.76421509,-9.652941519,1,1
159.255121,12,1571994931,AUT,FALSE,TRUE,TRUE,564.5149411,-401.1285313,168.4883961,179.910539,0.467544356,-179.8981798,-2.980783456,-1.821791968,-2.57768705,-0.144163695,0.089261688,0.407557274,-61.37490234,69.09072074,59.98610344,-60.20747795,-56.22366027,76.3408596,-10.70831223,1,1
159.3556771,12,1571994932,AUT,FALSE,TRUE,TRUE,583.1584054,-403.9547387,167.5669336,-179.9198649,0.129623187,-179.9976322,6.633708621,3.069375874,-1.242325431,0.204243868,-0.799423017,-0.324710484,-58.30450172,70.85733604,59.64040489,-54.89046592,-56.32999694,78.2176712,-12.26989517,1,1
159.456238,12,1571994932,AUT,FALSE,TRUE,TRUE,583.1584054,-403.9547387,167.5669336,-179.9198649,0.129623187,-179.9976322,6.633708621,3.069375874,-1.242325431,0.204243868,-0.799423017,-0.324710484,-58.30450172,70.85733604,59.64040489,-54.89046592,-56.32999694,78.2176712,-12.26989517,1,1
159.5567632,12,1571994932,AUT,FALSE,TRUE,TRUE,595.5851359,-403.9604059,167.3487582,-179.7653053,-0.13934589,179.8215319,13.49335469,8.652703032,-2.152956741,0.794782606,-1.332922097,-1.047351608,-56.05964469,72.09045524,59.47681159,-51.04601669,-56.34939331,79.64925842,-13.3508194,1,1
159.657371,12,1571994932,AUT,FALSE,TRUE,TRUE,603.5640508,-396.6137232,167.084738,-179.6038285,-0.376630392,179.678563,14.63500199,12.3027368,0.831971832,1.224818397,-0.639335537,-1.857030915,-54.69125976,72.54695778,59.48767433,-49.71187477,-56.37787536,80.31849746,-13.17585183,1,1
159.75791,12,1571994932,AUT,FALSE,TRUE,TRUE,603.5640508,-396.6137232,167.084738,-179.6038285,-0.376630392,179.678563,14.63500199,12.3027368,0.831971832,1.224818397,-0.639335537,-1.857030915,-54.69125976,72.54695778,59.48767433,-49.71187477,-56.37787536,80.31849746,-13.17585183,1,1
159.8584101,12,1571994932,AUT,FALSE,TRUE,TRUE,608.8529773,-365.4779807,164.1285022,-179.5234408,-0.565170223,179.4449365,11.65723975,12.89237563,-1.982227627,0.97474598,-0.145312656,-2.194227491,-53.99505958,72.08762283,59.7200798,-52.00411033,-56.37706787,79.72284279,-9.598057944,1,1
159.9589632,12,1571994932,AUT,FALSE,TRUE,TRUE,608.8529773,-365.4779807,164.1285022,-179.5234408,-0.565170223,179.4449365,11.65723975,12.89237563,-1.982227627,0.97474598,-0.145312656,-2.194227491,-53.99505958,72.08762283,59.7200798,-52.00411033,-56.37706787,79.72284279,-9.598057944,1,1
160.0595,12,1571994932,AUT,FALSE,TRUE,TRUE,607.4238476,-321.3109932,160.8882542,-179.6285988,-0.511676818,179.3713464,4.993765045,9.997385938,-1.886504293,0.499515009,0.56416144,-1.423393892,-53.91944618,70.01546745,60.20219764,-59.98289337,-56.37737548,77.00196189,-3.580777363,1,1
160.1601522,12,1571994932,AUT,FALSE,TRUE,TRUE,602.2302625,-263.8299113,160.6459294,-179.8887852,-0.202764151,179.4182926,-3.545326988,6.284604413,-0.633992316,0.057841684,1.19694849,-0.255164551,-53.48292846,67.46045951,60.87589988,-68.36671142,-56.4361029,74.12611198,4.043136975,1,1
160.2614522,12,1571994932,AUT,FALSE,TRUE,TRUE,602.2302625,-263.8299113,160.6459294,-179.8887852,-0.202764151,179.4182926,-3.545326988,6.284604413,-0.633992316,0.057841684,1.19694849,-0.255164551,-53.48292846,67.46045951,60.87589988,-68.36671142,-56.4361029,74.12611198,4.043136975,1,1
160.3623891,12,1571994933,AUT,FALSE,TRUE,TRUE,596.4855634,-191.5138312,165.3987562,-179.9369684,-0.029123126,179.5398704,-12.27604277,7.553081034,1.561429306,0.510968235,1.960167652,0.117697584,-51.81210365,65.01191597,61.70252494,-75.14921379,-56.42765441,71.82720566,13.06840896,1,1
160.462919,12,1571994933,AUT,FALSE,TRUE,TRUE,596.4855634,-191.5138312,165.3987562,-179.9369684,-0.029123126,179.5398704,-12.27604277,7.553081034,1.561429306,0.510968235,1.960167652,0.117697584,-51.81210365,65.01191597,61.70252494,-75.14921379,-56.42765441,71.82720566,13.06840896,1,1
160.563359,12,1571994933,AUT,FALSE,TRUE,TRUE,596.5292215,-136.2430742,168.7917147,179.9396487,-0.021576119,179.7799243,-9.165726562,0.551706037,3.450112533,-0.118082049,1.961820616,0.489838945,-47.78391838,63.01870079,62.30136566,-79.62025108,-56.32510803,70.94462585,19.41440391,1,1
160.6640651,12,1571994933,AUT,FALSE,TRUE,TRUE,596.5292215,-136.2430742,168.7917147,179.9396487,-0.021576119,179.7799243,-9.165726562,0.551706037,3.450112533,-0.118082049,1.961820616,0.489838945,-44.33959808,62.62662277,62.04221534,-80.30729141,-56.15739624,70.51241341,23.19776916,1,1
160.7646201,12,1571994933,AUT,FALSE,TRUE,TRUE,601.2157543,-98.20909124,167.9785461,179.9741414,-0.020929765,179.8876626,-5.283282777,-1.015580372,3.129793559,-0.362384408,1.450049808,0.215283739,-44.33959808,62.62662277,62.04221534,-80.30729141,-56.15739624,70.51241341,23.19776916,1,1
160.865196,12,1571994933,AUT,FALSE,TRUE,TRUE,610.9843459,-70.85945757,163.4178686,179.831555,0.203427417,-179.9535526,-11.05450437,-3.597439379,1.539922524,-0.409828183,1.668796057,0.756020243,-41.39143409,62.91702576,61.43333587,-79.67927513,-56.17284301,70.20623817,25.43600693,1,1
160.9657722,12,1571994933,AUT,FALSE,TRUE,TRUE,610.9843459,-70.85945757,163.4178686,179.831555,0.203427417,-179.9535526,-11.05450437,-3.597439379,1.539922524,-0.409828183,1.668796057,0.756020243,-41.39143409,62.91702576,61.43333587,-79.67927513,-56.17284301,70.20623817,25.43600693,1,1
161.066303,12,1571994933,AUT,FALSE,TRUE,TRUE,627.6354252,-67.25836283,163.6443473,179.7881907,0.58640199,-179.8155807,-19.62675389,0.874190229,1.791067938,0.120121497,2.119899768,1.124730631,-38.75562858,63.92210655,60.5714447,-76.21572876,-56.22756042,70.65829124,25.01815567,1,1
161.1668901,12,1571994933,AUT,FALSE,TRUE,TRUE,651.8665131,-70.34290366,168.7975479,179.7541386,0.639036724,-179.8932308,-14.5979796,-2.34987322,-0.191489732,-0.477239313,1.134275084,0.932811169,-36.2984024,65.59980125,60.34330673,-70.25900344,-56.02603271,72.93810196,22.61507148,1,1
161.267473,12,1571994933,AUT,FALSE,TRUE,TRUE,651.8665131,-70.34290366,168.7975479,179.7541386,0.639036724,-179.8932308,-14.5979796,-2.34987322,-0.191489732,-0.477239313,1.134275084,0.932811169,-33.04818306,68.0786499,60.3193325,-61.47923126,-56.01360717,76.61762581,18.6543663,1,1
161.3680341,12,1571994934,AUT,FALSE,TRUE,TRUE,683.1757476,-78.09396102,176.5489228,179.8946236,0.399796873,-179.9768497,-0.628086535,1.837057813,-2.477547689,-0.026235639,-0.362460347,0.470242866,-33.04818306,68.0786499,60.3193325,-61.47923126,-56.01360717,76.61762581,18.6543663,1,1
161.468662,12,1571994934,AUT,FALSE,TRUE,TRUE,708.4599284,-78.72641191,180.4205674,179.9979383,0.16761895,179.8614524,4.564154346,4.46887635,0.613502489,0.02228217,-0.394989132,0.142889851,-29.63957862,70.41430549,60.27302856,-53.61760025,-56.17448547,79.57750053,15.66912346,1,1
161.569262,12,1571994934,AUT,FALSE,TRUE,TRUE,708.4599284,-78.72641191,180.4205674,179.9979383,0.16761895,179.8614524,4.564154346,4.46887635,0.613502489,0.02228217,-0.394989132,0.142889851,-29.63957862,70.41430549,60.27302856,-53.61760025,-56.17448547,79.57750053,15.66912346,1,1
161.6698122,12,1571994934,AUT,FALSE,TRUE,TRUE,722.5681351,-66.22659896,178.0263942,-179.8952045,-0.041539888,179.6947457,4.988724545,12.60924847,1.819776535,1.245143006,0.116555703,-0.156697067,-26.54245376,72.07089958,60.08385773,-48.90264244,-56.31148498,81.02071609,14.77802925,1,1
161.7705932,12,1571994934,AUT,FALSE,TRUE,TRUE,728.7158639,-40.60477047,171.6697228,-179.8179168,-0.190236303,179.5449435,5.445911992,11.25360008,1.490107038,0.547456752,-0.002280364,-0.519042183,-23.89001426,73.04398956,59.93840561,-47.36616668,-56.44405151,81.11577529,16.09877472,1,1
161.8716061,12,1571994934,AUT,FALSE,TRUE,TRUE,730.0551564,3.302950618,165.0474357,-179.9106751,-0.215538766,179.5216723,0.116789177,4.660691263,-0.888103142,-0.272002422,1.230560752,-0.141041828,-20.46547623,73.59127349,59.92674636,-47.41816978,-56.74480224,80.66450157,19.72968406,1,1
161.9725182,12,1571994934,AUT,FALSE,TRUE,TRUE,730.0551564,3.302950618,165.0474357,-179.9106751,-0.215538766,179.5216723,0.116789177,4.660691263,-0.888103142,-0.272002422,1.230560752,-0.141041828,-20.46547623,73.59127349,59.92674636,-47.41816978,-56.74480224,80.66450157,19.72968406,1,1
162.0731711,12,1571994934,AUT,FALSE,TRUE,TRUE,728.9913997,42.11403867,163.1791584,179.9498112,-0.222251186,179.6869776,-1.259274245,2.176628747,-0.838874404,-0.549424946,1.216291959,0.499245607,-17.39536399,73.71720085,59.8238594,-47.44525794,-56.90076416,80.53052673,22.96585121,1,1
162.173769,12,1571994934,AUT,FALSE,TRUE,TRUE,727.4623371,70.38302574,163.0056381,179.772156,-0.285083434,-179.9560698,6.542092324,-5.295492363,0.89143842,-1.099776336,-0.21273395,1.228384842,-14.74847259,73.71440963,59.47947235,-47.11489563,-56.89000305,80.67494201,25.34351234,1,1
162.2743111,12,1571994934,AUT,FALSE,TRUE,TRUE,723.0682458,85.66524318,161.0536228,179.8268031,-0.763781636,-179.8012788,13.78967507,-2.631029528,2.505428821,-0.271125949,0.114427808,1.056874895,-13.50396538,73.68361358,59.22842788,-47.41551589,-56.66223449,80.86423645,26.63576202,1,1
162.3749061,12,1571994935,AUT,FALSE,TRUE,TRUE,723.0682458,85.66524318,161.0536228,179.8268031,-0.763781636,-179.8012788,13.78967507,-2.631029528,2.505428821,-0.271125949,0.114427808,1.056874895,-13.50396538,73.68361358,59.22842788,-47.41551589,-56.66223449,80.86423645,26.63576202,1,1
162.4754372,12,1571994935,AUT,FALSE,TRUE,TRUE,714.2021077,95.76876293,155.5753583,179.857982,-1.02526941,-179.8271659,16.6176299,0.42607364,2.963041095,0.107366255,0.589357034,0.858965683,-13.56751442,73.4115406,59.204179,-49.70412598,-56.63334045,80.02665253,28.41335334,1,1
162.575947,12,1571994935,AUT,FALSE,TRUE,TRUE,700.1871266,103.4005546,149.7662274,179.8161946,-0.988846756,-179.7877968,12.8833904,1.109629033,0.48754696,0.357430717,0.745388451,1.140732428,-14.54134254,72.56036109,59.19858627,-53.9685379,-56.77156494,78.30191574,30.97723274,1,1
162.6765001,12,1571994935,AUT,FALSE,TRUE,TRUE,681.413946,107.3466206,147.2241839,179.7694661,-0.88271142,-179.7159903,9.059044355,-4.824659552,-3.093881754,-0.950462154,0.305390578,1.154242591,-16.23214188,71.00654068,59.22239914,-59.46671791,-56.77870605,76.32092628,33.81494636,1,1
162.777035,12,1571994935,AUT,FALSE,TRUE,TRUE,661.4790875,107.5075584,148.6930299,179.9482608,-0.660754011,-179.7299762,-0.70118361,3.649023389,-0.299892355,0.545497475,1.101008951,0.805905649,-18.32613258,69.04449921,59.43707199,-65.15379066,-56.69700622,74.4099369,36.1653717,1,1
162.8775461,12,1571994935,AUT,FALSE,TRUE,TRUE,661.4790875,107.5075584,148.6930299,179.9482608,-0.660754011,-179.7299762,-0.70118361,3.649023389,-0.299892355,0.545497475,1.101008951,0.805905649,-18.32613258,69.04449921,59.43707199,-65.15379066,-56.69700622,74.4099369,36.1653717,1,1
162.9780922,12,1571994935,AUT,FALSE,TRUE,TRUE,641.7487665,108.036663,153.2346335,179.9913141,-0.383835281,-179.8839674,-7.854604011,12.95672748,0.627266063,1.841230727,2.039749977,0.125846738,-20.34779892,66.99948349,59.92649918,-70.31516418,-56.52017028,72.77861481,38.40513382,1,1
163.078624,12,1571994935,AUT,FALSE,TRUE,TRUE,627.6143216,113.5964029,159.3463745,-179.9002947,-0.016086751,179.8843907,-15.4045439,15.64520561,0.751588624,1.778043194,2.397408066,-0.535529346,-21.44516487,65.36662674,60.58581276,-73.86722259,-56.37275573,71.71422157,40.23130188,1,1
163.1791561,12,1571994935,AUT,FALSE,TRUE,TRUE,619.4637752,129.324344,164.6456305,-179.7483861,0.017897809,179.6094603,-15.61368293,20.06076777,4.241005618,2.069670564,2.6555972,-0.958250262,-20.82760276,64.65327415,61.21574821,-75.10456123,-56.14122985,71.65742912,41.90852623,1,1
163.2797341,12,1571994935,AUT,FALSE,TRUE,TRUE,619.4637752,129.324344,164.6456305,-179.7483861,0.017897809,179.6094603,-15.61368293,20.06076777,4.241005618,2.069670564,2.6555972,-0.958250262,-20.82760276,64.65327415,61.21574821,-75.10456123,-56.14122985,71.65742912,41.90852623,1,1
163.380393,12,1571994936,AUT,FALSE,TRUE,TRUE,614.7460107,156.0949809,166.4366446,-179.8419913,0.021199863,179.525266,-7.698604036,15.20856028,2.899131558,0.979817872,1.253873671,-0.628148216,-18.4303688,64.68131676,61.43667641,-74.81571006,-56.14041687,71.88013229,44.308675,1,1
163.4811871,12,1571994936,AUT,FALSE,TRUE,TRUE,607.7091931,189.5027275,166.9080339,179.9641832,-0.194061332,179.6932491,3.362393142,4.009613999,-0.886462774,-0.459150098,-0.009598263,0.479688546,-15.08060302,64.92085991,61.44178848,-74.07863731,-56.13981262,72.41555786,47.29082451,1,1
163.581933,12,1571994936,AUT,FALSE,TRUE,TRUE,597.6597079,217.5042933,169.3193532,179.7539513,-0.330151145,179.9236078,7.435057775,-1.213702641,-2.02436333,-0.579204546,-0.177333366,1.384819841,-12.21293793,64.75399818,61.47004051,-73.94675674,-56.01272277,72.84598846,50.21837196,1,1
163.6827381,12,1571994936,AUT,FALSE,TRUE,TRUE,585.0962161,237.2119257,172.6090751,179.733124,-0.52609703,-179.9384748,9.151324369,-3.412352403,-3.203463369,-0.884221264,0.106839139,1.531675556,-10.4309658,64.10011253,61.47631302,-74.72984161,-55.53035156,72.9334259,52.44604225,1,1
163.7832692,12,1571994936,AUT,FALSE,TRUE,TRUE,585.0962161,237.2119257,172.6090751,179.733124,-0.52609703,-179.9384748,9.151324369,-3.412352403,-3.203463369,-0.884221264,0.106839139,1.531675556,-10.4309658,64.10011253,61.47631302,-74.72984161,-55.53035156,72.9334259,52.44604225,1,1
163.883846,12,1571994936,AUT,FALSE,TRUE,TRUE,566.5543354,252.4463612,173.6480802,179.8192313,-0.643173352,-179.9102978,8.107881916,-1.105294237,0.778288833,-0.441774301,0.657516045,1.189758787,-9.512251281,63.05589294,61.53536796,-77.09144554,-55.06067504,72.17491264,55.05308074,1,1
163.9844642,12,1571994936,AUT,FALSE,TRUE,TRUE,543.1796164,262.5552416,170.4071963,179.7804628,-0.666325066,-179.8599186,5.36742024,-0.259826876,1.587022595,-0.294767962,1.22555759,1.206486438,-9.246876525,61.78812218,61.53818664,-80.90206718,-54.925307,70.57351799,58.23904724,1,1
164.085,12,1571994936,AUT,FALSE,TRUE,TRUE,543.1796164,262.5552416,170.4071963,179.7804628,-0.666325066,-179.8599186,5.36742024,-0.259826876,1.587022595,-0.294767962,1.22555759,1.206486438,-9.246876525,61.78812218,61.53818664,-80.90206718,-54.925307,70.57351799,58.23904724,1,1
164.1855831,12,1571994936,AUT,FALSE,TRUE,TRUE,514.4418406,267.2542286,165.0895601,179.8712385,-0.51462284,-179.8354251,-1.023069188,4.844631973,0.707761106,0.351650251,1.858437999,0.704247759,-9.640132138,60.08122787,61.48890609,-86.16505394,-54.98361694,68.07778816,61.75463104,1,1
164.286181,12,1571994936,AUT,FALSE,TRUE,TRUE,495.9805448,268.4629812,161.9620798,179.956799,-0.450792661,-179.8980942,-2.58789064,7.593363391,3.329424388,0.69933033,2.108763788,0.360658797,-10.01943512,58.91751136,61.48998069,-89.56896858,-54.98306762,66.39825668,63.83205299,1,1
164.3867521,12,1571994937,AUT,FALSE,TRUE,TRUE,495.9805448,268.4629812,161.9620798,179.956799,-0.450792661,-179.8980942,-2.58789064,7.593363391,3.329424388,0.69933033,2.108763788,0.360658797,-10.17564697,58.14438286,61.31600533,-92.01071434,-55.06149902,65.0130455,65.79869843,1,1
164.487453,12,1571994937,AUT,FALSE,TRUE,TRUE,479.7578589,268.9375288,156.5467612,179.9297134,-0.407382187,-179.864008,-6.070521501,7.903723671,4.711379123,0.606032675,2.789181285,0.228820924,-10.17564697,58.14438286,61.31600533,-92.01071434,-55.06149902,65.0130455,65.79869843,1,1
170.8402102,13,1571994943,AUT,FALSE,FALSE,TRUE,472.0096628,-399.9597453,169.9889926,-179.9886898,-0.005253388,-179.9997611,-3.134375038,-0.788901005,-3.695048268,-0.124559967,0.685858877,0.189960783,-73.83033943,62.59538383,60.86437454,-78.18061981,-55.19631225,70.80930176,-8.980310444,0.5,1
170.941035,13,1571994943,AUT,FALSE,TRUE,TRUE,472.5755478,-400.4825172,171.5037857,179.94497,0.029154506,179.9981385,-2.492407771,-0.3586277,-2.986010778,0.158949546,0.491659665,0.409325784,-73.8334362,62.59468689,60.99942397,-78.01924095,-55.19776794,70.97522964,-8.9882103,1,1
171.0417321,13,1571994943,AUT,FALSE,TRUE,TRUE,474.566126,-401.922651,175.7848017,179.9021572,0.118587554,-179.9728107,-5.10399783,-0.759988987,-0.32172295,0.181508113,0.747218337,0.570554305,-73.75810432,62.59503021,61.38314896,-77.44099273,-55.19913024,71.54797783,-9.127159888,1,1
171.1424642,13,1571994943,AUT,FALSE,TRUE,TRUE,480.4721822,-402.5753331,179.2155725,179.9168978,0.245259445,-179.7877351,-11.96788939,-0.991600314,3.182509736,0.181508113,0.747218337,0.570554305,-73.10825614,62.6504219,61.45967559,-76.4545269,-55.19859191,71.97623176,-9.203312306,1,1
171.243042,13,1571994943,AUT,FALSE,TRUE,TRUE,480.4721822,-402.5753331,179.2155725,179.9168978,0.245259445,-179.7877351,-11.96788939,-0.991600314,3.182509736,0.41076919,1.581706369,0.630964971,-73.10825614,62.6504219,61.45967559,-76.4545269,-55.19859191,71.97623176,-9.203312306,1,1
171.3435531,13,1571994943,AUT,FALSE,TRUE,TRUE,492.9848139,-399.7122549,178.1657064,179.9000117,0.39950394,-179.9672588,-16.01309675,-2.371345986,4.991468297,0.010694933,2.006201286,0.57238307,-71.51132469,63.40377846,61.35436821,-74.66673203,-55.20581542,72.44765167,-9.011501313,1,1
171.4441571,13,1571994944,AUT,FALSE,TRUE,TRUE,511.6774245,-398.9563974,172.4882844,179.8320715,0.492384927,-179.8206168,-12.19154978,-5.740467007,6.362153997,-0.598670433,1.285137129,0.628489835,-68.94436569,64.88553886,60.81302376,-71.62136306,-55.69975524,72.9106327,-8.858973313,1,1
171.5447161,13,1571994944,AUT,FALSE,TRUE,TRUE,511.6774245,-398.9563974,172.4882844,179.8320715,0.492384927,-179.8206168,-12.19154978,-5.740467007,6.362153997,-0.598670433,1.285137129,0.628489835,-65.80679397,66.93058891,60.29642601,-67.21077804,-56.16043395,73.84815101,-9.333579256,1,1
171.6452241,13,1571994944,AUT,FALSE,TRUE,TRUE,534.0231817,-399.7426881,166.2099397,179.8589858,0.557351973,-179.8392171,-10.82155715,-1.557391168,1.172075704,-0.054597988,1.317729355,0.720129246,-65.80679397,66.93058891,60.29642601,-67.21077804,-56.16043395,73.84815101,-9.333579256,1,1
171.7458222,13,1571994944,AUT,FALSE,TRUE,TRUE,564.2805371,-402.6500344,161.6295577,179.9396009,0.432667898,-179.8887915,-6.32564147,-0.02442738,0.158606429,0.349491627,0.706252413,0.457515345,-61.38713836,69.72434349,59.90713234,-60.08012581,-56.67023254,75.96617774,-10.75103531,1,1
171.8463812,13,1571994944,AUT,FALSE,TRUE,TRUE,564.2805371,-402.6500344,161.6295577,179.9396009,0.432667898,-179.8887915,-6.32564147,-0.02442738,0.158606429,0.349491627,0.706252413,0.457515345,-61.38713836,69.72434349,59.90713234,-60.08012581,-56.67023254,75.96617774,-10.75103531,1,1
171.9468951,13,1571994944,AUT,FALSE,TRUE,TRUE,589.7892155,-406.0771362,158.1793939,-179.9541912,0.071245936,-179.9788541,7.912073725,3.206164247,0.718746178,0.348729082,-0.717720455,-0.245914884,-57.20293693,72.25206069,59.43925896,-52.84005661,-56.88566894,78.25697136,-12.73353882,1,1
172.0474501,13,1571994944,AUT,FALSE,TRUE,TRUE,602.2578903,-406.8615594,154.9795797,-179.8386107,-0.180333058,179.9185145,13.67059127,6.236259051,0.968085147,0.682074583,-1.029978788,-0.798310823,-54.91730346,73.6603878,59.09618683,-48.90405693,-56.91691406,79.4270359,-13.88787232,1,1
172.1480341,13,1571994944,AUT,FALSE,TRUE,TRUE,608.9121835,-402.7556914,152.1710692,-179.6285515,-0.358692231,179.7321906,17.50650114,11.48674664,-1.264589163,1.131485511,-1.626060006,-1.424887372,-53.69684258,74.35935173,59.00412483,-47.37886962,-56.92977905,79.88412895,-14.15148926,1,1
172.2485662,13,1571994944,AUT,FALSE,TRUE,TRUE,608.9121835,-402.7556914,152.1710692,-179.6285515,-0.358692231,179.7321906,17.50650114,11.48674664,-1.264589163,1.131485511,-1.626060006,-1.424887372,-53.69684258,74.35935173,59.00412483,-47.37886962,-56.92977905,79.88412895,-14.15148926,1,1
172.3488462,13,1571994944,AUT,FALSE,TRUE,TRUE,611.4024798,-391.9556226,151.0153126,-179.5789215,-0.520510954,179.5874163,12.37315991,9.997434143,-1.594410044,0.486574666,-0.144913343,-1.990553572,-53.31582298,74.20200004,59.10266189,-48.37002868,-56.93036132,79.73491058,-12.97263222,1,1
172.4494431,13,1571994945,AUT,FALSE,TRUE,TRUE,612.6509704,-372.7065319,151.9737815,-179.587093,-0.508808961,179.5436406,7.306216527,9.694166191,-1.533958157,0.592848745,0.509212358,-1.80686153,-53.33476753,73.30790519,59.37364311,-51.35554619,-56.92798278,78.93864898,-10.41797448,1,1
172.5500982,13,1571994945,AUT,FALSE,TRUE,TRUE,612.6509704,-372.7065319,151.9737815,-179.587093,-0.508808961,179.5436406,7.306216527,9.694166191,-1.533958157,0.592848745,0.509212358,-1.80686153,-53.37061386,71.84682998,59.79333801,-56.07362823,-56.91026184,77.70678291,-6.390740206,1,1
172.6509101,13,1571994945,AUT,FALSE,TRUE,TRUE,611.9902935,-332.6120198,153.2531926,-179.6456989,-0.548444923,179.4523651,2.275741495,11.34424614,2.763893112,0.994660189,1.371920009,-1.461222822,-53.37061386,71.84682998,59.79333801,-56.07362823,-56.91026184,77.70678291,-6.390740206,1,1
172.751693,13,1571994945,AUT,FALSE,TRUE,TRUE,609.2191198,-287.388604,151.8477883,-179.8082157,-0.359713651,179.386268,-0.83352857,7.683874933,3.234961735,0.176688917,1.525408757,-0.663016947,-53.07905731,69.49721146,60.37932815,-64.25333748,-56.9353601,74.98500938,0.949774931,1,1
172.8522801,13,1571994945,AUT,FALSE,TRUE,TRUE,604.0222725,-227.205526,150.5424031,-179.9655526,-0.173273921,179.5138653,-7.994419679,3.756898661,2.11021469,0.176688917,1.525408757,-0.663016947,-51.72907104,67.17739334,60.80629806,-71.78149223,-57.12063354,72.28613891,8.768023681,1,1
172.9530091,13,1571994945,AUT,FALSE,TRUE,TRUE,604.0222725,-227.205526,150.5424031,-179.9655526,-0.173273921,179.5138653,-7.994419679,3.756898661,2.11021469,-0.096791056,1.916464678,0.150118925,-51.72907104,67.17739334,60.80629806,-71.78149223,-57.12063354,72.28613891,8.768023681,1,1
173.0535471,13,1571994945,AUT,FALSE,TRUE,TRUE,600.8439587,-182.8010093,151.6646011,179.9803788,-0.111306029,179.6416661,-7.335714675,2.257898351,0.99099927,-0.205828949,1.680802729,0.387815293,-49.87692031,65.62398148,61.08831024,-76.04085388,-57.13059265,70.88323631,14.16700744,1,1
173.1540382,13,1571994945,AUT,FALSE,TRUE,TRUE,600.0174671,-145.0122069,154.4522975,179.9715638,-0.073425647,179.7844938,-8.341626424,-1.005284934,2.647516464,-0.485264757,1.698110092,0.501176511,-47.67866936,64.48321953,61.34198799,-78.56468468,-57.05161743,70.19198684,18.52673606,1,1
173.254585,13,1571994945,AUT,FALSE,TRUE,TRUE,602.1869521,-117.6059843,157.5577389,179.9393851,-0.060052858,179.9580573,-7.283191547,-0.736792872,2.896807987,-0.126345373,1.705991577,0.487121615,-45.40469169,63.78654899,61.39052696,-79.47481613,-56.85865356,70.06238251,21.42774811,1,1
173.355118,13,1571994946,AUT,FALSE,TRUE,TRUE,602.1869521,-117.6059843,157.5577389,179.9393851,-0.060052858,179.9580573,-7.283191547,-0.736792872,2.896807987,-0.126345373,1.705991577,0.487121615,-45.40469169,63.78654899,61.39052696,-79.47481613,-56.85865356,70.06238251,21.42774811,1,1
173.455662,13,1571994946,AUT,FALSE,TRUE,TRUE,606.6845157,-98.87858219,158.9908121,179.9662854,-0.009502663,-179.9800765,-5.150800001,3.427605303,3.436675679,0.731398704,1.221050392,0.189533682,-43.44256439,63.60096244,61.24434356,-79.27250976,-56.65079223,70.10373573,23.04747276,1,1
173.556273,13,1571994946,AUT,FALSE,TRUE,TRUE,614.5284063,-86.58799577,159.5109256,179.8804595,0.295784075,179.997904,-11.95280227,-0.187006029,3.027817811,-0.085315579,1.601180366,0.263097749,-41.71275673,63.84970321,61.0657608,-78.23993568,-56.62099182,70.14522629,23.91905594,1,1
173.656863,13,1571994946,AUT,FALSE,TRUE,TRUE,629.9409643,-81.52202695,160.851368,179.8044279,0.474244778,-179.8975264,-14.40519473,-0.26000366,1.814581222,0.051268842,1.33087273,0.836936729,-39.64814071,64.74802093,60.74615135,-75.1325489,-56.62977539,71.0913105,23.44874153,1,1
173.7574251,13,1571994946,AUT,FALSE,TRUE,TRUE,629.9409643,-81.52202695,160.851368,179.8044279,0.474244778,-179.8975264,-14.40519473,-0.26000366,1.814581222,0.051268842,1.33087273,0.836936729,-39.64814071,64.74802093,60.74615135,-75.1325489,-56.62977539,71.0913105,23.44874153,1,1
173.858001,13,1571994946,AUT,FALSE,TRUE,TRUE,651.1035844,-81.31842575,161.3839338,179.8583704,0.40134206,-179.9028244,-9.174179703,2.859366465,2.267086956,0.450792403,0.963741946,0.786628656,-37.14448699,66.4397644,60.3842102,-69.99414368,-56.6275177,72.87876205,21.66172256,1,1
173.9586132,13,1571994946,AUT,FALSE,TRUE,TRUE,651.1035844,-81.31842575,161.3839338,179.8583704,0.40134206,-179.9028244,-9.174179703,2.859366465,2.267086956,0.450792403,0.963741946,0.786628656,-37.14448699,66.4397644,60.3842102,-69.99414368,-56.6275177,72.87876205,21.66172256,1,1
174.059165,13,1571994946,AUT,FALSE,TRUE,TRUE,689.2359975,-83.77301933,158.0694668,179.8246296,0.234982412,179.9779237,0.51216832,1.390077856,-0.120257561,-0.216621567,-0.259142045,0.749334475,-33.19770012,69.54274292,59.69508934,-59.74335365,-56.77556945,76.02980575,17.80519867,1,1
174.1597531,13,1571994946,AUT,FALSE,TRUE,TRUE,689.2359975,-83.77301933,158.0694668,179.8246296,0.234982412,179.9779237,0.51216832,1.390077856,-0.120257561,-0.216621567,-0.259142045,0.749334475,-33.19770012,69.54274292,59.69508934,-59.74335365,-56.77556945,76.02980575,17.80519867,1,1
174.2609241,13,1571994946,AUT,FALSE,TRUE,TRUE,710.4599001,-76.0688553,154.8016975,-179.9680856,-0.181950654,179.7747262,10.49266554,12.31098867,0.361478881,1.228203828,-0.510613246,0.083652786,-29.45156822,72.54570121,59.53709908,-52.96904983,-56.92385742,78.2404232,15.76438179,1,1
174.3615491,13,1571994947,AUT,FALSE,TRUE,TRUE,710.4599001,-76.0688553,154.8016975,-179.9680856,-0.181950654,179.7747262,10.49266554,12.31098867,0.361478881,1.228203828,-0.510613246,0.083652786,-26.43047904,73.18693199,59.60466156,-51.79450836,-57.08672973,78.44731293,17.30472336,1,1
174.4621952,13,1571994947,AUT,FALSE,TRUE,TRUE,716.1898587,-50.45285767,152.3941477,-179.9097542,-0.189167973,179.6632507,3.733389615,10.01030016,-1.343847485,0.441303182,-0.067385463,-0.062295629,-26.43047904,73.18693199,59.60466156,-51.79450836,-57.08672973,78.44731293,17.30472336,1,1
174.5627892,13,1571994947,AUT,FALSE,TRUE,TRUE,716.1898587,-50.45285767,152.3941477,-179.9097542,-0.189167973,179.6632507,3.733389615,10.01030016,-1.343847485,0.441303182,-0.067385463,-0.062295629,-23.39539604,73.02016639,59.75567894,-51.94396362,-57.12047424,78.55511627,21.37220535,1,1
174.6633341,13,1571994947,AUT,FALSE,TRUE,TRUE,717.8505805,-1.545803924,155.6943953,179.9878462,-0.090345918,179.7461177,-2.784185868,6.692118852,-1.243598998,0.582007345,0.853796177,0.328065898,-23.39539604,73.02016639,59.75567894,-51.94396362,-57.12047424,78.55511627,21.37220535,1,1
174.7638872,13,1571994947,AUT,FALSE,TRUE,TRUE,717.8505805,-1.545803924,155.6943953,179.9878462,-0.090345918,179.7461177,-2.784185868,6.692118852,-1.243598998,0.582007345,0.853796177,0.328065898,-19.3519741,72.56586799,59.75240707,-51.90696716,-56.9439569,78.96393814,25.37995262,1,1
174.8644712,13,1571994947,AUT,FALSE,TRUE,TRUE,716.0339236,46.84650889,160.7442123,179.8812971,-0.124066273,179.9038659,-1.666763726,4.672437705,0.289868442,0.689937522,0.688741998,0.784775685,-19.3519741,72.56586799,59.75240707,-51.90696716,-56.9439569,78.96393814,25.37995262,1,1
174.9649761,13,1571994947,AUT,FALSE,TRUE,TRUE,716.0339236,46.84650889,160.7442123,179.8812971,-0.124066273,179.9038659,-1.666763726,4.672437705,0.289868442,0.689937522,0.688741998,0.784775685,-16.50200729,72.26369934,59.69984093,-52.08693695,-56.73335998,79.44900513,27.61877059,1,1
175.065536,13,1571994947,AUT,FALSE,TRUE,TRUE,711.2826765,73.9945734,162.6031484,179.904115,-0.555066117,-179.9165507,13.47162071,-2.858071457,2.084446171,-0.472043338,0.001854443,0.73100761,-16.50200729,72.26369934,59.69984093,-52.08693695,-56.73335998,79.44900513,27.61877059,1,1
175.166111,13,1571994947,AUT,FALSE,TRUE,TRUE,692.9008332,95.16999317,157.0798747,179.7899525,-1.052083507,-179.7955246,13.47162071,-2.858071457,2.084446171,-0.472043338,0.001854443,0.73100761,-16.29509697,71.33936119,59.70431442,-56.36789016,-56.61382324,78.23017501,31.35079879,1,1
175.2666721,13,1571994947,AUT,FALSE,TRUE,TRUE,692.9008332,95.16999317,157.0798747,179.7899525,-1.052083507,-179.7955246,17.7772254,-0.718267666,-1.810293153,0.245327786,0.495826472,1.273165399,-16.29509697,71.33936119,59.70431442,-56.36789016,-56.61382324,78.23017501,31.35079879,1,1
175.367255,13,1571994948,AUT,FALSE,TRUE,TRUE,662.0816356,102.9966182,151.8580651,179.7184515,-0.698817559,-179.643898,17.7772254,-0.718267666,-1.810293153,0.245327786,0.495826472,1.273165399,-18.64192772,68.94951896,59.683358,-65.05145988,-56.71783081,74.81295318,36.00738144,1,1
175.4678321,13,1571994948,AUT,FALSE,TRUE,TRUE,662.0816356,102.9966182,151.8580651,179.7184515,-0.698817559,-179.643898,4.178972041,0.195586348,-0.929676466,0.25796101,1.111181087,1.299393898,-18.64192772,68.94951896,59.683358,-65.05145988,-56.71783081,74.81295318,36.00738144,1,1
175.5683751,13,1571994948,AUT,FALSE,TRUE,TRUE,633.9420783,96.00671705,156.1582299,179.9990717,-0.349012589,-179.8109776,4.178972041,0.195586348,-0.929676466,0.25796101,1.111181087,1.299393898,-22.21693725,65.92911301,60.09620704,-72.69608688,-56.33654479,72.18046417,38.32862434,1,1
175.6689641,13,1571994948,AUT,FALSE,TRUE,TRUE,633.9420783,96.00671705,156.1582299,179.9990717,-0.349012589,-179.8109776,-7.611173395,9.636347638,1.422066067,1.151116875,1.85347138,-0.095296141,-22.21693725,65.92911301,60.09620704,-72.69608688,-56.33654479,72.18046417,38.32862434,1,1
175.7695842,13,1571994948,AUT,FALSE,TRUE,TRUE,617.6739894,101.3314793,162.8319992,-179.7836819,0.061515469,179.7566832,-7.611173395,9.636347638,1.422066067,1.151116875,1.85347138,-0.095296141,-23.78903618,64.08638306,60.99687653,-76.71951027,-56.12171813,70.92803993,40.13069458,1,1
175.8702202,13,1571994948,AUT,FALSE,TRUE,TRUE,617.6739894,101.3314793,162.8319992,-179.7836819,0.061515469,179.7566832,-18.14486004,18.32463876,3.517159042,2.355528574,2.919514545,-1.065850453,-23.78903618,64.08638306,60.99687653,-76.71951027,-56.12171813,70.92803993,40.13069458,1,1
175.9708352,13,1571994948,AUT,FALSE,TRUE,TRUE,616.5694245,133.8953833,165.3644375,-179.7859117,0.109418977,179.4892804,-18.14486004,18.32463876,3.517159042,2.355528574,2.919514545,-1.065850453,-20.7842514,64.38510818,61.35909233,-75.70655021,-56.11352783,71.39385338,42.56355514,1,1
176.0718131,13,1571994948,AUT,FALSE,TRUE,TRUE,616.5694245,133.8953833,165.3644375,-179.7859117,0.109418977,179.4892804,-10.48198182,17.4602784,4.415016497,1.725095209,1.731789263,-0.776656692,-20.7842514,64.38510818,61.35909233,-75.70655021,-56.11352783,71.39385338,42.56355514,1,1
176.172385,13,1571994948,AUT,FALSE,TRUE,TRUE,616.0908896,186.0646923,161.5399342,-179.9060144,-0.145536083,179.5220107,-10.48198182,17.4602784,4.415016497,1.725095209,1.731789263,-0.776656692,-15.00092811,65.79850273,61.09263268,-72.60176239,-56.35581481,72.37871246,46.10040436,1,1
176.2729111,13,1571994948,AUT,FALSE,TRUE,TRUE,616.0908896,186.0646923,161.5399342,-179.9060144,-0.145536083,179.5220107,0.304335893,3.442667099,1.879098531,-0.253468469,0.808895199,0.051470718,-15.00092811,65.79850273,61.09263268,-72.60176239,-56.35581481,72.37871246,46.10040436,1,1
176.3734891,13,1571994949,AUT,FALSE,TRUE,TRUE,607.6461428,236.1707329,158.5969464,179.8560383,-0.396596724,179.8921682,0.304335893,3.442667099,1.879098531,-0.253468469,0.808895199,0.051470718,-9.312348175,66.81713791,60.74967384,-70.30069656,-56.52593811,73.24191513,49.99160041,1,1
176.47401,13,1571994949,AUT,FALSE,TRUE,TRUE,607.6461428,236.1707329,158.5969464,179.8560383,-0.396596724,179.8921682,8.62299453,-2.485682249,-0.767623489,-1.149858194,0.087837304,1.191664573,-9.312348175,66.81713791,60.74967384,-70.30069656,-56.52593811,73.24191513,49.99160041,1,1
176.5745361,13,1571994949,AUT,FALSE,TRUE,TRUE,583.7415074,273.4856792,156.4123244,179.7361632,-0.733694123,-179.8097269,8.62299453,-2.485682249,-0.767623489,-1.149858194,0.087837304,1.191664573,-5.746083069,66.54085235,60.63131676,-71.52647552,-56.42579223,73.05051269,54.57765426,1,1
176.675092,13,1571994949,AUT,FALSE,TRUE,TRUE,583.7415074,273.4856792,156.4123244,179.7361632,-0.733694123,-179.8097269,11.08125596,-5.600205276,-0.932103332,-1.048987211,0.695214923,1.649777255,-5.746083069,66.54085235,60.63131676,-71.52647552,-56.42579223,73.05051269,54.57765426,1,1
176.7756262,13,1571994949,AUT,FALSE,TRUE,TRUE,554.126516,281.5804318,153.3282734,179.7417946,-0.663280983,-179.6172002,11.08125596,-5.600205276,-0.932103332,-1.048987211,0.695214923,1.649777255,-5.930275725,64.84870033,60.62908173,-76.98376579,-56.4329663,70.99380684,58.55663795,1,1
176.8762062,13,1571994949,AUT,FALSE,TRUE,TRUE,554.126516,281.5804318,153.3282734,179.7417946,-0.663280983,-179.6172002,6.115531076,-2.78371848,-1.521862349,-0.309928336,1.102070717,1.354423121,-5.930275725,64.84870033,60.62908173,-76.98376579,-56.4329663,70.99380684,58.55663795,1,1
176.9767401,13,1571994949,AUT,FALSE,TRUE,TRUE,521.6168282,275.6813476,150.4081966,179.9318384,-0.573074227,-179.6880508,6.115531076,-2.78371848,-1.521862349,-0.309928336,1.102070717,1.354423121,-7.908861919,62.37881241,60.76843299,-83.94377289,-56.34806396,68.11695785,61.92880898,1,1
177.0772321,13,1571994949,AUT,FALSE,TRUE,TRUE,521.6168282,275.6813476,150.4081966,179.9318384,-0.573074227,-179.6880508,1.23623603,5.853148464,0.4288181,-0.098398053,1.451609931,0.303756041,-7.908861919,62.37881241,60.76843299,-83.94377289,-56.34806396,68.11695785,61.92880898,1,1
177.177768,13,1571994949,AUT,FALSE,TRUE,TRUE,521.6168282,275.6813476,150.4081966,179.9318384,-0.573074227,-179.6880508,1.23623603,5.853148464,0.4288181,-0.098398053,1.451609931,0.303756041,-7.908861919,62.37881241,60.76843299,-83.94377289,-56.34806396,68.11695785,61.92880898,1,1
177.278342,13,1571994949,AUT,FALSE,TRUE,TRUE,486.9754562,267.0587723,144.9645819,-179.974435,-0.45803392,-179.7822227,-4.167489596,9.224573468,2.382548723,0.888884165,2.515785076,-0.064322421,-10.00173683,59.85613518,60.84369964,-91.33891411,-56.51977478,64.6387516,65.47244224,1,1
184.890192,14,1571994957,AUT,FALSE,TRUE,TRUE,471.9931452,-399.9736368,169.981141,-179.9942413,-0.007798626,-179.9991433,-5.383184922,0.137541376,-3.492444036,-0.061676228,0.901610807,0.215920322,-73.89801521,62.70081825,61.04118233,-78.1798645,-55.36859436,70.90964126,-8.903217319,1,1
184.9909911,14,1571994957,AUT,FALSE,TRUE,TRUE,473.5810868,-400.5105578,171.0316629,179.9614917,0.132111028,-179.9184189,-3.630667467,-0.7148181,-0.142259017,0.175807062,0.511547511,0.372296901,-73.78767814,62.70148086,61.06738472,-77.96477966,-55.36898437,70.92052459,-8.904140856,1,1
185.0917521,14,1571994957,AUT,FALSE,TRUE,TRUE,473.5810868,-400.5105578,171.0316629,179.9614917,0.132111028,-179.9184189,-3.630667467,-0.7148181,-0.142259017,0.175807062,0.511547511,0.372296901,-73.78767814,62.70148086,61.06738472,-77.96477966,-55.36898437,70.92052459,-8.904140856,1,1
185.1924791,14,1571994957,AUT,FALSE,TRUE,TRUE,481.0956973,-400.0321547,173.2515802,179.9744165,0.329182979,-179.9245679,-12.34489142,-1.598819573,2.95609883,0.264578562,1.434001419,0.574588806,-73.01063576,62.97260627,61.1913208,-76.86758537,-55.36905029,71.34891243,-8.903821569,1,1
185.2930062,14,1571994957,AUT,FALSE,TRUE,TRUE,481.0956973,-400.0321547,173.2515802,179.9744165,0.329182979,-179.9245679,-12.34489142,-1.598819573,2.95609883,0.264578562,1.434001419,0.574588806,-70.5894001,64.17872314,60.9791851,-73.86602439,-55.69679992,72.18167266,-8.750246431,1,1
185.3934991,14,1571994958,AUT,FALSE,TRUE,TRUE,499.2855985,-399.2960715,171.8344283,179.8842295,0.43314495,-179.8179356,-14.43688675,-1.976833044,4.852858404,0.303758682,2.149591569,0.562401861,-70.5894001,64.17872314,60.9791851,-73.86602439,-55.69679992,72.18167266,-8.750246431,1,1
185.4940572,14,1571994958,AUT,FALSE,TRUE,TRUE,526.5900331,-399.6849345,166.1671422,179.9082476,0.488852841,-179.8600737,-10.271144,-3.016226207,3.698407239,-0.400392272,0.942403296,0.653328211,-66.9405693,66.44000816,60.50514564,-68.83610573,-56.20780151,73.45780334,-9.146145631,1,1
185.5945952,14,1571994958,AUT,FALSE,TRUE,TRUE,526.5900331,-399.6849345,166.1671422,179.9082476,0.488852841,-179.8600737,-10.271144,-3.016226207,3.698407239,-0.400392272,0.942403296,0.653328211,-66.9405693,66.44000816,60.50514564,-68.83610573,-56.20780151,73.45780334,-9.146145631,1,1
185.6950872,14,1571994958,AUT,FALSE,TRUE,TRUE,554.4450309,-401.464332,161.7767745,179.9364694,0.387279067,-179.9022125,-0.575263246,-2.517668994,-1.571367422,-0.127113256,-0.19927479,0.346509645,-62.87148399,68.98041458,60.17753334,-62.52693557,-56.74049011,75.32227592,-10.16240845,1,1
185.7956252,14,1571994958,AUT,FALSE,TRUE,TRUE,576.3684969,-405.461248,161.2861093,-179.9207613,0.040199412,-179.9797463,9.794685623,3.42139217,-1.052681198,0.609007104,-0.591167364,-0.46378067,-59.35941925,71.04805183,59.89984703,-56.29297714,-56.9351239,77.56457863,-11.91141816,1,1
185.8961792,14,1571994958,AUT,FALSE,TRUE,TRUE,576.3684969,-405.461248,161.2861093,-179.9207613,0.040199412,-179.9797463,9.794685623,3.42139217,-1.052681198,0.609007104,-0.591167364,-0.46378067,-59.35941925,71.04805183,59.89984703,-56.29297714,-56.9351239,77.56457863,-11.91141816,1,1
185.9966741,14,1571994958,AUT,FALSE,TRUE,TRUE,586.1317976,-408.6871257,163.4690568,-179.8209828,-0.168564823,179.9820168,13.91085221,6.955040313,-1.049642408,0.915827592,-1.171577042,-0.912917766,-57.59847221,71.95433464,59.79735832,-52.85115966,-56.93432189,78.96411666,-13.11534806,1,1
186.097213,14,1571994958,AUT,FALSE,TRUE,TRUE,591.7105874,-405.4176971,165.6067864,-179.7148179,-0.231420083,179.8187056,7.65875193,10.17066976,-0.902443954,1.502357598,-0.382150495,-1.338635345,-56.64663734,72.21528053,59.90839233,-51.66205787,-56.8673767,79.60725288,-13.26712074,1,1
186.1977561,14,1571994958,AUT,FALSE,TRUE,TRUE,591.7105874,-405.4176971,165.6067864,-179.7148179,-0.231420083,179.8187056,7.65875193,10.17066976,-0.902443954,1.502357598,-0.382150495,-1.338635345,-56.64663734,72.21528053,59.90839233,-51.66205787,-56.8673767,79.60725288,-13.26712074,1,1
186.298279,14,1571994958,AUT,FALSE,TRUE,TRUE,597.1791691,-388.03914,164.2052811,-179.6710738,-0.25323782,179.6902427,0.090410288,9.185833296,0.46068546,1.001858295,1.05354607,-1.407410347,-56.01028518,71.91976204,60.07471504,-53.15909614,-56.85475341,79.14304619,-11.31166077,1,1
186.3988221,14,1571994959,AUT,FALSE,TRUE,TRUE,597.1791691,-388.03914,164.2052811,-179.6710738,-0.25323782,179.6902427,0.090410288,9.185833296,0.46068546,1.001858295,1.05354607,-1.407410347,-56.01028518,71.91976204,60.07471504,-53.15909614,-56.85475341,79.14304619,-11.31166077,1,1
186.4993601,14,1571994959,AUT,FALSE,TRUE,TRUE,604.3898413,-345.4249042,157.4230987,-179.6292191,-0.402320585,179.5232699,4.893394198,9.197162146,0.784224297,0.751760567,0.694742742,-1.587408656,-55.0286911,71.01366462,60.17319717,-57.8692646,-56.90205505,77.42146797,-6.206344988,1,1
186.5998521,14,1571994959,AUT,FALSE,TRUE,TRUE,606.029543,-308.2015396,151.1114557,-179.6966773,-0.359843831,179.4873041,3.952216194,6.216901057,0.120900809,0.104020548,0.739933878,-1.251613749,-53.99939575,70.01539879,60.18752746,-62.58116341,-57.00570007,75.44854316,-1.458421331,1,1
186.701175,14,1571994959,AUT,FALSE,TRUE,TRUE,604.8088065,-266.0762004,147.0082861,-179.7919131,-0.258991189,179.5237757,-1.19022753,4.40273922,-0.838807924,0.06529293,0.965450642,-0.743496057,-53.05839271,68.69815864,60.37077255,-67.84345321,-57.25122253,73.38062782,3.979824825,1,1
186.801789,14,1571994959,AUT,FALSE,TRUE,TRUE,604.8088065,-266.0762004,147.0082861,-179.7919131,-0.258991189,179.5237757,-1.19022753,4.40273922,-0.838807924,0.06529293,0.965450642,-0.743496057,-53.05839271,68.69815864,60.37077255,-67.84345321,-57.25122253,73.38062782,3.979824825,1,1
186.902452,14,1571994959,AUT,FALSE,TRUE,TRUE,602.7392431,-225.2496597,147.1159144,-179.8825399,-0.149631051,179.5899879,-6.181296312,3.223186902,-1.068914375,-0.062797382,1.49269449,-0.283603014,-51.7888195,67.30100326,60.74063072,-72.32342376,-57.43770446,71.87809296,9.147244263,1,1
187.0030122,14,1571994959,AUT,FALSE,TRUE,TRUE,601.9277517,-176.3059928,151.563186,-179.9697122,-0.067698427,179.7487856,-6.181296312,3.223186902,-1.068914375,-0.062797382,1.49269449,-0.283603014,-49.47714844,65.66378631,61.25044784,-76.24722175,-57.43079406,70.85764503,14.98964653,1,1
187.103549,14,1571994959,AUT,FALSE,TRUE,TRUE,601.9277517,-176.3059928,151.563186,-179.9697122,-0.067698427,179.7487856,-7.082546239,1.532795981,0.699777688,-0.078729197,1.362166392,-0.123000647,-49.47714844,65.66378631,61.25044784,-76.24722175,-57.43079406,70.85764503,14.98964653,1,1
187.2040651,14,1571994959,AUT,FALSE,TRUE,TRUE,603.5437651,-130.2196109,155.6044556,-179.9072812,-0.18607014,179.8815724,-1.680957238,0.756177696,2.269465085,0.064500044,1.15102574,-0.361864096,-46.19159088,64.48273544,61.53204803,-78.49011841,-57.18257995,70.52099991,19.86416015,1,1
187.304646,14,1571994959,AUT,FALSE,TRUE,TRUE,603.5437651,-130.2196109,155.6044556,-179.9072812,-0.18607014,179.8815724,-1.680957238,0.756177696,2.269465085,0.064500044,1.15102574,-0.361864096,-46.19159088,64.48273544,61.53204803,-78.49011841,-57.18257995,70.52099991,19.86416015,1,1
187.405184,14,1571994960,AUT,FALSE,TRUE,TRUE,606.0049287,-99.75952455,154.1738385,-179.9728461,-0.138734196,179.9203377,-6.105040766,2.141939501,1.782465086,-0.705127501,1.180087393,-0.137128984,-43.66656532,64.20445175,61.3977745,-79.31085205,-57.1430017,70.033358,23.07824134,1,1
187.5056932,14,1571994960,AUT,FALSE,TRUE,TRUE,606.0049287,-99.75952455,154.1738385,-179.9728461,-0.138734196,179.9203377,-6.105040766,2.141939501,1.782465086,-0.705127501,1.180087393,-0.137128984,-43.66656532,64.20445175,61.3977745,-79.31085205,-57.1430017,70.033358,23.07824134,1,1
187.606225,14,1571994960,AUT,FALSE,TRUE,TRUE,617.3901742,-81.64906052,152.262644,179.8137276,0.372988782,-179.9073448,-14.26021524,-3.072536445,2.234895413,-0.588854178,1.825896924,0.701553214,-40.95949974,64.56723404,60.76963806,-78.01625404,-57.22932128,69.73563538,24.59023819,1,1
187.7067521,14,1571994960,AUT,FALSE,TRUE,TRUE,636.722989,-82.08238457,153.5230443,179.8626523,0.496926486,-179.8246042,-15.48950622,0.221734057,3.034896673,0.036209303,1.463885567,0.82509315,-38.75965233,65.83024978,60.26074791,-73.61700554,-57.09472229,71.04075623,23.02549667,1,1
187.8072522,14,1571994960,AUT,FALSE,TRUE,TRUE,636.722989,-82.08238457,153.5230443,179.8626523,0.496926486,-179.8246042,-15.48950622,0.221734057,3.034896673,0.036209303,1.463885567,0.82509315,-38.75965233,65.83024978,60.26074791,-73.61700554,-57.09472229,71.04075623,23.02549667,1,1
187.9077852,14,1571994960,AUT,FALSE,TRUE,TRUE,661.3891417,-85.88596083,154.4054612,179.8762085,0.354244117,-179.928601,-4.730991928,1.18602933,1.045824077,0.156211412,0.187224104,0.466846878,-36.25660973,67.8720005,60.04298172,-67.50201874,-57.0521228,73.22351646,20.50782509,1,1
188.008348,14,1571994960,AUT,FALSE,TRUE,TRUE,661.3891417,-85.88596083,154.4054612,179.8762085,0.354244117,-179.928601,-4.730991928,1.18602933,1.045824077,0.156211412,0.187224104,0.466846878,-33.20570984,70.40303764,59.82176513,-60.36236801,-57.22224609,75.62124824,17.77337608,1,1
188.108912,14,1571994960,AUT,FALSE,TRUE,TRUE,686.3462972,-87.36954041,151.8333666,179.9825518,0.072453621,179.9598109,4.198334696,2.437573831,0.731952351,-0.474219865,-0.521586353,0.264702673,-33.20570984,70.40303764,59.82176513,-60.36236801,-57.22224609,75.62124824,17.77337608,1,1
188.2094431,14,1571994960,AUT,FALSE,TRUE,TRUE,704.2676237,-77.03568243,147.4925284,-179.9122046,-0.076033906,179.7698357,4.198334696,2.437573831,0.731952351,-0.474219865,-0.521586353,0.264702673,-29.99994392,72.52481346,59.65170707,-55.1476902,-57.40207031,77.07027283,16.54915237,1,1
188.3100421,14,1571994960,AUT,FALSE,TRUE,TRUE,704.2676237,-77.03568243,147.4925284,-179.9122046,-0.076033906,179.7698357,4.285971729,12.97004378,1.159855533,1.232406943,0.000790145,-0.087467416,-29.99994392,72.52481346,59.65170707,-55.1476902,-57.40207031,77.07027283,16.54915237,1,1
188.4109311,14,1571994961,AUT,FALSE,TRUE,TRUE,710.9885925,-47.96123751,144.2387165,-179.8757604,-0.125054947,179.629471,5.745124481,8.286406797,-2.39406312,0.241243986,-0.678733283,-0.343795512,-27.1697113,73.31188774,59.70033874,-53.73212929,-57.56637634,77.30182686,18.31595993,1,1
188.5118232,14,1571994961,AUT,FALSE,TRUE,TRUE,710.9885925,-47.96123751,144.2387165,-179.8757604,-0.125054947,179.629471,5.745124481,8.286406797,-2.39406312,0.241243986,-0.678733283,-0.343795512,-27.1697113,73.31188774,59.70033874,-53.73212929,-57.56637634,77.30182686,18.31595993,1,1
188.612406,14,1571994961,AUT,FALSE,TRUE,TRUE,713.0566491,3.428692355,146.9138402,-179.9445345,0.000847958,179.6865501,-1.385299488,6.544751699,-1.432108179,-0.050080955,0.043239233,0.033904134,-23.81235809,73.25210494,59.79087982,-53.70538444,-57.62516418,77.31973801,21.77652626,1,1
188.712913,14,1571994961,AUT,FALSE,TRUE,TRUE,713.0566491,3.428692355,146.9138402,-179.9445345,0.000847958,179.6865501,-1.385299488,6.544751699,-1.432108179,-0.050080955,0.043239233,0.033904134,-23.81235809,73.25210494,59.79087982,-53.70538444,-57.62516418,77.31973801,21.77652626,1,1
188.8135121,14,1571994961,AUT,FALSE,TRUE,TRUE,711.9084635,47.47228136,153.9503419,179.941029,0.021898041,179.8510272,-1.111677402,2.880044364,-0.473830677,0.275317061,-0.194449412,0.419088752,-19.36910248,72.65665626,59.92628288,-53.54644318,-57.46332458,77.93362999,26.12181129,1,1
188.9140871,14,1571994961,AUT,FALSE,TRUE,TRUE,711.9084635,47.47228136,153.9503419,179.941029,0.021898041,179.8510272,-1.111677402,2.880044364,-0.473830677,0.275317061,-0.194449412,0.419088752,-19.36910248,72.65665626,59.92628288,-53.54644318,-57.46332458,77.93362999,26.12181129,1,1
189.014601,14,1571994961,AUT,FALSE,TRUE,TRUE,707.6180536,84.64345112,163.4726859,179.8111747,-0.381149746,-179.8467138,10.80643451,-6.015918194,-1.570526992,-0.787652519,-0.905882028,0.869047093,-16.06844902,71.96938591,59.9169033,-53.1312561,-56.97927246,79.1002922,29.08464546,1,1
189.1151452,14,1571994961,AUT,FALSE,TRUE,TRUE,696.9570144,97.85141754,168.4911132,179.8705586,-0.88704697,-179.7159731,17.60609966,-2.619826956,-1.306107858,0.423415615,-0.247402838,0.692345409,-15.60352477,70.93141822,59.94575958,-54.96848945,-56.37914428,79.36473656,30.88573379,1,1
189.2156701,14,1571994961,AUT,FALSE,TRUE,TRUE,696.9570144,97.85141754,168.4911132,179.8705586,-0.88704697,-179.7159731,17.60609966,-2.619826956,-1.306107858,0.423415615,-0.247402838,0.692345409,-15.60352477,70.93141822,59.94575958,-54.96848945,-56.37914428,79.36473656,30.88573379,1,1
189.3161871,14,1571994961,AUT,FALSE,TRUE,TRUE,675.5810577,107.7818047,169.652182,179.8202517,-0.76429693,-179.6958829,8.107520234,-2.89048551,-1.709401249,0.140787488,0.581621815,0.950671038,-16.96470337,68.96924629,60.15372391,-60.65954475,-56.02354431,77.57577781,34.10752601,1,1
189.416765,14,1571994962,AUT,FALSE,TRUE,TRUE,675.5810577,107.7818047,169.652182,179.8202517,-0.76429693,-179.6958829,8.107520234,-2.89048551,-1.709401249,0.140787488,0.581621815,0.950671038,-16.96470337,68.96924629,60.15372391,-60.65954475,-56.02354431,77.57577781,34.10752601,1,1
189.5173461,14,1571994962,AUT,FALSE,TRUE,TRUE,643.617596,109.4747166,167.3632863,179.8038383,-0.582134428,-179.6757663,-0.588443428,0.468690915,1.791001164,0.442281926,1.308462386,0.875989059,-19.94957886,66.08987388,60.33806763,-69.34381484,-55.71664672,74.36437798,38.14674224,1,1
189.6178482,14,1571994962,AUT,FALSE,TRUE,TRUE,643.617596,109.4747166,167.3632863,179.8038383,-0.582134428,-179.6757663,-0.588443428,0.468690915,1.791001164,0.442281926,1.308462386,0.875989059,-19.94957886,66.08987388,60.33806763,-69.34381484,-55.71664672,74.36437798,38.14674224,1,1
189.7183762,14,1571994962,AUT,FALSE,TRUE,TRUE,623.1338359,106.2109449,164.5889226,179.9479129,-0.185452453,-179.9028039,-11.76055926,9.274099709,2.124796328,1.62730206,2.334957522,0.106692438,-22.2596672,64.35726471,60.46838951,-74.78405228,-55.68372619,71.87581672,40.02220802,1,1
189.818923,14,1571994962,AUT,FALSE,TRUE,TRUE,623.1338359,106.2109449,164.5889226,179.9479129,-0.185452453,-179.9028039,-11.76055926,9.274099709,2.124796328,1.62730206,2.334957522,0.106692438,-22.87536849,63.57082557,61.06343307,-77.19422951,-55.68833496,70.96428794,41.30742302,1,1
189.9194582,14,1571994962,AUT,FALSE,TRUE,TRUE,612.9350239,113.5245499,166.1696429,-179.7597302,-0.045154821,179.6387439,-14.38265552,18.88716232,4.982892026,1.86847525,2.772396446,-1.061327883,-22.87536849,63.57082557,61.06343307,-77.19422951,-55.68833496,70.96428794,41.30742302,1,1
190.0200331,14,1571994962,AUT,FALSE,TRUE,TRUE,608.9212216,147.7276906,163.730155,-179.8867048,0.015196288,179.537993,-10.73593471,15.97001824,5.19958588,1.274754155,2.148472579,-0.595255547,-19.84154892,64.1001091,61.28546333,-76.68794518,-56.03132263,70.99949226,44.31008949,1,1
190.1212752,14,1571994962,AUT,FALSE,TRUE,TRUE,608.9212216,147.7276906,163.730155,-179.8867048,0.015196288,179.537993,-10.73593471,15.97001824,5.19958588,1.274754155,2.148472579,-0.595255547,-19.84154892,64.1001091,61.28546333,-76.68794518,-56.03132263,70.99949226,44.31008949,1,1
190.2219832,14,1571994962,AUT,FALSE,TRUE,TRUE,610.8638082,182.8263288,157.2247294,-179.9474377,-0.048830906,179.6613023,-3.674199853,12.40059633,2.181207677,1.033080486,1.541856277,-0.272235974,-16.54526596,65.07585983,60.83942871,-74.85071182,-56.37194824,71.31407203,46.65021514,1,1
190.322649,14,1571994962,AUT,FALSE,TRUE,TRUE,610.4650964,221.2301477,149.9203374,-179.9969634,-0.290783945,179.7332306,-3.674199853,12.40059633,2.181207677,1.033080486,1.541856277,-0.272235974,-10.84488945,67.05995636,60.1906723,-71.18601264,-56.72626831,72.05016289,48.92042999,1,1
190.423254,14,1571994963,AUT,FALSE,TRUE,TRUE,610.4650964,221.2301477,149.9203374,-179.9969634,-0.290783945,179.7332306,4.623822226,4.998036886,1.09765062,-0.395925645,0.560089522,0.249571897,-10.84488945,67.05995636,60.1906723,-71.18601264,-56.72626831,72.05016289,48.92042999,1,1
190.523798,14,1571994963,AUT,FALSE,TRUE,TRUE,601.5534948,254.3088332,148.9111039,179.7284008,-0.456174993,-179.9637113,11.87044957,-6.900834449,-6.543656501,-1.43033175,-0.657612513,1.682283426,-7.141556163,67.69510689,60.25794639,-69.96991882,-57.03455566,72.76946525,51.89942779,1,1
190.624383,14,1571994963,AUT,FALSE,TRUE,TRUE,601.5534948,254.3088332,148.9111039,179.7284008,-0.456174993,-179.9637113,11.87044957,-6.900834449,-6.543656501,-1.43033175,-0.657612513,1.682283426,-7.141556163,67.69510689,60.25794639,-69.96991882,-57.03455566,72.76946525,51.89942779,1,1
190.7249141,14,1571994963,AUT,FALSE,TRUE,TRUE,584.3184163,274.0777473,154.9454337,179.7283437,-0.693413481,-179.7414917,13.31542235,-2.809119849,-2.420908992,-0.212376051,-0.401764814,1.834745045,-5.649018856,66.85039558,60.76001129,-71.42468376,-56.80175537,73.1032505,54.69036026,1,1
190.8254211,14,1571994963,AUT,FALSE,TRUE,TRUE,554.7019057,284.5210246,160.7532162,179.6777683,-0.676831636,-179.5836195,13.31542235,-2.809119849,-2.420908992,-0.212376051,-0.401764814,1.834745045,-5.784724044,64.69641953,61.30936203,-76.26970253,-56.4017102,71.98174896,58.61438484,1,1
190.9259551,14,1571994963,AUT,FALSE,TRUE,TRUE,554.7019057,284.5210246,160.7532162,179.6777683,-0.676831636,-179.5836195,6.102251031,-4.607955048,0.714923282,-0.254346881,0.808065861,1.860637461,-5.784724044,64.69641953,61.30936203,-76.26970253,-56.4017102,71.98174896,58.61438484,1,1
191.026526,14,1571994963,AUT,FALSE,TRUE,TRUE,523.8509237,281.0981954,160.3149339,179.8115556,-0.568687754,-179.5687156,1.267906396,0.580079308,2.20066842,0.331089781,1.256199185,1.097562881,-7.331681437,62.00394859,61.32371635,-82.87730598,-55.87383911,69.37781067,61.84522361,1,1
191.1270092,14,1571994963,AUT,FALSE,TRUE,TRUE,501.8977304,274.3094136,156.8263398,179.9443466,-0.507482306,-179.6381221,-0.128866564,7.70649306,3.929612073,1.40764792,1.409888934,0.413482223,-8.874821087,60.25328407,61.32439613,-87.83803825,-55.77584655,67.10229492,63.88798027,1,1
191.22755,14,1571994963,AUT,FALSE,TRUE,TRUE,501.8977304,274.3094136,156.8263398,179.9443466,-0.507482306,-179.6381221,-0.128866564,7.70649306,3.929612073,1.40764792,1.409888934,0.413482223,-8.874821087,60.25328407,61.32439613,-87.83803825,-55.77584655,67.10229492,63.88798027,1,1
191.3281071,14,1571994963,AUT,FALSE,TRUE,TRUE,482.7245765,268.0938658,152.0616607,179.9650198,-0.438542024,-179.7326876,-4.321513035,9.013095041,3.679441279,0.936727156,2.281680542,0.062284291,-10.13945389,58.94191131,61.30411263,-92.00397148,-55.96091674,65.01854896,65.81975097,1,1
198.8911002,15,1571994971,AUT,FALSE,FALSE,TRUE,471.9350001,-400.034434,169.9799816,-179.9965506,-0.006330601,179.9997177,-3.258202655,-0.957036932,-1.862495535,-0.149615448,0.836848946,0.171128706,-74.07845192,62.98866348,61.52822685,-78.18185234,-55.83606811,71.17905006,-8.713078313,0.5,1
198.9917612,15,1571994971,AUT,FALSE,TRUE,TRUE,472.2677326,-400.3497927,170.2945537,179.9726421,0.02375256,-179.9724187,-3.384737259,-0.239789567,-0.790204506,0.168710808,0.656826265,0.296062884,-74.06335258,62.98854675,61.52956238,-78.1117527,-55.83636474,71.19455108,-8.714489369,1,1
199.092376,15,1571994971,AUT,FALSE,TRUE,TRUE,476.948482,-400.2065684,171.6914168,-179.9844788,0.308447168,-179.8556999,-13.07613069,-0.32428219,1.794115913,0.275975104,1.391079509,0.571123996,-73.61787071,63.05973129,61.531921,-77.55883827,-55.83606811,71.19368247,-8.712607956,1,1
199.192903,15,1571994971,AUT,FALSE,TRUE,TRUE,490.1905384,-396.9622914,171.4673358,179.9344354,0.492841712,179.9406457,-16.52844157,-3.653428012,5.640753932,-0.234352803,1.946911404,0.429142172,-71.99961204,63.79354934,61.52489662,-75.75010414,-55.83795227,71.71673469,-8.418253331,1,1
199.2934482,15,1571994971,AUT,FALSE,TRUE,TRUE,490.1905384,-396.9622914,171.4673358,179.9344354,0.492841712,179.9406457,-16.52844157,-3.653428012,5.640753932,-0.234352803,1.946911404,0.429142172,-71.99961204,63.79354934,61.52489662,-75.75010414,-55.83795227,71.71673469,-8.418253331,1,1
199.3939252,15,1571994972,AUT,FALSE,TRUE,TRUE,511.0080861,-394.785779,168.7288339,179.9097394,0.524157203,-179.806428,-14.16960657,-3.78983007,4.125050566,-0.187128873,1.716289675,0.426665919,-69.21025543,65.26766739,61.3762104,-72.48541031,-56.55067932,72.65674209,-8.047348025,1,1
199.4944761,15,1571994972,AUT,FALSE,TRUE,TRUE,541.2207237,-394.0068324,162.6731809,179.9037913,0.474814984,-179.8482759,-7.59974353,-1.318724208,2.033090183,0.074816264,0.866208719,0.560428453,-65.88670921,67.25074768,61.00613594,-67.92558975,-56.9699945,74.23380546,-8.544911962,1,1
199.595041,15,1571994972,AUT,FALSE,TRUE,TRUE,541.2207237,-394.0068324,162.6731809,179.9037913,0.474814984,-179.8482759,-7.59974353,-1.318724208,2.033090183,0.074816264,0.866208719,0.560428453,-65.88670921,67.25074768,61.00613594,-67.92558975,-56.9699945,74.23380546,-8.544911962,1,1
199.6955221,15,1571994972,AUT,FALSE,TRUE,TRUE,566.5187706,-394.384368,158.1185722,179.9476506,0.412400413,-179.906221,0.260959582,-1.420155609,-0.230367809,-0.309915435,-0.442161178,0.353743089,-61.23836288,70.01683388,60.48793831,-60.98992767,-57.42106018,75.75094184,-9.532260138,1,1
199.7961042,15,1571994972,AUT,FALSE,TRUE,TRUE,586.061525,-395.7375429,156.1498928,-179.9510899,0.086294076,-179.9694109,7.085499104,2.714956401,-1.133152104,0.377644042,-0.434115785,-0.174836325,-58.05616608,71.83799629,60.20324134,-55.66235161,-57.60739929,77.51936302,-10.86197662,1,1
199.896667,15,1571994972,AUT,FALSE,TRUE,TRUE,586.061525,-395.7375429,156.1498928,-179.9510899,0.086294076,-179.9694109,7.085499104,2.714956401,-1.133152104,0.377644042,-0.434115785,-0.174836325,-58.05616608,71.83799629,60.20324134,-55.66235161,-57.60739929,77.51936302,-10.86197662,1,1
199.997154,15,1571994972,AUT,FALSE,TRUE,TRUE,599.9319252,-397.8941048,155.5851982,-179.8073169,-0.231327135,179.939639,15.9707844,6.786114783,-1.313413053,0.875207252,-1.667443172,-0.903123045,-55.54769554,73.23673096,59.94644623,-51.1678276,-57.6338269,79.12962913,-12.32265702,1,1
200.097687,15,1571994972,AUT,FALSE,TRUE,TRUE,605.0930508,-391.4672795,155.9532463,-179.6007245,-0.385767392,179.7085424,13.49067213,10.35551775,-2.53923609,1.083462005,-0.857826251,-1.900813867,-54.75541649,73.53696327,60.02602157,-50.45712547,-57.61062927,79.60606155,-12.15685616,1,1
200.1982241,15,1571994972,AUT,FALSE,TRUE,TRUE,605.0930508,-391.4672795,155.9532463,-179.6007245,-0.385767392,179.7085424,13.49067213,10.35551775,-2.53923609,1.083462005,-0.857826251,-1.900813867,-54.75541649,73.53696327,60.02602157,-50.45712547,-57.61062927,79.60606155,-12.15685616,1,1
200.2987161,15,1571994972,AUT,FALSE,TRUE,TRUE,606.0671053,-375.8363078,157.0449296,-179.5175635,-0.537347992,179.5840152,9.984809442,11.34844667,-2.542768402,0.996389853,0.244403715,-2.217238689,-54.56921883,72.87713127,60.40999718,-52.59422721,-57.61055786,79.28607787,-10.27053795,1,1
200.399276,15,1571994973,AUT,FALSE,TRUE,TRUE,606.0845456,-349.6182251,159.1027324,-179.5805646,-0.464755513,179.5187188,2.275756681,10.68672798,-0.951100557,1.04826037,0.984271331,-1.777198851,-54.67196159,71.5758007,60.85449027,-56.70041198,-57.55317077,78.23056297,-6.747672275,1,1
200.4998372,15,1571994973,AUT,FALSE,TRUE,TRUE,604.8859884,-312.3940201,160.8225035,-179.7235635,-0.381040858,179.4642385,0.78025317,9.166448375,-0.123534964,0.798132933,0.822321452,-1.203618775,-54.54944343,69.88107376,61.44833908,-62.13835945,-57.53695495,76.72792168,-1.7774025,1,1
200.600682,15,1571994973,AUT,FALSE,TRUE,TRUE,604.8859884,-312.3940201,160.8225035,-179.7235635,-0.381040858,179.4642385,0.78025317,9.166448375,-0.123534964,0.798132933,0.822321452,-1.203618775,-54.54944343,69.88107376,61.44833908,-62.13835945,-57.53695495,76.72792168,-1.7774025,1,1
200.7017832,15,1571994973,AUT,FALSE,TRUE,TRUE,600.9184972,-254.2983592,161.377067,-179.8657204,-0.20465114,179.4252479,-4.078346513,7.820150221,0.776365299,0.681923032,1.384919526,-0.36983262,-53.98385353,68.05322342,62.06189117,-68.20117149,-57.54488159,74.83011589,5.7146038,1,1
200.80232,15,1571994973,AUT,FALSE,TRUE,TRUE,597.2452403,-203.4576671,161.6378029,-179.9675256,-0.106923959,179.5289738,-8.760756839,3.339383154,2.106548072,-0.103854884,1.793310847,0.253848597,-52.03025779,65.81049156,62.64911384,-75.11386528,-57.59401245,72.55564041,12.08072433,1,1
200.902833,15,1571994973,AUT,FALSE,TRUE,TRUE,595.6601723,-160.7564334,162.0422986,179.8994308,-0.037191023,179.7077872,-9.577340246,0.696947231,2.249831813,-0.037915905,1.898953026,0.738202446,-49.73117294,64.50865974,62.78042106,-78.53319854,-57.55185791,71.33195572,17.28810653,1,1
201.0033591,15,1571994973,AUT,FALSE,TRUE,TRUE,595.6601723,-160.7564334,162.0422986,179.8994308,-0.037191023,179.7077872,-9.577340246,0.696947231,2.249831813,-0.037915905,1.898953026,0.738202446,-49.73117294,64.50865974,62.78042106,-78.53319854,-57.55185791,71.33195572,17.28810653,1,1
201.103889,15,1571994973,AUT,FALSE,TRUE,TRUE,597.8128097,-124.0004195,162.8448173,179.8591849,0.006144806,179.8118409,-9.69067103,1.06123938,2.272888859,0.144965635,2.02900862,0.669965462,-46.96597595,63.77800026,62.75149269,-80.08028297,-57.41015075,70.74375458,21.25461388,1,1
201.2043831,15,1571994973,AUT,FALSE,TRUE,TRUE,603.1542294,-96.97252217,162.8162545,179.8750361,-0.002845961,179.9427852,-4.078201313,-2.335752417,3.202752617,-0.406534142,1.091150483,0.613171639,-44.22821044,63.65261879,62.55605964,-80.04641418,-57.33059875,70.69545249,23.79248314,1,1
201.3049212,15,1571994973,AUT,FALSE,TRUE,TRUE,611.4728995,-79.82277089,161.8841372,179.7930879,0.270875291,-179.9690528,-10.39994293,-2.582736764,1.140061056,-0.406534142,1.091150483,0.613171639,-41.85739517,63.88745498,62.12631225,-79.06582603,-57.3232489,70.59596443,25.20636863,1,1
201.4054861,15,1571994974,AUT,FALSE,TRUE,TRUE,611.4728995,-79.82277089,161.8841372,179.7930879,0.270875291,-179.9690528,-10.39994293,-2.582736764,1.140061056,-0.137494816,1.394593819,0.906341284,-41.85739517,63.88745498,62.12631225,-79.06582603,-57.3232489,70.59596443,25.20636863,1,1
201.505996,15,1571994974,AUT,FALSE,TRUE,TRUE,634.0821379,-74.78101961,164.3239571,179.7162188,0.54695277,-179.8473847,-16.70001535,2.172430895,4.038940336,0.701511123,2.038506752,1.197421359,-38.9248764,65.08576126,61.47484016,-74.37712211,-57.162453,71.89689331,24.13344726,1,1
201.606524,15,1571994974,AUT,FALSE,TRUE,TRUE,656.877458,-77.44999172,165.4879007,179.8149278,0.395046647,-179.9026293,-6.415973952,0.783753377,3.063347711,0.024917427,0.733309166,0.805663663,-36.38685264,66.89066734,61.03311081,-68.59875641,-57.00888061,73.92501411,21.69538536,1,1
201.707051,15,1571994974,AUT,FALSE,TRUE,TRUE,656.877458,-77.44999172,165.4879007,179.8149278,0.395046647,-179.9026293,-6.415973952,0.783753377,3.063347711,0.024917427,0.733309166,0.805663663,-33.88881912,68.90613327,60.66539841,-62.94124031,-57.09003662,75.71308021,19.39725494,1,1
201.807538,15,1571994974,AUT,FALSE,TRUE,TRUE,677.6108525,-79.96569496,163.1571605,179.888813,0.235835982,179.9874931,-1.13085634,8.271401888,0.262129425,1.055181629,0.592661416,0.574241924,-33.88881912,68.90613327,60.66539841,-62.94124031,-57.09003662,75.71308021,19.39725494,1,1
201.908123,15,1571994974,AUT,FALSE,TRUE,TRUE,698.7037414,-77.21259848,160.8559536,179.9336178,0.022554546,179.8734175,4.459282914,5.228277878,-0.633305481,0.080053895,-0.348355063,0.439568119,-30.87713699,71.18231163,60.4632946,-56.72449264,-57.35479064,77.62367477,17.33233681,1,1
202.008657,15,1571994974,AUT,FALSE,TRUE,TRUE,708.4805607,-66.57470863,159.7361659,-179.8736771,-0.097825139,179.6957078,4.459282914,5.228277878,-0.633305481,0.080053895,-0.348355063,0.439568119,-28.82486686,72.22764701,60.48713493,-53.88115539,-57.44231872,78.52667541,16.90891342,1,1
202.1091671,15,1571994974,AUT,FALSE,TRUE,TRUE,708.4805607,-66.57470863,159.7361659,-179.8736771,-0.097825139,179.6957078,4.518805176,13.99117395,-0.671266305,1.388674422,-0.074638379,-0.099851919,-28.82486686,72.22764701,60.48713493,-53.88115539,-57.44231872,78.52667541,16.90891342,1,1
202.2097991,15,1571994974,AUT,FALSE,TRUE,TRUE,712.98455,-41.72473657,160.6048163,-179.9134263,-0.083139982,179.5741814,1.24650045,15.53203831,-1.100450991,1.654447783,0.335409048,-0.252280791,-26.56145668,72.51702346,60.64801254,-53.00015488,-57.47687622,78.84416999,18.57088737,1,1
202.310688,15,1571994974,AUT,FALSE,TRUE,TRUE,714.0633137,-9.744721995,163.4047395,-179.9610139,-0.031086669,179.6593167,-4.223652582,7.560795327,0.429605186,0.266495764,1.007548411,0.055882008,-24.02645759,72.30407066,60.73859825,-53.06445236,-57.47789245,78.97994728,21.24846153,1,1
202.411618,15,1571994975,AUT,FALSE,TRUE,TRUE,713.5265749,23.70189049,167.1149217,179.959726,-0.050018659,179.7382221,-1.687376893,5.429924816,0.226876159,0.373452964,0.454107943,0.244348531,-21.31269722,71.98843346,60.75483741,-53.04884834,-57.33397705,79.25604057,23.97855377,1,1
202.5123591,15,1571994975,AUT,FALSE,TRUE,TRUE,713.5265749,23.70189049,167.1149217,179.959726,-0.050018659,179.7382221,-1.687376893,5.429924816,0.226876159,0.373452964,0.454107943,0.244348531,-21.31269722,71.98843346,60.75483741,-53.04884834,-57.33397705,79.25604057,23.97855377,1,1
202.6128881,15,1571994975,AUT,FALSE,TRUE,TRUE,711.6083653,54.31278019,170.1397372,179.9375116,-0.09693841,179.8407497,0.833508795,3.794928966,0.502864325,0.643666607,0.159955804,0.40721132,-18.80705566,71.73316269,60.7562931,-53.00877914,-57.22800842,79.53244972,26.45740928,1,1
202.713397,15,1571994975,AUT,FALSE,TRUE,TRUE,706.091743,82.84184283,171.0800919,179.9089597,-0.501296737,-179.9289671,8.735320228,-0.526377409,0.693303382,-0.024883672,0.205774012,0.696618433,-16.49309463,71.51066551,60.69716263,-53.33233681,-57.08838317,79.90121956,28.99265899,1,1
202.8139281,15,1571994975,AUT,FALSE,TRUE,TRUE,706.091743,82.84184283,171.0800919,179.9089597,-0.501296737,-179.9289671,8.735320228,-0.526377409,0.693303382,-0.024883672,0.205774012,0.696618433,-16.49309463,71.51066551,60.69716263,-53.33233681,-57.08838317,79.90121956,28.99265899,1,1
202.9144862,15,1571994975,AUT,FALSE,TRUE,TRUE,690.859068,102.2509928,168.5836612,179.8666288,-0.867961348,-179.7552279,14.67410502,-1.003512669,-0.88109748,0.41807159,0.34005076,0.862406449,-15.96694221,70.90985756,60.71350479,-55.68706054,-56.93849121,79.39003944,31.51344795,1,1
203.0149751,15,1571994975,AUT,FALSE,TRUE,TRUE,690.859068,102.2509928,168.5836612,179.8666288,-0.867961348,-179.7552279,14.67410502,-1.003512669,-0.88109748,0.41807159,0.34005076,0.862406449,-15.96694221,70.90985756,60.71350479,-55.68706054,-56.93849121,79.39003944,31.51344795,1,1
203.1155081,15,1571994975,AUT,FALSE,TRUE,TRUE,668.8095181,109.049025,164.9157754,179.8479945,-0.788037875,-179.6613163,8.034899405,-2.098384333,-1.194016728,0.313967304,0.606865634,0.93505542,-17.65778961,69.00227394,60.74246749,-62.59014129,-56.81564758,76.94897003,35.37262573,1,1
203.216084,15,1571994975,AUT,FALSE,TRUE,TRUE,668.8095181,109.049025,164.9157754,179.8479945,-0.788037875,-179.6613163,8.034899405,-2.098384333,-1.194016728,0.313967304,0.606865634,0.93505542,-17.65778961,69.00227394,60.74246749,-62.59014129,-56.81564758,76.94897003,35.37262573,1,1
203.3165801,15,1571994975,AUT,FALSE,TRUE,TRUE,640.3213643,104.669795,161.3518338,179.9546334,-0.454801429,-179.7174831,-2.634611116,3.321868165,-1.439766888,0.523302371,1.076232395,0.072068012,-20.94077911,66.4939476,60.80512733,-70.60167732,-56.66484375,73.71378822,38.40033073,1,1
203.4171422,15,1571994976,AUT,FALSE,TRUE,TRUE,623.1856175,102.9984753,162.0136054,-179.8111792,-0.08282465,179.936129,-13.34855595,13.52313991,0.183448649,1.678193265,2.187766901,-1.047800391,-23.00072593,64.93805351,61.24313507,-75.16161117,-56.6218872,71.83108864,39.90211029,1,1
203.51772,15,1571994976,AUT,FALSE,TRUE,TRUE,623.1856175,102.9984753,162.0136054,-179.8111792,-0.08282465,179.936129,-13.34855595,13.52313991,0.183448649,1.678193265,2.187766901,-1.047800391,-23.00072593,64.93805351,61.24313507,-75.16161117,-56.6218872,71.83108864,39.90211029,1,1
203.6182282,15,1571994976,AUT,FALSE,TRUE,TRUE,615.5137808,117.3439123,167.4105928,-179.6740745,0.121129868,179.5755143,-16.11872757,18.10626436,1.73164704,1.547558141,2.318691376,-1.621054919,-22.81567497,64.29437141,62.09257049,-76.6112503,-56.6283197,71.60487328,41.60923118,1,1
203.7187722,15,1571994976,AUT,FALSE,TRUE,TRUE,615.5137808,117.3439123,167.4105928,-179.6740745,0.121129868,179.5755143,-16.11872757,18.10626436,1.73164704,1.547558141,2.318691376,-1.621054919,-22.81567497,64.29437141,62.09257049,-76.6112503,-56.6283197,71.60487328,41.60923118,1,1
203.8192971,15,1571994976,AUT,FALSE,TRUE,TRUE,615.077929,149.5286953,172.7452255,-179.752229,0.153939602,179.5735004,-9.41472016,12.90334858,2.525673077,0.74905295,1.267666979,-1.228548902,-19.64139862,64.47441329,62.49004211,-75.20483551,-56.63470275,72.59418526,43.9928112,1,1
203.919795,15,1571994976,AUT,FALSE,TRUE,TRUE,614.237649,189.5514629,173.1954255,-179.8837766,-0.043049761,179.609954,-0.568639895,4.608061574,0.94115591,0.42073015,0.260990318,-0.421641891,-14.95599746,65.30829963,62.34378319,-72.63497543,-56.59652526,73.60300827,46.60910224,1,1
204.0206032,15,1571994976,AUT,FALSE,TRUE,TRUE,614.237649,189.5514629,173.1954255,-179.8837766,-0.043049761,179.609954,-0.568639895,4.608061574,0.94115591,0.42073015,0.260990318,-0.421641891,-14.95599746,65.30829963,62.34378319,-72.63497543,-56.59652526,73.60300827,46.60910224,1,1
204.121305,15,1571994976,AUT,FALSE,TRUE,TRUE,607.9807932,233.0751684,172.6123622,179.9110792,-0.263322237,179.9670419,8.236031537,-1.803000511,0.365999474,-0.285703944,-0.443729665,0.558053254,-10.58733558,66.03976936,61.94417266,-70.29928207,-56.59748107,74.59881591,49.84694824,1,1
204.2219081,15,1571994976,AUT,FALSE,TRUE,TRUE,607.9807932,233.0751684,172.6123622,179.9110792,-0.263322237,179.9670419,8.236031537,-1.803000511,0.365999474,-0.285703944,-0.443729665,0.558053254,-10.58733558,66.03976936,61.94417266,-70.29928207,-56.59748107,74.59881591,49.84694824,1,1
204.3224461,15,1571994976,AUT,FALSE,TRUE,TRUE,590.8346776,256.7681898,169.109224,179.8592504,-0.65513119,-179.8492222,12.54156037,-3.413985873,0.787726223,-0.524275298,0.062411218,0.84230777,-7.930189131,65.99284058,61.85690002,-70.96806449,-56.49889526,74.55762062,52.87365417,1,1
204.4230561,15,1571994977,AUT,FALSE,TRUE,TRUE,590.8346776,256.7681898,169.109224,179.8592504,-0.65513119,-179.8492222,12.54156037,-3.413985873,0.787726223,-0.524275298,0.062411218,0.84230777,-7.930189131,65.99284058,61.85690002,-70.96806449,-56.49889526,74.55762062,52.87365417,1,1
204.5235682,15,1571994977,AUT,FALSE,TRUE,TRUE,566.8952303,266.3979924,162.8058135,179.9546476,-0.786413844,-179.8109198,8.992086731,0.944314959,0.317024045,0.161612153,0.626557726,0.52811735,-7.796743006,64.93284874,61.87441635,-75.73432159,-56.55562316,72.57026253,56.11271896,1,1
204.6241472,15,1571994977,AUT,FALSE,TRUE,TRUE,534.2635818,272.4454409,156.3040424,179.9493716,-0.669894096,-179.7619779,1.473246224,1.665112761,-0.661961207,0.093282648,1.47980082,0.419453149,-8.4081768,63.27650871,61.86739196,-81.75372047,-56.77972229,69.88234405,60.41420631,1,1
204.7247,15,1571994977,AUT,FALSE,TRUE,TRUE,534.2635818,272.4454409,156.3040424,179.9493716,-0.669894096,-179.7619779,1.473246224,1.665112761,-0.661961207,0.093282648,1.47980082,0.419453149,-8.4081768,63.27650871,61.86739196,-81.75372047,-56.77972229,69.88234405,60.41420631,1,1
204.8251932,15,1571994977,AUT,FALSE,TRUE,TRUE,506.4273513,271.9620869,152.4030351,179.9863585,-0.59116702,-179.6722369,-1.261385029,4.297600808,2.714573459,0.75348472,2.075938155,0.097038318,-9.293314356,61.44581909,61.84296112,-87.24384612,-56.82224487,67.51941833,63.65484352,1,1
204.925739,15,1571994977,AUT,FALSE,TRUE,TRUE,506.4273513,271.9620869,152.4030351,179.9863585,-0.59116702,-179.6722369,-1.261385029,4.297600808,2.714573459,0.75348472,2.075938155,0.097038318,-9.293314356,61.44581909,61.84296112,-87.24384612,-56.82224487,67.51941833,63.65484352,1,1
205.0263031,15,1571994977,AUT,FALSE,TRUE,TRUE,480.5143762,268.7108813,148.8553696,-179.902507,-0.382533713,-179.7808984,-5.285599173,8.719181853,2.707581824,0.86695179,2.584001741,-0.524815851,-10.22251396,59.83294716,61.81106987,-92.40220528,-56.90608703,64.96652526,66.46052856,1,1