Time/Second,Task_No,Time Stamp,OperationMode,isCollision,isCompliance,isReadyToMove,ToolPosition_x,ToolPosition_y,ToolPosition_z,ToolPosition_A,ToolPosition_b,ToolPosition_c,ToolForce_x,ToolForce_y,ToolForce_z,ToolTorque_x,ToolTorque_y,ToolTorque_z,JointPosition,JointPosition,JointPosition,JointPosition,JointPosition,JointPosition,JointPosition,Tool_Velocity,Tool_Acceleration
0,1,1571917297,AUT,FALSE,FALSE,TRUE,471.7148504,-400.0882735,169.5981863,179.9916214,-0.049350363,179.9875394,1.803870254,-0.957018863,5.344460232,-0.259966252,1.039675284,0.162673781,-75.85157661,66.30548058,66.77334366,-78.1863327,-60.95409851,74.30865326,-6.697828675,0.5,1
0.100411892,1,1571917297,AUT,FALSE,FALSE,TRUE,471.7148504,-400.0882735,169.5981863,179.9916214,-0.049350363,179.9875394,1.803870254,-0.957018863,5.344460232,-0.259966252,1.039675284,0.162673781,-75.85157661,66.30548058,66.77334366,-78.1863327,-60.95409851,74.30865326,-6.697828675,0.5,1
0.200998068,1,1571917298,AUT,FALSE,TRUE,TRUE,468.9388831,-399.466716,167.2941861,-179.9670991,-0.580258638,179.8667688,3.229957038,-1.663885849,11.13764886,-0.694923142,1.447831131,0.067061897,-75.88135299,66.36656456,66.63918342,-78.33688316,-60.95780639,74.64477653,-6.697416688,1,1
0.301955938,1,1571917298,AUT,FALSE,TRUE,TRUE,468.9388831,-399.466716,167.2941861,-179.9670991,-0.580258638,179.8667688,3.229957038,-1.663885849,11.13764886,-0.694923142,1.447831131,0.067061897,-75.88135299,66.36656456,66.63918342,-78.33688316,-60.95780639,74.64477653,-6.697416688,1,1
0.402498007,1,1571917298,AUT,FALSE,TRUE,TRUE,469.4845932,-400.9850088,153.990415,179.9481934,-0.062457556,-179.9727487,-6.554532461,-2.622762024,-3.217331954,-0.281361575,0.892772224,0.391515422,-76.00551224,67.06612243,65.67211533,-78.8980545,-61.43043273,72.4314331,-6.433559419,1,1
0.502991915,1,1571917298,AUT,FALSE,TRUE,TRUE,473.630886,-402.7765823,155.0461088,179.9627499,0.011485807,179.9139494,-6.554532461,-2.622762024,-3.217331954,-0.281361575,0.892772224,0.391515422,-75.50573044,67.69795646,66.12218056,-77.71727829,-61.88683776,73.44514503,-6.696760944,1,1
0.603560925,1,1571917298,AUT,FALSE,TRUE,TRUE,473.630886,-402.7765823,155.0461088,179.9627499,0.011485807,179.9139494,-3.215062334,1.990373506,3.237856599,0.185660656,0.9947638,0.195741198,-75.50573044,67.69795646,66.12218056,-77.71727829,-61.88683776,73.44514503,-6.696760944,1,1
0.70409894,1,1571917298,AUT,FALSE,TRUE,TRUE,487.6690918,-396.5238792,151.3796787,179.9846704,0.24561796,179.9453495,-11.73440676,1.051715101,4.355571386,-0.054837016,1.506918519,0.129983041,-73.80785179,68.48695678,66.07441406,-76.43270187,-62.31267333,73.46922569,-5.924435813,1,1
0.80456996,1,1571917298,AUT,FALSE,TRUE,TRUE,487.6690918,-396.5238792,151.3796787,179.9846704,0.24561796,179.9453495,-11.73440676,1.051715101,4.355571386,-0.054837016,1.506918519,0.129983041,-73.80785179,68.48695678,66.07441406,-76.43270187,-62.31267333,73.46922569,-5.924435813,1,1
0.905124903,1,1571917298,AUT,FALSE,TRUE,TRUE,508.6976211,-391.461235,148.3031503,179.8220369,0.458496139,-179.9186582,-9.297493224,-5.097556188,-3.011360882,-0.367998012,0.617501118,0.633235724,-70.98885612,69.65688057,65.87011986,-73.6797512,-62.77262695,73.8616127,-5.300923925,1,1
1.005684853,1,1571917298,AUT,FALSE,TRUE,TRUE,508.6976211,-391.461235,148.3031503,179.8220369,0.458496139,-179.9186582,-9.297493224,-5.097556188,-3.011360882,-0.367998012,0.617501118,0.633235724,-70.98885612,69.65688057,65.87011986,-73.6797512,-62.77262695,73.8616127,-5.300923925,1,1
1.106219053,1,1571917298,AUT,FALSE,TRUE,TRUE,541.2216585,-394.7180672,156.8433602,179.9464992,0.403878155,-179.8483141,-7.575447031,0.379361141,0.772255443,0.58771647,0.781261777,0.312618495,-67.40634842,70.88583183,66.00286903,-68.1921215,-62.77224792,75.95589179,-6.845962144,1,1
1.206778049,1,1571917299,AUT,FALSE,TRUE,TRUE,541.2216585,-394.7180672,156.8433602,179.9464992,0.403878155,-179.8483141,-7.575447031,0.379361141,0.772255443,0.58771647,0.781261777,0.312618495,-62.25930862,72.63439865,65.96672744,-60.5930603,-62.66703186,78.69425125,-8.078209306,1,1
1.307303905,1,1571917299,AUT,FALSE,TRUE,TRUE,569.0235865,-392.1650604,159.5846086,-179.9529157,0.254309031,-179.9731132,-1.134603432,1.289960754,4.734881221,0.554417609,0.407370152,-0.231676637,-62.25930862,72.63439865,65.96672744,-60.5930603,-62.66703186,78.69425125,-8.078209306,1,1
1.407808065,1,1571917299,AUT,FALSE,TRUE,TRUE,591.6504519,-382.7642509,154.6608877,-179.8976876,0.172096861,179.9316156,1.98200044,3.130592045,1.849702992,0.435983317,-0.036050867,-0.463069849,-58.60867195,74.07554054,65.53767356,-56.44811439,-62.78441528,79.42776374,-8.189648444,1,1
1.508388996,1,1571917299,AUT,FALSE,TRUE,TRUE,609.6983128,-368.2553372,152.2395121,-179.7297558,-0.0855126,179.7079876,9.161181419,8.548546594,-1.532789002,0.430985452,-1.342679373,-1.254732115,-55.67017936,75.03106613,65.42648849,-53.7187191,-62.82179626,80.24262314,-7.775391775,1,1
1.608927011,1,1571917299,AUT,FALSE,TRUE,TRUE,609.6983128,-368.2553372,152.2395121,-179.7297558,-0.0855126,179.7079876,9.161181419,8.548546594,-1.532789002,0.430985452,-1.342679373,-1.254732115,-55.67017936,75.03106613,65.42648849,-53.7187191,-62.82179626,80.24262314,-7.775391775,1,1
1.709468842,1,1571917299,AUT,FALSE,TRUE,TRUE,619.7695497,-345.2494329,153.3877289,-179.6200258,-0.731638206,179.6074139,23.21346524,9.114224543,-1.963817441,0.713620002,-1.3206297,-1.807671558,-53.50205841,74.99275131,65.52240257,-53.70283012,-62.80220764,80.98927116,-5.762236406,1,1
1.81003499,1,1571917299,AUT,FALSE,TRUE,TRUE,619.7695497,-345.2494329,153.3877289,-179.6200258,-0.731638206,179.6074139,23.21346524,9.114224543,-1.963817441,0.713620002,-1.3206297,-1.807671558,-53.68439369,73.73152771,65.68941536,-58.57915649,-62.6297882,79.89442176,-1.639905169,1,1
1.911165953,1,1571917299,AUT,FALSE,TRUE,TRUE,616.1339209,-316.3771396,153.7600775,-179.6980327,-0.833484598,179.6137911,9.572192621,8.677550511,-2.111727126,0.903048713,0.306822755,-1.35141252,-53.68439369,73.73152771,65.68941536,-58.57915649,-62.6297882,79.89442176,-1.639905169,1,1
2.011853933,1,1571917299,AUT,FALSE,TRUE,TRUE,616.1339209,-316.3771396,153.7600775,-179.6980327,-0.833484598,179.6137911,9.572192621,8.677550511,-2.111727126,0.903048713,0.306822755,-1.35141252,-53.68439369,73.73152771,65.68941536,-58.57915649,-62.6297882,79.89442176,-1.639905169,1,1
2.112388849,1,1571917299,AUT,FALSE,TRUE,TRUE,598.7353863,-261.4040693,154.1044154,-179.9281114,-0.442144605,179.6911279,-3.186200531,4.900927391,0.788756398,0.84423674,1.370176605,-0.311485325,-55.06221313,71.21968918,66.31084328,-67.85066299,-62.60341552,77.16959609,5.412878031,1,1
2.212920904,1,1571917300,AUT,FALSE,TRUE,TRUE,588.8942682,-221.323117,155.549006,179.9199041,0.027196461,179.7927902,-3.186200531,4.900927391,0.788756398,0.84423674,1.370176605,-0.311485325,-55.29609832,68.85661582,66.90131034,-75.78177566,-62.63508361,74.50718651,12.44690895,1,1
2.313405037,1,1571917300,AUT,FALSE,TRUE,TRUE,588.8942682,-221.323117,155.549006,179.9199041,0.027196461,179.7927902,-16.07611954,1.734296582,3.310962392,0.37254302,2.344711994,0.38709206,-55.29609832,68.85661582,66.90131034,-75.78177566,-62.63508361,74.50718651,12.44690895,1,1
2.413975954,1,1571917300,AUT,FALSE,TRUE,TRUE,588.5414495,-179.3870998,155.8619843,179.9807602,-0.064859546,179.7368747,-6.931972001,3.395061356,3.644101377,0.37254302,2.344711994,0.38709206,-53.23083343,67.85830192,67.17671013,-78.99717864,-62.52873596,73.6820034,17.41038437,1,1
2.514508963,1,1571917300,AUT,FALSE,TRUE,TRUE,588.5414495,-179.3870998,155.8619843,179.9807602,-0.064859546,179.7368747,-6.931972001,3.395061356,3.644101377,0.112798515,1.451157172,-0.010341039,-53.23083343,67.85830192,67.17671013,-78.99717864,-62.52873596,73.6820034,17.41038437,1,1
2.614999056,1,1571917300,AUT,FALSE,TRUE,TRUE,595.8341829,-132.7199773,150.3145354,179.9571792,0.124015483,179.6115647,-12.4895144,4.590617578,0.694711049,-0.212927688,2.132665154,0.248120961,-49.45209618,67.90712585,67.04244689,-80.33199348,-62.82039001,72.70722771,22.41910629,1,1
2.715527058,1,1571917300,AUT,FALSE,TRUE,TRUE,595.8341829,-132.7199773,150.3145354,179.9571792,0.124015483,179.6115647,-12.4895144,4.590617578,0.694711049,-0.212927688,2.132665154,0.248120961,-49.45209618,67.90712585,67.04244689,-80.33199348,-62.82039001,72.70722771,22.41910629,1,1
2.816047907,1,1571917300,AUT,FALSE,TRUE,TRUE,613.6318898,-104.3470728,155.142138,179.8572157,0.539865748,179.9146889,-12.40214627,-3.720539965,-3.407815897,-0.593396208,0.914129461,0.684385483,-45.41163024,68.23234176,67.04872284,-78.16019554,-63.04590087,73.36682624,24.60842399,1,1
2.916560888,1,1571917300,AUT,FALSE,TRUE,TRUE,638.0795001,-88.0245035,165.2371487,179.9509538,0.449699251,179.8458826,-12.82203591,8.393790216,3.358271729,1.072537973,1.457738909,-0.018641631,-41.42276916,68.83084946,67.02396583,-72.87871399,-62.28989868,75.55573196,23.87505912,1,1
3.017150879,1,1571917300,AUT,FALSE,TRUE,TRUE,638.0795001,-88.0245035,165.2371487,179.9509538,0.449699251,179.8458826,-12.82203591,8.393790216,3.358271729,1.072537973,1.457738909,-0.018641631,-41.42276916,68.83084946,67.02396583,-72.87871399,-62.28989868,75.55573196,23.87505912,1,1
3.117733955,1,1571917300,AUT,FALSE,TRUE,TRUE,663.3207791,-68.77327615,166.2838086,-179.9856876,0.394787524,179.7769622,-9.345271891,12.53114744,2.801949041,1.506949102,1.196464768,-0.20274037,-36.75302353,70.29983826,66.556707,-67.11889801,-62.14992736,77.21450958,23.25043488,1,1
3.218245983,1,1571917301,AUT,FALSE,TRUE,TRUE,684.2804813,-44.65105073,160.7891423,-179.8798068,0.241347421,179.664241,-2.277780749,12.94581787,1.572552377,0.961733309,0.439285851,-0.379599447,-32.20822678,72.08932914,65.99960403,-62.02190781,-62.28896484,78.27216339,23.15627861,1,1
3.318779945,1,1571917301,AUT,FALSE,TRUE,TRUE,702.0331908,-17.73680241,155.5291977,-179.912395,0.140674397,179.6765743,1.262340926,10.45664796,-1.961976422,0.392682012,-0.006671951,-0.361648398,-27.62511863,73.80462112,65.58804588,-57.22530441,-62.60517333,79.21772575,23.52542953,1,1
3.419332981,1,1571917301,AUT,FALSE,TRUE,TRUE,702.0331908,-17.73680241,155.5291977,-179.912395,0.140674397,179.6765743,1.262340926,10.45664796,-1.961976422,0.392682012,-0.006671951,-0.361648398,-27.62511863,73.80462112,65.58804588,-57.22530441,-62.60517333,79.21772575,23.52542953,1,1
3.519824028,1,1571917301,AUT,FALSE,TRUE,TRUE,713.5881432,13.48233439,154.3642634,-179.9972214,-0.131140517,179.6583933,9.299059161,8.01549744,-4.538022997,0.763097635,-0.58715629,-0.070887459,-23.33367691,75.01453857,65.55091209,-53.31127739,-62.73257629,80.43467102,24.47556152,1,1
3.620491028,1,1571917301,AUT,FALSE,TRUE,TRUE,718.3255361,44.41702792,157.6720158,179.9650948,-0.335419252,179.8742663,11.48833731,4.867806314,-0.639880905,0.743567503,-0.606920156,0.41738645,-19.79246406,75.36222496,65.56918716,-51.06295624,-62.78041076,81.46052284,26.07257538,1,1
3.721288919,1,1571917301,AUT,FALSE,TRUE,TRUE,713.9903019,72.95654484,159.1658566,179.8770492,-0.827660295,-179.9233705,21.08749928,-4.462781828,0.625308913,0.743567503,-0.606920156,0.41738645,-17.41589469,75.25318565,65.58599624,-50.9753025,-62.56845703,82.06998596,28.42896423,1,1
3.82209897,1,1571917301,AUT,FALSE,TRUE,TRUE,713.9903019,72.95654484,159.1658566,179.8770492,-0.827660295,-179.9233705,21.08749928,-4.462781828,0.625308913,-0.440040197,-0.700423493,0.918793966,-17.41589469,75.25318565,65.58599624,-50.9753025,-62.56845703,82.06998596,28.42896423,1,1
3.922678947,1,1571917301,AUT,FALSE,TRUE,TRUE,696.7798776,102.0928201,155.9930635,179.7089613,-1.083585369,-179.718673,21.2503052,-8.445956368,-0.264141248,-0.530592259,-0.526829709,1.585310241,-16.51505356,74.45668716,65.57822685,-54.89158516,-62.55476806,81.16979026,32.89819221,1,1
4.023280859,1,1571917301,AUT,FALSE,TRUE,TRUE,675.8368596,115.5178949,151.8221667,179.7422945,-1.03806134,-179.681292,14.45398031,-5.415709621,-1.090425209,-0.326649477,0.247014596,1.467209847,-17.56472854,73.26683693,65.57908516,-60.41439171,-62.52562683,79.33686561,36.62292137,1,1
4.123790979,1,1571917301,AUT,FALSE,TRUE,TRUE,650.8364479,125.8713432,150.208983,-179.9599628,-0.578584264,-179.9914861,0.188711505,10.16955726,-3.337681487,1.268135186,0.922166405,0.14250055,-19.39476242,71.58862038,65.79947776,-67.03937759,-62.52367126,76.90452346,40.33074874,1,1
4.224364042,1,1571917302,AUT,FALSE,TRUE,TRUE,650.8364479,125.8713432,150.208983,-179.9599628,-0.578584264,-179.9914861,0.188711505,10.16955726,-3.337681487,1.268135186,0.922166405,0.14250055,-19.39476242,71.58862038,65.79947776,-67.03937759,-62.52367126,76.90452346,40.33074874,1,1
4.3249259,1,1571917302,AUT,FALSE,TRUE,TRUE,625.3608149,144.674756,155.9321017,-179.8884479,-0.291062695,179.6726862,-12.71704325,16.35986119,1.434808479,1.387853459,2.254198332,-0.491872239,-20.2715435,69.80110703,66.79972801,-72.70990906,-62.52628601,75.52158164,44.6472393,1,1
4.42545104,1,1571917302,AUT,FALSE,TRUE,TRUE,606.6791527,171.675746,159.1835341,-179.7493721,0.030797926,179.4853456,-20.90334985,21.43561997,7.717147268,1.931361842,3.195126165,-1.068843647,-19.09808693,68.69274788,67.29936904,-75.76005706,-62.51409118,74.58712234,48.47565193,1,1
4.526006937,1,1571917302,AUT,FALSE,TRUE,TRUE,597.7512219,203.4476099,155.4372828,-179.8494869,-0.035056552,179.5149811,-11.28508744,12.55541802,6.397760822,0.526239947,1.876120721,-0.936135298,-15.94574546,68.80631904,66.85023079,-75.66661148,-62.44611328,74.21239929,51.44275016,1,1
4.626579046,1,1571917302,AUT,FALSE,TRUE,TRUE,597.7512219,203.4476099,155.4372828,-179.8494869,-0.035056552,179.5149811,-11.28508744,12.55541802,6.397760822,0.526239947,1.876120721,-0.936135298,-12.19133949,69.44944496,66.42346344,-74.75361671,-62.51734863,74.56611099,54.55524902,1,1
4.727113008,1,1571917302,AUT,FALSE,TRUE,TRUE,587.4633543,236.8182302,149.9929493,179.9031794,-0.507721957,-179.9502126,13.17422193,-4.159044174,-3.030572013,-0.368501561,-0.537645636,1.478075821,-12.19133949,69.44944496,66.42346344,-74.75361671,-62.51734863,74.56611099,54.55524902,1,1
4.827687979,1,1571917302,AUT,FALSE,TRUE,TRUE,564.5275338,267.4916009,147.5918058,179.6227964,-0.792759538,-179.6364563,15.72972441,-13.50066262,-4.222229196,-1.529208943,-0.173921765,2.159600488,-9.251075363,69.20726852,66.37588577,-76.28690299,-62.61957641,74.45167808,59.0667469,1,1
4.928284883,1,1571917302,AUT,FALSE,TRUE,TRUE,564.5275338,267.4916009,147.5918058,179.6227964,-0.792759538,-179.6364563,15.72972441,-13.50066262,-4.222229196,-1.529208943,-0.173921765,2.159600488,-9.251075363,69.20726852,66.37588577,-76.28690299,-62.61957641,74.45167808,59.0667469,1,1
5.028853893,1,1571917302,AUT,FALSE,TRUE,TRUE,539.1879594,276.2543857,147.9783948,179.6512798,-0.756385421,-179.4278923,9.92641205,-9.134048428,-3.149540713,-0.252057993,0.057655573,1.949829268,-9.199552913,67.91151352,66.53973656,-80.31339912,-62.53933227,73.36219139,62.50455093,1,1
5.129416943,1,1571917302,AUT,FALSE,TRUE,TRUE,508.6836106,273.4603169,147.8762561,-179.9797493,-0.454254017,-179.6091838,-0.640820099,7.514760156,3.264568672,1.220344346,1.314697637,0.124559514,-10.80179901,65.6480484,66.65006332,-86.64987716,-62.34378662,70.85466156,65.91161728,1,1
5.230083942,1,1571917303,AUT,FALSE,TRUE,TRUE,508.6836106,273.4603169,147.8762561,-179.9797493,-0.454254017,-179.6091838,-0.640820099,7.514760156,3.264568672,1.220344346,1.314697637,0.124559514,-10.80179901,65.6480484,66.65006332,-86.64987716,-62.34378662,70.85466156,65.91161728,1,1
5.33108592,1,1571917303,AUT,FALSE,TRUE,TRUE,484.5909188,266.263716,144.5806804,179.9687046,-0.481650541,-179.6219685,-0.594860082,5.733497849,3.523276526,1.10952888,1.429162655,0.28307397,-12.40132599,63.97874794,66.57486534,-91.83312721,-62.25285827,68.74170227,68.4507122,1,1
11.58055186,2,1571917309,AUT,FALSE,FALSE,TRUE,471.9353,-399.9890635,169.9328998,-179.9906747,-0.014833845,179.9999236,-1.792905654,-0.152531832,1.337645785,-0.208146429,0.820615045,-0.004393049,-76.01071701,66.6474884,67.34603691,-78.18409424,-61.48117309,74.64497566,-6.506120688,0.5,1
11.68120694,2,1571917309,AUT,FALSE,TRUE,TRUE,469.2610835,-401.850126,167.1562865,179.8669374,-0.358922837,-179.9878461,1.531179545,-2.771663465,6.835275191,-0.661631811,0.886511693,0.440570451,-76.09167251,66.71825752,67.0498661,-78.18141632,-61.49672424,74.72763061,-6.568643194,1,1
11.78200507,2,1571917309,AUT,FALSE,TRUE,TRUE,467.7858637,-405.2076313,155.9479535,179.9482737,-0.202298756,179.9688028,-4.545623516,0.836680073,5.99475004,-0.343648848,1.377496706,0.220649401,-76.17725944,67.43395843,66.22090301,-78.18385047,-61.8708966,73.64186211,-6.931401444,1,1
11.88253498,2,1571917309,AUT,FALSE,TRUE,TRUE,467.7858637,-405.2076313,155.9479535,179.9482737,-0.202298756,179.9688028,-4.545623516,0.836680073,5.99475004,-0.343648848,1.377496706,0.220649401,-76.17725944,67.43395843,66.22090301,-78.18385047,-61.8708966,73.64186211,-6.931401444,1,1
11.98306394,2,1571917309,AUT,FALSE,TRUE,TRUE,475.5026238,-403.0778423,146.5416699,179.9194902,0.268454245,179.9934791,-7.486226541,-1.309162791,1.522118571,-0.277795138,1.140673366,0.485917488,-75.4582489,68.63434524,66.13673401,-77.66371994,-62.86646667,72.87902641,-6.313338094,1,1
12.08357096,2,1571917309,AUT,FALSE,TRUE,TRUE,475.5026238,-403.0778423,146.5416699,179.9194902,0.268454245,179.9934791,-7.486226541,-1.309162791,1.522118571,-0.277795138,1.140673366,0.485917488,-75.4582489,68.63434524,66.13673401,-77.66371994,-62.86646667,72.87902641,-6.313338094,1,1
12.18412805,2,1571917310,AUT,FALSE,TRUE,TRUE,495.9280039,-400.6108094,143.4744745,179.8205413,0.440122991,-179.9771065,-11.02662319,-2.773294133,0.24847974,-0.344933745,1.369145254,0.715264885,-72.83490257,70.14456367,66.3034687,-74.62584571,-63.57324462,73.64754753,-5.9733902,1,1
12.28465796,2,1571917310,AUT,FALSE,TRUE,TRUE,516.0228213,-401.1669839,146.3198108,179.9052074,0.441824094,-179.9001494,-9.111513647,-1.474308532,1.265161678,-0.227765176,0.613409631,0.665997842,-70.0831295,71.08455391,66.32036705,-70.75762138,-63.59337707,74.97329521,-6.601715475,1,1
12.3852129,2,1571917310,AUT,FALSE,TRUE,TRUE,536.8327252,-400.2334615,149.8318525,179.9063847,0.260128001,-179.9097735,-5.612526042,1.734719653,4.393654676,0.698301664,0.973478178,0.371787407,-67.02364311,72.03490906,66.34099044,-66.53408203,-63.54241699,76.61882744,-7.246286775,1,1
12.48578596,2,1571917310,AUT,FALSE,TRUE,TRUE,536.8327252,-400.2334615,149.8318525,179.9063847,0.260128001,-179.9097735,-5.612526042,1.734719653,4.393654676,0.698301664,0.973478178,0.371787407,-67.02364311,72.03490906,66.34099044,-66.53408203,-63.54241699,76.61882744,-7.246286775,1,1
12.58630586,2,1571917310,AUT,FALSE,TRUE,TRUE,557.3029457,-396.6149493,147.9166433,179.9368122,0.283132805,-179.9636044,-2.158273078,2.128736069,3.387648862,0.524358365,0.377650673,0.249125635,-63.96737366,73.17961578,66.04481277,-62.63605728,-63.54162048,77.49004326,-7.707434469,1,1
12.68678784,2,1571917310,AUT,FALSE,TRUE,TRUE,577.0521973,-389.7092002,142.3663896,179.9777166,0.172046357,179.9610078,1.589711701,0.901142183,3.024048725,0.044428493,-0.071726039,0.132470715,-60.89893341,74.46478271,65.59750786,-59.10612602,-63.62379272,78.02242698,-7.856130988,1,1
12.78732204,2,1571917310,AUT,FALSE,TRUE,TRUE,593.6044902,-379.5373649,138.4143001,-179.8700939,-0.001841656,179.7652023,7.447572945,6.202091131,-2.186944841,0.368947514,-0.721676748,-0.638193246,-58.20638694,75.50444298,65.38114929,-56.37278938,-63.6552246,78.62957268,-7.758634187,1,1
12.8878479,2,1571917310,AUT,FALSE,TRUE,TRUE,593.6044902,-379.5373649,138.4143001,-179.8700939,-0.001841656,179.7652023,7.447572945,6.202091131,-2.186944841,0.368947514,-0.721676748,-0.638193246,-58.20638694,75.50444298,65.38114929,-56.37278938,-63.6552246,78.62957268,-7.758634187,1,1
12.98840499,2,1571917310,AUT,FALSE,TRUE,TRUE,603.582008,-366.1541621,139.3590075,-179.6754347,-0.469122865,179.6805899,19.86384758,11.20568576,-2.509290628,1.041454383,-1.466055124,-1.460033047,-56.32978134,75.75833702,65.43481407,-55.33133011,-63.66105285,79.44392051,-6.967093281,1,1
13.08892584,2,1571917310,AUT,FALSE,TRUE,TRUE,604.439437,-347.142635,140.0808278,-179.6828349,-0.912170557,179.5668098,22.12018457,9.581187566,1.832117699,0.622323787,-0.753234034,-1.596713272,-55.8452465,75.22968177,65.64741668,-57.41197586,-63.62516052,79.48359489,-4.659040838,1,1
13.18950486,2,1571917311,AUT,FALSE,TRUE,TRUE,599.397929,-322.0269642,138.6149551,-179.7870573,-0.605610295,179.5863503,5.774826412,8.297660608,-0.068955389,0.627131141,0.646048696,-0.878008797,-56.51935386,74.02629776,65.74511604,-62.38483772,-63.61260864,77.7547142,-0.771168138,1,1
13.29000998,2,1571917311,AUT,FALSE,TRUE,TRUE,592.6454993,-288.362714,139.1075184,-179.8549345,-0.377794435,179.4843417,5.774826412,8.297660608,-0.068955389,0.627131141,0.646048696,-0.878008797,-57.01093368,72.53112716,66.15136299,-68.23409958,-63.62790161,76.06873169,4.003414531,1,1
13.39108396,2,1571917311,AUT,FALSE,TRUE,TRUE,592.6454993,-288.362714,139.1075184,-179.8549345,-0.377794435,179.4843417,-4.825366218,9.862459348,-0.511302805,0.670953492,1.825814003,-0.478627629,-57.01093368,72.53112716,66.15136299,-68.23409958,-63.62790161,76.06873169,4.003414531,1,1
13.49192786,2,1571917311,AUT,FALSE,TRUE,TRUE,587.5701815,-249.137813,143.545404,179.990316,-0.130874335,179.4762014,-8.345321071,4.697334677,-2.160544421,-0.389965508,1.209488389,0.104995773,-56.71136398,70.9106472,66.90364838,-73.54300232,-63.70645385,74.81767731,9.400444788,1,1
13.59246302,2,1571917311,AUT,FALSE,TRUE,TRUE,584.5730166,-207.4321133,151.6486224,179.9990208,-0.010376482,179.6218313,-10.8544891,4.110847772,1.934057632,-0.019694206,1.833756139,0.277570998,-55.49138374,69.24019318,67.83945694,-77.86474571,-63.68291564,74.23514099,14.67869911,1,1
13.69302106,2,1571917311,AUT,FALSE,TRUE,TRUE,585.020447,-170.468957,157.4443228,179.9661844,-0.022259519,179.7261594,-12.55053224,4.156459385,5.784672247,0.380249565,2.172085551,0.353179499,-53.46284065,68.05417099,68.36785812,-80.32746849,-63.41633789,74.00494651,18.99851646,1,1
13.79359007,2,1571917311,AUT,FALSE,TRUE,TRUE,585.020447,-170.468957,157.4443228,179.9661844,-0.022259519,179.7261594,-12.55053224,4.156459385,5.784672247,0.380249565,2.172085551,0.353179499,-53.46284065,68.05417099,68.36785812,-80.32746849,-63.41633789,74.00494651,18.99851646,1,1
13.89407587,2,1571917311,AUT,FALSE,TRUE,TRUE,590.6104721,-126.8185842,155.5051384,179.9649181,-0.01071198,179.7278235,-9.410205603,5.004055567,4.741103367,0.048576464,1.779676984,0.15055393,-49.88085136,67.58931541,68.11613044,-81.59289436,-63.25125183,73.31616898,23.56848564,1,1
13.99463892,2,1571917311,AUT,FALSE,TRUE,TRUE,590.6104721,-126.8185842,155.5051384,179.9649181,-0.01071198,179.7278235,-9.410205603,5.004055567,4.741103367,0.048576464,1.779676984,0.15055393,-49.88085136,67.58931541,68.11613044,-81.59289436,-63.25125183,73.31616898,23.56848564,1,1
14.09517002,2,1571917311,AUT,FALSE,TRUE,TRUE,605.6342644,-83.25036198,150.3531895,179.9302782,0.246081966,179.7628793,-11.22076959,4.516106476,1.127348038,0.083811617,1.620876612,0.317568932,-44.70414505,68.15843811,67.40067329,-80.35813064,-63.44016723,72.85257683,27.42016525,1,1
14.19572186,2,1571917312,AUT,FALSE,TRUE,TRUE,605.6342644,-83.25036198,150.3531895,179.9302782,0.246081966,179.7628793,-11.22076959,4.516106476,1.127348038,0.083811617,1.620876612,0.317568932,-40.09912948,69.19316483,66.8020935,-76.06971703,-63.43298767,73.82649421,28.15003853,1,1
14.29628897,2,1571917312,AUT,FALSE,TRUE,TRUE,628.9317413,-59.09276621,150.8246501,179.8432256,0.445509048,179.9932867,-12.99453519,0.301025217,2.097182225,-0.417573789,1.448225538,0.415992378,-40.09912948,69.19316483,66.8020935,-76.06971703,-63.43298767,73.82649421,28.15003853,1,1
14.39682102,2,1571917312,AUT,FALSE,TRUE,TRUE,657.2346226,-48.4420544,152.0280494,179.9332846,0.359895405,179.9963952,-6.728879136,4.483986946,2.405757468,0.285035857,0.409506451,0.075500245,-35.81276207,70.87504463,66.29271583,-69.33578109,-63.23892517,75.78720359,26.37648467,1,1
14.49731398,2,1571917312,AUT,FALSE,TRUE,TRUE,657.2346226,-48.4420544,152.0280494,179.9332846,0.359895405,179.9963952,-6.728879136,4.483986946,2.405757468,0.285035857,0.409506451,0.075500245,-35.81276207,70.87504463,66.29271583,-69.33578109,-63.23892517,75.78720359,26.37648467,1,1
14.59786201,2,1571917312,AUT,FALSE,TRUE,TRUE,687.4332915,-26.59924088,148.5662854,-179.9312731,0.08170903,179.7774326,1.048833846,7.733923442,1.11058736,0.424240198,0.315522917,-0.368116865,-31.35526542,73.03276634,66.15943794,-62.54259109,-63.33407226,77.73606148,24.78114281,1,1
14.69840193,2,1571917312,AUT,FALSE,TRUE,TRUE,687.4332915,-26.59924088,148.5662854,-179.9312731,0.08170903,179.7774326,1.048833846,7.733923442,1.11058736,0.424240198,0.315522917,-0.368116865,-31.35526542,73.03276634,66.15943794,-62.54259109,-63.33407226,77.73606148,24.78114281,1,1
14.79896903,2,1571917312,AUT,FALSE,TRUE,TRUE,702.5808333,3.507255956,140.7633328,-179.9422432,0.006730701,179.7490711,1.354254024,6.163606248,-2.471807318,0.054425485,0.25925279,-0.350792109,-25.87424469,75.19773216,65.72482223,-57.20003929,-63.77135559,78.61086845,25.5017395,1,1
14.89949703,2,1571917312,AUT,FALSE,TRUE,TRUE,711.7410085,34.14314303,142.6244719,-179.9375393,-0.157018449,179.8957875,7.089903817,2.509583551,-1.911205763,0.054425485,0.25925279,-0.350792109,-21.91359443,75.98294906,65.69489136,-53.87472153,-63.84574951,79.72561683,26.56755753,1,1
15.00020099,2,1571917312,AUT,FALSE,TRUE,TRUE,711.7410085,34.14314303,142.6244719,-179.9375393,-0.157018449,179.8957875,7.089903817,2.509583551,-1.911205763,-0.383472701,-0.755750033,-0.20472912,-21.91359443,75.98294906,65.69489136,-53.87472153,-63.84574951,79.72561683,26.56755753,1,1
15.10092902,2,1571917312,AUT,FALSE,TRUE,TRUE,709.495816,66.66262564,143.9586957,-179.9436766,-0.7429587,179.9505119,16.92113408,5.655690174,3.96427684,1.170980698,-0.271518779,-0.274874768,-18.8522953,76.08252639,65.72798767,-52.98732834,-63.56544982,80.58706512,28.82391243,1,1
15.20172286,2,1571917313,AUT,FALSE,TRUE,TRUE,709.495816,66.66262564,143.9586957,-179.9436766,-0.7429587,179.9505119,16.92113408,5.655690174,3.96427684,1.170980698,-0.271518779,-0.274874768,-17.10163764,75.70192909,65.67034377,-56.6469017,-63.7626654,79.55592956,34.0138916,1,1
15.30253887,2,1571917313,AUT,FALSE,TRUE,TRUE,691.4346465,105.0937125,137.3426634,179.8531922,-1.053901219,-179.8517723,18.38569118,-5.00659629,-3.263740806,-0.64346924,-0.118465897,1.010181207,-17.10163764,75.70192909,65.67034377,-56.6469017,-63.7626654,79.55592956,34.0138916,1,1
15.40314198,2,1571917313,AUT,FALSE,TRUE,TRUE,691.4346465,105.0937125,137.3426634,179.8531922,-1.053901219,-179.8517723,18.38569118,-5.00659629,-3.263740806,-0.64346924,-0.118465897,1.010181207,-17.10163764,75.70192909,65.67034377,-56.6469017,-63.7626654,79.55592956,34.0138916,1,1
15.50366497,2,1571917313,AUT,FALSE,TRUE,TRUE,658.2014856,132.5961768,140.3488761,179.8278992,-0.691189838,-179.6810632,5.400567841,-0.961030854,-6.226718682,0.397457296,0.24355733,1.000622732,-17.85037308,73.3444519,65.86381645,-64.65912437,-63.76185241,77.38742752,40.41521644,1,1
15.60421801,2,1571917313,AUT,FALSE,TRUE,TRUE,630.9456669,149.3349623,149.667538,179.9997838,-0.33176382,179.9625426,-12.25985984,14.1291944,6.194626884,1.497205527,2.663342663,-0.215507268,-19.07125625,70.87966919,66.59455146,-70.94561119,-63.21305786,75.81854896,44.62037773,1,1
15.70470285,2,1571917313,AUT,FALSE,TRUE,TRUE,630.9456669,149.3349623,149.667538,179.9997838,-0.33176382,179.9625426,-12.25985984,14.1291944,6.194626884,1.497205527,2.663342663,-0.215507268,-19.07125625,70.87966919,66.59455146,-70.94561119,-63.21305786,75.81854896,44.62037773,1,1
15.805233,2,1571917313,AUT,FALSE,TRUE,TRUE,613.5289283,179.9845094,144.6898405,-179.7885761,-0.008569585,179.6759489,-12.25985984,14.1291944,6.194626884,1.497205527,2.663342663,-0.215507268,-17.97347145,70.04146728,66.36764946,-74.17222023,-63.14346496,74.14984588,48.23893433,1,1
15.90579605,2,1571917313,AUT,FALSE,TRUE,TRUE,613.5289283,179.9845094,144.6898405,-179.7885761,-0.008569585,179.6759489,-12.3757581,15.30418137,4.933805618,1.18498345,2.166795326,-0.513843959,-17.97347145,70.04146728,66.36764946,-74.17222023,-63.14346496,74.14984588,48.23893433,1,1
16.00635195,2,1571917313,AUT,FALSE,TRUE,TRUE,601.643635,229.0691579,141.7526837,179.7753458,-0.558093468,-179.8960073,-12.3757581,15.30418137,4.933805618,1.18498345,2.166795326,-0.513843959,-12.04227562,71.03476524,66.22176819,-72.27942695,-63.39924865,75.00254974,52.84480133,1,1
16.10690594,2,1571917313,AUT,FALSE,TRUE,TRUE,601.643635,229.0691579,141.7526837,179.7753458,-0.558093468,-179.8960073,11.79172158,-1.219049081,-2.043501505,-0.162692935,-0.327780843,1.07130091,-12.04227562,71.03476524,66.22176819,-72.27942695,-63.39924865,75.00254974,52.84480133,1,1
16.20743203,2,1571917314,AUT,FALSE,TRUE,TRUE,583.3152891,252.3922408,144.0533951,179.7454111,-0.874529207,-179.5413916,18.50385954,-8.721665225,-1.90580338,-0.641405701,-0.602358585,1.617656788,-10.03031845,70.51545868,66.40892029,-73.58446884,-63.25774475,75.31801185,56.1103157,1,1
16.30796099,2,1571917314,AUT,FALSE,TRUE,TRUE,583.3152891,252.3922408,144.0533951,179.7454111,-0.874529207,-179.5413916,18.50385954,-8.721665225,-1.90580338,-0.641405701,-0.602358585,1.617656788,-10.03031845,70.51545868,66.40892029,-73.58446884,-63.25774475,75.31801185,56.1103157,1,1
16.4084959,2,1571917314,AUT,FALSE,TRUE,TRUE,542.4712893,269.9954517,146.6178798,179.7503662,-0.851148952,-179.5079294,7.021662675,-3.224703205,-1.961754021,0.162820286,0.685404944,1.496274947,-10.31102256,68.58028564,67.13506508,-80.28436775,-63.08114501,73.62609673,61.6379734,1,1
16.50906897,2,1571917314,AUT,FALSE,TRUE,TRUE,542.4712893,269.9954517,146.6178798,179.7503662,-0.851148952,-179.5079294,7.021662675,-3.224703205,-1.961754021,0.162820286,0.685404944,1.496274947,-10.31102256,68.58028564,67.13506508,-80.28436775,-63.08114501,73.62609673,61.6379734,1,1
16.60967398,2,1571917314,AUT,FALSE,TRUE,TRUE,493.7815032,270.3425036,146.5583769,179.9152016,-0.407302918,-179.7105731,-7.399154427,7.523170195,4.061891735,0.989739268,1.951080303,0.310462851,-12.01490936,65.27081223,67.48085632,-89.69200859,-63.04778503,70.12256355,67.95427436,1,1
23.30023098,3,1571917321,AUT,FALSE,FALSE,TRUE,471.7197307,-400.1147553,169.6217253,179.9857794,-0.04686574,179.9882557,-0.526147198,-1.599001683,4.759173908,-0.307352121,1.103053299,0.254885203,-76.16156273,66.98475494,67.80048981,-78.18245315,-61.95315673,74.95378761,-6.332179644,0.5,1
23.40089297,3,1571917321,AUT,FALSE,TRUE,TRUE,471.4090443,-400.5169949,165.9926956,179.9121606,-0.046432502,179.9135552,-7.190189117,1.69319426,3.437713606,0.219200061,1.428951933,0.717451028,-76.11550941,67.15816726,67.50511207,-78.17296371,-61.95804016,74.69620628,-6.334376913,1,1
23.50179505,3,1571917321,AUT,FALSE,TRUE,TRUE,471.4090443,-400.5169949,165.9926956,179.9121606,-0.046432502,179.9135552,-7.190189117,1.69319426,3.437713606,0.219200061,1.428951933,0.717451028,-75.19451179,68.43305168,66.59360733,-77.45261078,-62.72502868,73.53835373,-6.13840485,1,1
23.60254884,3,1571917321,AUT,FALSE,TRUE,TRUE,477.6070259,-400.9686331,151.4897002,179.9186129,0.13126046,179.946927,-9.720599471,-1.648800189,4.403042217,-0.569264473,1.317230015,0.52048684,-75.19451179,68.43305168,66.59360733,-77.45261078,-62.72502868,73.53835373,-6.13840485,1,1
23.70310497,3,1571917321,AUT,FALSE,TRUE,TRUE,491.1838443,-400.0573437,141.1212519,179.8516997,0.400267381,179.9464667,-7.538937313,-1.670772155,-2.883300876,-0.557534175,0.516084387,0.574443864,-73.45424995,70.15923729,66.39454193,-75.46620712,-63.77539855,73.4039875,-5.803823094,1,1
23.80361891,3,1571917321,AUT,FALSE,TRUE,TRUE,505.7817405,-399.4867713,142.0012291,179.8457198,0.372926535,179.9351498,-10.21718309,0.578234247,-0.101086887,-0.557534175,0.516084387,0.574443864,-71.57153663,71.10955467,66.70117034,-72.86880913,-64.12578002,74.44822769,-5.949491506,1,1
23.90420794,3,1571917321,AUT,FALSE,TRUE,TRUE,505.7817405,-399.4867713,142.0012291,179.8457198,0.372926535,179.9351498,-10.21718309,0.578234247,-0.101086887,0.091965498,1.267337185,0.746468496,-71.57153663,71.10955467,66.70117034,-72.86880913,-64.12578002,74.44822769,-5.949491506,1,1
24.00478888,3,1571917321,AUT,FALSE,TRUE,TRUE,524.3388777,-398.2426985,146.6140522,179.8472831,0.333136337,-179.9083305,-5.45223583,-0.350268729,-0.186104943,0.434116179,0.865025361,0.832514767,-69.01477775,71.81059227,66.8952095,-69.47974319,-64.1682312,75.79277229,-6.277512363,1,1
24.10534,3,1571917321,AUT,FALSE,TRUE,TRUE,548.2179653,-396.0813308,151.8287908,179.868083,0.101240786,-179.8747765,0.586590715,-0.779981504,4.702228737,0.609012617,0.304699149,0.581254998,-65.37766113,72.6737812,66.83795356,-64.58157806,-64.00685302,77.66511039,-7.007749562,1,1
24.20592284,3,1571917322,AUT,FALSE,TRUE,TRUE,548.2179653,-396.0813308,151.8287908,179.868083,0.101240786,-179.8747765,0.586590715,-0.779981504,4.702228737,0.609012617,0.304699149,0.581254998,-65.37766113,72.6737812,66.83795356,-64.58157806,-64.00685302,77.66511039,-7.007749562,1,1
24.30648899,3,1571917322,AUT,FALSE,TRUE,TRUE,564.5891409,-394.1203571,149.1941847,179.8455013,0.161165853,-179.8825128,-0.667055318,0.409425822,1.486994342,0.530233615,-0.072970749,0.566557799,-62.86964035,73.64950104,66.42737732,-61.28516121,-63.99945373,78.22441749,-7.499422075,1,1
24.40701199,3,1571917322,AUT,FALSE,TRUE,TRUE,580.5787588,-390.2264827,147.6810042,179.9148491,0.172522061,179.9844526,-0.802206049,2.463927543,-0.236084916,0.665745267,0.316399084,0.380864618,-60.46466789,74.65870514,66.35190811,-58.10353431,-64.0680194,78.96253738,-7.9703167,1,1
24.50755191,3,1571917322,AUT,FALSE,TRUE,TRUE,593.3574789,-382.6722419,148.4417902,-179.8235318,-0.107479276,179.8321409,6.430038605,8.576656589,1.061814803,1.128352426,-0.095844511,-0.535417752,-58.29366989,75.27227096,66.40181694,-55.70778694,-64.07625366,79.95663528,-8.160902025,1,1
24.60815287,3,1571917322,AUT,FALSE,TRUE,TRUE,593.3574789,-382.6722419,148.4417902,-179.8235318,-0.107479276,179.8321409,6.430038605,8.576656589,1.061814803,1.128352426,-0.095844511,-0.535417752,-58.29366989,75.27227096,66.40181694,-55.70778694,-64.07625366,79.95663528,-8.160902025,1,1
24.70870304,3,1571917322,AUT,FALSE,TRUE,TRUE,603.1517227,-364.2035317,147.5454635,-179.7263586,-0.376558322,179.5503003,10.16101406,11.59783873,0.502257303,0.918474683,-0.325285314,-1.442781784,-56.63835296,75.42651558,66.51426201,-55.60509567,-63.99999206,80.27638549,-6.652475744,1,1
24.80928206,3,1571917322,AUT,FALSE,TRUE,TRUE,608.8403849,-334.3603185,146.3550675,-179.6859179,-0.601339427,179.4035639,14.39525959,10.87657388,-0.046951804,0.564749531,-0.446041508,-1.23947694,-55.55908012,74.98641357,66.82568321,-58.25764503,-64.08068115,79.84904823,-3.152901081,1,1
24.9098959,3,1571917322,AUT,FALSE,TRUE,TRUE,608.0190977,-295.2310785,145.4349845,-179.8432057,-0.525725736,179.4299947,9.165218885,8.681415914,-0.369284584,0.441104505,0.169354826,-0.492267909,-55.13060303,73.73920097,67.05605964,-63.56859054,-64.10189025,78.37805443,2.199023431,1,1
25.01069498,3,1571917322,AUT,FALSE,TRUE,TRUE,602.4977633,-252.2574799,146.1862143,179.9999053,-0.273017583,179.5356278,-3.058259755,5.112676899,-1.277753446,0.143677938,1.031749232,0.166632336,-54.84418945,72.04471092,67.34898262,-69.79315223,-64.10601562,76.48223648,8.183866881,1,1
25.11151004,3,1571917322,AUT,FALSE,TRUE,TRUE,602.4977633,-252.2574799,146.1862143,179.9999053,-0.273017583,179.5356278,-3.058259755,5.112676899,-1.277753446,0.143677938,1.031749232,0.166632336,-54.84418945,72.04471092,67.34898262,-69.79315223,-64.10601562,76.48223648,8.183866881,1,1
25.21224189,3,1571917323,AUT,FALSE,TRUE,TRUE,598.3409754,-211.9858425,150.2443744,179.9055273,-0.004804553,179.6817442,-14.2621385,4.213358977,1.728500255,0.24525006,2.229337637,0.581184603,-53.91898956,70.44355659,67.83026619,-74.56075172,-64.09539184,75.248283,13.54093094,1,1
25.31272984,3,1571917323,AUT,FALSE,TRUE,TRUE,598.0258008,-173.8603418,154.574985,179.964592,-0.066629483,179.7009876,-9.601736923,3.426093636,4.221072997,0.257145364,1.798561058,0.214624794,-52.04179688,69.34713478,68.28789482,-77.3111618,-63.88024658,74.88377723,17.88425216,1,1
25.41328287,3,1571917323,AUT,FALSE,TRUE,TRUE,600.4200753,-137.6597355,152.9069787,-179.9661136,-0.081903115,179.6365323,-9.369866916,5.791072652,6.192356992,0.280729271,2.057479747,-0.04973962,-49.41945991,68.92295951,68.21874618,-78.87965927,-63.78358337,74.24821472,21.73538933,1,1
25.51388788,3,1571917323,AUT,FALSE,TRUE,TRUE,600.4200753,-137.6597355,152.9069787,-179.9661136,-0.081903115,179.6365323,-9.369866916,5.791072652,6.192356992,0.280729271,2.057479747,-0.04973962,-46.14506378,69.1300312,67.66657333,-79.00600548,-64.07289733,73.41735306,25.14222908,1,1
25.61437798,3,1571917323,AUT,FALSE,TRUE,TRUE,608.2160779,-104.6742135,147.3823713,179.8796965,0.20448781,179.7476454,-14.17218702,3.467094579,1.368364638,0.249343371,2.134562941,0.399754409,-46.14506378,69.1300312,67.66657333,-79.00600548,-64.07289733,73.41735306,25.14222908,1,1
25.71491885,3,1571917323,AUT,FALSE,TRUE,TRUE,624.6028911,-81.7588552,147.7397245,179.8912582,0.452908722,179.9372027,-14.33955886,3.072036188,-2.156120492,0.217734539,1.574809395,0.397077056,-42.47465858,69.71662559,67.25876426,-76.42051048,-64.14322082,73.86526222,26.41742248,1,1
25.81544495,3,1571917323,AUT,FALSE,TRUE,TRUE,645.3660314,-66.45807147,153.1627107,179.8772449,0.379616183,179.9067887,-9.304001409,4.129917984,3.22426385,0.403575392,0.892291489,0.298940047,-38.85742378,70.57611008,67.23259964,-71.87346496,-63.80771484,75.56342239,25.95654945,1,1
25.91592598,3,1571917323,AUT,FALSE,TRUE,TRUE,667.8255408,-53.48927263,154.8984876,179.9565204,0.35332048,179.9251968,-7.056746475,1.450176245,5.420357468,0.270268677,0.99358921,0.1671207,-35.10993576,71.87323837,66.99190636,-66.50685653,-63.74905883,77.13758468,24.85641289,1,1
26.01647997,3,1571917323,AUT,FALSE,TRUE,TRUE,667.8255408,-53.48927263,154.8984876,179.9565204,0.35332048,179.9251968,-7.056746475,1.450176245,5.420357468,0.270268677,0.99358921,0.1671207,-35.10993576,71.87323837,66.99190636,-66.50685653,-63.74905883,77.13758468,24.85641289,1,1
26.11700988,3,1571917323,AUT,FALSE,TRUE,TRUE,688.3705744,-38.67330266,153.3637556,-179.9707972,0.268154884,179.7612513,-3.388852085,10.468437,-0.219224891,1.313927732,0.421289224,-0.379905918,-31.29866867,73.4537796,66.70863418,-61.08540229,-63.76033081,78.47341232,23.779636,1,1
26.21754098,3,1571917324,AUT,FALSE,TRUE,TRUE,705.9385032,-17.17595672,151.8365743,-179.9643434,0.187903116,179.7492155,0.540266005,3.016401811,0.622143936,-0.161629327,-0.00937732,-0.134389723,-27.31408195,74.91914634,66.62751388,-56.18084793,-64.01351623,79.72654381,23.48944931,1,1
26.3180809,3,1571917324,AUT,FALSE,TRUE,TRUE,717.3834186,9.293626264,152.1281875,-179.8500081,-0.205888476,179.7412292,9.256172558,10.20717055,-0.466175104,1.020854493,-0.413997242,-0.634208056,-23.2841629,75.98862419,66.60266418,-52.09791641,-64.03240722,81.14081726,23.75097198,1,1
26.41865587,3,1571917324,AUT,FALSE,TRUE,TRUE,717.3834186,9.293626264,152.1281875,-179.8500081,-0.205888476,179.7412292,9.256172558,10.20717055,-0.466175104,1.020854493,-0.413997242,-0.634208056,-23.2841629,75.98862419,66.60266418,-52.09791641,-64.03240722,81.14081726,23.75097198,1,1
26.51916599,3,1571917324,AUT,FALSE,TRUE,TRUE,719.771461,42.41285964,152.1140158,-179.9878416,-0.542982416,179.8070492,16.58888637,6.720126275,-0.173330578,0.966493313,-1.011972801,-0.122311168,-19.91064262,76.43097496,66.61063957,-50.41127815,-64.02387634,81.88212318,25.79475174,1,1
26.61969995,3,1571917324,AUT,FALSE,TRUE,TRUE,711.6267785,72.15344472,151.9825809,179.7935194,-1.113476964,-179.7857706,26.94269896,-8.122349933,-0.611954631,-0.446195283,-1.136287222,1.256983094,-17.79175071,76.16458397,66.58421058,-51.47214889,-63.99928344,82.23885956,29.04094734,1,1
26.72072506,3,1571917324,AUT,FALSE,TRUE,TRUE,694.8727455,92.02696988,150.4286866,179.8305133,-1.296937064,-179.75971,25.60155334,-3.512278203,-0.522596016,0.218196357,-0.498273136,1.017542469,-17.87919502,75.18786506,66.57217369,-55.70982284,-63.72926147,81.23887024,32.56942634,1,1
26.82147789,3,1571917324,AUT,FALSE,TRUE,TRUE,668.3754082,112.3678444,146.4725867,-179.9161599,-0.80142181,179.8919123,3.322543271,11.11167693,1.015603664,1.489199271,1.150241548,-0.068604483,-19.28032264,73.59529381,66.68727951,-63.01524696,-63.7048059,78.44459381,37.40542603,1,1
26.92213392,3,1571917324,AUT,FALSE,TRUE,TRUE,668.3754082,112.3678444,146.4725867,-179.9161599,-0.80142181,179.8919123,3.322543271,11.11167693,1.015603664,1.489199271,1.150241548,-0.068604483,-19.28032264,73.59529381,66.68727951,-63.01524696,-63.7048059,78.44459381,37.40542603,1,1
27.02266192,3,1571917324,AUT,FALSE,TRUE,TRUE,638.5100956,140.8950942,146.3491997,-179.8813411,-0.199305034,179.6458951,-18.90748932,19.11328367,2.140560126,1.69218417,3.10198099,-0.309427557,-19.72512817,71.88475685,67.10171471,-69.79472122,-63.9682965,76.00525474,43.27656097,1,1
27.12315106,3,1571917324,AUT,FALSE,TRUE,TRUE,638.5100956,140.8950942,146.3491997,-179.8813411,-0.199305034,179.6458951,-18.90748932,19.11328367,2.140560126,1.69218417,3.10198099,-0.309427557,-19.72512817,71.88475685,67.10171471,-69.79472122,-63.9682965,76.00525474,43.27656097,1,1
27.22368002,3,1571917325,AUT,FALSE,TRUE,TRUE,620.3411782,184.4427578,151.3855704,-179.962585,0.137402314,179.54164,-17.98574087,18.95967757,6.680381626,1.623229392,2.657073234,-0.417828942,-17.56060181,70.73285408,67.35448951,-72.40764427,-63.89252929,75.35745277,48.19398308,1,1
27.32421398,3,1571917325,AUT,FALSE,TRUE,TRUE,609.576668,225.6276581,148.7278583,179.8131906,-0.694187837,179.8520409,14.83844569,3.283167807,-0.078623048,0.271567681,-0.524622005,0.809511994,-12.33521232,71.24873085,67.04504242,-70.715839,-63.35915954,76.22100219,51.41380806,1,1
27.42470503,3,1571917325,AUT,FALSE,TRUE,TRUE,609.576668,225.6276581,148.7278583,179.8131906,-0.694187837,179.8520409,14.83844569,3.283167807,-0.078623048,0.271567681,-0.524622005,0.809511994,-12.33521232,71.24873085,67.04504242,-70.715839,-63.35915954,76.22100219,51.41380806,1,1
27.52528095,3,1571917325,AUT,FALSE,TRUE,TRUE,582.9827999,259.0603546,144.3363772,179.6237893,-0.985731639,-179.6326002,17.01479518,-10.0925724,-1.769244684,-0.550697174,-0.049635268,2.294319037,-9.488428113,71.01622581,67.04277305,-73.06729431,-63.6598114,75.85888252,56.55112495,1,1
27.62584186,3,1571917325,AUT,FALSE,TRUE,TRUE,549.0279117,272.8074464,142.9369082,179.6711224,-0.90280391,-179.4103507,10.39626402,-7.978331528,-1.827784386,-0.15449162,0.795233438,2.026771425,-9.356818769,69.42420387,67.12867584,-78.71740494,-63.6937976,74.18235168,61.55567551,1,1
27.72633004,3,1571917325,AUT,FALSE,TRUE,TRUE,549.0279117,272.8074464,142.9369082,179.6711224,-0.90280391,-179.4103507,10.39626402,-7.978331528,-1.827784386,-0.15449162,0.795233438,2.026771425,-9.356818769,69.42420387,67.12867584,-78.71740494,-63.6937976,74.18235168,61.55567551,1,1
27.82685804,3,1571917325,AUT,FALSE,TRUE,TRUE,512.7367195,274.1879526,146.5290522,179.9208238,-0.491622119,-179.5707768,-1.54721564,4.257186378,-0.76235516,0.948403197,1.256642966,0.747487529,-10.89996528,66.93053398,67.62807312,-85.79586181,-63.5643402,71.85676231,66.00346984,1,1
27.92741394,3,1571917325,AUT,FALSE,TRUE,TRUE,486.0250393,268.4515556,149.6501661,179.9472214,-0.51143819,-179.7037282,-1.54721564,4.257186378,-0.76235516,0.948403197,1.256642966,0.747487529,-12.64984359,64.68250122,68.02356376,-91.22590599,-62.95415405,70.13009262,68.7286766,1,1
36.33047986,4,1571917334,AUT,FALSE,FALSE,TRUE,471.331394,-400.5077727,169.4935155,179.9416969,-0.065336616,179.9883088,7.585823983,-3.999170521,6.110186549,-0.603827179,0.37636243,0.711862079,-77.22546501,69.57518348,71.55096473,-78.17839164,-65.64570556,77.43302764,-5.081492619,0.5,1
36.43114686,4,1571917334,AUT,FALSE,TRUE,TRUE,475.900018,-398.5453372,170.5837655,179.8547841,0.364788363,-179.8763672,-17.22651185,-3.691567324,6.413891306,-0.460015569,2.051093777,0.975471511,-76.90864677,69.56445808,71.63557319,-78.03081436,-65.64584838,77.09170303,-4.684233856,1,1
36.53169298,4,1571917334,AUT,FALSE,TRUE,TRUE,475.900018,-398.5453372,170.5837655,179.8547841,0.364788363,-179.8763672,-17.22651185,-3.691567324,6.413891306,-0.460015569,2.051093777,0.975471511,-76.90864677,69.56445808,71.63557319,-78.03081436,-65.64584838,77.09170303,-4.684233856,1,1
36.63234186,4,1571917334,AUT,FALSE,TRUE,TRUE,496.9792967,-394.1880335,164.2396913,179.7118739,0.295512529,-179.8499808,-10.11488516,-5.632410611,8.54497972,-0.321604693,1.735951202,1.343391541,-73.77529793,70.15595169,70.69732018,-75.11720581,-65.64556823,77.31311188,-4.313500219,1,1
36.73287606,4,1571917334,AUT,FALSE,TRUE,TRUE,496.9792967,-394.1880335,164.2396913,179.7118739,0.295512529,-179.8499808,-10.11488516,-5.632410611,8.54497972,-0.321604693,1.735951202,1.343391541,-73.77529793,70.15595169,70.69732018,-75.11720581,-65.64556823,77.31311188,-4.313500219,1,1
36.83340287,4,1571917334,AUT,FALSE,TRUE,TRUE,529.4377225,-396.7780211,149.2141667,179.8300172,0.656518957,-179.8860418,-10.26485613,-2.835242161,-1.825242748,-0.471817889,0.426131173,0.939767609,-69.18810081,73.04939346,69.42368545,-69.08804969,-66.4502893,77.21863289,-5.501898194,1,1
36.93395996,4,1571917334,AUT,FALSE,TRUE,TRUE,556.7557616,-400.5905825,148.4053913,179.9300095,0.497052015,179.9878116,-1.960003332,2.494087856,-4.302692916,0.203012954,-0.043033474,0.359335147,-65.11594619,75.22864151,69.83391151,-62.37775154,-67.23594909,79.30506706,-7.258907319,1,1
37.034518,4,1571917334,AUT,FALSE,TRUE,TRUE,556.7557616,-400.5905825,148.4053913,179.9300095,0.497052015,179.9878116,-1.960003332,2.494087856,-4.302692916,0.203012954,-0.043033474,0.359335147,-65.11594619,75.22864151,69.83391151,-62.37775154,-67.23594909,79.30506706,-7.258907319,1,1
37.13502884,4,1571917334,AUT,FALSE,TRUE,TRUE,585.8968382,-397.0705948,157.9965657,-179.7866302,0.022340117,179.8457147,6.687980916,11.45167588,1.597076881,1.371326354,-0.309124856,-0.837529436,-61.00235252,76.28170509,70.29776115,-56.15483779,-67.35578796,82.27461662,-9.056737519,1,1
37.23581791,4,1571917335,AUT,FALSE,TRUE,TRUE,585.8968382,-397.0705948,157.9965657,-179.7866302,0.022340117,179.8457147,6.687980916,11.45167588,1.597076881,1.371326354,-0.309124856,-0.837529436,-61.00235252,76.28170509,70.29776115,-56.15483779,-67.35578796,82.27461662,-9.056737519,1,1
37.33635306,4,1571917335,AUT,FALSE,TRUE,TRUE,604.8074368,-363.984468,153.892187,-179.6412274,-0.632093397,179.4353047,18.55430244,11.55505502,0.977886359,1.371326354,-0.309124856,-0.837529436,-57.35662193,76.63083343,70.30537605,-54.24237899,-67.15786376,83.0140171,-6.378129963,1,1
37.43685007,4,1571917335,AUT,FALSE,TRUE,TRUE,604.8074368,-363.984468,153.892187,-179.6412274,-0.632093397,179.4353047,18.55430244,11.55505502,0.977886359,0.875856125,-0.539620208,-1.647258543,-57.35662193,76.63083343,70.30537605,-54.24237899,-67.15786376,83.0140171,-6.378129963,1,1
37.53769588,4,1571917335,AUT,FALSE,TRUE,TRUE,607.3842088,-313.3131088,145.623687,-179.7173289,-0.572303845,179.3996023,11.99803978,9.289160668,-4.814903737,0.405755019,-0.091109568,-0.910125838,-56.23536071,76.01432876,70.32823791,-61.40423927,-67.41717956,80.69650612,0.538343806,1,1
37.638237,4,1571917335,AUT,FALSE,TRUE,TRUE,607.3842088,-313.3131088,145.623687,-179.7173289,-0.572303845,179.3996023,11.99803978,9.289160668,-4.814903737,0.405755019,-0.091109568,-0.910125838,-56.43548355,74.179533,70.96236191,-69.10129852,-67.5271582,78.92949943,7.760903544,1,1
37.73874688,4,1571917335,AUT,FALSE,TRUE,TRUE,600.021879,-264.0231752,148.6193091,-179.9260176,-0.260456275,179.5456211,-0.667942866,5.488481681,-5.27722417,0.119592997,0.805206467,-0.073151467,-56.43548355,74.179533,70.96236191,-69.10129852,-67.5271582,78.92949943,7.760903544,1,1
37.83933997,4,1571917335,AUT,FALSE,TRUE,TRUE,591.728376,-212.4856167,160.1317966,-179.9654918,-0.056486791,179.5553805,-8.157636962,6.768695782,-0.355461349,0.476821992,1.280421244,-0.062929147,-55.9404499,72.04959984,72.26288566,-75.58520622,-67.26139892,78.1722496,14.51824722,1,1
37.93986201,4,1571917335,AUT,FALSE,TRUE,TRUE,591.728376,-212.4856167,160.1317966,-179.9654918,-0.056486791,179.5553805,-8.157636962,6.768695782,-0.355461349,0.476821992,1.280421244,-0.062929147,-55.9404499,72.04959984,72.26288566,-75.58520622,-67.26139892,78.1722496,14.51824722,1,1
38.04054999,4,1571917335,AUT,FALSE,TRUE,TRUE,584.8323624,-155.5801191,165.1330059,-179.9575108,0.031052994,179.6064432,-10.3610017,6.115804651,5.415341571,0.557509324,2.139057262,-0.016908197,-53.88187637,70.26986617,73.02891426,-81.01196479,-66.91940002,77.20140152,21.79068489,1,1
38.14152384,4,1571917335,AUT,FALSE,TRUE,TRUE,586.7344936,-110.0983205,162.7017793,179.9088109,0.324744982,179.7188505,-19.63806504,3.480195508,3.9634832,0.150433338,2.703486077,0.449386053,-50.55725898,69.58759804,72.76601143,-83.31077843,-66.93869201,75.97191124,27.12717018,1,1
38.24215794,4,1571917336,AUT,FALSE,TRUE,TRUE,586.7344936,-110.0983205,162.7017793,179.9088109,0.324744982,179.7188505,-19.63806504,3.480195508,3.9634832,0.150433338,2.703486077,0.449386053,-50.55725898,69.58759804,72.76601143,-83.31077843,-66.93869201,75.97191124,27.12717018,1,1
38.34267807,4,1571917336,AUT,FALSE,TRUE,TRUE,605.7492693,-75.14665148,158.8554763,179.9918156,0.558296225,179.8036752,-14.78765124,-0.061177166,4.342760869,-0.447840668,1.657425549,0.063199876,-45.51215171,70.09594574,71.76367034,-80.7889389,-66.90562316,75.76904182,29.45504951,1,1
38.44325304,4,1571917336,AUT,FALSE,TRUE,TRUE,605.7492693,-75.14665148,158.8554763,179.9918156,0.558296225,179.8036752,-14.78765124,-0.061177166,4.342760869,-0.447840668,1.657425549,0.063199876,-45.51215171,70.09594574,71.76367034,-80.7889389,-66.90562316,75.76904182,29.45504951,1,1
38.54380798,4,1571917336,AUT,FALSE,TRUE,TRUE,643.1117217,-44.5692119,155.3131772,179.9220448,0.576661613,179.8056457,-8.605253473,-3.339480547,3.448451022,-0.622075556,0.82648991,0.272682109,-39.85896148,72.09337005,70.741856,-73.21451797,-66.95351257,77.21395339,29.2228878,1,1
38.64432096,4,1571917336,AUT,FALSE,TRUE,TRUE,643.1117217,-44.5692119,155.3131772,179.9220448,0.576661613,179.8056457,-8.605253473,-3.339480547,3.448451022,-0.622075556,0.82648991,0.272682109,-39.85896148,72.09337005,70.741856,-73.21451797,-66.95351257,77.21395339,29.2228878,1,1
38.74489093,4,1571917336,AUT,FALSE,TRUE,TRUE,683.054479,-18.46336486,159.3594227,179.9336002,0.417362156,179.7865324,-2.07635463,8.171610495,-2.75230786,1.437252803,0.360131035,0.119695278,-32.60961227,74.06582108,70.53423843,-64.71709785,-67.05338928,80.12412529,27.15428237,1,1
38.84548402,4,1571917336,AUT,FALSE,TRUE,TRUE,683.054479,-18.46336486,159.3594227,179.9336002,0.417362156,179.7865324,-2.07635463,8.171610495,-2.75230786,1.437252803,0.360131035,0.119695278,-32.60961227,74.06582108,70.53423843,-64.71709785,-67.05338928,80.12412529,27.15428237,1,1
38.945997,4,1571917336,AUT,FALSE,TRUE,TRUE,709.7874182,12.0553325,167.1192749,-179.8306373,-0.100533253,179.7830851,12.84766,7.612851602,1.953962353,1.161330751,-1.121518081,-0.529748828,-25.99463424,75.66174659,70.62198143,-55.63520851,-66.99357971,83.06011161,25.62127075,1,1
39.04658985,4,1571917336,AUT,FALSE,TRUE,TRUE,709.7874182,12.0553325,167.1192749,-179.8306373,-0.100533253,179.7830851,12.84766,7.612851602,1.953962353,1.161330751,-1.121518081,-0.529748828,-20.58620567,76.58456726,70.53981743,-52.69831238,-66.87983276,83.77305221,28.56229362,1,1
39.14716697,4,1571917336,AUT,FALSE,TRUE,TRUE,710.1620769,66.68278442,160.9955892,-179.9888398,-0.878538614,179.9391686,21.38885938,2.797679929,2.451952698,0.861557668,-0.263346561,0.300377586,-20.58620567,76.58456726,70.53981743,-52.69831238,-66.87983276,83.77305221,28.56229362,1,1
39.24772,4,1571917337,AUT,FALSE,TRUE,TRUE,689.1560108,103.3867019,153.3643391,179.7818966,-1.144933929,-179.7843192,23.61091032,-8.870600303,1.416677626,-0.808888862,-0.480516559,1.314704595,-18.29021416,76.29924888,70.25690231,-57.06893119,-67.07195617,82.59458656,34.97311478,1,1
39.34834504,4,1571917337,AUT,FALSE,TRUE,TRUE,689.1560108,103.3867019,153.3643391,179.7818966,-1.144933929,-179.7843192,23.61091032,-8.870600303,1.416677626,-0.808888862,-0.480516559,1.314704595,-18.29021416,76.29924888,70.25690231,-57.06893119,-67.07195617,82.59458656,34.97311478,1,1
39.44892406,4,1571917337,AUT,FALSE,TRUE,TRUE,657.6742052,129.4390156,147.0585372,-179.9778792,-0.840391282,179.9837698,8.609136778,5.58088766,0.545613984,0.437705438,0.758310786,0.084586163,-19.29486236,74.98391075,70.23231697,-64.67836761,-67.0790863,79.95501823,40.80651855,1,1
39.54943895,4,1571917337,AUT,FALSE,TRUE,TRUE,657.6742052,129.4390156,147.0585372,-179.9778792,-0.840391282,179.9837698,8.609136778,5.58088766,0.545613984,0.437705438,0.758310786,0.084586163,-19.75545044,73.29562798,70.43891144,-73.16906548,-67.3870111,76.91365242,48.00239868,1,1
39.65023899,4,1571917337,AUT,FALSE,TRUE,TRUE,618.9547592,163.6452216,142.8007524,-179.8134981,-0.220273234,179.6661444,-18.11061054,18.92385767,4.749615599,1.26102657,3.41567878,-0.903830988,-19.75545044,73.29562798,70.43891144,-73.16906548,-67.3870111,76.91365242,48.00239868,1,1
39.75099897,4,1571917337,AUT,FALSE,TRUE,TRUE,595.6798102,196.3507099,139.6946035,-179.8033277,-0.311719422,179.6248374,-8.475437636,17.33229045,3.799750783,1.42172793,2.386737481,-0.909887785,-17.75797119,72.69440117,70.40315781,-76.44058456,-67.46992492,75.89358558,52.77609901,1,1
39.85168099,4,1571917337,AUT,FALSE,TRUE,TRUE,574.3140838,231.0583913,139.5558165,179.9886318,-0.525388963,179.8010003,3.398757999,2.984135432,-3.230706078,-0.14591686,1.072776661,0.215106508,-14.9310173,72.41836281,70.62258224,-78.12034263,-67.55100952,75.78188553,57.43841514,1,1
39.95235085,4,1571917337,AUT,FALSE,TRUE,TRUE,550.6326429,257.3944962,144.8583309,179.6168325,-0.555455686,-179.6066742,9.362210642,-12.58574073,-4.828784262,-1.154076101,0.001688067,2.140419197,-12.69111099,71.51781692,71.08367843,-80.33328094,-67.5561621,76.12579879,62.10964393,1,1
40.05288601,4,1571917337,AUT,FALSE,TRUE,TRUE,550.6326429,257.3944962,144.8583309,179.6168325,-0.555455686,-179.6066742,9.362210642,-12.58574073,-4.828784262,-1.154076101,0.001688067,2.140419197,-12.69111099,71.51781692,71.08367843,-80.33328094,-67.5561621,76.12579879,62.10964393,1,1
40.15337706,4,1571917338,AUT,FALSE,TRUE,TRUE,525.4130849,268.0470315,149.9766396,179.7477685,-0.739359048,-179.4996017,10.0374573,-8.114691946,1.702292332,-0.308874889,0.427546926,1.513271557,-12.40670929,70.01777114,71.47014656,-83.97319221,-66.86265563,75.60430183,65.4305809,1,1
40.25403404,4,1571917338,AUT,FALSE,TRUE,TRUE,497.367059,271.5512162,149.0216736,179.9970321,-0.50867203,-179.7953999,0.971993728,7.5421916,4.110626056,1.061012773,1.305002226,0.188133695,-13.18300666,68.41930504,71.51099853,-89.06915588,-66.65225097,73.56791725,68.85063171,1,1
46.75046206,5,1571917344,AUT,FALSE,FALSE,TRUE,471.9384199,-400.0076213,169.9440413,-179.9939906,-0.015154381,-179.999966,-2.136347511,-0.656393934,1.215530095,-0.315916905,0.747846069,0.216816119,-77.26594276,69.78859291,71.93346405,-78.18029709,-65.9726477,77.65165214,-4.978149038,0.5,1
46.85121703,5,1571917344,AUT,FALSE,FALSE,TRUE,471.9384199,-400.0076213,169.9440413,-179.9939906,-0.015154381,-179.999966,-2.136347511,-0.656393934,1.215530095,-0.315916905,0.747846069,0.216816119,-77.25124168,70.07200241,71.47744217,-78.16800613,-66.14960998,77.26164093,-4.982248313,0.5,1
46.95190406,5,1571917344,AUT,FALSE,TRUE,TRUE,470.8135651,-401.5668662,163.9446843,179.8917841,-0.148557794,-179.9831566,-2.863711925,0.184665727,4.952983208,0.049831309,1.190987716,0.506230367,-77.25124168,70.07200241,71.47744217,-78.16800613,-66.14960998,77.26164093,-4.982248313,1,1
47.05240297,5,1571917344,AUT,FALSE,TRUE,TRUE,475.9175824,-402.0448318,151.5010333,179.9896487,0.325299773,179.9804883,-11.28327249,-0.968252867,0.683345572,-0.203531957,1.183079881,0.590038181,-76.72394599,71.11418609,70.74781608,-77.77651519,-66.79344177,75.99365387,-4.97442055,1,1
47.15297294,5,1571917345,AUT,FALSE,TRUE,TRUE,475.9175824,-402.0448318,151.5010333,179.9896487,0.325299773,179.9804883,-11.28327249,-0.968252867,0.683345572,-0.203531957,1.183079881,0.590038181,-76.72394599,71.11418609,70.74781608,-77.77651519,-66.79344177,75.99365387,-4.97442055,1,1
47.25356698,5,1571917345,AUT,FALSE,TRUE,TRUE,497.1720173,-401.9710442,146.0610779,179.8344863,0.485006815,179.9661951,-13.47623139,-0.364692457,-1.569967289,0.020476868,1.644438211,0.777080401,-74.57503051,72.63907127,70.736483,-75.0622467,-67.68624023,76.68535995,-4.968920519,1,1
47.35411286,5,1571917345,AUT,FALSE,TRUE,TRUE,524.0331374,-400.089289,149.4511007,179.8973454,0.402192349,-179.9965761,-13.47623139,-0.364692457,-1.569967289,0.020476868,1.644438211,0.777080401,-70.18289566,74.0183155,71.02868156,-69.36433181,-67.93916198,78.36730156,-5.580199819,1,1
47.45464706,5,1571917345,AUT,FALSE,TRUE,TRUE,524.0331374,-400.089289,149.4511007,179.8973454,0.402192349,-179.9965761,-6.985510164,-0.784291363,3.06984651,-0.08961838,0.716094892,0.493718692,-70.18289566,74.0183155,71.02868156,-69.36433181,-67.93916198,78.36730156,-5.580199819,1,1
47.55514598,5,1571917345,AUT,FALSE,TRUE,TRUE,558.4790042,-392.1587726,147.6461883,179.9054329,0.282981021,-179.9738366,-6.985510164,-0.784291363,3.06984651,-0.08961838,0.716094892,0.493718692,-64.94497489,75.43028526,70.5125885,-63.21498184,-67.93877197,79.65020943,-6.028984456,1,1
47.65567303,5,1571917345,AUT,FALSE,TRUE,TRUE,558.4790042,-392.1587726,147.6461883,179.9054329,0.282981021,-179.9738366,-4.150398027,2.215955788,3.052094271,0.518850922,0.533581572,0.421913962,-64.94497489,75.43028526,70.5125885,-63.21498184,-67.93877197,79.65020943,-6.028984456,1,1
47.75620294,5,1571917345,AUT,FALSE,TRUE,TRUE,582.9375698,-382.1025907,143.167327,-179.989373,0.162962651,179.8829248,3.73869584,2.051259576,1.444687449,0.19580801,-0.3310701,-0.018923047,-60.99351882,76.68780784,70.07045403,-58.82770156,-67.94366088,80.35272674,-6.262952044,1,1
47.85677886,5,1571917345,AUT,FALSE,TRUE,TRUE,582.9375698,-382.1025907,143.167327,-179.989373,0.162962651,179.8829248,3.73869584,2.051259576,1.444687449,0.19580801,-0.3310701,-0.018923047,-57.77947883,77.38931923,70.05894241,-56.11299019,-67.95375183,81.43805236,-5.803507238,1,1
47.95731401,5,1571917345,AUT,FALSE,TRUE,TRUE,601.2115147,-366.2361912,143.0851093,-179.7283058,-0.33130636,179.7069462,18.65185316,9.090229066,-3.156551686,0.592646592,-2.433798681,-1.092951373,-57.77947883,77.38931923,70.05894241,-56.11299019,-67.95375183,81.43805236,-5.803507238,1,1
48.05787897,5,1571917345,AUT,FALSE,TRUE,TRUE,601.2115147,-366.2361912,143.0851093,-179.7283058,-0.33130636,179.7069462,18.65185316,9.090229066,-3.156551686,0.592646592,-2.433798681,-1.092951373,-56.46904678,76.74796829,70.72572326,-57.90214119,-67.90672485,82.19635963,-2.730027013,1,1
48.15839696,5,1571917346,AUT,FALSE,TRUE,TRUE,607.0206532,-338.8218736,149.9153453,-179.7265476,-0.865698025,179.5707442,20.16919385,10.56431974,-1.11266727,0.825394244,-0.662682067,-1.211705144,-56.46904678,76.74796829,70.72572326,-57.90214119,-67.90672485,82.19635963,-2.730027013,1,1
48.25892997,5,1571917346,AUT,FALSE,TRUE,TRUE,598.954063,-290.3387222,150.562746,-179.7815913,-0.649005674,179.5285487,0.479694219,12.80804169,6.429374186,1.620113366,1.688344872,-0.729262894,-57.14114227,74.80372467,71.1550209,-66.10476036,-67.63670837,80.29307441,4.252828213,1,1
48.359478,5,1571917346,AUT,FALSE,TRUE,TRUE,591.246179,-240.7366921,143.3578973,179.9702692,-0.104199168,179.4960895,-11.79180966,7.296236535,-0.194970253,0.503401345,1.904834699,0.260925429,-56.99942894,73.65917587,71.19110413,-73.52491264,-67.94256225,77.50434265,11.46927681,1,1
48.46011686,5,1571917346,AUT,FALSE,TRUE,TRUE,591.246179,-240.7366921,143.3578973,179.9702692,-0.104199168,179.4960895,-11.79180966,7.296236535,-0.194970253,0.503401345,1.904834699,0.260925429,-55.63304901,72.49457359,71.88030052,-78.71800918,-68.28845031,76.34016609,17.90715179,1,1
48.56079292,5,1571917346,AUT,FALSE,TRUE,TRUE,586.4223404,-192.3966371,145.4910057,179.8833927,0.119873773,179.5436499,-13.83837172,4.219827274,-4.110236895,0.083486595,1.7490795,0.855220515,-55.63304901,72.49457359,71.88030052,-78.71800918,-68.28845031,76.34016609,17.90715179,1,1
48.66178989,5,1571917346,AUT,FALSE,TRUE,TRUE,586.4168501,-151.3467094,154.5633892,179.8810267,0.12798171,179.6498947,-13.06014215,3.721563245,2.618169928,0.123587226,1.794398725,0.688332672,-53.37992134,71.30995216,72.77404518,-81.30970116,-68.04307067,76.52725983,22.76367187,1,1
48.76228404,5,1571917346,AUT,FALSE,TRUE,TRUE,592.8096609,-117.1284119,160.169839,179.8556229,0.238552468,179.776737,-16.90132996,5.505092275,6.066156215,0.887357521,2.364179373,0.641285694,-50.27204704,70.5492485,72.90589828,-81.73025779,-67.60049743,76.60704116,26.14569283,1,1
48.86283207,5,1571917346,AUT,FALSE,TRUE,TRUE,608.295447,-92.02798194,159.9036188,179.8881444,0.549055073,179.8471329,-19.55486658,0.849199309,6.905934777,-0.450965997,2.012562004,0.378801279,-46.56752586,70.7019104,72.255233,-79.67006721,-67.4062207,76.50600814,27.72479553,1,1
48.96336484,5,1571917346,AUT,FALSE,TRUE,TRUE,608.295447,-92.02798194,159.9036188,179.8881444,0.549055073,179.8471329,-19.55486658,0.849199309,6.905934777,-0.450965997,2.012562004,0.378801279,-46.56752586,70.7019104,72.255233,-79.67006721,-67.4062207,76.50600814,27.72479553,1,1
49.06395984,5,1571917346,AUT,FALSE,TRUE,TRUE,631.6562291,-71.08628045,156.9404466,179.9005679,0.501825082,179.9037893,-11.9218244,-0.079304909,5.899103579,-0.600868431,1.150264308,0.354086348,-42.01615791,71.75251923,71.32723503,-75.09733086,-67.23201599,77.18911743,27.80850105,1,1
49.16453099,5,1571917347,AUT,FALSE,TRUE,TRUE,656.1883884,-51.15889486,153.9986942,179.9244758,0.368295558,179.7576428,-4.046926732,1.346227209,2.661729181,-0.076881338,0.670876232,0.217550769,-37.39213943,73.30180091,70.7958744,-69.55670242,-67.23921203,78.32478103,27.21253051,1,1
49.26505804,5,1571917347,AUT,FALSE,TRUE,TRUE,656.1883884,-51.15889486,153.9986942,179.9244758,0.368295558,179.7576428,-4.046926732,1.346227209,2.661729181,-0.076881338,0.670876232,0.217550769,-37.39213943,73.30180091,70.7958744,-69.55670242,-67.23921203,78.32478103,27.21253051,1,1
49.36559796,5,1571917347,AUT,FALSE,TRUE,TRUE,684.0129766,-18.51454804,153.8733279,-179.9236257,0.138869109,179.6395677,1.252438045,14.94668654,-4.285451263,-0.102199712,-0.49839762,-0.139927266,-31.31803894,75.17093925,70.7516613,-62.54273872,-67.47814819,80.20979804,26.84075661,1,1
49.46614885,5,1571917347,AUT,FALSE,TRUE,TRUE,684.0129766,-18.51454804,153.8733279,-179.9236257,0.138869109,179.6395677,1.252438045,14.94668654,-4.285451263,-0.102199712,-0.49839762,-0.139927266,-31.31803894,75.17093925,70.7516613,-62.54273872,-67.47814819,80.20979804,26.84075661,1,1
49.56667995,5,1571917347,AUT,FALSE,TRUE,TRUE,704.0447706,28.94511301,160.9864244,-179.9770832,-0.08259138,179.793404,6.139563407,6.314896571,-0.346556486,0.393212472,-0.338692141,0.070571258,-24.32602386,76.13052635,70.83396949,-56.16148796,-67.48203735,82.41674538,28.04422645,1,1
49.66724801,5,1571917347,AUT,FALSE,TRUE,TRUE,703.7938914,70.77841579,163.0617895,179.9832821,-0.70957141,179.8711352,20.8198199,3.644988707,3.091849984,0.834669992,-0.792693605,0.417048229,-20.19719353,76.32047996,70.79879951,-54.37532386,-67.13186462,83.50639343,30.66054496,1,1
49.76778102,5,1571917347,AUT,FALSE,TRUE,TRUE,703.7938914,70.77841579,163.0617895,179.9832821,-0.70957141,179.8711352,20.8198199,3.644988707,3.091849984,0.834669992,-0.792693605,0.417048229,-20.19719353,76.32047996,70.79879951,-54.37532386,-67.13186462,83.50639343,30.66054496,1,1
49.86834002,5,1571917347,AUT,FALSE,TRUE,TRUE,686.9110786,109.084279,157.407313,179.7302239,-1.107182963,-179.8584224,22.04078477,-5.782095083,3.278813415,-0.174875425,-0.107643494,1.498275098,-18.15074615,76.04828338,70.74011536,-57.53047371,-67.1682019,82.85783271,35.72879562,1,1
49.96883106,5,1571917347,AUT,FALSE,TRUE,TRUE,664.3075758,130.9822444,149.3790694,179.6697148,-1.070796454,-179.6911666,13.8200776,-5.192482409,1.294102391,-0.149982297,0.437579964,1.721582721,-18.31828079,75.35067558,70.44939651,-62.84743766,-67.27787292,81.05570411,40.30280914,1,1
50.06936407,5,1571917347,AUT,FALSE,TRUE,TRUE,639.4361371,146.1373057,144.4601226,179.8898771,-0.509585227,179.9842342,-5.483388911,7.709213155,-3.603602288,0.628791461,1.65784729,0.641886192,-19.50742034,74.24380646,70.40930671,-69.07487983,-67.45019348,78.59516487,44.59991569,1,1
50.16999292,5,1571917348,AUT,FALSE,TRUE,TRUE,639.4361371,146.1373057,144.4601226,179.8898771,-0.509585227,179.9842342,-5.483388911,7.709213155,-3.603602288,0.628791461,1.65784729,0.641886192,-19.50742034,74.24380646,70.40930671,-69.07487983,-67.45019348,78.59516487,44.59991569,1,1
50.27082705,5,1571917348,AUT,FALSE,TRUE,TRUE,619.5494219,163.9292757,146.5534735,-179.9606638,-0.116347643,179.6490265,-18.30514884,19.4087866,2.618137947,1.632741206,3.032951357,-0.341092332,-19.74631119,73.16389846,70.85133476,-73.29015198,-67.52928955,77.28536109,48.174757,1,1
50.37170196,5,1571917348,AUT,FALSE,TRUE,TRUE,608.7017919,187.2973036,148.7483861,-179.9576511,-0.09649076,179.6215448,-12.45413714,17.45932386,4.056906352,1.451723617,2.284264344,-0.311320556,-18.0680397,72.71949806,71.02352829,-74.34040374,-67.4174707,77.13371887,50.85376968,1,1
50.47258186,5,1571917348,AUT,FALSE,TRUE,TRUE,596.4513708,223.837465,147.6430225,179.9582504,-0.417035992,179.8107808,-12.45413714,17.45932386,4.056906352,1.451723617,2.284264344,-0.311320556,-14.42961845,72.88261413,70.96279449,-74.00296211,-67.3409674,77.43492622,54.24625854,1,1
50.57310987,5,1571917348,AUT,FALSE,TRUE,TRUE,596.4513708,223.837465,147.6430225,179.9582504,-0.417035992,179.8107808,5.55094091,9.749021279,3.099562445,0.96390602,0.285854571,0.294745271,-14.42961845,72.88261413,70.96279449,-74.00296211,-67.3409674,77.43492622,54.24625854,1,1
50.67368603,5,1571917348,AUT,FALSE,TRUE,TRUE,577.5784244,251.1787302,145.0310733,179.6366168,-0.844700345,-179.7204834,12.65135109,-6.045757934,0.015016032,-0.307447242,0.354181296,1.937459804,-11.90761757,72.84335518,70.95399513,-75.14555053,-67.3983435,77.60297584,58.15447998,1,1
50.77423787,5,1571917348,AUT,FALSE,TRUE,TRUE,554.2412289,266.9613768,142.6466561,179.6168113,-0.81440296,-179.5419126,11.34590789,-9.732055827,-1.669457712,-0.851500071,0.508774301,2.099859175,-11.04566803,72.17782745,70.94027595,-78.44522209,-67.54123168,76.71981239,61.96196708,1,1
50.87477493,5,1571917348,AUT,FALSE,TRUE,TRUE,526.7512132,274.1469451,142.7075786,179.7688286,-0.705889835,-179.586253,5.112248085,-1.741509148,-2.467807115,0.132775381,0.636575304,1.205379195,-11.51478081,70.93169632,71.18521614,-83.24298248,-67.5308551,75.32435303,65.68804206,1,1
50.97529697,5,1571917348,AUT,FALSE,TRUE,TRUE,526.7512132,274.1469451,142.7075786,179.7688286,-0.705889835,-179.586253,5.112248085,-1.741509148,-2.467807115,0.132775381,0.636575304,1.205379195,-11.51478081,70.93169632,71.18521614,-83.24298248,-67.5308551,75.32435303,65.68804206,1,1
51.07582903,5,1571917348,AUT,FALSE,TRUE,TRUE,501.4705407,273.9585384,145.1695626,179.9163874,-0.493729927,-179.60097,0.41045768,3.289812201,0.771988056,0.613404087,1.197436378,0.708934989,-12.59784049,69.30650253,71.51083717,-88.0852993,-67.41038452,74.02737236,68.81984939,1,1
51.17632484,5,1571917349,AUT,FALSE,TRUE,TRUE,480.8879591,271.8775602,147.3965391,-179.9942247,-0.304069011,-179.7749918,-4.60098239,8.320043214,1.890570854,0.618293992,1.445062709,-0.281569554,-13.74359436,67.87226829,71.84389458,-92.0985466,-67.17733703,72.71192092,71.18555603,1,1
58.79134297,6,1571917356,AUT,FALSE,FALSE,TRUE,471.9247733,-400.0515815,169.9712683,179.9994866,-0.011467693,-179.9969035,0.335128318,-1.438994693,-1.507659726,-0.201267456,0.391532859,0.173103554,-77.43603172,70.28837814,72.64193802,-78.18035888,-66.66598388,78.13122253,-4.760255819,0.5,1
58.89243102,6,1571917356,AUT,FALSE,TRUE,TRUE,470.8580228,-400.9922745,168.3070748,179.9077485,-0.176829355,-179.9333562,-2.567348165,-1.292980091,5.733635146,-0.330322125,1.088930122,0.36893041,-77.44696998,70.29016342,72.41891212,-78.17808952,-66.66656066,78.06922188,-4.762226487,1,1
58.99291205,6,1571917356,AUT,FALSE,TRUE,TRUE,470.8580228,-400.9922745,168.3070748,179.9077485,-0.176829355,-179.9333562,-2.567348165,-1.292980091,5.733635146,-0.330322125,1.088930122,0.36893041,-77.44696998,70.29016342,72.41891212,-78.17808952,-66.66656066,78.06922188,-4.762226487,1,1
59.09350991,6,1571917356,AUT,FALSE,TRUE,TRUE,475.5514402,-399.1807716,156.3820793,179.9078596,0.261798437,179.9246846,-11.83141223,1.65215804,1.836541315,-0.259287588,1.084342257,0.314740283,-77.16357765,70.77783966,71.58022956,-78.14083557,-66.72953979,76.89074249,-4.546870425,1,1
59.19405198,6,1571917357,AUT,FALSE,TRUE,TRUE,490.628589,-392.4645115,150.6112406,179.8738891,0.364582142,-179.9762631,-10.96287477,-1.986965398,2.044204877,-0.259287588,1.084342257,0.314740283,-74.94901543,72.20077858,71.60824127,-76.65156669,-67.91252563,76.84327812,-3.51632195,1,1
59.29454899,6,1571917357,AUT,FALSE,TRUE,TRUE,490.628589,-392.4645115,150.6112406,179.8738891,0.364582142,-179.9762631,-10.96287477,-1.986965398,2.044204877,-0.279252454,1.209728718,0.62893477,-74.94901543,72.20077858,71.60824127,-76.65156669,-67.91252563,76.84327812,-3.51632195,1,1
59.39510107,6,1571917357,AUT,FALSE,TRUE,TRUE,508.3647774,-390.7889278,147.700703,179.8487331,0.464170673,-179.939194,-10.93548174,-2.773568243,1.742502324,-0.551963297,0.91087505,0.80827585,-72.46623916,73.29047126,71.50567703,-73.76134872,-68.36861206,77.33810577,-3.568417744,1,1
59.49563789,6,1571917357,AUT,FALSE,TRUE,TRUE,528.2775485,-392.2266329,148.188386,179.8260628,0.444682988,-179.9496362,-6.380485651,-1.507662188,-0.999181061,-0.30487412,0.38700739,0.788325771,-69.59763336,74.31248131,71.45163459,-69.70911712,-68.51145629,78.42831344,-4.405102163,1,1
59.59614301,6,1571917357,AUT,FALSE,TRUE,TRUE,549.0950718,-393.0098684,149.6303124,179.9258312,0.371211579,-179.9869041,-6.380485651,-1.507662188,-0.999181061,-0.30487412,0.38700739,0.788325771,-66.44377441,75.28282471,71.37826996,-65.11729545,-68.52136047,79.65457306,-5.553001787,1,1
59.69669104,6,1571917357,AUT,FALSE,TRUE,TRUE,549.0950718,-393.0098684,149.6303124,179.9258312,0.371211579,-179.9869041,-4.862060082,1.55049479,1.346322234,-0.22769931,0.233981561,0.362290894,-66.44377441,75.28282471,71.37826996,-65.11729545,-68.52136047,79.65457306,-5.553001787,1,1
59.79724598,6,1571917357,AUT,FALSE,TRUE,TRUE,576.2587173,-387.503389,148.5393141,-179.9750965,0.274596475,179.93323,-0.015092497,3.546167476,3.30296596,0.210023403,-0.107657518,-0.007990503,-62.18688812,76.52808723,71.08212318,-59.65835037,-68.5286499,80.84395294,-6.453420644,1,1
59.89779496,6,1571917357,AUT,FALSE,TRUE,TRUE,595.4013224,-374.8479493,146.0522882,-179.7953899,0.05399382,179.7341523,2.842243051,9.37744617,0.312710115,0.210023403,-0.107657518,-0.007990503,-59.03335533,77.39048309,70.90551796,-56.60976791,-68.53066589,81.55044594,-6.309980394,1,1
59.9983449,6,1571917357,AUT,FALSE,TRUE,TRUE,595.4013224,-374.8479493,146.0522882,-179.7953899,0.05399382,179.7341523,2.842243051,9.37744617,0.312710115,0.662874975,-0.155747969,-0.789505167,-59.03335533,77.39048309,70.90551796,-56.60976791,-68.53066589,81.55044594,-6.309980394,1,1
60.09895301,6,1571917357,AUT,FALSE,TRUE,TRUE,611.4501293,-350.8441834,145.1027069,-179.7331356,-0.33706858,179.5754373,17.5886109,9.928645129,-1.148153815,0.525421699,-1.453836111,-1.288233163,-56.23389129,77.72361946,70.93382835,-55.62868194,-68.54304748,82.10130386,-4.4125351,1,1
60.19944501,6,1571917358,AUT,FALSE,TRUE,TRUE,617.4277151,-314.031617,145.3085022,-179.7583738,-0.724997375,179.5541429,17.5886109,9.928645129,-1.148153815,0.525421699,-1.453836111,-1.288233163,-54.75661468,77.10773277,71.14377365,-58.78427124,-68.53770263,81.87233848,0.042225262,1,1
60.29998803,6,1571917358,AUT,FALSE,TRUE,TRUE,617.4277151,-314.031617,145.3085022,-179.7583738,-0.724997375,179.5541429,19.43277372,9.174701501,-0.273606956,0.494991642,-0.702868323,-1.137736434,-54.75661468,77.10773277,71.14377365,-58.78427124,-68.53770263,81.87233848,0.042225262,1,1
60.400985,6,1571917358,AUT,FALSE,TRUE,TRUE,612.0891733,-278.9602005,145.6925397,-179.8227223,-0.62321112,179.581817,6.73588085,8.51628532,1.048867512,0.787258191,0.854431052,-0.598982661,-54.99276237,75.91468963,71.43479804,-64.37957725,-68.50106323,80.61210022,5.069266888,1,1
60.50198388,6,1571917358,AUT,FALSE,TRUE,TRUE,603.5276744,-240.3103381,144.4543912,-179.9865203,-0.262125098,179.6556402,-8.961059314,4.246877046,2.719390714,0.356254301,1.872197609,0.01196323,-55.23331146,74.53319321,71.57775421,-70.70819321,-68.50950073,78.69271316,10.83754234,1,1
60.60254788,6,1571917358,AUT,FALSE,TRUE,TRUE,597.062471,-201.9007159,143.2794412,-179.9739698,-0.072297087,179.6082567,-11.87296001,7.11734551,1.636475031,0.452251013,2.173967773,0.048590663,-54.55949249,73.45791664,71.72584991,-75.60265045,-68.52416748,77.24021416,16.01946373,1,1
60.70311403,6,1571917358,AUT,FALSE,TRUE,TRUE,597.062471,-201.9007159,143.2794412,-179.9739698,-0.072297087,179.6082567,-11.87296001,7.11734551,1.636475031,0.452251013,2.173967773,0.048590663,-54.55949249,73.45791664,71.72584991,-75.60265045,-68.52416748,77.24021416,16.01946373,1,1
60.80358601,6,1571917358,AUT,FALSE,TRUE,TRUE,594.824553,-164.1735965,144.9279851,179.9722446,0.019042686,179.6884987,-11.47418798,3.271560453,1.731190507,-0.125842048,2.007953803,0.190523814,-52.89024352,72.62617607,72.05448189,-78.78106728,-68.6032196,76.547509,20.74283981,1,1
60.90414,6,1571917358,AUT,FALSE,TRUE,TRUE,598.0135117,-131.6853175,146.7673271,179.9875676,0.031646237,179.7856921,-9.96032835,2.891425181,4.273737517,0.071854808,2.128605645,0.026633426,-50.40009269,72.17362861,72.20779609,-79.9247097,-68.57174377,76.41620864,24.24271316,1,1
61.00467396,6,1571917358,AUT,FALSE,TRUE,TRUE,606.2737679,-103.5023189,144.4479105,-179.9897481,0.125074853,179.7962832,-10.8060104,2.841595774,6.278573515,-0.064338886,1.993431661,-0.10580897,-47.41813202,72.29682998,71.88180428,-79.48065605,-68.56736022,76.1483448,26.73675727,1,1
61.10519385,6,1571917358,AUT,FALSE,TRUE,TRUE,606.2737679,-103.5023189,144.4479105,-179.9897481,0.125074853,179.7962832,-10.8060104,2.841595774,6.278573515,-0.064338886,1.993431661,-0.10580897,-47.41813202,72.29682998,71.88180428,-79.48065605,-68.56736022,76.1483448,26.73675727,1,1
61.20577002,6,1571917359,AUT,FALSE,TRUE,TRUE,625.7067965,-73.97169215,140.3831343,179.970717,0.502101427,179.7739035,-16.18780076,1.818945242,2.210424049,-0.225895441,2.168180852,-0.098382893,-42.91067504,73.17647781,71.26432457,-76.52408752,-68.74405883,76.06349601,28.3823101,1,1
61.30630088,6,1571917359,AUT,FALSE,TRUE,TRUE,649.4800158,-56.88350805,142.292379,179.9670027,0.522114203,179.9048712,-12.50234547,1.810638347,-0.243808092,-0.793958075,0.945972766,0.084804335,-38.74895439,74.2509304,71.07251701,-71.38621444,-68.77301879,77.42863655,27.86896362,1,1
61.40679193,6,1571917359,AUT,FALSE,TRUE,TRUE,673.9842343,-42.84246317,146.8639141,179.9947464,0.320367341,179.9073162,-12.50234547,1.810638347,-0.243808092,-0.793958075,0.945972766,0.084804335,-34.46349677,75.42924156,71.13864441,-65.11817779,-68.63264099,79.4324707,26.37825966,1,1
61.5073359,6,1571917359,AUT,FALSE,TRUE,TRUE,673.9842343,-42.84246317,146.8639141,179.9947464,0.320367341,179.9073162,-3.385816724,8.934375779,0.074528294,1.200179634,0.293266192,-0.185328335,-34.46349677,75.42924156,71.13864441,-65.11817779,-68.63264099,79.4324707,26.37825966,1,1
61.60787201,6,1571917359,AUT,FALSE,TRUE,TRUE,697.9489473,-18.78964864,149.8561297,-179.8686267,0.126775686,179.8240912,2.433162786,8.860577717,2.804840144,1.278691666,-0.03761413,-0.549979778,-30.37692947,76.48381233,71.1842308,-59.68147316,-68.58543273,81.30876045,25.28478012,1,1
61.70838594,6,1571917359,AUT,FALSE,TRUE,TRUE,697.9489473,-18.78964864,149.8561297,-179.8686267,0.126775686,179.8240912,2.433162786,8.860577717,2.804840144,1.278691666,-0.03761413,-0.549979778,-25.23895683,77.65649299,71.06806755,-54.61416664,-68.64556091,82.21695556,25.76274719,1,1
61.80892992,6,1571917359,AUT,FALSE,TRUE,TRUE,710.2690639,8.964553777,148.9594704,-179.8386972,-0.046816927,179.8046482,7.344625532,6.366541985,0.902545777,0.199143024,-0.412782665,-0.594544453,-25.23895683,77.65649299,71.06806755,-54.61416664,-68.64556091,82.21695556,25.76274719,1,1
61.90946484,6,1571917359,AUT,FALSE,TRUE,TRUE,712.0747551,46.86005041,147.7758101,-179.9896923,-0.731404305,-179.9791377,25.88893424,-2.134336748,0.153966304,-0.11589589,-1.720375535,0.17220118,-21.17486343,78.18818664,71.02585945,-52.63409042,-68.64329223,83.23908577,28.14303131,1,1
62.00996399,6,1571917359,AUT,FALSE,TRUE,TRUE,712.0747551,46.86005041,147.7758101,-179.9896923,-0.731404305,-179.9791377,25.88893424,-2.134336748,0.153966304,-0.11589589,-1.720375535,0.17220118,-21.17486343,78.18818664,71.02585945,-52.63409042,-68.64329223,83.23908577,28.14303131,1,1
62.11094499,6,1571917359,AUT,FALSE,TRUE,TRUE,698.1744591,77.9078808,149.5046178,179.8874274,-0.976858095,-179.7671071,20.72187885,-3.587912889,-2.302823331,0.135979431,-0.69131109,0.666366566,-19.93316803,77.49135475,71.24334754,-55.69112205,-68.59387573,83.05205726,32.34257583,1,1
62.21160197,6,1571917360,AUT,FALSE,TRUE,TRUE,676.5409152,96.02477121,151.2239381,179.9687619,-1.122208814,-179.7221706,16.4578939,-0.192602413,5.767943449,0.53080406,0.432861546,0.523320266,-20.6901741,76.16877251,71.3973999,-60.99643021,-68.22365295,82.13814926,36.38316536,1,1
62.31234503,6,1571917360,AUT,FALSE,TRUE,TRUE,646.397628,116.6755159,143.6373864,-179.8709504,-0.717665366,179.9202426,-5.034332872,13.95472387,9.698821378,1.616341575,2.742717894,-0.389414354,-22.15016441,74.86657333,71.18284034,-68.55460167,-68.1001831,79.28086281,41.66025238,1,1
62.41296291,6,1571917360,AUT,FALSE,TRUE,TRUE,646.397628,116.6755159,143.6373864,-179.8709504,-0.717665366,179.9202426,-5.034332872,13.95472387,9.698821378,1.616341575,2.742717894,-0.389414354,-22.15016441,74.86657333,71.18284034,-68.55460167,-68.1001831,79.28086281,41.66025238,1,1
62.51357889,6,1571917360,AUT,FALSE,TRUE,TRUE,622.5841575,140.8344069,133.2553301,-179.922239,0.13557181,179.6964503,-27.06661529,19.29278592,-0.228510783,1.366585656,3.71300275,-0.625417595,-22.19694214,74.26714897,70.77499008,-74.19635925,-68.95694091,76.30241089,46.83930359,1,1
62.61409998,6,1571917360,AUT,FALSE,TRUE,TRUE,615.0224309,165.9192558,134.0266177,-179.8072372,0.179464067,179.5943833,-17.814298,19.76735486,0.637292182,1.227187009,2.355347126,-0.927766232,-20.19131584,74.25294228,71.03116379,-74.71224975,-69.14944885,76.26342659,49.28838615,1,1
62.71467805,6,1571917360,AUT,FALSE,TRUE,TRUE,608.9747887,198.9143019,136.3532392,-179.8824448,-0.404326311,179.6796637,7.214565942,12.16834712,0.712379269,0.871749239,-0.15404089,-0.576121979,-16.74913788,74.56887817,71.35572052,-73.31931724,-68.88295349,77.33343315,51.60698204,1,1
62.81522298,6,1571917360,AUT,FALSE,TRUE,TRUE,591.1587952,234.094205,136.2920206,179.7536427,-0.789039065,-179.8196513,16.32989513,-6.816872533,-1.01530939,-0.658284346,-0.199497269,1.564054454,-13.38623314,74.51782608,71.49619789,-73.90026398,-68.952453,77.86484871,55.92169075,1,1
62.91573,6,1571917360,AUT,FALSE,TRUE,TRUE,591.1587952,234.094205,136.2920206,179.7536427,-0.789039065,-179.8196513,16.32989513,-6.816872533,-1.01530939,-0.658284346,-0.199497269,1.564054454,-13.38623314,74.51782608,71.49619789,-73.90026398,-68.952453,77.86484871,55.92169075,1,1
63.01635599,6,1571917360,AUT,FALSE,TRUE,TRUE,563.4150296,260.4266994,136.6974162,179.7142717,-0.866170862,-179.6493739,15.3942415,-11.12522131,-3.04008692,-1.253687801,-0.126349378,1.654199101,-11.68400803,73.73300743,71.67669983,-77.2506237,-68.92664611,77.25990715,60.78159943,1,1
63.116925,6,1571917360,AUT,FALSE,TRUE,TRUE,529.319713,274.4237555,140.6615925,179.6359564,-0.662665646,-179.371163,6.998163551,-8.54809288,-4.055679206,-0.263580196,0.237706127,2.006168677,-11.52598686,72.14937286,72.14355011,-82.57959366,-68.92248779,76.36459694,65.94986,1,1
63.21743798,6,1571917361,AUT,FALSE,TRUE,TRUE,501.4853067,274.2868165,145.7420882,179.7912352,-0.396962776,-179.4425266,-2.45167867,-2.590478169,1.725371959,0.162026212,1.341338268,1.222606992,-12.76054802,70.14190292,72.57457809,-87.99240646,-68.52879272,75.03630867,69.41901969,1,1
63.31802988,6,1571917361,AUT,FALSE,TRUE,TRUE,501.4853067,274.2868165,145.7420882,179.7912352,-0.396962776,-179.4425266,-2.45167867,-2.590478169,1.725371959,0.162026212,1.341338268,1.222606992,-12.76054802,70.14190292,72.57457809,-87.99240646,-68.52879272,75.03630867,69.41901969,1,1
63.41861105,6,1571917361,AUT,FALSE,TRUE,TRUE,481.309635,267.8761903,148.1127877,-179.9485065,-0.294174733,-179.6837577,-2.220724076,9.380073549,3.796694381,1.205077657,1.247523666,-0.171904238,-14.44025459,68.41093826,72.68081588,-92.36667137,-67.93070251,73.41448631,71.19999618,1,1
69.6706109,7,1571917367,AUT,FALSE,FALSE,TRUE,471.933259,-399.9934058,169.8723015,-179.9941678,-0.01630551,179.9932812,-1.702328386,-0.56269773,0.476604745,-0.237063988,0.549313508,0.057199734,-77.65319366,70.97026863,73.57634582,-78.18012199,-67.58839599,78.78074455,-4.483108525,0.5,1
69.77126288,7,1571917367,AUT,FALSE,TRUE,TRUE,470.0632256,-401.9343923,166.3657648,179.902535,-0.147964411,179.9597917,-2.623193701,-1.715225894,6.61802045,-0.302662636,1.29245343,0.445243338,-77.75454597,71.08514099,73.21745338,-78.16856575,-67.58935729,78.57246093,-4.619441988,1,1
69.87179804,7,1571917367,AUT,FALSE,TRUE,TRUE,471.7566471,-403.3929307,158.1792822,179.942052,-0.047035033,-179.9388375,-9.143181573,0.350103502,6.073459527,0.013666418,1.589056219,0.537420877,-77.50246468,71.60336952,72.56927032,-77.94227486,-67.91804626,77.76493835,-4.714401631,1,1
69.972332,7,1571917367,AUT,FALSE,TRUE,TRUE,481.8694682,-400.2704867,148.9404908,179.9474147,0.479901319,179.902132,-9.143181573,0.350103502,6.073459527,0.013666418,1.589056219,0.537420877,-76.35905571,72.70729637,72.22724189,-77.0408535,-68.56036193,77.00045128,-4.329979706,1,1
70.07288599,7,1571917367,AUT,FALSE,TRUE,TRUE,481.8694682,-400.2704867,148.9404908,179.9474147,0.479901319,179.902132,-15.80259922,0.537544586,-0.67361636,-0.319547105,1.438218558,0.303079169,-76.35905571,72.70729637,72.22724189,-77.0408535,-68.56036193,77.00045128,-4.329979706,1,1
70.17341089,7,1571917368,AUT,FALSE,TRUE,TRUE,500.7254897,-394.8378362,147.9668356,179.8689232,0.665666692,179.9238128,-14.3913302,-2.549534339,-2.432109642,-0.408837645,1.47574388,0.595890841,-73.93771019,73.7879116,72.60708733,-74.65018386,-69.2551538,77.66759948,-3.746760181,1,1
70.27395296,7,1571917368,AUT,FALSE,TRUE,TRUE,524.6195074,-391.8808823,152.4207809,179.8617695,0.569820985,-179.938027,-10.91426941,-0.657122746,-1.536842725,0.211296523,1.145659384,0.764092683,-70.52872123,74.57491722,72.86801262,-70.51837005,-69.46008178,79.12051048,-4.007462313,1,1
70.37448788,7,1571917368,AUT,FALSE,TRUE,TRUE,548.4793794,-391.297027,157.276853,179.9074765,0.370622911,-179.8536558,-2.883256625,-2.291700058,2.840487655,0.003464347,0.105184491,0.561895061,-66.846595,75.26800689,72.81271706,-65.51156731,-69.38506713,80.72267761,-5.02955475,1,1
70.47500086,7,1571917368,AUT,FALSE,TRUE,TRUE,548.4793794,-391.297027,157.276853,179.9074765,0.370622911,-179.8536558,-2.883256625,-2.291700058,2.840487655,0.003464347,0.105184491,0.561895061,-66.846595,75.26800689,72.81271706,-65.51156731,-69.38506713,80.72267761,-5.02955475,1,1
70.57555294,7,1571917368,AUT,FALSE,TRUE,TRUE,569.5993483,-391.1335767,158.2346772,179.9650537,0.213585013,-179.8771888,0.019629564,1.093685151,3.583361105,0.402835664,-0.012106258,0.218484646,-63.39448814,76.15520782,72.51027718,-60.61454544,-69.31809448,81.90482368,-6.28663445,1,1
70.67608285,7,1571917368,AUT,FALSE,TRUE,TRUE,587.4816852,-385.5672892,154.299974,-179.824497,-0.075650259,179.8345632,8.150986254,10.04733071,2.983288751,1.357578802,-0.140173019,-0.645509527,-60.33695869,77.21698837,72.19368209,-56.70951347,-69.2984729,82.73041191,-7.078666306,1,1
70.77660203,7,1571917368,AUT,FALSE,TRUE,TRUE,587.4816852,-385.5672892,154.299974,-179.824497,-0.075650259,179.8345632,8.150986254,10.04733071,2.983288751,1.357578802,-0.140173019,-0.645509527,-60.33695869,77.21698837,72.19368209,-56.70951347,-69.2984729,82.73041191,-7.078666306,1,1
70.87713385,7,1571917368,AUT,FALSE,TRUE,TRUE,603.9598985,-360.1323557,146.8848827,-179.7060619,-0.364975573,179.4518384,15.88715398,11.79784153,-3.847774195,0.509705692,-1.104398077,-1.486598975,-58.08004417,77.96837082,72.08250732,-55.75084648,-69.42734252,82.77231445,-5.927227025,1,1
70.97770596,7,1571917368,AUT,FALSE,TRUE,TRUE,612.0067138,-328.4284619,148.4501336,-179.7273055,-0.439909222,179.465542,14.12139455,7.442138801,-4.46367771,0.216653617,-0.640374193,-0.917653083,-56.19781151,77.61907424,72.51062393,-58.43454208,-69.59873474,82.52230339,-1.269875337,1,1
71.07819486,7,1571917368,AUT,FALSE,TRUE,TRUE,611.8950676,-292.6614746,154.6099845,-179.7864808,-0.515007097,179.4912847,11.16393103,8.855157468,-0.519372586,0.699973134,-0.3337225,-0.806602984,-55.71737251,76.36550674,73.0966793,-62.88410454,-69.42537597,82.2059967,3.443348694,1,1
71.17873096,7,1571917369,AUT,FALSE,TRUE,TRUE,605.8497578,-250.8076056,158.9225326,-179.8462195,-0.368872154,179.5453746,-1.48566798,7.383562874,3.78749787,0.699973134,-0.3337225,-0.806602984,-55.63838768,74.81420631,73.66741905,-68.84355583,-69.19811279,81.15286102,9.304877469,1,1
71.27925897,7,1571917369,AUT,FALSE,TRUE,TRUE,605.8497578,-250.8076056,158.9225326,-179.8462195,-0.368872154,179.5453746,-1.48566798,7.383562874,3.78749787,0.573511283,1.227940044,-0.405341305,-55.63838768,74.81420631,73.66741905,-68.84355583,-69.19811279,81.15286102,9.304877469,1,1
71.37974191,7,1571917369,AUT,FALSE,TRUE,TRUE,595.8746956,-193.1998579,157.7818394,-179.9601506,-0.121570112,179.5716186,-9.742455669,6.534610578,3.549259958,0.582273251,1.552813762,0.009073447,-54.75216865,73.23667946,73.99849891,-76.21268005,-69.09216613,79.15938491,17.1875473,1,1
71.48057485,7,1571917369,AUT,FALSE,TRUE,TRUE,590.3778762,-146.9903408,154.6782979,179.9554234,0.041353295,179.6106507,-13.56713207,4.565224458,1.980981396,0.038041553,2.143604982,0.349034802,-52.84617119,72.39325561,74.01959609,-80.56967926,-69.19242187,77.71635818,23.18373756,1,1
71.58126402,7,1571917369,AUT,FALSE,TRUE,TRUE,590.3778762,-146.9903408,154.6782979,179.9554234,0.041353295,179.6106507,-13.56713207,4.565224458,1.980981396,0.038041553,2.143604982,0.349034802,-52.84617119,72.39325561,74.01959609,-80.56967926,-69.19242187,77.71635818,23.18373756,1,1
71.68189192,7,1571917369,AUT,FALSE,TRUE,TRUE,592.7118392,-108.7257711,153.8648223,179.9414137,0.197727739,179.6773097,-16.38707429,2.204456291,3.314108489,-0.609873444,2.467581086,0.363871447,-49.93943252,71.99436607,73.95808639,-82.12938423,-69.2618225,77.08023605,27.51226158,1,1
71.78245497,7,1571917369,AUT,FALSE,TRUE,TRUE,602.9303506,-77.67045193,152.9934427,179.9918334,0.306387833,179.7256272,-12.13529058,2.057187442,4.320580471,-0.059204723,1.813208853,0.036847098,-46.33922309,72.11475219,73.62663918,-81.1275032,-69.22690795,77.02358093,30.02904053,1,1
71.88300395,7,1571917369,AUT,FALSE,TRUE,TRUE,620.7321922,-53.34320034,151.0202927,179.9184505,0.479095146,179.8354255,-12.13529058,2.057187442,4.320580471,-0.059204723,1.813208853,0.036847098,-42.23754616,72.74478034,72.96989707,-78.02898788,-69.23364257,77.27984733,31.13453636,1,1
71.98351598,7,1571917369,AUT,FALSE,TRUE,TRUE,620.7321922,-53.34320034,151.0202927,179.9184505,0.479095146,179.8354255,-16.22469038,1.574775502,3.804789964,-0.389477626,1.72274857,0.316692285,-42.23754616,72.74478034,72.96989707,-78.02898788,-69.23364257,77.27984733,31.13453636,1,1
72.08406901,7,1571917369,AUT,FALSE,TRUE,TRUE,660.8281972,-35.1591584,148.4161043,179.9271957,0.361944926,179.9907768,-4.534798859,5.983433897,0.92818848,0.8256819,0.614983496,0.144446155,-35.67183151,74.76723289,71.87028923,-68.74985962,-69.11041442,79.06571617,28.81339645,1,1
72.18461204,7,1571917370,AUT,FALSE,TRUE,TRUE,684.1321962,-24.01481168,148.2314088,-179.959469,0.202297232,179.8214911,2.389961595,4.015751737,0.66695972,0.8256819,0.614983496,0.144446155,-31.77846565,76.28244323,71.81645279,-62.52085533,-69.17099304,80.56467704,26.8539196,1,1
72.28511405,7,1571917370,AUT,FALSE,TRUE,TRUE,684.1321962,-24.01481168,148.2314088,-179.959469,0.202297232,179.8214911,2.389961595,4.015751737,0.66695972,0.010491682,0.009342614,-0.12030392,-31.77846565,76.28244323,71.81645279,-62.52085533,-69.17099304,80.56467704,26.8539196,1,1
72.38571095,7,1571917370,AUT,FALSE,TRUE,TRUE,700.6555552,-6.317372636,150.1237319,-179.9109446,0.038166822,179.767868,6.327283444,9.435035664,-1.662789775,0.940326186,-0.372304916,-0.28024323,-28.08463554,77.30317955,71.94880714,-57.65363731,-69.29996704,81.9485836,26.1052185,1,1
72.48623896,7,1571917370,AUT,FALSE,TRUE,TRUE,709.0969816,20.48662808,151.285983,-179.8450007,-0.235907041,179.7821838,8.289916202,6.95443186,1.459906157,0.608633979,-0.846030251,-0.415882034,-24.48642769,77.88623771,71.98888664,-54.61510048,-69.29223266,82.91713829,26.83092384,1,1
72.58672285,7,1571917370,AUT,FALSE,TRUE,TRUE,709.0969816,20.48662808,151.285983,-179.8450007,-0.235907041,179.7821838,8.289916202,6.95443186,1.459906157,0.608633979,-0.846030251,-0.415882034,-24.48642769,77.88623771,71.98888664,-54.61510048,-69.29223266,82.91713829,26.83092384,1,1
72.68727994,7,1571917370,AUT,FALSE,TRUE,TRUE,703.995049,63.4184272,146.3838446,179.9507606,-0.926396365,179.9859852,18.82276789,-0.151132713,1.35607305,0.159724785,-0.105318603,0.599077841,-20.84489936,78.24632835,71.80885506,-54.5309349,-69.25645568,83.24064445,30.54958648,1,1
72.78782797,7,1571917370,AUT,FALSE,TRUE,TRUE,686.0874003,96.44957622,142.0431624,179.8829842,-0.980466879,-179.8350847,19.31845119,-5.725904518,-3.471540143,-0.669585424,-0.502380457,1.076486388,-19.78185883,77.74230651,71.73334808,-58.65430984,-69.38472656,82.18993949,35.48999061,1,1
72.88832998,7,1571917370,AUT,FALSE,TRUE,TRUE,686.0874003,96.44957622,142.0431624,179.8829842,-0.980466879,-179.8350847,19.31845119,-5.725904518,-3.471540143,-0.669585424,-0.502380457,1.076486388,-19.78185883,77.74230651,71.73334808,-58.65430984,-69.38472656,82.18993949,35.48999061,1,1
72.98886704,7,1571917370,AUT,FALSE,TRUE,TRUE,663.3826257,116.3096756,144.2006631,179.9785859,-0.866244853,-179.9129968,10.78658829,2.805233896,0.222755894,0.410819829,0.237914054,0.469214231,-20.46918067,76.52536125,72.07786216,-64.09099388,-69.29402343,81.11226997,39.79056816,1,1
73.08939195,7,1571917370,AUT,FALSE,TRUE,TRUE,635.7512851,139.551248,144.5223932,-179.8871917,-0.463971505,179.7942422,-9.397772563,14.38459279,4.558948219,1.478951082,2.626388319,-0.282715282,-21.16762276,75.11805038,72.3883255,-70.38540802,-69.22773193,79.29252548,44.85447921,1,1
73.18987894,7,1571917371,AUT,FALSE,TRUE,TRUE,615.2992473,165.8145616,141.3498276,-179.8469666,-0.082728181,179.6461572,-19.93636019,16.99330626,4.275273066,0.977806581,3.251797117,-0.845709433,-20.30117912,74.36519165,72.25061531,-74.25294914,-69.40925354,77.6866127,49.23291206,1,1
73.29063606,7,1571917371,AUT,FALSE,TRUE,TRUE,605.2088725,195.3262478,140.6645947,-179.7799344,-0.040921934,179.5611449,-9.693786055,18.76418081,0.603519773,1.479458632,1.841214419,-0.947292669,-17.78067856,74.32976074,72.23846511,-74.71845016,-69.46336669,77.44720344,52.12867126,1,1
73.39126301,7,1571917371,AUT,FALSE,TRUE,TRUE,605.2088725,195.3262478,140.6645947,-179.7799344,-0.040921934,179.5611449,-9.693786055,18.76418081,0.603519773,1.479458632,1.841214419,-0.947292669,-17.78067856,74.32976074,72.23846511,-74.71845016,-69.46336669,77.44720344,52.12867126,1,1
73.49220085,7,1571917371,AUT,FALSE,TRUE,TRUE,592.4359504,228.825569,143.1181285,179.918926,-0.551974258,179.9208984,11.74659958,2.276025367,-1.490133881,0.199214291,-0.570626174,0.516819556,-14.47118111,74.36328964,72.52660904,-74.38484688,-69.32813049,78.34029922,55.53962059,1,1
73.59274507,7,1571917371,AUT,FALSE,TRUE,TRUE,571.2170804,256.5488251,145.4400496,179.8012525,-0.742229513,-179.6786835,14.62294644,-8.100026005,-1.52538814,-0.205394121,-0.394468544,1.611652702,-12.06262779,73.9048954,72.86893272,-76.04162979,-69.32063781,78.63954963,59.62233581,1,1
73.69328094,7,1571917371,AUT,FALSE,TRUE,TRUE,542.3833153,272.9771861,146.6952471,179.6559784,-0.790552675,-179.4745958,12.07657318,-10.01292029,-0.356106238,-0.618771213,0.061762858,1.779861451,-11.37669639,72.76696586,73.06299591,-80.12863998,-69.09473144,77.88243026,64.16127204,1,1
73.79381394,7,1571917371,AUT,FALSE,TRUE,TRUE,542.3833153,272.9771861,146.6952471,179.6559784,-0.790552675,-179.4745958,12.07657318,-10.01292029,-0.356106238,-0.618771213,0.061762858,1.779861451,-11.37669639,72.76696586,73.06299591,-80.12863998,-69.09473144,77.88243026,64.16127204,1,1
73.89438391,7,1571917371,AUT,FALSE,TRUE,TRUE,507.6626003,277.1192078,147.4035099,-179.9838223,-0.384983463,-179.7000155,1.053130174,5.972544386,0.420103964,0.985599319,0.557229762,0.162404743,-12.17609253,71.26329116,73.15721054,-85.37818908,-69.03160949,76.23356094,68.604356,1,1
73.99492002,7,1571917371,AUT,FALSE,TRUE,TRUE,485.2024358,274.9335984,149.3877337,179.9709998,-0.240833054,-179.6235846,-2.86893568,6.279920541,-0.178932322,1.015727054,0.936320643,0.174054896,-13.6112194,69.42641487,73.49521523,-91.01007271,-68.73986206,74.62541656,71.43660049,1,1
80.42027807,8,1571917378,AUT,FALSE,FALSE,TRUE,471.9428604,-400.0505752,169.9979769,-179.9976789,-0.009489544,-179.991734,-0.711497021,-1.084348014,-2.233399554,-0.283960232,0.333695209,0.220464686,-77.86750259,71.66481743,74.55022888,-78.18087387,-68.54688171,79.4594799,-4.202819825,0.5,1
80.52104807,8,1571917378,AUT,FALSE,TRUE,TRUE,472.142299,-399.8420722,170.5934807,-179.9776372,0.003503592,179.9889446,-1.170627222,-0.470609762,-0.989540599,-0.199557131,0.287527618,0.073846859,-77.86523323,71.66317634,74.62603111,-78.16789284,-68.54702453,79.52417564,-4.204405981,1,1
80.62197685,8,1571917378,AUT,FALSE,TRUE,TRUE,471.9837795,-401.1661417,171.5985045,179.8512386,-0.07660328,-179.9775744,-0.126020499,-0.694357554,1.766780581,-0.199557131,0.287527618,0.073846859,-77.85192604,71.64828987,74.6956501,-77.94806328,-68.5481726,79.74279327,-4.208237463,1,1
80.72261286,8,1571917378,AUT,FALSE,TRUE,TRUE,471.9837795,-401.1661417,171.5985045,179.8512386,-0.07660328,-179.9775744,-0.126020499,-0.694357554,1.766780581,-0.173797671,0.2623648,0.386597732,-77.85192604,71.64828987,74.6956501,-77.94806328,-68.5481726,79.74279327,-4.208237463,1,1
80.82320189,8,1571917378,AUT,FALSE,TRUE,TRUE,472.538463,-401.8225922,169.4971171,179.8694042,-0.002297579,179.972833,-3.625249192,-0.472840994,3.421180509,-0.179091135,0.628746694,0.58019272,-77.79849815,71.79141083,74.54109649,-77.81629257,-68.56446533,79.54871292,-4.327071762,1,1
80.92372084,8,1571917378,AUT,FALSE,TRUE,TRUE,472.538463,-401.8225922,169.4971171,179.8694042,-0.002297579,179.972833,-3.625249192,-0.472840994,3.421180509,-0.179091135,0.628746694,0.58019272,-77.79849815,71.79141083,74.54109649,-77.81629257,-68.56446533,79.54871292,-4.327071762,1,1
81.02428985,8,1571917378,AUT,FALSE,TRUE,TRUE,481.1214892,-400.8078444,160.3733144,179.8891816,0.286549826,-179.9717147,-9.867953268,-3.144216571,2.850119116,-0.575064531,1.163824818,0.466784726,-77.05732269,72.45406151,74.11707229,-76.91345329,-69.17826599,78.83623238,-4.142274863,1,1
81.12490296,8,1571917378,AUT,FALSE,TRUE,TRUE,481.1214892,-400.8078444,160.3733144,179.8891816,0.286549826,-179.9717147,-9.867953268,-3.144216571,2.850119116,-0.575064531,1.163824818,0.466784726,-74.25408554,73.96464043,73.81156311,-74.05924644,-69.87346435,79.02887764,-4.155300525,1,1
81.22542191,8,1571917379,AUT,FALSE,TRUE,TRUE,499.2612401,-399.6398765,154.9492543,179.8678169,0.485279497,-179.9355825,-12.59713028,-2.318124707,0.136512856,-0.367127299,1.051061006,0.656232297,-74.25408554,73.96464043,73.81156311,-74.05924644,-69.87346435,79.02887764,-4.155300525,1,1
81.32599092,8,1571917379,AUT,FALSE,TRUE,TRUE,520.0802256,-398.3646084,152.748982,179.8620818,0.426553167,-179.9530695,-7.798108428,-2.463531906,4.245541188,-0.448933139,0.818092332,0.701191341,-71.21336861,75.08914261,73.70666084,-70.25923691,-70.23756225,79.8834835,-4.590197756,1,1
81.42654991,8,1571917379,AUT,FALSE,TRUE,TRUE,541.4379126,-397.7848665,149.6866097,179.8799433,0.386269835,-179.9243098,-6.040090512,-0.40123714,2.085612325,-0.006938558,0.565302939,0.634807439,-68.00892448,76.14655609,73.28931083,-66.05446014,-70.40002807,80.51440086,-5.361015706,1,1
81.52706099,8,1571917379,AUT,FALSE,TRUE,TRUE,562.1520889,-396.8360357,147.4725191,179.9298573,0.307965813,-179.9761796,-6.040090512,-0.40123714,2.085612325,-0.006938558,0.565302939,0.634807439,-64.69969482,77.16505737,72.89759674,-61.56966248,-70.40615295,81.27807426,-6.391155625,1,1
81.62764692,8,1571917379,AUT,FALSE,TRUE,TRUE,562.1520889,-396.8360357,147.4725191,179.9298573,0.307965813,-179.9761796,-3.482478102,2.133530672,0.735401013,0.190856817,0.335785055,0.418441783,-64.69969482,77.16505737,72.89759674,-61.56966248,-70.40615295,81.27807426,-6.391155625,1,1
81.72821689,8,1571917379,AUT,FALSE,TRUE,TRUE,581.7510989,-391.494488,146.7987853,-179.9424032,0.238042346,179.8591238,1.736610038,8.205488087,-2.143083166,1.013659611,-0.080764857,-0.249489018,-61.54149627,78.05504951,72.79199753,-57.60289421,-70.40638916,82.11199493,-7.09576035,1,1
81.82873797,8,1571917379,AUT,FALSE,TRUE,TRUE,597.8769567,-374.9329152,147.6741715,-179.6296122,-0.25081088,179.636074,15.7607558,11.93759411,1.234030132,1.069082851,-1.474200183,-1.363839788,-58.74653663,78.47600784,72.93332977,-55.53783188,-70.40386779,83.11169929,-6.473343663,1,1
81.9293189,8,1571917379,AUT,FALSE,TRUE,TRUE,606.6530376,-346.5286876,145.6656494,-179.6652247,-0.73861602,179.4709906,22.50021568,12.07069118,2.798413759,0.832082605,-1.00559297,-1.725602107,-57.00409126,78.38132286,72.98123359,-56.95698051,-70.37553405,83.29747467,-3.357624438,1,1
82.02995586,8,1571917379,AUT,FALSE,TRUE,TRUE,606.6530376,-346.5286876,145.6656494,-179.6652247,-0.73861602,179.4709906,22.50021568,12.07069118,2.798413759,0.832082605,-1.00559297,-1.725602107,-57.00409126,78.38132286,72.98123359,-56.95698051,-70.37553405,83.29747467,-3.357624438,1,1
82.130934,8,1571917379,AUT,FALSE,TRUE,TRUE,607.2346865,-306.2052324,141.3586582,-179.6138738,-0.671982472,179.3340949,16.31689765,11.52152953,-2.31736676,0.819568665,-0.549860051,-1.259507281,-56.61481133,77.73479804,73.084869,-62.21301841,-70.38479553,81.87863503,1.953691863,1,1
82.23159885,8,1571917380,AUT,FALSE,TRUE,TRUE,601.5048407,-258.2125964,141.6505731,-179.951437,-0.262963131,179.4203796,-1.249879755,6.658036253,-3.282853552,-0.076055499,0.758254118,-0.211291511,-56.6176609,76.41500358,73.5090065,-69.35428962,-70.55973083,80.06896706,9.089380644,1,1
82.33237791,8,1571917380,AUT,FALSE,TRUE,TRUE,594.2493668,-207.6956305,148.8849194,-179.9868146,0.022989223,179.5918395,-15.34388423,6.53084934,-1.710079732,0.549506139,2.064429089,0.404467595,-55.89584884,74.74514008,74.38371047,-75.659412,-70.60105041,79.13482704,16.01932296,1,1
82.43287802,8,1571917380,AUT,FALSE,TRUE,TRUE,594.2493668,-207.6956305,148.8849194,-179.9868146,0.022989223,179.5918395,-15.34388423,6.53084934,-1.710079732,0.549506139,2.064429089,0.404467595,-55.89584884,74.74514008,74.38371047,-75.659412,-70.60105041,79.13482704,16.01932296,1,1
82.53340697,8,1571917380,AUT,FALSE,TRUE,TRUE,591.4566132,-152.0030533,156.9925653,-179.9048587,0.101275959,179.646321,-14.49141844,7.533158812,6.645187219,0.591915229,2.046018221,0.045228843,-53.31506767,73.14201851,75.18092994,-80.11098976,-70.18735473,78.73080482,22.70568466,1,1
82.63395095,8,1571917380,AUT,FALSE,TRUE,TRUE,594.537785,-109.7080505,155.5795422,179.9680036,0.140009249,179.6627799,-14.42265412,5.991903622,6.740593057,0.261062219,2.234891493,0.118555263,-50.02383499,72.71893158,74.99449539,-81.59732666,-70.07170166,78.10404167,27.42861443,1,1
82.73443985,8,1571917380,AUT,FALSE,TRUE,TRUE,604.8093634,-72.69241326,149.7784894,179.8903342,0.347466802,179.7729446,-16.47457505,7.344390376,2.163227135,1.030703791,2.417324641,0.447364366,-45.89497719,72.98096924,74.21124229,-80.94227714,-70.24396179,77.41102066,30.80908356,1,1
82.83498001,8,1571917380,AUT,FALSE,TRUE,TRUE,604.8093634,-72.69241326,149.7784894,179.8903342,0.347466802,179.7729446,-16.47457505,7.344390376,2.163227135,1.030703791,2.417324641,0.447364366,-45.89497719,72.98096924,74.21124229,-80.94227714,-70.24396179,77.41102066,30.80908356,1,1
82.93556786,8,1571917380,AUT,FALSE,TRUE,TRUE,624.504069,-48.75126126,148.1281038,179.7455021,0.516055526,-179.9898871,-12.83939483,2.18494997,-4.231878843,0.532480031,1.423921983,0.749434228,-41.47707253,73.68196907,73.5132534,-77.36237183,-70.33726867,77.78966789,31.78139762,1,1
83.03607798,8,1571917380,AUT,FALSE,TRUE,TRUE,649.9012255,-36.02400287,152.9169594,179.9244315,0.450160019,179.9851614,-5.839319606,-1.772067269,2.382219296,-0.482390494,0.664823126,0.379523812,-37.39143906,74.61205101,73.42236557,-71.49006958,-70.08414916,79.43617859,30.16459121,1,1
83.13666987,8,1571917380,AUT,FALSE,TRUE,TRUE,675.3230314,-24.80697105,153.5026351,-179.9980892,0.267479432,179.9517256,-3.30705726,1.741680996,6.945079908,-0.300909986,0.65141088,0.056539621,-33.30941391,75.90677604,73.1649559,-64.87552757,-70.04437866,81.02041397,28.13097724,1,1
83.23723006,8,1571917381,AUT,FALSE,TRUE,TRUE,675.3230314,-24.80697105,153.5026351,-179.9980892,0.267479432,179.9517256,-3.30705726,1.741680996,6.945079908,-0.300909986,0.65141088,0.056539621,-33.30941391,75.90677604,73.1649559,-64.87552757,-70.04437866,81.02041397,28.13097724,1,1
83.33775902,8,1571917381,AUT,FALSE,TRUE,TRUE,700.924495,-5.705548738,144.6934153,-179.9584532,0.070812471,179.8465415,4.607002319,7.881145908,-0.850435975,0.750530749,-0.224020519,-0.118478921,-28.18083801,77.93081818,72.40647011,-57.89060554,-70.22462036,81.78066444,26.44630279,1,1
83.43832994,8,1571917381,AUT,FALSE,TRUE,TRUE,700.924495,-5.705548738,144.6934153,-179.9584532,0.070812471,179.8465415,4.607002319,7.881145908,-0.850435975,0.750530749,-0.224020519,-0.118478921,-28.18083801,77.93081818,72.40647011,-57.89060554,-70.22462036,81.78066444,26.44630279,1,1
83.53887486,8,1571917381,AUT,FALSE,TRUE,TRUE,715.350053,30.4227466,142.517135,-179.8969271,-0.353350258,179.8521563,18.12050814,1.633154585,-4.332068378,-0.001733109,-1.771235132,-0.159234429,-22.72351341,79.36365509,72.49957924,-52.51868591,-70.51594482,83.17443466,26.89660835,1,1
83.63934898,8,1571917381,AUT,FALSE,TRUE,TRUE,715.350053,30.4227466,142.517135,-179.8969271,-0.353350258,179.8521563,18.12050814,1.633154585,-4.332068378,-0.001733109,-1.771235132,-0.159234429,-22.72351341,79.36365509,72.49957924,-52.51868591,-70.51594482,83.17443466,26.89660835,1,1
83.74009991,8,1571917381,AUT,FALSE,TRUE,TRUE,709.7398763,65.30798972,149.5002556,179.9613193,-0.748025539,-179.8896028,18.65009831,-2.232527503,-1.007401041,0.0368307,-0.852746696,0.666734965,-20.03201408,78.88113556,72.86598358,-52.8715702,-70.42042968,84.10814896,30.15510178,1,1
83.84076691,8,1571917381,AUT,FALSE,TRUE,TRUE,687.9343667,93.47507942,153.1478828,179.8770249,-1.174954655,-179.7086152,21.95039939,-3.784756399,3.868153618,0.173623177,-0.196515135,0.918851641,-19.8162117,77.55621528,72.99861946,-57.78221168,-69.83090332,83.84345741,34.98680305,1,1
83.94161606,8,1571917381,AUT,FALSE,TRUE,TRUE,687.9343667,93.47507942,153.1478828,179.8770249,-1.174954655,-179.7086152,21.95039939,-3.784756399,3.868153618,0.173623177,-0.196515135,0.918851641,-19.8162117,77.55621528,72.99861946,-57.78221168,-69.83090332,83.84345741,34.98680305,1,1
84.04231787,8,1571917381,AUT,FALSE,TRUE,TRUE,650.8505735,123.5807755,144.6083001,-179.8639483,-0.699956584,179.8228872,-2.649974128,14.38582677,3.334942965,1.406912671,1.677822183,-0.421953318,-21.37877311,76.1884243,72.95309829,-67.18167801,-69.76827575,80.66956558,41.88155136,1,1
84.143852,8,1571917381,AUT,FALSE,TRUE,TRUE,650.8505735,123.5807755,144.6083001,-179.8639483,-0.699956584,179.8228872,-2.649974128,14.38582677,3.334942965,1.406912671,1.677822183,-0.421953318,-21.37877311,76.1884243,72.95309829,-67.18167801,-69.76827575,80.66956558,41.88155136,1,1
84.24435902,8,1571917382,AUT,FALSE,TRUE,TRUE,618.9317052,160.7048119,138.7053403,-179.8518555,0.095145713,179.5958146,-25.79934284,19.2248345,2.973836915,1.550916697,3.680112913,-0.690964906,-20.91094436,75.25525246,73.00405426,-73.90442848,-70.51774108,78.0391468,48.79152946,1,1
84.34491205,8,1571917382,AUT,FALSE,TRUE,TRUE,618.9317052,160.7048119,138.7053403,-179.8518555,0.095145713,179.5958146,-25.79934284,19.2248345,2.973836915,1.550916697,3.680112913,-0.690964906,-20.91094436,75.25525246,73.00405426,-73.90442848,-70.51774108,78.0391468,48.79152946,1,1
84.44545102,8,1571917382,AUT,FALSE,TRUE,TRUE,605.4025763,205.5218671,139.5641499,-179.8408902,-0.248252095,179.7265457,3.731776178,15.3545863,0.815249816,1.556888163,-0.03187872,-0.312530423,-17.55750503,75.28514557,73.08987121,-73.73320656,-70.44558288,78.44761848,52.87693634,1,1
84.54595304,8,1571917382,AUT,FALSE,TRUE,TRUE,605.4025763,205.5218671,139.5641499,-179.8408902,-0.248252095,179.7265457,3.731776178,15.3545863,0.815249816,1.556888163,-0.03187872,-0.312530423,-17.55750503,75.28514557,73.08987121,-73.73320656,-70.44558288,78.44761848,52.87693634,1,1
84.64648104,8,1571917382,AUT,FALSE,TRUE,TRUE,568.2743217,257.9036828,140.4495753,179.7921306,-0.89696098,-179.6171112,14.87092566,-8.86222835,0.303817836,-0.644937243,0.036870725,1.449304056,-12.25636139,74.85520248,73.58812866,-76.43138351,-70.38142822,78.90508575,60.27722396,1,1
84.74703407,8,1571917382,AUT,FALSE,TRUE,TRUE,568.2743217,257.9036828,140.4495753,179.7921306,-0.89696098,-179.6171112,14.87092566,-8.86222835,0.303817836,-0.644937243,0.036870725,1.449304056,-12.25636139,74.85520248,73.58812866,-76.43138351,-70.38142822,78.90508575,60.27722396,1,1
84.84751701,8,1571917382,AUT,FALSE,TRUE,TRUE,520.5001383,277.3159593,139.000189,179.6771769,-0.589599135,-179.3660147,2.864797933,-9.289058803,-1.205106266,-0.740037891,0.971901515,1.686018009,-11.87169571,72.98634224,73.56237259,-84.08371811,-70.46801696,76.95820198,67.69008408,1,1
84.94805384,8,1571917382,AUT,FALSE,TRUE,TRUE,490.9870136,272.4355425,140.3238623,179.9201003,-0.395968019,-179.5691668,-2.353624929,5.185506772,1.238719541,0.621308593,1.213702426,0.130781155,-13.69873581,71.23279037,73.73934517,-90.17364921,-70.24087463,75.11732254,71.06323013,1,1
91.97034502,9,1571917389,AUT,FALSE,FALSE,TRUE,471.8900233,-400.1475995,169.8570889,179.98725,-0.031503543,-179.9930583,0.631855131,-1.865887314,1.571784929,-0.375303315,0.498509972,0.245002883,-77.92130813,71.85042457,74.79445495,-78.17961044,-68.79047607,79.63984107,-4.129860306,0.5,1
92.07114506,9,1571917389,AUT,FALSE,TRUE,TRUE,470.6752559,-400.9195116,168.0993451,179.9078622,-0.222510974,-179.9245119,-0.967083523,-1.25481138,5.798983667,-0.316720181,0.876107592,0.341156741,-77.91387176,71.8517601,74.53421974,-78.17947654,-68.79188232,79.6142498,-4.1311409,1,1
92.17181993,9,1571917390,AUT,FALSE,TRUE,TRUE,475.2352188,-400.543474,161.0532441,179.9497973,0.277246696,-179.9899513,-14.91625735,-0.892864666,4.242475857,-0.154911148,1.844121817,0.685657188,-77.46934089,72.26671028,73.88098297,-77.87983131,-68.88319519,78.53088798,-4.127474219,1,1
92.27252793,9,1571917390,AUT,FALSE,TRUE,TRUE,475.2352188,-400.543474,161.0532441,179.9497973,0.277246696,-179.9899513,-14.91625735,-0.892864666,4.242475857,-0.154911148,1.844121817,0.685657188,-77.46934089,72.26671028,73.88098297,-77.87983131,-68.88319519,78.53088798,-4.127474219,1,1
92.37307692,9,1571917390,AUT,FALSE,TRUE,TRUE,493.3462565,-395.7273189,156.8035906,179.9012007,0.584350048,-179.9391745,-14.08742744,-2.998779038,3.338049152,-0.286078725,1.445650737,0.638825466,-75.13221244,73.41226158,73.92275161,-75.67005844,-69.59518615,78.77169799,-3.545768744,1,1
92.47360492,9,1571917390,AUT,FALSE,TRUE,TRUE,493.3462565,-395.7273189,156.8035906,179.9012007,0.584350048,-179.9391745,-14.08742744,-2.998779038,3.338049152,-0.286078725,1.445650737,0.638825466,-75.13221244,73.41226158,73.92275161,-75.67005844,-69.59518615,78.77169799,-3.545768744,1,1
92.57415986,9,1571917390,AUT,FALSE,TRUE,TRUE,530.7583846,-389.2225768,151.1131979,179.8383779,0.542443302,-179.9172978,-7.851067736,-1.450400291,-1.008702331,-0.286078725,1.445650737,0.638825466,-69.74946784,75.34114151,73.62234764,-69.70107651,-70.37763244,79.76983681,-3.6477768,1,1
92.67469501,9,1571917390,AUT,FALSE,TRUE,TRUE,530.7583846,-389.2225768,151.1131979,179.8383779,0.542443302,-179.9172978,-7.851067736,-1.450400291,-1.008702331,0.182144835,1.054220921,0.722934862,-69.74946784,75.34114151,73.62234764,-69.70107651,-70.37763244,79.76983681,-3.6477768,1,1
92.77518892,9,1571917390,AUT,FALSE,TRUE,TRUE,571.3085636,-386.3648611,149.7135895,179.9687917,0.263394341,179.9941808,2.877122425,0.77291171,-1.502989048,-0.187945287,-0.801819864,0.246393196,-63.40071601,77.28385734,73.27942657,-61.08080177,-70.61639282,81.72462387,-5.4779789,1,1
92.87573791,9,1571917390,AUT,FALSE,TRUE,TRUE,591.2167613,-381.9551939,153.5456522,-179.8367561,-0.015200481,179.9015822,10.19343293,8.028953977,-1.966131865,0.849053975,-1.302302961,-0.540219028,-60.02450409,77.96665077,73.36070137,-56.5214859,-70.606203,83.19740638,-6.528412631,1,1
92.97628593,9,1571917390,AUT,FALSE,TRUE,TRUE,591.2167613,-381.9551939,153.5456522,-179.8367561,-0.015200481,179.9015822,10.19343293,8.028953977,-1.966131865,0.849053975,-1.302302961,-0.540219028,-57.63725738,78.08000221,73.62048339,-54.71011161,-70.45550903,84.46889191,-6.010568625,1,1
93.07678699,9,1571917390,AUT,FALSE,TRUE,TRUE,603.8526091,-367.5047844,157.83334,-179.6289263,-0.523574358,179.6493899,24.76348579,12.3931475,-0.919747754,1.319540803,-2.40027856,-1.594173249,-57.63725738,78.08000221,73.62048339,-54.71011161,-70.45550903,84.46889191,-6.010568625,1,1
93.17733598,9,1571917391,AUT,FALSE,TRUE,TRUE,607.9603598,-343.4908362,157.5271905,-179.6859137,-0.902841356,179.5889969,24.58877483,9.237447662,2.676690277,0.745468929,-1.06810626,-1.480609739,-56.70684242,77.69517517,73.69299659,-56.77272606,-70.3230194,84.45544052,-3.051929856,1,1
93.27793288,9,1571917391,AUT,FALSE,TRUE,TRUE,605.1940127,-309.3601398,151.7283414,-179.7306501,-0.691640438,179.5037883,7.459555931,12.77033856,2.174235847,1.471491502,0.8234668,-1.119139666,-57.00541305,77.04635009,73.70252723,-62.31621437,-70.28897277,82.76289024,1.829831313,1,1
93.37844086,9,1571917391,AUT,FALSE,TRUE,TRUE,599.3629082,-265.0601652,146.5608617,-179.888967,-0.232906532,179.4319735,-5.203891441,9.768055138,-2.89756147,0.569912113,1.392084627,-0.314789278,-57.20371627,76.15294876,73.87223167,-69.1203598,-70.46622619,80.56882782,8.302145,1,1
93.47897792,9,1571917391,AUT,FALSE,TRUE,TRUE,599.3629082,-265.0601652,146.5608617,-179.888967,-0.232906532,179.4319735,-5.203891441,9.768055138,-2.89756147,0.569912113,1.392084627,-0.314789278,-57.20371627,76.15294876,73.87223167,-69.1203598,-70.46622619,80.56882782,8.302145,1,1
93.57951689,9,1571917391,AUT,FALSE,TRUE,TRUE,592.1768655,-199.0741088,153.6924218,-179.9743185,0.108625026,179.4490057,-13.20211508,7.928525126,-4.506288738,0.514365616,1.664803542,0.234092509,-56.03621292,74.51823806,75.17999954,-76.81814689,-70.66636413,79.44284248,17.16647415,1,1
93.68008089,9,1571917391,AUT,FALSE,TRUE,TRUE,592.1768655,-199.0741088,153.6924218,-179.9743185,0.108625026,179.4490057,-13.20211508,7.928525126,-4.506288738,0.514365616,1.664803542,0.234092509,-56.03621292,74.51823806,75.17999954,-76.81814689,-70.66636413,79.44284248,17.16647415,1,1
93.78086901,9,1571917391,AUT,FALSE,TRUE,TRUE,591.1509065,-123.9996778,165.7073093,179.9924004,0.173981465,179.6115542,-15.11212026,6.812012199,5.102370782,0.846003899,2.499651391,0.089637804,-51.87007713,72.55384483,76.25631638,-81.50596847,-70.08722534,79.31474876,25.99361458,1,1
93.88154984,9,1571917391,AUT,FALSE,TRUE,TRUE,600.5430223,-82.34740584,163.0327822,179.882803,0.281581475,179.9121177,-17.27037862,0.910617379,9.283210729,0.533661201,2.622037081,0.407526488,-47.2996582,72.20118026,75.45495987,-81.36628761,-69.901875,78.68364601,30.06696739,1,1
93.98223686,9,1571917391,AUT,FALSE,TRUE,TRUE,600.5430223,-82.34740584,163.0327822,179.882803,0.281581475,179.9121177,-17.27037862,0.910617379,9.283210729,0.533661201,2.622037081,0.407526488,-47.2996582,72.20118026,75.45495987,-81.36628761,-69.901875,78.68364601,30.06696739,1,1
94.082829,9,1571917391,AUT,FALSE,TRUE,TRUE,618.8295236,-57.22531004,154.1252596,179.8791582,0.407576505,179.9465522,-16.26257679,0.911914837,3.017151751,0.627328947,2.228449469,0.281188427,-42.87787056,73.00002365,73.96330146,-78.25525131,-69.8680371,78.1301651,31.12256812,1,1
94.18336797,9,1571917392,AUT,FALSE,TRUE,TRUE,651.2899574,-38.68949227,152.9130618,179.995288,0.531549249,179.8770177,-16.26257679,0.911914837,3.017151751,0.627328947,2.228449469,0.281188427,-37.54499359,74.65673446,73.31032219,-71.15064354,-69.97829589,79.28674736,29.64477653,1,1
94.28388286,9,1571917392,AUT,FALSE,TRUE,TRUE,651.2899574,-38.68949227,152.9130618,179.995288,0.531549249,179.8770177,-4.613780681,-1.595899813,-3.421803737,-0.517557167,0.23178005,0.026236466,-37.54499359,74.65673446,73.31032219,-71.15064354,-69.97829589,79.28674736,29.64477653,1,1
94.384444,9,1571917392,AUT,FALSE,TRUE,TRUE,688.2249743,-16.16435226,160.8935971,-179.9160627,0.207003884,179.8457858,-2.395422733,4.293498226,5.59485618,-0.031880188,0.327773987,-0.278359831,-30.98972626,76.29629288,73.58655624,-61.42596817,-69.97443969,82.40430336,27.13833847,1,1
94.484972,9,1571917392,AUT,FALSE,TRUE,TRUE,688.2249743,-16.16435226,160.8935971,-179.9160627,0.207003884,179.8457858,-2.395422733,4.293498226,5.59485618,-0.031880188,0.327773987,-0.278359831,-30.98972626,76.29629288,73.58655624,-61.42596817,-69.97443969,82.40430336,27.13833847,1,1
94.58547306,9,1571917392,AUT,FALSE,TRUE,TRUE,707.2473341,11.45022931,153.6598742,-179.8477938,-0.041197103,179.754862,6.890002578,10.11161413,-0.249543853,1.37083985,-0.11432184,-0.657990055,-25.86965446,77.84961548,72.93571243,-55.60427169,-70.02836059,83.13550873,26.61930313,1,1
94.68600297,9,1571917392,AUT,FALSE,TRUE,TRUE,707.2473341,11.45022931,153.6598742,-179.8477938,-0.041197103,179.754862,6.890002578,10.11161413,-0.249543853,1.37083985,-0.11432184,-0.657990055,-25.86965446,77.84961548,72.93571243,-55.60427169,-70.02836059,83.13550873,26.61930313,1,1
94.78655005,9,1571917392,AUT,FALSE,TRUE,TRUE,710.536634,60.27985489,147.8821435,-179.9053663,-0.634563489,179.8621181,20.58460189,-0.48449888,-1.477885074,-0.496009101,-1.340273208,-0.080207796,-21.41649742,78.89902267,72.8609436,-52.94725914,-70.34492065,83.84095459,29.51844749,1,1
94.88707399,9,1571917392,AUT,FALSE,TRUE,TRUE,696.0835647,96.70499107,148.2593727,179.7688208,-1.035295528,-179.6769433,22.50793907,-8.957843397,-1.492996117,-0.496009101,-1.340273208,-0.080207796,-18.59477577,78.46764106,72.92078819,-55.42938652,-70.35408874,83.90952988,34.26184959,1,1
94.98760605,9,1571917392,AUT,FALSE,TRUE,TRUE,696.0835647,96.70499107,148.2593727,179.7688208,-1.035295528,-179.6769433,22.50793907,-8.957843397,-1.492996117,-0.641410872,-0.690410972,1.273628119,-18.59477577,78.46764106,72.92078819,-55.42938652,-70.35408874,83.90952988,34.26184959,1,1
95.08814096,9,1571917392,AUT,FALSE,TRUE,TRUE,672.0419022,116.5818328,150.2655445,179.9417608,-1.014671867,-179.7268837,13.18595765,-0.227555857,2.127775383,0.62810726,0.035672836,0.476289269,-19.44227142,77.07716331,73.11573715,-61.50616493,-69.99509399,82.83489189,38.73555794,1,1
95.18863487,9,1571917393,AUT,FALSE,TRUE,TRUE,672.0419022,116.5818328,150.2655445,179.9417608,-1.014671867,-179.7268837,13.18595765,-0.227555857,2.127775383,0.62810726,0.035672836,0.476289269,-19.44227142,77.07716331,73.11573715,-61.50616493,-69.99509399,82.83489189,38.73555794,1,1
95.28919101,9,1571917393,AUT,FALSE,TRUE,TRUE,629.4913166,150.2544053,143.368827,-179.7534637,-0.383980595,179.6658869,-14.33908657,23.45274922,5.842418204,2.355723535,3.048702518,-1.199072433,-20.85024147,75.51445427,73.26402168,-71.45501976,-70.10127136,79.37637176,46.39905052,1,1
95.38977003,9,1571917393,AUT,FALSE,TRUE,TRUE,601.3151053,194.0714108,137.1502966,-179.6727903,-0.089143735,179.5418818,-14.33908657,23.45274922,5.842418204,2.355723535,3.048702518,-1.199072433,-18.47385749,75.20393257,73.29028244,-75.64002456,-70.7984143,77.79406586,52.77807312,1,1
95.49056387,9,1571917393,AUT,FALSE,TRUE,TRUE,601.3151053,194.0714108,137.1502966,-179.6727903,-0.089143735,179.5418818,-14.6816297,18.32037227,1.65585395,0.925390442,2.56026571,-1.29925,-18.47385749,75.20393257,73.29028244,-75.64002456,-70.7984143,77.79406586,52.77807312,1,1
95.59141207,9,1571917393,AUT,FALSE,TRUE,TRUE,574.0045903,241.6202146,139.8772191,179.8623673,-0.765056957,-179.9435592,-14.6816297,18.32037227,1.65585395,0.925390442,2.56026571,-1.29925,-14.28831711,75.04414673,73.901651,-76.96477661,-70.75674865,78.72029228,58.89982338,1,1
95.69224405,9,1571917393,AUT,FALSE,TRUE,TRUE,574.0045903,241.6202146,139.8772191,179.8623673,-0.765056957,-179.9435592,11.36285773,-6.838332299,-0.108725963,-0.957037835,0.383252519,1.602440432,-14.28831711,75.04414673,73.901651,-76.96477661,-70.75674865,78.72029228,58.89982338,1,1
95.79273391,9,1571917393,AUT,FALSE,TRUE,TRUE,574.0045903,241.6202146,139.8772191,179.8623673,-0.765056957,-179.9435592,11.36285773,-6.838332299,-0.108725963,-0.957037835,0.383252519,1.602440432,-14.28831711,75.04414673,73.901651,-76.96477661,-70.75674865,78.72029228,58.89982338,1,1
95.89331102,9,1571917393,AUT,FALSE,TRUE,TRUE,519.2391005,275.4856757,141.0282449,179.7063289,-0.70056405,-179.3594949,7.268840586,-6.532904929,2.672854081,-0.023667822,0.887197434,1.50116723,-12.24265594,72.92672081,73.94145584,-84.4528244,-70.48232666,77.26887474,67.74642677,1,1
95.99387002,9,1571917393,AUT,FALSE,TRUE,TRUE,519.2391005,275.4856757,141.0282449,179.7063289,-0.70056405,-179.3594949,7.268840586,-6.532904929,2.672854081,-0.023667822,0.887197434,1.50116723,-13.67532806,71.45713806,73.94039154,-90.56258239,-70.59854003,75.08409919,71.61960182,1,1
96.09438491,9,1571917393,AUT,FALSE,TRUE,TRUE,487.7591934,274.623566,138.6006538,179.9780289,-0.393197601,-179.6252135,-4.866773293,5.828255261,-1.43916885,0.559416755,1.661090068,-0.179502578,-13.67532806,71.45713806,73.94039154,-90.56258239,-70.59854003,75.08409919,71.61960182,1,1
104.200141,10,1571917402,AUT,FALSE,FALSE,TRUE,471.6851677,-400.2231358,169.7539217,179.9804289,-0.043579891,-179.9914151,0.806855603,-1.542734526,4.787946745,-0.310107076,0.914347818,0.130970982,-77.44456329,70.28390808,72.60449524,-78.18132019,-66.65895812,78.12720222,-4.761220556,0.5,1
104.3010321,10,1571917402,AUT,FALSE,FALSE,TRUE,471.6851677,-400.2231358,169.7539217,179.9804289,-0.043579891,-179.9914151,0.806855603,-1.542734526,4.787946745,-0.310107076,0.914347818,0.130970982,-77.45113792,70.58749123,72.02118988,-78.18425216,-66.79149719,77.44136009,-4.928789525,0.5,1
104.401793,10,1571917402,AUT,FALSE,TRUE,TRUE,469.4636279,-402.9033334,159.5288212,179.9317946,-0.315360171,-179.9535345,-2.727772049,-0.315241515,8.268640143,-0.177553621,1.542889038,0.258868015,-77.45113792,70.58749123,72.02118988,-78.18425216,-66.79149719,77.44136009,-4.928789525,1,1
104.502547,10,1571917402,AUT,FALSE,TRUE,TRUE,469.4636279,-402.9033334,159.5288212,179.9317946,-0.315360171,-179.9535345,-2.727772049,-0.315241515,8.268640143,-0.177553621,1.542889038,0.258868015,-76.74404068,72.06679687,71.15579338,-77.70752106,-67.84164733,76.16227684,-4.439417269,1,1
104.6030788,10,1571917402,AUT,FALSE,TRUE,TRUE,479.9945248,-400.7404608,145.4604318,179.9322349,0.410388315,179.9826629,-11.01703664,-0.971058597,-1.817036496,-0.286321288,0.842510849,0.343731067,-76.74404068,72.06679687,71.15579338,-77.70752106,-67.84164733,76.16227684,-4.439417269,1,1
104.703572,10,1571917402,AUT,FALSE,TRUE,TRUE,479.9945248,-400.7404608,145.4604318,179.9322349,0.410388315,179.9826629,-11.01703664,-0.971058597,-1.817036496,-0.286321288,0.842510849,0.343731067,-76.74404068,72.06679687,71.15579338,-77.70752106,-67.84164733,76.16227684,-4.439417269,1,1
104.804095,10,1571917402,AUT,FALSE,TRUE,TRUE,505.8851433,-395.9075126,143.6100227,179.8874253,0.396137706,-179.9722057,-10.10867551,-1.767944094,1.505434286,-0.019611683,1.590480978,0.582567012,-73.63958931,73.5229763,71.50414238,-73.57011795,-68.73000732,77.29559211,-4.150263981,1,1
104.90465,10,1571917402,AUT,FALSE,TRUE,TRUE,505.8851433,-395.9075126,143.6100227,179.8874253,0.396137706,-179.9722057,-10.10867551,-1.767944094,1.505434286,-0.019611683,1.590480978,0.582567012,-73.63958931,73.5229763,71.50414238,-73.57011795,-68.73000732,77.29559211,-4.150263981,1,1
105.00525,10,1571917402,AUT,FALSE,TRUE,TRUE,536.5851424,-393.4571951,141.9135146,179.8806779,0.278423861,-179.9560975,-5.414683259,0.07603476,2.150402305,0.193332186,0.993976257,0.520952718,-69.08577003,74.9281105,71.14663009,-68.8272171,-68.78213745,78.54908752,-4.920048525,1,1
105.105813,10,1571917402,AUT,FALSE,TRUE,TRUE,536.5851424,-393.4571951,141.9135146,179.8806779,0.278423861,-179.9560975,-5.414683259,0.07603476,2.150402305,0.193332186,0.993976257,0.520952718,-64.39383888,76.51082496,70.55331688,-62.42002144,-68.79676025,79.43781624,-6.090329362,1,1
105.206362,10,1571917403,AUT,FALSE,TRUE,TRUE,561.3400595,-393.1213453,138.9173008,179.9097053,0.244204908,-179.9677364,-2.265629047,0.99374642,0.689113876,0.092682354,0.279599824,0.316990531,-64.39383888,76.51082496,70.55331688,-62.42002144,-68.79676025,79.43781624,-6.090329362,1,1
105.306905,10,1571917403,AUT,FALSE,TRUE,TRUE,586.1758559,-387.747534,137.9125947,-179.9181401,0.033564067,179.8175755,2.514530706,8.326283635,2.444344886,0.092682354,0.279599824,0.316990531,-60.45362319,77.82276077,70.50317802,-57.07000579,-68.80051208,80.84111709,-7.226401525,1,1
105.4074669,10,1571917403,AUT,FALSE,TRUE,TRUE,586.1758559,-387.747534,137.9125947,-179.9181401,0.033564067,179.8175755,2.514530706,8.326283635,2.444344886,1.042663565,0.557503127,-0.683380653,-60.45362319,77.82276077,70.50317802,-57.07000579,-68.80051208,80.84111709,-7.226401525,1,1
105.507998,10,1571917403,AUT,FALSE,TRUE,TRUE,604.1691515,-360.0594083,133.471525,-179.7288894,-0.450593718,179.4946165,11.16144693,10.01900738,1.225496477,0.145098305,-0.141176618,-1.292684848,-57.31156769,78.44923896,70.48341979,-56.04389305,-68.84289184,81.28575096,-5.097669988,1,1
105.6085289,10,1571917403,AUT,FALSE,TRUE,TRUE,604.1691515,-360.0594083,133.471525,-179.7288894,-0.450593718,179.4946165,11.16144693,10.01900738,1.225496477,0.145098305,-0.141176618,-1.292684848,-57.31156769,78.44923896,70.48341979,-56.04389305,-68.84289184,81.28575096,-5.097669988,1,1
105.70913,10,1571917403,AUT,FALSE,TRUE,TRUE,609.2231616,-324.0332235,134.1822792,-179.8112678,-0.594694577,179.5391525,12.31129856,6.72696331,-2.571838117,0.086630151,-0.186356238,-0.628776416,-56.17416,77.82882385,70.66759186,-59.57931061,-68.95149719,80.69726486,-0.482069781,1,1
105.809742,10,1571917403,AUT,FALSE,TRUE,TRUE,609.2231616,-324.0332235,134.1822792,-179.8112678,-0.594694577,179.5391525,12.31129856,6.72696331,-2.571838117,0.086630151,-0.186356238,-0.628776416,-56.17416,77.82882385,70.66759186,-59.57931061,-68.95149719,80.69726486,-0.482069781,1,1
105.910481,10,1571917403,AUT,FALSE,TRUE,TRUE,602.8049695,-271.3658805,137.4322612,-179.8698387,-0.424496095,179.6109639,-2.450291244,7.230496781,4.693487055,0.665473909,1.342093563,-0.34400985,-56.26033058,75.79669647,71.18026886,-67.5658287,-68.88096496,79.10364647,6.9477745,1,1
106.011229,10,1571917403,AUT,FALSE,TRUE,TRUE,602.8049695,-271.3658805,137.4322612,-179.8698387,-0.424496095,179.6109639,-2.450291244,7.230496781,4.693487055,0.665473909,1.342093563,-0.34400985,-56.26033058,75.79669647,71.18026886,-67.5658287,-68.88096496,79.10364647,6.9477745,1,1
106.1119618,10,1571917403,AUT,FALSE,TRUE,TRUE,594.0230661,-210.0743506,134.6337528,-179.9711237,-0.160551617,179.5564171,-9.044666022,6.574563903,1.259272828,0.061815711,1.873071035,0.024228214,-55.31570206,74.21019859,71.38204651,-75.48690261,-69.03677307,76.78377685,15.29969101,1,1
106.2126179,10,1571917404,AUT,FALSE,TRUE,TRUE,592.5115667,-157.5103685,135.0727525,179.9792029,0.016719942,179.5529389,-11.92854757,4.867720539,2.575919111,-0.198375275,2.422831829,0.086259109,-52.73597831,73.23732834,71.67602691,-79.71000251,-69.19044433,75.66985244,21.76961517,1,1
106.3131669,10,1571917404,AUT,FALSE,TRUE,TRUE,592.5115667,-157.5103685,135.0727525,179.9792029,0.016719942,179.5529389,-11.92854757,4.867720539,2.575919111,-0.198375275,2.422831829,0.086259109,-52.73597831,73.23732834,71.67602691,-79.71000251,-69.19044433,75.66985244,21.76961517,1,1
106.413759,10,1571917404,AUT,FALSE,TRUE,TRUE,600.3766856,-113.0140987,136.1561595,179.9406476,0.160684528,179.6886785,-14.08384627,1.396313039,6.25738694,-0.799934069,2.281360118,0.363560534,-48.92661323,72.87947616,71.67999573,-80.45772514,-69.22042053,75.38915176,26.39367141,1,1
106.5142729,10,1571917404,AUT,FALSE,TRUE,TRUE,600.3766856,-113.0140987,136.1561595,179.9406476,0.160684528,179.6886785,-14.08384627,1.396313039,6.25738694,-0.799934069,2.281360118,0.363560534,-48.92661323,72.87947616,71.67999573,-80.45772514,-69.22042053,75.38915176,26.39367141,1,1
106.61485,10,1571917404,AUT,FALSE,TRUE,TRUE,628.3093528,-76.82360622,133.4557833,179.7449152,0.537556787,-179.9554387,-19.06907119,2.15385059,2.493483409,0.639787413,2.349208443,0.623147303,-43.9008934,73.40672378,70.90353698,-75.99311142,-69.20762145,75.6636795,28.3499279,1,1
106.7154,10,1571917404,AUT,FALSE,TRUE,TRUE,628.3093528,-76.82360622,133.4557833,179.7449152,0.537556787,-179.9554387,-19.06907119,2.15385059,2.493483409,0.639787413,2.349208443,0.623147303,-37.24454498,75.55465393,70.47271843,-67.91028099,-69.0194696,77.66947746,25.96700363,1,1
106.8159499,10,1571917404,AUT,FALSE,TRUE,TRUE,664.3088731,-60.73852219,134.812606,179.9893444,0.520418319,179.8742837,-6.308679905,7.490698401,-2.714686322,2.661741265,0.466298963,-0.498460175,-37.24454498,75.55465393,70.47271843,-67.91028099,-69.0194696,77.66947746,25.96700363,1,1
106.9164889,10,1571917404,AUT,FALSE,TRUE,TRUE,664.3088731,-60.73852219,134.812606,179.9893444,0.520418319,179.8742837,-6.308679905,7.490698401,-2.714686322,2.661741265,0.466298963,-0.498460175,-29.80204582,77.40348129,71.28264084,-58.37687072,-69.07540649,80.99592476,24.97774314,1,1
107.01683,10,1571917404,AUT,FALSE,TRUE,TRUE,698.5391794,-22.31198419,143.5900563,-179.864851,0.13736326,179.7042679,4.338013084,2.660617202,2.48065202,-0.588926873,-0.458558856,-0.555519799,-29.80204582,77.40348129,71.28264084,-58.37687072,-69.07540649,80.99592476,24.97774314,1,1
107.1173129,10,1571917404,AUT,FALSE,TRUE,TRUE,713.6107836,17.49664461,145.3368928,-179.9274979,-0.210403439,179.8594565,10.99179743,-2.365836393,4.549222153,-0.539939453,-0.803115326,-0.116452584,-24.12219314,78.26665306,71.11118889,-53.38524628,-68.98029785,82.43917808,26.02279701,1,1
107.2178979,10,1571917405,AUT,FALSE,TRUE,TRUE,713.6107836,17.49664461,145.3368928,-179.9274979,-0.210403439,179.8594565,10.99179743,-2.365836393,4.549222153,-0.539939453,-0.803115326,-0.116452584,-24.12219314,78.26665306,71.11118889,-53.38524628,-68.98029785,82.43917808,26.02279701,1,1
107.318409,10,1571917405,AUT,FALSE,TRUE,TRUE,714.1964892,60.11836987,142.5490222,179.958559,-0.716845004,179.9409152,21.03140812,2.526004828,-0.187833036,0.287320164,-1.307144274,0.52661347,-19.831287,78.80186233,70.94783935,-51.68591881,-68.8802069,83.04037399,28.81116142,1,1
107.4189589,10,1571917405,AUT,FALSE,TRUE,TRUE,702.9658904,90.59499301,142.3420744,179.7694159,-1.05005595,-179.7915443,23.86754086,-5.440837193,-1.465324927,-0.3703949,-0.929973639,1.214683713,-18.06395759,78.45906829,71.02566376,-53.70268936,-68.90131164,83.02873878,32.54351578,1,1
107.5195179,10,1571917405,AUT,FALSE,TRUE,TRUE,681.5939934,114.6563308,142.6980669,179.8339822,-1.206504316,-179.6894362,20.71901623,-1.756372034,1.843035507,0.5073706,-0.234781029,1.267806108,-18.17099189,77.37113685,71.15957679,-58.75898895,-68.71413208,82.15269584,37.02798385,1,1
107.620225,10,1571917405,AUT,FALSE,TRUE,TRUE,681.5939934,114.6563308,142.6980669,179.8339822,-1.206504316,-179.6894362,20.71901623,-1.756372034,1.843035507,0.5073706,-0.234781029,1.267806108,-19.58661461,75.84212494,71.087994,-66.2245079,-68.65780517,80.02870903,42.54588776,1,1
107.720906,10,1571917405,AUT,FALSE,TRUE,TRUE,651.4364752,132.9814016,139.5091116,179.7211118,-0.943958704,-179.6814323,5.105416281,-3.84206464,5.13888038,-0.160331477,1.100400591,1.375736035,-19.58661461,75.84212494,71.087994,-66.2245079,-68.65780517,80.02870903,42.54588776,1,1
107.821769,10,1571917405,AUT,FALSE,TRUE,TRUE,624.2756235,146.3323455,132.0017224,-179.7961293,-0.331833706,179.838987,-17.26415814,21.08313724,4.392649724,1.965871893,3.015199258,-0.78389077,-21.10372009,74.68792877,70.72391052,-73.03159904,-68.84087585,76.96413803,46.64878693,1,1
107.922462,10,1571917405,AUT,FALSE,TRUE,TRUE,604.3117122,168.6713192,129.3630013,-179.7493177,-0.180735161,179.5731345,-13.90475828,21.29343952,0.609779796,0.997745062,2.495890107,-1.372972501,-20.55300293,74.22871055,70.95560188,-76.56228217,-69.24071228,75.77563019,50.59224014,1,1
108.023041,10,1571917405,AUT,FALSE,TRUE,TRUE,586.4940096,199.9909546,133.2072704,-179.8886133,-0.460989402,179.7281315,-1.448866737,9.7888391,0.408290208,0.553107487,1.388280483,-0.173797477,-18.23438301,73.89487724,71.66845321,-78.09853477,-69.34144042,76.23805504,54.66547966,1,1
108.1235609,10,1571917405,AUT,FALSE,TRUE,TRUE,586.4940096,199.9909546,133.2072704,-179.8886133,-0.460989402,179.7281315,-1.448866737,9.7888391,0.408290208,0.553107487,1.388280483,-0.173797477,-18.23438301,73.89487724,71.66845321,-78.09853477,-69.34144042,76.23805504,54.66547966,1,1
108.224112,10,1571917406,AUT,FALSE,TRUE,TRUE,563.8496052,229.2214395,135.4106067,179.7922656,-0.83193533,-179.7515208,11.3000256,-5.457063324,4.484346897,-0.623775506,0.507233482,1.183396543,-15.76217422,73.25900573,71.91274795,-80.07921867,-69.17851867,76.53429108,59.28986206,1,1
108.3246338,10,1571917406,AUT,FALSE,TRUE,TRUE,535.7327324,248.2599613,130.694751,179.883083,-0.915640114,-179.6971314,10.03614831,-2.923181586,2.939423164,-0.246656661,0.845557664,0.937135155,-14.6531044,72.47915496,71.60134048,-83.89638061,-69.17388244,75.16455001,63.66672592,1,1
108.425158,10,1571917406,AUT,FALSE,TRUE,TRUE,507.8748055,259.4970179,128.0444906,179.9509016,-0.373642729,-179.7550503,-2.799571883,3.029665708,-4.722978179,0.055698327,1.269071757,0.311923545,-14.47502632,71.48741913,71.57896957,-88.56597519,-69.86017089,73.4061058,68.12649193,1,1
108.525738,10,1571917406,AUT,FALSE,TRUE,TRUE,507.8748055,259.4970179,128.0444906,179.9509016,-0.373642729,-179.7550503,-2.799571883,3.029665708,-4.722978179,0.055698327,1.269071757,0.311923545,-14.47502632,71.48741913,71.57896957,-88.56597519,-69.86017089,73.4061058,68.12649193,1,1
108.6263099,10,1571917406,AUT,FALSE,TRUE,TRUE,483.1770895,267.6006505,137.5948372,179.9924737,-0.248055422,-179.8587112,-4.462012912,6.867944454,-0.828624148,0.54486102,1.095823054,0.105968005,-14.61426773,69.98406372,72.69867897,-92.33158722,-69.53574462,73.18244819,71.55504684,1,1
115.3206398,11,1571917413,AUT,FALSE,FALSE,TRUE,471.9857357,-400.0142568,170.0310596,-179.995559,-0.004014958,-179.9930237,-1.565997186,-0.904735049,-1.079924052,-0.235992666,0.495096652,0.130912403,-77.67023277,71.01302948,73.65869179,-78.18079491,-67.66401489,78.83005256,-4.457015994,0.5,1
115.421478,11,1571917413,AUT,FALSE,TRUE,TRUE,470.3632125,-401.4805229,168.3447172,179.9333364,-0.197931836,-179.9329103,-2.289755514,-0.777602573,4.959967383,-0.201610964,1.220984146,0.186585969,-77.74075813,71.01476669,73.41784744,-78.17927055,-67.6648883,78.78974991,-4.545325475,1,1
115.5221739,11,1571917413,AUT,FALSE,TRUE,TRUE,470.2818679,-401.6427712,163.6930868,179.940117,-0.195508826,179.9305162,-1.959746483,-0.156239397,4.251749339,-0.108624369,1.008278784,0.237717377,-77.67434234,71.24104728,73.00158233,-78.17662353,-67.66811828,78.36933402,-4.609609225,1,1
115.62274,11,1571917413,AUT,FALSE,TRUE,TRUE,474.1032175,-400.486085,156.879667,179.9273495,0.179650068,179.9684322,-8.230659326,0.145062531,2.273865263,-0.108624369,1.008278784,0.237717377,-77.33253021,71.87320747,72.74035148,-78.07764701,-68.20113647,77.6086029,-4.293010713,1,1
115.723326,11,1571917413,AUT,FALSE,TRUE,TRUE,474.1032175,-400.486085,156.879667,179.9273495,0.179650068,179.9684322,-8.230659326,0.145062531,2.273865263,-0.296299535,0.996367776,0.181273269,-77.33253021,71.87320747,72.74035148,-78.07764701,-68.20113647,77.6086029,-4.293010713,1,1
115.8238521,11,1571917413,AUT,FALSE,TRUE,TRUE,482.287919,-396.5836431,151.8519722,179.9646153,0.354852625,179.9744873,-11.24847001,-0.917150002,0.447609023,-0.259827552,1.297184511,0.285414808,-76.32298965,72.66062508,72.76159629,-77.41484871,-68.82758789,77.48040962,-3.757767106,1,1
115.924454,11,1571917413,AUT,FALSE,TRUE,TRUE,503.7105328,-390.2796334,149.2267669,179.9012592,0.541843043,-179.9740658,-11.24847001,-0.917150002,0.447609023,-0.259827552,1.297184511,0.285414808,-73.53212585,73.72085037,72.79644012,-74.77955474,-69.37875549,77.90050964,-3.170053488,1,1
116.025027,11,1571917413,AUT,FALSE,TRUE,TRUE,503.7105328,-390.2796334,149.2267669,179.9012592,0.541843043,-179.9740658,-11.3275774,-4.474051691,0.79290308,-0.137896834,1.720081023,0.535589184,-73.53212585,73.72085037,72.79644012,-74.77955474,-69.37875549,77.90050964,-3.170053488,1,1
116.125582,11,1571917413,AUT,FALSE,TRUE,TRUE,539.5737519,-385.3595326,149.2064797,179.8892043,0.466327695,-179.9459009,-11.3275774,-4.474051691,0.79290308,-0.137896834,1.720081023,0.535589184,-68.30669517,75.14474372,72.50887985,-68.39508018,-69.52954833,79.40110817,-3.747463994,1,1
116.2261438,11,1571917414,AUT,FALSE,TRUE,TRUE,539.5737519,-385.3595326,149.2064797,179.8892043,0.466327695,-179.9459009,-8.217473538,0.044095306,0.728637854,0.095323377,0.856666126,0.527139026,-68.30669517,75.14474372,72.50887985,-68.39508018,-69.52954833,79.40110817,-3.747463994,1,1
116.3267219,11,1571917414,AUT,FALSE,TRUE,TRUE,569.0723803,-382.5484681,148.5439079,179.9595219,0.293171146,-179.9434796,-0.869966721,1.037296323,1.83852547,0.137258454,0.041473754,0.277818603,-63.70331039,76.43216629,72.09913788,-62.25421714,-69.53074035,80.74860878,-4.966860581,1,1
116.427253,11,1571917414,AUT,FALSE,TRUE,TRUE,569.0723803,-382.5484681,148.5439079,179.9595219,0.293171146,-179.9434796,-0.869966721,1.037296323,1.83852547,0.137258454,0.041473754,0.277818603,-63.70331039,76.43216629,72.09913788,-62.25421714,-69.53074035,80.74860878,-4.966860581,1,1
116.5278099,11,1571917414,AUT,FALSE,TRUE,TRUE,596.2675699,-369.523837,144.3694091,-179.661555,-0.195164953,179.6597996,10.67265235,11.02546245,3.232726746,0.758548915,-1.029135482,-1.310756682,-59.59495239,77.72016906,71.86258163,-57.45416679,-69.52745544,81.89024276,-5.65806885,1,1
116.6283779,11,1571917414,AUT,FALSE,TRUE,TRUE,596.2675699,-369.523837,144.3694091,-179.661555,-0.195164953,179.6597996,10.67265235,11.02546245,3.232726746,0.758548915,-1.029135482,-1.310756682,-59.59495239,77.72016906,71.86258163,-57.45416679,-69.52745544,81.89024276,-5.65806885,1,1
116.7288899,11,1571917414,AUT,FALSE,TRUE,TRUE,609.4959578,-339.8080855,140.862905,-179.6143766,-0.452245777,179.3927865,15.42713449,12.89529701,-2.306788025,0.518691954,-0.643087417,-1.825016274,-56.61044769,78.1830883,71.93632393,-57.55583153,-69.58933593,82.04958229,-2.788690569,1,1
116.829464,11,1571917414,AUT,FALSE,TRUE,TRUE,611.5084643,-293.8314736,143.8762556,-179.6498202,-0.671108869,179.4802995,15.84460803,9.497165845,-1.389285218,0.811122771,-0.407455333,-1.186350068,-55.62811546,77.0906044,72.41720924,-62.61548881,-69.64364685,81.50488358,3.210781856,1,1
116.9300621,11,1571917414,AUT,FALSE,TRUE,TRUE,611.5084643,-293.8314736,143.8762556,-179.6498202,-0.671108869,179.4802995,15.84460803,9.497165845,-1.389285218,0.811122771,-0.407455333,-1.186350068,-55.62811546,77.0906044,72.41720924,-62.61548881,-69.64364685,81.50488358,3.210781856,1,1
117.0309711,11,1571917414,AUT,FALSE,TRUE,TRUE,598.4743517,-220.5302621,143.1521012,-179.8945105,-0.304051636,179.4965027,-7.39348559,7.848905724,5.97837835,0.650667172,1.644666116,-0.408734477,-55.56313133,75.12054977,72.85150223,-73.31320266,-69.58073913,78.76538086,13.70047302,1,1
117.131825,11,1571917414,AUT,FALSE,TRUE,TRUE,598.4743517,-220.5302621,143.1521012,-179.8945105,-0.304051636,179.4965027,-7.39348559,7.848905724,5.97837835,0.650667172,1.644666116,-0.408734477,-55.56313133,75.12054977,72.85150223,-73.31320266,-69.58073913,78.76538086,13.70047302,1,1
117.2325039,11,1571917415,AUT,FALSE,TRUE,TRUE,588.5964647,-157.3224882,138.2110473,179.9841984,0.066054757,179.5482613,-17.66614125,8.691013685,-0.344494756,-0.203905324,2.244055567,0.281038708,-53.59730644,73.60129852,72.95233955,-80.43349686,-70.07145446,76.42697525,22.31714286,1,1
117.3329999,11,1571917415,AUT,FALSE,TRUE,TRUE,588.5964647,-157.3224882,138.2110473,179.9841984,0.066054757,179.5482613,-17.66614125,8.691013685,-0.344494756,-0.203905324,2.244055567,0.281038708,-53.59730644,73.60129852,72.95233955,-80.43349686,-70.07145446,76.42697525,22.31714286,1,1
117.4336009,11,1571917415,AUT,FALSE,TRUE,TRUE,596.3499403,-95.1165458,140.7666074,179.865225,0.466551105,179.7782265,-19.43258178,3.410857913,2.100390976,0.329748028,2.544270884,0.524689857,-48.53138694,72.93759041,73.14502944,-82.27388191,-70.26938964,75.87861328,29.18049774,1,1
117.5341311,11,1571917415,AUT,FALSE,TRUE,TRUE,618.9017232,-70.42237624,142.9949631,179.7874829,0.531681849,-179.9523179,-17.9334419,3.674549286,2.882786341,1.008500286,2.304005726,0.510674627,-43.69254455,73.37192802,72.60514068,-78.24866294,-69.99337463,76.728162,30.01991158,1,1
117.634624,11,1571917415,AUT,FALSE,TRUE,TRUE,618.9017232,-70.42237624,142.9949631,179.7874829,0.531681849,-179.9523179,-17.9334419,3.674549286,2.882786341,1.008500286,2.304005726,0.510674627,-43.69254455,73.37192802,72.60514068,-78.24866294,-69.99337463,76.728162,30.01991158,1,1
117.7352149,11,1571917415,AUT,FALSE,TRUE,TRUE,647.5402684,-57.79486983,141.6677933,179.9679378,0.512762815,-179.9670798,-12.87707986,9.463644258,3.974186979,1.905817605,1.606136456,0.012801847,-39.21981811,74.65744514,71.8981636,-71.83059768,-69.7153656,77.87032471,28.26942901,1,1
117.835763,11,1571917415,AUT,FALSE,TRUE,TRUE,675.0894695,-41.16233173,137.5404809,-179.8887696,0.312068888,179.7001949,-3.570384487,16.7005213,-0.297851268,1.367710263,0.154241487,-0.683355707,-34.42332801,76.59526519,71.57838936,-64.98088646,-69.69806213,79.20550003,26.48383484,1,1
117.936269,11,1571917415,AUT,FALSE,TRUE,TRUE,697.3431727,-14.33653969,138.8541704,-179.9146199,0.230055293,179.6645846,5.821458415,-0.690673016,-4.008906989,-0.80664081,-1.218824853,-0.317148458,-29.40554237,78.06032295,71.92157821,-58.98258819,-70.08507751,80.81983451,26.12075729,1,1
118.036818,11,1571917415,AUT,FALSE,TRUE,TRUE,697.3431727,-14.33653969,138.8541704,-179.9146199,0.230055293,179.6645846,5.821458415,-0.690673016,-4.008906989,-0.80664081,-1.218824853,-0.317148458,-29.40554237,78.06032295,71.92157821,-58.98258819,-70.08507751,80.81983451,26.12075729,1,1
118.137398,11,1571917415,AUT,FALSE,TRUE,TRUE,710.2687994,17.68383618,147.6944481,-179.8517129,-0.218501401,179.8280008,14.25529518,7.967389245,-2.046702292,1.419156745,-0.805608189,-0.52414339,-24.64501533,78.48512306,72.39092102,-54.40076408,-70.03388122,82.92364426,26.62504005,1,1
118.2379029,11,1571917416,AUT,FALSE,TRUE,TRUE,708.9388766,55.44277842,152.0441193,179.9798753,-0.864529314,-179.986129,25.38426386,2.077426724,3.23289255,0.813675026,-1.203887522,0.126877324,-21.05768738,78.33369026,72.42207413,-53.22254219,-69.63376464,84.07455139,29.28397522,1,1
118.338455,11,1571917416,AUT,FALSE,TRUE,TRUE,708.9388766,55.44277842,152.0441193,179.9798753,-0.864529314,-179.986129,25.38426386,2.077426724,3.23289255,0.813675026,-1.203887522,0.126877324,-21.05768738,78.33369026,72.42207413,-53.22254219,-69.63376464,84.07455139,29.28397522,1,1
118.4390121,11,1571917416,AUT,FALSE,TRUE,TRUE,690.7408884,94.26028046,149.0936305,179.8808282,-1.116675198,-179.726347,21.94954069,-7.138137334,2.328465854,-0.313688847,-0.355267045,0.991354939,-19.38072395,77.69219856,72.26520996,-57.07742843,-69.46756347,83.35820846,34.56724891,1,1
118.5395079,11,1571917416,AUT,FALSE,TRUE,TRUE,660.2616916,120.8578534,143.1474756,-179.9935553,-0.750677175,-179.9155578,5.167584902,3.443962149,-1.03392497,0.492376568,0.96590194,0.331369701,-20.38956413,76.47768059,72.20277671,-64.84541816,-69.49246398,80.89587708,40.57026443,1,1
118.640095,11,1571917416,AUT,FALSE,TRUE,TRUE,660.2616916,120.8578534,143.1474756,-179.9935553,-0.750677175,-179.9155578,5.167584902,3.443962149,-1.03392497,0.492376568,0.96590194,0.331369701,-20.38956413,76.47768059,72.20277671,-64.84541816,-69.49246398,80.89587708,40.57026443,1,1
118.7411931,11,1571917416,AUT,FALSE,TRUE,TRUE,630.1331703,152.0182213,143.5640738,-179.6758352,-0.017694009,179.4799958,-21.02665026,25.09291456,1.241392966,2.02946635,3.017378775,-1.480673925,-20.73101234,75.10489769,72.63250351,-71.61538925,-69.65325988,78.56496963,46.36934623,1,1
118.8420119,11,1571917416,AUT,FALSE,TRUE,TRUE,612.6876243,190.7557651,148.190244,-179.7713021,-0.00323757,179.5054422,-15.16365838,22.28051585,3.817506382,2.02946635,3.017378775,-1.480673925,-17.95386772,74.47307739,73.12128181,-73.31606941,-69.62044921,78.59842643,50.945121,1,1
118.942554,11,1571917416,AUT,FALSE,TRUE,TRUE,612.6876243,190.7557651,148.190244,-179.7713021,-0.00323757,179.5054422,-15.16365838,22.28051585,3.817506382,2.117672999,1.323035892,-1.009409833,-17.95386772,74.47307739,73.12128181,-73.31606941,-69.62044921,78.59842643,50.945121,1,1
119.043112,11,1571917416,AUT,FALSE,TRUE,TRUE,586.5134922,243.0700808,148.2428244,179.8562992,-0.812007559,-179.8823804,13.55755252,-5.711018685,3.465821516,-0.593986774,0.263538544,0.994310071,-12.98615226,74.23928833,73.09810409,-74.043227,-69.19781066,79.28330383,56.88103409,1,1
119.1436141,11,1571917416,AUT,FALSE,TRUE,TRUE,558.8811057,270.2021971,143.9076938,179.7468446,-0.853850393,-179.5244594,13.02305721,-8.763124419,0.498741939,-0.144858055,0.404033008,1.627502728,-10.86653251,73.68054428,72.76620026,-77.13472137,-69.24644714,78.43128662,61.77698135,1,1
119.2441719,11,1571917417,AUT,FALSE,TRUE,TRUE,528.5724591,281.2593083,141.055392,179.6788794,-0.662532403,-179.3755803,6.682963885,-13.19600772,-3.144320349,-1.055077535,0.756181225,1.731763424,-10.77516746,72.62636833,72.68832779,-82.03957099,-69.38948364,76.93220558,66.43656807,1,1
119.3447049,11,1571917417,AUT,FALSE,TRUE,TRUE,528.5724591,281.2593083,141.055392,179.6788794,-0.662532403,-179.3755803,6.682963885,-13.19600772,-3.144320349,-1.055077535,0.756181225,1.731763424,-10.77516746,72.62636833,72.68832779,-82.03957099,-69.38948364,76.93220558,66.43656807,1,1
119.4452178,11,1571917417,AUT,FALSE,TRUE,TRUE,505.6506446,277.906002,142.6032035,179.8687983,-0.35554275,-179.3813308,-1.169319715,-0.428748455,-3.204248676,0.533383233,1.071051937,0.79200322,-12.19274368,71.13504295,72.86759376,-86.96935615,-69.37854675,75.55526161,69.23316536,1,1
119.5458109,11,1571917417,AUT,FALSE,TRUE,TRUE,485.8553785,268.920024,148.2543407,-179.9663712,-0.385086442,-179.6196728,1.033670763,5.062956439,-1.114806856,0.45620943,0.871675701,-0.287128013,-14.28414573,69.55275078,73.50310134,-91.28122902,-68.79144287,74.62706108,70.96101264,1,1
126.2302659,12,1571917424,AUT,FALSE,FALSE,TRUE,471.9165532,-400.0444939,169.966337,179.9997295,-0.018559955,-179.9925398,-0.433190819,-1.277340452,0.362489129,-0.396451387,0.394207974,0.071623669,-78.14921608,72.68987961,75.94084396,-78.18046875,-69.91671752,80.4547348,-3.817618563,0.5,1
126.331048,12,1571917424,AUT,FALSE,TRUE,TRUE,469.340288,-402.2231791,166.2825851,179.9253176,-0.401636192,-179.8670222,-0.262557609,-1.176888173,9.699180233,-0.274289311,1.508047777,0.283361727,-78.2015316,72.69226913,75.42370719,-78.18391571,-69.91730529,80.33318138,-3.963819125,1,1
126.4320068,12,1571917424,AUT,FALSE,TRUE,TRUE,469.0330804,-404.3607347,154.5812971,179.8858489,-0.175278806,179.9664724,-4.893335679,0.541968118,6.358075688,-0.003460641,1.408513106,0.354512229,-78.17266502,73.14881973,74.2293663,-78.17675742,-69.92290283,78.88852386,-4.225317769,1,1
126.5325849,12,1571917424,AUT,FALSE,TRUE,TRUE,473.502407,-402.0489974,142.5888095,179.9776647,0.169875456,179.9287524,-7.048612033,0.627621067,-0.337675265,-0.417746235,0.64509413,0.112309582,-77.67543754,74.22478638,73.73697624,-78.08558807,-70.76887756,77.86451912,-3.8370781,1,1
126.6331449,12,1571917424,AUT,FALSE,TRUE,TRUE,473.502407,-402.0489974,142.5888095,179.9776647,0.169875456,179.9287524,-7.048612033,0.627621067,-0.337675265,-0.417746235,0.64509413,0.112309582,-77.67543754,74.22478638,73.73697624,-78.08558807,-70.76887756,77.86451912,-3.8370781,1,1
126.7336829,12,1571917424,AUT,FALSE,TRUE,TRUE,484.1345341,-395.772111,138.9234562,179.9210137,0.397906576,179.9520214,-10.58418897,-0.072130663,-0.664840583,-0.09284224,1.010903021,0.399125787,-76.44286423,75.24233665,74.22987098,-77.36010589,-71.75365356,78.06316223,-2.873783113,1,1
126.8342431,12,1571917424,AUT,FALSE,TRUE,TRUE,500.0412858,-389.2107241,139.6386547,179.8720873,0.502459916,179.9622732,-9.707547804,-1.973055336,-0.197317093,-0.251969292,1.008906213,0.607233369,-74.35832863,75.91090965,74.65176658,-75.58158416,-72.1668164,78.67833481,-2.224961475,1,1
126.934803,12,1571917424,AUT,FALSE,TRUE,TRUE,519.7359337,-384.9391166,142.2505175,179.8073606,0.438961533,-179.9023038,-10.91349846,-2.280646339,1.514091958,-0.068862595,1.304016717,0.781812515,-71.50661087,76.36014061,74.68481826,-72.49393844,-72.21304687,79.53762016,-2.161549763,1,1
127.0353439,12,1571917424,AUT,FALSE,TRUE,TRUE,519.7359337,-384.9391166,142.2505175,179.8073606,0.438961533,-179.9023038,-10.91349846,-2.280646339,1.514091958,-0.068862595,1.304016717,0.781812515,-71.50661087,76.36014061,74.68481826,-72.49393844,-72.21304687,79.53762016,-2.161549763,1,1
127.1359029,12,1571917424,AUT,FALSE,TRUE,TRUE,541.0793641,-383.9021629,143.8595929,179.8067963,0.321173674,-179.8047151,-6.599530178,-2.393836446,3.425325528,0.325700195,1.005512759,0.911940273,-68.23557929,76.98778267,74.49452819,-68.32308197,-72.15930725,80.53913726,-2.88770485,1,1
127.23648,12,1571917425,AUT,FALSE,TRUE,TRUE,562.2992025,-385.431304,141.732192,179.9475364,0.373288733,-179.8732939,-3.78505581,0.919197572,-0.32660724,0.420452236,0.282802231,0.299150239,-65.00519714,77.9624794,74.09017982,-63.53951111,-72.10410095,81.16787796,-4.374196244,1,1
127.3370509,12,1571917425,AUT,FALSE,TRUE,TRUE,582.1772475,-380.8943123,142.3605441,-179.9100772,0.284287853,179.8751009,-0.069517227,8.123048184,-1.985672642,1.0137545,-0.550478821,-0.397646074,-61.85405044,78.84534416,74.20555343,-59.32302017,-72.09803649,82.17866821,-5.285014344,1,1
127.4376519,12,1571917425,AUT,FALSE,TRUE,TRUE,598.9137572,-363.1096937,145.5832798,-179.6994785,-0.307610597,179.6337178,19.07060845,12.26798519,1.024435473,1.065815642,-1.984300887,-1.301927334,-58.84771041,79.17311439,74.54586181,-57.09066696,-72.08859924,83.57322807,-4.515171438,1,1
127.5382109,12,1571917425,AUT,FALSE,TRUE,TRUE,598.9137572,-363.1096937,145.5832798,-179.6994785,-0.307610597,179.6337178,19.07060845,12.26798519,1.024435473,1.065815642,-1.984300887,-1.301927334,-58.84771041,79.17311439,74.54586181,-57.09066696,-72.08859924,83.57322807,-4.515171438,1,1
127.638721,12,1571917425,AUT,FALSE,TRUE,TRUE,608.2008627,-333.770443,146.9877358,-179.7043035,-0.683369889,179.5233239,19.60990892,11.0784279,1.824755602,0.912648433,-0.957877487,-1.320204784,-57.05462494,78.87726631,74.75778122,-58.51244201,-71.98554748,83.83187713,-1.35275345,1,1
127.739274,12,1571917425,AUT,FALSE,TRUE,TRUE,609.8077436,-296.8097085,147.0133276,-179.7481173,-0.570699907,179.554886,12.43656344,9.51657459,0.901598955,0.823036835,-0.270280934,-0.924244657,-56.41074714,78.08448257,74.92124748,-62.96393394,-71.90864868,82.92353096,3.571112819,1,1
127.8398569,12,1571917425,AUT,FALSE,TRUE,TRUE,606.0413863,-251.9395529,146.5501496,-179.9073016,-0.213793136,179.5299174,-6.545355853,6.8608138,2.198825319,0.608083376,1.28420514,-0.20371393,-56.08210487,77.03209533,75.20488358,-68.98918304,-71.88558837,81.39618759,9.844718169,1,1
127.9407399,12,1571917425,AUT,FALSE,TRUE,TRUE,606.0413863,-251.9395529,146.5501496,-179.9073016,-0.213793136,179.5299174,-6.545355853,6.8608138,2.198825319,0.608083376,1.28420514,-0.20371393,-54.84969635,76.09855957,75.30451927,-74.05681915,-71.95815856,80.04746132,15.92817078,1,1
128.041692,12,1571917425,AUT,FALSE,TRUE,TRUE,602.7414624,-206.2745128,145.2213794,-179.9914425,0.005255888,179.6028811,-14.81903353,5.171561086,3.813644746,0.339312251,2.343973655,0.215486509,-54.84969635,76.09855957,75.30451927,-74.05681915,-71.95815856,80.04746132,15.92817078,1,1
128.142329,12,1571917425,AUT,FALSE,TRUE,TRUE,604.0360923,-161.8519101,144.1285288,179.9879345,0.067655815,179.6098737,-13.76273177,6.992416234,2.88907388,0.401436608,2.350427594,0.105070383,-52.41100959,75.55863991,75.31340446,-76.92503357,-71.97111694,79.27130813,21.15420227,1,1
128.2428129,12,1571917426,AUT,FALSE,TRUE,TRUE,611.8126339,-112.6449269,144.190618,179.9636212,0.169931152,179.6714761,-12.01083267,5.172294614,1.180042289,0.401436608,2.350427594,0.105070383,-48.22063522,75.30871124,75.28939934,-77.86733093,-72.00625122,78.94428634,26.17458686,1,1
128.3433568,12,1571917426,AUT,FALSE,TRUE,TRUE,611.8126339,-112.6449269,144.190618,179.9636212,0.169931152,179.6714761,-12.01083267,5.172294614,1.180042289,0.190926894,2.093872654,0.163151525,-48.22063522,75.30871124,75.28939934,-77.86733093,-72.00625122,78.94428634,26.17458686,1,1
128.443882,12,1571917426,AUT,FALSE,TRUE,TRUE,624.7314968,-81.2513445,144.6061278,179.9389385,0.338250896,179.8545572,-14.44678047,-1.210295158,5.5471151,-1.142635783,1.703490099,0.337860698,-44.33154716,75.42216911,75.01963005,-76.29970207,-72.02223632,79.05945053,28.55449333,1,1
128.5443559,12,1571917426,AUT,FALSE,TRUE,TRUE,645.5063098,-62.26821628,142.9578719,179.7760864,0.474115783,-179.9729905,-15.17578255,3.778907254,3.64303272,0.718442895,1.933301926,0.796987145,-40.22243728,76.10266914,74.33629074,-72.12594108,-71.96487121,79.48177528,28.70753974,1,1
128.6449029,12,1571917426,AUT,FALSE,TRUE,TRUE,670.739444,-51.05069494,143.1625146,179.9489806,0.459971327,179.9049316,-4.926464055,3.704492346,-1.935007796,0.613388102,0.097961572,0.169156451,-36.19796333,77.26270866,74.03950195,-66.12930794,-71.84744384,80.55605621,26.78097724,1,1
128.7454309,12,1571917426,AUT,FALSE,TRUE,TRUE,670.739444,-51.05069494,143.1625146,179.9489806,0.459971327,179.9049316,-4.926464055,3.704492346,-1.935007796,0.613388102,0.097961572,0.169156451,-36.19796333,77.26270866,74.03950195,-66.12930794,-71.84744384,80.55605621,26.78097724,1,1
128.845917,12,1571917426,AUT,FALSE,TRUE,TRUE,693.0845159,-36.34674445,149.5877501,-179.9760279,0.356482523,179.8033005,-1.956163475,5.301423148,-1.37960571,-0.181129399,-0.567098012,-0.070030094,-32.02826385,78.18871192,74.43704567,-59.95475464,-71.86026489,82.43271675,25.23251953,1,1
128.9465089,12,1571917426,AUT,FALSE,TRUE,TRUE,710.110561,-14.83062864,155.8365661,-179.8858298,0.1197047,179.7720336,1.776848769,14.58492449,0.09522292,1.907496162,-0.060922963,-0.454937162,-27.78374404,78.75531463,74.6588459,-54.71947746,-71.77591186,84.10277252,24.49229507,1,1
129.047091,12,1571917426,AUT,FALSE,TRUE,TRUE,710.110561,-14.83062864,155.8365661,-179.8858298,0.1197047,179.7720336,1.776848769,14.58492449,0.09522292,1.907496162,-0.060922963,-0.454937162,-22.71040534,79.39664497,74.56204948,-50.93664779,-71.66711425,85.04185638,25.97853584,1,1
129.1476059,12,1571917426,AUT,FALSE,TRUE,TRUE,720.1400613,26.85781446,155.8120864,-179.865733,-0.221341059,179.7241302,10.04773723,7.382911455,3.713518112,1.10060113,-0.513122705,-0.603619191,-22.71040534,79.39664497,74.56204948,-50.93664779,-71.66711425,85.04185638,25.97853584,1,1
129.2481449,12,1571917427,AUT,FALSE,TRUE,TRUE,720.1400613,26.85781446,155.8120864,-179.865733,-0.221341059,179.7241302,10.04773723,7.382911455,3.713518112,1.10060113,-0.513122705,-0.603619191,-18.76668777,79.78355255,74.23096962,-51.21192054,-71.73821777,85.26942444,31.02443962,1,1
129.3486841,12,1571917427,AUT,FALSE,TRUE,TRUE,712.1093977,81.16637459,149.3202334,179.7736782,-0.954787299,-179.8030685,25.51137842,-9.512042163,-1.74830576,-0.968048195,-1.311051805,1.281767061,-18.76668777,79.78355255,74.23096962,-51.21192054,-71.73821777,85.26942444,31.02443962,1,1
129.4492059,12,1571917427,AUT,FALSE,TRUE,TRUE,712.1093977,81.16637459,149.3202334,179.7736782,-0.954787299,-179.8030685,25.51137842,-9.512042163,-1.74830576,-0.968048195,-1.311051805,1.281767061,-18.10673218,79.07802086,74.27422485,-56.13033828,-71.64680603,84.50868987,35.60092163,1,1
129.5497599,12,1571917427,AUT,FALSE,TRUE,TRUE,691.2541602,108.1129094,147.1599793,179.8370679,-1.153903865,-179.6950471,20.8417238,-4.903708753,-1.189130465,-0.402812627,-0.453501011,0.924344439,-18.10673218,79.07802086,74.27422485,-56.13033828,-71.64680603,84.50868987,35.60092163,1,1
129.6504691,12,1571917427,AUT,FALSE,TRUE,TRUE,647.6595928,138.1551362,146.2625736,-179.9488416,-0.701341231,179.9863421,-0.739552676,10.65085769,1.76586372,1.329623868,1.369492152,-0.127711574,-20.32285652,77.21394309,74.73185691,-66.98433266,-71.56242004,81.86302414,43.73924331,1,1
129.751168,12,1571917427,AUT,FALSE,TRUE,TRUE,647.6595928,138.1551362,146.2625736,-179.9488416,-0.701341231,179.9863421,-0.739552676,10.65085769,1.76586372,1.329623868,1.369492152,-0.127711574,-20.32285652,77.21394309,74.73185691,-66.98433266,-71.56242004,81.86302414,43.73924331,1,1
129.8519039,12,1571917427,AUT,FALSE,TRUE,TRUE,607.8348301,174.8689832,144.4964499,-179.7521268,-0.07177172,179.668811,-17.58571968,19.42742665,4.281848456,1.530023313,2.645790104,-1.311916078,-20.41337699,75.56190834,74.84576454,-75.2624382,-71.6277832,79.31722412,51.18163604,1,1
129.952502,12,1571917427,AUT,FALSE,TRUE,TRUE,607.8348301,174.8689832,144.4964499,-179.7521268,-0.07177172,179.668811,-17.58571968,19.42742665,4.281848456,1.530023313,2.645790104,-1.311916078,-20.41337699,75.56190834,74.84576454,-75.2624382,-71.6277832,79.31722412,51.18163604,1,1
130.0530839,12,1571917427,AUT,FALSE,TRUE,TRUE,588.5030145,209.5277095,143.3533945,-179.9181897,-0.402446994,179.8482964,-0.019324637,11.44847385,0.909125306,1.112637869,1.013239313,-0.369124444,-17.71035576,75.37507209,74.94911842,-76.9303482,-71.6215924,79.23147239,55.60350609,1,1
130.153708,12,1571917428,AUT,FALSE,TRUE,TRUE,564.3603584,240.8726698,143.8748698,179.7945642,-0.66152328,-179.6829151,11.1571029,-7.036138599,-0.609124675,-0.676369619,-0.014382779,1.270302382,-14.97132339,74.91344719,75.07782326,-78.99927635,-71.57976745,79.37232742,60.50083694,1,1
130.254293,12,1571917428,AUT,FALSE,TRUE,TRUE,564.3603584,240.8726698,143.8748698,179.7945642,-0.66152328,-179.6829151,11.1571029,-7.036138599,-0.609124675,-0.676369619,-0.014382779,1.270302382,-14.97132339,74.91344719,75.07782326,-78.99927635,-71.57976745,79.37232742,60.50083694,1,1
130.3548079,12,1571917428,AUT,FALSE,TRUE,TRUE,531.0689228,258.4184545,143.0816325,179.9072881,-0.673537965,-179.6980765,8.398418094,-1.825314098,0.714776501,-0.035184372,0.399209348,0.675104688,-14.44362945,73.82957039,75.19367409,-83.98358459,-71.41504943,78.1635601,65.51744156,1,1
130.4553399,12,1571917428,AUT,FALSE,TRUE,TRUE,531.0689228,258.4184545,143.0816325,179.9072881,-0.673537965,-179.6980765,8.398418094,-1.825314098,0.714776501,-0.035184372,0.399209348,0.675104688,-14.44362945,73.82957039,75.19367409,-83.98358459,-71.41504943,78.1635601,65.51744156,1,1
130.5558701,12,1571917428,AUT,FALSE,TRUE,TRUE,495.6235189,270.1555093,143.7144369,-179.9606753,-0.16364221,-179.7830296,-8.897255147,5.302980646,-0.189291705,0.215675356,1.844754061,-0.355659503,-14.59791183,72.4964241,75.37749939,-89.21939392,-71.53422363,76.37852898,70.73421364,1,1
137.5800428,13,1571917435,AUT,FALSE,FALSE,TRUE,471.7579824,-400.1775338,169.8235003,179.9794935,-0.039248639,-179.9876822,0.361995174,-1.999026272,2.70946888,-0.299625082,0.722017447,0.195590182,-78.18759956,72.81044769,76.07930946,-78.17993659,-70.07730468,80.57140274,-3.768430713,0.5,1
137.6807508,13,1571917435,AUT,FALSE,FALSE,TRUE,473.4415027,-400.5191405,167.6105795,179.8459001,0.16857378,-179.8941055,-11.78671182,-2.453867843,4.173820281,-0.143123224,1.650034011,0.578350894,-78.14776039,72.81200294,75.91355667,-78.09606628,-70.08220458,80.09308548,-3.661619569,0.5,1
137.7815619,13,1571917435,AUT,FALSE,TRUE,TRUE,473.4415027,-400.5191405,167.6105795,179.8459001,0.16857378,-179.8941055,-11.78671182,-2.453867843,4.173820281,-0.143123224,1.650034011,0.578350894,-78.14776039,72.81200294,75.91355667,-78.09606628,-70.08220458,80.09308548,-3.661619569,1,1
137.8824859,13,1571917435,AUT,FALSE,TRUE,TRUE,487.3315181,-397.8907434,160.7175889,179.8665872,0.391482777,-179.9175458,-13.5676306,-3.2742493,5.087210174,-0.444430323,1.762999082,0.577667814,-76.22799568,73.63280525,75.21471634,-76.37650337,-70.39923706,79.75186043,-3.496306231,1,1
137.983006,13,1571917435,AUT,FALSE,TRUE,TRUE,487.3315181,-397.8907434,160.7175889,179.8665872,0.391482777,-179.9175458,-13.5676306,-3.2742493,5.087210174,-0.444430323,1.762999082,0.577667814,-76.22799568,73.63280525,75.21471634,-76.37650337,-70.39923706,79.75186043,-3.496306231,1,1
138.083566,13,1571917435,AUT,FALSE,TRUE,TRUE,518.4847856,-395.7902953,148.5065869,179.7962954,0.455239369,-179.9074668,-8.966653506,-0.594939422,-1.352838367,-0.444430323,1.762999082,0.577667814,-71.77291259,75.83043479,74.51937103,-71.10830498,-71.44761291,80.01253166,-3.779894263,1,1
138.184099,13,1571917436,AUT,FALSE,TRUE,TRUE,518.4847856,-395.7902953,148.5065869,179.7962954,0.455239369,-179.9074668,-8.966653506,-0.594939422,-1.352838367,0.023572803,0.287351556,0.553011655,-71.77291259,75.83043479,74.51937103,-71.10830498,-71.44761291,80.01253166,-3.779894263,1,1
138.2846301,13,1571917436,AUT,FALSE,TRUE,TRUE,561.32738,-391.9971486,145.6568222,179.9828748,0.272893242,179.9529716,0.037526925,3.130313308,-1.153291034,0.423826467,-0.028554527,0.192407691,-65.1417984,78.09040146,74.53463173,-62.47089157,-72.09300476,81.90564079,-5.446492769,1,1
138.385138,13,1571917436,AUT,FALSE,TRUE,TRUE,561.32738,-391.9971486,145.6568222,179.9828748,0.272893242,179.9529716,0.037526925,3.130313308,-1.153291034,0.423826467,-0.028554527,0.192407691,-65.1417984,78.09040146,74.53463173,-62.47089157,-72.09300476,81.90564079,-5.446492769,1,1
138.4856889,13,1571917436,AUT,FALSE,TRUE,TRUE,584.3340665,-380.5330189,148.3926769,-179.7848116,-0.024816971,179.8195398,6.99369487,9.158782841,1.173608806,1.129751624,-0.945902583,-0.787058065,-61.32684746,78.66926765,74.54559059,-58.32638854,-71.99714355,83.19273719,-5.758992006,1,1
138.586221,13,1571917436,AUT,FALSE,TRUE,TRUE,602.0323073,-354.3075723,147.859686,-179.782781,-0.220932582,179.6918772,6.538342203,9.102309937,1.222505249,0.903027384,0.27731707,-1.013764312,-58.44251747,78.83471489,74.5472969,-57.66223068,-71.92946777,83.49236526,-3.426862338,1,1
138.6867468,13,1571917436,AUT,FALSE,TRUE,TRUE,602.0323073,-354.3075723,147.859686,-179.782781,-0.220932582,179.6918772,6.538342203,9.102309937,1.222505249,0.903027384,0.27731707,-1.013764312,-58.44251747,78.83471489,74.5472969,-57.66223068,-71.92946777,83.49236526,-3.426862338,1,1
138.787277,13,1571917436,AUT,FALSE,TRUE,TRUE,611.6642042,-314.9050457,146.3595708,-179.7274394,-0.720643723,179.6088153,21.5722304,7.788872402,-0.513375609,0.523388944,-1.158940234,-1.070284433,-56.31340141,78.56646652,74.68726616,-60.20751914,-71.9373944,83.43552131,1.006879806,1,1
138.887831,13,1571917436,AUT,FALSE,TRUE,TRUE,606.2850351,-274.5992638,145.043252,-179.8242333,-0.714464212,179.5910348,12.28717541,7.746630248,2.003469301,0.764720277,0.037561192,-0.702994438,-56.31987991,77.59978638,74.91685295,-66.15760803,-71.90140869,82.30105934,6.770709225,1,1
138.988328,13,1571917436,AUT,FALSE,TRUE,TRUE,606.2850351,-274.5992638,145.043252,-179.8242333,-0.714464212,179.5910348,12.28717541,7.746630248,2.003469301,0.764720277,0.037561192,-0.702994438,-56.31987991,77.59978638,74.91685295,-66.15760803,-71.90140869,82.30105934,6.770709225,1,1
139.088851,13,1571917436,AUT,FALSE,TRUE,TRUE,595.7857126,-230.4245396,142.3021537,-179.9298651,-0.364968206,179.5287568,-6.038491717,9.743370677,3.334539109,0.722667861,2.082803921,-0.13485219,-56.6025856,76.48995781,75.12997055,-73.18319664,-71.95872985,80.37969131,13.27814827,1,1
139.189393,13,1571917437,AUT,FALSE,TRUE,TRUE,585.9028638,-181.4833831,140.2373551,179.9253524,-0.038087357,179.5888043,-15.41620866,4.853407852,1.667844779,-0.028977635,2.579895134,0.506806265,-55.76939621,75.42745285,75.33740272,-79.47027054,-72.23476684,78.6580513,20.26568984,1,1
139.290067,13,1571917437,AUT,FALSE,TRUE,TRUE,584.125494,-141.8070722,142.1010581,179.8928239,0.181610267,179.7438053,-19.18092654,4.721824565,2.485757027,0.470956183,3.008222187,0.527379369,-53.6959362,74.64086952,75.57900581,-82.51353493,-72.35342468,77.98149261,25.30008544,1,1
139.3909559,13,1571917437,AUT,FALSE,TRUE,TRUE,584.125494,-141.8070722,142.1010581,179.8928239,0.181610267,179.7438053,-19.18092654,4.721824565,2.485757027,0.470956183,3.008222187,0.527379369,-50.55572433,74.36618042,75.6387577,-82.38266716,-72.22809265,78.00429611,28.21372833,1,1
139.4918931,13,1571917437,AUT,FALSE,TRUE,TRUE,592.4569454,-110.9938148,144.8997035,179.9137245,0.357966983,179.8105663,-16.50576344,5.534339122,2.806611478,0.636045788,2.060048787,0.210666785,-50.55572433,74.36618042,75.6387577,-82.38266716,-72.22809265,78.00429611,28.21372833,1,1
139.592376,13,1571917437,AUT,FALSE,TRUE,TRUE,608.220577,-85.97989552,146.3023758,179.9789559,0.423894239,179.842473,-16.19310715,6.189045709,5.865400954,0.491433007,1.902987764,-0.100080798,-46.79572563,74.64339981,75.4451374,-79.97331733,-72.08491333,78.46287231,29.56523552,1,1
139.692899,13,1571917437,AUT,FALSE,TRUE,TRUE,631.1240496,-66.47534381,144.5714272,179.9288673,0.483541877,179.9320162,-14.79910833,9.764950464,4.045928286,1.483102151,1.969091111,0.149145865,-42.44815063,75.50955848,74.86844788,-75.43167572,-72.08404541,79.07744064,29.58815574,1,1
139.7934229,13,1571917437,AUT,FALSE,TRUE,TRUE,657.1320875,-49.49424166,142.1673435,179.9632479,0.433843664,179.8443904,-8.810262457,12.37580323,-0.920190194,1.411350227,0.649018259,-0.049991231,-37.85874939,76.82855988,74.40612602,-69.50825271,-72.08797302,80.03603897,28.48928261,1,1
139.894037,13,1571917437,AUT,FALSE,TRUE,TRUE,657.1320875,-49.49424166,142.1673435,179.9632479,0.433843664,179.8443904,-8.810262457,12.37580323,-0.920190194,1.411350227,0.649018259,-0.049991231,-37.85874939,76.82855988,74.40612602,-69.50825271,-72.08797302,80.03603897,28.48928261,1,1
139.9945788,13,1571917437,AUT,FALSE,TRUE,TRUE,681.1784561,-30.65168042,143.5387208,-179.9591015,0.308976351,179.8123234,-2.352031744,9.507995146,-3.234824958,0.616670141,-0.289713245,-0.151416191,-33.2350502,78.03770484,74.42704124,-63.42102699,-72.18254333,81.48873711,27.29115486,1,1
140.0951309,13,1571917437,AUT,FALSE,TRUE,TRUE,699.4541278,-7.287669079,147.6593583,-179.9473481,0.176753805,179.8002111,-0.079578124,13.97224095,-1.246099872,1.757106734,-0.005524482,-0.258466169,-28.81368484,78.78843498,74.59185333,-58.20706673,-72.17272705,82.92628098,26.82932739,1,1
140.1956279,13,1571917438,AUT,FALSE,TRUE,TRUE,710.5292243,20.29183209,150.3068438,-179.8673384,-0.057712815,179.8536372,6.288173813,6.330605078,0.843871526,1.007018257,-0.369384552,-0.454637516,-24.78434944,79.26021881,74.59535866,-54.46215706,-72.08598999,83.99205093,27.22307396,1,1
140.296155,13,1571917438,AUT,FALSE,TRUE,TRUE,710.5292243,20.29183209,150.3068438,-179.8673384,-0.057712815,179.8536372,6.288173813,6.330605078,0.843871526,1.007018257,-0.369384552,-0.454637516,-21.15828781,79.62279167,74.53020286,-52.52248306,-71.93341735,84.76172904,29.11284599,1,1
140.396699,13,1571917438,AUT,FALSE,TRUE,TRUE,712.5720368,54.09402074,149.9219332,-179.9554867,-0.560091041,179.8875089,20.38974499,4.246364144,1.646422104,0.651350808,-1.368553044,-0.235641268,-21.15828781,79.62279167,74.53020286,-52.52248306,-71.93341735,84.76172904,29.11284599,1,1
140.4972489,13,1571917438,AUT,FALSE,TRUE,TRUE,701.8157896,88.89530456,146.9100453,179.8803352,-1.135756886,-179.839184,25.16363004,-5.153617871,2.796179525,0.003636165,-0.704564339,0.744446488,-18.88856735,79.60303688,74.51287193,-54.01944923,-71.92949523,84.89883842,32.96762924,1,1
140.5978439,13,1571917438,AUT,FALSE,TRUE,TRUE,682.4789959,115.9142599,142.9339933,179.7970451,-1.082450046,-179.7176675,20.02463919,-6.982495168,0.537033382,-0.42390066,-0.02946531,1.143254585,-18.54972153,79.06705169,74.45397491,-58.63965339,-72.00555358,83.80452461,37.67395935,1,1
140.698405,13,1571917438,AUT,FALSE,TRUE,TRUE,655.7827646,135.0505649,142.0624,179.9373035,-0.791691353,-179.7711913,7.923678668,1.340619339,-2.105659545,0.542414087,0.550583918,0.607036083,-19.63115387,77.97324943,74.55377884,-64.92912369,-72.00004394,82.20676231,42.67116279,1,1
140.7989099,13,1571917438,AUT,FALSE,TRUE,TRUE,655.7827646,135.0505649,142.0624,179.9373035,-0.791691353,-179.7711913,7.923678668,1.340619339,-2.105659545,0.542414087,0.550583918,0.607036083,-19.63115387,77.97324943,74.55377884,-64.92912369,-72.00004394,82.20676231,42.67116279,1,1
140.8994579,13,1571917438,AUT,FALSE,TRUE,TRUE,627.8770669,152.4040665,145.807324,-179.9180362,-0.398908155,179.9645643,-6.041534298,10.74951596,-2.463431123,1.060957312,1.613607038,-0.317902174,-20.90518341,76.49720535,75.07980766,-71.53385353,-71.9071875,80.86100578,47.34907608,1,1
141.000098,13,1571917438,AUT,FALSE,TRUE,TRUE,599.2752213,179.8458054,151.8542803,-179.7612993,-0.135744946,179.6796053,-14.17594355,19.86663304,4.728665107,1.879237901,2.407708519,-1.225108069,-20.62542686,75.04703064,75.75032386,-76.78906746,-71.60239379,79.90679168,52.51871338,1,1
141.100812,13,1571917438,AUT,FALSE,TRUE,TRUE,599.2752213,179.8458054,151.8542803,-179.7612993,-0.135744946,179.6796053,-14.17594355,19.86663304,4.728665107,1.879237901,2.407708519,-1.225108069,-20.62542686,75.04703064,75.75032386,-76.78906746,-71.60239379,79.90679168,52.51871338,1,1
141.2015719,13,1571917439,AUT,FALSE,TRUE,TRUE,577.6633287,216.4309057,151.6049121,-179.8709014,-0.366055026,179.7883653,-1.443658988,11.54313663,3.479944505,1.147503471,1.216401478,-0.744153305,-17.79754944,74.56063156,75.73323669,-78.63844757,-71.34017761,79.59182396,57.25741882,1,1
141.3023889,13,1571917439,AUT,FALSE,TRUE,TRUE,553.0851666,250.8006748,147.3002966,179.8978099,-0.689408198,-179.8297972,7.184307929,-3.27080622,1.69058124,-0.286673408,0.7998083,0.474073828,-14.67006797,74.46328926,75.57909508,-80.4698513,-71.38716613,79.33531379,62.17632064,1,1
141.402889,13,1571917439,AUT,FALSE,TRUE,TRUE,553.0851666,250.8006748,147.3002966,179.8978099,-0.689408198,-179.8297972,7.184307929,-3.27080622,1.69058124,-0.286673408,0.7998083,0.474073828,-14.67006797,74.46328926,75.57909508,-80.4698513,-71.38716613,79.33531379,62.17632064,1,1
141.503418,13,1571917439,AUT,FALSE,TRUE,TRUE,527.006422,266.8336515,142.8509917,179.6696964,-0.647139749,-179.4255482,5.719211108,-11.4860411,-0.949260903,-0.933293617,1.137576661,1.594776723,-13.43043938,73.90828056,75.25927963,-83.90187378,-71.61740112,78.4297245,66.72461243,1,1
141.6039491,13,1571917439,AUT,FALSE,TRUE,TRUE,527.006422,266.8336515,142.8509917,179.6696964,-0.647139749,-179.4255482,5.719211108,-11.4860411,-0.949260903,-0.933293617,1.137576661,1.594776723,-13.43043938,73.90828056,75.25927963,-83.90187378,-71.61740112,78.4297245,66.72461243,1,1
141.704489,13,1571917439,AUT,FALSE,TRUE,TRUE,502.3953629,268.4549259,142.9521965,-179.9187388,-0.565696602,-179.7366273,5.422458932,8.200699307,-1.179859162,0.905617996,0.374777913,-0.374449194,-14.41606407,72.84531898,75.419244,-88.47827682,-71.48894348,77.00637703,69.54053879,1,1
141.805059,13,1571917439,AUT,FALSE,TRUE,TRUE,477.3737221,271.7704772,148.4996839,-179.9393352,-0.149760334,-179.8250405,-6.6213271,6.940779867,-1.184851683,0.73404053,1.442030367,-0.244465351,-15.15726356,71.54144782,76.30975456,-92.82686806,-71.52868652,76.37102051,73.14091644,1,1
148.292486,14,1571917446,AUT,FALSE,FALSE,TRUE,471.9790077,-400.0245189,169.9946552,-179.9995274,-0.005409342,-179.9963623,-2.260025663,-0.461431483,-2.120005765,-0.434606358,0.34679609,0.030806443,-78.54693489,74.35097465,78.15146484,-78.17813415,-72.09646545,82.05818596,-3.256883244,0.5,1
148.393117,14,1571917446,AUT,FALSE,TRUE,TRUE,472.3663928,-399.9113037,170.9324877,-179.9990668,0.04667112,179.9786798,-1.141919565,0.774119531,-3.085135403,0.014808412,0.1202181,0.142637465,-78.54066581,74.35412979,78.26764526,-78.13547973,-72.09683349,82.13367576,-3.25773125,1,1
148.4936891,14,1571917446,AUT,FALSE,TRUE,TRUE,473.2851403,-399.3030467,174.71638,-179.9782931,0.075905667,179.8960893,0.554950376,1.001667873,-3.356810536,0.025040907,-0.201148627,0.116650004,-78.49321861,74.34120026,78.76763992,-77.96248283,-72.09992065,82.6377285,-3.257573319,1,1
148.594285,14,1571917446,AUT,FALSE,TRUE,TRUE,473.7118719,-399.4521798,179.0227456,-179.9737891,0.036443237,-179.9752978,0.554950376,1.001667873,-3.356810536,0.025040907,-0.201148627,0.116650004,-78.44859352,74.15189552,79.12884979,-77.81728477,-72.10078308,83.09324913,-3.257583619,1,1
148.6949139,14,1571917446,AUT,FALSE,TRUE,TRUE,473.7118719,-399.4521798,179.0227456,-179.9737891,0.036443237,-179.9752978,1.17098828,1.100822384,-1.833836223,0.06063556,-0.333384527,0.099412945,-78.44859352,74.15189552,79.12884979,-77.81728477,-72.10078308,83.09324913,-3.257583619,1,1
148.7953889,14,1571917446,AUT,FALSE,TRUE,TRUE,472.8824574,-400.0808868,181.2870777,179.9827155,-0.11325325,-179.8522892,1.455802497,-0.096313229,1.805758489,0.002408453,0.189880745,0.257567204,-78.48374977,73.96806335,79.26769294,-77.78376617,-72.09990966,83.41624374,-3.256392294,1,1
148.895972,14,1571917446,AUT,FALSE,TRUE,TRUE,472.0157682,-400.9364513,177.0392009,179.9558382,-0.126440652,179.9599952,-2.0381259,-0.248869072,2.962834045,-0.322976116,1.075580999,0.248776167,-78.57975654,74.21251945,78.98255996,-77.79019318,-72.10192565,83.09678192,-3.388801575,1,1
148.9965429,14,1571917446,AUT,FALSE,TRUE,TRUE,472.0157682,-400.9364513,177.0392009,179.9558382,-0.126440652,179.9599952,-2.0381259,-0.248869072,2.962834045,-0.322976116,1.075580999,0.248776167,-78.57975654,74.21251945,78.98255996,-77.79019318,-72.10192565,83.09678192,-3.388801575,1,1
149.097074,14,1571917446,AUT,FALSE,TRUE,TRUE,472.2631942,-401.5212953,168.9582179,179.9759555,-0.145771776,179.950387,-2.309503901,-0.121089177,4.318720328,-0.402735505,1.181619384,0.151014106,-78.46405334,74.64307365,78.33993873,-77.80074691,-72.34728881,82.39175491,-3.4163086,1,1
149.197665,14,1571917447,AUT,FALSE,TRUE,TRUE,474.7981712,-400.901738,157.5968909,-179.9874355,0.028559906,179.9595271,-3.991616067,0.496143047,2.646131516,-0.2608756,0.666050913,0.065029639,-78.10956916,75.32840423,77.49773025,-77.76717682,-72.79754699,81.27351494,-3.270132069,1,1
149.2982221,14,1571917447,AUT,FALSE,TRUE,TRUE,481.7669913,-398.0337394,149.7185747,179.9077152,0.309770593,179.9590546,-12.1495719,0.083830979,-0.099134801,-0.2608756,0.666050913,0.065029639,-77.2636734,76.15217971,77.16031952,-77.28335609,-73.43029357,80.62874451,-2.757170106,1,1
149.3987141,14,1571917447,AUT,FALSE,TRUE,TRUE,481.7669913,-398.0337394,149.7185747,179.9077152,0.309770593,179.9590546,-12.1495719,0.083830979,-0.099134801,-0.198664798,1.347363553,0.506170261,-77.2636734,76.15217971,77.16031952,-77.28335609,-73.43029357,80.62874451,-2.757170106,1,1
149.4992809,14,1571917447,AUT,FALSE,TRUE,TRUE,498.4210932,-394.6725661,147.3527777,179.8790907,0.298044745,179.9845666,-7.487405472,-0.010062159,1.292481135,-0.12457506,0.987088405,0.510600238,-74.89288902,77.00190353,77.18383713,-74.83107376,-73.91195617,81.10595626,-2.5724453,1,1
149.599828,14,1571917447,AUT,FALSE,TRUE,TRUE,514.0333523,-393.8280312,147.8236019,179.9084267,0.294479279,-179.9901612,-6.956482062,1.806853085,0.279156003,0.254801841,0.923636097,0.625415914,-72.63279533,77.48860817,77.1035305,-72.06082649,-73.97955505,81.62594261,-2.989245988,1,1
149.7006569,14,1571917447,AUT,FALSE,TRUE,TRUE,514.0333523,-393.8280312,147.8236019,179.9084267,0.294479279,-179.9901612,-6.956482062,1.806853085,0.279156003,0.254801841,0.923636097,0.625415914,-72.63279533,77.48860817,77.1035305,-72.06082649,-73.97955505,81.62594261,-2.989245988,1,1
149.80146,14,1571917447,AUT,FALSE,TRUE,TRUE,529.3158924,-393.1934522,149.4517738,179.9202531,0.216321797,-179.9463932,-3.609162102,0.629910594,1.391784093,0.047315199,0.186499056,0.442376394,-70.31572723,77.87459907,77.03865623,-69.10841217,-73.97554504,82.34390945,-3.530950931,1,1
149.9023991,14,1571917447,AUT,FALSE,TRUE,TRUE,544.6312859,-392.0685531,149.7225036,179.9253553,0.320764279,-179.9582035,-5.886979161,-0.116815492,0.779636164,0.012311519,0.179129705,0.56856499,-68.01836929,78.34704208,76.91363868,-66.11613808,-73.97461669,82.7273735,-4.086680606,1,1
150.0029099,14,1571917447,AUT,FALSE,TRUE,TRUE,562.7986184,-389.9344084,150.3373493,179.9484958,0.27759764,-179.9761497,-3.626788393,2.149290029,0.393853019,0.012311519,0.179129705,0.56856499,-65.23195152,78.89362221,76.76112442,-62.49173126,-73.97407836,83.39384536,-4.841750338,1,1
150.1034679,14,1571917447,AUT,FALSE,TRUE,TRUE,562.7986184,-389.9344084,150.3373493,179.9484958,0.27759764,-179.9761497,-3.626788393,2.149290029,0.393853019,0.267935411,-0.436661305,0.108979065,-65.23195152,78.89362221,76.76112442,-62.49173126,-73.97407836,83.39384536,-4.841750338,1,1
150.2040279,14,1571917448,AUT,FALSE,TRUE,TRUE,586.4237945,-373.1072869,150.379655,-179.7813035,0.064591559,179.776409,-1.900181557,11.44136499,2.977660804,1.455604325,0.59298485,-0.686269579,-61.47811889,79.50018081,76.7833065,-59.08342209,-73.93819152,84.23701515,-4.459134294,1,1
150.3045421,14,1571917448,AUT,FALSE,TRUE,TRUE,586.4237945,-373.1072869,150.379655,-179.7813035,0.064591559,179.776409,-1.900181557,11.44136499,2.977660804,1.455604325,0.59298485,-0.686269579,-61.47811889,79.50018081,76.7833065,-59.08342209,-73.93819152,84.23701515,-4.459134294,1,1
150.4050748,14,1571917448,AUT,FALSE,TRUE,TRUE,601.6814024,-343.0967969,147.8437259,-179.7357775,-0.261371562,179.5824083,11.91451095,6.743802032,0.888355819,0.150627087,-0.696614025,-1.011147985,-58.78984336,79.70348281,76.77820129,-59.32503548,-73.938208,84.36078644,-1.606644063,1,1
150.505641,14,1571917448,AUT,FALSE,TRUE,TRUE,608.6933251,-307.6634523,146.5286042,-179.7372752,-0.567657584,179.5064491,15.87628075,9.331121042,-0.794331483,0.389160743,-0.530100961,-0.991300303,-57.14344596,79.46049271,76.91627884,-61.96183319,-73.94300903,84.18187408,2.546084975,1,1
150.606159,14,1571917448,AUT,FALSE,TRUE,TRUE,608.6933251,-307.6634523,146.5286042,-179.7372752,-0.567657584,179.5064491,15.87628075,9.331121042,-0.794331483,0.389160743,-0.530100961,-0.991300303,-56.58620567,78.65794487,77.19270172,-67.04240226,-73.93919677,83.42410926,8.114683913,1,1
150.7067111,14,1571917448,AUT,FALSE,TRUE,TRUE,606.3534295,-267.4184842,146.8066967,-179.8282347,-0.574132211,179.5725612,12.04429318,5.827829484,-0.109679788,0.129661152,-0.190495611,-0.589157226,-56.58620567,78.65794487,77.19270172,-67.04240226,-73.93919677,83.42410926,8.114683913,1,1
150.80725,14,1571917448,AUT,FALSE,TRUE,TRUE,598.7832216,-224.9494401,146.1894532,-179.9360792,-0.16656106,179.5693107,-4.667660375,5.386171898,2.468722933,0.167604794,1.298235253,-0.127731505,-56.45165062,77.66842003,77.42978324,-73.1693161,-73.93791687,81.92402572,14.24230499,1,1
150.9077489,14,1571917448,AUT,FALSE,TRUE,TRUE,593.093144,-183.7325713,145.0064415,-179.9990957,0.098476608,179.6231616,-15.39218337,4.069344537,2.86806043,-0.281705606,2.26747347,0.188068634,-55.43667183,76.84641953,77.47856941,-77.8746952,-73.98036804,80.64172554,19.86164016,1,1
151.008281,14,1571917448,AUT,FALSE,TRUE,TRUE,595.0852851,-145.1499113,144.1502664,-179.9771029,0.174980675,179.6485176,-15.39218337,4.069344537,2.86806043,-0.281705606,2.26747347,0.188068634,-53.02466469,76.44190979,77.43944435,-79.98549156,-73.99058532,80.04851875,24.29203834,1,1
151.1088309,14,1571917448,AUT,FALSE,TRUE,TRUE,595.0852851,-145.1499113,144.1502664,-179.9771029,0.174980675,179.6485176,-15.83462189,5.386601316,2.913673341,0.074985242,2.800922535,-0.069151075,-53.02466469,76.44190979,77.43944435,-79.98549156,-73.99058532,80.04851875,24.29203834,1,1
151.209337,14,1571917449,AUT,FALSE,TRUE,TRUE,609.7792537,-100.2409265,141.6532313,-179.9921675,0.342847293,179.6430025,-17.30527374,10.50016091,2.691721494,0.868315177,2.62294557,-0.105540385,-48.03874969,76.64391059,77.04921341,-79.03573379,-74.04340759,79.74275551,28.20177383,1,1
151.309958,14,1571917449,AUT,FALSE,TRUE,TRUE,629.0250817,-71.51045392,139.8775122,179.9367843,0.483019962,179.7626198,-17.30527374,10.50016091,2.691721494,0.868315177,2.62294557,-0.105540385,-43.48537674,77.21782951,76.59340439,-75.77102279,-74.14258117,80.00767708,29.63273277,1,1
151.411099,14,1571917449,AUT,FALSE,TRUE,TRUE,629.0250817,-71.51045392,139.8775122,179.9367843,0.483019962,179.7626198,-16.15114459,7.285122712,0.614660003,0.129993684,1.909084459,0.103712511,-43.48537674,77.21782951,76.59340439,-75.77102279,-74.14258117,80.00767708,29.63273277,1,1
151.51175,14,1571917449,AUT,FALSE,TRUE,TRUE,662.5097625,-45.10026352,141.6031078,179.963071,0.43594701,179.8449041,-2.616036527,10.57654249,0.73375472,2.276795635,1.052205021,-0.098467358,-37.30753097,78.32618523,76.27788734,-68.46102218,-74.08987426,81.43556671,28.69383774,1,1
151.6123819,14,1571917449,AUT,FALSE,TRUE,TRUE,662.5097625,-45.10026352,141.6031078,179.963071,0.43594701,179.8449041,-2.616036527,10.57654249,0.73375472,2.276795635,1.052205021,-0.098467358,-37.30753097,78.32618523,76.27788734,-68.46102218,-74.08987426,81.43556671,28.69383774,1,1
151.7129619,14,1571917449,AUT,FALSE,TRUE,TRUE,694.86753,-9.112082036,144.8611972,-179.9842885,0.214575546,179.7770395,-1.304478927,7.333229066,1.260283475,0.203271341,-0.032984204,-0.035243707,-30.03880463,79.69015846,76.35294799,-59.73079491,-74.05618469,83.40947685,27.66281891,1,1
151.8134639,14,1571917449,AUT,FALSE,TRUE,TRUE,694.86753,-9.112082036,144.8611972,-179.9842885,0.214575546,179.7770395,-1.304478927,7.333229066,1.260283475,0.203271341,-0.032984204,-0.035243707,-24.82711372,80.51863746,76.2575386,-54.61313667,-74.06263916,84.52915534,27.89215851,1,1
151.9140189,14,1571917449,AUT,FALSE,TRUE,TRUE,710.1653952,24.47198118,144.7780087,-179.8980544,-0.138234463,179.8130153,9.251238191,8.079645742,0.373123551,1.536778932,-0.204580497,-0.390020591,-24.82711372,80.51863746,76.2575386,-54.61313667,-74.06263916,84.52915534,27.89215851,1,1
152.0145531,14,1571917449,AUT,FALSE,TRUE,TRUE,710.1653952,24.47198118,144.7780087,-179.8980544,-0.138234463,179.8130153,9.251238191,8.079645742,0.373123551,1.536778932,-0.204580497,-0.390020591,-20.42449722,81.0551239,76.20963478,-53.17924919,-74.0524768,85.20103454,32.12235145,1,1
152.1150579,14,1571917449,AUT,FALSE,TRUE,TRUE,705.1938878,79.45745538,140.4652346,179.9566732,-0.972349785,-179.9690046,23.75962407,-1.120063378,-1.770819492,0.155163289,-0.809559974,0.690255744,-20.42449722,81.0551239,76.20963478,-53.17924919,-74.0524768,85.20103454,32.12235145,1,1
152.215611,14,1571917450,AUT,FALSE,TRUE,TRUE,681.9134328,113.4748634,139.7662484,179.8092075,-1.096996665,-179.6196235,21.18196736,-7.512751182,-3.001091246,-0.338116935,-0.335722234,1.552529734,-19.08265457,80.31906738,76.25185661,-58.75255165,-74.09951477,84.57347145,37.96915512,1,1
152.3161418,14,1571917450,AUT,FALSE,TRUE,TRUE,681.9134328,113.4748634,139.7662484,179.8092075,-1.096996665,-179.6196235,21.18196736,-7.512751182,-3.001091246,-0.338116935,-0.335722234,1.552529734,-19.08265457,80.31906738,76.25185661,-58.75255165,-74.09951477,84.57347145,37.96915512,1,1
152.416625,14,1571917450,AUT,FALSE,TRUE,TRUE,649.8314063,132.3945441,143.5379017,-179.9125084,-0.619688939,-179.8800134,0.271194985,9.313220981,0.853160284,1.320220334,1.210429768,-0.011363435,-21.01510162,78.65365677,76.61823692,-67.06593018,-73.85928222,82.98756065,43.62438125,1,1
152.517159,14,1571917450,AUT,FALSE,TRUE,TRUE,618.3015414,158.2625365,143.3695119,-179.7224379,-0.241709022,179.6563942,-14.59887788,21.876615,5.656990764,1.790927027,2.749129897,-1.501036752,-21.70747719,77.46370353,76.88923874,-73.80371475,-73.71565246,81.14178543,49.18482628,1,1
152.6177509,14,1571917450,AUT,FALSE,TRUE,TRUE,618.3015414,158.2625365,143.3695119,-179.7224379,-0.241709022,179.6563942,-14.59887788,21.876615,5.656990764,1.790927027,2.749129897,-1.501036752,-21.70747719,77.46370353,76.88923874,-73.80371475,-73.71565246,81.14178543,49.18482628,1,1
152.718236,14,1571917450,AUT,FALSE,TRUE,TRUE,594.1575897,191.0562281,140.0227932,-179.6712709,-0.301082682,179.6683618,-7.499693336,19.71012618,1.670030873,2.04596209,1.983498904,-1.320039432,-19.97961273,77.12417449,76.87714004,-77.08898735,-73.87119689,80.34928665,54.03572273,1,1
152.8188069,14,1571917450,AUT,FALSE,TRUE,TRUE,594.1575897,191.0562281,140.0227932,-179.6712709,-0.301082682,179.6683618,-7.499693336,19.71012618,1.670030873,2.04596209,1.983498904,-1.320039432,-16.68314781,76.64731293,77.23902626,-79.29710884,-73.94361877,80.54844817,59.82832946,1,1
152.9193609,14,1571917450,AUT,FALSE,TRUE,TRUE,568.2071506,238.5760927,144.9502589,179.9332062,-0.433109445,-179.9297111,5.600178692,-3.377473498,-3.712877291,-0.451085197,0.046029598,0.36566608,-16.68314781,76.64731293,77.23902626,-79.29710884,-73.94361877,80.54844817,59.82832946,1,1
153.0198739,14,1571917450,AUT,FALSE,TRUE,TRUE,533.5184454,260.6185794,154.3074432,179.9324303,-0.62102408,-179.6842733,8.040627479,-4.812011905,1.212842585,-0.563370871,0.248644286,0.465592606,-14.68418884,75.09689483,78.15512809,-83.15347137,-73.10203857,80.96165428,65.69068565,1,1
153.120698,14,1571917450,AUT,FALSE,TRUE,TRUE,533.5184454,260.6185794,154.3074432,179.9324303,-0.62102408,-179.6842733,8.040627479,-4.812011905,1.212842585,-0.563370871,0.248644286,0.465592606,-14.68418884,75.09689483,78.15512809,-83.15347137,-73.10203857,80.96165428,65.69068565,1,1
153.2214549,14,1571917451,AUT,FALSE,TRUE,TRUE,506.7449892,268.9817405,155.8158836,-179.9522469,-0.448749817,-179.7260961,1.161554078,0.69470854,2.368409641,0.216820672,0.798745835,0.114668828,-14.80854378,73.72055168,78.18618507,-87.57708206,-72.5748706,79.77667236,69.39920998,1,1
153.322088,14,1571917451,AUT,FALSE,TRUE,TRUE,488.6493935,270.9071716,156.6673852,-179.8836625,-0.083800587,-179.830491,-4.957931296,7.812939685,-2.619835321,0.784385812,0.935980816,-0.619228105,-15.35391884,72.66336479,78.18525467,-90.95746193,-72.45442199,78.61465873,71.89862022,1,1
159.190315,15,1571917457,AUT,FALSE,FALSE,TRUE,471.8068577,-400.1889249,169.9083241,179.9848777,-0.02302115,-179.9948369,-0.157739609,-1.011781793,-0.618127364,-0.227768696,0.396668575,0.207153541,-78.72126388,75.11891556,79.14699783,-78.17479362,-73.09025024,82.80975723,-3.025051119,0.5,1
159.291122,15,1571917457,AUT,FALSE,TRUE,TRUE,471.7435032,-400.8966145,166.5814176,179.8660157,-0.023054376,179.9332838,-4.563127573,-1.054949872,3.849885408,-0.043203534,1.068238437,0.524641735,-78.69349594,75.26043663,78.85931396,-78.10816154,-73.09479858,82.55969124,-3.026592638,0.5,1
159.391813,15,1571917457,AUT,FALSE,TRUE,TRUE,471.7435032,-400.8966145,166.5814176,179.8660157,-0.023054376,179.9332838,-4.563127573,-1.054949872,3.849885408,-0.043203534,1.068238437,0.524641735,-78.69349594,75.26043663,78.85931396,-78.10816154,-73.09479858,82.55969124,-3.026592638,1,1
159.4927409,15,1571917457,AUT,FALSE,TRUE,TRUE,478.1523005,-400.8816316,158.5854053,179.8621219,0.220189474,-179.9894432,-11.41826024,-1.867271483,3.890351459,-0.31286449,1.239992747,0.586093343,-77.95466881,75.91780701,78.31909904,-77.3988739,-73.59787902,81.8014595,-2.968038944,1,1
159.5932829,15,1571917457,AUT,FALSE,TRUE,TRUE,492.0312282,-398.7908005,149.0502069,179.8608477,0.405124462,-179.9387694,-17.96818712,-0.537700976,4.630969483,0.006460363,2.424650982,0.666665867,-76.02908478,77.04422493,77.8110466,-75.53945159,-74.32702514,81.35646171,-2.809032444,1,1
159.6937969,15,1571917457,AUT,FALSE,TRUE,TRUE,513.8129289,-396.4098254,142.9013223,179.8429419,0.618316449,-179.9307332,-13.99079842,-1.353882664,-2.083721648,-0.131907254,1.12591498,0.788020849,-72.9788166,78.33436317,77.5947052,-72.06308212,-75.00742492,81.44239196,-2.999813463,1,1
159.7943439,15,1571917457,AUT,FALSE,TRUE,TRUE,513.8129289,-396.4098254,142.9013223,179.8429419,0.618316449,-179.9307332,-13.99079842,-1.353882664,-2.083721648,-0.131907254,1.12591498,0.788020849,-72.9788166,78.33436317,77.5947052,-72.06308212,-75.00742492,81.44239196,-2.999813463,1,1
159.8949139,15,1571917457,AUT,FALSE,TRUE,TRUE,538.9572643,-394.5276772,143.6136952,179.8611434,0.480231081,-179.9444857,-8.212642247,-0.941143429,0.249628993,-0.087354328,0.494416992,0.711169109,-69.176651,79.27565803,77.72350959,-67.19992561,-75.30529724,82.59712028,-3.7979908,1,1
159.9954059,15,1571917457,AUT,FALSE,TRUE,TRUE,564.2913192,-392.628003,145.4573724,179.9580671,0.362862541,-179.933053,-3.154499431,3.391437382,1.402460522,0.70600973,0.706399996,0.251852826,-65.19191322,79.96396866,77.62754059,-61.89110183,-75.30242431,83.65606155,-5.048042681,1,1
160.0959349,15,1571917457,AUT,FALSE,TRUE,TRUE,564.2913192,-392.628003,145.4573724,179.9580671,0.362862541,-179.933053,-3.154499431,3.391437382,1.402460522,0.70600973,0.706399996,0.251852826,-61.40476799,80.64397087,77.52290611,-57.39196357,-75.26131896,84.58029327,-5.741321188,1,1
160.1964979,15,1571917458,AUT,FALSE,TRUE,TRUE,586.9130003,-384.6213191,145.5027818,-179.8011955,0.087005247,179.8334222,5.543837572,9.390351066,0.309230211,1.198889713,-0.427509566,-0.676582372,-61.40476799,80.64397087,77.52290611,-57.39196357,-75.26131896,84.58029327,-5.741321188,1,1
160.296989,15,1571917458,AUT,FALSE,TRUE,TRUE,608.5936805,-357.6658695,144.5947886,-179.6791422,-0.521696038,179.5551723,27.16408533,12.29581138,-0.539995479,1.079847123,-2.355567661,-1.745771994,-57.48023529,81.13145141,77.57962989,-55.12848816,-75.18749084,85.60022964,-4.205278019,1,1
160.397567,15,1571917458,AUT,FALSE,TRUE,TRUE,613.690366,-325.837944,144.4134557,-179.5754897,-0.87440008,179.5073622,25.72164813,11.82492279,0.875859708,0.979210714,-1.13925679,-1.535653827,-56.34472961,80.80328636,77.76670989,-57.97105293,-75.17239562,85.57385559,-0.367691806,1,1
160.4981658,15,1571917458,AUT,FALSE,TRUE,TRUE,609.4435494,-285.1009262,143.3974771,-179.7743727,-0.636373897,179.4923127,10.09177121,11.37127093,1.619952983,1.055464405,0.671271132,-0.932526789,-56.60798263,80.00246887,77.98879852,-64.19870453,-75.11459655,84.3370491,5.656644056,1,1
160.5987,15,1571917458,AUT,FALSE,TRUE,TRUE,609.4435494,-285.1009262,143.3974771,-179.7743727,-0.636373897,179.4923127,10.09177121,11.37127093,1.619952983,1.055464405,0.671271132,-0.932526789,-56.60798263,80.00246887,77.98879852,-64.19870453,-75.11459655,84.3370491,5.656644056,1,1
160.6993179,15,1571917458,AUT,FALSE,TRUE,TRUE,600.6420539,-235.8751928,140.8775196,-179.8717485,-0.197664352,179.5236913,-11.26557203,8.133388239,2.750094353,0.819456328,2.079537332,-0.238386185,-56.75793571,78.97983398,78.09833564,-71.76654053,-75.1630902,82.46312141,12.88257522,1,1
160.799917,15,1571917458,AUT,FALSE,TRUE,TRUE,593.3591428,-183.4276396,139.2178402,-179.9736686,0.051691937,179.5374089,-15.42416361,5.887918836,1.657252053,0.066590425,2.179784735,0.085408076,-55.53205376,78.12696189,78.24215698,-77.8152214,-75.32033752,81.0626152,20.07279053,1,1
160.9004619,15,1571917458,AUT,FALSE,TRUE,TRUE,592.251054,-136.5919652,141.4540638,179.9869828,0.154588429,179.6417231,-16.41385208,3.858375634,0.323988024,0.100256196,2.311694099,0.255431252,-52.89769706,77.44321746,78.53041076,-81.01599541,-75.34799011,80.6277832,25.84921302,1,1
161.0013399,15,1571917458,AUT,FALSE,TRUE,TRUE,592.251054,-136.5919652,141.4540638,179.9869828,0.154588429,179.6417231,-16.41385208,3.858375634,0.323988024,0.100256196,2.311694099,0.255431252,-49.32014694,77.08482284,78.57084045,-81.06386489,-75.24619628,80.61822509,29.49993896,1,1
161.102036,15,1571917458,AUT,FALSE,TRUE,TRUE,600.5689422,-99.26079664,144.4937057,179.9359172,0.33713368,179.7761048,-17.23193379,5.871327587,2.975226982,0.822014075,2.215458483,0.239619861,-49.32014694,77.08482284,78.57084045,-81.06386489,-75.24619628,80.61822509,29.49993896,1,1
161.2025828,15,1571917459,AUT,FALSE,TRUE,TRUE,617.9775648,-72.01363477,144.3684383,179.949241,0.435809053,179.9233894,-15.20834237,2.14099866,5.315868009,0.652030515,2.208471089,0.035033225,-45.01954536,77.27390442,78.08113174,-78.23609733,-75.10246765,80.81499366,30.88850441,1,1
161.303165,15,1571917459,AUT,FALSE,TRUE,TRUE,642.2391497,-52.39154809,141.5519139,179.922149,0.488207712,179.9159704,-10.76358345,5.55664554,2.455563079,1.36908103,1.636347582,0.137983093,-40.45343513,78.13879966,77.42611999,-73.16793594,-75.05722595,81.22645569,30.47669563,1,1
161.403764,15,1571917459,AUT,FALSE,TRUE,TRUE,667.4352358,-33.77028668,142.1847954,179.9941692,0.415446012,179.7998768,-5.390536228,12.22404934,-3.515487328,2.218414037,0.729600503,-0.125035647,-35.87519874,79.19776153,77.37048798,-67.23166237,-75.09585388,82.34093971,29.28162689,1,1
161.5042949,15,1571917459,AUT,FALSE,TRUE,TRUE,667.4352358,-33.77028668,142.1847954,179.9941692,0.415446012,179.7998768,-5.390536228,12.22404934,-3.515487328,2.218414037,0.729600503,-0.125035647,-35.87519874,79.19776153,77.37048798,-67.23166237,-75.09585388,82.34093971,29.28162689,1,1
161.604883,15,1571917459,AUT,FALSE,TRUE,TRUE,689.2753028,-12.01844709,147.7578086,-179.9469868,0.268162475,179.8135574,-3.924532402,13.50909826,-3.50951947,1.592022204,0.040393811,-0.1583278,-31.09120903,79.90495491,77.66737976,-61.24715538,-75.13254821,83.95102386,28.33038254,1,1
161.705461,15,1571917459,AUT,FALSE,TRUE,TRUE,704.8326972,12.80337458,153.3021722,-179.9453931,0.040756733,179.8519242,4.627781871,10.9801492,0.614763371,1.797766587,-0.312907876,-0.109683632,-26.67097664,80.26726684,77.78547249,-56.30572128,-74.99539489,85.31783981,28.04304199,1,1
161.8059978,15,1571917459,AUT,FALSE,TRUE,TRUE,704.8326972,12.80337458,153.3021722,-179.9453931,0.040756733,179.8519242,4.627781871,10.9801492,0.614763371,1.797766587,-0.312907876,-0.109683632,-26.67097664,80.26726684,77.78547249,-56.30572128,-74.99539489,85.31783981,28.04304199,1,1
161.906543,15,1571917459,AUT,FALSE,TRUE,TRUE,707.6627662,51.13485432,153.8374966,-179.9336079,-0.805914036,179.9756824,25.60434948,3.148601092,4.663031018,0.889075164,-1.345592326,-0.20328511,-22.34752349,80.53002891,77.63943329,-53.76555519,-74.62058532,86.46781311,29.91234856,1,1
162.0070939,15,1571917459,AUT,FALSE,TRUE,TRUE,707.6627662,51.13485432,153.8374966,-179.9336079,-0.805914036,179.9756824,25.60434948,3.148601092,4.663031018,0.889075164,-1.345592326,-0.20328511,-22.34752349,80.53002891,77.63943329,-53.76555519,-74.62058532,86.46781311,29.91234856,1,1
162.1075809,15,1571917459,AUT,FALSE,TRUE,TRUE,682.6379537,102.772519,145.2952256,179.9569454,-1.146797337,-179.8874074,21.60740491,-4.77974277,0.428486088,-0.477748669,-0.331854192,0.633870495,-20.44073295,80.47425956,77.50433921,-57.59008484,-74.58640686,85.43369408,37.0222023,1,1
162.2081358,15,1571917460,AUT,FALSE,TRUE,TRUE,643.616955,139.3159614,140.1975546,-179.9944885,-0.732720557,-179.9809158,-1.597028702,5.959011289,-0.067664374,0.587878683,1.572765794,0.150093004,-21.12619056,79.34516716,77.55281639,-68.15639534,-74.83445068,83.19746132,44.97229728,1,1
162.3086829,15,1571917460,AUT,FALSE,TRUE,TRUE,643.616955,139.3159614,140.1975546,-179.9944885,-0.732720557,-179.9809158,-1.597028702,5.959011289,-0.067664374,0.587878683,1.572765794,0.150093004,-21.12619056,79.34516716,77.55281639,-68.15639534,-74.83445068,83.19746132,44.97229728,1,1
162.4091759,15,1571917460,AUT,FALSE,TRUE,TRUE,613.0289257,169.4948417,138.6308573,-179.8245967,-0.160989236,179.7507923,-17.12598239,18.57298879,2.918103967,1.691864418,2.926581817,-0.893683384,-21.01833229,78.33943061,77.5503273,-74.44111061,-74.97485046,81.31549301,50.95444564,1,1
162.509753,15,1571917460,AUT,FALSE,TRUE,TRUE,594.636016,202.1717648,138.7621097,-179.7543266,-0.315869333,179.7408594,-17.12598239,18.57298879,2.918103967,1.691864418,2.926581817,-0.893683384,-18.75238151,78.04717712,77.65452232,-76.23598137,-74.89597961,81.08819961,55.01740951,1,1
162.61045,15,1571917460,AUT,FALSE,TRUE,TRUE,594.636016,202.1717648,138.7621097,-179.7543266,-0.315869333,179.7408594,-2.653264605,19.15416344,1.705768763,1.522155915,1.262515852,-0.897787715,-18.75238151,78.04717712,77.65452232,-76.23598137,-74.89597961,81.08819961,55.01740951,1,1
162.711144,15,1571917460,AUT,FALSE,TRUE,TRUE,569.1065762,236.4239534,138.9243612,179.9238245,-0.769292378,-179.8176502,11.76257281,-4.055249291,-0.532734701,-0.660030852,0.00692725,0.666606326,-15.85570564,77.78041878,77.9126667,-78.42761306,-74.83245666,81.41193237,60.22272491,1,1
162.8118699,15,1571917460,AUT,FALSE,TRUE,TRUE,569.1065762,236.4239534,138.9243612,179.9238245,-0.769292378,-179.8176502,11.76257281,-4.055249291,-0.532734701,-0.660030852,0.00692725,0.666606326,-15.85570564,77.78041878,77.9126667,-78.42761306,-74.83245666,81.41193237,60.22272491,1,1
162.912586,15,1571917460,AUT,FALSE,TRUE,TRUE,525.5088611,263.1478285,140.7784617,179.907744,-0.687960843,-179.5375709,6.331015712,-3.898042809,0.862645612,-0.027348063,0.603753735,0.70435258,-14.64139709,76.83370285,78.18169784,-84.45894928,-74.78404541,80.60309143,67.32201805,1,1
163.013108,15,1571917460,AUT,FALSE,TRUE,TRUE,525.5088611,263.1478285,140.7784617,179.907744,-0.687960843,-179.5375709,6.331015712,-3.898042809,0.862645612,-0.027348063,0.603753735,0.70435258,-15.25463676,75.34721489,78.30006866,-89.9532875,-74.76225402,78.9630558,71.75568123,1,1
163.1136761,15,1571917460,AUT,FALSE,TRUE,TRUE,494.2756384,269.8098411,140.4376638,-179.8745485,-0.237097996,-179.7349427,-7.62456529,9.151244664,1.14953196,0.965569076,1.850521146,-0.50384875,-15.25463676,75.34721489,78.30006866,-89.9532875,-74.76225402,78.9630558,71.75568123,1,1