Time/Second,Task_No,Time Stamp,OperationMode,isCollision,isCompliance,isReadyToMove,ToolPosition_x,ToolPosition_y,ToolPosition_z,ToolPosition_A,ToolPosition_b,ToolPosition_c,ToolForce_x,ToolForce_y,ToolForce_z,ToolTorque_x,ToolTorque_y,ToolTorque_z,JointPosition,JointPosition,JointPosition,JointPosition,JointPosition,JointPosition,JointPosition,Tool_Velocity,Tool_Acceleration
0,1,1573826066,AUT,FALSE,FALSE,TRUE,472.9707864,-399.2629449,170.4938892,-179.8971847,0.07400891,-179.9820521,-19.2086987,0.264921322,14.9769114,0.348033038,2.796586192,0.080883028,-75.6974865,66.12744369,66.63788223,-78.1689949,-60.74197448,74.14353561,-6.777119069,0.5,1
0.10029912,1,1573826066,AUT,FALSE,FALSE,TRUE,472.9707864,-399.2629449,170.4938892,-179.8971847,0.07400891,-179.9820521,-19.2086987,0.264921322,14.9769114,0.348033038,2.796586192,0.080883028,-75.6974865,66.12744369,66.63788223,-78.1689949,-60.74197448,74.14353561,-6.777119069,0.5,1
0.201092958,1,1573826067,AUT,FALSE,TRUE,TRUE,469.2418305,-402.350234,160.8634367,-179.9399421,-0.233811429,-179.8542114,-2.934191542,-3.316339637,16.91601638,-0.564023001,1.417420082,-0.138327016,-75.78965493,66.46782417,65.81035423,-78.37268829,-61.06893859,73.50403518,-6.914091113,1,1
0.301628113,1,1573826067,AUT,FALSE,TRUE,TRUE,469.2418305,-402.350234,160.8634367,-179.9399421,-0.233811429,-179.8542114,-2.934191542,-3.316339637,16.91601638,-0.564023001,1.417420082,-0.138327016,-75.3048317,68.11065788,64.80888176,-78.22272491,-62.04733703,71.38895759,-6.720827869,1,1
0.402176142,1,1573826067,AUT,FALSE,TRUE,TRUE,474.2543163,-402.4005827,141.9191883,-179.7340067,0.604629921,-179.9639627,-9.489041493,0.21149452,-3.227580605,0.02832125,-0.248964611,-0.909042303,-75.3048317,68.11065788,64.80888176,-78.22272491,-62.04733703,71.38895759,-6.720827869,1,1
0.502660036,1,1573826067,AUT,FALSE,TRUE,TRUE,492.7949594,-397.3092673,145.2376069,-179.7458396,0.544865767,179.9680868,-3.707959503,-0.35840285,-2.491796681,0.033820755,-0.620339876,-1.031075975,-73.22834015,69.51861763,66.06819305,-75.69850616,-63.07460266,73.13385773,-6.091197969,1,1
0.603225946,1,1573826067,AUT,FALSE,TRUE,TRUE,492.7949594,-397.3092673,145.2376069,-179.7458396,0.544865767,179.9680868,-3.707959503,-0.35840285,-2.491796681,0.033820755,-0.620339876,-1.031075975,-73.22834015,69.51861763,66.06819305,-75.69850616,-63.07460266,73.13385773,-6.091197969,1,1
0.703794003,1,1573826067,AUT,FALSE,TRUE,TRUE,508.1613001,-395.3223213,152.3395245,-179.838675,0.471118137,-179.8923615,-3.208041777,-1.551336638,1.263469193,0.141820978,-0.638544511,-0.672579973,-71.18056756,69.81189423,66.45503883,-73.10229263,-63.01683654,74.5646244,-6.059203725,1,1
0.804367065,1,1573826067,AUT,FALSE,TRUE,TRUE,523.8481551,-392.6620193,155.539432,-179.8730178,0.521306248,-179.8762586,-5.456677368,-1.895158315,3.93410529,0.069467136,-0.558853414,-0.454130832,-68.95064164,70.22883911,66.32221756,-70.42376404,-62.74216735,75.41203766,-6.200055319,1,1
0.904937983,1,1573826067,AUT,FALSE,TRUE,TRUE,542.559438,-388.2078999,155.0414186,-179.902575,0.567020993,-179.8932358,-6.550989384,-1.436751757,1.332224239,0.086456328,-0.536479022,-0.283277346,-66.24810448,71.08759574,66.04155807,-67.31454391,-62.71528381,76.15551681,-6.238624194,1,1
1.005494118,1,1573826067,AUT,FALSE,TRUE,TRUE,563.4579389,-383.2667515,152.40092,-179.9123815,0.583706505,-179.8703464,-6.550989384,-1.436751757,1.332224239,0.086456328,-0.536479022,-0.283277346,-63.15553208,72.28738518,65.70505714,-63.64721832,-62.84705383,76.92439155,-6.420571519,1,1
1.105983019,1,1573826067,AUT,FALSE,TRUE,TRUE,563.4579389,-383.2667515,152.40092,-179.9123815,0.583706505,-179.8703464,-5.291448448,-2.599526907,2.627242172,-0.117351398,-0.262503437,-0.099679965,-63.15553208,72.28738518,65.70505714,-63.64721832,-62.84705383,76.92439155,-6.420571519,1,1
1.206530094,1,1573826068,AUT,FALSE,TRUE,TRUE,584.256756,-379.4275038,148.2784826,-179.9188942,0.39413777,-179.885074,-2.106265532,0.702932712,2.865037125,0.346632187,-0.295309443,-0.321286697,-59.8945015,73.69308586,65.24322968,-59.33206329,-62.93690551,77.80174255,-7.005833819,1,1
1.307081938,1,1573826068,AUT,FALSE,TRUE,TRUE,605.2197365,-376.3744693,142.7033007,-179.7410048,0.116728311,179.9738082,11.08103741,4.518622994,-0.543004821,0.346632187,-0.295309443,-0.321286697,-56.25099908,75.43855934,64.70591239,-54.07219048,-62.96361877,79.07918472,-8.287186438,1,1
1.407621145,1,1573826068,AUT,FALSE,TRUE,TRUE,605.2197365,-376.3744693,142.7033007,-179.7410048,0.116728311,179.9738082,11.08103741,4.518622994,-0.543004821,0.571959371,-1.90324759,-1.168481215,-56.25099908,75.43855934,64.70591239,-54.07219048,-62.96361877,79.07918472,-8.287186438,1,1
1.508182049,1,1573826068,AUT,FALSE,TRUE,TRUE,614.7821,-370.5350016,140.7989201,-179.486633,-0.123727625,179.829117,15.50026044,8.826862727,-1.33995502,0.91940397,-2.225746311,-1.967924015,-54.53329354,76.16881027,64.68852996,-52.03964767,-63.0351123,79.75620003,-8.582011419,1,1
1.60896492,1,1573826068,AUT,FALSE,TRUE,TRUE,618.4805679,-359.5382395,140.476318,-179.4226901,-0.353958532,179.6873804,14.6050411,8.394202925,-0.835201741,0.487726617,-1.493356695,-2.497240155,-53.81674805,76.16254806,64.79029426,-52.40263252,-63.03593078,79.90258255,-7.573126606,1,1
1.709624052,1,1573826068,AUT,FALSE,TRUE,TRUE,618.2710108,-343.6837254,141.8236435,-179.4979165,-0.377015583,179.7052698,9.315990658,8.163004304,-1.437325047,0.590408718,-0.586654149,-2.151008078,-53.82695504,75.45767212,64.96538543,-54.89647064,-63.03033874,79.40408134,-5.283421331,1,1
1.810424089,1,1573826068,AUT,FALSE,TRUE,TRUE,615.4713998,-320.3433204,144.6912597,-179.5568874,-0.300824837,179.6763592,2.501188101,7.096939898,-1.831993434,0.590408718,-0.586654149,-2.151008078,-54.15886231,74.22561035,65.27284469,-58.93738632,-62.91279052,78.52498283,-1.9753212,1,1
1.911056995,1,1573826068,AUT,FALSE,TRUE,TRUE,615.4713998,-320.3433204,144.6912597,-179.5568874,-0.300824837,179.6763592,2.501188101,7.096939898,-1.831993434,0.748673542,0.074700961,-1.785508556,-54.15886231,74.22561035,65.27284469,-58.93738632,-62.91279052,78.52498283,-1.9753212,1,1
2.011615992,1,1573826068,AUT,FALSE,TRUE,TRUE,611.0230007,-278.6123547,148.1450033,-179.6541878,-0.104831023,179.651142,-3.058550703,6.918893278,1.83367437,0.699477674,0.612921235,-1.219943906,-54.20716439,72.36553573,65.83758659,-65.22043648,-62.84706481,76.95329246,3.762288662,1,1
2.112149954,1,1573826068,AUT,FALSE,TRUE,TRUE,611.0230007,-278.6123547,148.1450033,-179.6541878,-0.104831023,179.651142,-3.058550703,6.918893278,1.83367437,0.699477674,0.612921235,-1.219943906,-54.20716439,72.36553573,65.83758659,-65.22043648,-62.84706481,76.95329246,3.762288662,1,1
2.212697029,1,1573826069,AUT,FALSE,TRUE,TRUE,606.5118527,-232.4127359,149.2176498,-179.6818846,-0.02187759,179.6291447,-4.802447257,6.455488675,2.574566154,0.498581839,0.465832643,-1.073733877,-53.36698151,70.75958519,66.34596863,-70.95294113,-62.89087829,75.44452286,9.790950388,1,1
2.313199043,1,1573826069,AUT,FALSE,TRUE,TRUE,602.9614792,-190.6298852,149.1294286,-179.7167075,0.02823433,179.6446683,-5.435690233,5.029093111,1.981669512,0.317710833,0.613583894,-0.941691087,-51.92147255,69.59233589,66.6583477,-75.17182846,-62.96995788,74.22041244,14.99230728,1,1
2.413774967,1,1573826069,AUT,FALSE,TRUE,TRUE,600.3533801,-151.0764546,149.1332954,-179.7179485,0.060760482,179.7241118,-5.429473768,2.557281453,2.738304595,-0.136139128,0.524766019,-0.832482199,-49.93056107,68.63406372,66.81578521,-78.32781944,-63.00571289,73.26228103,19.79372063,1,1
2.514333963,1,1573826069,AUT,FALSE,TRUE,TRUE,600.3533801,-151.0764546,149.1332954,-179.7179485,0.060760482,179.7241118,-5.429473768,2.557281453,2.738304595,-0.136139128,0.524766019,-0.832482199,-47.59022255,67.87591781,66.87421531,-80.35228386,-62.97897216,72.62633743,23.88632698,1,1
2.614895105,1,1573826069,AUT,FALSE,TRUE,TRUE,599.4988822,-115.6660036,149.9354592,-179.7680883,0.122372471,179.8436715,-7.203261569,0.358468622,1.629754657,-0.304115381,0.628541282,-0.697622938,-47.59022255,67.87591781,66.87421531,-80.35228386,-62.97897216,72.62633743,23.88632698,1,1
2.715445042,1,1573826069,AUT,FALSE,TRUE,TRUE,602.5480456,-89.72598823,151.8607036,-179.8102855,0.210238492,-179.9999704,-6.653436511,-0.845052124,2.045144136,-0.036322592,0.482149669,-0.619384368,-45.21653023,67.4491333,66.80813255,-80.77331428,-62.85633178,72.50526123,26.55704154,1,1
2.815999031,1,1573826069,AUT,FALSE,TRUE,TRUE,613.8952612,-73.02298972,153.1254452,-179.979289,0.472282663,-179.8598019,-11.47878587,-2.014759831,3.762351131,-0.151593995,0.848750451,-0.384325853,-43.08601341,67.45197258,66.45745583,-79.67184562,-62.60105346,72.66329269,27.62594948,1,1
2.916536093,1,1573826069,AUT,FALSE,TRUE,TRUE,613.8952612,-73.02298972,153.1254452,-179.979289,0.472282663,-179.8598019,-11.47878587,-2.014759831,3.762351131,-0.151593995,0.848750451,-0.384325853,-43.08601341,67.45197258,66.45745583,-79.67184562,-62.60105346,72.66329269,27.62594948,1,1
3.017065048,1,1573826069,AUT,FALSE,TRUE,TRUE,630.3744721,-70.87800666,150.9634293,-179.9494691,0.488129789,-179.8231335,-11.29331776,-0.078433982,6.633557218,0.236082897,0.925232013,-0.327312421,-40.31162911,68.53160934,65.54452286,-75.46378326,-62.38653991,73.32016182,26.40498046,1,1
3.117604017,1,1573826069,AUT,FALSE,TRUE,TRUE,650.1793695,-73.00900447,145.1302051,-179.897856,0.454079111,-179.8735545,-5.638437091,1.518760277,3.143423303,0.166691144,0.04671655,-0.536740898,-38.00978394,70.26593856,64.76419143,-70.6824028,-62.41138549,74.15727882,24.32747955,1,1
3.218148947,1,1573826070,AUT,FALSE,TRUE,TRUE,670.9443148,-74.90418698,138.7338176,-179.8490176,0.408906292,-179.9465064,-4.081332727,4.507806897,0.424967288,0.494439325,0.032357016,-0.558747281,-35.58009911,72.34062423,64.35228653,-65.39348488,-62.72761047,75.25042534,22.12632751,1,1
3.318772078,1,1573826070,AUT,FALSE,TRUE,TRUE,670.9443148,-74.90418698,138.7338176,-179.8490176,0.408906292,-179.9465064,-4.081332727,4.507806897,0.424967288,0.494439325,0.032357016,-0.558747281,-33.19344979,74.16301574,64.32470054,-60.30881653,-63.10795166,76.56453438,20.15929756,1,1
3.419532061,1,1573826070,AUT,FALSE,TRUE,TRUE,689.4099091,-75.07857807,135.5483607,-179.7809776,0.301285118,-179.969138,0.775689545,4.940555064,-3.700524643,0.549778735,-0.936609827,-0.630768044,-33.19344979,74.16301574,64.32470054,-60.30881653,-63.10795166,76.56453438,20.15929756,1,1
3.520138979,1,1573826070,AUT,FALSE,TRUE,TRUE,707.4006195,-68.94142496,136.2318535,-179.6876256,0.046471261,179.9415517,10.78856329,6.648937133,-1.17992129,0.467681828,-1.734204167,-1.143139985,-30.16922951,75.78093452,64.50802459,-54.69289054,-63.20692199,78.49531631,18.29101409,1,1
3.620831966,1,1573826070,AUT,FALSE,TRUE,TRUE,713.6670285,-49.76988683,139.6726213,-179.6037075,-0.047149651,179.7388425,10.62497372,8.785781492,-1.92292711,0.467681828,-1.734204167,-1.143139985,-28.01591606,76.13319053,64.90494003,-52.98719788,-63.19730346,79.33974266,18.98938064,1,1
3.721379042,1,1573826070,AUT,FALSE,TRUE,TRUE,713.6670285,-49.76988683,139.6726213,-179.6037075,-0.047149651,179.7388425,10.62497372,8.785781492,-1.92292711,0.531845362,-1.852720979,-1.537264252,-28.01591606,76.13319053,64.90494003,-52.98719788,-63.19730346,79.33974266,18.98938064,1,1
3.821907043,1,1573826070,AUT,FALSE,TRUE,TRUE,714.8455551,-20.48958764,144.6174042,-179.7346609,0.036336577,179.7958605,-0.165859975,6.094045973,-0.079963107,0.152191154,-0.114098711,-1.061542264,-25.81276932,75.79731445,65.17443122,-53.10804405,-63.19844055,79.6411766,21.5187973,1,1
3.922482967,1,1573826070,AUT,FALSE,TRUE,TRUE,714.7172943,12.38549956,149.2151548,-179.7531994,0.090235983,179.8657492,-5.424737918,7.099962704,2.169622658,0.942521462,0.691291877,-0.789787713,-23.20395584,75.3456871,65.19174843,-53.24674644,-62.99962646,79.85837288,24.2295124,1,1
4.023030043,1,1573826070,AUT,FALSE,TRUE,TRUE,714.7172943,12.38549956,149.2151548,-179.7531994,0.090235983,179.8657492,-5.424737918,7.099962704,2.169622658,0.942521462,0.691291877,-0.789787713,-20.80838699,75.25087166,65.12660293,-53.04077682,-62.88349548,79.95771675,26.43835831,1,1
4.123520136,1,1573826070,AUT,FALSE,TRUE,TRUE,714.323931,40.92313999,150.4672413,-179.776738,0.100528959,179.8792267,-2.932423315,6.302555723,2.511812451,0.586726329,-0.146279712,-0.731040743,-20.80838699,75.25087166,65.12660293,-53.04077682,-62.88349548,79.95771675,26.43835831,1,1
4.224066019,1,1573826071,AUT,FALSE,TRUE,TRUE,712.7224794,72.62157553,149.3495188,-179.9161812,0.036836173,-179.996809,1.803993452,0.334757896,0.455643992,-0.249378599,-0.948240571,-0.301508433,-18.00788956,75.37338638,64.96766166,-52.68296585,-62.89124084,80.01880416,28.9999443,1,1
4.324700117,1,1573826071,AUT,FALSE,TRUE,TRUE,709.7280268,87.59721629,149.473884,-179.8384688,-0.268528071,-179.835802,10.0905141,-1.976262207,-1.101127542,-0.367555761,-1.250185168,-0.294531623,-16.70736924,75.35538597,64.93322296,-52.69764633,-62.8699768,80.34572983,30.21073723,1,1
4.425281048,1,1573826071,AUT,FALSE,TRUE,TRUE,709.7280268,87.59721629,149.473884,-179.8384688,-0.268528071,-179.835802,10.0905141,-1.976262207,-1.101127542,-0.367555761,-1.250185168,-0.294531623,-16.70736924,75.35538597,64.93322296,-52.69764633,-62.8699768,80.34572983,30.21073723,1,1
4.525879145,1,1573826071,AUT,FALSE,TRUE,TRUE,698.9720647,102.7281897,151.7152741,-179.8468692,-0.629061972,-179.7860516,14.15127368,-0.195104348,-1.347430232,0.370214505,-0.811429718,-0.237425513,-16.36414261,74.69567413,65.17984886,-54.82321586,-62.6756781,80.35195083,32.45502777,1,1
4.626464128,1,1573826071,AUT,FALSE,TRUE,TRUE,698.9720647,102.7281897,151.7152741,-179.8468692,-0.629061972,-179.7860516,14.15127368,-0.195104348,-1.347430232,0.370214505,-0.811429718,-0.237425513,-16.36414261,74.69567413,65.17984886,-54.82321586,-62.6756781,80.35195083,32.45502777,1,1
4.726994991,1,1573826071,AUT,FALSE,TRUE,TRUE,673.579803,118.421863,154.2699502,-179.9513541,-0.607453404,-179.6340372,7.080973458,0.376422361,0.802784023,0.858674645,0.007420517,0.242008426,-17.64788476,72.65613441,65.35576401,-61.40554733,-62.36817077,78.77884254,36.9604969,1,1
4.827554941,1,1573826071,AUT,FALSE,TRUE,TRUE,673.579803,118.421863,154.2699502,-179.9513541,-0.607453404,-179.6340372,7.080973458,0.376422361,0.802784023,0.858674645,0.007420517,0.242008426,-17.64788476,72.65613441,65.35576401,-61.40554733,-62.36817077,78.77884254,36.9604969,1,1
4.928144932,1,1573826071,AUT,FALSE,TRUE,TRUE,643.1537071,120.8145141,152.5771485,-179.8891466,-0.406648542,-179.6113931,-2.513854934,3.022622849,3.660895439,0.860215344,0.607719227,-0.118603073,-20.3929081,70.29681015,65.31401596,-69.3659729,-62.04801818,76.13590622,40.90299224,1,1
5.028918028,1,1573826071,AUT,FALSE,TRUE,TRUE,622.7439261,117.0560361,148.1298316,-179.6522917,-0.248046753,-179.8526427,-5.903450064,9.42423588,2.284022466,0.860215344,0.607719227,-0.118603073,-22.77123871,68.96664047,65.27608223,-74.68386039,-62.02869873,73.93259124,42.81842422,1,1
5.129761934,1,1573826071,AUT,FALSE,TRUE,TRUE,622.7439261,117.0560361,148.1298316,-179.6522917,-0.248046753,-179.8526427,-5.903450064,9.42423588,2.284022466,1.111304021,0.952167613,-1.20879889,-22.77123871,68.96664047,65.27608223,-74.68386039,-62.02869873,73.93259124,42.81842422,1,1
5.230581999,1,1573826072,AUT,FALSE,TRUE,TRUE,606.1324993,123.8838593,145.4163767,-179.5669009,-0.043817308,179.8737851,-10.14888994,15.56743491,1.160283596,1.558561859,1.378942059,-1.644535691,-23.7581337,68.20695991,65.59578094,-78.42774353,-62.36294677,72.41194954,45.21910514,1,1
5.331207037,1,1573826072,AUT,FALSE,TRUE,TRUE,606.1324993,123.8838593,145.4163767,-179.5669009,-0.043817308,179.8737851,-10.14888994,15.56743491,1.160283596,1.558561859,1.378942059,-1.644535691,-23.7581337,68.20695991,65.59578094,-78.42774353,-62.36294677,72.41194954,45.21910514,1,1
5.431858063,1,1573826072,AUT,FALSE,TRUE,TRUE,596.98462,148.4999572,147.2949269,-179.6273425,0.156742114,179.716183,-11.44808985,18.13412062,3.630626914,1.993452892,1.488050257,-1.465781611,-22.10380898,67.95793075,66.12194709,-79.52943534,-62.6272174,72.18956222,48.13059539,1,1
5.532498121,1,1573826072,AUT,FALSE,TRUE,TRUE,597.6483035,169.9112586,148.4485963,-179.7264768,0.263111334,179.8082406,-9.701239521,9.658330193,4.030694121,0.38138504,1.080658577,-1.036952519,-19.55264283,68.19160309,66.01671867,-78.24389076,-62.63095825,72.59407196,49.64818153,1,1
5.633078098,1,1573826072,AUT,FALSE,TRUE,TRUE,602.9406652,190.6916292,149.1144107,-179.8162209,0.236369692,179.8563068,-9.701239521,9.658330193,4.030694121,0.38138504,1.080658577,-1.036952519,-16.6489975,68.83671341,65.76110801,-75.67727851,-62.50755432,73.38620681,50.30089988,1,1
5.733734131,1,1573826072,AUT,FALSE,TRUE,TRUE,602.9406652,190.6916292,149.1144107,-179.8162209,0.236369692,179.8563068,-4.130036736,5.531433641,0.602705244,-0.103384576,0.275782789,-0.822557442,-16.6489975,68.83671341,65.76110801,-75.67727851,-62.50755432,73.38620681,50.30089988,1,1
5.834267139,1,1573826072,AUT,FALSE,TRUE,TRUE,608.8103575,214.4048484,149.7539928,-179.8874341,0.016236492,179.956089,3.263399807,2.16612012,0.884849113,0.036699859,-0.478959463,-0.299982385,-13.32740822,69.80232925,65.64617729,-72.33840637,-62.4353247,74.65103531,50.81387901,1,1
5.934772015,1,1573826072,AUT,FALSE,TRUE,TRUE,608.8103575,214.4048484,149.7539928,-179.8874341,0.016236492,179.956089,3.263399807,2.16612012,0.884849113,0.036699859,-0.478959463,-0.299982385,-13.32740822,69.80232925,65.64617729,-72.33840637,-62.4353247,74.65103531,50.81387901,1,1
6.035313129,1,1573826072,AUT,FALSE,TRUE,TRUE,607.8678852,238.244252,149.3059673,-179.9548396,-0.142897865,-179.9333449,7.691032717,-2.163616337,-0.715557398,-1.045800063,-0.984558329,0.107434847,-10.77436752,70.48608055,65.59224128,-70.29160537,-62.48774047,75.41144714,52.06616249,1,1
6.135846138,1,1573826072,AUT,FALSE,TRUE,TRUE,607.8678852,238.244252,149.3059673,-179.9548396,-0.142897865,-179.9333449,7.691032717,-2.163616337,-0.715557398,-1.045800063,-0.984558329,0.107434847,-10.77436752,70.48608055,65.59224128,-70.29160537,-62.48774047,75.41144714,52.06616249,1,1
6.236515999,1,1573826073,AUT,FALSE,TRUE,TRUE,598.1270093,251.7141917,148.2078213,-179.9469882,-0.429582705,-179.7764987,10.26031557,1.111982661,0.059633173,0.015882687,-0.44797644,0.225326707,-9.160304263,70.43769951,65.64809646,-70.93004493,-62.47861083,75.47251739,53.79657783,1,1
6.337068081,1,1573826073,AUT,FALSE,TRUE,TRUE,598.1270093,251.7141917,148.2078213,-179.9469882,-0.429582705,-179.7764987,10.26031557,1.111982661,0.059633173,0.015882687,-0.44797644,0.225326707,-9.160304263,70.43769951,65.64809646,-70.93004493,-62.47861083,75.47251739,53.79657783,1,1
6.437603951,1,1573826073,AUT,FALSE,TRUE,TRUE,568.1703267,268.0937885,144.467699,-179.9781573,-0.546608166,-179.6922123,6.980467135,0.589352529,-0.279654467,0.202983754,0.219982564,0.491713755,-8.850853731,69.40837669,65.81863861,-75.5902256,-62.6117926,73.98361244,58.35514526,1,1
6.538095951,1,1573826073,AUT,FALSE,TRUE,TRUE,568.1703267,268.0937885,144.467699,-179.9781573,-0.546608166,-179.6922123,6.980467135,0.589352529,-0.279654467,0.202983754,0.219982564,0.491713755,-8.850853731,69.40837669,65.81863861,-75.5902256,-62.6117926,73.98361244,58.35514526,1,1
6.638689995,1,1573826073,AUT,FALSE,TRUE,TRUE,529.5291422,275.536364,140.1185221,-179.9800845,-0.43760845,-179.5874012,1.262044714,1.66841435,1.214815997,0.352162094,0.883522487,0.248036714,-9.551572038,67.44960022,65.76146507,-82.62906646,-62.74183776,71.41441841,63.59335784,1,1
6.739447117,1,1573826073,AUT,FALSE,TRUE,TRUE,501.8056148,273.2520514,138.1793672,-179.8972418,-0.247020098,-179.5984162,-2.658901976,4.772163111,1.329412825,0.613268904,0.999171598,-0.349628383,-10.80131149,65.57258606,65.74281234,-88.33765869,-62.83271118,69.23643379,66.92553177,1,1
6.840063095,1,1573826073,AUT,FALSE,TRUE,TRUE,501.8056148,273.2520514,138.1793672,-179.8972418,-0.247020098,-179.5984162,-2.658901976,4.772163111,1.329412825,0.613268904,0.999171598,-0.349628383,-10.80131149,65.57258606,65.74281234,-88.33765869,-62.83271118,69.23643379,66.92553177,1,1
6.940762997,1,1573826073,AUT,FALSE,TRUE,TRUE,487.9671374,270.1697406,137.427131,-179.8623448,-0.215263953,-179.6238959,-3.331760388,6.229868773,2.711149867,0.907928626,1.092982318,-0.470907696,-11.60985031,64.59685936,65.78941498,-91.15855636,-62.83002502,68.1446949,68.43058319,1,1
13.94815397,2,1573826080,AUT,FALSE,TRUE,TRUE,472.1146751,-399.850105,170.0672907,-179.9613232,-0.082686718,179.9459273,-6.85718008,-0.141924069,14.13469022,0.188183375,1.282510717,0.009423687,-75.51430321,65.61618461,65.77070389,-78.18147125,-59.94193359,73.66705169,-7.077392581,1,1
14.04873705,2,1573826080,AUT,FALSE,TRUE,TRUE,472.1146751,-399.850105,170.0672907,-179.9613232,-0.082686718,179.9459273,-6.85718008,-0.141924069,14.13469022,0.188183375,1.282510717,0.009423687,-74.82843361,66.36258888,64.72764473,-78.27930794,-60.39811889,72.49972343,-6.752622988,1,1
14.14949012,2,1573826080,AUT,FALSE,TRUE,TRUE,474.6916107,-397.5487288,155.0718267,-179.8271658,-0.051688539,-179.9280358,-2.878600025,-1.633569885,10.23409339,-0.61934773,0.717943996,-0.604925332,-74.82843361,66.36258888,64.72764473,-78.27930794,-60.39811889,72.49972343,-6.752622988,1,1
14.25017905,2,1573826081,AUT,FALSE,TRUE,TRUE,485.0570391,-394.0950728,136.7222924,-179.8538479,0.585838352,-179.9667439,-11.72940858,-1.659617168,-0.232216947,-0.588392095,-0.004221476,-0.479645252,-73.5957264,68.25972175,63.89393348,-77.67797813,-61.7313977,70.75316505,-5.832088856,1,1
14.35089803,2,1573826081,AUT,FALSE,TRUE,TRUE,485.0570391,-394.0950728,136.7222924,-179.8538479,0.585838352,-179.9667439,-11.72940858,-1.659617168,-0.232216947,-0.588392095,-0.004221476,-0.479645252,-73.5957264,68.25972175,63.89393348,-77.67797813,-61.7313977,70.75316505,-5.832088856,1,1
14.45142198,2,1573826081,AUT,FALSE,TRUE,TRUE,505.432833,-390.8051016,137.0970912,-179.918221,0.747349315,-179.9772026,-12.28208113,-0.318488386,-1.550491389,0.060552016,0.309193022,-0.177036591,-71.15763359,69.86672287,64.65250511,-74.55316772,-62.60420654,72.06878814,-5.453984075,1,1
14.55197215,2,1573826081,AUT,FALSE,TRUE,TRUE,505.432833,-390.8051016,137.0970912,-179.918221,0.747349315,-179.9772026,-12.28208113,-0.318488386,-1.550491389,0.060552016,0.309193022,-0.177036591,-71.15763359,69.86672287,64.65250511,-74.55316772,-62.60420654,72.06878814,-5.453984075,1,1
14.65252209,2,1573826081,AUT,FALSE,TRUE,TRUE,538.9218464,-388.5480181,147.0383865,-179.9353356,0.661762363,-179.9009521,-8.466509072,-1.842430846,3.359589787,0.147576399,0.281685396,-0.041125487,-66.65026932,71.13725395,65.17795372,-68.27424431,-62.51961181,74.90862694,-6.137886431,1,1
14.75302911,2,1573826081,AUT,FALSE,TRUE,TRUE,571.4164474,-383.1915953,148.005907,-179.9877434,0.573401095,-179.8647988,-6.425094033,0.984357457,3.714892844,0.147576399,0.281685396,-0.041125487,-61.87552186,72.70110282,64.78943939,-62.04667511,-62.39454345,76.74616584,-6.844331363,1,1
14.85357714,2,1573826081,AUT,FALSE,TRUE,TRUE,571.4164474,-383.1915953,148.005907,-179.9877434,0.573401095,-179.8647988,-6.425094033,0.984357457,3.714892844,0.716791086,0.204555848,-0.102728959,-61.87552186,72.70110282,64.78943939,-62.04667511,-62.39454345,76.74616584,-6.844331363,1,1
14.95418501,2,1573826081,AUT,FALSE,TRUE,TRUE,571.4164474,-383.1915953,148.005907,-179.9877434,0.573401095,-179.8647988,-6.425094033,0.984357457,3.714892844,0.716791086,0.204555848,-0.102728959,-61.87552186,72.70110282,64.78943939,-62.04667511,-62.39454345,76.74616584,-6.844331363,1,1
15.05474901,2,1573826081,AUT,FALSE,TRUE,TRUE,607.2231439,-371.8369559,143.663456,-179.6527763,-0.01289187,179.8671615,10.57178161,9.807957509,0.380018332,1.488193767,-1.117821475,-1.539720114,-56.47617073,74.92191353,64.29781837,-54.04187164,-62.40971557,79.10701103,-8.116579056,1,1
15.15532398,2,1573826081,AUT,FALSE,TRUE,TRUE,617.1922221,-359.5243226,142.2991687,-179.5134471,-0.216071201,179.7417677,15.35928194,9.077207205,0.608964005,0.861482211,-1.792412972,-2.219970837,-54.0465271,75.62320175,64.30313988,-52.98369598,-62.44121337,79.5211544,-7.428000644,1,1
15.25589705,2,1573826082,AUT,FALSE,TRUE,TRUE,621.8298737,-341.6654169,141.7146435,-179.5176322,-0.280928042,179.6551668,8.659850758,8.594336527,-1.423117614,0.70032812,-0.559636293,-2.156438784,-53.23600388,75.3814167,64.41907654,-54.28771133,-62.45628112,79.24466286,-5.444875719,1,1
15.35647392,2,1573826082,AUT,FALSE,TRUE,TRUE,621.8298737,-341.6654169,141.7146435,-179.5176322,-0.280928042,179.6551668,8.659850758,8.594336527,-1.423117614,0.70032812,-0.559636293,-2.156438784,-53.23600388,75.3814167,64.41907654,-54.28771133,-62.45628112,79.24466286,-5.444875719,1,1
15.45706511,2,1573826082,AUT,FALSE,TRUE,TRUE,622.6612154,-319.2574809,143.168748,-179.5829431,-0.260240247,179.6666386,6.028622337,7.154733818,-1.529320703,0.513561847,-0.479693938,-1.822858401,-52.95205193,74.53099937,64.63514328,-57.26806869,-62.46020874,78.55458412,-2.436307531,1,1
15.55767393,2,1573826082,AUT,FALSE,TRUE,TRUE,620.7540476,-288.9025282,147.2369565,-179.6384026,-0.154170017,179.6620899,1.963219773,5.444093118,-0.111410182,0.440630445,-0.331436736,-1.510856841,-52.84492493,73.16400833,65.08272285,-61.53686828,-62.39188476,77.63283119,1.657455825,1,1
15.65825415,2,1573826082,AUT,FALSE,TRUE,TRUE,620.7540476,-288.9025282,147.2369565,-179.6384026,-0.154170017,179.6620899,1.963219773,5.444093118,-0.111410182,0.440630445,-0.331436736,-1.510856841,-52.84492493,73.16400833,65.08272285,-61.53686828,-62.39188476,77.63283119,1.657455825,1,1
15.75931501,2,1573826082,AUT,FALSE,TRUE,TRUE,616.6157324,-248.4741727,151.4825828,-179.6784233,-0.071117098,179.654475,-4.536301651,6.664096607,1.999467793,0.771563667,0.654394134,-1.234531031,-52.40163689,71.38714141,65.66867866,-67.00808716,-62.29819335,76.45103188,6.9369667,1,1
15.8601501,2,1573826082,AUT,FALSE,TRUE,TRUE,611.9077324,-199.9239827,153.6982111,-179.7300759,0.017538805,179.6789275,-6.407327817,4.081280334,0.488807233,0.361361365,0.419258846,-0.925373948,-51.11552582,69.72436066,66.14693756,-72.40713615,-62.22942443,75.03403587,13.08524894,1,1
15.96080613,2,1573826082,AUT,FALSE,TRUE,TRUE,611.9077324,-199.9239827,153.6982111,-179.7300759,0.017538805,179.6789275,-6.407327817,4.081280334,0.488807233,0.361361365,0.419258846,-0.925373948,-51.11552582,69.72436066,66.14693756,-72.40713615,-62.22942443,75.03403587,13.08524894,1,1
16.06134105,2,1573826082,AUT,FALSE,TRUE,TRUE,608.8841185,-155.3231851,154.696642,-179.7545563,0.075976625,179.7359487,-8.51354267,6.524916677,3.147377101,0.91883396,0.930320638,-0.769283693,-49.09645157,68.52244949,66.39623794,-76.04272842,-62.17402038,73.98315925,18.44740791,1,1
16.16191602,2,1573826082,AUT,FALSE,TRUE,TRUE,609.0177795,-114.6439147,154.7491562,-179.8067092,0.126063885,179.796362,-6.529968633,2.97770473,1.488694071,0.012632604,0.513119911,-0.723813719,-46.35857964,67.74890556,66.40391808,-78.20686683,-62.08500915,73.20687561,22.98903923,1,1
16.26242709,2,1573826083,AUT,FALSE,TRUE,TRUE,609.0177795,-114.6439147,154.7491562,-179.8067092,0.126063885,179.796362,-6.529968633,2.97770473,1.488694071,0.012632604,0.513119911,-0.723813719,-46.35857964,67.74890556,66.40391808,-78.20686683,-62.08500915,73.20687561,22.98903923,1,1
16.36295605,2,1573826083,AUT,FALSE,TRUE,TRUE,619.6959349,-79.3148675,154.3936744,179.9499396,0.49666235,-179.8450742,-13.75139635,-1.740982525,3.326300089,-0.018712599,1.14733373,0.221032953,-42.93148384,67.56458244,66.02044373,-78.08964614,-62.07051269,72.90218353,26.37937546,1,1
16.46350908,2,1573826083,AUT,FALSE,TRUE,TRUE,619.6959349,-79.3148675,154.3936744,179.9499396,0.49666235,-179.8450742,-13.75139635,-1.740982525,3.326300089,-0.018712599,1.14733373,0.221032953,-40.08042526,68.35909996,64.96844788,-74.37205124,-61.66990173,73.40490074,25.41890259,1,1
16.56401706,2,1573826083,AUT,FALSE,TRUE,TRUE,634.3786303,-75.73032507,152.895862,179.9558444,0.496014708,-179.8548105,-13.03266464,2.540257133,5.395601266,0.675895356,0.984904591,0.005958755,-40.08042526,68.35909996,64.96844788,-74.37205124,-61.66990173,73.40490074,25.41890259,1,1
16.66458607,2,1573826083,AUT,FALSE,TRUE,TRUE,657.2957927,-77.29602985,149.653984,-179.911604,0.465049392,-179.9047732,-6.186491919,1.492981562,2.178273721,0.112478417,-0.140980812,-0.447750914,-37.35765267,70.14232521,64.25414428,-68.79917793,-61.58404357,74.65111084,22.97766838,1,1
16.76516414,2,1573826083,AUT,FALSE,TRUE,TRUE,677.0620958,-77.07851456,148.0221937,-179.8667876,0.420113595,-179.9804506,-5.782655072,5.142453718,0.692337327,0.398431651,0.065532174,-0.535142597,-34.89855881,71.91784973,64.15367431,-63.57103843,-61.82629211,76.14378891,21.01494713,1,1
16.86565208,2,1573826083,AUT,FALSE,TRUE,TRUE,677.0620958,-77.07851456,148.0221937,-179.8667876,0.420113595,-179.9804506,-5.782655072,5.142453718,0.692337327,0.398431651,0.065532174,-0.535142597,-34.89855881,71.91784973,64.15367431,-63.57103843,-61.82629211,76.14378891,21.01494713,1,1
16.96618295,2,1573826083,AUT,FALSE,TRUE,TRUE,693.8953499,-72.77870906,147.7744974,-179.7862589,0.225614604,179.9074046,2.098831841,7.929658452,-0.375731383,0.805747349,-0.588112508,-0.832903574,-32.33901558,73.42082748,64.17547874,-58.75927391,-61.92895385,77.67566757,19.42748794,1,1
17.06671715,2,1573826083,AUT,FALSE,TRUE,TRUE,708.2444813,-51.22244825,147.7482451,-179.7399162,0.107686783,179.7417605,2.812037876,11.01979784,-0.327790943,0.805747349,-0.588112508,-0.832903574,-28.94545556,74.61195488,64.28295593,-54.80923232,-62.00368286,78.91185608,19.49287033,1,1
17.16721606,2,1573826083,AUT,FALSE,TRUE,TRUE,708.2444813,-51.22244825,147.7482451,-179.7399162,0.107686783,179.7417605,2.812037876,11.01979784,-0.327790943,1.111291034,-0.712193074,-1.087627535,-28.94545556,74.61195488,64.28295593,-54.80923232,-62.00368286,78.91185608,19.49287033,1,1
17.26775098,2,1573826084,AUT,FALSE,TRUE,TRUE,715.4921734,-4.017340086,148.9981123,-179.7644756,0.088185255,179.7523777,0.131237365,9.773427864,0.816098059,1.030918157,-0.464294476,-0.82930104,-24.37814026,75.02380485,64.28831176,-53.04606743,-62.0240625,79.48663673,22.57660217,1,1
17.36834908,2,1573826084,AUT,FALSE,TRUE,TRUE,715.4921734,-4.017340086,148.9981123,-179.7644756,0.088185255,179.7523777,0.131237365,9.773427864,0.816098059,1.030918157,-0.464294476,-0.82930104,-24.37814026,75.02380485,64.28831176,-53.04606743,-62.0240625,79.48663673,22.57660217,1,1
17.46918702,2,1573826084,AUT,FALSE,TRUE,TRUE,715.327121,36.37661571,149.6429913,-179.8325686,0.063321817,179.8096217,-0.90662067,7.3803062,1.797017331,0.682094275,-0.378506218,-0.538009514,-20.98924599,75.02659607,64.25903663,-52.77050285,-62.00956054,79.61684875,25.78419799,1,1
17.56999993,2,1573826084,AUT,FALSE,TRUE,TRUE,710.904072,71.71291131,148.3065106,-179.9440532,-0.295348115,-179.9873789,-0.90662067,7.3803062,1.797017331,0.682094275,-0.378506218,-0.538009514,-18.03197365,75.02619438,64.0751461,-52.86758079,-61.91903869,79.82398567,28.82781944,1,1
17.67102909,2,1573826084,AUT,FALSE,TRUE,TRUE,710.904072,71.71291131,148.3065106,-179.9440532,-0.295348115,-179.9873789,5.97602753,1.375522346,1.389543223,0.027240454,-0.106953114,-0.176726691,-18.03197365,75.02619438,64.0751461,-52.86758079,-61.91903869,79.82398567,28.82781944,1,1
17.77154994,2,1573826084,AUT,FALSE,TRUE,TRUE,710.904072,71.71291131,148.3065106,-179.9440532,-0.295348115,-179.9873789,5.97602753,1.375522346,1.389543223,0.027240454,-0.106953114,-0.176726691,-16.44256783,74.75389137,64.01551094,-54.8771038,-61.96348388,79.41742286,32.11230926,1,1
17.87209702,2,1573826084,AUT,FALSE,TRUE,TRUE,699.6382577,99.28178286,144.7814371,-179.9637477,-0.629277937,-179.7963646,12.80013749,-4.09701055,-0.016944451,-0.645913608,-0.562888135,0.062657274,-16.44256783,74.75389137,64.01551094,-54.8771038,-61.96348388,79.41742286,32.11230926,1,1
17.97265816,2,1573826084,AUT,FALSE,TRUE,TRUE,683.9217271,109.3900294,143.1360861,179.9901744,-0.708202695,-179.6099086,9.772489056,-2.770581157,-0.844033086,-0.289676331,-0.169531844,0.286979787,-17.05627098,73.78172492,64.01934585,-58.81415405,-62.00603942,78.32602729,34.98484611,1,1
18.07315302,2,1573826084,AUT,FALSE,TRUE,TRUE,683.9217271,109.3900294,143.1360861,179.9901744,-0.708202695,-179.6099086,9.772489056,-2.770581157,-0.844033086,-0.289676331,-0.169531844,0.286979787,-17.05627098,73.78172492,64.01934585,-58.81415405,-62.00603942,78.32602729,34.98484611,1,1
18.17373204,2,1573826084,AUT,FALSE,TRUE,TRUE,660.8992203,111.9392401,141.289722,-179.8919215,-0.531950939,-179.7286657,2.051951136,4.181289252,-0.2377099,0.834902614,0.302397602,-0.480503547,-19.22867661,72.11037139,64.06553993,-65.04999733,-61.91190307,76.36534538,37.94312096,1,1
18.27427602,2,1573826085,AUT,FALSE,TRUE,TRUE,660.8992203,111.9392401,141.289722,-179.8919215,-0.531950939,-179.7286657,2.051951136,4.181289252,-0.2377099,0.834902614,0.302397602,-0.480503547,-19.22867661,72.11037139,64.06553993,-65.04999733,-61.91190307,76.36534538,37.94312096,1,1
18.37478495,2,1573826085,AUT,FALSE,TRUE,TRUE,632.6874672,117.0619125,141.4793513,-179.835492,-0.157534754,-179.895818,-9.434194101,6.960875507,0.285595837,0.479805276,1.344440671,-0.929518873,-21.72879753,69.94755134,64.39070778,-72.44056549,-61.99578918,73.69761085,41.88628921,1,1
18.47531605,2,1573826085,AUT,FALSE,TRUE,TRUE,620.2781782,124.9041696,145.1328995,-179.7157365,-0.015395869,179.9649366,-11.93070124,13.75945065,2.798029624,1.722927163,1.67150256,-1.297752484,-22.23425789,68.83935699,64.78433074,-75.26115074,-61.87805419,73.00308609,43.70357208,1,1
18.57585597,2,1573826085,AUT,FALSE,TRUE,TRUE,613.8750256,138.9883214,147.5040188,-179.6727496,0.028705709,179.856181,-10.17592735,14.02362567,4.294062534,1.485878794,1.507342238,-1.43405774,-21.41700211,68.44186478,65.07642974,-76.11861992,-61.80007873,72.88686447,45.32017593,1,1
18.67641401,2,1573826085,AUT,FALSE,TRUE,TRUE,613.8750256,138.9883214,147.5040188,-179.6727496,0.028705709,179.856181,-10.17592735,14.02362567,4.294062534,1.485878794,1.507342238,-1.43405774,-21.41700211,68.44186478,65.07642974,-76.11861992,-61.80007873,72.88686447,45.32017593,1,1
18.77694607,2,1573826085,AUT,FALSE,TRUE,TRUE,611.1933655,159.4151857,146.4739532,-179.7244065,0.106248363,179.7783122,-9.198673652,9.603053335,4.86449211,0.439190671,1.089609705,-1.230691141,-19.42931443,68.62062606,65.02333145,-75.74600486,-61.84650695,72.82476081,47.01725807,1,1
18.87750196,2,1573826085,AUT,FALSE,TRUE,TRUE,612.1702544,180.8184406,143.7282536,-179.8189958,0.115346882,179.8410464,-6.901452679,8.966204887,2.985835278,0.369473861,0.82687453,-0.822683781,-16.79156571,69.23231735,64.69450035,-74.23067436,-61.96211608,73.046949,48.40267868,1,1
18.97802806,2,1573826085,AUT,FALSE,TRUE,TRUE,615.1641127,201.4440691,141.5349853,-179.8867918,0.026630665,179.9189189,-1.122629778,7.132228731,1.248051023,0.471079242,0.287006828,-0.444012698,-14.07818642,70.02897377,64.40643539,-72.01637649,-62.004776,73.61370964,49.24228477,1,1
19.07864714,2,1573826085,AUT,FALSE,TRUE,TRUE,615.1641127,201.4440691,141.5349853,-179.8867918,0.026630665,179.9189189,-1.122629778,7.132228731,1.248051023,0.471079242,0.287006828,-0.444012698,-14.07818642,70.02897377,64.40643539,-72.01637649,-62.004776,73.61370964,49.24228477,1,1
19.17954016,2,1573826085,AUT,FALSE,TRUE,TRUE,615.3855162,225.245169,141.0463117,-179.9377757,-0.210508475,-179.9345396,7.246937532,2.18190058,-0.290675903,-0.001669382,-0.707172503,-0.033640597,-11.5681469,70.70167694,64.33607139,-70.03902626,-62.00843444,74.51562194,50.35235023,1,1
19.28021693,2,1573826086,AUT,FALSE,TRUE,TRUE,606.9531505,242.3161746,141.7035071,179.9807695,-0.439485027,-179.8341728,10.89611333,-2.023041115,-0.02470707,-0.646063386,-0.668642936,0.340198819,-9.470932394,70.79523926,64.50826836,-69.86342697,-61.98781311,74.82121009,52.15572509,1,1
19.38086414,2,1573826086,AUT,FALSE,TRUE,TRUE,591.1700035,256.3169868,141.9609083,-179.9948127,-0.561952809,-179.7731612,10.89611333,-2.023041115,-0.02470707,-0.646063386,-0.668642936,0.340198819,-8.736860281,70.22355881,64.72209663,-71.93124618,-61.97856262,74.40624618,54.71076049,1,1
19.48139405,2,1573826086,AUT,FALSE,TRUE,TRUE,591.1700035,256.3169868,141.9609083,-179.9948127,-0.561952809,-179.7731612,9.200152229,-0.185612919,0.434790321,-0.030488373,-0.258876813,0.411810746,-8.736860281,70.22355881,64.72209663,-71.93124618,-61.97856262,74.40624618,54.71076049,1,1
19.58188605,2,1573826086,AUT,FALSE,TRUE,TRUE,569.8208839,266.1227765,140.72014,179.9815869,-0.59331017,-179.6382702,7.414328014,0.608030843,1.475427618,0.241865939,0.226654386,0.488595907,-8.6517334,69.18921317,64.76452103,-75.5404232,-61.98019409,73.31350136,57.85658226,1,1
19.68243694,2,1573826086,AUT,FALSE,TRUE,TRUE,536.793929,273.0676373,137.2947659,179.9915393,-0.448124242,-179.576712,7.414328014,0.608030843,1.475427618,0.241865939,0.226654386,0.488595907,-9.22673035,67.47484817,64.7208332,-81.50340042,-62.11771545,71.04266853,62.38179931,1,1
19.78296804,2,1573826086,AUT,FALSE,TRUE,TRUE,536.793929,273.0676373,137.2947659,179.9915393,-0.448124242,-179.576712,1.186908161,2.210928822,1.875456611,0.598222405,0.930645275,0.310808092,-9.22673035,67.47484817,64.7208332,-81.50340042,-62.11771545,71.04266853,62.38179931,1,1
19.88345098,2,1573826086,AUT,FALSE,TRUE,TRUE,507.1314995,271.5632759,136.1177523,-179.9110289,-0.205272955,-179.6103338,1.186908161,2.210928822,1.875456611,0.598222405,0.930645275,0.310808092,-10.51284485,65.38688621,64.74587516,-87.61190529,-62.20733642,68.71495743,65.97542038,1,1
19.98398995,2,1573826086,AUT,FALSE,TRUE,TRUE,507.1314995,271.5632759,136.1177523,-179.9110289,-0.205272955,-179.6103338,-3.558944338,6.08084436,1.293539743,0.759991626,1.117282127,-0.379850903,-10.51284485,65.38688621,64.74587516,-87.61190529,-62.20733642,68.71495743,65.97542038,1,1
20.08460093,2,1573826086,AUT,FALSE,TRUE,TRUE,491.9272213,269.1430817,136.5496323,-179.8506658,-0.229618413,-179.6495739,-1.497734617,6.753441114,3.28176408,1.082201283,0.759309302,-0.575672,-11.31684494,64.30001221,64.91258239,-90.53028946,-62.11240905,67.71307983,67.57018203,1,1
26.62334204,3,1573826093,AUT,FALSE,TRUE,TRUE,471.6617592,-400.0708311,169.4986619,179.9918694,-0.079425713,179.986687,-2.412172946,-1.043248227,11.95939741,-0.360145792,1.160058206,-0.021181709,-75.32433243,65.22524299,65.11023674,-78.18375434,-59.32849548,73.28854179,-7.306917575,1,1
26.72395301,3,1573826093,AUT,FALSE,TRUE,TRUE,471.6617592,-400.0708311,169.4986619,179.9918694,-0.079425713,179.986687,-2.412172946,-1.043248227,11.95939741,-0.360145792,1.160058206,-0.021181709,-75.32433243,65.22524299,65.11023674,-78.18375434,-59.32849548,73.28854179,-7.306917575,1,1
26.82453704,3,1573826093,AUT,FALSE,TRUE,TRUE,468.6484451,-401.5932039,147.5185085,-179.9779511,-0.006892604,179.9932871,-5.352767493,-0.980850471,5.335834659,-0.463954794,1.047414227,-0.221892962,-75.22145234,65.94945488,63.84648971,-78.65732002,-59.81476684,71.82396126,-7.212747575,1,1
26.92506814,3,1573826093,AUT,FALSE,TRUE,TRUE,468.6484451,-401.5932039,147.5185085,-179.9779511,-0.006892604,179.9932871,-5.352767493,-0.980850471,5.335834659,-0.463954794,1.047414227,-0.221892962,-75.22145234,65.94945488,63.84648971,-78.65732002,-59.81476684,71.82396126,-7.212747575,1,1
27.02561998,3,1573826093,AUT,FALSE,TRUE,TRUE,473.8031095,-401.6944321,132.6044636,-179.9348035,0.423111447,179.9534178,-7.531988865,-0.306886677,-1.510840381,-0.24369107,-0.164814928,-0.348477078,-74.74251023,68.03604698,63.13136558,-78.35999565,-61.34794189,70.03836364,-6.781915288,1,1
27.12612796,3,1573826093,AUT,FALSE,TRUE,TRUE,488.7189394,-399.6225635,131.6302629,-179.8947412,0.565194262,179.9334531,-9.50072074,0.534326849,-0.557982663,-0.037728909,0.073106974,-0.3981907,-73.16037598,69.38020363,63.81803856,-76.18566055,-62.19092834,70.98597908,-6.467771531,1,1
27.22665811,3,1573826094,AUT,FALSE,TRUE,TRUE,488.7189394,-399.6225635,131.6302629,-179.8947412,0.565194262,179.9334531,-9.50072074,0.534326849,-0.557982663,-0.037728909,0.073106974,-0.3981907,-73.16037598,69.38020363,63.81803856,-76.18566055,-62.19092834,70.98597908,-6.467771531,1,1
27.32718301,3,1573826094,AUT,FALSE,TRUE,TRUE,516.1712008,-395.5308352,139.8019887,-179.9618663,0.540143964,-179.939867,-5.67677849,-0.296960184,0.469524293,0.470197987,0.126509931,-0.184913243,-70.25183831,70.31383896,64.33175582,-71.67373008,-62.18530883,73.13263206,-6.429673006,1,1
27.42772007,3,1573826094,AUT,FALSE,TRUE,TRUE,516.1712008,-395.5308352,139.8019887,-179.9618663,0.540143964,-179.939867,-5.67677849,-0.296960184,0.469524293,0.470197987,0.126509931,-0.184913243,-70.25183831,70.31383896,64.33175582,-71.67373008,-62.18530883,73.13263206,-6.429673006,1,1
27.52835703,3,1573826094,AUT,FALSE,TRUE,TRUE,542.4207135,-389.8712084,144.4846451,-179.9573134,0.433543412,-179.9152471,-4.588669099,-0.425271682,3.466801281,0.128754616,-0.267822968,-0.149256247,-65.87818108,71.21516761,64.23326339,-67.17050628,-61.88071289,74.83441429,-6.633613587,1,1
27.62893009,3,1573826094,AUT,FALSE,TRUE,TRUE,566.2410506,-383.7621712,144.4172031,-179.9937945,0.371226599,-179.9126484,-1.028818522,-1.646035384,2.942338643,0.155072001,-0.707307575,-0.142330118,-62.2071991,72.40762367,63.95228119,-62.79508094,-61.80684631,76.07000541,-6.859083944,1,1
27.72971296,3,1573826094,AUT,FALSE,TRUE,TRUE,566.2410506,-383.7621712,144.4172031,-179.9937945,0.371226599,-179.9126484,-1.028818522,-1.646035384,2.942338643,0.155072001,-0.707307575,-0.142330118,-62.2071991,72.40762367,63.95228119,-62.79508094,-61.80684631,76.07000541,-6.859083944,1,1
27.83043313,3,1573826094,AUT,FALSE,TRUE,TRUE,590.8604488,-377.2141577,140.9261925,-179.921558,0.157890291,-179.9741288,5.324825284,1.119623259,0.615860791,0.605899593,-0.681737064,-0.466892811,-58.88918381,73.77398643,63.63032684,-57.73313369,-61.8615747,77.40223159,-7.471571738,1,1
27.93099213,3,1573826094,AUT,FALSE,TRUE,TRUE,590.8604488,-377.2141577,140.9261925,-179.921558,0.157890291,-179.9741288,5.324825284,1.119623259,0.615860791,0.605899593,-0.681737064,-0.466892811,-58.88918381,73.77398643,63.63032684,-57.73313369,-61.8615747,77.40223159,-7.471571738,1,1
28.03153515,3,1573826094,AUT,FALSE,TRUE,TRUE,604.0847019,-368.96987,139.0725605,-179.6829051,-0.073677853,179.8304499,10.19133757,7.937889046,-0.634663259,0.937467338,-1.751233298,-1.461112944,-56.09219857,74.91508827,63.51773758,-55.30001564,-61.87217102,78.21172485,-7.619863131,1,1
28.13208413,3,1573826094,AUT,FALSE,TRUE,TRUE,610.1009567,-352.2801009,139.5599651,-179.5970355,-0.300922123,179.6665468,7.768487655,8.245547238,-0.836707486,0.61168214,-0.61752895,-1.913103354,-54.98165246,74.81423721,63.69536247,-55.89109383,-61.86275573,78.37234497,-6.020133594,1,1
28.23266006,3,1573826095,AUT,FALSE,TRUE,TRUE,610.1009567,-352.2801009,139.5599651,-179.5970355,-0.300922123,179.6665468,7.768487655,8.245547238,-0.836707486,0.61168214,-0.61752895,-1.913103354,-54.98165246,74.81423721,63.69536247,-55.89109383,-61.86275573,78.37234497,-6.020133594,1,1
28.33315611,3,1573826095,AUT,FALSE,TRUE,TRUE,612.4448974,-322.5188968,140.4695161,-179.6247004,-0.278928497,179.5853742,5.392311769,8.686853922,0.402686643,0.73495395,-0.238691184,-1.753076969,-54.40789833,73.86274909,63.97631721,-59.3447731,-61.84087646,77.55613289,-2.394404988,1,1
28.43371105,3,1573826095,AUT,FALSE,TRUE,TRUE,612.4448974,-322.5188968,140.4695161,-179.6247004,-0.278928497,179.5853742,5.392311769,8.686853922,0.402686643,0.73495395,-0.238691184,-1.753076969,-54.40789833,73.86274909,63.97631721,-59.3447731,-61.84087646,77.55613289,-2.394404988,1,1
28.53424406,3,1573826095,AUT,FALSE,TRUE,TRUE,611.5148604,-272.0068308,142.6714328,-179.7350964,-0.104869708,179.5801745,-1.805582501,5.824717595,0.416327013,0.398465103,0.215834242,-1.124159596,-53.87330018,72.35259246,64.37931633,-64.67390442,-61.85350524,76.08618278,2.96008415,1,1
28.63478303,3,1573826095,AUT,FALSE,TRUE,TRUE,611.5148604,-272.0068308,142.6714328,-179.7350964,-0.104869708,179.5801745,-1.805582501,5.824717595,0.416327013,0.398465103,0.215834242,-1.124159596,-53.87330018,72.35259246,64.37931633,-64.67390442,-61.85350524,76.08618278,2.96008415,1,1
28.73533797,3,1573826095,AUT,FALSE,TRUE,TRUE,608.6098824,-220.793535,147.2984588,-179.7885379,-0.038867267,179.6322881,-4.770161976,4.629437291,0.958229078,0.211399468,0.586450125,-0.856419093,-52.29905548,70.12166404,65.11937599,-71.40118332,-61.86970458,74.51968002,10.67369842,1,1
28.83587003,3,1573826095,AUT,FALSE,TRUE,TRUE,606.2902724,-178.0924282,150.3213698,-179.8325466,-0.006437987,179.6804285,-5.700644135,4.875843877,2.519061177,0.419546453,0.704507202,-0.738545276,-50.45335236,68.7438446,65.55267677,-75.24373054,-61.7816217,73.60929108,15.95022926,1,1
28.93640995,3,1573826095,AUT,FALSE,TRUE,TRUE,604.6015323,-139.6916728,150.7247891,-179.8618478,0.014315526,179.7133655,-5.30796764,5.004891825,1.99174283,0.442793758,0.634162474,-0.716292056,-48.32709274,67.82962418,65.65625381,-77.91812553,-61.69124267,72.75884971,20.40716629,1,1
29.03695798,3,1573826095,AUT,FALSE,TRUE,TRUE,604.6015323,-139.6916728,150.7247891,-179.8618478,0.014315526,179.7133655,-5.30796764,5.004891825,1.99174283,0.442793758,0.634162474,-0.716292056,-45.86338463,67.28471603,65.63513603,-79.62903328,-61.68271179,72.11408615,24.25594826,1,1
29.13750315,3,1573826095,AUT,FALSE,TRUE,TRUE,604.2828779,-105.2146978,149.9320194,-179.8839078,0.03142402,179.7472771,-4.788223382,2.622947232,1.873967385,-0.00194688,0.915567813,-0.622416699,-45.86338463,67.28471603,65.63513603,-79.62903328,-61.68271179,72.11408615,24.25594826,1,1
29.23806405,3,1573826096,AUT,FALSE,TRUE,TRUE,607.0283095,-75.74582433,149.0197599,-179.9727574,0.13499442,179.9035784,-8.334198242,-0.417225279,2.708892906,-0.500742774,1.018134139,-0.196843672,-43.21353722,67.07429351,65.45774116,-80.17016487,-61.75370544,71.74827576,27.38598747,1,1
29.33865809,3,1573826096,AUT,FALSE,TRUE,TRUE,617.3189841,-61.81673529,148.8690445,179.8373308,0.505334456,-179.840005,-13.8100323,-4.561888948,3.2006237,-0.608056245,1.006071768,0.284439989,-40.80289994,67.23005905,64.84061851,-78.63977279,-61.70379455,71.68167458,28.37116928,1,1
29.43972611,3,1573826096,AUT,FALSE,TRUE,TRUE,635.0367197,-61.40487491,149.510829,179.9789085,0.50617578,-179.7972176,-11.95467827,-2.036728983,4.11428862,-0.272605019,0.575854155,0.097848766,-38.60507126,68.11496658,64.10387535,-74.62241592,-61.2164685,72.66882019,26.6234024,1,1
29.540555,3,1573826096,AUT,FALSE,TRUE,TRUE,635.0367197,-61.40487491,149.510829,179.9789085,0.50617578,-179.7972176,-11.95467827,-2.036728983,4.11428862,-0.272605019,0.575854155,0.097848766,-38.60507126,68.11496658,64.10387535,-74.62241592,-61.2164685,72.66882019,26.6234024,1,1
29.64141703,3,1573826096,AUT,FALSE,TRUE,TRUE,656.9143124,-65.8975082,148.9611633,-179.9854059,0.455745749,-179.8739905,-10.25168988,2.632943222,5.291021765,0.013491044,0.74584456,-0.273718177,-36.37011566,69.70962524,63.60330734,-69.21787376,-61.01311706,74.1580513,24.04596863,1,1
29.74206901,3,1573826096,AUT,FALSE,TRUE,TRUE,682.9658043,-71.04554398,146.7666049,-179.9403281,0.359034595,-179.9500228,-2.155296727,2.623806415,2.33230078,-0.006947454,-0.117685399,-0.406352968,-33.51929054,72.05449562,63.35446014,-62.14651679,-61.21096984,76.18714371,20.86327743,1,1
29.84267998,3,1573826096,AUT,FALSE,TRUE,TRUE,682.9658043,-71.04554398,146.7666049,-179.9403281,0.359034595,-179.9500228,-2.155296727,2.623806415,2.33230078,-0.006947454,-0.117685399,-0.406352968,-33.51929054,72.05449562,63.35446014,-62.14651679,-61.21096984,76.18714371,20.86327743,1,1
29.94326711,3,1573826096,AUT,FALSE,TRUE,TRUE,703.7041368,-71.12736912,143.0535582,-179.8707998,0.130252005,179.9426288,4.46274437,4.459230153,0.548075983,-0.007904279,-0.715437734,-0.642856095,-30.64853211,74.21080284,63.24861374,-55.9534481,-61.4505487,77.91587333,18.33843384,1,1
30.04385114,3,1573826096,AUT,FALSE,TRUE,TRUE,703.7041368,-71.12736912,143.0535582,-179.8707998,0.130252005,179.9426288,4.46274437,4.459230153,0.548075983,-0.007904279,-0.715437734,-0.642856095,-30.64853211,74.21080284,63.24861374,-55.9534481,-61.4505487,77.91587333,18.33843384,1,1
30.14440513,3,1573826096,AUT,FALSE,TRUE,TRUE,717.8208488,-52.7941321,141.01988,-179.7663857,-0.0416635,179.7459966,7.301927531,7.791630364,-0.927862891,0.34892914,-1.583300738,-1.032775567,-27.3646019,75.72056465,63.37762413,-51.63251152,-61.63342712,79.15598602,17.94715919,1,1
30.24497795,3,1573826097,AUT,FALSE,TRUE,TRUE,720.7642694,-24.91547491,141.9483955,-179.7856919,-0.051880637,179.728148,3.540291821,7.136321092,-0.829915544,0.430423751,-0.848100203,-0.84668316,-24.88561936,75.85241775,63.47550201,-51.0651844,-61.66904479,79.39980011,19.99490776,1,1
30.34552598,3,1573826097,AUT,FALSE,TRUE,TRUE,721.1591651,5.412513011,143.4691774,-179.8934797,0.012987388,179.7920214,3.540291821,7.136321092,-0.829915544,0.430423751,-0.848100203,-0.84668316,-22.54281578,75.70214195,63.48199081,-51.15527229,-61.66393066,79.42425499,22.55411796,1,1
30.44610715,3,1573826097,AUT,FALSE,TRUE,TRUE,721.1591651,5.412513011,143.4691774,-179.8934797,0.012987388,179.7920214,-3.7691328,6.572954841,0.749116397,0.496062989,0.335939094,-0.57172023,-22.54281578,75.70214195,63.48199081,-51.15527229,-61.66393066,79.42425499,22.55411796,1,1
30.54669309,3,1573826097,AUT,FALSE,TRUE,TRUE,720.5795886,34.95006445,144.2619004,-179.8884969,0.009667081,179.8246565,-2.326415178,5.852506583,2.032138096,0.282990144,-0.034229476,-0.488934151,-20.12520218,75.63804703,63.45920104,-51.07595443,-61.62804931,79.49558372,24.88878479,1,1
30.64725304,3,1573826097,AUT,FALSE,TRUE,TRUE,719.2369665,61.279717,144.1321642,179.9878666,-0.00893199,179.9389964,0.321445552,1.433500693,1.455144771,-0.27530576,-0.653315343,-0.171024328,-17.86966095,75.64759826,63.35300102,-50.92120514,-61.62735168,79.54124221,27.07238273,1,1
30.74779201,3,1573826097,AUT,FALSE,TRUE,TRUE,716.4091849,78.8579978,143.8344212,179.9716189,-0.330211976,-179.8268216,8.863093259,-3.319225478,0.409962487,-0.508494921,-1.024508159,0.256100467,-16.28704606,75.64373932,63.22670974,-50.85031242,-61.59627136,79.87331085,28.53397636,1,1
30.848629,3,1573826097,AUT,FALSE,TRUE,TRUE,716.4091849,78.8579978,143.8344212,179.9716189,-0.330211976,-179.8268216,8.863093259,-3.319225478,0.409962487,-0.508494921,-1.024508159,0.256100467,-15.8982399,75.41353454,63.25341682,-51.83774986,-61.46094726,79.94914054,29.67873802,1,1
30.94936395,3,1573826097,AUT,FALSE,TRUE,TRUE,710.6194433,88.26332102,143.4819471,-179.9462002,-0.706907267,-179.7703827,13.65961549,-0.423512556,0.525310622,0.052247904,-0.629984028,-0.191429088,-15.8982399,75.41353454,63.25341682,-51.83774986,-61.46094726,79.94914054,29.67873802,1,1
31.05011606,3,1573826097,AUT,FALSE,TRUE,TRUE,698.869084,98.80523419,142.2716072,-179.9292642,-0.814088217,-179.8179786,13.66500501,1.949282684,0.287666293,0.563913636,-0.453587704,-0.259644292,-16.32309151,74.69825592,63.38978462,-54.94238663,-61.41507385,79.13403053,31.93215065,1,1
31.15069509,3,1573826097,AUT,FALSE,TRUE,TRUE,681.0523982,110.2882399,141.0292289,179.9662467,-0.718128792,-179.7101772,9.211139204,-0.003923587,-0.061733523,0.570728463,-0.105673999,0.266753693,-17.21299782,73.44383698,63.42893714,-59.70652885,-61.44871398,77.65692901,35.27024345,1,1
31.25131798,3,1573826098,AUT,FALSE,TRUE,TRUE,660.9931772,115.2042493,141.2626742,179.9103057,-0.569531376,-179.5563989,3.596059809,-2.50347414,0.119517369,0.380059097,0.104194082,0.388618313,-18.73400689,71.80799331,63.44501838,-65.01288757,-61.42190185,76.05330619,38.32371826,1,1
31.35183716,3,1573826098,AUT,FALSE,TRUE,TRUE,660.9931772,115.2042493,141.2626742,179.9103057,-0.569531376,-179.5563989,3.596059809,-2.50347414,0.119517369,0.380059097,0.104194082,0.388618313,-18.73400689,71.80799331,63.44501838,-65.01288757,-61.42190185,76.05330619,38.32371826,1,1
31.45241213,3,1573826098,AUT,FALSE,TRUE,TRUE,641.8833776,113.4204245,141.5685478,-179.9599435,-0.428031681,-179.6162931,-1.815911713,2.131409602,-0.243399339,0.519567151,0.522695568,-0.257883465,-20.79415284,70.14223251,63.47570801,-70.13011322,-61.22819641,74.33576202,40.37309074,1,1
31.55297613,3,1573826098,AUT,FALSE,TRUE,TRUE,620.7126402,111.5209032,141.638638,-179.7921774,-0.240927624,-179.9086449,-6.919259899,10.71048494,3.228071531,1.077596399,1.130321085,-1.283754622,-23.11272812,68.47002411,63.73767013,-75.52348709,-61.11649291,72.39014854,42.46043815,1,1
31.65351915,3,1573826098,AUT,FALSE,TRUE,TRUE,620.7126402,111.5209032,141.638638,-179.7921774,-0.240927624,-179.9086449,-6.919259899,10.71048494,3.228071531,1.077596399,1.130321085,-1.283754622,-23.11272812,68.47002411,63.73767013,-75.52348709,-61.11649291,72.39014854,42.46043815,1,1
31.75405908,3,1573826098,AUT,FALSE,TRUE,TRUE,609.3799757,118.6437335,141.3087022,-179.6608848,-0.01319239,179.9009648,-13.73329364,14.23752658,3.210507882,1.314245798,1.971631737,-1.50422157,-23.56648407,67.78462829,64.02722511,-78.06243782,-61.31109375,71.38446693,44.22320823,1,1
31.85461807,3,1573826098,AUT,FALSE,TRUE,TRUE,605.3685455,132.2578438,141.4703087,-179.7182495,0.070931514,179.7926206,-12.3955504,14.47193048,4.44719387,1.125058169,1.721909999,-1.59719697,-22.55786362,67.69418334,64.15996742,-78.4762001,-61.3890747,71.19254951,45.71114158,1,1
31.95510912,3,1573826098,AUT,FALSE,TRUE,TRUE,605.5338002,152.4669972,140.6508833,-179.7299271,0.084403414,179.721385,-9.115277551,12.73189638,4.303039313,0.89364992,1.156498946,-1.32427937,-20.37798729,68.09279823,64.10729141,-77.47115364,-61.42816406,71.40925483,47.08590546,1,1
32.05565405,3,1573826098,AUT,FALSE,TRUE,TRUE,608.5711099,176.8706122,138.7439296,-179.8127527,0.111781784,179.719872,-7.97770315,10.53675168,4.460372939,0.373990095,1.163204319,-0.990151508,-17.34898796,68.89714851,63.90915298,-75.374897,-61.56408691,71.89468918,48.43085518,1,1
32.15618014,3,1573826098,AUT,FALSE,TRUE,TRUE,608.5711099,176.8706122,138.7439296,-179.8127527,0.111781784,179.719872,-7.97770315,10.53675168,4.460372939,0.373990095,1.163204319,-0.990151508,-17.34898796,68.89714851,63.90915298,-75.374897,-61.56408691,71.89468918,48.43085518,1,1
32.25672197,3,1573826099,AUT,FALSE,TRUE,TRUE,613.7527481,202.6369965,136.978206,-179.8652681,0.08517423,179.7702528,-4.677326135,6.162579301,1.480457492,-0.321927346,0.80863169,-0.648606166,-13.96244889,69.94892807,63.68848915,-72.44076461,-61.66434265,72.70392837,49.32951278,1,1
32.3572681,3,1573826099,AUT,FALSE,TRUE,TRUE,619.2179869,225.4454324,136.931227,179.9932766,-0.030435847,179.9443777,1.273299309,2.246404141,-0.25778188,-0.358983399,0.008255956,0.009154118,-10.67228394,70.97980957,63.56955871,-69.09034309,-61.71368225,73.90829429,49.91347046,1,1
32.45780301,3,1573826099,AUT,FALSE,TRUE,TRUE,621.6080132,243.2806974,138.4270566,179.9263842,-0.254251403,-179.831516,10.44132481,-4.733917321,-1.197455801,-1.006018542,-1.112758545,0.456059767,-8.140409094,71.64827614,63.57497634,-66.56495361,-61.6626123,75.07648429,50.33625526,1,1
32.55831003,3,1573826099,AUT,FALSE,TRUE,TRUE,621.6080132,243.2806974,138.4270566,179.9263842,-0.254251403,-179.831516,10.44132481,-4.733917321,-1.197455801,-1.006018542,-1.112758545,0.456059767,-6.753220369,71.66088294,63.71421089,-66.42323341,-61.5432843,75.46912193,51.64243354,1,1
32.65923905,3,1573826099,AUT,FALSE,TRUE,TRUE,614.9772251,257.5339123,139.6110795,179.8986345,-0.503313151,-179.7429373,13.21313964,-2.670353804,-0.767191772,-0.171470378,-1.021387748,0.753472667,-6.753220369,71.66088294,63.71421089,-66.42323341,-61.5432843,75.46912193,51.64243354,1,1
32.7599771,3,1573826099,AUT,FALSE,TRUE,TRUE,600.2189707,268.2899938,140.6133571,179.8487206,-0.584778039,-179.6473545,9.306988468,-2.778842247,-0.289838263,0.069649594,-0.398074367,0.889889935,-6.3747242,70.99309616,63.93525924,-68.63458214,-61.54322937,75.06078071,54.00593605,1,1
32.86092114,3,1573826099,AUT,FALSE,TRUE,TRUE,573.7971301,275.0136401,140.9100531,179.89719,-0.556166876,-179.5278229,6.288618226,-0.461254193,0.874516266,0.443636962,0.026507989,0.729490544,-7.018347931,69.34676399,64.0513401,-73.72399178,-61.44497863,73.57244568,57.66040077,1,1
32.96148515,3,1573826099,AUT,FALSE,TRUE,TRUE,573.7971301,275.0136401,140.9100531,179.89719,-0.556166876,-179.5278229,6.288618226,-0.461254193,0.874516266,0.443636962,0.026507989,0.729490544,-7.018347931,69.34676399,64.0513401,-73.72399178,-61.44497863,73.57244568,57.66040077,1,1
33.06203699,3,1573826099,AUT,FALSE,TRUE,TRUE,550.4186697,275.5127925,139.3961049,179.9329886,-0.500766892,-179.5418307,1.907327282,2.849037541,2.338704913,0.711014219,0.231793418,0.322074852,-8.088268663,67.82554206,64.05174179,-78.62104797,-61.36805236,71.80003166,60.5659584,1,1
33.16254997,3,1573826099,AUT,FALSE,TRUE,TRUE,528.1051821,272.8920104,137.2764747,-179.9861218,-0.332230355,-179.5872432,-1.998025297,4.304901432,1.048006524,0.693881661,0.843649233,-0.073218334,-9.331725313,66.34418678,64.04790688,-83.40183449,-61.47536682,69.89216308,63.22968292,1,1
33.26309204,3,1573826100,AUT,FALSE,TRUE,TRUE,511.028766,269.4836269,136.6620152,-179.9194018,-0.282063164,-179.6363149,-1.998025297,4.304901432,1.048006524,0.693881661,0.843649233,-0.073218334,-10.43252792,65.09525413,64.14603195,-87.05037003,-61.49894897,68.52841988,65.0931015,1,1
33.36363006,3,1573826100,AUT,FALSE,TRUE,TRUE,511.028766,269.4836269,136.6620152,-179.9194018,-0.282063164,-179.6363149,-2.593870313,6.607289909,0.510249393,1.063726078,0.639155655,-0.492315686,-10.43252792,65.09525413,64.14603195,-87.05037003,-61.49894897,68.52841988,65.0931015,1,1
33.46418405,3,1573826100,AUT,FALSE,TRUE,TRUE,492.5513105,267.5394203,138.3445369,-179.9156183,-0.237883514,-179.6946176,-1.552630561,7.457860869,1.483407686,1.031414604,0.682448779,-0.444306154,-11.41085358,63.77905426,64.57065353,-90.62863769,-61.49719116,67.42613411,67.20141563,1,1
39.967767,4,1573826106,AUT,FALSE,FALSE,TRUE,471.7305416,-400.1265996,169.7056947,179.9773772,-0.039933363,179.9910548,3.43700952,-1.065450686,11.31513622,-0.113884798,0.762704655,-0.005449031,-75.25566101,65.08152809,64.89034538,-78.1831089,-59.1098236,73.14978103,-7.385006337,0.5,1
40.06835508,4,1573826106,AUT,FALSE,TRUE,TRUE,469.1700781,-400.1968814,163.9778019,179.9582949,-0.221398091,179.8796725,-1.371859752,-2.35408335,9.632328818,-0.571966903,1.101111462,-0.057010364,-75.31947441,65.15772858,64.46000748,-78.49269676,-59.11977722,72.75114212,-7.387639619,1,1
40.16890502,4,1573826106,AUT,FALSE,TRUE,TRUE,472.3050019,-400.3638143,151.4819677,-179.9816577,0.165543862,179.9425284,-1.371859752,-2.35408335,9.632328818,-0.571966903,1.101111462,-0.057010364,-74.9944233,66.22304878,63.75531006,-78.46488418,-59.86717163,71.42991943,-7.14219475,1,1
40.27043104,4,1573826107,AUT,FALSE,TRUE,TRUE,472.3050019,-400.3638143,151.4819677,-179.9816577,0.165543862,179.9425284,-7.141929388,-0.769612857,4.189431889,-0.43703062,0.366715522,-0.261484683,-74.9944233,66.22304878,63.75531006,-78.46488418,-59.86717163,71.42991943,-7.14219475,1,1
40.37096715,4,1573826107,AUT,FALSE,TRUE,TRUE,483.4439679,-397.3149385,141.3380795,-179.991137,0.520335788,179.9400159,-11.8077733,-0.615832974,1.032093119,-0.226464386,0.401221966,-0.128381984,-73.73030548,67.79272041,63.75754509,-77.33427772,-61.0019934,71.06500511,-6.420149231,1,1
40.47148514,4,1573826107,AUT,FALSE,TRUE,TRUE,483.4439679,-397.3149385,141.3380795,-179.991137,0.520335788,179.9400159,-11.8077733,-0.615832974,1.032093119,-0.226464386,0.401221966,-0.128381984,-73.73030548,67.79272041,63.75754509,-77.33427772,-61.0019934,71.06500511,-6.420149231,1,1
40.57209897,4,1573826107,AUT,FALSE,TRUE,TRUE,510.565202,-392.1926883,137.2132588,-179.9807626,0.653023828,179.9605946,-15.05616773,-0.937273746,2.989806674,-0.282103,0.822815616,-0.113720559,-71.03486137,69.71622391,63.83517036,-73.32092399,-61.73897277,72.10628929,-5.996303563,1,1
40.67272997,4,1573826107,AUT,FALSE,TRUE,TRUE,534.9811933,-388.1901613,137.4856292,179.9896333,0.590812061,179.9794167,-9.166658114,-2.291746632,3.29477362,-0.528517537,-0.129704824,-0.006441703,-66.81892663,71.02116623,63.76019897,-69.09288368,-61.82529235,73.48688278,-6.131315238,1,1
40.77327204,4,1573826107,AUT,FALSE,TRUE,TRUE,534.9811933,-388.1901613,137.4856292,179.9896333,0.590812061,179.9794167,-9.166658114,-2.291746632,3.29477362,-0.528517537,-0.129704824,-0.006441703,-66.81892663,71.02116623,63.76019897,-69.09288368,-61.82529235,73.48688278,-6.131315238,1,1
40.87388897,4,1573826107,AUT,FALSE,TRUE,TRUE,566.7080023,-383.8026148,136.7850406,179.9913911,0.407237238,-179.9386214,-1.439047487,-1.815439226,4.230524701,-0.111752021,-0.360524403,-0.016360067,-63.12490426,72.43675461,63.40688209,-62.95605125,-61.82561645,75.31118659,-6.835216144,1,1
40.97442198,4,1573826107,AUT,FALSE,TRUE,TRUE,566.7080023,-383.8026148,136.7850406,179.9913911,0.407237238,-179.9386214,-1.439047487,-1.815439226,4.230524701,-0.111752021,-0.360524403,-0.016360067,-58.69770241,74.31034241,63.03917656,-57.92932891,-61.80648376,76.63655319,-7.827947619,1,1
41.07491708,4,1573826107,AUT,FALSE,TRUE,TRUE,588.2055021,-381.7830805,134.1236256,-179.9497728,0.252137931,-179.9423401,1.718198212,0.319170172,0.52477317,0.227497138,-0.958619875,-0.34066777,-58.69770241,74.31034241,63.03917656,-57.92932891,-61.80648376,76.63655319,-7.827947619,1,1
41.17548895,4,1573826107,AUT,FALSE,TRUE,TRUE,608.3672441,-379.6664493,132.8059033,-179.7888902,-0.007883818,179.922227,14.17285803,4.368525126,-1.309328575,0.578975137,-2.53800017,-1.092292969,-55.28123589,75.93239822,62.8527008,-52.61009903,-61.78998229,78.23509483,-9.238025669,1,1
41.27607107,4,1573826108,AUT,FALSE,TRUE,TRUE,616.9535318,-372.94592,133.2000149,-179.6055373,-0.267559352,179.7642742,16.99007138,10.6490962,-1.581226568,1.335608035,-2.404271001,-1.889104182,-53.71808739,76.42618904,62.90948639,-50.8758831,-61.75144226,79.03213234,-9.340926363,1,1
41.37672305,4,1573826108,AUT,FALSE,TRUE,TRUE,616.9535318,-372.94592,133.2000149,-179.6055373,-0.267559352,179.7642742,16.99007138,10.6490962,-1.581226568,1.335608035,-2.404271001,-1.889104182,-53.71808739,76.42618904,62.90948639,-50.8758831,-61.75144226,79.03213234,-9.340926363,1,1
41.47731113,4,1573826108,AUT,FALSE,TRUE,TRUE,620.8597946,-359.5339334,134.8724517,-179.5557482,-0.419112916,179.6566559,11.90178275,8.947268635,-1.078731667,0.805637081,-1.045524123,-2.171158128,-53.04299813,76.15465164,63.0961647,-51.70720825,-61.72070251,79.13996315,-7.946105581,1,1
41.57784915,4,1573826108,AUT,FALSE,TRUE,TRUE,622.1647864,-338.3552261,137.5389542,-179.5934751,-0.385584907,179.5957582,7.524458276,8.546001818,-0.697718387,0.761988612,-0.541289377,-1.996708089,-52.86050492,75.24980392,63.39491043,-54.55038757,-61.67503784,78.59312553,-5.176963806,1,1
41.67841697,4,1573826108,AUT,FALSE,TRUE,TRUE,621.3006861,-308.036085,139.7606101,-179.6240669,-0.305431868,179.5258744,2.45079988,8.555518496,-0.397060312,0.775683735,-0.221250206,-1.737785549,-52.78230629,73.95088348,63.79652939,-59.00823784,-61.66501281,77.52584495,-1.082599644,1,1
41.77921796,4,1573826108,AUT,FALSE,TRUE,TRUE,618.3803766,-268.0127981,140.8449615,-179.6868766,-0.227521766,179.5072708,-3.765035294,7.789279376,1.057058235,0.775683735,-0.221250206,-1.737785549,-52.40088844,72.40727348,64.20272827,-64.49825706,-61.71786804,76.04358329,4.181547544,1,1
41.88004708,4,1573826108,AUT,FALSE,TRUE,TRUE,618.3803766,-268.0127981,140.8449615,-179.6868766,-0.227521766,179.5072708,-3.765035294,7.789279376,1.057058235,0.848125262,0.60797201,-1.30119543,-52.40088844,72.40727348,64.20272827,-64.49825706,-61.71786804,76.04358329,4.181547544,1,1
41.98061514,4,1573826108,AUT,FALSE,TRUE,TRUE,614.507617,-224.0501258,141.0402849,-179.7924445,-0.107649447,179.5328184,-7.478323463,6.626454918,2.634113768,0.453183815,1.029031162,-0.787307886,-51.42416954,70.89925918,64.50196838,-69.79545593,-61.788609,74.42244072,9.965334319,1,1
42.08119512,4,1573826108,AUT,FALSE,TRUE,TRUE,609.5166228,-166.4273872,141.8143497,-179.8496607,-0.077400804,179.6397094,-8.784277154,6.771774422,2.606005226,0.871326243,1.328493519,-0.528352482,-49.11971856,69.1538784,64.74758834,-75.29813346,-61.80675292,72.78266258,17.09444504,1,1
42.18184209,4,1573826109,AUT,FALSE,TRUE,TRUE,609.5166228,-166.4273872,141.8143497,-179.8496607,-0.077400804,179.6397094,-8.784277154,6.771774422,2.606005226,0.871326243,1.328493519,-0.528352482,-49.11971856,69.1538784,64.74758834,-75.29813346,-61.80675292,72.78266258,17.09444504,1,1
42.28237295,4,1573826109,AUT,FALSE,TRUE,TRUE,606.5419972,-123.7200996,142.4794038,-179.8893887,-0.074712056,179.749564,-7.754180102,1.569583939,4.076613431,-0.213215581,0.745706758,-0.450672052,-46.73367691,68.09509506,64.80434989,-78.25042763,-61.74263671,71.84172478,22.11713676,1,1
42.38296294,4,1573826109,AUT,FALSE,TRUE,TRUE,605.92042,-84.99125622,142.6320974,-179.9634555,-0.025608727,179.8947851,-4.270712689,-1.145196684,2.596930678,-0.464247233,0.726231246,-0.268170623,-43.78031159,67.38820381,64.73376961,-80.04141884,-61.7125946,71.22240486,26.43340416,1,1
42.48355103,4,1573826109,AUT,FALSE,TRUE,TRUE,605.92042,-84.99125622,142.6320974,-179.9634555,-0.025608727,179.8947851,-4.270712689,-1.145196684,2.596930678,-0.464247233,0.726231246,-0.268170623,-43.78031159,67.38820381,64.73376961,-80.04141884,-61.7125946,71.22240486,26.43340416,1,1
42.58407593,4,1573826109,AUT,FALSE,TRUE,TRUE,618.5251261,-62.5912447,142.088915,179.803318,0.459196031,-179.7676953,-12.4334199,-4.234024814,3.301767036,-0.77143978,0.699514614,0.285958527,-40.98087502,67.38952903,64.20913811,-79.13883018,-61.71784606,71.02922744,28.27978019,1,1
42.68467402,4,1573826109,AUT,FALSE,TRUE,TRUE,618.5251261,-62.5912447,142.088915,179.803318,0.459196031,-179.7676953,-12.4334199,-4.234024814,3.301767036,-0.77143978,0.699514614,0.285958527,-40.98087502,67.38952903,64.20913811,-79.13883018,-61.71784606,71.02922744,28.27978019,1,1
42.78522801,4,1573826109,AUT,FALSE,TRUE,TRUE,642.945911,-65.5594231,140.3081201,179.9672899,0.458354396,-179.7828602,-9.425179323,0.854109158,2.554998104,0.024333806,0.023908892,-0.304399953,-37.85267601,69.08084678,63.15977211,-72.95356521,-61.27847534,72.36282005,25.58770408,1,1
42.88570595,4,1573826109,AUT,FALSE,TRUE,TRUE,642.945911,-65.5594231,140.3081201,179.9672899,0.458354396,-179.7828602,-9.425179323,0.854109158,2.554998104,0.024333806,0.023908892,-0.304399953,-37.85267601,69.08084678,63.15977211,-72.95356521,-61.27847534,72.36282005,25.58770408,1,1
42.98626804,4,1573826109,AUT,FALSE,TRUE,TRUE,675.9824439,-72.52176241,136.6192316,-179.9039743,0.334283854,-179.9288558,-6.275785966,5.637854846,3.286044464,0.151635266,-0.836430265,-0.537208288,-34.40693779,72.08896866,62.79722328,-64.03611717,-61.41054199,74.80037727,21.51870804,1,1
43.08679914,4,1573826109,AUT,FALSE,TRUE,TRUE,675.9824439,-72.52176241,136.6192316,-179.9039743,0.334283854,-179.9288558,-6.275785966,5.637854846,3.286044464,0.151635266,-0.836430265,-0.537208288,-34.40693779,72.08896866,62.79722328,-64.03611717,-61.41054199,74.80037727,21.51870804,1,1
43.18727803,4,1573826110,AUT,FALSE,TRUE,TRUE,702.582082,-71.25912947,137.7650918,-179.8481599,0.131777662,179.9692682,4.83044329,4.987682563,-1.485055402,0.536727804,-1.3220002,-0.749467353,-30.76856804,74.50028572,62.96165084,-56.34432106,-61.57530944,77.41230812,18.48932075,1,1
43.28782201,4,1573826110,AUT,FALSE,TRUE,TRUE,702.582082,-71.25912947,137.7650918,-179.8481599,0.131777662,179.9692682,4.83044329,4.987682563,-1.485055402,0.536727804,-1.3220002,-0.749467353,-28.11529084,75.17312965,63.43070869,-52.88809433,-61.4949884,79.02636795,18.31011314,1,1
43.38847303,4,1573826110,AUT,FALSE,TRUE,TRUE,713.5359636,-54.6455337,143.8160734,-179.7303053,-0.065234393,179.756812,8.300463719,9.163032915,-0.977437629,0.746589619,-1.585341262,-1.26101885,-28.11529084,75.17312965,63.43070869,-52.88809433,-61.4949884,79.02636795,18.31011314,1,1
43.48923802,4,1573826110,AUT,FALSE,TRUE,TRUE,716.5373791,-17.1735972,147.165935,-179.7543214,-0.075275331,179.7252615,-1.199414516,7.502187546,2.76080853,1.069512925,0.228447935,-0.991725409,-25.02788544,75.0926651,63.66719284,-52.42818603,-61.4614746,79.42562828,21.11688308,1,1
43.59009695,4,1573826110,AUT,FALSE,TRUE,TRUE,716.5373791,-17.1735972,147.165935,-179.7543214,-0.075275331,179.7252615,-1.199414516,7.502187546,2.76080853,1.069512925,0.228447935,-0.991725409,-25.02788544,75.0926651,63.66719284,-52.42818603,-61.4614746,79.42562828,21.11688308,1,1
43.69073296,4,1573826110,AUT,FALSE,TRUE,TRUE,716.4487173,26.39888164,146.1369127,-179.8392499,-0.019544791,179.7702126,-4.761281481,5.838297159,1.936569399,0.382916504,0.433339199,-0.765558967,-21.51892777,75.10155373,63.53612594,-52.4876564,-61.45499816,79.25489044,24.71351166,1,1
43.79126406,4,1573826110,AUT,FALSE,TRUE,TRUE,716.4487173,26.39888164,146.1369127,-179.8392499,-0.019544791,179.7702126,-4.761281481,5.838297159,1.936569399,0.382916504,0.433339199,-0.765558967,-17.91141243,75.30523338,63.35833969,-52.00515403,-61.52027343,79.29585914,28.00767974,1,1
43.89183998,4,1573826110,AUT,FALSE,TRUE,TRUE,715.1962613,67.80563165,144.5483607,-179.962306,-0.04891054,179.9106961,1.61172663,-2.062567079,0.402456178,-0.634360294,-0.785515204,-0.095183919,-17.91141243,75.30523338,63.35833969,-52.00515403,-61.52027343,79.29585914,28.00767974,1,1
43.99242711,4,1573826110,AUT,FALSE,TRUE,TRUE,711.9905643,96.82675032,144.7575733,179.9554268,-0.408518061,-179.8091957,11.11938571,-5.170775555,0.773637633,-0.76790675,-1.282391645,0.105829249,-15.11059227,75.3575283,63.13888435,-51.47621383,-61.39911621,79.77543296,30.23170738,1,1
44.09291697,4,1573826110,AUT,FALSE,TRUE,TRUE,711.9905643,96.82675032,144.7575733,179.9554268,-0.408518061,-179.8091957,11.11938571,-5.170775555,0.773637633,-0.76790675,-1.282391645,0.105829249,-15.11059227,75.3575283,63.13888435,-51.47621383,-61.39911621,79.77543296,30.23170738,1,1
44.19346213,4,1573826111,AUT,FALSE,TRUE,TRUE,704.3534072,105.770014,144.7752857,-179.9990353,-0.79807227,-179.691177,14.93933767,0.233118329,0.94366602,0.721154162,-0.574177854,0.005864414,-14.84162979,74.95947647,63.16372032,-52.91389503,-61.24624145,79.80189972,31.63214149,1,1
44.29402494,4,1573826111,AUT,FALSE,TRUE,TRUE,688.4627888,114.2002991,143.2089978,179.9472724,-0.760301907,-179.6785389,9.790658335,2.694267645,0.868163693,1.320960568,-2.88E-06,0.179835219,-15.86676407,73.85630493,63.22854996,-57.33226661,-61.20384521,78.42977943,34.44701385,1,1
44.39453006,4,1573826111,AUT,FALSE,TRUE,TRUE,688.4627888,114.2002991,143.2089978,179.9472724,-0.760301907,-179.6785389,9.790658335,2.694267645,0.868163693,1.320960568,-2.88E-06,0.179835219,-15.86676407,73.85630493,63.22854996,-57.33226661,-61.20384521,78.42977943,34.44701385,1,1
44.49505496,4,1573826111,AUT,FALSE,TRUE,TRUE,664.7607084,118.9610011,142.6876109,179.9669173,-0.57097355,-179.6313183,9.790658335,2.694267645,0.868163693,1.320960568,-2.88E-06,0.179835219,-17.97672959,71.98218498,63.3331398,-63.90339546,-61.18357543,76.39968109,37.95647621,1,1
44.59558511,4,1573826111,AUT,FALSE,TRUE,TRUE,664.7607084,118.9610011,142.6876109,179.9669173,-0.57097355,-179.6313183,2.763218155,1.086436084,0.297845775,0.585632839,0.351972244,-0.012391614,-17.97672959,71.98218498,63.3331398,-63.90339546,-61.18357543,76.39968109,37.95647621,1,1
44.69608593,4,1573826111,AUT,FALSE,TRUE,TRUE,635.0570276,115.6736163,144.5982789,-179.9278096,-0.354790976,-179.6672394,-5.119816933,7.161172905,2.568787522,1.747032043,1.021984914,-0.418988455,-21.16544266,69.41281242,63.58202133,-71.63933601,-60.99078735,73.92595481,41.26162033,1,1
44.79666495,4,1573826111,AUT,FALSE,TRUE,TRUE,635.0570276,115.6736163,144.5982789,-179.9278096,-0.354790976,-179.6672394,-5.119816933,7.161172905,2.568787522,1.747032043,1.021984914,-0.418988455,-21.16544266,69.41281242,63.58202133,-71.63933601,-60.99078735,73.92595481,41.26162033,1,1
44.89719605,4,1573826111,AUT,FALSE,TRUE,TRUE,620.3984537,114.2957049,146.164714,-179.7337237,-0.125973078,-179.9525289,-12.53501474,12.80617344,4.454206185,1.787445716,1.702121584,-1.338794615,-22.94551964,67.99350586,63.80434341,-75.56154098,-60.74379272,72.49516754,42.56560134,1,1
44.99768114,4,1573826111,AUT,FALSE,TRUE,TRUE,614.1927039,124.52801,145.2644401,-179.7174704,-0.032934164,179.8441557,-12.53501474,12.80617344,4.454206185,1.787445716,1.702121584,-1.338794615,-22.59365158,67.72398719,63.90322723,-76.71687355,-60.77208801,71.91953888,43.94667892,1,1
45.09823608,4,1573826111,AUT,FALSE,TRUE,TRUE,614.1927039,124.52801,145.2644401,-179.7174704,-0.032934164,179.8441557,-13.26731043,15.23325418,5.755994777,1.694968981,1.885682314,-1.495982692,-22.59365158,67.72398719,63.90322723,-76.71687355,-60.77208801,71.91953888,43.94667892,1,1
45.19892693,4,1573826112,AUT,FALSE,TRUE,TRUE,614.2281691,149.4681408,141.6393456,-179.8060834,0.103454162,179.7409268,-13.26731043,15.23325418,5.755994777,1.694968981,1.885682314,-1.495982692,-19.99680291,68.4214405,63.83030548,-75.69456825,-61.12187072,71.86171646,45.88700523,1,1
45.29959798,4,1573826112,AUT,FALSE,TRUE,TRUE,614.2281691,149.4681408,141.6393456,-179.8060834,0.103454162,179.7409268,-9.773405817,14.16245746,3.247760728,1.104955911,1.164818547,-1.113289374,-19.99680291,68.4214405,63.83030548,-75.69456825,-61.12187072,71.86171646,45.88700523,1,1
45.40062213,4,1573826112,AUT,FALSE,TRUE,TRUE,621.0985671,190.3629261,137.4616696,-179.9330391,0.068281037,179.7850551,-4.265239493,8.213647724,1.320405014,0.696750895,0.533311444,-0.479903677,-14.87658692,70.0777256,63.55117378,-71.64529953,-61.49020385,72.92103538,47.69899749,1,1
45.50115514,4,1573826112,AUT,FALSE,TRUE,TRUE,621.0985671,190.3629261,137.4616696,-179.9330391,0.068281037,179.7850551,-4.265239493,8.213647724,1.320405014,0.696750895,0.533311444,-0.479903677,-14.87658692,70.0777256,63.55117378,-71.64529953,-61.49020385,72.92103538,47.69899749,1,1
45.60164809,4,1573826112,AUT,FALSE,TRUE,TRUE,627.2079823,215.9601663,138.3061917,-179.9933997,-0.050889459,179.9394009,1.968960677,2.756011944,-1.417715167,-0.159344729,-0.269631959,-0.045020423,-11.21043549,71.16173629,63.49357796,-67.99026489,-61.54252624,74.29168281,48.36269874,1,1
45.70222712,4,1573826112,AUT,FALSE,TRUE,TRUE,631.0368989,233.7233442,141.3311894,179.9027718,-0.11806322,-179.871353,5.522227354,0.995700834,-1.173579511,0.395784447,-0.855920167,0.488479065,-8.622516638,71.73499259,63.50057831,-65.28350486,-61.48112365,75.47007293,48.72058525,1,1
45.80278301,4,1573826112,AUT,FALSE,TRUE,TRUE,631.1684624,244.6422873,144.7822086,179.8623643,-0.304292933,-179.7596416,11.25376078,-4.022184846,-1.352530658,-0.721030455,-1.409292914,0.533440257,-7.107368094,71.84256248,63.5071289,-63.89487762,-61.19407836,76.28730468,48.98873749,1,1
45.90327501,4,1573826112,AUT,FALSE,TRUE,TRUE,631.1684624,244.6422873,144.7822086,179.8623643,-0.304292933,-179.7596416,11.25376078,-4.022184846,-1.352530658,-0.721030455,-1.409292914,0.533440257,-7.107368094,71.84256248,63.5071289,-63.89487762,-61.19407836,76.28730468,48.98873749,1,1
46.00381494,4,1573826112,AUT,FALSE,TRUE,TRUE,621.6843127,253.2169622,146.1840344,179.9371756,-0.620020164,-179.7163557,10.73751891,1.414351843,1.31070358,0.390674965,-0.415869298,0.372463024,-6.669271094,71.43270034,63.65521431,-65.00444526,-60.92686889,76.32589759,50.29799537,1,1
46.10439205,4,1573826112,AUT,FALSE,TRUE,TRUE,621.6843127,253.2169622,146.1840344,179.9371756,-0.620020164,-179.7163557,10.73751891,1.414351843,1.31070358,0.390674965,-0.415869298,0.372463024,-7.0011509,70.31448097,63.77698402,-69.2955162,-60.927984,74.98200874,53.65423279,1,1
46.20489097,4,1573826113,AUT,FALSE,TRUE,TRUE,598.8665857,263.193481,144.2134154,179.9361308,-0.682260416,-179.6653285,8.213838893,1.969302643,0.188670409,0.742818826,0.085985952,0.54058844,-7.0011509,70.31448097,63.77698402,-69.2955162,-60.927984,74.98200874,53.65423279,1,1
46.30548096,4,1573826113,AUT,FALSE,TRUE,TRUE,598.8665857,263.193481,144.2134154,179.9361308,-0.682260416,-179.6653285,8.213838893,1.969302643,0.188670409,0.742818826,0.085985952,0.54058844,-7.0011509,70.31448097,63.77698402,-69.2955162,-60.927984,74.98200874,53.65423279,1,1
46.40602207,4,1573826113,AUT,FALSE,TRUE,TRUE,552.9685179,271.176776,140.4795374,179.9655808,-0.543644254,-179.5790952,2.346398047,1.893806093,0.40001868,0.625519045,0.139749457,0.156258042,-8.459105306,67.62099037,63.82776833,-78.46693725,-60.98097106,71.75364876,59.86458435,1,1
46.5065341,4,1573826113,AUT,FALSE,TRUE,TRUE,524.476335,271.2665636,139.7158435,-179.942641,-0.380076588,-179.6213916,-2.625374623,6.134912882,2.113849733,0.625519045,0.139749457,0.156258042,-9.659502413,65.7398735,63.97734031,-84.08686981,-61.01643493,69.62722091,63.33598938,1,1
46.6071291,4,1573826113,AUT,FALSE,TRUE,TRUE,524.476335,271.2665636,139.7158435,-179.942641,-0.380076588,-179.6213916,-2.625374623,6.134912882,2.113849733,1.129639217,0.795899988,-0.318658439,-9.659502413,65.7398735,63.97734031,-84.08686981,-61.01643493,69.62722091,63.33598938,1,1
46.70766592,4,1573826113,AUT,FALSE,TRUE,TRUE,502.1301211,269.209711,138.8558204,-179.9077976,-0.261727854,-179.6757081,-3.938471551,7.743355653,2.582115403,1.245541442,0.951253536,-0.560431324,-10.6788517,64.09850921,64.09883194,-88.64597626,-61.01123291,67.92165871,65.95374984,1,1
46.80815506,4,1573826113,AUT,FALSE,TRUE,TRUE,502.1301211,269.209711,138.8558204,-179.9077976,-0.261727854,-179.6757081,-3.938471551,7.743355653,2.582115403,1.245541442,0.951253536,-0.560431324,-10.6788517,64.09850921,64.09883194,-88.64597626,-61.01123291,67.92165871,65.95374984,1,1
46.90870214,4,1573826113,AUT,FALSE,TRUE,TRUE,485.8077177,268.0028033,137.1928774,-179.9229789,-0.249463364,-179.6928135,-3.194047249,6.933883046,3.304232441,1.016832183,1.19981846,-0.555592787,-11.24265976,63.17118759,64.09505195,-91.41888428,-61.01668212,66.74724426,67.84405403,1,1
54.22357702,5,1573826121,AUT,FALSE,TRUE,TRUE,469.7712063,-400.138526,168.2256116,179.9783787,-0.441702852,179.963084,3.710194438,0.547022094,10.84954305,0.460870849,1.044291705,0.120152415,-75.02332764,64.61372681,63.97624855,-78.27442245,-58.37415161,72.86542396,-7.680109406,1,1
54.32412195,5,1573826121,AUT,FALSE,TRUE,TRUE,469.7712063,-400.138526,168.2256116,179.9783787,-0.441702852,179.963084,3.710194438,0.547022094,10.84954305,0.460870849,1.044291705,0.120152415,-75.02332764,64.61372681,63.97624855,-78.27442245,-58.37415161,72.86542396,-7.680109406,1,1
54.42463207,5,1573826121,AUT,FALSE,TRUE,TRUE,469.7617796,-401.0986754,153.7193152,-179.9440635,0.097903182,-179.9718902,-11.59386017,-3.660618124,8.014279347,-1.063412393,1.322901197,0.10410547,-74.92057458,65.23225708,62.75405731,-78.75561676,-58.68981628,70.83353348,-7.669888688,1,1
54.52517915,5,1573826121,AUT,FALSE,TRUE,TRUE,476.6496552,-400.3983016,141.1678872,-179.998664,0.400266836,179.9851268,-9.970885455,-0.934797997,0.18939548,-0.359764799,0.236247582,-0.108133461,-74.08591919,66.70771064,62.35581665,-78.00503425,-59.67966796,70.05578041,-7.209571844,1,1
54.62570906,5,1573826121,AUT,FALSE,TRUE,TRUE,490.7946831,-397.5317051,134.3269196,-179.9352711,0.498505898,179.9737875,-9.337390611,-1.87346962,3.963811638,-0.486858036,0.156551727,-0.21252325,-72.39601937,68.27905083,62.56831627,-76.11332244,-60.66371337,70.4572689,-6.709099963,1,1
54.72620511,5,1573826121,AUT,FALSE,TRUE,TRUE,490.7946831,-397.5317051,134.3269196,-179.9352711,0.498505898,179.9737875,-9.337390611,-1.87346962,3.963811638,-0.486858036,0.156551727,-0.21252325,-69.84141312,69.73837852,62.66608429,-72.90806121,-61.1758905,71.3087265,-6.533171088,1,1
54.82673407,5,1573826121,AUT,FALSE,TRUE,TRUE,510.5480717,-395.1970201,131.7558041,179.9946243,0.63332996,-179.9958494,-9.56702516,-2.616788578,-0.186072596,-0.273445371,-0.014008857,-0.072159837,-69.84141312,69.73837852,62.66608429,-72.90806121,-61.1758905,71.3087265,-6.533171088,1,1
54.92729998,5,1573826121,AUT,FALSE,TRUE,TRUE,534.3707602,-393.2343789,134.5154512,179.9953202,0.562290992,-179.9074119,-4.986966304,-1.697662184,1.234172859,0.031371312,-0.36396684,-0.02138812,-66.60897446,70.96424331,62.75566406,-68.53163338,-61.23683715,72.97966461,-6.904169088,1,1
55.02778196,5,1573826121,AUT,FALSE,TRUE,TRUE,558.2131175,-390.6802819,138.1241338,-179.9818992,0.409324869,-179.8906803,-0.882665077,-0.717109665,2.085118382,0.259141151,-0.339761783,-0.191380529,-63.18831253,72.11692199,62.72716827,-63.69613838,-61.08445678,74.80970192,-7.597818375,1,1
55.12840009,5,1573826121,AUT,FALSE,TRUE,TRUE,558.2131175,-390.6802819,138.1241338,-179.9818992,0.409324869,-179.8906803,-0.882665077,-0.717109665,2.085118382,0.259141151,-0.339761783,-0.191380529,-63.18831253,72.11692199,62.72716827,-63.69613838,-61.08445678,74.80970192,-7.597818375,1,1
55.22930908,5,1573826122,AUT,FALSE,TRUE,TRUE,582.6226145,-388.6327599,140.1042781,-179.9416415,0.149666802,-179.8832377,4.180010898,1.007971483,1.879640039,0.531350544,-0.518324738,-0.389789904,-59.38005295,73.52349128,62.52020301,-58.17499008,-60.96210205,76.73460273,-8.693158725,1,1
55.32996798,5,1573826122,AUT,FALSE,TRUE,TRUE,582.6226145,-388.6327599,140.1042781,-179.9416415,0.149666802,-179.8832377,4.180010898,1.007971483,1.879640039,0.531350544,-0.518324738,-0.389789904,-56.63648529,74.94743271,62.17301788,-53.8084156,-60.95666931,77.97518921,-9.860421756,1,1
55.43067908,5,1573826122,AUT,FALSE,TRUE,TRUE,597.8287971,-388.6735784,135.4503993,-179.8589998,-0.151144015,179.9944563,11.24919241,3.869589121,2.706659817,0.629197727,-1.594542188,-0.920338323,-56.63648529,74.94743271,62.17301788,-53.8084156,-60.95666931,77.97518921,-9.860421756,1,1
55.53126907,5,1573826122,AUT,FALSE,TRUE,TRUE,603.9085518,-383.5974394,130.6707178,-179.7018529,-0.219197223,179.7637843,8.818382821,6.920516566,-1.014961769,0.461293758,-1.136906974,-1.652372077,-55.54199639,75.79049263,62.03921814,-52.35790443,-61.0411322,78.14470481,-10.19139863,1,1
55.63180399,5,1573826122,AUT,FALSE,TRUE,TRUE,603.9085518,-383.5974394,130.6707178,-179.7018529,-0.219197223,179.7637843,8.818382821,6.920516566,-1.014961769,0.461293758,-1.136906974,-1.652372077,-55.54199639,75.79049263,62.03921814,-52.35790443,-61.0411322,78.14470481,-10.19139863,1,1
55.73239303,5,1573826122,AUT,FALSE,TRUE,TRUE,607.5085803,-369.6567535,132.061685,-179.5988072,-0.238296163,179.6364262,3.886369486,8.099215103,-1.313649586,0.366000678,-0.437248446,-1.901207583,-55.12767792,75.4873249,62.41507072,-53.93932457,-61.13655395,77.87698173,-8.369546131,1,1
55.83294296,5,1573826122,AUT,FALSE,TRUE,TRUE,609.44328,-344.7574824,136.540837,-179.6202177,-0.291348506,179.5901011,5.378308908,7.914458743,-0.133209181,0.53504664,-0.503581069,-1.806233187,-54.82510758,74.37757187,62.84233246,-57.07718468,-61.10987915,77.4605072,-5.168909456,1,1
55.93347502,5,1573826122,AUT,FALSE,TRUE,TRUE,609.44328,-344.7574824,136.540837,-179.6202177,-0.291348506,179.5901011,5.378308908,7.914458743,-0.133209181,0.53504664,-0.503581069,-1.806233187,-54.82510758,74.37757187,62.84233246,-57.07718468,-61.10987915,77.4605072,-5.168909456,1,1
56.03403807,5,1573826122,AUT,FALSE,TRUE,TRUE,609.5150623,-304.0390067,139.6927969,-179.6781591,-0.260816285,179.5461961,0.638963435,8.028565864,1.317003739,0.582784018,0.152203702,-1.487423089,-54.34807091,72.64903793,63.27972221,-62.54499092,-61.03579833,76.17738304,0.148909375,1,1
56.13460994,5,1573826122,AUT,FALSE,TRUE,TRUE,607.8101586,-258.6450444,140.3169723,-179.7610422,-0.139000064,179.5026596,-4.389039453,7.202723913,-0.091067644,0.615604301,0.628442167,-1.080146817,-53.45768395,71.03906021,63.64226418,-68.09579201,-61.05212951,74.52296905,5.969314956,1,1
56.23513412,5,1573826123,AUT,FALSE,TRUE,TRUE,607.8101586,-258.6450444,140.3169723,-179.7610422,-0.139000064,179.5026596,-4.389039453,7.202723913,-0.091067644,0.615604301,0.628442167,-1.080146817,-51.93463898,69.55277481,64.03773079,-72.90101966,-61.14216247,73.14201164,11.73222771,1,1
56.33573413,5,1573826123,AUT,FALSE,TRUE,TRUE,605.5878596,-212.2567017,141.7172184,-179.8241995,-0.051434059,179.5393605,-5.663895274,4.340778622,1.837911174,0.121837399,0.663265722,-0.766454548,-51.93463898,69.55277481,64.03773079,-72.90101966,-61.14216247,73.14201164,11.73222771,1,1
56.43633699,5,1573826123,AUT,FALSE,TRUE,TRUE,603.9246557,-165.410782,144.656817,-179.8932113,-0.000850093,179.7039014,-9.298941918,4.07398558,2.808588045,0.331225251,1.240764223,-0.358060505,-49.64111939,68.14282036,64.37738342,-76.6675621,-61.15597778,72.15766068,17.3821804,1,1
56.53687406,5,1573826123,AUT,FALSE,TRUE,TRUE,603.9246557,-165.410782,144.656817,-179.8932113,-0.000850093,179.7039014,-9.298941918,4.07398558,2.808588045,0.331225251,1.240764223,-0.358060505,-46.40186921,66.96507911,64.43410378,-79.19210701,-60.88962524,71.50097351,22.6838665,1,1
56.63743305,5,1573826123,AUT,FALSE,TRUE,TRUE,603.8980046,-117.9907321,147.3174359,-179.9431773,-0.031796306,179.852946,-5.497229142,-0.440997541,3.524465791,-0.206342971,0.841651427,-0.293637343,-46.40186921,66.96507911,64.43410378,-79.19210701,-60.88962524,71.50097351,22.6838665,1,1
56.73801994,5,1573826123,AUT,FALSE,TRUE,TRUE,605.6732361,-91.76351279,147.4863976,-179.9540838,-0.063688317,179.9233408,-4.386363967,-0.780172483,4.305199432,-0.294647542,0.798061001,-0.370296807,-44.11635933,66.59298248,64.27383041,-79.82159271,-60.72143554,71.23855476,25.37812614,1,1
56.83870697,5,1573826123,AUT,FALSE,TRUE,TRUE,609.4898688,-72.14359612,145.5501483,-179.9733678,0.061750384,179.9680177,-6.362317289,0.091122227,3.229916662,-0.054781882,0.64062553,-0.193500529,-42.07677498,66.62864685,63.94658203,-79.70745163,-60.71362426,70.91901398,27.20038376,1,1
56.93974209,5,1573826123,AUT,FALSE,TRUE,TRUE,621.1767911,-65.11381378,144.7435588,179.8694206,0.541425516,-179.7668072,-17.15415412,-0.181108297,3.57585685,0.296598262,1.411126723,0.288386839,-40.15440102,67.05778313,63.35635528,-77.78900871,-60.83186462,70.88081932,27.46257591,1,1
57.04044509,5,1573826123,AUT,FALSE,TRUE,TRUE,621.1767911,-65.11381378,144.7435588,179.8694206,0.541425516,-179.7668072,-17.15415412,-0.181108297,3.57585685,0.296598262,1.411126723,0.288386839,-38.13516198,68.28080177,62.83341636,-73.32866936,-60.48262023,72.17124596,25.36388854,1,1
57.14103603,5,1573826123,AUT,FALSE,TRUE,TRUE,640.3209126,-67.82583039,145.3118594,179.9186702,0.513082011,-179.7871711,-13.03727901,1.613443592,5.476606549,0.318680291,0.997728052,-0.105230355,-38.13516198,68.28080177,62.83341636,-73.32866936,-60.48262023,72.17124596,25.36388854,1,1
57.24159098,5,1573826124,AUT,FALSE,TRUE,TRUE,663.2039429,-73.15954943,145.3242735,179.9997399,0.408283757,-179.9121381,-5.157304985,2.491932654,1.298291351,0.166708757,-0.255602859,-0.466996034,-35.85930291,70.12800178,62.56839866,-67.42029075,-60.37093872,74.03906249,22.52274856,1,1
57.34220409,5,1573826124,AUT,FALSE,TRUE,TRUE,683.6261357,-75.91219759,145.3927184,-179.9254009,0.286333239,-179.9461503,-0.721686785,4.357669456,2.191604736,0.461429604,-0.33416268,-0.482036688,-33.47795792,71.95618515,62.55908432,-61.70463294,-60.52960327,75.92653427,20.08274345,1,1
57.44271803,5,1573826124,AUT,FALSE,TRUE,TRUE,699.9626578,-75.63986161,145.7695814,-179.9622555,0.145980456,-179.9863479,3.278887432,2.77145107,-1.438039827,0.119045455,-0.813444936,-0.368854975,-31.21534768,73.440699,62.55389671,-56.80637512,-60.62008117,77.52343139,18.26611976,1,1
57.54324412,5,1573826124,AUT,FALSE,TRUE,TRUE,699.9626578,-75.63986161,145.7695814,-179.9622555,0.145980456,-179.9863479,3.278887432,2.77145107,-1.438039827,0.119045455,-0.813444936,-0.368854975,-31.21534768,73.440699,62.55389671,-56.80637512,-60.62008117,77.52343139,18.26611976,1,1
57.64381409,5,1573826124,AUT,FALSE,TRUE,TRUE,711.6931139,-73.67241191,146.6840529,-179.9785968,-0.013333005,-179.9724835,8.207197213,1.204984992,-0.51358184,-0.148856767,-1.496415972,-0.286478068,-29.30832711,74.47515106,62.53249397,-53.04323158,-60.66804199,78.82442551,16.97028923,1,1
57.74434209,5,1573826124,AUT,FALSE,TRUE,TRUE,718.1947504,-67.32559797,146.4988875,-179.7854562,-0.199477058,179.9300278,10.627907,7.974325444,0.03010446,0.761934105,-1.586431503,-0.802435028,-27.83311386,75.14021873,62.54570846,-50.82517089,-60.65371582,79.60189704,16.39282036,1,1
57.84490204,5,1573826124,AUT,FALSE,TRUE,TRUE,719.2960587,-47.92632327,145.0365948,-179.7176508,-0.248706305,179.7032407,0.636822313,11.67650736,1.289001252,0.761934105,-1.586431503,-0.802435028,-26.43153649,75.31738014,62.67251129,-50.83341751,-60.60916076,79.54512519,17.77362671,1,1
57.94546914,5,1573826124,AUT,FALSE,TRUE,TRUE,719.2960587,-47.92632327,145.0365948,-179.7176508,-0.248706305,179.7032407,0.636822313,11.67650736,1.289001252,1.052737046,0.275768332,-1.240954698,-26.43153649,75.31738014,62.67251129,-50.83341751,-60.60916076,79.54512519,17.77362671,1,1
58.04596496,5,1573826124,AUT,FALSE,TRUE,TRUE,718.1110496,-8.196692523,142.6986842,-179.7533501,-0.140824037,179.6756417,-4.473975943,7.628980541,0.315418909,0.39365659,0.901903634,-1.078659191,-23.80511742,75.21226501,62.68971519,-51.94007034,-60.72841186,78.94124794,21.42647781,1,1
58.14652514,5,1573826124,AUT,FALSE,TRUE,TRUE,716.9360281,26.56171958,142.5310662,-179.8743658,-0.07012958,179.7397443,-6.51393549,6.431873661,0.430894947,0.383652065,1.129751151,-0.729103981,-21.17744179,75.11865463,62.66525688,-52.30371094,-60.79043518,78.76622886,24.52212639,1,1
58.2470901,5,1573826125,AUT,FALSE,TRUE,TRUE,716.9360281,26.56171958,142.5310662,-179.8743658,-0.07012958,179.7397443,-6.51393549,6.431873661,0.430894947,0.383652065,1.129751151,-0.729103981,-18.46553193,75.07597274,62.60181427,-51.98537178,-60.80583801,78.96901588,26.96433563,1,1
58.347579,5,1573826125,AUT,FALSE,TRUE,TRUE,716.0464481,58.33182603,143.7813185,-179.8990666,-0.07686995,179.9066123,-1.689512994,3.549425055,1.617349668,-0.581084583,-0.284896183,-0.414787234,-18.46553193,75.07597274,62.60181427,-51.98537178,-60.80583801,78.96901588,26.96433563,1,1
58.44813108,5,1573826125,AUT,FALSE,TRUE,TRUE,714.1217498,83.15071408,143.7611157,-179.9726327,-0.178700784,-179.9346515,3.017438803,-2.616510912,3.183113838,-0.629833873,-0.527228996,-0.119634693,-16.17062874,75.09434051,62.43202743,-51.65010338,-60.73328979,79.15501442,28.94362564,1,1
58.54872799,5,1573826125,AUT,FALSE,TRUE,TRUE,710.7692345,96.67480083,141.9781586,179.9445509,-0.501163081,-179.7543679,9.276495792,-2.962958603,1.952745681,-0.212587844,-0.524175532,0.104676192,-14.96659584,75.12361221,62.20591507,-51.7596405,-60.6254425,79.28510971,30.22461433,1,1
58.64935303,5,1573826125,AUT,FALSE,TRUE,TRUE,703.4535188,103.7112725,138.252337,-179.9697114,-0.887882555,-179.6786466,15.44568079,-0.767667786,2.348376467,0.201941976,-0.271965564,-0.024509969,-14.91155778,74.98524971,62.13458633,-53.20248871,-60.58845703,78.97343101,31.4285099,1,1
58.75015497,5,1573826125,AUT,FALSE,TRUE,TRUE,703.4535188,103.7112725,138.252337,-179.9697114,-0.887882555,-179.6786466,15.44568079,-0.767667786,2.348376467,0.201941976,-0.271965564,-0.024509969,-15.79054299,74.38460998,62.11422729,-57.11803321,-60.78071777,77.49891471,33.91911392,1,1
58.851017,5,1573826125,AUT,FALSE,TRUE,TRUE,689.3352983,111.2696746,132.232618,-179.9995409,-0.91859959,-179.699142,13.96442646,-0.904239403,-0.000154438,0.084893102,-0.397763832,-0.02744308,-15.79054299,74.38460998,62.11422729,-57.11803321,-60.78071777,77.49891471,33.91911392,1,1
58.95150805,5,1573826125,AUT,FALSE,TRUE,TRUE,669.2349181,118.3018206,129.4909044,179.9716213,-0.742817154,-179.6444708,8.008887512,-2.80428475,-4.189425156,-0.337466661,-0.148882805,0.205318229,-17.27484741,73.02939491,62.17965431,-62.63182411,-61.03321105,75.58717003,37.22152863,1,1
59.05203009,5,1573826125,AUT,FALSE,TRUE,TRUE,648.194008,119.6638002,133.9311049,-179.9940359,-0.572237685,-179.5183946,1.625133121,2.262197261,-3.644278331,1.058445933,0.239316375,0.206652479,-19.18946228,71.04919166,62.46509628,-68.1803627,-61.01414978,74.18198433,39.99487953,1,1
59.1526711,5,1573826125,AUT,FALSE,TRUE,TRUE,628.5384412,116.6936498,141.0963967,-179.9752129,-0.441881709,-179.5726552,-3.038521849,5.867085014,2.293148867,1.702489049,0.945293343,-0.234602209,-21.38910027,68.86092453,62.890559,-73.21273269,-60.57608642,72.99736633,41.97934341,1,1
59.25315094,5,1573826126,AUT,FALSE,TRUE,TRUE,628.5384412,116.6936498,141.0963967,-179.9752129,-0.441881709,-179.5726552,-3.038521849,5.867085014,2.293148867,1.702489049,0.945293343,-0.234602209,-21.38910027,68.86092453,62.890559,-73.21273269,-60.57608642,72.99736633,41.97934341,1,1
59.35372305,5,1573826126,AUT,FALSE,TRUE,TRUE,610.8445417,109.0471073,146.8727904,-179.822748,-0.127990961,-179.7101539,-11.85925075,8.906632922,3.017812868,1.506092307,1.45955694,-0.885772844,-23.87436219,66.65094223,63.08004226,-77.8995964,-59.99950195,71.43433112,43.08608208,1,1
59.45427895,5,1573826126,AUT,FALSE,TRUE,TRUE,605.4660713,106.2056814,148.6967542,-179.729816,0.007390658,-179.9220778,-14.05753199,14.88068143,4.984199854,2.126570877,1.946882452,-1.451463895,-24.79374619,65.89502449,63.12065391,-79.37990456,-59.6802008,70.77272758,43.21188926,1,1
59.55476904,5,1573826126,AUT,FALSE,TRUE,TRUE,605.4660713,106.2056814,148.6967542,-179.729816,0.007390658,-179.9220778,-14.05753199,14.88068143,4.984199854,2.126570877,1.946882452,-1.451463895,-24.79374619,65.89502449,63.12065391,-79.37990456,-59.6802008,70.77272758,43.21188926,1,1
59.65532613,5,1573826126,AUT,FALSE,TRUE,TRUE,604.9050502,114.0524014,148.850742,-179.6675594,0.076795628,179.7879877,-10.63642116,15.86733663,4.062665779,1.668120553,1.113677284,-1.772796955,-24.28584824,65.98379059,63.27881927,-79.33233719,-59.65509704,70.65709648,43.73589592,1,1
59.75586605,5,1573826126,AUT,FALSE,TRUE,TRUE,605.652049,133.0447444,147.9802345,-179.7291892,0.064594163,179.6466544,-6.484236127,13.43226351,3.264050472,1.079729957,0.705245419,-1.473812711,-22.3096653,66.53953743,63.43998871,-78.3561161,-59.86129943,70.96664314,45.13617553,1,1
59.85639501,5,1573826126,AUT,FALSE,TRUE,TRUE,606.8280953,160.2032102,146.8294926,-179.8486144,0.078190388,179.6873106,-6.309721331,11.33857211,1.650301175,1.135964167,0.55304939,-0.844407985,-19.22139817,67.28962211,63.46926384,-76.68945923,-60.15722717,71.53221244,47.08859367,1,1
59.95669293,5,1573826126,AUT,FALSE,TRUE,TRUE,606.8280953,160.2032102,146.8294926,-179.8486144,0.078190388,179.6873106,-6.309721331,11.33857211,1.650301175,1.135964167,0.55304939,-0.844407985,-19.22139817,67.28962211,63.46926384,-76.68945923,-60.15722717,71.53221244,47.08859367,1,1
60.05724907,5,1573826126,AUT,FALSE,TRUE,TRUE,609.881685,195.2651065,147.2485553,-179.9421347,0.01145302,179.8138769,-2.03165957,4.224376922,-0.132386001,0.110746841,0.141698419,-0.279555734,-14.90190354,68.25859566,63.34033928,-73.64756813,-60.21877807,72.64990311,48.95013771,1,1
60.15775514,5,1573826126,AUT,FALSE,TRUE,TRUE,612.7226982,224.6390329,148.976246,179.9070796,-0.084462672,-179.963097,-2.03165957,4.224376922,-0.132386001,0.110746841,0.141698419,-0.279555734,-11.09354096,69.05839691,63.16787796,-70.55305938,-60.14895996,73.91649628,50.24137459,1,1
60.25829005,5,1573826127,AUT,FALSE,TRUE,TRUE,612.7226982,224.6390329,148.976246,179.9070796,-0.084462672,-179.963097,3.25813314,-0.410537059,0.363373171,-0.724301963,-0.455521042,0.472392223,-11.09354096,69.05839691,63.16787796,-70.55305938,-60.14895996,73.91649628,50.24137459,1,1
60.3590951,5,1573826127,AUT,FALSE,TRUE,TRUE,613.2069255,242.2861404,148.4562999,179.8581011,-0.238490133,-179.7341809,8.056687013,-3.790686403,-0.162809293,-0.808269854,-0.982526893,0.51734853,-8.505701069,69.57079239,62.76891975,-68.50924873,-59.94661376,74.61111374,50.93614998,1,1
60.459867,5,1573826127,AUT,FALSE,TRUE,TRUE,613.2069255,242.2861404,148.4562999,179.8581011,-0.238490133,-179.7341809,8.056687013,-3.790686403,-0.162809293,-0.808269854,-0.982526893,0.51734853,-8.505701069,69.57079239,62.76891975,-68.50924873,-59.94661376,74.61111374,50.93614998,1,1
60.56077504,5,1573826127,AUT,FALSE,TRUE,TRUE,607.5154087,246.7417146,146.6335972,179.9625726,-0.507056543,-179.7531396,8.484565084,0.236978154,-0.084165037,-0.032849027,-0.314542399,0.223924768,-8.249839788,69.56909637,62.8148941,-69.15038338,-59.89970214,74.4943943,51.61106071,1,1
60.66135406,5,1573826127,AUT,FALSE,TRUE,TRUE,593.9753367,252.4396435,144.6666033,179.972251,-0.650755029,-179.7238691,10.58145763,2.709204077,-0.73232878,0.659007623,-0.275103798,0.284823114,-8.444709781,69.08428688,63.02626762,-71.5434082,-60.03070312,73.80342636,53.53294029,1,1
60.76185298,5,1573826127,AUT,FALSE,TRUE,TRUE,570.7536661,260.3739735,143.7281793,179.9766876,-0.714032442,-179.7008758,7.111361925,3.212771056,-1.81716555,0.694771831,-0.052946238,0.328868634,-8.841724781,67.91163368,63.33135452,-75.74112281,-60.11792907,72.53703575,56.77833938,1,1
60.86241007,5,1573826127,AUT,FALSE,TRUE,TRUE,570.7536661,260.3739735,143.7281793,179.9766876,-0.714032442,-179.7008758,7.111361925,3.212771056,-1.81716555,0.694771831,-0.052946238,0.328868634,-8.841724781,67.91163368,63.33135452,-75.74112281,-60.11792907,72.53703575,56.77833938,1,1
60.96295404,5,1573826127,AUT,FALSE,TRUE,TRUE,541.6327404,267.2586124,143.5337424,179.9593657,-0.564243729,-179.6339644,3.19243139,4.20761619,2.050688988,0.929739485,0.864246987,0.261109857,-9.3657074,66.1694149,63.54597931,-80.98934326,-60.1520581,70.75216598,60.74752807,1,1
61.06345415,5,1573826127,AUT,FALSE,TRUE,TRUE,541.6327404,267.2586124,143.5337424,179.9593657,-0.564243729,-179.6339644,3.19243139,4.20761619,2.050688988,0.929739485,0.864246987,0.261109857,-10.05719376,64.26837158,63.50053711,-86.56266975,-60.14642211,68.44717254,64.41614113,1,1
61.16400814,5,1573826127,AUT,FALSE,TRUE,TRUE,512.4326899,269.9708333,141.0218791,-179.9933661,-0.408651915,-179.6554982,-4.370478493,6.745052999,3.422266252,1.027832184,1.360952465,-0.127965775,-10.05719376,64.26837158,63.50053711,-86.56266975,-60.14642211,68.44717254,64.41614113,1,1
61.26456904,5,1573826128,AUT,FALSE,TRUE,TRUE,490.100716,267.6191207,137.5762308,-179.9506208,-0.277673181,-179.6740934,-4.421558165,7.88453826,2.377124712,1.042434433,1.349820122,-0.452014081,-10.90044937,62.73934593,63.26743126,-90.97770424,-60.24314575,66.32054901,66.96776046,1,1
67.83904004,6,1573826134,AUT,FALSE,FALSE,TRUE,471.4936807,-399.9440336,169.2706656,-179.9988807,-0.0887572,179.9690269,3.98251916,-1.231250172,14.63182483,-0.071734982,0.895874328,-0.226380853,-74.79065438,64.23680649,63.48073768,-78.21419334,-57.77504516,72.33451653,-7.917558294,0.5,1
67.93983603,6,1573826134,AUT,FALSE,TRUE,TRUE,467.4561276,-400.8467146,163.5485709,-179.9685368,-0.648146594,179.9525929,1.586449308,-3.095221962,17.79652776,-0.663415593,1.794473991,-0.296569845,-74.8645958,64.39730644,63.00151748,-78.45741004,-57.87415283,72.26855392,-8.019810106,1,1
68.04054403,6,1573826134,AUT,FALSE,TRUE,TRUE,467.3216239,-403.1908436,139.744788,179.9990376,0.194627646,179.9874131,-10.67912266,-3.382205214,3.985190802,-1.052818246,0.955652293,-0.32551491,-74.91238976,65.42747383,61.57314376,-79.05687218,-58.46781555,69.25825195,-7.838570025,1,1
68.14132404,6,1573826134,AUT,FALSE,TRUE,TRUE,467.3216239,-403.1908436,139.744788,179.9990376,0.194627646,179.9874131,-10.67912266,-3.382205214,3.985190802,-1.052818246,0.955652293,-0.32551491,-73.92676163,67.46238899,61.51928329,-77.99718246,-59.98358825,69.02151718,-7.37595635,1,1
68.2418561,6,1573826135,AUT,FALSE,TRUE,TRUE,476.0226556,-401.6284387,129.9198812,-179.90193,0.45282724,179.9003111,-10.12303187,0.175051069,-0.983800117,-0.071580478,0.241459258,-0.364722982,-73.92676163,67.46238899,61.51928329,-77.99718246,-59.98358825,69.02151718,-7.37595635,1,1
68.34236407,6,1573826135,AUT,FALSE,TRUE,TRUE,493.6073263,-398.9039864,130.7983928,-179.9589165,0.658412189,179.8954238,-11.25141853,-0.450861392,-0.483525947,-0.232583658,0.128161353,-0.346472524,-72.10587388,68.7178379,62.22351379,-75.60047378,-60.67894042,70.08535766,-6.928864294,1,1
68.44290209,6,1573826135,AUT,FALSE,TRUE,TRUE,515.725679,-395.8200055,137.8599527,-179.962196,0.583813918,179.9830642,-11.61853396,0.831485455,0.963985144,0.24671095,0.43166494,-0.239082151,-69.21207848,69.61736755,62.82604179,-71.77194786,-60.78050903,72.12156028,-6.931425481,1,1
68.54343915,6,1573826135,AUT,FALSE,TRUE,TRUE,539.8543593,-391.1287212,143.0268352,-179.9884501,0.449575743,-179.9884884,-11.61853396,0.831485455,0.963985144,0.24671095,0.43166494,-0.239082151,-65.82169419,70.49580001,62.85108719,-67.52627106,-60.5437207,73.92053375,-7.127273944,1,1
68.64395213,6,1573826135,AUT,FALSE,TRUE,TRUE,539.8543593,-391.1287212,143.0268352,-179.9884501,0.449575743,-179.9884884,-6.888868808,0.003712045,5.350783715,0.290315596,0.101115486,-0.208757756,-65.82169419,70.49580001,62.85108719,-67.52627106,-60.5437207,73.92053375,-7.127273944,1,1
68.74457407,6,1573826135,AUT,FALSE,TRUE,TRUE,563.9569995,-385.6516668,143.225602,-179.9735264,0.401808439,-179.9460943,-3.469233777,-2.074486769,5.260892909,0.024182635,-0.325395284,-0.197514693,-62.20318909,71.71119003,62.50631904,-63.05365791,-60.42339843,75.20020065,-7.42882805,1,1
68.84514308,6,1573826135,AUT,FALSE,TRUE,TRUE,585.0350683,-380.852445,140.9150203,-179.9464169,0.205817055,-179.9527191,2.628519013,-0.723550016,2.867640431,-0.009865412,-0.937748142,-0.367589689,-58.90336991,73.09045829,62.13913193,-58.7227066,-60.41865783,76.41412811,-7.941971975,1,1
68.94565415,6,1573826135,AUT,FALSE,TRUE,TRUE,585.0350683,-380.852445,140.9150203,-179.9464169,0.205817055,-179.9527191,2.628519013,-0.723550016,2.867640431,-0.009865412,-0.937748142,-0.367589689,-58.90336991,73.09045829,62.13913193,-58.7227066,-60.41865783,76.41412811,-7.941971975,1,1
69.04619193,6,1573826135,AUT,FALSE,TRUE,TRUE,602.1893735,-379.6744832,138.6534197,-179.8318626,-0.142529196,179.9995936,11.99659601,4.85473717,-0.040913271,0.839546853,-1.720230763,-0.993435345,-56.35247154,74.54237709,61.79345741,-54.13691367,-60.42077819,77.82954139,-9.068884281,1,1
69.14672494,6,1573826135,AUT,FALSE,TRUE,TRUE,607.747784,-376.7451792,140.1963919,-179.6148682,-0.321059515,179.7726515,15.42249972,10.2777481,-1.598084893,1.433807859,-2.17037432,-1.742432853,-54.89130364,74.92387046,61.95322952,-52.6812561,-60.34456054,78.62067375,-9.480892187,1,1
69.24721909,6,1573826136,AUT,FALSE,TRUE,TRUE,610.0770574,-364.3644126,142.4062461,-179.5604413,-0.37069674,179.6012797,6.475326482,10.06235991,0.507550369,0.750538005,-0.647974084,-2.222149888,-54.58095704,74.52981491,62.26395034,-53.84337616,-60.28737121,78.60991401,-8.136285788,1,1
69.34777999,6,1573826136,AUT,FALSE,TRUE,TRUE,610.0770574,-364.3644126,142.4062461,-179.5604413,-0.37069674,179.6012797,6.475326482,10.06235991,0.507550369,0.750538005,-0.647974084,-2.222149888,-54.58095704,74.52981491,62.26395034,-53.84337616,-60.28737121,78.60991401,-8.136285788,1,1
69.44839096,6,1573826136,AUT,FALSE,TRUE,TRUE,612.0328817,-339.3364415,143.3880799,-179.5485148,-0.354060395,179.4561285,4.387059743,10.93545072,1.839115258,0.993345317,-0.238678847,-2.154149706,-54.27930679,73.65392303,62.61907997,-57.02419968,-60.27423706,77.87671738,-5.036026388,1,1
69.54932404,6,1573826136,AUT,FALSE,TRUE,TRUE,612.0328817,-339.3364415,143.3880799,-179.5485148,-0.354060395,179.4561285,4.387059743,10.93545072,1.839115258,0.993345317,-0.238678847,-2.154149706,-53.4354435,72.03126983,62.93520812,-63.46257248,-60.37003234,75.31140976,3.17107315,1,1
69.65011311,6,1573826136,AUT,FALSE,TRUE,TRUE,612.5597866,-275.0807019,140.6980422,-179.6441675,-0.241146381,179.3893582,-0.808581611,8.121179292,2.096479196,0.630202904,0.020907391,-1.579476079,-53.4354435,72.03126983,62.93520812,-63.46257248,-60.37003234,75.31140976,3.17107315,1,1
69.75075197,6,1573826136,AUT,FALSE,TRUE,TRUE,610.0361131,-210.6547231,141.6116862,-179.8005707,-0.045717317,179.4824777,-0.808581611,8.121179292,2.096479196,0.630202904,0.020907391,-1.579476079,-51.17740631,69.59559059,63.52823982,-71.94923629,-60.63793945,73.13589706,11.40633201,1,1
69.85125709,6,1573826136,AUT,FALSE,TRUE,TRUE,610.0361131,-210.6547231,141.6116862,-179.8005707,-0.045717317,179.4824777,-7.16687536,5.951173357,-0.828000654,0.485495122,0.87398285,-0.65411303,-51.17740631,69.59559059,63.52823982,-71.94923629,-60.63793945,73.13589706,11.40633201,1,1
69.95180798,6,1573826136,AUT,FALSE,TRUE,TRUE,610.0361131,-210.6547231,141.6116862,-179.8005707,-0.045717317,179.4824777,-7.16687536,5.951173357,-0.828000654,0.485495122,0.87398285,-0.65411303,-47.74426118,67.16728592,64.19124069,-77.44338569,-60.34661499,72.09526176,19.65057564,1,1
70.05237603,6,1573826136,AUT,FALSE,TRUE,TRUE,606.2372368,-140.8857507,150.0465993,-179.858492,-0.09768306,179.7755614,-5.836963941,1.023506113,1.765595822,0.402920963,0.914993196,-0.440785575,-47.74426118,67.16728592,64.19124069,-77.44338569,-60.34661499,72.09526176,19.65057564,1,1
70.15285611,6,1573826136,AUT,FALSE,TRUE,TRUE,605.1014183,-92.69666611,153.9575104,-179.9137664,-0.118914062,179.866779,-5.836963941,1.023506113,1.765595822,0.402920963,0.914993196,-0.440785575,-44.17402039,65.76933403,64.09279976,-79.76407928,-59.74520141,71.43169098,24.83087997,1,1
70.253407,6,1573826137,AUT,FALSE,TRUE,TRUE,605.1014183,-92.69666611,153.9575104,-179.9137664,-0.118914062,179.866779,-4.003573172,1.09278315,3.162806543,0.153674469,1.079898787,-0.590259132,-44.17402039,65.76933403,64.09279976,-79.76407928,-59.74520141,71.43169098,24.83087997,1,1
70.35393405,6,1573826137,AUT,FALSE,TRUE,TRUE,610.399329,-62.2524275,153.1813081,179.9942601,0.170896731,-179.9649272,-10.6979546,-3.25371582,2.70945292,0.153674469,1.079898787,-0.590259132,-41.13290177,65.56127701,63.6867073,-79.79955826,-59.6359259,70.95449981,27.80307655,1,1
70.45444012,6,1573826137,AUT,FALSE,TRUE,TRUE,610.399329,-62.2524275,153.1813081,179.9942601,0.170896731,-179.9649272,-10.6979546,-3.25371582,2.70945292,-0.779332425,0.93613794,-0.173957982,-41.13290177,65.56127701,63.6867073,-79.79955826,-59.6359259,70.95449981,27.80307655,1,1
70.55496907,6,1573826137,AUT,FALSE,TRUE,TRUE,633.7229047,-59.47904713,151.2078039,179.9006932,0.480550317,-179.8739795,-14.42434277,-0.31054731,4.747363542,-0.183016891,0.846549237,-0.134403016,-38.16337967,66.86037254,62.6126049,-75.07415657,-59.46682983,71.71468849,26.37617569,1,1
70.65551615,6,1573826137,AUT,FALSE,TRUE,TRUE,633.7229047,-59.47904713,151.2078039,179.9006932,0.480550317,-179.8739795,-14.42434277,-0.31054731,4.747363542,-0.183016891,0.846549237,-0.134403016,-38.16337967,66.86037254,62.6126049,-75.07415657,-59.46682983,71.71468849,26.37617569,1,1
70.7560091,6,1573826137,AUT,FALSE,TRUE,TRUE,667.0595157,-68.06263731,148.3772095,-179.9181906,0.355290439,-179.983997,-4.403712297,2.140029922,2.293324205,-0.159735962,-0.363578558,-0.545284964,-34.82527657,69.79868316,61.94896545,-66.48619194,-59.44576354,74.20278625,22.23973045,1,1
70.85656905,6,1573826137,AUT,FALSE,TRUE,TRUE,667.0595157,-68.06263731,148.3772095,-179.9181906,0.355290439,-179.983997,-4.403712297,2.140029922,2.293324205,-0.159735962,-0.363578558,-0.545284964,-32.03653107,72.08203354,61.93808899,-59.45030708,-59.69448852,76.51023101,19.24349784,1,1
70.95711613,6,1573826137,AUT,FALSE,TRUE,TRUE,691.6467731,-72.33630786,148.5136459,-179.8772856,0.222404974,179.9738005,-1.314798333,4.468927975,1.927120855,0.16233896,-0.299731982,-0.578209044,-32.03653107,72.08203354,61.93808899,-59.45030708,-59.69448852,76.51023101,19.24349784,1,1
71.05760193,6,1573826137,AUT,FALSE,TRUE,TRUE,710.9942118,-71.65505335,149.5694558,-179.848818,-0.030777196,179.9219225,7.431306222,5.125643203,0.366654833,0.24004317,-1.226823669,-0.797737976,-29.17157822,73.88669243,61.91582108,-53.29395676,-59.76722351,78.65255813,16.8596672,1,1
71.15813208,6,1573826137,AUT,FALSE,TRUE,TRUE,710.9942118,-71.65505335,149.5694558,-179.848818,-0.030777196,179.9219225,7.431306222,5.125643203,0.366654833,0.24004317,-1.226823669,-0.797737976,-29.17157822,73.88669243,61.91582108,-53.29395676,-59.76722351,78.65255813,16.8596672,1,1
71.25885701,6,1573826138,AUT,FALSE,TRUE,TRUE,719.8979334,-53.2801561,148.0485773,-179.7222731,-0.233147308,179.6449562,5.73539678,14.75216159,1.231731023,1.743125063,-0.593390241,-1.384649439,-26.60814858,74.88852882,62.03767318,-50.52549819,-59.76849243,79.52668876,17.05290298,1,1
71.35953307,6,1573826138,AUT,FALSE,TRUE,TRUE,721.0291061,-16.16817371,145.885719,-179.7460599,-0.189336383,179.6346427,-2.548841438,6.931569905,-0.126595042,0.318279588,0.583378141,-1.164453486,-23.93903046,75.00463028,62.05818672,-50.81729851,-59.88933105,79.2443367,20.13252525,1,1
71.46042204,6,1573826138,AUT,FALSE,TRUE,TRUE,721.0291061,-16.16817371,145.885719,-179.7460599,-0.189336383,179.6346427,-2.548841438,6.931569905,-0.126595042,0.318279588,0.583378141,-1.164453486,-23.93903046,75.00463028,62.05818672,-50.81729851,-59.88933105,79.2443367,20.13252525,1,1
71.56111598,6,1573826138,AUT,FALSE,TRUE,TRUE,720.517207,25.43589676,146.1506756,-179.8057156,-0.127076557,179.6761117,-3.910043916,3.653511677,0.722629249,-0.318622764,0.613571205,-0.868122477,-20.64449501,74.93059616,62.05401191,-51.02553062,-59.9256134,79.13852119,23.59434471,1,1
71.66166496,6,1573826138,AUT,FALSE,TRUE,TRUE,719.0447773,64.05295173,147.7716909,-179.9122681,-0.127578018,179.8493405,0.147000642,1.744543148,1.146112451,-0.318622764,0.613571205,-0.868122477,-17.34312744,74.85178299,61.98669319,-50.72590599,-59.92448181,79.33865433,26.69891624,1,1
71.762218,6,1573826138,AUT,FALSE,TRUE,TRUE,719.0447773,64.05295173,147.7716909,-179.9122681,-0.127578018,179.8493405,0.147000642,1.744543148,1.146112451,-0.214421178,-0.402893469,-0.251674356,-17.34312744,74.85178299,61.98669319,-50.72590599,-59.92448181,79.33865433,26.69891624,1,1
71.86277413,6,1573826138,AUT,FALSE,TRUE,TRUE,714.5237826,96.19072344,148.151535,179.9991925,-0.443227037,-179.8457123,0.147000642,1.744543148,1.146112451,-0.214421178,-0.402893469,-0.251674356,-14.51511956,74.77265396,61.75643348,-50.55778084,-59.80798278,79.72706566,29.3493782,1,1
71.96327209,6,1573826138,AUT,FALSE,TRUE,TRUE,714.5237826,96.19072344,148.151535,179.9991925,-0.443227037,-179.8457123,7.664603535,-3.902971512,0.088180533,-0.553700816,-0.740067252,0.038695043,-14.51511956,74.77265396,61.75643348,-50.55778084,-59.80798278,79.72706566,29.3493782,1,1
72.06382108,6,1573826138,AUT,FALSE,TRUE,TRUE,702.7988288,109.3103297,148.1441214,-179.9613776,-0.843934127,-179.7569964,7.664603535,-3.902971512,0.088180533,-0.553700816,-0.740067252,0.038695043,-14.36549607,74.09897575,61.85085411,-53.11468734,-59.6368103,79.40990066,31.58898239,1,1
72.16440296,6,1573826138,AUT,FALSE,TRUE,TRUE,702.7988288,109.3103297,148.1441214,-179.9613776,-0.843934127,-179.7569964,14.8958956,2.108071136,0.342520601,1.032982958,-0.412143149,-0.00548313,-14.36549607,74.09897575,61.85085411,-53.11468734,-59.6368103,79.40990066,31.58898239,1,1
72.26491809,6,1573826139,AUT,FALSE,TRUE,TRUE,678.4991518,119.0844886,149.7311461,179.916822,-0.778927418,-179.653073,8.637903905,-3.162106366,-3.110149673,0.086924474,-0.430850295,0.272135766,-16.11165619,72.03694153,62.11738929,-59.87484626,-59.51431823,77.57252311,35.63781509,1,1
72.365453,6,1573826139,AUT,FALSE,TRUE,TRUE,678.4991518,119.0844886,149.7311461,179.916822,-0.778927418,-179.653073,8.637903905,-3.162106366,-3.110149673,0.086924474,-0.430850295,0.272135766,-16.11165619,72.03694153,62.11738929,-59.87484626,-59.51431823,77.57252311,35.63781509,1,1
72.46599698,6,1573826139,AUT,FALSE,TRUE,TRUE,653.7946791,120.294312,151.2545598,179.9710162,-0.660885876,-179.6616538,2.940342697,-0.64504679,0.293083308,0.188742224,0.257950993,-0.107452737,-18.52317238,69.74533081,62.25326271,-66.48909301,-59.17910888,75.51030349,38.69370346,1,1
72.56649208,6,1573826139,AUT,FALSE,TRUE,TRUE,628.4141783,117.2746366,150.9997117,179.9946668,-0.362317544,-179.7245329,2.940342697,-0.64504679,0.293083308,0.188742224,0.257950993,-0.107452737,-21.18508073,67.51876945,62.35382194,-73.08336181,-58.997406,73.06451683,41.4658699,1,1
72.66709995,6,1573826139,AUT,FALSE,TRUE,TRUE,628.4141783,117.2746366,150.9997117,179.9946668,-0.362317544,-179.7245329,-5.141417667,3.609170542,2.475045522,1.285234175,1.331883035,-0.605495444,-21.18508073,67.51876945,62.35382194,-73.08336181,-58.997406,73.06451683,41.4658699,1,1
72.76762915,6,1573826139,AUT,FALSE,TRUE,TRUE,610.355726,115.8103026,149.2367385,-179.7129261,-0.172311814,179.9755014,-12.08496093,14.39161107,5.388587751,1.807740696,1.855730135,-1.449320976,-23.13200226,66.07568436,62.49571037,-77.64106407,-58.91039978,71.09538574,43.01655922,1,1
72.86813712,6,1573826139,AUT,FALSE,TRUE,TRUE,610.355726,115.8103026,149.2367385,-179.7129261,-0.172311814,179.9755014,-12.08496093,14.39161107,5.388587751,1.807740696,1.855730135,-1.449320976,-23.13200226,66.07568436,62.49571037,-77.64106407,-58.91039978,71.09538574,43.01655922,1,1
72.96904898,6,1573826139,AUT,FALSE,TRUE,TRUE,604.5879712,127.9908441,147.0498627,-179.675353,-0.026812715,179.7173958,-12.90072427,17.09093524,3.807436975,1.611562332,1.835248437,-1.747053246,-22.55681992,66.02236976,62.66002808,-78.71783409,-59.15230773,70.44238929,44.56094512,1,1
73.06963992,6,1573826139,AUT,FALSE,TRUE,TRUE,604.5879712,127.9908441,147.0498627,-179.675353,-0.026812715,179.7173958,-12.90072427,17.09093524,3.807436975,1.611562332,1.835248437,-1.747053246,-22.55681992,66.02236976,62.66002808,-78.71783409,-59.15230773,70.44238929,44.56094512,1,1
73.17065001,6,1573826139,AUT,FALSE,TRUE,TRUE,604.5957402,165.4804091,143.5289386,-179.7725905,0.038706591,179.6385181,-8.31326343,12.6379231,3.591238568,0.750464264,1.136203205,-1.074548848,-19.43822022,67.06856003,62.67431717,-76.91300354,-59.64471496,70.84010468,47.39250984,1,1
73.27120614,6,1573826140,AUT,FALSE,TRUE,TRUE,604.5957402,165.4804091,143.5289386,-179.7725905,0.038706591,179.6385181,-8.31326343,12.6379231,3.591238568,0.750464264,1.136203205,-1.074548848,-19.43822022,67.06856003,62.67431717,-76.91300354,-59.64471496,70.84010468,47.39250984,1,1
73.37178206,6,1573826140,AUT,FALSE,TRUE,TRUE,609.4420618,209.1448873,142.8573173,-179.9248449,-0.0568915,179.7365605,-0.936603105,7.871412198,1.048580579,0.373698785,0.339681889,-0.417111382,-14.17113419,68.30964775,62.59036789,-73.51811828,-59.83502563,72.30340118,49.58276481,1,1
73.47230792,6,1573826140,AUT,FALSE,TRUE,TRUE,609.4420618,209.1448873,142.8573173,-179.9248449,-0.0568915,179.7365605,-0.936603105,7.871412198,1.048580579,0.373698785,0.339681889,-0.417111382,-14.17113419,68.30964775,62.59036789,-73.51811828,-59.83502563,72.30340118,49.58276481,1,1
73.5728631,6,1573826140,AUT,FALSE,TRUE,TRUE,614.3119059,241.9241318,144.9183198,179.9458977,-0.195173544,-179.965375,5.116137029,2.389839123,0.668706831,0.253153833,-0.457458067,0.324127005,-9.255617525,69.52665138,62.3832447,-69.21104164,-59.82341308,73.99141273,50.63811836,1,1
73.67339897,6,1573826140,AUT,FALSE,TRUE,TRUE,612.2762493,255.6697753,144.319203,179.8500288,-0.43577269,-179.7802605,10.18372675,-3.214521017,1.222831035,-0.549761202,-0.811920886,0.605808367,-6.776017,70.10175819,62.24104042,-67.31503829,-59.66650085,74.59477844,51.43219643,1,1
73.77391195,6,1573826140,AUT,FALSE,TRUE,TRUE,612.2762493,255.6697753,144.319203,179.8500288,-0.43577269,-179.7802605,10.18372675,-3.214521017,1.222831035,-0.549761202,-0.811920886,0.605808367,-6.776017,70.10175819,62.24104042,-67.31503829,-59.66650085,74.59477844,51.43219643,1,1
73.87444496,6,1573826140,AUT,FALSE,TRUE,TRUE,601.5818546,264.4605443,141.0553257,179.9141917,-0.749221573,-179.7530008,12.8348086,-1.160489285,0.659958418,-0.021111962,-0.581960862,0.527357527,-6.282614137,70.01883544,62.28794861,-68.61876182,-59.67848144,74.23102798,52.95285873,1,1
73.97497416,6,1573826140,AUT,FALSE,TRUE,TRUE,582.2415505,272.2317713,137.7067509,179.9175694,-0.758210405,-179.677705,10.04331296,1.868474826,-0.494160981,0.570380116,-0.145088331,0.548246527,-6.451333238,69.26344986,62.40051384,-72.10728149,-59.95354614,72.99897308,55.81616363,1,1
74.07546902,6,1573826140,AUT,FALSE,TRUE,TRUE,558.2271277,277.7490621,137.2909644,179.9270679,-0.622268024,-179.6123383,4.229354653,2.276470138,-1.914379773,0.805034004,0.359027798,0.558182537,-6.982532506,67.80783691,62.54139633,-76.71695938,-60.06320068,71.44702377,59.15090561,1,1
74.17599893,6,1573826140,AUT,FALSE,TRUE,TRUE,535.4877127,279.1586433,140.521182,179.9337732,-0.498174939,-179.6005897,4.229354653,2.276470138,-1.914379773,0.805034004,0.359027798,0.558182537,-7.834913637,65.97993164,62.80829544,-81.21145248,-59.86902282,70.07203674,61.97808609,1,1
74.27660513,6,1573826141,AUT,FALSE,TRUE,TRUE,535.4877127,279.1586433,140.521182,179.9337732,-0.498174939,-179.6005897,0.99963531,4.68051207,0.587248678,1.102550484,0.550757433,0.19167382,-7.834913637,65.97993164,62.80829544,-81.21145248,-59.86902282,70.07203674,61.97808609,1,1
74.37710714,6,1573826141,AUT,FALSE,TRUE,TRUE,508.8015574,276.1413387,144.6465693,-179.9710829,-0.399368167,-179.6173144,0.99963531,4.68051207,0.587248678,1.102550484,0.550757433,0.19167382,-9.139365006,63.68400192,63.19214744,-86.51649284,-59.46709899,68.39323311,64.87914276,1,1
74.47763801,6,1573826141,AUT,FALSE,TRUE,TRUE,508.8015574,276.1413387,144.6465693,-179.9710829,-0.399368167,-179.6173144,-0.958505847,5.058511014,1.934117675,0.926887989,0.519820056,-0.186914724,-9.139365006,63.68400192,63.19214744,-86.51649284,-59.46709899,68.39323311,64.87914276,1,1
74.5781951,6,1573826141,AUT,FALSE,TRUE,TRUE,488.4259329,271.2782702,144.4281598,179.9906173,-0.273789131,-179.5971979,-4.325082821,4.154538874,3.125992497,0.745349561,0.963915388,-0.204940909,-10.40981713,61.88592796,63.26469498,-90.86695175,-59.30640197,66.63804703,67.01115646,1,1
81.60407805,7,1573826148,AUT,FALSE,TRUE,TRUE,477.3516716,-397.1101382,171.3742483,-179.9178003,0.52837182,-179.9560476,-14.54380095,-3.455500995,9.546917819,-0.786546441,0.6937247,-0.149769936,-74.43041268,64.12206459,63.59839783,-78.07573128,-57.673125,71.86533508,-7.768484119,1,1
81.70473099,7,1573826148,AUT,FALSE,TRUE,TRUE,477.3516716,-397.1101382,171.3742483,-179.9178003,0.52837182,-179.9560476,-14.54380095,-3.455500995,9.546917819,-0.786546441,0.6937247,-0.149769936,-74.43041268,64.12206459,63.59839783,-78.07573128,-57.673125,71.86533508,-7.768484119,1,1
81.80527115,7,1573826148,AUT,FALSE,TRUE,TRUE,477.8323274,-394.252698,155.7218123,-179.8892026,0.407635217,-179.9149933,-9.11052571,-3.413204386,1.965061509,-0.795392461,0.857160127,-0.215683745,-73.78729362,64.84810638,62.38389015,-78.54382438,-58.13449584,70.51534194,-7.099581531,1,1
81.90586996,7,1573826148,AUT,FALSE,TRUE,TRUE,477.8323274,-394.252698,155.7218123,-179.8892026,0.407635217,-179.9149933,-9.11052571,-3.413204386,1.965061509,-0.795392461,0.857160127,-0.215683745,-73.78729362,64.84810638,62.38389015,-78.54382438,-58.13449584,70.51534194,-7.099581531,1,1
82.00645208,7,1573826148,AUT,FALSE,TRUE,TRUE,492.4030063,-394.6479334,149.447094,-179.9000578,0.815366263,-179.9375776,-10.61786969,-3.152156367,1.090613033,-0.307867792,-0.102611501,-0.070055313,-72.76181602,66.57636566,62.64166031,-76.39039421,-59.22931091,70.76511268,-6.876009756,1,1
82.10703492,7,1573826148,AUT,FALSE,TRUE,TRUE,492.4030063,-394.6479334,149.447094,-179.9000578,0.815366263,-179.9375776,-10.61786969,-3.152156367,1.090613033,-0.307867792,-0.102611501,-0.070055313,-72.76181602,66.57636566,62.64166031,-76.39039421,-59.22931091,70.76511268,-6.876009756,1,1
82.20761013,7,1573826149,AUT,FALSE,TRUE,TRUE,516.1583491,-394.3704171,147.832607,-179.9065334,0.850961733,-179.9103116,-16.09718051,0.211262969,6.281111244,0.062941184,1.202961765,0.031297263,-69.27208786,68.31426888,62.69798927,-72.19016991,-59.72092712,72.1588932,-7.106259156,1,1
82.30820608,7,1573826149,AUT,FALSE,TRUE,TRUE,544.1344866,-390.9051977,143.2982672,-179.8913318,0.749450534,-179.9448921,-5.769143266,0.722356456,1.179243394,0.297080107,-0.055055988,-0.135671154,-65.17597618,70.35653801,62.33615456,-66.90433502,-60.00622558,73.56323089,-7.452905275,1,1
82.40926695,7,1573826149,AUT,FALSE,TRUE,TRUE,544.1344866,-390.9051977,143.2982672,-179.8913318,0.749450534,-179.9448921,-5.769143266,0.722356456,1.179243394,0.297080107,-0.055055988,-0.135671154,-65.17597618,70.35653801,62.33615456,-66.90433502,-60.00622558,73.56323089,-7.452905275,1,1
82.51000214,7,1573826149,AUT,FALSE,TRUE,TRUE,578.4716126,-386.916842,138.8511492,-179.7818301,0.397998912,-179.9179492,7.708949054,0.856048008,0.66161327,0.096918097,-1.551489937,-0.607530172,-60.68735047,72.50689888,61.89150009,-60.79406204,-60.21613037,75.32205963,-8.535892869,1,1
82.61059403,7,1573826149,AUT,FALSE,TRUE,TRUE,578.4716126,-386.916842,138.8511492,-179.7818301,0.397998912,-179.9179492,7.708949054,0.856048008,0.66161327,0.096918097,-1.551489937,-0.607530172,-60.68735047,72.50689888,61.89150009,-60.79406204,-60.21613037,75.32205963,-8.535892869,1,1
82.71110606,7,1573826149,AUT,FALSE,TRUE,TRUE,592.5877409,-386.7135525,140.8351966,-179.6081526,0.090331925,179.910021,13.56867708,9.130695688,-1.511594651,1.293898851,-2.075380932,-1.457625275,-57.50129814,73.90503959,61.76508865,-55.68460922,-60.14604309,77.21770591,-9.59663315,1,1
82.81165004,7,1573826149,AUT,FALSE,TRUE,TRUE,592.5877409,-386.7135525,140.8351966,-179.6081526,0.090331925,179.910021,13.56867708,9.130695688,-1.511594651,1.293898851,-2.075380932,-1.457625275,-57.50129814,73.90503959,61.76508865,-55.68460922,-60.14604309,77.21770591,-9.59663315,1,1
82.91220713,7,1573826149,AUT,FALSE,TRUE,TRUE,601.4786467,-370.8870606,144.058882,-179.461198,-0.016235557,179.6718177,4.173107038,10.21340111,0.38465306,1.022537134,-0.107487252,-2.085436291,-56.11851426,73.83260536,62.12227821,-55.47182464,-60.00121032,77.81258468,-8.482526781,1,1
83.01269412,7,1573826149,AUT,FALSE,TRUE,TRUE,607.0857213,-336.8351038,143.3035134,-179.4580378,-0.034354571,179.5495067,4.276669369,9.408522292,0.349275301,0.604144849,-0.001639959,-1.982263818,-55.17827683,72.991753,62.41912879,-58.87976989,-60.055708,76.85573044,-4.386349875,1,1
83.11325192,7,1573826149,AUT,FALSE,TRUE,TRUE,607.0857213,-336.8351038,143.3035134,-179.4580378,-0.034354571,179.5495067,4.276669369,9.408522292,0.349275301,0.604144849,-0.001639959,-1.982263818,-55.17827683,72.991753,62.41912879,-58.87976989,-60.055708,76.85573044,-4.386349875,1,1
83.21382809,7,1573826150,AUT,FALSE,TRUE,TRUE,610.3945052,-286.4640486,141.7224837,-179.5082054,0.087647482,179.4410568,-2.054530875,10.30372887,-1.359608162,0.70776092,0.34896263,-1.556180216,-53.89894982,71.55871353,62.83388328,-64.66643714,-60.24073974,75.06366119,1.878734206,1,1
83.31436396,7,1573826150,AUT,FALSE,TRUE,TRUE,610.3945052,-286.4640486,141.7224837,-179.5082054,0.087647482,179.4410568,-2.054530875,10.30372887,-1.359608162,0.70776092,0.34896263,-1.556180216,-52.20870324,69.97143287,63.38849716,-69.82299385,-60.40265625,73.6810009,8.337205119,1,1
83.41493011,7,1573826150,AUT,FALSE,TRUE,TRUE,611.1048672,-234.2169362,145.4448676,-179.6818187,0.171284295,179.4961016,-3.907161145,7.686261816,-0.241496047,0.563358952,0.657146265,-0.932331183,-52.20870324,69.97143287,63.38849716,-69.82299385,-60.40265625,73.6810009,8.337205119,1,1
83.51546192,7,1573826150,AUT,FALSE,TRUE,TRUE,609.346472,-170.2516046,151.9574745,-179.8264947,0.201744291,179.6746374,-4.387525989,4.157436521,-0.797116093,0.596340343,0.674617746,-0.444137363,-49.32620659,67.76060943,64.16020431,-75.21657028,-60.33072875,72.65299644,16.12826614,1,1
83.61596704,7,1573826150,AUT,FALSE,TRUE,TRUE,607.8415328,-127.9134194,156.3942001,-179.8390145,0.230245476,179.8578668,-7.609774113,2.850763802,3.487407667,0.566696253,1.192125647,-0.251248552,-46.73931084,66.35044899,64.33825493,-77.94697151,-60.00923583,72.01635933,20.94478226,1,1
83.71656299,7,1573826150,AUT,FALSE,TRUE,TRUE,608.2828613,-94.70753234,157.6004871,-179.8431406,0.229713064,179.9015441,-7.609774113,2.850763802,3.487407667,0.566696253,1.192125647,-0.251248552,-44.19198304,65.62596244,64.20252228,-79.2475708,-59.67936035,71.53836479,24.37682189,1,1
83.81709695,7,1573826150,AUT,FALSE,TRUE,TRUE,608.2828613,-94.70753234,157.6004871,-179.8431406,0.229713064,179.9015441,-5.589101297,-0.695657405,3.82788308,-0.399470837,0.84807015,-0.399864367,-44.19198304,65.62596244,64.20252228,-79.2475708,-59.67936035,71.53836479,24.37682189,1,1
83.91758704,7,1573826150,AUT,FALSE,TRUE,TRUE,610.7570308,-68.47650898,156.872831,-179.8626813,0.22479805,179.9168791,-4.308974815,0.75098576,3.070172737,-0.137928107,0.642844425,-0.379815294,-41.73494568,65.46984673,64.01865921,-79.51096801,-59.57015625,71.31589164,26.92447586,1,1
84.0181241,7,1573826150,AUT,FALSE,TRUE,TRUE,617.2670156,-50.56755098,155.0659772,-179.9903844,0.500687545,-179.8887313,-8.726818165,-1.928373871,0.94724925,-0.226923941,0.57286731,0.140418692,-39.41934701,65.6469738,63.52642707,-78.76811028,-59.66735229,71.08027267,28.54674797,1,1
84.11876893,7,1573826150,AUT,FALSE,TRUE,TRUE,631.222514,-46.51647946,153.1140775,179.9896793,0.663555597,-179.7640241,-12.80054651,-1.766847699,3.336229539,-0.052151553,0.741953667,0.296315104,-37.3999054,66.42325401,62.74329758,-75.88111953,-59.5474475,71.48459358,27.85908623,1,1
84.21974301,7,1573826151,AUT,FALSE,TRUE,TRUE,631.222514,-46.51647946,153.1140775,179.9896793,0.663555597,-179.7640241,-12.80054651,-1.766847699,3.336229539,-0.052151553,0.741953667,0.296315104,-35.4386364,67.97445487,62.06203537,-71.29061279,-59.41927551,72.56899223,25.66732063,1,1
84.32059503,7,1573826151,AUT,FALSE,TRUE,TRUE,650.6680322,-50.38201062,150.5433768,-179.9318682,0.677452531,-179.780637,-11.13250103,0.998904659,3.143048206,0.107173258,0.399922907,-0.105001356,-35.4386364,67.97445487,62.06203537,-71.29061279,-59.41927551,72.56899223,25.66732063,1,1
84.42122912,7,1573826151,AUT,FALSE,TRUE,TRUE,671.0437522,-55.29980574,147.1896662,-179.8179613,0.532172185,-179.9053274,-6.391690933,7.258048677,2.757121536,1.110715056,0.603502516,-0.52246513,-33.37692833,69.98366889,61.70945663,-65.87888489,-59.48368286,74.06998214,23.04871559,1,1
84.52172303,7,1573826151,AUT,FALSE,TRUE,TRUE,688.8822166,-57.10121013,145.1766484,-179.8816266,0.495712354,-179.9438907,-0.832964443,3.245938468,1.764909829,0.074425479,-0.172608084,-0.470378333,-31.36182976,71.77133674,61.68818092,-60.99813308,-59.80099548,75.53325462,21.13158073,1,1
84.62227297,7,1573826151,AUT,FALSE,TRUE,TRUE,703.6523569,-56.55967857,144.6533848,-179.8543705,0.332470791,-179.9284728,5.776529206,2.575593126,-1.213814493,0.095569168,-1.108282663,-0.41952633,-29.26120263,73.26384659,61.69133263,-56.50213966,-59.9903009,77.02606659,19.4298603,1,1
84.72283792,7,1573826151,AUT,FALSE,TRUE,TRUE,703.6523569,-56.55967857,144.6533848,-179.8543705,0.332470791,-179.9284728,5.776529206,2.575593126,-1.213814493,0.095569168,-1.108282663,-0.41952633,-29.26120263,73.26384659,61.69133263,-56.50213966,-59.9903009,77.02606659,19.4298603,1,1
84.82332706,7,1573826151,AUT,FALSE,TRUE,TRUE,713.1974109,-51.13981882,145.0992442,-179.6795849,0.147962032,179.9812079,9.564305184,6.247005539,-0.695186,0.320876975,-1.639398435,-0.881903534,-27.48423271,74.18587074,61.72725105,-53.35171394,-59.98380249,78.14388771,18.43704643,1,1
84.92386293,7,1573826151,AUT,FALSE,TRUE,TRUE,716.7963411,-25.89502677,144.918866,-179.6511649,0.047210053,179.7509911,1.762506023,9.381185191,1.000479529,0.581717464,-0.213653613,-1.138249587,-25.26604157,74.56673241,61.93912239,-52.44244422,-59.96970703,78.48894081,19.98075256,1,1
85.02443504,7,1573826151,AUT,FALSE,TRUE,TRUE,716.7963411,-25.89502677,144.918866,-179.6511649,0.047210053,179.7509911,1.762506023,9.381185191,1.000479529,0.581717464,-0.213653613,-1.138249587,-25.26604157,74.56673241,61.93912239,-52.44244422,-59.96970703,78.48894081,19.98075256,1,1
85.12493014,7,1573826151,AUT,FALSE,TRUE,TRUE,716.4864943,15.59883635,144.6873207,-179.7665705,0.1363803,179.7628188,-7.0373262,9.992716264,1.069595427,0.530974575,0.759892158,-0.692695055,-22.16116448,74.4987648,61.95101166,-52.77857437,-60.03653137,78.29843101,23.56990013,1,1
85.22547698,7,1573826152,AUT,FALSE,TRUE,TRUE,716.4864943,15.59883635,144.6873207,-179.7665705,0.1363803,179.7628188,-7.0373262,9.992716264,1.069595427,0.530974575,0.759892158,-0.692695055,-22.16116448,74.4987648,61.95101166,-52.77857437,-60.03653137,78.29843101,23.56990013,1,1
85.32601714,7,1573826152,AUT,FALSE,TRUE,TRUE,714.3963036,65.23197256,145.593109,-179.8328166,0.144306322,179.8817728,0.095393841,4.136789205,1.853076173,0.011292895,-0.113510838,-0.423927302,-18.02758256,74.44819679,61.88016701,-52.56836128,-60.04081604,78.41590576,27.55509109,1,1
85.42651916,7,1573826152,AUT,FALSE,TRUE,TRUE,714.3963036,65.23197256,145.593109,-179.8328166,0.144306322,179.8817728,0.095393841,4.136789205,1.853076173,0.011292895,-0.113510838,-0.423927302,-18.02758256,74.44819679,61.88016701,-52.56836128,-60.04081604,78.41590576,27.55509109,1,1
85.52704906,7,1573826152,AUT,FALSE,TRUE,TRUE,710.6352319,96.04690579,144.3608718,-179.9580813,0.021638769,-179.8355797,2.948831403,-1.755489715,0.96907961,-1.078975614,-0.83692234,0.273673872,-15.29506646,74.46178894,61.60602379,-52.47925529,-60.03376281,78.49081535,30.21627502,1,1
85.62759399,7,1573826152,AUT,FALSE,TRUE,TRUE,710.6352319,96.04690579,144.3608718,-179.9580813,0.021638769,-179.8355797,2.948831403,-1.755489715,0.96907961,-1.078975614,-0.83692234,0.273673872,-15.29506646,74.46178894,61.60602379,-52.47925529,-60.03376281,78.49081535,30.21627502,1,1
85.72817016,7,1573826152,AUT,FALSE,TRUE,TRUE,702.2124148,111.6577291,142.0659846,-179.9602847,-0.505669069,-179.6166416,13.35682613,-2.732282978,0.486628931,0.000864798,-0.322012807,0.20437793,-14.26500549,74.27562218,61.48349876,-53.68019485,-59.93385314,78.5238636,32.11327743,1,1
85.82878995,7,1573826152,AUT,FALSE,TRUE,TRUE,687.5089717,117.410822,140.5591985,-179.8991878,-0.615241886,-179.5805254,13.79687509,0.497569153,-0.882351916,0.668948866,-0.536752237,0.111336535,-15.26684876,73.27663536,61.56986503,-57.53423309,-59.92407531,77.38452988,34.39237747,1,1
85.92950416,7,1573826152,AUT,FALSE,TRUE,TRUE,687.5089717,117.410822,140.5591985,-179.8991878,-0.615241886,-179.5805254,13.79687509,0.497569153,-0.882351916,0.668948866,-0.536752237,0.111336535,-15.26684876,73.27663536,61.56986503,-57.53423309,-59.92407531,77.38452988,34.39237747,1,1
86.03011513,7,1573826152,AUT,FALSE,TRUE,TRUE,662.4576311,122.6782618,139.7036162,-179.9225347,-0.504607818,-179.5514479,5.523215883,0.488148267,-0.472890028,0.735010075,0.302489509,0.205123084,-17.35330353,71.2913063,61.72172356,-64.43178291,-59.91716491,75.21969795,38.06218185,1,1
86.13077903,7,1573826152,AUT,FALSE,TRUE,TRUE,662.4576311,122.6782618,139.7036162,-179.9225347,-0.504607818,-179.5514479,5.523215883,0.488148267,-0.472890028,0.735010075,0.302489509,0.205123084,-17.35330353,71.2913063,61.72172356,-64.43178291,-59.91716491,75.21969795,38.06218185,1,1
86.23135805,7,1573826153,AUT,FALSE,TRUE,TRUE,629.3088717,122.1798382,139.94967,-179.8474529,-0.143217884,-179.6180047,-4.929393985,5.136100666,3.116316033,1.016142323,0.988719068,-0.294765703,-20.52619629,68.44385604,61.89114303,-73.02425194,-59.85996459,72.20615157,41.98670425,1,1
86.331846,7,1573826153,AUT,FALSE,TRUE,TRUE,610.6762896,121.1143772,141.8222189,-179.6592773,0.112445494,-179.8501232,-11.42909226,13.08590325,3.728163787,1.016142323,0.988719068,-0.294765703,-22.40942459,66.77862396,62.18333129,-77.58094826,-59.78304931,70.52098274,43.78984222,1,1
86.43245411,7,1573826153,AUT,FALSE,TRUE,TRUE,610.6762896,121.1143772,141.8222189,-179.6592773,0.112445494,-179.8501232,-11.42909226,13.08590325,3.728163787,1.560582217,1.438852661,-1.298340039,-22.40942459,66.77862396,62.18333129,-77.58094826,-59.78304931,70.52098274,43.78984222,1,1
86.53303599,7,1573826153,AUT,FALSE,TRUE,TRUE,601.7101985,133.29609,144.470361,-179.5905036,0.272267168,179.8398326,-12.83423694,16.95572172,3.824575989,1.933278261,1.640508654,-1.628311129,-22.25000268,66.14700966,62.73924636,-79.35429268,-59.8040277,70.02086448,45.54799118,1,1
86.63361597,7,1573826153,AUT,FALSE,TRUE,TRUE,601.7101985,133.29609,144.470361,-179.5905036,0.272267168,179.8398326,-12.83423694,16.95572172,3.824575989,1.933278261,1.640508654,-1.628311129,-22.25000268,66.14700966,62.73924636,-79.35429268,-59.8040277,70.02086448,45.54799118,1,1
86.73416305,7,1573826153,AUT,FALSE,TRUE,TRUE,600.1436752,157.106126,145.8104249,-179.6418146,0.323487352,179.7335096,-8.385802091,16.77969782,4.005280516,1.926072675,0.901238899,-1.32154527,-19.86718827,66.40231133,62.92625427,-78.53353843,-59.85303771,70.37254371,47.43564491,1,1
86.83469701,7,1573826153,AUT,FALSE,TRUE,TRUE,600.1436752,157.106126,145.8104249,-179.6418146,0.323487352,179.7335096,-8.385802091,16.77969782,4.005280516,1.926072675,0.901238899,-1.32154527,-19.86718827,66.40231133,62.92625427,-78.53353843,-59.85303771,70.37254371,47.43564491,1,1
86.93525004,7,1573826153,AUT,FALSE,TRUE,TRUE,602.5930471,198.6424343,146.0138256,-179.7955934,0.290622174,179.8422532,-3.415392077,6.993060406,1.548867981,0.432237105,0.294876474,-0.558358611,-15.89686318,67.22717171,62.78605843,-75.33672981,-59.94253234,71.53505172,49.8785408,1,1
87.03582692,7,1573826153,AUT,FALSE,TRUE,TRUE,604.2272157,225.8333539,146.4455539,-179.9040772,0.138548795,179.9600083,1.695825299,2.236429902,0.542410247,-0.120159307,-0.181794416,-0.042547195,-11.40496559,68.31506195,62.66777,-72.60853271,-59.90237731,72.62788238,51.18670006,1,1
87.13640499,7,1573826153,AUT,FALSE,TRUE,TRUE,604.5895738,244.9592977,146.4687523,-179.9998944,0.101656152,-179.839637,5.04821367,-2.407550116,0.397007718,-0.720692761,-0.547740676,0.426400339,-8.849576569,68.86699104,62.4535881,-70.67859192,-59.90184448,73.32788314,52.13185043,1,1
87.2369101,7,1573826154,AUT,FALSE,TRUE,TRUE,604.5895738,244.9592977,146.4687523,-179.9998944,0.101656152,-179.839637,5.04821367,-2.407550116,0.397007718,-0.720692761,-0.547740676,0.426400339,-8.849576569,68.86699104,62.4535881,-70.67859192,-59.90184448,73.32788314,52.13185043,1,1
87.33744693,7,1573826154,AUT,FALSE,TRUE,TRUE,601.5380001,256.0685776,145.9863579,179.9402092,-0.127244347,-179.6677298,10.26889498,-3.57475114,0.602231982,-0.693823238,-0.907300058,0.67241968,-7.4694294,69.0845684,62.34403381,-70.00242119,-59.79767211,73.74537048,52.94117889,1,1
87.43799806,7,1573826154,AUT,FALSE,TRUE,TRUE,589.6242071,262.6428826,143.9656583,-179.9888385,-0.414960981,-179.6449822,11.46286169,-1.131212072,-0.650707396,0.185601385,-0.526880795,0.568275383,-7.287852862,68.76872177,62.4632904,-71.74039306,-59.7690747,73.31380348,54.50170441,1,1
87.53865194,7,1573826154,AUT,FALSE,TRUE,TRUE,589.6242071,262.6428826,143.9656583,-179.9888385,-0.414960981,-179.6449822,11.46286169,-1.131212072,-0.650707396,0.185601385,-0.526880795,0.568275383,-7.287852862,68.76872177,62.4632904,-71.74039306,-59.7690747,73.31380348,54.50170441,1,1
87.63938403,7,1573826154,AUT,FALSE,TRUE,TRUE,564.9733758,268.8017133,143.2530792,-179.960301,-0.375671812,-179.5816191,7.7409283,2.448813934,-2.129678528,0.890058677,-0.351648536,0.469914845,-7.876421356,67.40207405,62.74226417,-76.37267532,-59.90824951,71.86228294,57.88049812,1,1
87.74009395,7,1573826154,AUT,FALSE,TRUE,TRUE,534.2451499,272.6567088,145.2097254,-179.9388208,-0.234721468,-179.5826281,2.237842034,4.627129422,1.544069739,1.062680196,0.360278269,0.156717697,-8.8475956,65.20813866,63.11240387,-82.28197746,-59.792135,69.95119743,61.78357658,1,1
87.84078407,7,1573826154,AUT,FALSE,TRUE,TRUE,534.2451499,272.6567088,145.2097254,-179.9388208,-0.234721468,-179.5826281,2.237842034,4.627129422,1.544069739,1.062680196,0.360278269,0.156717697,-8.8475956,65.20813866,63.11240387,-82.28197746,-59.792135,69.95119743,61.78357658,1,1
87.941329,7,1573826154,AUT,FALSE,TRUE,TRUE,507.8782172,273.0359441,144.5474282,-179.8742484,-0.062533944,-179.6687071,-3.659000774,7.903606361,3.401716781,1.109152579,0.865077154,-0.304575592,-9.734817125,63.28735771,63.1719635,-87.34243469,-59.66206237,67.87740783,64.88637657,1,1
88.04192209,7,1573826154,AUT,FALSE,TRUE,TRUE,489.4024991,272.3817441,141.9513655,-179.8771489,0.010455193,-179.6503183,-3.815010821,7.527306155,2.344274362,1.019667952,1.107227136,-0.320252342,-10.24733963,62.08425178,63.07975731,-90.82508011,-59.73060607,66.30231171,67.10939483,1,1
94.31066298,8,1573826161,AUT,FALSE,FALSE,TRUE,472.2312133,-399.835063,169.8432922,-179.9794477,0.037167251,179.9926771,2.089769766,-2.419561529,20.29516813,-0.124649539,1.332592107,0.106652734,-74.66370392,64.01463546,63.15967941,-78.17904739,-57.42199401,72.08372268,-8.057022863,1,1
94.41121292,8,1573826161,AUT,FALSE,TRUE,TRUE,479.1944263,-393.3197331,169.3105499,-179.9058377,-0.496072287,179.9636142,9.686106463,-1.732652938,13.99504831,0.254988433,0.175342395,-0.094246787,-73.41841049,64.21780014,63.14578857,-77.54692497,-57.48670898,72.78641853,-7.409262087,1,1
94.51171398,8,1573826161,AUT,FALSE,TRUE,TRUE,479.1944263,-393.3197331,169.3105499,-179.9058377,-0.496072287,179.9636142,9.686106463,-1.732652938,13.99504831,0.254988433,0.175342395,-0.094246787,-72.59436379,65.31323318,61.69778023,-77.56211357,-58.01432189,70.0375431,-6.873809056,1,1
94.61230898,8,1573826161,AUT,FALSE,TRUE,TRUE,486.1992784,-392.5143254,151.2132867,179.9906138,0.652224632,-179.8509301,-15.92500392,-4.035096748,1.198166167,-0.337718159,0.728520665,0.174007913,-72.59436379,65.31323318,61.69778023,-77.56211357,-58.01432189,70.0375431,-6.873809056,1,1
94.71285105,8,1573826161,AUT,FALSE,TRUE,TRUE,506.8961092,-390.2705235,138.684634,-179.8853959,1.002569829,-179.8966373,-13.24937105,-6.027544357,1.942693204,-0.966753424,-0.185246273,-0.083369035,-70.1005394,67.7627964,61.58766289,-74.59512519,-59.41421081,70.08493194,-6.462971881,1,1
94.81341815,8,1573826161,AUT,FALSE,TRUE,TRUE,530.6918489,-390.3672218,136.4998121,-179.8853764,0.934308097,-179.8521669,-9.131788706,-0.449704626,0.152732966,0.432142595,0.004670549,-0.025983327,-66.9721962,69.7315258,61.79679794,-69.99597015,-60.07425842,71.71442413,-6.818190769,1,1
94.91397595,8,1573826161,AUT,FALSE,TRUE,TRUE,530.6918489,-390.3672218,136.4998121,-179.8853764,0.934308097,-179.8521669,-9.131788706,-0.449704626,0.152732966,0.432142595,0.004670549,-0.025983327,-66.9721962,69.7315258,61.79679794,-69.99597015,-60.07425842,71.71442413,-6.818190769,1,1
95.014503,8,1573826161,AUT,FALSE,TRUE,TRUE,555.7296131,-391.681596,137.1015,-179.8675875,0.864915063,-179.8525118,-2.891478218,-1.264959544,-1.091748573,0.103863435,-0.968505201,-0.310286287,-63.48068963,71.45821953,61.74224052,-64.53302536,-60.1462738,73.56878586,-7.889309694,1,1
95.11497307,8,1573826161,AUT,FALSE,TRUE,TRUE,578.19729,-393.2704488,140.2749139,-179.7897761,0.658519935,-179.8067554,-1.101241926,-0.822415494,0.39545215,0.238945857,-0.893549071,-0.520449528,-60.05542717,72.92464371,61.70665855,-58.89301872,-60.12917358,75.64904709,-9.300263219,1,1
95.21551394,8,1573826162,AUT,FALSE,TRUE,TRUE,597.1044604,-395.1688739,143.7673953,-179.776469,0.419196073,-179.8352828,4.843797434,2.842982632,0.915909784,0.860432465,-0.754276943,-0.814413297,-57.02003518,74.18821563,61.63368187,-53.62335091,-60.00618713,77.62320442,-10.82409783,1,1
95.31605506,8,1573826162,AUT,FALSE,TRUE,TRUE,597.1044604,-395.1688739,143.7673953,-179.776469,0.419196073,-179.8352828,4.843797434,2.842982632,0.915909784,0.860432465,-0.754276943,-0.814413297,-57.02003518,74.18821563,61.63368187,-53.62335091,-60.00618713,77.62320442,-10.82409783,1,1
95.41658807,8,1573826162,AUT,FALSE,TRUE,TRUE,610.1794869,-394.2365068,142.8926771,-179.5078004,-0.004938052,179.8509352,17.09526323,10.08571632,2.975812696,1.379075901,-2.061430878,-1.967870845,-54.55671501,75.36341286,61.514748,-49.41360969,-59.88902893,79.23520431,-12.14021187,1,1
95.51717305,8,1573826162,AUT,FALSE,TRUE,TRUE,610.1794869,-394.2365068,142.8926771,-179.5078004,-0.004938052,179.8509352,17.09526323,10.08571632,2.975812696,1.379075901,-2.061430878,-1.967870845,-54.55671501,75.36341286,61.514748,-49.41360969,-59.88902893,79.23520431,-12.14021187,1,1
95.61769795,8,1573826162,AUT,FALSE,TRUE,TRUE,617.4733781,-375.6753206,137.5079739,-179.4432903,-0.099487147,179.6215652,8.491568318,10.55057313,0.441337123,0.793600355,-0.447946549,-2.397196943,-53.37798501,75.69246368,61.56574172,-50.22029457,-60.00055114,78.80801124,-10.37325326,1,1
95.71820712,8,1573826162,AUT,FALSE,TRUE,TRUE,620.3784353,-348.5379365,133.8045762,-179.4538185,-0.06735172,179.5189945,6.101420979,11.02127494,-1.183530519,0.941590899,-0.288526799,-2.14108158,-53.01404915,75.04459648,61.69979553,-53.79593582,-60.14708129,77.56959457,-6.869201662,1,1
95.81891394,8,1573826162,AUT,FALSE,TRUE,TRUE,620.3784353,-348.5379365,133.8045762,-179.4538185,-0.06735172,179.5189945,6.101420979,11.02127494,-1.183530519,0.941590899,-0.288526799,-2.14108158,-53.01404915,75.04459648,61.69979553,-53.79593582,-60.14708129,77.56959457,-6.869201662,1,1
95.92010307,8,1573826162,AUT,FALSE,TRUE,TRUE,621.5266398,-300.4564193,137.0102328,-179.5747535,0.087934228,179.5477531,1.749436942,5.498597352,-3.05356238,0.225155915,-0.444711677,-1.454011696,-52.44957161,73.06666946,62.1399868,-60.29226494,-60.20638,75.80982856,-0.506953813,1,1
96.02092099,8,1573826162,AUT,FALSE,TRUE,TRUE,618.3146944,-248.3110357,146.9330411,-179.6702815,0.059256315,179.6189415,1.749436942,5.498597352,-3.05356238,0.225155915,-0.444711677,-1.454011696,-51.5575779,70.55306968,62.97775955,-66.63196334,-60.07649963,74.74159355,6.185855481,1,1
96.12145114,8,1573826162,AUT,FALSE,TRUE,TRUE,618.3146944,-248.3110357,146.9330411,-179.6702815,0.059256315,179.6189415,-1.989254284,5.209850315,0.35764917,0.532630644,0.360906195,-0.990441282,-51.5575779,70.55306968,62.97775955,-66.63196334,-60.07649963,74.74159355,6.185855481,1,1
96.22199512,8,1573826163,AUT,FALSE,TRUE,TRUE,610.0945178,-184.6447376,152.8733839,-179.7387758,0.165598656,179.7611575,-4.083709486,2.681426216,2.60806692,0.532630644,0.360906195,-0.990441282,-49.85020294,67.71844253,63.60649681,-74.03498039,-59.80275329,72.85420761,14.20637626,1,1
96.32246709,8,1573826163,AUT,FALSE,TRUE,TRUE,610.0945178,-184.6447376,152.8733839,-179.7387758,0.165598656,179.7611575,-4.083709486,2.681426216,2.60806692,0.384028968,0.322402027,-0.695292777,-49.85020294,67.71844253,63.60649681,-74.03498039,-59.80275329,72.85420761,14.20637626,1,1
96.42300415,8,1573826163,AUT,FALSE,TRUE,TRUE,604.9233483,-138.8510605,153.3422402,-179.740315,0.299534295,179.8439997,-7.882165412,2.13985129,2.311801924,0.3162158,0.715100244,-0.591640775,-47.72058907,66.25340538,63.76571617,-78.13916702,-59.75903869,71.40565681,19.75284118,1,1
96.52356601,8,1573826163,AUT,FALSE,TRUE,TRUE,604.9233483,-138.8510605,153.3422402,-179.740315,0.299534295,179.8439997,-7.882165412,2.13985129,2.311801924,0.3162158,0.715100244,-0.591640775,-47.72058907,66.25340538,63.76571617,-78.13916702,-59.75903869,71.40565681,19.75284118,1,1
96.62405205,8,1573826163,AUT,FALSE,TRUE,TRUE,604.5120542,-91.11516572,153.6590843,-179.7629905,0.302119993,179.8717319,-6.777839092,2.492560716,3.610691494,0.13858312,0.900109307,-0.716835929,-44.92258416,65.39673271,63.78553619,-80.30116996,-59.63510742,70.65600814,24.93848763,1,1
96.72463799,8,1573826163,AUT,FALSE,TRUE,TRUE,607.4986831,-64.45824179,153.6346706,-179.833802,0.32981612,179.8632603,-5.312513463,2.021352794,2.13420278,0.156336542,0.631528217,-0.521109113,-41.71962662,65.31620636,63.75594864,-80.4611927,-59.6103717,70.55785217,27.58694458,1,1
96.82517695,8,1573826163,AUT,FALSE,TRUE,TRUE,617.4485309,-48.21716554,154.3395273,179.9622022,0.824407174,-179.8218868,-14.55090025,-4.212524728,0.697269615,-0.522799567,1.014936795,0.284662562,-39.24041062,65.47320099,63.29871139,-79.07946968,-59.72663452,70.54230308,28.95902023,1,1
96.92566705,8,1573826163,AUT,FALSE,TRUE,TRUE,617.4485309,-48.21716554,154.3395273,179.9622022,0.824407174,-179.8218868,-14.55090025,-4.212524728,0.697269615,-0.522799567,1.014936795,0.284662562,-39.24041062,65.47320099,63.29871139,-79.07946968,-59.72663452,70.54230308,28.95902023,1,1
97.02621293,8,1573826163,AUT,FALSE,TRUE,TRUE,636.5808444,-47.14855079,155.6531999,-179.9932552,0.816406566,-179.7914616,-13.82246156,-1.840029027,3.123768623,-0.271502748,0.843833413,0.035250908,-36.89639511,66.43634148,62.51684875,-74.83960533,-59.19554443,71.70481452,27.24716148,1,1
97.12674594,8,1573826163,AUT,FALSE,TRUE,TRUE,661.0208915,-51.99861997,155.5083528,-179.8678073,0.757638483,-179.852012,-7.737382861,6.392180434,3.324248701,0.995212597,0.537092255,-0.517146087,-34.40424271,68.30889931,61.87585144,-68.675774,-58.92935668,73.48522796,24.2890274,1,1
97.22724104,8,1573826164,AUT,FALSE,TRUE,TRUE,683.8104666,-54.8328123,154.698196,-179.8577535,0.648799891,-179.9238615,-1.880353091,2.050397477,0.050296506,-0.163089371,-0.282765046,-0.508734396,-31.86094551,70.41761856,61.72327538,-62.48653335,-59.09512939,75.47052612,21.69688911,1,1
97.32776999,8,1573826164,AUT,FALSE,TRUE,TRUE,683.8104666,-54.8328123,154.698196,-179.8577535,0.648799891,-179.9238615,-1.880353091,2.050397477,0.050296506,-0.163089371,-0.282765046,-0.508734396,-31.86094551,70.41761856,61.72327538,-62.48653335,-59.09512939,75.47052612,21.69688911,1,1
97.42834115,8,1573826164,AUT,FALSE,TRUE,TRUE,703.0453798,-55.29072419,153.3719853,-179.8103445,0.374762045,-179.9845349,6.297032701,3.230854688,-2.418618443,0.162140541,-1.330437415,-0.605810939,-29.30776406,72.40493545,61.69461479,-56.67031288,-59.34555175,77.43327484,19.37552261,1,1
97.52942395,8,1573826164,AUT,FALSE,TRUE,TRUE,714.8590361,-42.48710844,150.368592,-179.5391613,0.100491179,179.7640779,9.568566296,13.3395366,0.4160922,1.731356996,-0.874991172,-1.265617638,-26.66966858,73.8810379,61.74925461,-52.83783188,-59.454234,78.59326286,18.59889908,1,1
97.63011813,8,1573826164,AUT,FALSE,TRUE,TRUE,714.8590361,-42.48710844,150.368592,-179.5391613,0.100491179,179.7640779,9.568566296,13.3395366,0.4160922,1.731356996,-0.874991172,-1.265617638,-24.48978196,74.20918236,61.80932922,-52.59838142,-59.66405639,78.44911537,20.88310089,1,1
97.73094201,8,1573826164,AUT,FALSE,TRUE,TRUE,716.9903263,-15.85264569,147.8745398,-179.7585727,0.182586128,179.7201136,1.310972846,7.895148571,-0.173438956,0.657442923,0.137294506,-0.999777717,-24.48978196,74.20918236,61.80932922,-52.59838142,-59.66405639,78.44911537,20.88310089,1,1
97.83145404,8,1573826164,AUT,FALSE,TRUE,TRUE,717.0249088,23.85449594,148.0267131,-179.8108278,0.247577025,179.7887187,-3.719194997,7.161551265,0.326686148,0.443218875,0.367838845,-0.592045413,-21.36827088,74.19981308,61.82741203,-52.6391304,-59.78069274,78.39396057,24.16249923,1,1
97.93198705,8,1573826164,AUT,FALSE,TRUE,TRUE,717.0249088,23.85449594,148.0267131,-179.8108278,0.247577025,179.7887187,-3.719194997,7.161551265,0.326686148,0.443218875,0.367838845,-0.592045413,-21.36827088,74.19981308,61.82741203,-52.6391304,-59.78069274,78.39396057,24.16249923,1,1
98.03258896,8,1573826164,AUT,FALSE,TRUE,TRUE,715.4690251,61.37570936,148.3810155,-179.8188408,0.229135946,179.9050868,0.76855472,1.25363543,1.758655272,0.818428916,-0.05560792,-0.289323219,-18.24180909,74.18857956,61.72882004,-52.40715065,-59.77651794,78.50745964,27.09002953,1,1
98.13308406,8,1573826164,AUT,FALSE,TRUE,TRUE,715.4690251,61.37570936,148.3810155,-179.8188408,0.229135946,179.9050868,0.76855472,1.25363543,1.758655272,0.818428916,-0.05560792,-0.289323219,-18.24180909,74.18857956,61.72882004,-52.40715065,-59.77651794,78.50745964,27.09002953,1,1
98.23368406,8,1573826165,AUT,FALSE,TRUE,TRUE,710.7707742,94.12874855,147.4056809,-179.9543841,-0.065124841,-179.7984354,6.577844509,-1.659744792,0.542727688,-0.240060653,-0.569426876,0.232718628,-15.35145035,74.19838486,61.49910621,-52.35086975,-59.75712158,78.76336555,29.96026268,1,1
98.33429313,8,1573826165,AUT,FALSE,TRUE,TRUE,703.1190019,104.5576069,147.1233425,-179.9362829,-0.509514311,-179.624735,16.13213415,-2.73468173,-0.229768087,0.099976945,-0.693709313,0.215701598,-14.85502625,73.85189666,61.50639496,-53.62229347,-59.63690368,78.84227486,31.39694824,1,1
98.43482995,8,1573826165,AUT,FALSE,TRUE,TRUE,703.1190019,104.5576069,147.1233425,-179.9362829,-0.509514311,-179.624735,16.13213415,-2.73468173,-0.229768087,0.099976945,-0.693709313,0.215701598,-14.85502625,73.85189666,61.50639496,-53.62229347,-59.63690368,78.84227486,31.39694824,1,1
98.53541493,8,1573826165,AUT,FALSE,TRUE,TRUE,685.1165602,113.2217371,146.0941037,-179.9105426,-0.54319606,-179.6160932,12.94968632,1.678747172,0.256610315,1.115768882,-0.141319391,0.110272425,-16.01992722,72.48077545,61.60171165,-58.54365005,-59.5237445,77.37185783,34.37066231,1,1
98.63602114,8,1573826165,AUT,FALSE,TRUE,TRUE,664.2807907,117.8337103,145.5406523,-179.9650062,-0.356152194,-179.5333669,6.403861262,0.890084242,0.621691201,0.848620054,0.239457947,0.169384924,-17.72817078,70.74134788,61.6813179,-64.27503548,-59.52411804,75.47642441,37.51984519,1,1
98.73660803,8,1573826165,AUT,FALSE,TRUE,TRUE,664.2807907,117.8337103,145.5406523,-179.9650062,-0.356152194,-179.5333669,6.403861262,0.890084242,0.621691201,0.848620054,0.239457947,0.169384924,-17.72817078,70.74134788,61.6813179,-64.27503548,-59.52411804,75.47642441,37.51984519,1,1
98.83714104,8,1573826165,AUT,FALSE,TRUE,TRUE,643.5795083,117.7215737,145.8610927,-179.9177325,-0.125144919,-179.5916611,-1.387097888,1.708367029,0.63648148,0.858793347,0.458838401,-0.202952854,-19.70942803,68.95562324,61.79541435,-69.65520859,-59.42777893,73.60563125,39.96879387,1,1
98.93770409,8,1573826165,AUT,FALSE,TRUE,TRUE,625.3933148,116.7501371,147.6894962,-179.6956177,0.109749251,-179.845814,-8.718558897,11.97580757,3.094252803,1.511017654,1.248816764,-1.248925487,-21.68163872,67.20981674,62.05398445,-74.43355064,-59.22468017,71.84154624,41.69170761,1,1
99.03819394,8,1573826165,AUT,FALSE,TRUE,TRUE,625.3933148,116.7501371,147.6894962,-179.6956177,0.109749251,-179.845814,-8.718558897,11.97580757,3.094252803,1.511017654,1.248816764,-1.248925487,-21.68163872,67.20981674,62.05398445,-74.43355064,-59.22468017,71.84154624,41.69170761,1,1
99.13886213,8,1573826165,AUT,FALSE,TRUE,TRUE,615.0789533,126.0275321,148.9307144,-179.5933161,0.262359234,179.9059543,-13.69229263,16.31152205,3.98306978,1.791998163,1.842702485,-1.491584355,-21.89500694,66.47511291,62.4277153,-76.63241958,-59.20808532,71.05272446,43.35274773,1,1
99.23970103,8,1573826166,AUT,FALSE,TRUE,TRUE,612.1872862,142.7367774,149.9409942,-179.6891228,0.385796272,179.7716611,-10.98695158,13.05532852,3.770366578,1.033366232,1.200228914,-1.256934144,-20.48486023,66.46620026,62.62142829,-76.63636436,-59.28962585,71.0242218,44.98638382,1,1
99.34056616,8,1573826166,AUT,FALSE,TRUE,TRUE,612.3292993,165.213162,149.2409995,-179.7115351,0.343048451,179.7615511,-7.526212638,14.08039239,2.813009635,1.265914178,0.865074582,-0.944887925,-17.96241989,66.95290146,62.53473243,-75.34652824,-59.32894592,71.43747253,46.46142196,1,1
99.44123602,8,1573826166,AUT,FALSE,TRUE,TRUE,613.0781961,190.7753694,147.0098736,-179.9033849,0.231186575,179.8641639,-2.650788414,5.083043026,2.648944891,0.068535791,0.526935762,-0.232400896,-14.91457558,67.75244179,62.33309211,-73.42246513,-59.44727966,72.02285843,48.08978119,1,1
99.54183507,8,1573826166,AUT,FALSE,TRUE,TRUE,613.0781961,190.7753694,147.0098736,-179.9033849,0.231186575,179.8641639,-2.650788414,5.083043026,2.648944891,0.068535791,0.526935762,-0.232400896,-14.91457558,67.75244179,62.33309211,-73.42246513,-59.44727966,72.02285843,48.08978119,1,1
99.64232898,8,1573826166,AUT,FALSE,TRUE,TRUE,612.8912165,212.9517775,144.7743956,-179.9771542,0.103091907,-179.9725437,3.321298352,1.492140224,0.962804373,-0.094406918,-0.203109414,0.281388671,-12.07945404,68.49280014,62.07786598,-71.60803184,-59.54436584,72.62260551,49.42413254,1,1
99.74290204,8,1573826166,AUT,FALSE,TRUE,TRUE,610.5642872,230.1329567,143.0659065,179.9766821,0.030477944,-179.8476089,6.522270557,-1.058318131,-1.00788599,-0.470602899,-0.570318997,0.543963768,-10.02258683,68.92101631,61.86681175,-70.57515221,-59.58381225,72.9171318,50.6185009,1,1
99.84342694,8,1573826166,AUT,FALSE,TRUE,TRUE,603.9959116,242.0666399,142.7638683,-179.9874625,-0.164688483,-179.7195203,9.453087823,-0.119464664,-0.349392715,-0.123777627,-0.443577995,0.604393561,-8.89358025,68.92107811,61.90378074,-70.76192665,-59.58095031,73.07296257,51.85673218,1,1
99.94392109,8,1573826166,AUT,FALSE,TRUE,TRUE,590.1593216,251.6288992,143.9918729,179.9686383,-0.399661596,-179.6692806,12.75854417,-1.109531798,-1.619189373,-0.123777627,-0.443577995,0.604393561,-8.579693987,68.35207901,62.28487587,-72.70977859,-59.56120239,72.84957275,53.94203338,1,1
100.044481,8,1573826166,AUT,FALSE,TRUE,TRUE,590.1593216,251.6288992,143.9918729,179.9686383,-0.399661596,-179.6692806,12.75854417,-1.109531798,-1.619189373,0.123095389,-0.632670941,0.701303514,-8.579693987,68.35207901,62.28487587,-72.70977859,-59.56120239,72.84957275,53.94203338,1,1
100.145016,8,1573826166,AUT,FALSE,TRUE,TRUE,566.4289708,260.4089996,145.5201168,-179.9629317,-0.424930965,-179.6067716,10.00470374,2.618767366,-0.38697331,0.870006965,-0.126423205,0.618487697,-8.840255356,66.96413154,62.70119247,-76.81793403,-59.55984558,71.78530311,57.18497772,1,1
100.2455311,8,1573826167,AUT,FALSE,TRUE,TRUE,536.5651058,267.5313428,144.8624469,-179.9873674,-0.330168249,-179.6225043,4.028272372,2.298079451,2.723932799,0.774048279,0.409958874,0.356079229,-9.34897385,65.13721504,62.92789192,-82.21986351,-59.5279248,69.84767189,61.15950851,1,1
100.3460581,8,1573826167,AUT,FALSE,TRUE,TRUE,510.0765199,269.8098226,142.4182592,-179.9294145,-0.078957475,-179.5808751,-4.552253977,5.881610212,2.108869419,1.113144985,1.329529537,0.108556647,-9.908919531,63.36632881,62.8234806,-87.21528168,-59.62305541,67.69083938,64.50873528,1,1
100.4465921,8,1573826167,AUT,FALSE,TRUE,TRUE,510.0765199,269.8098226,142.4182592,-179.9294145,-0.078957475,-179.5808751,-4.552253977,5.881610212,2.108869419,1.113144985,1.329529537,0.108556647,-9.908919531,63.36632881,62.8234806,-87.21528168,-59.62305541,67.69083938,64.50873528,1,1
100.547081,8,1573826167,AUT,FALSE,TRUE,TRUE,493.0622948,268.9258973,141.0457223,-179.8715942,0.106248474,-179.6383879,-6.693767994,6.040698728,1.379148847,0.676215603,1.442098039,-0.413383332,-10.45103646,62.04557991,62.70118561,-90.57497291,-59.62263793,66.0914772,66.4863842,1,1
106.5990632,9,1573826173,AUT,FALSE,FALSE,TRUE,471.4055134,-400.4223868,169.6180777,179.9529488,-0.068773008,-179.9980076,7.735690543,-2.883786141,11.51980685,-0.31400381,0.360681219,0.088032643,-74.59568482,63.82165374,62.86013374,-78.18581428,-57.1653424,71.97108192,-8.162718206,0.5,1
106.699712,9,1573826173,AUT,FALSE,TRUE,TRUE,472.2574331,-400.462737,163.3229313,179.9643148,0.008316782,-179.9932368,-6.398844015,-0.085833086,8.244761134,0.329511407,1.113091807,0.207633488,-74.5886261,63.89065132,62.80935631,-78.21381569,-57.36161315,71.43161544,-8.104205706,1,1
106.8004301,9,1573826173,AUT,FALSE,TRUE,TRUE,478.3366948,-399.2115116,149.9448553,179.9571522,0.368688234,-179.9852937,-12.05476275,-3.668422346,6.821586457,-0.80440189,0.707485244,0.087360454,-73.58164673,65.35905304,61.73176574,-77.76642494,-58.0835852,70.23902206,-7.63553925,1,1
106.901093,9,1573826173,AUT,FALSE,TRUE,TRUE,478.3366948,-399.2115116,149.9448553,179.9571522,0.368688234,-179.9852937,-12.05476275,-3.668422346,6.821586457,-0.80440189,0.707485244,0.087360454,-73.58164673,65.35905304,61.73176574,-77.76642494,-58.0835852,70.23902206,-7.63553925,1,1
107.0016401,9,1573826173,AUT,FALSE,TRUE,TRUE,497.807887,-395.2829771,140.7071939,-179.9289852,0.61940355,179.9818609,-9.999703124,-3.967751979,-0.034563581,-0.657915839,-0.207548478,-0.253749161,-71.24518776,67.46375885,61.79097519,-75.18829078,-59.30393005,70.48182678,-7.0573391,1,1
107.102165,9,1573826173,AUT,FALSE,TRUE,TRUE,497.807887,-395.2829771,140.7071939,-179.9289852,0.61940355,179.9818609,-9.999703124,-3.967751979,-0.034563581,-0.657915839,-0.207548478,-0.253749161,-67.67604561,69.16191215,62.07218056,-70.38404846,-59.68093139,72.45407524,-7.173814775,1,1
107.202729,9,1573826174,AUT,FALSE,TRUE,TRUE,525.0643797,-393.1432473,142.6011167,-179.9853654,0.518003721,-179.9740367,-6.217753601,-2.699511646,2.090295525,-0.103829515,-0.113716173,-0.164754211,-67.67604561,69.16191215,62.07218056,-70.38404846,-59.68093139,72.45407524,-7.173814775,1,1
107.3032641,9,1573826174,AUT,FALSE,TRUE,TRUE,525.0643797,-393.1432473,142.6011167,-179.9853654,0.518003721,-179.9740367,-6.217753601,-2.699511646,2.090295525,-0.103829515,-0.113716173,-0.164754211,-63.61300621,70.75148964,61.81691666,-63.44420471,-59.62431335,74.87424316,-8.08329735,1,1
107.403759,9,1573826174,AUT,FALSE,TRUE,TRUE,558.8671335,-390.4151933,144.8453334,-179.9485949,0.354114489,-179.9239682,-2.233084662,0.558338439,1.624056064,0.632077585,-0.153345245,-0.284019374,-63.61300621,70.75148964,61.81691666,-63.44420471,-59.62431335,74.87424316,-8.08329735,1,1
107.5043561,9,1573826174,AUT,FALSE,TRUE,TRUE,558.8671335,-390.4151933,144.8453334,-179.9485949,0.354114489,-179.9239682,-2.233084662,0.558338439,1.624056064,0.632077585,-0.153345245,-0.284019374,-59.05023995,72.77294654,61.42830963,-58.15796471,-59.6114154,76.42334633,-8.975057606,1,1
107.604913,9,1573826174,AUT,FALSE,TRUE,TRUE,582.3881592,-387.8096864,142.7947532,-179.9236428,0.158679987,-179.983785,5.30771715,1.633781714,0.660231729,0.624383682,-1.011822838,-0.515708521,-59.05023995,72.77294654,61.42830963,-58.15796471,-59.6114154,76.42334633,-8.975057606,1,1
107.7054172,9,1573826174,AUT,FALSE,TRUE,TRUE,599.5760506,-383.409848,138.4954727,-179.7487112,-0.110136488,179.8264541,9.588775287,8.596790656,0.335034291,1.101874199,-1.618437112,-1.179188741,-56.16372986,74.28753548,61.15021476,-54.09078827,-59.62860351,77.55165939,-9.745782856,1,1
107.80598,9,1573826174,AUT,FALSE,TRUE,TRUE,599.5760506,-383.409848,138.4954727,-179.7487112,-0.110136488,179.8264541,9.588775287,8.596790656,0.335034291,1.101874199,-1.618437112,-1.179188741,-56.16372986,74.28753548,61.15021476,-54.09078827,-59.62860351,77.55165939,-9.745782856,1,1
107.9065411,9,1573826174,AUT,FALSE,TRUE,TRUE,607.8974938,-367.4532898,136.2464742,-179.5780109,-0.241495515,179.5485786,8.089789322,11.09073316,-2.248937619,0.949146175,-0.620829789,-2.040535565,-54.83316879,74.57577209,61.31173782,-54.11788673,-59.67177429,77.65038528,-8.518953325,1,1
108.0070431,9,1573826174,AUT,FALSE,TRUE,TRUE,615.2753362,-331.8075074,138.3534949,-179.5678261,-0.313135267,179.45219,8.089789322,11.09073316,-2.248937619,0.949146175,-0.620829789,-2.040535565,-53.58753891,73.66220398,61.73359909,-57.35904922,-59.73734619,77.03486251,-4.366907506,1,1
108.1075749,9,1573826174,AUT,FALSE,TRUE,TRUE,615.2753362,-331.8075074,138.3534949,-179.5678261,-0.313135267,179.45219,5.627831761,10.49147392,-1.456007786,0.764194675,-0.570303266,-1.861352841,-53.58753891,73.66220398,61.73359909,-57.35904922,-59.73734619,77.03486251,-4.366907506,1,1
108.2081289,9,1573826175,AUT,FALSE,TRUE,TRUE,617.427282,-268.9648079,144.7660403,-179.7256031,-0.280600465,179.486298,2.243088353,6.570721119,-2.20155633,0.54924767,-0.234360516,-1.159645088,-52.08145409,71.16293793,62.50670356,-64.53131218,-59.69741638,75.44450569,3.537831113,1,1
108.3086782,9,1573826175,AUT,FALSE,TRUE,TRUE,617.427282,-268.9648079,144.7660403,-179.7256031,-0.280600465,179.486298,2.243088353,6.570721119,-2.20155633,0.54924767,-0.234360516,-1.159645088,-52.08145409,71.16293793,62.50670356,-64.53131218,-59.69741638,75.44450569,3.537831113,1,1
108.4095411,9,1573826175,AUT,FALSE,TRUE,TRUE,613.6346973,-211.8814159,149.1306886,-179.8232788,-0.160107783,179.6242233,-4.697176704,6.241048239,2.212457237,0.877665674,0.689628119,-0.613807251,-50.5449955,68.92294235,63.03556137,-70.77442703,-59.62290161,73.75820389,10.57511329,1,1
108.5102181,9,1573826175,AUT,FALSE,TRUE,TRUE,613.6346973,-211.8814159,149.1306886,-179.8232788,-0.160107783,179.6242233,-4.697176704,6.241048239,2.212457237,0.877665674,0.689628119,-0.613807251,-50.5449955,68.92294235,63.03556137,-70.77442703,-59.62290161,73.75820389,10.57511329,1,1
108.610775,9,1573826175,AUT,FALSE,TRUE,TRUE,608.4918497,-155.6767216,150.7761485,-179.8732279,-0.060912793,179.7398517,-8.727830025,6.250774527,3.828931747,1.267398223,1.387159308,-0.427913087,-48.13385697,67.03251114,63.28878936,-76.0184349,-59.49068664,72.0400074,17.56336212,1,1
108.7113299,9,1573826175,AUT,FALSE,TRUE,TRUE,606.3735682,-109.1778428,150.4624883,-179.8782759,-0.045384077,179.7936969,-5.257980208,2.645588076,1.838398264,0.233718359,0.559868065,-0.510460523,-45.11526375,65.97062073,63.3082386,-78.95167122,-59.39700073,71.00850448,22.80351791,1,1
108.811867,9,1573826175,AUT,FALSE,TRUE,TRUE,606.3735682,-109.1778428,150.4624883,-179.8782759,-0.045384077,179.7936969,-5.257980208,2.645588076,1.838398264,0.233718359,0.559868065,-0.510460523,-45.11526375,65.97062073,63.3082386,-78.95167122,-59.39700073,71.00850448,22.80351791,1,1
108.9124041,9,1573826175,AUT,FALSE,TRUE,TRUE,607.0252534,-71.57688075,149.0554943,-179.9072071,-0.118501427,179.85462,-2.743653204,0.639771579,2.201011284,-0.02243684,0.73320904,-0.403223384,-42.06978493,65.63167534,63.20630951,-80.05169449,-59.38278991,70.55198478,26.76260604,1,1
109.012949,9,1573826175,AUT,FALSE,TRUE,TRUE,607.0252534,-71.57688075,149.0554943,-179.9072071,-0.118501427,179.85462,-2.743653204,0.639771579,2.201011284,-0.02243684,0.73320904,-0.403223384,-42.06978493,65.63167534,63.20630951,-80.05169449,-59.38278991,70.55198478,26.76260604,1,1
109.1134861,9,1573826175,AUT,FALSE,TRUE,TRUE,616.7008125,-46.20113627,146.3908517,179.8466467,0.402489038,-179.8469971,-14.22805741,-2.88029913,2.350639442,-0.211981497,0.9752508,0.349519205,-38.81675034,65.80796127,62.48409576,-79.1869297,-59.52476074,70.06719933,29.14100533,1,1
109.2139909,9,1573826176,AUT,FALSE,TRUE,TRUE,616.7008125,-46.20113627,146.3908517,179.8466467,0.402489038,-179.8469971,-14.22805741,-2.88029913,2.350639442,-0.211981497,0.9752508,0.349519205,-36.47244644,67.07847519,61.7060749,-74.08077278,-59.05080505,71.4428215,26.71870193,1,1
109.3145261,9,1573826176,AUT,FALSE,TRUE,TRUE,638.4540938,-49.5609567,147.8888569,179.9791416,0.461483237,-179.8120459,-10.69373757,1.938982171,2.083199494,0.279461011,0.451289738,-0.085376913,-36.47244644,67.07847519,61.7060749,-74.08077278,-59.05080505,71.4428215,26.71870193,1,1
109.4150732,9,1573826176,AUT,FALSE,TRUE,TRUE,663.8861652,-56.35517197,149.2719366,-179.8994427,0.315694705,-179.9680629,-2.989935746,5.820080426,3.724289566,0.511645794,0.132311934,-0.574875453,-34.15567704,69.14885559,61.51083069,-67.51184463,-58.8982434,73.7318161,23.43732261,1,1
109.5156159,9,1573826176,AUT,FALSE,TRUE,TRUE,663.8861652,-56.35517197,149.2719366,-179.8994427,0.315694705,-179.9680629,-2.989935746,5.820080426,3.724289566,0.511645794,0.132311934,-0.574875453,-34.15567704,69.14885559,61.51083069,-67.51184463,-58.8982434,73.7318161,23.43732261,1,1
109.616241,9,1573826176,AUT,FALSE,TRUE,TRUE,690.6400923,-57.99171299,149.0381232,-179.9130264,0.163586716,179.9414346,-0.890729087,5.356815225,1.843274023,0.390006143,-0.299628747,-0.37188597,-31.00185586,71.66039886,61.50798454,-60.03053283,-59.13709167,76.23530502,20.52930679,1,1
109.716825,9,1573826176,AUT,FALSE,TRUE,TRUE,690.6400923,-57.99171299,149.0381232,-179.9130264,0.163586716,179.9414346,-0.890729087,5.356815225,1.843274023,0.390006143,-0.299628747,-0.37188597,-31.00185586,71.66039886,61.50798454,-60.03053283,-59.13709167,76.23530502,20.52930679,1,1
109.8173599,9,1573826176,AUT,FALSE,TRUE,TRUE,705.2835849,-53.13111496,148.1214589,-179.8550562,-0.049017948,179.8803322,6.574709967,4.147780993,-0.538766781,-0.238699492,-1.558414765,-0.649873683,-28.64386025,73.10488815,61.46450958,-55.61680641,-59.26128662,77.71861038,19.11206359,1,1
109.917902,9,1573826176,AUT,FALSE,TRUE,TRUE,711.1076538,-33.3830037,146.0588277,-179.7376299,-0.169109443,179.6968832,5.69461256,8.563248774,-0.048834233,0.307719294,-1.069683764,-1.109906065,-26.39333153,73.86004371,61.52472153,-53.88298874,-59.29527282,78.15757255,19.87794113,1,1
110.0186431,9,1573826176,AUT,FALSE,TRUE,TRUE,711.1076538,-33.3830037,146.0588277,-179.7376299,-0.169109443,179.6968832,5.69461256,8.563248774,-0.048834233,0.307719294,-1.069683764,-1.109906065,-26.39333153,73.86004371,61.52472153,-53.88298874,-59.29527282,78.15757255,19.87794113,1,1
110.1194689,9,1573826176,AUT,FALSE,TRUE,TRUE,711.6148064,-0.131811002,145.524513,-179.83164,-0.138426749,179.7003011,-2.591225026,5.414929272,0.276178009,0.295070586,0.629901265,-0.753135071,-23.85940704,73.88920898,61.55612869,-54.0225357,-59.36816162,78.05143089,22.71574058,1,1
110.2201431,9,1573826177,AUT,FALSE,TRUE,TRUE,711.6148064,-0.131811002,145.524513,-179.83164,-0.138426749,179.7003011,-2.591225026,5.414929272,0.276178009,0.295070586,0.629901265,-0.753135071,-20.7779377,73.83110504,61.49847793,-53.93052864,-59.37728576,78.07540855,25.80073929,1,1
110.320787,9,1573826177,AUT,FALSE,TRUE,TRUE,711.1489775,37.51216774,146.1885514,-179.921538,-0.113060423,179.8349317,-0.908814441,4.191741132,2.326368903,0.120240937,0.087073069,-0.382800863,-20.7779377,73.83110504,61.49847793,-53.93052864,-59.37728576,78.07540855,25.80073929,1,1
110.421279,9,1573826177,AUT,FALSE,TRUE,TRUE,708.1723556,73.86592156,144.911804,179.9821916,-0.223844955,-179.9620178,1.578031277,0.51176179,1.765712512,0.010230168,-0.121222203,0.161829193,-17.56865616,73.86963615,61.26308555,-53.81346588,-59.36980957,78.14257965,28.89389534,1,1
110.521827,9,1573826177,AUT,FALSE,TRUE,TRUE,708.1723556,73.86592156,144.911804,179.9821916,-0.223844955,-179.9620178,1.578031277,0.51176179,1.765712512,0.010230168,-0.121222203,0.161829193,-17.56865616,73.86963615,61.26308555,-53.81346588,-59.36980957,78.14257965,28.89389534,1,1
110.6223791,9,1573826177,AUT,FALSE,TRUE,TRUE,702.522462,87.20962679,142.2642723,179.9946204,-0.757494295,-179.7690806,13.11347229,-2.785723036,1.230950051,-0.415039461,-0.505832259,0.114433417,-16.51845933,73.82380256,61.05584908,-54.42917747,-59.22317504,78.26111183,30.2992733,1,1
110.7228701,9,1573826177,AUT,FALSE,TRUE,TRUE,689.1657657,96.85589611,138.1814937,-179.9971978,-0.866743093,-179.7709295,13.49009413,0.570675552,-1.781779587,0.21025541,-0.450007978,-0.004442262,-17.03933831,73.15634193,61.06371116,-57.86240501,-59.28771972,77.09555511,32.62894821,1,1
110.8234119,9,1573826177,AUT,FALSE,TRUE,TRUE,689.1657657,96.85589611,138.1814937,-179.9971978,-0.866743093,-179.7709295,13.49009413,0.570675552,-1.781779587,0.21025541,-0.450007978,-0.004442262,-17.03933831,73.15634193,61.06371116,-57.86240501,-59.28771972,77.09555511,32.62894821,1,1
110.92395,9,1573826177,AUT,FALSE,TRUE,TRUE,671.5114613,104.2837371,137.3275074,179.9692816,-0.779864226,-179.7184263,8.54257301,-1.477869895,-3.084282342,-0.058571587,-0.114049458,0.258037636,-18.21308671,71.81497993,61.17819214,-62.58822212,-59.3649591,75.54405212,35.51601791,1,1
111.0244792,9,1573826177,AUT,FALSE,TRUE,TRUE,651.7713778,106.8948357,140.347167,179.9278479,-0.60703732,-179.6164781,2.102633852,1.005106861,-2.195576394,0.735787147,0.261411045,0.239622587,-19.89554673,69.94078789,61.37400627,-67.78367386,-59.29138916,74.03827972,38.19488639,1,1
111.1250141,9,1573826177,AUT,FALSE,TRUE,TRUE,633.0220837,105.0584397,144.4090355,-179.9554944,-0.408117276,-179.6602388,-4.523669837,2.174443772,2.009706501,0.547091054,0.984032946,-0.220451839,-21.8619072,67.95759773,61.6000534,-72.63543892,-58.97726257,72.555867,40.03105888,1,1
111.225565,9,1573826178,AUT,FALSE,TRUE,TRUE,633.0220837,105.0584397,144.4090355,-179.9554944,-0.408117276,-179.6602388,-4.523669837,2.174443772,2.009706501,0.547091054,0.984032946,-0.220451839,-21.8619072,67.95759773,61.6000534,-72.63543892,-58.97726257,72.555867,40.03105888,1,1
111.326061,9,1573826178,AUT,FALSE,TRUE,TRUE,620.1018291,101.5608259,146.3633383,-179.8450893,-0.155716054,-179.7972249,-11.64495345,9.232962295,5.11146888,1.421714884,1.664421087,-0.816163296,-23.48419991,66.52084007,61.67454758,-76.07051353,-58.70503234,71.19865379,41.05383796,1,1
111.4266,9,1573826178,AUT,FALSE,TRUE,TRUE,613.4413749,102.9079779,146.6092781,-179.7744212,-0.057723105,179.9882934,-12.49035077,14.26225449,4.629846248,1.879781475,1.767605495,-1.353251681,-24.09584999,65.92412109,61.77171478,-77.69487648,-58.5796289,70.47337417,41.69609871,1,1
111.5271811,9,1573826178,AUT,FALSE,TRUE,TRUE,611.0797868,113.1617732,146.0295509,-179.7025355,-0.029689523,179.7844074,-9.830853681,15.03561838,4.729349977,1.548750067,1.404060719,-1.408965621,-23.41598511,65.99486618,61.94289894,-77.92362556,-58.64477233,70.30752868,42.61887474,1,1
111.627672,9,1573826178,AUT,FALSE,TRUE,TRUE,610.0705864,133.425697,143.9234575,-179.7954871,0.012415704,179.6722849,-6.928942332,13.03308832,3.211733744,1.029146739,0.783612027,-1.162282429,-21.44141236,66.47355079,62.01219177,-77.34750938,-58.91762329,70.35078735,44.36763725,1,1
111.728272,9,1573826178,AUT,FALSE,TRUE,TRUE,610.0705864,133.425697,143.9234575,-179.7954871,0.012415704,179.6722849,-6.928942332,13.03308832,3.211733744,1.029146739,0.783612027,-1.162282429,-21.44141236,66.47355079,62.01219177,-77.34750938,-58.91762329,70.35078735,44.36763725,1,1
111.8291559,9,1573826178,AUT,FALSE,TRUE,TRUE,610.3206262,159.9627912,141.7850114,-179.7613782,0.014393881,179.6801811,-6.832965673,11.88542625,3.722944163,0.707462526,1.037073984,-0.958783069,-18.52305222,67.21501464,61.99953346,-75.93806648,-59.22783325,70.75209045,46.23582458,1,1
111.9298341,9,1573826178,AUT,FALSE,TRUE,TRUE,611.2892526,188.6497217,140.919816,-179.8767948,-0.044507356,179.7050687,-1.991535765,6.967825365,1.458655585,0.032352392,0.444959606,-0.631410748,-15.13993264,68.05226211,61.94721794,-73.82775764,-59.35135803,71.46206818,48.00673828,1,1
112.0305841,9,1573826178,AUT,FALSE,TRUE,TRUE,611.9155562,214.4582812,141.0651746,179.9854761,-0.127719843,179.9725833,1.81245461,2.271756225,0.655783643,0.025560994,-0.040386898,0.124622889,-11.87259522,68.72522621,61.77574539,-71.58206291,-59.38051025,72.3796257,49.49936142,1,1
112.1311691,9,1573826178,AUT,FALSE,TRUE,TRUE,611.9155562,214.4582812,141.0651746,179.9854761,-0.127719843,179.9725833,1.81245461,2.271756225,0.655783643,0.025560994,-0.040386898,0.124622889,-11.87259522,68.72522621,61.77574539,-71.58206291,-59.38051025,72.3796257,49.49936142,1,1
112.2316751,9,1573826179,AUT,FALSE,TRUE,TRUE,612.08539,234.1231027,140.7822618,179.8998498,-0.241757216,-179.8147335,6.094253841,-5.432114435,0.664090245,-1.234354982,-0.571192274,0.32545392,-9.640001681,69.16780014,61.44847641,-69.63890076,-59.22922302,73.08945579,50.44241753,1,1
112.332226,9,1573826179,AUT,FALSE,TRUE,TRUE,609.0397482,242.0727394,139.9548197,-179.9844868,-0.378887634,-179.7657177,7.105307238,-0.171751135,0.19089429,-0.364723865,-0.444139136,0.075412789,-8.3576397,69.36525879,61.39377822,-69.45784263,-59.19006774,73.19527816,51.00523681,1,1
112.4327919,9,1573826179,AUT,FALSE,TRUE,TRUE,599.5741469,248.2682951,138.6796509,179.9849684,-0.66379635,-179.776097,10.19530311,1.879452369,0.885129875,0.237836016,-0.244708003,0.072103344,-8.198547369,69.16480293,61.60036926,-70.76583709,-59.1931604,72.95255584,52.3631916,1,1
112.533309,9,1573826179,AUT,FALSE,TRUE,TRUE,599.5741469,248.2682951,138.6796509,179.9849684,-0.66379635,-179.776097,10.19530311,1.879452369,0.885129875,0.237836016,-0.244708003,0.072103344,-8.198547369,69.16480293,61.60036926,-70.76583709,-59.1931604,72.95255584,52.3631916,1,1
112.633848,9,1573826179,AUT,FALSE,TRUE,TRUE,582.5350097,254.6850942,136.7110807,179.9634274,-0.676388097,-179.6769347,7.979053191,2.432699351,-0.44045757,0.786622867,-0.03151711,0.367266201,-8.375276188,68.36814651,61.71456871,-73.87107467,-59.38887634,71.93188133,54.85316391,1,1
112.7343869,9,1573826179,AUT,FALSE,TRUE,TRUE,560.6716573,260.3393692,135.7588354,-179.9752093,-0.640006948,-179.6732173,4.341059655,4.056818529,-0.377115104,0.856301976,0.27790177,0.125427135,-8.811110688,67.04153709,61.79414749,-78.00614662,-59.40005493,70.45818901,57.74283599,1,1
112.834882,9,1573826179,AUT,FALSE,TRUE,TRUE,536.6180481,265.1129504,135.711691,-179.9766426,-0.522200754,-179.6688904,-0.326893512,5.428728568,1.444118038,0.925106212,0.982496605,-0.11241137,-9.282619863,65.45570183,61.9072895,-82.42730941,-59.39912658,68.81203193,60.89488563,1,1
112.935421,9,1573826179,AUT,FALSE,TRUE,TRUE,536.6180481,265.1129504,135.711691,-179.9766426,-0.522200754,-179.6688904,-0.326893512,5.428728568,1.444118038,0.925106212,0.982496605,-0.11241137,-9.706585694,63.94988823,61.91298179,-86.42089119,-59.39333679,67.16623191,63.67416916,1,1
113.035979,9,1573826179,AUT,FALSE,TRUE,TRUE,514.4589674,267.5797053,135.1629096,-179.9502552,-0.384095363,-179.6638243,-3.076483276,6.834895152,3.428398035,1.109834217,1.153878268,-0.286143593,-9.706585694,63.94988823,61.91298179,-86.42089119,-59.39333679,67.16623191,63.67416916,1,1
113.1364901,9,1573826179,AUT,FALSE,TRUE,TRUE,514.4589674,267.5797053,135.1629096,-179.9502552,-0.384095363,-179.6638243,-3.076483276,6.834895152,3.428398035,1.109834217,1.153878268,-0.286143593,-10.06155739,62.68392334,61.85393371,-89.98393936,-59.40422973,65.6371479,66.04085083,1,1
113.237036,9,1573826180,AUT,FALSE,TRUE,TRUE,494.9683045,268.9522869,132.8779626,-179.9367799,-0.33035143,-179.7047048,-3.633651992,7.013853987,3.207107047,0.893804731,1.453972935,-0.44544083,-10.06155739,62.68392334,61.85393371,-89.98393936,-59.40422973,65.6371479,66.04085083,1,1
119.550138,10,1573826186,AUT,FALSE,TRUE,TRUE,471.0296784,-399.8753126,168.585597,179.9933276,-0.194146227,179.9086303,0.702802295,0.863980521,10.81948338,0.767869002,1.207571756,0.052724644,-74.25685273,63.34454154,61.91701927,-78.21489715,-56.28345336,71.50955658,-8.528109744,1,1
119.650775,10,1573826186,AUT,FALSE,TRUE,TRUE,473.7748861,-399.4801049,158.4406993,-179.9351947,-0.152250833,-179.9897831,0.702802295,0.863980521,10.81948338,0.767869002,1.207571756,0.052724644,-73.74018288,64.0167057,61.24338569,-78.07140884,-56.73776,70.63830986,-8.310690313,1,1
119.751307,10,1573826186,AUT,FALSE,TRUE,TRUE,473.7748861,-399.4801049,158.4406993,-179.9351947,-0.152250833,-179.9897831,-8.143896168,-2.047550945,15.23183848,-0.525101031,1.352204005,-0.1179329,-73.74018288,64.0167057,61.24338569,-78.07140884,-56.73776,70.63830986,-8.310690313,1,1
119.8518691,10,1573826186,AUT,FALSE,TRUE,TRUE,482.0467736,-396.7146628,139.1118734,-179.9527618,0.43199316,179.8997132,-9.82751894,-0.081539019,-2.062544713,-0.26552068,0.03824734,-0.300440324,-72.62231369,65.82292328,60.28297462,-77.58720703,-57.76904113,68.86006622,-7.600286869,1,1
119.952482,10,1573826186,AUT,FALSE,TRUE,TRUE,496.598328,-393.4171219,133.6410323,-179.9654781,0.576341018,179.9462384,-9.355187323,-2.618145837,-1.341337186,-0.377667202,-0.04765901,-0.229077056,-70.90998116,67.37313538,60.59944954,-75.65684738,-58.80617248,69.34617004,-6.9296093,1,1
120.052995,10,1573826186,AUT,FALSE,TRUE,TRUE,516.4943095,-391.8721486,137.1908791,-179.9811458,0.580499768,179.9942487,-6.970043107,-1.892029146,-1.183449896,-0.176937372,-0.241750645,-0.109537814,-68.49500771,68.52778816,61.06483726,-72.20986976,-59.10311645,70.97634888,-6.984290319,1,1
120.1535761,10,1573826186,AUT,FALSE,TRUE,TRUE,516.4943095,-391.8721486,137.1908791,-179.9811458,0.580499768,179.9942487,-6.970043107,-1.892029146,-1.183449896,-0.176937372,-0.241750645,-0.109537814,-68.49500771,68.52778816,61.06483726,-72.20986976,-59.10311645,70.97634888,-6.984290319,1,1
120.2541981,10,1573826187,AUT,FALSE,TRUE,TRUE,538.8456755,-390.5202009,142.8710425,-179.976904,0.487049849,-179.9434237,-5.98734675,-1.461980119,2.757922618,0.343344711,0.134814388,-0.055429105,-65.4384121,69.52284393,61.20505028,-67.86991996,-58.96962707,72.89193191,-7.495810319,1,1
120.354727,10,1573826187,AUT,FALSE,TRUE,TRUE,561.1291232,-387.8567796,145.0950928,-179.9643457,0.412656117,-179.9050222,-3.481434198,-2.460868571,3.815309539,0.056633297,-0.426868864,-0.178905605,-62.20921441,70.69291191,61.01650772,-63.3991127,-58.83375915,74.46560325,-8.051313406,1,1
120.455296,10,1573826187,AUT,FALSE,TRUE,TRUE,581.7319075,-384.5938186,143.8314605,-179.9135909,0.269998527,-179.9265784,-1.891309224,0.384919614,2.717424719,0.532686105,-0.272569399,-0.328323619,-59.04197617,72.09752083,60.70845451,-58.96455345,-58.80908935,75.8075386,-8.716659169,1,1
120.555865,10,1573826187,AUT,FALSE,TRUE,TRUE,581.7319075,-384.5938186,143.8314605,-179.9135909,0.269998527,-179.9265784,-1.891309224,0.384919614,2.717424719,0.532686105,-0.272569399,-0.328323619,-56.37880097,73.45673904,60.3724102,-55.07789611,-58.83947204,76.86216774,-9.426846319,1,1
120.656487,10,1573826187,AUT,FALSE,TRUE,TRUE,597.8074614,-382.479728,140.625618,-179.837678,-0.003688058,-179.981781,5.191691189,4.631132791,1.546630998,1.098617461,-0.613686991,-0.697168139,-56.37880097,73.45673904,60.3724102,-55.07789611,-58.83947204,76.86216774,-9.426846319,1,1
120.7570801,10,1573826187,AUT,FALSE,TRUE,TRUE,610.9966641,-377.3707066,137.4863525,-179.6673108,-0.146972756,179.8059819,11.61549341,7.95100845,0.327328319,1.049224871,-1.706857153,-1.428196156,-54.13510094,74.68140907,60.27793808,-51.94576606,-58.86547668,77.83124771,-10.04291497,1,1
120.8576791,10,1573826187,AUT,FALSE,TRUE,TRUE,617.5229442,-364.5922611,136.7236316,-179.6038158,-0.25896236,179.6267745,11.61549341,7.95100845,0.327328319,1.049224871,-1.706857153,-1.428196156,-53.09052773,74.80477867,60.40068626,-51.96901588,-58.87536987,77.94975586,-8.972252656,1,1
120.9582441,10,1573826187,AUT,FALSE,TRUE,TRUE,617.5229442,-364.5922611,136.7236316,-179.6038158,-0.25896236,179.6267745,9.099913594,9.481050702,-1.311988231,0.869658308,-1.082500305,-1.924837948,-53.09052773,74.80477867,60.40068626,-51.96901588,-58.87536987,77.94975586,-8.972252656,1,1
121.059082,10,1573826187,AUT,FALSE,TRUE,TRUE,622.581957,-336.2518964,137.4567346,-179.5730161,-0.381840301,179.5495807,8.422534421,8.335481216,-0.220404284,0.652774758,-0.504957775,-1.95076169,-52.3256733,74.01413726,60.63260078,-54.73858337,-58.8899652,77.36782036,-5.663781744,1,1
121.1598721,10,1573826187,AUT,FALSE,TRUE,TRUE,624.1863185,-302.4610186,139.4979949,-179.6181036,-0.300223266,179.4977836,1.504187263,8.161609045,-0.984736516,0.705072634,-0.141671491,-1.567353849,-51.57668037,72.69945831,60.99545517,-58.93651428,-58.88875122,76.24283752,-1.390227131,1,1
121.2606301,10,1573826188,AUT,FALSE,TRUE,TRUE,624.1863185,-302.4610186,139.4979949,-179.6181036,-0.300223266,179.4977836,1.504187263,8.161609045,-0.984736516,0.705072634,-0.141671491,-1.567353849,-51.57668037,72.69945831,60.99545517,-58.93651428,-58.88875122,76.24283752,-1.390227131,1,1
121.361187,10,1573826188,AUT,FALSE,TRUE,TRUE,623.2757928,-261.1196151,142.7356364,-179.7208896,-0.22851744,179.5127494,-0.446792834,7.270789518,0.169912187,0.772153793,0.044715141,-1.199867872,-50.74595948,71.0123394,61.46013908,-63.97955474,-58.88939392,74.94125289,3.881013106,1,1
121.4617779,10,1573826188,AUT,FALSE,TRUE,TRUE,619.9138141,-212.9704622,145.293803,-179.7342603,-0.180418543,179.5618079,-5.834198757,6.692798138,2.747282803,0.697019847,1.004497014,-0.900607204,-49.40689087,69.18907585,61.90826454,-69.32887688,-58.88726257,73.45916977,9.835132594,1,1
121.5622721,10,1573826188,AUT,FALSE,TRUE,TRUE,616.2915159,-168.2268814,145.7888619,-179.8540671,-0.103923501,179.6215757,-6.037924476,2.184061616,1.347168155,0.097489479,0.700086472,-0.615797151,-47.55242272,67.76444091,62.13653641,-73.56530456,-58.8857135,72.06093292,15.35472221,1,1
121.662822,10,1573826188,AUT,FALSE,TRUE,TRUE,616.2915159,-168.2268814,145.7888619,-179.8540671,-0.103923501,179.6215757,-6.037924476,2.184061616,1.347168155,0.097489479,0.700086472,-0.615797151,-47.55242272,67.76444091,62.13653641,-73.56530456,-58.8857135,72.06093292,15.35472221,1,1
121.763345,10,1573826188,AUT,FALSE,TRUE,TRUE,613.0760145,-126.0329626,145.1781478,-179.8433731,-0.09876387,179.7234357,-5.810740669,2.456258141,3.322915841,0.183710966,0.789539396,-0.541061951,-45.17368012,66.68497924,62.14512291,-76.69615745,-58.88033569,70.93302498,20.22109909,1,1
121.863858,10,1573826188,AUT,FALSE,TRUE,TRUE,611.2126579,-91.07694243,144.1947667,-179.9249539,-0.102108321,179.8008464,-4.629817349,1.31674117,1.597525145,-0.029229142,0.656229223,-0.386700392,-42.73924714,66.04923134,62.07688064,-78.56714286,-58.87702331,70.18869438,24.21743774,1,1
121.9644279,10,1573826188,AUT,FALSE,TRUE,TRUE,611.2126579,-91.07694243,144.1947667,-179.9249539,-0.102108321,179.8008464,-4.629817349,1.31674117,1.597525145,-0.029229142,0.656229223,-0.386700392,-40.4935627,65.77074508,61.80063629,-79.04046478,-58.91143249,69.68983612,27.13904914,1,1
122.065037,10,1573826188,AUT,FALSE,TRUE,TRUE,615.1433854,-63.16080812,143.6740925,179.9569048,0.198401253,-179.9250876,-11.89403498,-1.269212709,3.594989481,-0.233535935,1.364033714,0.079257744,-40.4935627,65.77074508,61.80063629,-79.04046478,-58.91143249,69.68983612,27.13904914,1,1
122.1655431,10,1573826188,AUT,FALSE,TRUE,TRUE,627.3817309,-57.18124128,144.3866657,179.9166223,0.389423915,-179.8410988,-14.95718867,0.011613696,5.579182298,0.578191633,1.458216822,0.19712873,-38.02371254,66.22575073,61.08988953,-76.41246986,-58.59638305,70.13658485,26.77435112,1,1
122.2660789,10,1573826189,AUT,FALSE,TRUE,TRUE,646.7384265,-58.74258557,144.2393845,179.9399921,0.438798542,-179.8582857,-11.36691018,1.681161154,5.157051269,-0.025631381,0.707687676,-0.250217859,-35.95912056,67.59047241,60.55305633,-71.87785949,-58.32956909,71.40153351,24.85883674,1,1
122.3666229,10,1573826189,AUT,FALSE,TRUE,TRUE,667.8517669,-61.33904211,142.3940433,-179.9066355,0.314612132,179.9988973,-4.257513421,4.436341715,3.316809272,0.266005321,0.012050307,-0.512272166,-33.79916039,69.52117538,60.3031002,-66.44378471,-58.31321044,73.10512848,22.38898315,1,1
122.4671111,10,1573826189,AUT,FALSE,TRUE,TRUE,667.8517669,-61.33904211,142.3940433,-179.9066355,0.314612132,179.9988973,-4.257513421,4.436341715,3.316809272,0.266005321,0.012050307,-0.512272166,-33.79916039,69.52117538,60.3031002,-66.44378471,-58.31321044,73.10512848,22.38898315,1,1
122.567647,10,1573826189,AUT,FALSE,TRUE,TRUE,695.3404671,-61.01346816,139.5665188,-179.972363,0.204697314,179.9719501,1.589445403,3.272035797,-2.060553718,0.095993651,-0.915081374,-0.331309221,-30.30191689,72.3612957,60.24767074,-58.73424224,-58.69358459,75.50155906,19.67857018,1,1
122.6682611,10,1573826189,AUT,FALSE,TRUE,TRUE,695.3404671,-61.01346816,139.5665188,-179.972363,0.204697314,179.9719501,1.589445403,3.272035797,-2.060553718,0.095993651,-0.915081374,-0.331309221,-30.30191689,72.3612957,60.24767074,-58.73424224,-58.69358459,75.50155906,19.67857018,1,1
122.769073,10,1573826189,AUT,FALSE,TRUE,TRUE,709.6150274,-56.39810741,140.0733308,-179.7865516,-0.035339906,179.9172976,8.72564523,6.943784085,-0.380540943,0.498915873,-1.471938566,-0.833013859,-27.97089615,73.77259598,60.30345383,-54.24616584,-58.75237792,77.14942589,18.13573265,1,1
122.869698,10,1573826189,AUT,FALSE,TRUE,TRUE,716.5195957,-37.73611845,140.9608452,-179.7348018,-0.156264289,179.6761848,9.633231864,9.351254409,-1.050555044,0.603186241,-1.593813075,-1.274921503,-25.75113259,74.43944206,60.55720367,-52.16324386,-58.73312438,77.96399002,18.69160309,1,1
122.9705191,10,1573826189,AUT,FALSE,TRUE,TRUE,718.2571113,-7.946303262,141.8236318,-179.8010939,-0.10130596,179.6959439,-0.91250343,9.443236658,0.748794613,1.098276622,0.164950834,-0.784213024,-23.32080574,74.4467926,60.60311279,-51.96482048,-58.75475646,78.02672195,21.05196075,1,1
123.0710111,10,1573826189,AUT,FALSE,TRUE,TRUE,718.2284911,24.68539571,142.9478756,-179.8692862,-0.027014339,179.7886644,-3.346944578,5.419769031,2.032721604,0.219550202,0.153515079,-0.469972259,-20.68235321,74.33161468,60.55584068,-51.95559883,-58.75326782,78.03088303,23.76501045,1,1
123.171617,10,1573826189,AUT,FALSE,TRUE,TRUE,718.2284911,24.68539571,142.9478756,-179.8692862,-0.027014339,179.7886644,-3.346944578,5.419769031,2.032721604,0.219550202,0.153515079,-0.469972259,-20.68235321,74.33161468,60.55584068,-51.95559883,-58.75326782,78.03088303,23.76501045,1,1
123.2721951,10,1573826190,AUT,FALSE,TRUE,TRUE,716.5393801,57.00966611,143.3913424,-179.9518618,-0.101224382,179.8924701,0.711905812,2.761914158,1.562876998,0.175143234,-0.491331654,-0.261679812,-17.97542839,74.29904365,60.47286644,-51.81470947,-58.71532653,78.17166939,26.3735939,1,1
123.3726981,10,1573826190,AUT,FALSE,TRUE,TRUE,713.5268411,77.77364291,142.9554521,179.976884,-0.351393992,-179.9114569,5.736834656,-2.309681017,1.32712816,-0.358711662,-0.54419351,0.149332336,-16.17653046,74.27114868,60.32118644,-51.82500229,-58.65079284,78.37923546,28.16224022,1,1
123.4732311,10,1573826190,AUT,FALSE,TRUE,TRUE,707.8170139,89.02515707,141.7149637,179.9980581,-0.777561726,-179.7507499,14.33253821,-2.725343446,0.604450151,-0.1548631,-0.646654557,0.190809002,-15.46670723,74.09118233,60.22998619,-52.65123939,-58.53092102,78.45503769,29.48019791,1,1
123.573776,10,1573826190,AUT,FALSE,TRUE,TRUE,707.8170139,89.02515707,141.7149637,179.9980581,-0.777561726,-179.7507499,14.33253821,-2.725343446,0.604450151,-0.1548631,-0.646654557,0.190809002,-15.46670723,74.09118233,60.22998619,-52.65123939,-58.53092102,78.45503769,29.48019791,1,1
123.674278,10,1573826190,AUT,FALSE,TRUE,TRUE,696.1116411,97.9661454,140.0321952,179.9948392,-0.925879199,-179.731037,16.39296647,0.204008149,-1.991540241,0.542306757,-0.567630532,0.081628026,-15.89581604,73.33735885,60.28851928,-55.69484711,-58.49744018,77.60076141,31.56427002,1,1
123.774811,10,1573826190,AUT,FALSE,TRUE,TRUE,677.9074069,105.7739312,139.5922463,179.9994093,-0.834767925,-179.6880099,11.56436947,-2.170177439,-0.849817927,0.281522876,-0.608707281,0.150863655,-17.14160729,71.85268707,60.40329551,-60.70851974,-58.49933532,75.97293091,34.51971588,1,1
123.8753719,10,1573826190,AUT,FALSE,TRUE,TRUE,655.4629338,110.1889084,140.3087426,-179.9806858,-0.639505891,-179.6460469,0.673698374,1.803515589,0.597680141,0.943750318,0.608808088,0.104885117,-18.91875229,69.90607452,60.53357963,-66.61030998,-58.45792236,73.98797951,37.59732971,1,1
123.9758589,10,1573826190,AUT,FALSE,TRUE,TRUE,655.4629338,110.1889084,140.3087426,-179.9806858,-0.639505891,-179.6460469,0.673698374,1.803515589,0.597680141,0.943750318,0.608808088,0.104885117,-18.91875229,69.90607452,60.53357963,-66.61030998,-58.45792236,73.98797951,37.59732971,1,1
124.0764201,10,1573826190,AUT,FALSE,TRUE,TRUE,635.6223116,110.2096521,140.6445763,179.9998755,-0.341447578,-179.6960143,-7.911364932,2.765383745,3.084807874,0.59717377,1.150575414,-0.218723123,-20.81434364,67.99922904,60.55304947,-71.92665596,-58.34030822,71.99209671,39.95751571,1,1
124.1769722,10,1573826190,AUT,FALSE,TRUE,TRUE,623.4813155,107.9217331,141.0286262,-179.7849101,-0.09914513,-179.8366583,-13.56584673,11.86538399,4.225886602,1.780156552,1.861546633,-0.892309983,-22.22024689,66.76376838,60.55870743,-75.18382416,-58.22563293,70.57487068,40.9456604,1,1
124.277451,10,1573826191,AUT,FALSE,TRUE,TRUE,618.0824939,111.8135642,140.7883576,-179.7396642,-0.05559946,179.9153544,-12.91575834,15.92516979,5.107689967,1.980299498,1.888850967,-1.406640651,-22.46423607,66.38959808,60.66575546,-76.38343506,-58.12695922,69.99521141,41.65453606,1,1
124.377996,10,1573826191,AUT,FALSE,TRUE,TRUE,616.0247347,126.2713702,139.7152257,-179.7251573,-0.016940833,179.729177,-9.11631366,16.06185037,4.519335626,1.614122445,1.334769219,-1.272683615,-21.28479882,66.62128258,60.84091186,-76.32133827,-58.28514038,69.91702652,42.93233184,1,1
124.478579,10,1573826191,AUT,FALSE,TRUE,TRUE,616.0247347,126.2713702,139.7152257,-179.7251573,-0.016940833,179.729177,-9.11631366,16.06185037,4.519335626,1.614122445,1.334769219,-1.272683615,-21.28479882,66.62128258,60.84091186,-76.32133827,-58.28514038,69.91702652,42.93233184,1,1
124.5793231,10,1573826191,AUT,FALSE,TRUE,TRUE,615.2133841,150.7275539,137.252013,-179.8447571,0.042536791,179.66616,-8.251066893,14.62691112,4.424797723,1.308435352,1.103503943,-0.851072872,-18.81080475,67.23976135,60.87497978,-75.39132843,-58.60963806,70.06082039,44.93444938,1,1
124.6801729,10,1573826191,AUT,FALSE,TRUE,TRUE,617.0759739,180.8973311,135.7306063,-179.9101599,0.050313389,179.7499487,-5.100611695,9.390655395,1.593169073,0.534076597,0.684183327,-0.362069147,-15.3510212,68.15498771,60.80780182,-73.21297302,-58.8682727,70.76021003,46.79294471,1,1
124.780858,10,1573826191,AUT,FALSE,TRUE,TRUE,617.0759739,180.8973311,135.7306063,-179.9101599,0.050313389,179.7499487,-5.100611695,9.390655395,1.593169073,0.534076597,0.684183327,-0.362069147,-15.3510212,68.15498771,60.80780182,-73.21297302,-58.8682727,70.76021003,46.79294471,1,1
124.8813841,10,1573826191,AUT,FALSE,TRUE,TRUE,621.218077,217.5420508,138.3559754,179.9696767,-0.137075899,179.9882132,2.878090348,0.745152745,0.149880853,-0.26252119,-0.299315886,0.289704257,-11.34905548,69.12738418,60.77075386,-69.83394928,-58.77839355,72.53305664,48.31036949,1,1
124.9819801,10,1573826191,AUT,FALSE,TRUE,TRUE,621.218077,217.5420508,138.3559754,179.9696767,-0.137075899,179.9882132,2.878090348,0.745152745,0.149880853,-0.26252119,-0.299315886,0.289704257,-8.100775913,69.6124649,60.75361862,-67.42092247,-58.51399658,73.62121468,49.35641212,1,1
125.0825601,10,1573826191,AUT,FALSE,TRUE,TRUE,619.4155552,237.3152757,141.2030901,179.8719756,-0.423215838,-179.7816832,11.87699912,-4.953534846,-0.292463193,-0.743206716,-1.236974015,0.618100675,-8.100775913,69.6124649,60.75361862,-67.42092247,-58.51399658,73.62121468,49.35641212,1,1
125.1830781,10,1573826192,AUT,FALSE,TRUE,TRUE,608.6330142,248.8538882,141.5999844,179.9607033,-0.608897742,-179.7373529,11.51879635,-1.658397319,-0.154635398,-0.030543994,-0.70608967,0.491960826,-7.312445069,69.2080307,60.85014381,-68.63270759,-58.37127868,73.44351081,51.00220528,1,1
125.283648,10,1573826192,AUT,FALSE,TRUE,TRUE,590.4644956,257.2865293,140.8367452,179.9766141,-0.668065192,-179.7056404,7.880609752,2.002523211,1.295595887,0.6434634,-0.136072144,0.352917544,-7.394928363,68.23910866,61.00160408,-71.85441055,-58.37252563,72.41046638,53.60583458,1,1
125.3842051,10,1573826192,AUT,FALSE,TRUE,TRUE,590.4644956,257.2865293,140.8367452,179.9766141,-0.668065192,-179.7056404,7.880609752,2.002523211,1.295595887,0.6434634,-0.136072144,0.352917544,-7.799087906,66.89287491,61.01032791,-76.23620796,-58.39610229,70.70966949,56.77214584,1,1
125.484726,10,1573826192,AUT,FALSE,TRUE,TRUE,566.9154219,263.8348313,138.5200631,-179.9931589,-0.640805474,-179.6865645,3.371691176,3.886201039,2.331102363,0.913216733,0.308024654,0.173959293,-7.799087906,66.89287491,61.01032791,-76.23620796,-58.39610229,70.70966949,56.77214584,1,1
125.5853031,10,1573826192,AUT,FALSE,TRUE,TRUE,542.0580414,268.8537771,135.5861072,-179.9650829,-0.533085834,-179.713756,0.710648775,5.298119812,1.666240838,0.718697647,0.825136687,-0.118198409,-8.285178,65.42969856,61.00704918,-81.03337784,-58.54487365,68.75839805,60.05478859,1,1
125.6858881,10,1573826192,AUT,FALSE,TRUE,TRUE,520.7470674,271.4889644,133.8565197,-179.9410735,-0.382115648,-179.6967355,-2.965164239,5.856192983,1.30217945,0.887492968,1.144029017,-0.213600481,-8.688132481,64.07641639,60.9986206,-85.01868896,-58.71009155,67.08756981,62.81373024,1,1
125.786459,10,1573826192,AUT,FALSE,TRUE,TRUE,504.5671799,272.3990418,133.4177651,-179.9238609,-0.32483822,-179.6643463,-1.210138906,6.843824987,2.311914994,1.09285054,0.90321401,-0.362161808,-9.013114931,62.94254837,61.00500298,-87.94649391,-58.70808654,65.89999923,64.77056694,1,1
125.887032,10,1573826192,AUT,FALSE,TRUE,TRUE,504.5671799,272.3990418,133.4177651,-179.9238609,-0.32483822,-179.6643463,-1.210138906,6.843824987,2.311914994,1.09285054,0.90321401,-0.362161808,-9.013114931,62.94254837,61.00500298,-87.94649391,-58.70808654,65.89999923,64.77056694,1,1
125.987613,10,1573826192,AUT,FALSE,TRUE,TRUE,492.5918581,272.9818356,133.0721951,-179.9625314,-0.299922432,-179.6570248,-2.503013862,5.789897507,1.840079374,1.010464198,0.895331545,-0.28435887,-9.215822988,62.10696601,61.02105674,-90.08121299,-58.68832763,65.03180809,66.25170593,1,1
131.7496171,11,1573826198,AUT,FALSE,TRUE,TRUE,469.7260208,-400.9124982,167.5020441,179.9394221,-0.413849227,179.9889856,3.358388218,0.196823838,10.2425271,0.124866418,0.727795237,0.093436588,-73.90105706,62.76044654,60.76936683,-78.20373573,-55.36850646,71.01189651,-8.944759375,1,1
131.85027,11,1573826198,AUT,FALSE,TRUE,TRUE,469.7260208,-400.9124982,167.5020441,179.9394221,-0.413849227,179.9889856,3.358388218,0.196823838,10.2425271,0.124866418,0.727795237,0.093436588,-74.04855881,63.49853554,59.54463844,-78.74924812,-55.78066406,68.99737129,-9.058347706,1,1
131.950829,11,1573826198,AUT,FALSE,TRUE,TRUE,467.041781,-404.0427477,151.8345622,179.9117152,0.034065269,-179.9544914,-7.61716525,-2.61756908,5.142007824,-0.697224637,1.138118215,0.131899504,-74.04855881,63.49853554,59.54463844,-78.74924812,-55.78066406,68.99737129,-9.058347706,1,1
132.051363,11,1573826198,AUT,FALSE,TRUE,TRUE,467.041781,-404.0427477,151.8345622,179.9117152,0.034065269,-179.9544914,-7.61716525,-2.61756908,5.142007824,-0.697224637,1.138118215,0.131899504,-73.3177208,65.26549072,59.45811768,-77.84640198,-57.04053771,68.17108955,-8.692530444,1,1
132.1519001,11,1573826198,AUT,FALSE,TRUE,TRUE,475.7944468,-403.2441743,138.2147953,-179.9381515,0.557338309,179.9723933,-11.19247344,-1.400690364,0.202090099,-0.249588023,0.404421716,-0.233525979,-73.3177208,65.26549072,59.45811768,-77.84640198,-57.04053771,68.17108955,-8.692530444,1,1
132.252552,11,1573826199,AUT,FALSE,TRUE,TRUE,475.7944468,-403.2441743,138.2147953,-179.9381515,0.557338309,179.9723933,-11.19247344,-1.400690364,0.202090099,-0.249588023,0.404421716,-0.233525979,-70.24805489,67.32600059,59.96010361,-73.74894791,-57.91860351,69.85076179,-8.344353106,1,1
132.353096,11,1573826199,AUT,FALSE,TRUE,TRUE,501.271974,-401.2333065,137.1463563,-179.9431051,0.546043511,179.9960307,-8.719194257,-0.855597394,3.225211497,-0.05662574,0.936222794,-0.230173733,-70.24805489,67.32600059,59.96010361,-73.74894791,-57.91860351,69.85076179,-8.344353106,1,1
132.453639,11,1573826199,AUT,FALSE,TRUE,TRUE,535.3137877,-397.393521,136.5778219,-179.9739434,0.488649276,-179.9705255,-8.719194257,-0.855597394,3.225211497,-0.05662574,0.936222794,-0.230173733,-65.62496338,69.40005455,59.7394947,-67.71687355,-58.0083673,71.89616203,-8.600859838,1,1
132.554132,11,1573826199,AUT,FALSE,TRUE,TRUE,535.3137877,-397.393521,136.5778219,-179.9739434,0.488649276,-179.9705255,-5.094413578,-1.546029151,5.181005727,-0.150794691,0.26280229,-0.215800696,-65.62496338,69.40005455,59.7394947,-67.71687355,-58.0083673,71.89616203,-8.600859838,1,1
132.6546609,11,1573826199,AUT,FALSE,TRUE,TRUE,569.2838798,-390.8995834,132.926958,-179.9630447,0.391403247,-179.9786583,-1.019333578,0.436823913,2.184229371,0.063434008,-0.195190007,-0.262803829,-60.6463028,71.71892166,59.27728271,-61.18994064,-58.04815429,73.70814056,-9.081432725,1,1
132.755214,11,1573826199,AUT,FALSE,TRUE,TRUE,569.2838798,-390.8995834,132.926958,-179.9630447,0.391403247,-179.9786583,-1.019333578,0.436823913,2.184229371,0.063434008,-0.195190007,-0.262803829,-60.6463028,71.71892166,59.27728271,-61.18994064,-58.04815429,73.70814056,-9.081432725,1,1
132.855773,11,1573826199,AUT,FALSE,TRUE,TRUE,590.7779814,-387.2471522,132.664999,-179.9128941,0.133415365,-179.9873923,7.339406071,1.943907245,-1.049397319,0.257427107,-1.193129323,-0.59594791,-57.25155831,73.31863403,59.12344322,-56.17183227,-58.082135,75.47444687,-9.820699312,1,1
132.956341,11,1573826199,AUT,FALSE,TRUE,TRUE,604.3875886,-383.0643315,135.6630946,-179.7329358,-0.107658941,179.8895806,11.21469127,8.081309331,0.320890669,1.183716335,-1.632685937,-1.210963514,-54.99109383,74.12396965,59.20521927,-52.95524483,-57.98899841,76.92425423,-10.44899369,1,1
133.056896,11,1573826199,AUT,FALSE,TRUE,TRUE,604.3875886,-383.0643315,135.6630946,-179.7329358,-0.107658941,179.8895806,11.21469127,8.081309331,0.320890669,1.183716335,-1.632685937,-1.210963514,-54.99109383,74.12396965,59.20521927,-52.95524483,-57.98899841,76.92425423,-10.44899369,1,1
133.1573842,11,1573826199,AUT,FALSE,TRUE,TRUE,611.2182684,-371.1717434,138.0296265,-179.6177999,-0.268090491,179.7550533,11.00231034,7.794992651,-0.232036915,0.805737507,-1.308162059,-1.890619559,-53.80184098,74.06660728,59.36196327,-52.68273239,-57.88008544,77.39795036,-9.593114094,1,1
133.2579291,11,1573826200,AUT,FALSE,TRUE,TRUE,614.4899913,-353.2895804,139.761962,-179.5995794,-0.297168017,179.6799864,8.03192031,6.465131026,-1.694479998,0.487411905,-0.697617729,-1.871525076,-53.28236962,73.43899269,59.58092766,-54.52849044,-57.84445129,77.05245094,-7.490657044,1,1
133.358567,11,1573826200,AUT,FALSE,TRUE,TRUE,615.84203,-328.1137987,141.8969025,-179.6353046,-0.27011167,179.6054965,2.709259389,7.267122972,-1.737014433,0.68488113,-0.267425405,-1.702775611,-52.95090523,72.37271461,59.92902259,-57.76508331,-57.83614562,76.26214599,-4.3010067,1,1
133.459132,11,1573826200,AUT,FALSE,TRUE,TRUE,615.8569659,-294.934788,144.2661014,-179.6750661,-0.198711331,179.5359509,-0.234803121,8.738368735,0.46850492,0.674440441,0.247954443,-1.5248766,-52.47226524,70.96449051,60.39233322,-62.10507774,-57.84029296,75.12033348,-0.060194781,1,1
133.5598919,11,1573826200,AUT,FALSE,TRUE,TRUE,615.8569659,-294.934788,144.2661014,-179.6750661,-0.198711331,179.5359509,-0.234803121,8.738368735,0.46850492,0.674440441,0.247954443,-1.5248766,-52.47226524,70.96449051,60.39233322,-62.10507774,-57.84029296,75.12033348,-0.060194781,1,1
133.660569,11,1573826200,AUT,FALSE,TRUE,TRUE,614.4036291,-255.1479545,146.4646838,-179.6688522,-0.158278591,179.5289028,-4.369439729,7.622220363,0.440567967,0.596125151,0.584335664,-1.307497762,-51.59398384,69.38306007,60.87073974,-66.82991981,-57.88130493,73.84641037,4.826142881,1,1
133.7610631,11,1573826200,AUT,FALSE,TRUE,TRUE,611.9048195,-210.4995216,147.713165,-179.7637628,-0.105078913,179.5546397,-5.764490322,6.637938221,1.754209975,0.550997982,0.995700289,-0.994675595,-50.12554436,67.82801056,61.26813926,-71.48655739,-57.9150769,72.42928047,10.37858848,1,1
133.861594,11,1573826200,AUT,FALSE,TRUE,TRUE,609.1067263,-167.4614568,147.7025893,-179.8305528,-0.065390398,179.645352,-6.678704882,4.964668754,2.81270596,0.544196057,1.152191259,-0.717406754,-48.12946587,66.52227859,61.42539139,-75.27895546,-57.92948547,71.10630684,15.57858238,1,1
133.962157,11,1573826200,AUT,FALSE,TRUE,TRUE,606.6635121,-127.1011386,147.0251988,-179.8488421,-0.042005614,179.7057397,-6.678704882,4.964668754,2.81270596,0.544196057,1.152191259,-0.717406754,-45.76419869,65.54171448,61.44904289,-78.0879158,-57.91779052,70.04243202,20.19027901,1,1
134.0627182,11,1573826200,AUT,FALSE,TRUE,TRUE,606.6635121,-127.1011386,147.0251988,-179.8488421,-0.042005614,179.7057397,-6.799192606,4.857093212,1.829888895,0.664069838,1.172878275,-0.702425236,-45.76419869,65.54171448,61.44904289,-78.0879158,-57.91779052,70.04243202,20.19027901,1,1
134.1632781,11,1573826200,AUT,FALSE,TRUE,TRUE,605.1811821,-90.80590273,146.5472667,-179.8623999,-0.060546674,179.7680896,-5.043432944,1.013837249,3.833565833,-0.575776194,0.8726291,-0.714803972,-43.15631562,64.87316894,61.43837585,-79.92083015,-57.89574096,69.35498314,24.22520027,1,1
134.26384,11,1573826201,AUT,FALSE,TRUE,TRUE,605.7358268,-62.72633144,145.5136815,-179.9645125,-0.021184037,179.9110871,-5.687930809,-2.104553786,2.988559476,-0.590145315,1.015935728,-0.310562968,-40.67942391,64.56806488,61.25726966,-80.67383308,-57.90899047,68.93996086,27.27391663,1,1
134.3643541,11,1573826201,AUT,FALSE,TRUE,TRUE,613.5246717,-49.60190685,144.8357896,179.9499299,0.390186726,-179.8099498,-11.82227689,-3.346340992,2.404235528,-0.553894534,0.908562472,-0.022168129,-38.60959283,64.65435562,60.63427963,-79.6910099,-57.9268048,68.70151978,28.33775711,1,1
134.4648972,11,1573826201,AUT,FALSE,TRUE,TRUE,613.5246717,-49.60190685,144.8357896,179.9499299,0.390186726,-179.8099498,-11.82227689,-3.346340992,2.404235528,-0.553894534,0.908562472,-0.022168129,-38.60959283,64.65435562,60.63427963,-79.6910099,-57.9268048,68.70151978,28.33775711,1,1
134.5654371,11,1573826201,AUT,FALSE,TRUE,TRUE,628.8568201,-48.92496002,145.4219842,179.9785337,0.454293585,-179.793201,-12.96742834,0.787123513,4.621973957,0.157553216,1.023998592,-0.148323729,-36.80720673,65.4942913,59.98757972,-76.33201218,-57.48097961,69.5552639,27.03369369,1,1
134.665971,11,1573826201,AUT,FALSE,TRUE,TRUE,648.1244755,-53.18163207,145.6954693,-179.9990868,0.393217705,-179.8670473,-5.733344209,2.733842906,2.286959377,0.105874759,0.16484976,-0.558648999,-35.0524292,67.01518707,59.62521629,-71.67522354,-57.26903686,71.11392174,24.80154304,1,1
134.7665651,11,1573826201,AUT,FALSE,TRUE,TRUE,667.1637803,-57.0851508,144.8295583,-179.8538062,0.279038931,-179.9435351,-3.229219973,3.2481528,1.645598386,-0.028762614,-0.192937174,-0.580622559,-33.18804245,68.86526069,59.51667824,-66.60768356,-57.35578491,72.83629646,22.50923881,1,1
134.867152,11,1573826201,AUT,FALSE,TRUE,TRUE,683.9156476,-59.33978594,143.7737271,-179.9473768,0.217258183,179.9880036,-1.638064584,3.957345103,3.109225757,-0.038932881,0.03745331,-0.576921107,-31.37335168,70.54119415,59.49686508,-62.02843437,-57.53435668,74.34057884,20.73191184,1,1
134.9676521,11,1573826201,AUT,FALSE,TRUE,TRUE,683.9156476,-59.33978594,143.7737271,-179.9473768,0.217258183,179.9880036,-1.638064584,3.957345103,3.109225757,-0.038932881,0.03745331,-0.576921107,-31.37335168,70.54119415,59.49686508,-62.02843437,-57.53435668,74.34057884,20.73191184,1,1
135.068207,11,1573826201,AUT,FALSE,TRUE,TRUE,698.0017466,-59.06699267,142.3709763,-179.9149017,0.101127104,179.9709901,1.992519167,2.52160655,-0.408603515,-0.268318699,-0.800006983,-0.513588879,-29.54213677,72.02002258,59.43830452,-57.85960693,-57.6937738,75.69337005,19.15663719,1,1
135.1691689,11,1573826201,AUT,FALSE,TRUE,TRUE,707.7503338,-55.01420796,141.1626009,-179.8219871,-0.079498332,179.9061605,6.833311978,6.312291317,0.849364797,0.404110782,-0.971793945,-0.679496994,-27.85218544,73.13317451,59.40623131,-54.7409008,-57.73591735,76.72869758,18.23852691,1,1
135.2697151,11,1573826202,AUT,FALSE,TRUE,TRUE,712.3999077,-40.77806964,140.2220117,-179.7331275,-0.129977093,179.7473286,7.210212366,7.81003726,-0.566889505,0.204272901,-1.224969841,-1.205232797,-26.25741005,73.65883598,59.47076225,-53.46709785,-57.7369226,77.08839683,18.71690941,1,1
135.370465,11,1573826202,AUT,FALSE,TRUE,TRUE,712.3999077,-40.77806964,140.2220117,-179.7331275,-0.129977093,179.7473286,7.210212366,7.81003726,-0.566889505,0.204272901,-1.224969841,-1.205232797,-24.43281441,73.62560921,59.57189827,-53.60631866,-57.75956542,77.09959259,20.76023941,1,1
135.4710519,11,1573826202,AUT,FALSE,TRUE,TRUE,712.8602141,-16.63912752,140.671238,-179.7613063,-0.13980388,179.7188403,-4.080931961,10.15622133,1.278050506,0.928919764,1.016414715,-0.986072866,-24.43281441,73.62560921,59.57189827,-53.60631866,-57.75956542,77.09959259,20.76023941,1,1
135.571553,11,1573826202,AUT,FALSE,TRUE,TRUE,712.8867232,12.29179127,141.8201206,-179.840589,-0.05890645,179.7553683,-7.057380263,9.374576836,2.652604184,0.947501299,1.456934528,-0.844605267,-22.17541924,73.48721924,59.58373947,-53.7413784,-57.75884033,77.0559082,23.23153839,1,1
135.672101,11,1573826202,AUT,FALSE,TRUE,TRUE,712.3298584,42.84314906,141.8291945,-179.8443583,-0.044306242,179.7986297,-3.375155911,6.515266865,1.926095249,0.289045993,0.38478597,-0.657936912,-19.64900666,73.50273399,59.51402435,-53.5823513,-57.74286071,77.07338333,25.61006812,1,1
135.7726991,11,1573826202,AUT,FALSE,TRUE,TRUE,710.7095478,69.70588636,140.9244662,-179.9378176,-0.116036874,179.9160209,1.701857842,-1.058749196,1.894835726,-0.925582717,-0.505814846,-0.247861718,-17.27820854,73.59658813,59.37790374,-53.34632721,-57.73798278,77.13969955,27.79340515,1,1
135.8732409,11,1573826202,AUT,FALSE,TRUE,TRUE,710.7095478,69.70588636,140.9244662,-179.9378176,-0.116036874,179.9160209,1.701857842,-1.058749196,1.894835726,-0.925582717,-0.505814846,-0.247861718,-17.27820854,73.59658813,59.37790374,-53.34632721,-57.73798278,77.13969955,27.79340515,1,1
135.973798,11,1573826202,AUT,FALSE,TRUE,TRUE,707.3778421,87.38631672,140.3059287,179.9709022,-0.415855813,-179.8108981,8.977146134,-2.88159906,0.427946872,-0.404905709,-0.512319631,0.210989116,-15.68569909,73.58929939,59.22316131,-53.36441688,-57.73223693,77.41152534,29.43544921,1,1
136.0743501,11,1573826202,AUT,FALSE,TRUE,TRUE,700.874712,97.21199383,140.3391033,179.9821194,-0.694763355,-179.7387926,13.09396302,-2.987589825,-0.448427225,-0.373879039,-0.529158708,0.084797708,-15.28559075,73.22176551,59.24133682,-54.57697792,-57.61005249,77.33043594,30.77059021,1,1
136.17486,11,1573826202,AUT,FALSE,TRUE,TRUE,700.874712,97.21199383,140.3391033,179.9821194,-0.694763355,-179.7387926,13.09396302,-2.987589825,-0.448427225,-0.373879039,-0.529158708,0.084797708,-15.28559075,73.22176551,59.24133682,-54.57697792,-57.61005249,77.33043594,30.77059021,1,1
136.2754149,11,1573826203,AUT,FALSE,TRUE,TRUE,685.8874389,105.1775214,141.1018154,179.9848899,-0.725682317,-179.6605498,11.32960212,0.334300623,-0.948766769,0.485529037,-0.365319573,0.062465822,-16.11406632,71.90248604,59.32751083,-58.61372223,-57.51725646,76.18087806,33.24184799,1,1
136.375946,11,1573826203,AUT,FALSE,TRUE,TRUE,668.3138379,109.0880063,142.2276309,-179.9630587,-0.702530392,-179.6525245,6.459449242,1.2143502,0.550127937,0.557433374,0.190160227,-0.042490835,-17.51246453,70.30757331,59.4692173,-63.27606926,-57.376203,74.75951156,35.59639663,1,1
136.476552,11,1573826203,AUT,FALSE,TRUE,TRUE,647.3747459,111.0340674,142.0708,-179.9671377,-0.518910596,-179.6518272,0.072994858,3.160560607,2.222364299,0.586384673,0.803792058,-0.218949532,-19.23712921,68.51734085,59.54386253,-68.54690437,-57.29852966,72.76838722,38.23189659,1,1
136.577105,11,1573826203,AUT,FALSE,TRUE,TRUE,647.3747459,111.0340674,142.0708,-179.9671377,-0.518910596,-179.6518272,0.072994858,3.160560607,2.222364299,0.586384673,0.803792058,-0.218949532,-19.23712921,68.51734085,59.54386253,-68.54690437,-57.29852966,72.76838722,38.23189659,1,1
136.677536,11,1573826203,AUT,FALSE,TRUE,TRUE,629.2166412,109.8886537,141.1689419,-179.9222288,-0.297922542,-179.6963878,-7.071098989,6.645035655,1.972911513,1.276900076,1.251052462,-0.423866738,-21.04694138,66.8226963,59.56507644,-73.48659782,-57.27588684,70.87246628,40.19973678,1,1
136.7780421,11,1573826203,AUT,FALSE,TRUE,TRUE,616.7077732,109.7426521,140.8054889,-179.784762,-0.140101918,-179.8966593,-10.25178926,12.29604496,4.065043006,1.633530565,1.590058117,-1.108811327,-22.24747239,65.74190598,59.67885017,-76.60901871,-57.22959045,69.53923416,41.35636711,1,1
136.8788481,11,1573826203,AUT,FALSE,TRUE,TRUE,609.5076988,117.0853273,140.9814114,-179.7007092,-0.026116727,179.8861925,-12.8242038,13.76471783,4.190891715,1.172827065,1.9693294,-1.561801038,-22.30038186,65.28682823,59.93538093,-78.11363754,-57.29050964,68.90209579,42.57177086,1,1
136.979789,11,1573826203,AUT,FALSE,TRUE,TRUE,607.4635964,133.3498471,141.2481456,-179.6760777,0.081291173,179.7167005,-12.8242038,13.76471783,4.190891715,1.97780753,1.455931503,-1.483560046,-20.93249818,65.42950286,60.16672554,-77.99563751,-57.44511474,68.89113006,44.0101387,1,1
137.0806999,11,1573826203,AUT,FALSE,TRUE,TRUE,607.4635964,133.3498471,141.2481456,-179.6760777,0.081291173,179.7167005,-10.98943179,18.4815621,4.766391697,1.97780753,1.455931503,-1.483560046,-20.93249818,65.42950286,60.16672554,-77.99563751,-57.44511474,68.89113006,44.0101387,1,1
137.181427,11,1573826204,AUT,FALSE,TRUE,TRUE,608.7688569,165.1785902,140.5168025,-179.7524185,0.101594841,179.704496,-7.86127922,11.56978226,4.28195646,0.484501055,1.116819611,-1.130805369,-17.39517174,66.22625885,60.14566269,-76.05376281,-57.60956909,69.54285621,46.15429916,1,1
137.2820101,11,1573826204,AUT,FALSE,TRUE,TRUE,613.0999887,191.2850909,139.8358292,-179.8480395,0.05650315,179.775637,-4.814184955,7.009750475,3.968444833,-0.237226467,0.928068941,-0.819915367,-14.02176132,67.20743751,59.95565071,-73.3077713,-57.63946838,70.47283859,47.36693573,1,1
137.382549,11,1573826204,AUT,FALSE,TRUE,TRUE,613.0999887,191.2850909,139.8358292,-179.8480395,0.05650315,179.775637,-4.814184955,7.009750475,3.968444833,-0.237226467,0.928068941,-0.819915367,-14.02176132,67.20743751,59.95565071,-73.3077713,-57.63946838,70.47283859,47.36693573,1,1
137.48314,11,1573826204,AUT,FALSE,TRUE,TRUE,616.8339522,215.3479671,138.3085521,-179.9315188,-0.106703833,179.9003284,1.724280162,6.032699685,2.291905421,0.304573379,0.201153393,-0.329027141,-10.85212669,68.26518059,59.72695312,-70.46033478,-57.63935852,71.47286911,48.23832664,1,1
137.5837481,11,1573826204,AUT,FALSE,TRUE,TRUE,617.4133986,238.5907939,136.7138971,179.9617174,-0.286273509,-179.8753189,7.433612939,-1.286350949,-0.041651345,-0.673325086,-0.434937492,0.202622226,-7.769819644,69.17527084,59.47971954,-68.00296096,-57.64481872,72.39659614,49.34819641,1,1
137.6843491,11,1573826204,AUT,FALSE,TRUE,TRUE,617.4133986,238.5907939,136.7138971,179.9617174,-0.286273509,-179.8753189,7.433612939,-1.286350949,-0.041651345,-0.673325086,-0.434937492,0.202622226,-7.769819644,69.17527084,59.47971954,-68.00296096,-57.64481872,72.39659614,49.34819641,1,1
137.784986,11,1573826204,AUT,FALSE,TRUE,TRUE,612.9307642,250.3453235,136.6046592,179.9426346,-0.405335532,-179.7349781,9.7238092,-2.810743408,-1.411374727,-0.694531811,-0.585781455,0.355253281,-6.504764563,69.28447494,59.46073036,-67.74158935,-57.64229187,72.64553261,50.39753838,1,1
137.8856111,11,1573826204,AUT,FALSE,TRUE,TRUE,603.2197441,257.5015759,137.5603157,179.9979146,-0.577345903,-179.6938462,9.303131092,-0.879634782,-1.756426907,-0.168002274,-0.29681575,0.20571055,-6.203711706,68.83461227,59.64633751,-69.10133285,-57.57696716,72.45955467,51.77964935,1,1
137.9861271,11,1573826204,AUT,FALSE,TRUE,TRUE,586.6501624,263.7359976,138.1125018,179.9982019,-0.626591838,-179.6831357,7.917238463,2.994379619,1.343658658,0.658694657,-0.035137588,0.052852526,-6.436573794,67.80662841,59.86193046,-72.11906776,-57.54714477,71.56291923,54.04945908,1,1
138.086726,11,1573826204,AUT,FALSE,TRUE,TRUE,586.6501624,263.7359976,138.1125018,179.9982019,-0.626591838,-179.6831357,7.917238463,2.994379619,1.343658658,0.658694657,-0.035137588,0.052852526,-6.436573794,67.80662841,59.86193046,-72.11906776,-57.54714477,71.56291923,54.04945908,1,1
138.1872849,11,1573826205,AUT,FALSE,TRUE,TRUE,565.2068472,269.0200661,137.0574972,-179.9933731,-0.519700303,-179.6448904,1.753459292,2.228267319,1.614441643,0.506623438,0.567920469,0.079175192,-6.851084519,66.40611534,59.89273681,-76.26937294,-57.57451171,69.98236771,56.95112686,1,1
138.287868,11,1573826205,AUT,FALSE,TRUE,TRUE,545.3609048,270.5467464,135.92579,-179.9809132,-0.40702849,-179.5888201,-1.477756018,4.258121963,0.962032324,0.681284357,1.054037065,-0.13710882,-7.448054125,64.98790741,59.86215363,-80.25405235,-57.61235412,68.40173034,59.45379524,1,1
138.3885272,11,1573826205,AUT,FALSE,TRUE,TRUE,528.1344958,270.48268,135.0911738,-179.9142614,-0.420979323,-179.6161277,-0.380209579,6.133466562,1.772252245,1.036514728,0.777219072,-0.348472565,-8.081800463,63.77619781,59.91131744,-83.62537193,-57.56901855,67.0791996,61.38226661,1,1
138.4892781,11,1573826205,AUT,FALSE,TRUE,TRUE,510.7966393,270.7112001,133.8765993,-179.9060175,-0.402896128,-179.6521884,0.220636438,7.289012616,2.835954741,1.134631447,0.845740534,-0.445068022,-8.611083987,62.63016243,59.97826881,-86.89300804,-57.60898681,65.72092209,63.41914901,1,1
138.5902979,11,1573826205,AUT,FALSE,TRUE,TRUE,510.7966393,270.7112001,133.8765993,-179.9060175,-0.402896128,-179.6521884,0.220636438,7.289012616,2.835954741,1.134631447,0.845740534,-0.445068022,-8.611083987,62.63016243,59.97826881,-86.89300804,-57.60898681,65.72092209,63.41914901,1,1
138.6910841,11,1573826205,AUT,FALSE,TRUE,TRUE,496.3518081,270.7405974,133.3787955,-179.9544477,-0.281083389,-179.6191223,-2.628111944,6.263033419,2.237822191,0.992298129,1.184044626,-0.330269529,-8.953850556,61.57890472,60.0100296,-89.60627403,-57.71000061,64.58482932,65.24108734,1,1
144.736351,12,1573826211,AUT,FALSE,TRUE,TRUE,470.0053958,-400.216536,167.8835597,179.9563214,-0.336223557,179.8957608,4.639445687,3.154381924,6.490682758,0.920157739,0.512834269,0.066936745,-73.59188805,62.24429855,59.93797989,-78.24349937,-54.45199401,70.50829696,-9.307085038,1,1
144.8369141,12,1573826211,AUT,FALSE,TRUE,TRUE,470.0053958,-400.216536,167.8835597,179.9563214,-0.336223557,179.8957608,4.639445687,3.154381924,6.490682758,0.920157739,0.512834269,0.066936745,-73.59188805,62.24429855,59.93797989,-78.24349937,-54.45199401,70.50829696,-9.307085038,1,1
144.9374549,12,1573826211,AUT,FALSE,TRUE,TRUE,470.1326791,-400.7842838,155.9644874,179.9893073,-0.08703682,179.9743208,-7.280959082,-2.458126463,6.081724052,-0.595912055,1.147297413,-0.170837531,-73.42582283,62.88862266,59.10806579,-78.55440216,-54.88495422,69.11151237,-9.162721256,1,1
145.0380039,12,1573826211,AUT,FALSE,TRUE,TRUE,479.2255412,-399.6144553,143.2666541,-179.9815605,0.448148576,179.9135828,-12.57366034,-1.665601369,1.252650169,-0.454446261,0.456044442,-0.323966374,-72.48249894,64.52675972,58.84213829,-77.65265464,-55.9288092,68.20267181,-8.650308613,1,1
145.1386771,12,1573826211,AUT,FALSE,TRUE,TRUE,479.2255412,-399.6144553,143.2666541,-179.9815605,0.448148576,179.9135828,-12.57366034,-1.665601369,1.252650169,-0.454446261,0.456044442,-0.323966374,-72.48249894,64.52675972,58.84213829,-77.65265464,-55.9288092,68.20267181,-8.650308613,1,1
145.239511,12,1573826212,AUT,FALSE,TRUE,TRUE,496.2394713,-396.9056469,139.8932804,-179.9276059,0.585013233,179.9330212,-15.48912708,0.189667394,2.09491738,0.126688107,1.290381241,-0.332660366,-70.50570832,66.02931862,59.13442268,-75.19656829,-56.70081298,68.98828354,-8.217272188,1,1
145.3402591,12,1573826212,AUT,FALSE,TRUE,TRUE,518.5891723,-393.9964433,140.5313747,-179.988199,0.534973537,179.9787067,-11.19730709,-2.097004629,2.831641447,-0.219353656,0.721288352,-0.280906466,-67.58058129,67.41455726,59.20049514,-71.42699776,-56.93336608,70.46239471,-8.104246906,1,1
145.4412119,12,1573826212,AUT,FALSE,TRUE,TRUE,543.1088308,-391.2956212,141.776274,179.9811507,0.427840191,-179.9719699,-6.29023694,-1.939661003,2.463702332,0.025484874,0.176449723,-0.137862195,-64.16900711,68.86955566,59.05783424,-66.80746651,-56.93951843,72.18425789,-8.391110231,1,1
145.5417011,12,1573826212,AUT,FALSE,TRUE,TRUE,566.4855027,-389.1050341,140.8207693,-179.9914217,0.305072369,-179.9401232,-6.29023694,-1.939661003,2.463702332,0.025484874,0.176449723,-0.137862195,-60.71413651,70.48416481,58.72883148,-61.92951622,-56.9372882,73.74953155,-9.02773705,1,1
145.6422319,12,1573826212,AUT,FALSE,TRUE,TRUE,566.4855027,-389.1050341,140.8207693,-179.9914217,0.305072369,-179.9401232,-1.95576339,-0.101596211,4.405993526,0.248961184,-0.143300499,-0.256853541,-60.71413651,70.48416481,58.72883148,-61.92951622,-56.9372882,73.74953155,-9.02773705,1,1
145.7427971,12,1573826212,AUT,FALSE,TRUE,TRUE,585.5358733,-387.7424229,137.4054193,-179.9239529,0.037528426,-179.9776683,6.301330802,0.748081529,2.941156793,0.165592413,-1.245476161,-0.52483706,-57.72506218,72.1350872,58.31858482,-57.33386993,-56.93668945,75.14678649,-9.922597506,1,1
145.8432901,12,1573826212,AUT,FALSE,TRUE,TRUE,597.2522894,-387.7365267,134.2414813,-179.8197526,-0.154341155,179.9109379,13.01800651,5.39489207,0.413228494,0.569291512,-1.952841705,-1.086611875,-55.71875268,73.41018791,58.06177597,-54.03261909,-56.9331903,76.11855468,-10.79941636,1,1
145.94384,12,1573826212,AUT,FALSE,TRUE,TRUE,597.2522894,-387.7365267,134.2414813,-179.8197526,-0.154341155,179.9109379,13.01800651,5.39489207,0.413228494,0.569291512,-1.952841705,-1.086611875,-55.71875268,73.41018791,58.06177597,-54.03261909,-56.9331903,76.11855468,-10.79941636,1,1
146.044456,12,1573826212,AUT,FALSE,TRUE,TRUE,604.8800802,-380.9756605,134.4985435,-179.6645126,-0.250127361,179.6787875,11.93544968,10.15557073,-3.246943316,1.149502895,-1.600377776,-1.876739652,-54.49769783,73.90309639,58.2478157,-52.77998543,-56.92962524,76.72174873,-10.70206032,1,1
146.1449599,12,1573826212,AUT,FALSE,TRUE,TRUE,608.7609276,-360.6055742,139.8297607,-179.6099444,-0.375832187,179.5581348,6.132629079,9.17945005,-1.130669736,0.80719702,-0.521968929,-2.006672885,-53.93273964,73.02205467,58.74583626,-54.77851868,-56.90677368,76.73511772,-8.396998219,1,1
146.245507,12,1573826213,AUT,FALSE,TRUE,TRUE,608.7609276,-360.6055742,139.8297607,-179.6099444,-0.375832187,179.5581348,6.132629079,9.17945005,-1.130669736,0.80719702,-0.521968929,-2.006672885,-53.93273964,73.02205467,58.74583626,-54.77851868,-56.90677368,76.73511772,-8.396998219,1,1
146.3460491,12,1573826213,AUT,FALSE,TRUE,TRUE,610.9709438,-323.1443243,144.4542491,-179.6143932,-0.356288162,179.4678637,1.889031497,11.02206598,1.697206632,1.11219681,0.188334236,-1.843797013,-53.38017197,71.32702903,59.29440422,-59.51175842,-56.81465332,75.67348137,-3.770679475,1,1
146.4465439,12,1573826213,AUT,FALSE,TRUE,TRUE,610.9709438,-323.1443243,144.4542491,-179.6143932,-0.356288162,179.4678637,1.889031497,11.02206598,1.697206632,1.11219681,0.188334236,-1.843797013,-52.34475174,69.35592041,59.80207901,-65.73461036,-56.84381652,73.68328399,2.595104594,1,1
146.5470991,12,1573826213,AUT,FALSE,TRUE,TRUE,611.0127662,-271.8477211,144.786234,-179.7131987,-0.203210302,179.4057341,-3.445113813,7.123873543,1.080878044,0.602145534,0.348155854,-1.352706844,-52.34475174,69.35592041,59.80207901,-65.73461036,-56.84381652,73.68328399,2.595104594,1,1
146.6477621,12,1573826213,AUT,FALSE,TRUE,TRUE,611.0127662,-271.8477211,144.786234,-179.7131987,-0.203210302,179.4057341,-3.445113813,7.123873543,1.080878044,0.602145534,0.348155854,-1.352706844,-49.38837204,66.90364838,60.33528327,-73.46684989,-57.07987976,71.07470397,12.11741523,1,1
146.7484491,12,1573826213,AUT,FALSE,TRUE,TRUE,608.6529634,-192.4991065,144.6870484,-179.8312904,-0.142591571,179.4701549,-7.004337543,5.238335466,0.502786893,0.486520856,1.024446192,-0.853095638,-49.38837204,66.90364838,60.33528327,-73.46684989,-57.07987976,71.07470397,12.11741523,1,1
146.8491271,12,1573826213,AUT,FALSE,TRUE,TRUE,605.8569544,-136.059634,145.3794108,-179.8819487,-0.157810886,179.6758656,-4.28387098,2.947361374,2.92420777,0.184539276,0.735711123,-0.584019026,-46.17388916,65.31783371,60.48641395,-77.64824638,-57.09682067,69.63370971,18.93587723,1,1
146.9500551,12,1573826213,AUT,FALSE,TRUE,TRUE,605.8569544,-136.059634,145.3794108,-179.8819487,-0.157810886,179.6758656,-4.28387098,2.947361374,2.92420777,0.184539276,0.735711123,-0.584019026,-46.17388916,65.31783371,60.48641395,-77.64824638,-57.09682067,69.63370971,18.93587723,1,1
147.050719,12,1573826213,AUT,FALSE,TRUE,TRUE,603.2401355,-87.34177877,144.9099281,-179.9519327,-0.168618365,179.8079583,-3.781488349,0.032756679,2.741687505,-0.522929451,0.77231341,-0.456588798,-42.73554955,64.24419136,60.38962784,-80.36679611,-57.00150878,68.59594459,24.43250885,1,1
147.1512461,12,1573826213,AUT,FALSE,TRUE,TRUE,603.2401355,-87.34177877,144.9099281,-179.9519327,-0.168618365,179.8079583,-3.781488349,0.032756679,2.741687505,-0.522929451,0.77231341,-0.456588798,-42.73554955,64.24419136,60.38962784,-80.36679611,-57.00150878,68.59594459,24.43250885,1,1
147.251862,12,1573826214,AUT,FALSE,TRUE,TRUE,610.5395595,-54.93854482,144.2677459,179.9164546,0.325701316,-179.8569382,-13.01244603,-0.628252589,3.454587537,0.091734741,1.252030424,0.02863207,-39.06033783,63.99225769,59.75616989,-80.17134246,-57.00652404,68.00119629,27.66208076,1,1
147.3524151,12,1573826214,AUT,FALSE,TRUE,TRUE,626.1915817,-51.11491719,145.6284502,179.9095424,0.380303667,-179.8792429,-11.92365518,-0.261520448,3.688121119,-0.178979911,0.822209891,-0.100038825,-36.95714951,64.85025558,59.20300483,-76.82385292,-56.54461486,68.97416954,26.67250443,1,1
147.452949,12,1573826214,AUT,FALSE,TRUE,TRUE,646.1037919,-52.90132852,146.4994181,179.9820009,0.354042038,-179.9005752,-7.685645333,1.483094166,3.319718952,0.018258095,0.356238472,-0.332808939,-34.98404274,66.39396171,58.90630188,-72.09006729,-56.417135,70.63956985,24.67282448,1,1
147.553478,12,1573826214,AUT,FALSE,TRUE,TRUE,646.1037919,-52.90132852,146.4994181,179.9820009,0.354042038,-179.9005752,-7.685645333,1.483094166,3.319718952,0.018258095,0.356238472,-0.332808939,-34.98404274,66.39396171,58.90630188,-72.09006729,-56.417135,70.63956985,24.67282448,1,1
147.6539791,12,1573826214,AUT,FALSE,TRUE,TRUE,667.27465,-56.31940867,146.1015778,-179.970651,0.269398231,-179.961455,-2.383201837,0.624373063,1.546998048,-0.249386591,-0.324243067,-0.360980379,-32.90323219,68.33083763,58.73846511,-66.71481056,-56.45326904,72.52657471,22.37509918,1,1
147.754508,12,1573826214,AUT,FALSE,TRUE,TRUE,685.3710315,-59.01740487,144.4051531,-179.9499019,0.089666771,179.9876457,1.584908171,3.705403321,0.056587208,0.117107469,-0.587282056,-0.346067364,-30.85151482,70.250774,58.58876266,-61.45269584,-56.56781799,74.27075386,20.24806709,1,1
147.8551061,12,1573826214,AUT,FALSE,TRUE,TRUE,699.1696824,-59.3783871,142.1547327,-179.9068264,-0.078413591,179.9602884,4.229033899,5.717787043,2.238780933,0.438386449,-0.560451036,-0.454589081,-29.03781624,71.81492157,58.47122268,-57.27441673,-56.69604492,75.60347443,18.67408676,1,1
147.9556201,12,1573826214,AUT,FALSE,TRUE,TRUE,699.1696824,-59.3783871,142.1547327,-179.9068264,-0.078413591,179.9602884,4.229033899,5.717787043,2.238780933,0.438386449,-0.560451036,-0.454589081,-29.03781624,71.81492157,58.47122268,-57.27441673,-56.69604492,75.60347443,18.67408676,1,1
148.0561631,12,1573826214,AUT,FALSE,TRUE,TRUE,707.3193805,-52.74929653,140.4460563,-179.7904062,-0.160801725,179.8143233,6.443844977,8.182556255,-0.349295092,0.560468333,-1.127967454,-0.844987029,-27.54677582,72.79671478,58.49183921,-54.81751671,-56.76680236,76.34750633,18.11058769,1,1
148.1567199,12,1573826214,AUT,FALSE,TRUE,TRUE,710.7999272,-28.73724609,140.9274933,-179.7582904,-0.133639684,179.6818193,-0.946210997,11.73933157,-0.464808218,1.069767124,-0.029645458,-0.979927368,-25.40501519,73.06474686,58.65338974,-54.13792991,-56.79870666,76.57490959,19.73733673,1,1
148.2572081,12,1573826215,AUT,FALSE,TRUE,TRUE,710.7999272,-28.73724609,140.9274933,-179.7582904,-0.133639684,179.6818193,-0.946210997,11.73933157,-0.464808218,1.069767124,-0.029645458,-0.979927368,-25.40501519,73.06474686,58.65338974,-54.13792991,-56.79870666,76.57490959,19.73733673,1,1
148.3577631,12,1573826215,AUT,FALSE,TRUE,TRUE,711.3865769,6.506178841,142.263597,-179.8182409,-0.075548779,179.7035775,-4.373900176,7.90167509,1.146519435,0.638942468,0.527202462,-0.793116011,-22.6450882,72.94656486,58.70474739,-54.20728111,-56.79610839,76.58929824,22.60576057,1,1
148.4583011,12,1573826215,AUT,FALSE,TRUE,TRUE,710.5559736,44.79151938,142.5618409,-179.8645317,-0.057124347,179.7205029,-2.667573634,4.711497409,2.2288373,-0.220679959,-0.182143255,-0.648926573,-19.60493431,72.94022712,58.68141861,-54.08830947,-56.77482238,76.60445251,25.66446762,1,1
148.559144,12,1573826215,AUT,FALSE,TRUE,TRUE,710.5559736,44.79151938,142.5618409,-179.8645317,-0.057124347,179.7205029,-2.667573634,4.711497409,2.2288373,-0.220679959,-0.182143255,-0.648926573,-16.90733414,72.98341026,58.50921478,-53.88761673,-56.77579467,76.70575333,28.21296272,1,1
148.660156,12,1573826215,AUT,FALSE,TRUE,TRUE,708.4407208,74.23304232,142.0066716,179.9789015,-0.13340042,179.9140311,1.585206325,-0.590128839,1.009632147,-0.41808081,-0.629811509,-0.106867638,-16.90733414,72.98341026,58.50921478,-53.88761673,-56.77579467,76.70575333,28.21296272,1,1
148.7608449,12,1573826215,AUT,FALSE,TRUE,TRUE,706.1093208,91.32588944,141.6382408,179.9181866,-0.343410706,-179.8281544,7.807390282,-3.800109648,-0.508576236,-0.421063461,-1.072935128,0.314304585,-15.25211334,72.9799118,58.25458603,-53.7002964,-56.70608642,76.93946686,29.66355972,1,1
148.861361,12,1573826215,AUT,FALSE,TRUE,TRUE,701.7325913,97.27479984,142.3603279,179.9802481,-0.718454773,-179.7031395,12.87326866,-2.683262888,-0.578569581,-0.231380594,-0.560425273,0.03702479,-14.90417633,72.72828712,58.24870491,-54.29939461,-56.5462738,77.15922432,30.39257469,1,1
148.96191,12,1573826215,AUT,FALSE,TRUE,TRUE,701.7325913,97.27479984,142.3603279,179.9802481,-0.718454773,-179.7031395,12.87326866,-2.683262888,-0.578569581,-0.231380594,-0.560425273,0.03702479,-14.90417633,72.72828712,58.24870491,-54.29939461,-56.5462738,77.15922432,30.39257469,1,1
149.062505,12,1573826215,AUT,FALSE,TRUE,TRUE,687.9479032,102.9648354,142.7801469,179.9908618,-0.86771631,-179.7262237,12.60751487,0.040412335,-0.346197812,0.745422828,-0.138679729,-0.007314091,-15.78817063,71.60568695,58.4036087,-57.78508529,-56.40107299,76.20847434,32.40076904,1,1
149.163002,12,1573826215,AUT,FALSE,TRUE,TRUE,665.3250176,107.0407098,142.7265416,179.9299175,-0.777599407,-179.6403292,8.198477466,1.069572487,1.908888878,0.735747968,0.158053299,0.168881139,-17.58600426,69.64517326,58.55257644,-63.81803169,-56.3641864,74.16623954,35.5737957,1,1
149.2635381,12,1573826216,AUT,FALSE,TRUE,TRUE,665.3250176,107.0407098,142.7265416,179.9299175,-0.777599407,-179.6403292,8.198477466,1.069572487,1.908888878,0.735747968,0.158053299,0.168881139,-17.58600426,69.64517326,58.55257644,-63.81803169,-56.3641864,74.16623954,35.5737957,1,1
149.364084,12,1573826216,AUT,FALSE,TRUE,TRUE,638.9695815,104.8454972,141.6226559,-179.9973957,-0.535730066,-179.6525705,-4.365910281,5.623286462,2.215114804,0.735747968,0.158053299,0.168881139,-20.31572571,67.13516808,58.60836296,-71.13636818,-56.29424743,71.45808906,38.42312736,1,1
149.464613,12,1573826216,AUT,FALSE,TRUE,TRUE,638.9695815,104.8454972,141.6226559,-179.9973957,-0.535730066,-179.6525705,-4.365910281,5.623286462,2.215114804,1.298018232,0.997808314,-0.297779467,-20.31572571,67.13516808,58.60836296,-71.13636818,-56.29424743,71.45808906,38.42312736,1,1
149.5651491,12,1573826216,AUT,FALSE,TRUE,TRUE,617.0864647,98.74787358,140.9682831,-179.8155995,-0.224426242,-179.8459296,-9.669023909,8.396305234,2.055969008,0.845336792,1.313991809,-1.061249681,-22.94641914,65.08594322,58.72510986,-76.85598449,-56.25504272,69.00753364,40.12280846,1,1
149.665746,12,1573826216,AUT,FALSE,TRUE,TRUE,608.4988451,102.6994489,142.3287884,-179.7304241,-0.148361031,179.8467249,-12.11309916,15.25128501,3.062566201,1.709232958,1.683539539,-1.47721158,-23.5677578,64.43182754,59.17116508,-78.79828148,-56.2505548,68.33501587,41.13988494,1,1
149.7662401,12,1573826216,AUT,FALSE,TRUE,TRUE,608.4988451,102.6994489,142.3287884,-179.7304241,-0.148361031,179.8467249,-12.11309916,15.25128501,3.062566201,1.709232958,1.683539539,-1.47721158,-23.5677578,64.43182754,59.17116508,-78.79828148,-56.2505548,68.33501587,41.13988494,1,1
149.8668389,12,1573826216,AUT,FALSE,TRUE,TRUE,604.9967127,117.0042155,144.2351259,-179.7403706,-0.070142772,179.6862164,-10.62259679,13.80966223,4.589879449,1.082674742,1.530328768,-1.443543276,-22.63871613,64.35206337,59.63417358,-79.12070618,-56.40254516,68.38773651,42.62786979,1,1
149.967361,12,1573826216,AUT,FALSE,TRUE,TRUE,603.8974852,139.2812707,143.908131,-179.7630574,-0.03254855,179.6311632,-8.662248918,13.62717846,4.931647071,1.046144439,1.203516424,-1.15124251,-20.39948273,64.67855301,59.69166298,-78.41673317,-56.5045697,68.60657386,44.41706199,1,1
150.0678351,12,1573826216,AUT,FALSE,TRUE,TRUE,604.7460724,166.9206924,142.0627026,-179.843834,-0.008655365,179.6203849,-8.059888085,7.796014073,4.896276671,1.046144439,1.203516424,-1.15124251,-17.22379189,65.42246132,59.51539421,-76.75910568,-56.63072021,69.00528831,46.35858993,1,1
150.1684561,12,1573826216,AUT,FALSE,TRUE,TRUE,604.7460724,166.9206924,142.0627026,-179.843834,-0.008655365,179.6203849,-8.059888085,7.796014073,4.896276671,-0.110121215,1.170034966,-0.838049512,-17.22379189,65.42246132,59.51539421,-76.75910568,-56.63072021,69.00528831,46.35858993,1,1
150.2692251,12,1573826217,AUT,FALSE,TRUE,TRUE,608.7644913,203.6879498,140.1611285,-179.9633766,-0.069569804,179.7441624,-2.550060556,2.560517823,1.514261286,-0.498334566,0.425958851,-0.416856913,-12.59947129,66.76743164,59.20531196,-73.30639458,-56.73755126,70.13624839,48.27453003,1,1
150.3698831,12,1573826217,AUT,FALSE,TRUE,TRUE,612.1079493,226.9111398,140.386284,179.969811,-0.178699646,179.9878047,3.36694104,-0.021270644,1.419105799,-0.540902598,-0.061467172,0.142212328,-9.45608025,67.69601326,59.02005501,-70.44340896,-56.75965576,71.32630119,49.16852874,1,1
150.470608,12,1573826217,AUT,FALSE,TRUE,TRUE,612.9207512,242.4130972,140.3457788,179.9539828,-0.353552487,-179.8797365,7.713718877,-2.036026631,0.958682887,-0.628378143,-0.477860878,0.306343063,-7.368708806,68.29736709,58.88695908,-68.61715851,-56.67155639,72.11790046,49.72449531,1,1
150.5712681,12,1573826217,AUT,FALSE,TRUE,TRUE,612.9207512,242.4130972,140.3457788,179.9539828,-0.353552487,-179.8797365,7.713718877,-2.036026631,0.958682887,-0.628378143,-0.477860878,0.306343063,-7.368708806,68.29736709,58.88695908,-68.61715851,-56.67155639,72.11790046,49.72449531,1,1
150.6717839,12,1573826217,AUT,FALSE,TRUE,TRUE,608.1041073,252.1628478,139.1205357,179.8985676,-0.55202815,-179.779601,10.441506,-0.873947698,-1.632950632,-0.203207718,-0.654859967,0.327432714,-6.353795244,68.41454658,58.83406334,-68.56257362,-56.6242987,72.23099098,50.70165367,1,1
150.7723382,12,1573826217,AUT,FALSE,TRUE,TRUE,596.6550213,259.1714627,137.6113524,179.9486537,-0.687316454,-179.7206394,9.671477399,-0.302939317,-0.686342477,-0.046873711,-0.178933361,0.36507451,-6.137148288,67.98841781,58.93518562,-70.34765281,-56.68385009,71.70062256,52.33105316,1,1
150.8729131,12,1573826217,AUT,FALSE,TRUE,TRUE,579.1817857,264.2500125,136.3906144,179.9331181,-0.675755369,-179.6761281,5.970473311,2.244372166,-0.097974434,0.639563748,0.221996791,0.390576086,-6.427328113,66.93091163,58.98286628,-73.66695899,-56.7277185,70.48197784,54.72816696,1,1
150.9734221,12,1573826217,AUT,FALSE,TRUE,TRUE,579.1817857,264.2500125,136.3906144,179.9331181,-0.675755369,-179.6761281,5.970473311,2.244372166,-0.097974434,0.639563748,0.221996791,0.390576086,-6.427328113,66.93091163,58.98286628,-73.66695899,-56.7277185,70.48197784,54.72816696,1,1
151.0739532,12,1573826217,AUT,FALSE,TRUE,TRUE,558.613403,267.7969725,135.6301739,179.9833561,-0.562290285,-179.6862035,2.926470251,4.003413535,0.759403281,0.727297481,0.520624992,0.044173195,-6.9642025,65.47206459,59.00318069,-77.78537636,-56.72629028,68.84628868,57.34537124,1,1
151.1744881,12,1573826217,AUT,FALSE,TRUE,TRUE,535.2354988,269.7915623,134.9552738,-179.9540045,-0.462887055,-179.7043278,-0.167493263,7.90579979,3.339127269,1.254974984,0.817646531,-0.230870721,-7.623855975,63.77646904,59.0397789,-82.32720337,-56.70745971,67.00053749,60.15724296,1,1
151.274997,12,1573826218,AUT,FALSE,TRUE,TRUE,535.2354988,269.7915623,134.9552738,-179.9540045,-0.462887055,-179.7043278,-0.167493263,7.90579979,3.339127269,1.254974984,0.817646531,-0.230870721,-7.623855975,63.77646904,59.0397789,-82.32720337,-56.70745971,67.00053749,60.15724296,1,1
151.375519,12,1573826218,AUT,FALSE,TRUE,TRUE,514.6759622,271.1820304,133.9608466,-179.9631167,-0.413998028,-179.7109522,-1.864976045,6.818011834,3.095285863,0.950724375,1.062195429,-0.343929503,-8.089487463,62.32062263,59.05848656,-86.18358307,-56.69387512,65.38497047,62.61874351,1,1
151.4761419,12,1573826218,AUT,FALSE,TRUE,TRUE,499.4836822,272.4376313,132.950283,-179.9385748,-0.400227702,-179.7206773,-0.921715823,7.382532808,2.931388589,1.139186476,0.945977483,-0.385249152,-8.310216525,61.31289482,59.07054062,-88.85338783,-56.70906921,64.23480834,64.41092605,1,1
151.5766411,12,1573826218,AUT,FALSE,TRUE,TRUE,499.4836822,272.4376313,132.950283,-179.9385748,-0.400227702,-179.7206773,-0.921715823,7.382532808,2.931388589,1.139186476,0.945977483,-0.385249152,-8.310216525,61.31289482,59.07054062,-88.85338783,-56.70906921,64.23480834,64.41092605,1,1
151.6772161,12,1573826218,AUT,FALSE,TRUE,TRUE,487.4186904,274.0988291,131.6784096,-179.9805155,-0.373265589,-179.7122543,-1.943089135,5.392394711,2.637378521,0.721869119,1.322021545,-0.25840935,-8.322497181,60.60528946,59.06924629,-90.86411934,-56.80964355,63.33028335,65.98537331,1,1
156.790149,13,1573826223,AUT,FALSE,FALSE,TRUE,472.1868649,-399.7872942,170.0531064,-179.974287,0.007032115,179.9978508,-3.620524223,-0.405754767,3.049839833,-0.087511491,0.799795499,0.079059557,-73.17120781,61.60168762,59.15879859,-78.17966537,-53.54543518,69.87497978,-9.6826458,0.5,1
156.8907931,13,1573826223,AUT,FALSE,TRUE,TRUE,471.9671767,-399.634235,168.9295948,-179.976622,-0.054416656,179.9190372,-1.208848005,-0.965413725,2.940647044,-0.388233009,0.210975835,0.033046068,-73.15820961,61.69084854,59.12765579,-78.17931862,-53.55524597,69.87436523,-9.684719469,1,1
156.991426,13,1573826223,AUT,FALSE,TRUE,TRUE,472.3324434,-399.9063914,165.2956715,-179.8747913,0.008345131,179.8992344,-0.955631416,-0.361025896,2.901979849,-0.506981042,0.14163385,-0.056640482,-73.14641648,62.06291084,59.09476547,-78.17756081,-53.86458801,69.61422271,-9.682652669,1,1
157.09199,13,1573826223,AUT,FALSE,TRUE,TRUE,472.3324434,-399.9063914,165.2956715,-179.8747913,0.008345131,179.8992344,-0.955631416,-0.361025896,2.901979849,-0.506981042,0.14163385,-0.056640482,-73.14641648,62.06291084,59.09476547,-78.17756081,-53.86458801,69.61422271,-9.682652669,1,1
157.1925781,13,1573826224,AUT,FALSE,TRUE,TRUE,471.2108203,-402.2307335,155.4926504,-179.8912207,-0.088738261,179.9403034,0.215064925,-0.539399299,6.538763207,-0.357968878,0.324136995,-0.059995383,-73.09143334,62.63158722,58.73528251,-78.14264488,-54.28225524,69.15228538,-9.6816021,1,1
157.2930911,13,1573826224,AUT,FALSE,TRUE,TRUE,472.3150942,-404.8502673,141.4512207,-179.8809986,0.386011196,179.9754154,0.215064925,-0.539399299,6.538763207,-0.357968878,0.324136995,-0.059995383,-72.93414345,63.92540245,57.78207779,-78.06420936,-55.09697387,67.43407859,-9.681650162,1,1
157.3936579,13,1573826224,AUT,FALSE,TRUE,TRUE,472.3150942,-404.8502673,141.4512207,-179.8809986,0.386011196,179.9754154,-13.19236622,-0.982604863,2.914950124,-0.371613468,1.069726036,-0.025580352,-72.93414345,63.92540245,57.78207779,-78.06420936,-55.09697387,67.43407859,-9.681650162,1,1
157.494215,13,1573826224,AUT,FALSE,TRUE,TRUE,495.1146469,-401.5694267,134.2977809,-179.8551595,0.707706241,179.9508948,-16.2140196,0.795865602,2.607418064,0.153975826,1.381596368,-0.193950872,-70.42063294,66.21939239,58.16135673,-74.85587882,-56.3110675,68.18671417,-8.999639513,1,1
157.594821,13,1573826224,AUT,FALSE,TRUE,TRUE,495.1146469,-401.5694267,134.2977809,-179.8551595,0.707706241,179.9508948,-16.2140196,0.795865602,2.607418064,0.153975826,1.381596368,-0.193950872,-67.44634896,67.50518417,58.28955001,-70.94970016,-56.44940185,69.83955231,-8.908425525,1,1
157.695395,13,1573826224,AUT,FALSE,TRUE,TRUE,517.7886088,-398.9497325,136.6942996,-179.9258219,0.631379666,-179.9613543,-9.019437987,-1.090596655,3.631953397,-0.134060238,0.385872287,-0.160878282,-67.44634896,67.50518417,58.28955001,-70.94970016,-56.44940185,69.83955231,-8.908425525,1,1
157.7959671,13,1573826224,AUT,FALSE,TRUE,TRUE,541.7001175,-396.2535888,138.9337209,-179.9560526,0.480995205,-179.9187017,-3.903138138,0.020104722,2.516474901,0.393488042,-0.003530922,-0.150267355,-64.15831604,68.8380764,58.17563896,-66.43724098,-56.37617797,71.66142196,-9.203271106,1,1
157.896528,13,1573826224,AUT,FALSE,TRUE,TRUE,563.7094173,-393.2319814,140.0699095,-179.9073817,0.396527616,-179.9094603,0.892339777,-1.149919857,2.766037477,0.101933191,-0.701579898,-0.25167111,-60.95626831,70.23720932,58.0249443,-61.96772118,-56.32348754,73.27736664,-9.706448369,1,1
157.9971089,13,1573826224,AUT,FALSE,TRUE,TRUE,582.4113138,-390.1659153,140.8423661,-179.878899,0.237415307,-179.9532653,3.885492955,1.868449061,0.14534353,0.678394478,-0.777608534,-0.436232898,-58.13700829,71.5379631,57.93836861,-57.83841362,-56.31703308,74.81084175,-10.25253068,1,1
158.0976701,13,1573826224,AUT,FALSE,TRUE,TRUE,582.4113138,-390.1659153,140.8423661,-179.878899,0.237415307,-179.9532653,3.885492955,1.868449061,0.14534353,0.678394478,-0.777608534,-0.436232898,-58.13700829,71.5379631,57.93836861,-57.83841362,-56.31703308,74.81084175,-10.25253068,1,1
158.1982541,13,1573826225,AUT,FALSE,TRUE,TRUE,595.7735885,-385.3004631,140.7385152,-179.7466166,0.014681544,179.9012138,8.685108006,7.501076518,1.521649554,1.155255665,-0.972072028,-1.023830557,-55.99298173,72.51230621,57.91308632,-54.92278633,-56.3017456,76.00024566,-10.61916848,1,1
158.2990091,13,1573826225,AUT,FALSE,TRUE,TRUE,604.8382734,-373.1999002,138.8915389,-179.5813157,-0.188919139,179.706906,10.02893277,9.492002021,0.921495555,0.951296938,-1.06839504,-1.780859092,-54.50364418,72.9258728,57.91649894,-54.14533882,-56.28019592,76.35536499,-9.911353688,1,1
158.3995821,13,1573826225,AUT,FALSE,TRUE,TRUE,610.2255462,-355.1034476,136.7601022,-179.575834,-0.278340294,179.5845174,7.052525125,9.064286997,1.134291501,0.567402305,-0.165275804,-1.840457429,-53.5575737,72.73080711,57.96525421,-55.39222183,-56.30432739,75.94119415,-7.923116688,1,1
158.5002851,13,1573826225,AUT,FALSE,TRUE,TRUE,613.6497728,-329.0622997,135.840673,-179.611257,-0.227308987,179.5425799,4.554509559,7.885241484,0.009454262,0.567402305,-0.165275804,-1.840457429,-52.826334,71.92677956,58.10334206,-58.30475921,-56.35857788,74.92549095,-4.7369236,1,1
158.6009891,13,1573826225,AUT,FALSE,TRUE,TRUE,613.6497728,-329.0622997,135.840673,-179.611257,-0.227308987,179.5425799,4.554509559,7.885241484,0.009454262,0.493743897,-0.158227326,-1.631834618,-52.826334,71.92677956,58.10334206,-58.30475921,-56.35857788,74.92549095,-4.7369236,1,1
158.7015531,13,1573826225,AUT,FALSE,TRUE,TRUE,614.7233521,-294.675083,137.7040345,-179.6365721,-0.203108753,179.5407968,2.493120929,7.042884784,-1.038963986,0.333117641,-0.078771788,-1.391124674,-52.06444588,70.53355865,58.39765548,-62.38039512,-56.36984985,73.74718666,-0.548382569,1,1
158.802109,13,1573826225,AUT,FALSE,TRUE,TRUE,613.38249,-255.9663414,141.2118834,-179.7053926,-0.176098677,179.5818863,0.230117489,5.735786774,-0.779270923,0.217753216,0.083239289,-1.105965017,-51.11463661,68.80633621,58.82328987,-67.02423363,-56.36018737,72.4975502,4.335857388,1,1
158.902667,13,1573826225,AUT,FALSE,TRUE,TRUE,610.3488182,-215.3762902,144.3734461,-179.7578872,-0.099391292,179.6422471,-4.181389809,3.645955935,2.449743066,0.068280534,0.748901843,-0.789885287,-49.85663681,67.05851097,59.23846664,-71.53127861,-56.32361389,71.17574043,9.380010219,1,1
159.003216,13,1573826225,AUT,FALSE,TRUE,TRUE,610.3488182,-215.3762902,144.3734461,-179.7578872,-0.099391292,179.6422471,-4.181389809,3.645955935,2.449743066,0.068280534,0.748901843,-0.789885287,-49.85663681,67.05851097,59.23846664,-71.53127861,-56.32361389,71.17574043,9.380010219,1,1
159.1037061,13,1573826225,AUT,FALSE,TRUE,TRUE,606.8958031,-176.7402041,146.2280667,-179.8238319,-0.049171493,179.721713,-5.84458728,4.434388336,2.422542791,0.509970216,0.930461336,-0.551274303,-48.23838501,65.58922691,59.46116981,-75.2342205,-56.24655578,69.97448501,14.0515789,1,1
159.2043061,13,1573826226,AUT,FALSE,TRUE,TRUE,604.1558954,-141.0556441,146.6810677,-179.8759534,-0.033653786,179.7916727,-4.410281254,2.440249573,2.068933664,0.147603488,0.675625378,-0.509763352,-46.26095238,64.48254661,59.53452072,-77.98482284,-56.17426025,68.99319992,18.19511032,1,1
159.3048441,13,1573826226,AUT,FALSE,TRUE,TRUE,602.3092699,-109.197513,145.7309998,-179.8092779,-0.063396748,179.8069378,-3.25781124,1.277507963,3.293394086,-0.179103549,0.550228161,-0.606929775,-44.12704697,63.81071891,59.52029343,-79.87272377,-56.14036193,68.23209457,21.69708824,1,1
159.4053931,13,1573826226,AUT,FALSE,TRUE,TRUE,602.3092699,-109.197513,145.7309998,-179.8092779,-0.063396748,179.8069378,-3.25781124,1.277507963,3.293394086,-0.179103549,0.550228161,-0.606929775,-44.12704697,63.81071891,59.52029343,-79.87272377,-56.14036193,68.23209457,21.69708824,1,1
159.5059621,13,1573826226,AUT,FALSE,TRUE,TRUE,602.650581,-77.08325294,143.3939646,-179.9655802,0.054453617,179.9270965,-5.650149532,-2.085135681,1.886567755,-0.769120166,1.059840314,-0.225519269,-41.98010559,63.45850754,59.30790024,-81.07699013,-56.2796466,67.47594681,25.39173889,1,1
159.606508,13,1573826226,AUT,FALSE,TRUE,TRUE,609.8812206,-63.93683826,143.4002978,179.9593948,0.395350103,-179.8463385,-8.916382992,-5.000177546,1.387863228,-1.213320816,0.585836251,-0.01761183,-39.48412171,63.55449028,58.84991798,-80.17933845,-56.26929199,67.36791343,26.45523262,1,1
159.707015,13,1573826226,AUT,FALSE,TRUE,TRUE,623.918824,-62.66432997,144.4259008,179.9671409,0.493226436,-179.784802,-12.41886359,1.70490298,3.173908239,0.467869105,0.83389888,0.184146487,-37.81116142,64.3184452,58.32138633,-77.22131081,-55.92743041,68.20999489,25.46526146,1,1
159.8076231,13,1573826226,AUT,FALSE,TRUE,TRUE,623.918824,-62.66432997,144.4259008,179.9671409,0.493226436,-179.784802,-12.41886359,1.70490298,3.173908239,0.467869105,0.83389888,0.184146487,-37.81116142,64.3184452,58.32138633,-77.22131081,-55.92743041,68.20999489,25.46526146,1,1
159.9082031,13,1573826226,AUT,FALSE,TRUE,TRUE,644.3191702,-67.95450759,145.3799547,-179.9933542,0.465815765,-179.8180989,-8.201619404,0.748332305,2.560448155,0.013087365,0.601802834,-0.186696521,-36.06432496,65.86724281,57.94002342,-72.42905044,-55.67200378,69.85896378,23.15746651,1,1
160.0089531,13,1573826226,AUT,FALSE,TRUE,TRUE,644.3191702,-67.95450759,145.3799547,-179.9933542,0.465815765,-179.8180989,-8.201619404,0.748332305,2.560448155,0.013087365,0.601802834,-0.186696521,-36.06432496,65.86724281,57.94002342,-72.42905044,-55.67200378,69.85896378,23.15746651,1,1
160.109688,13,1573826226,AUT,FALSE,TRUE,TRUE,675.114259,-76.13003712,144.6568536,-179.848164,0.365278299,-179.9372764,-4.597736107,4.338205772,2.273046415,0.189463271,-0.105101541,-0.391518835,-33.7610138,68.31291275,57.78255501,-65.72789154,-55.71432312,72.76947555,19.43638,1,1
160.210494,13,1573826227,AUT,FALSE,TRUE,TRUE,692.2306423,-78.49012425,143.9720072,-179.8737328,0.205030655,179.9983313,-1.953678946,5.900187584,2.522743166,0.462818727,0.208336848,-0.415156323,-31.18949891,70.71024971,57.73260841,-59.12604904,-55.89901977,74.53954467,17.50562896,1,1
160.311101,13,1573826227,AUT,FALSE,TRUE,TRUE,704.4998869,-74.90766713,143.1545109,-179.8658571,-0.001180023,179.8991754,7.870649876,7.798827492,0.728625247,0.605802436,-1.031303631,-0.670959065,-29.26505127,72.10195999,57.72598228,-55.26359939,-55.95144104,75.94053497,16.35536384,1,1
160.4116881,13,1573826227,AUT,FALSE,TRUE,TRUE,704.4998869,-74.90766713,143.1545109,-179.8658571,-0.001180023,179.8991754,7.870649876,7.798827492,0.728625247,0.605802436,-1.031303631,-0.670959065,-27.48467904,72.81734848,57.7459259,-53.64297866,-55.96636596,76.40390053,16.74574928,1,1
160.512327,13,1573826227,AUT,FALSE,TRUE,TRUE,710.5042575,-60.51018134,141.2015995,-179.7356411,-0.106312144,179.7474914,7.56696483,8.04606083,0.800657796,0.27043649,-1.156577048,-0.895034487,-27.48467904,72.81734848,57.7459259,-53.64297866,-55.96636596,76.40390053,16.74574928,1,1
160.612926,13,1573826227,AUT,FALSE,TRUE,TRUE,712.6558897,-28.83898995,138.6537764,-179.8171474,-0.065199665,179.7321495,-1.443012687,5.182147641,0.250453013,-0.103838874,0.553058868,-0.63355936,-25.03663674,73.04556541,57.74626923,-53.65354271,-56.11625793,76.19203262,19.39404831,1,1
160.713486,13,1573826227,AUT,FALSE,TRUE,TRUE,712.6558897,-28.83898995,138.6537764,-179.8171474,-0.065199665,179.7321495,-1.443012687,5.182147641,0.250453013,-0.103838874,0.553058868,-0.63355936,-25.03663674,73.04556541,57.74626923,-53.65354271,-56.11625793,76.19203262,19.39404831,1,1
160.8140399,13,1573826227,AUT,FALSE,TRUE,TRUE,713.7263203,6.797700583,138.98984,-179.863203,0.007602148,179.7692658,-4.486033466,8.601031444,1.523513788,0.90342904,0.842465067,-0.445238323,-22.17597199,73.04165496,57.74720992,-53.60851249,-56.16887145,76.15439414,22.25587349,1,1
160.914551,13,1573826227,AUT,FALSE,TRUE,TRUE,713.7263203,6.797700583,138.98984,-179.863203,0.007602148,179.7692658,-4.486033466,8.601031444,1.523513788,0.90342904,0.842465067,-0.445238323,-19.25711746,73.03823891,57.71165886,-53.35363998,-56.16636108,76.31992378,25.52491722,1,1
161.0150831,13,1573826227,AUT,FALSE,TRUE,TRUE,712.8474461,47.73087575,139.7662704,-179.8593831,-0.028898956,179.8573567,-0.962859861,6.784017122,2.00053794,0.35993611,-0.120239566,-0.37848879,-19.25711746,73.03823891,57.71165886,-53.35363998,-56.16636108,76.31992378,25.52491722,1,1
161.1156352,13,1573826227,AUT,FALSE,TRUE,TRUE,709.4047438,76.51432385,139.2801969,-179.9801022,-0.261920782,-179.8949567,5.22555212,-1.585764535,0.683784531,-0.543681654,-0.439714502,0.128619345,-16.18882485,73.02109336,57.57409973,-53.36235351,-56.16269165,76.52187309,28.03063087,1,1
161.216172,13,1573826228,AUT,FALSE,TRUE,TRUE,709.4047438,76.51432385,139.2801969,-179.9801022,-0.261920782,-179.8949567,5.22555212,-1.585764535,0.683784531,-0.543681654,-0.439714502,0.128619345,-16.18882485,73.02109336,57.57409973,-53.36235351,-56.16269165,76.52187309,28.03063087,1,1
161.3167181,13,1573826228,AUT,FALSE,TRUE,TRUE,702.2717503,91.15229061,139.430671,-179.9738263,-0.6999168,-179.717107,14.18646107,-2.54057941,0.25398183,-0.278123743,-0.510227466,0.186016433,-15.27532539,72.65442466,57.52936821,-54.42572021,-56.01582092,76.65470123,29.73217278,1,1
161.417254,13,1573826228,AUT,FALSE,TRUE,TRUE,687.2312273,100.9335757,138.3172362,-179.9593082,-0.754241851,-179.6918857,10.82600033,2.558402811,0.44811457,0.817026341,-0.130846257,0.138864675,-15.877668,71.47922744,57.55149879,-58.27287139,-55.93375305,75.39052505,32.18878098,1,1
161.5177372,13,1573826228,AUT,FALSE,TRUE,TRUE,687.2312273,100.9335757,138.3172362,-179.9593082,-0.754241851,-179.6918857,10.82600033,2.558402811,0.44811457,0.817026341,-0.130846257,0.138864675,-15.877668,71.47922744,57.55149879,-58.27287139,-55.93375305,75.39052505,32.18878098,1,1
161.618293,13,1573826228,AUT,FALSE,TRUE,TRUE,659.3038193,107.5477513,136.1768943,-179.9522738,-0.609084857,-179.645671,2.787008462,3.360087262,0.22937795,0.985668714,0.599499782,0.067101586,-17.50090142,69.53923416,57.56168174,-64.39172744,-55.93695556,72.61233672,36.09458541,1,1
161.7191241,13,1573826228,AUT,FALSE,TRUE,TRUE,659.3038193,107.5477513,136.1768943,-179.9522738,-0.609084857,-179.645671,2.787008462,3.360087262,0.22937795,0.985668714,0.599499782,0.067101586,-17.50090142,69.53923416,57.56168174,-64.39172744,-55.93695556,72.61233672,36.09458541,1,1
161.819967,13,1573826228,AUT,FALSE,TRUE,TRUE,636.457502,107.7749602,135.3093664,-179.840161,-0.30952996,-179.6943014,-6.290425294,7.104937136,1.170415921,1.082337881,1.236233374,-0.552024613,-19.94327202,67.01289711,57.59113884,-71.75546836,-55.96277343,70.17759476,38.66747017,1,1
161.9208021,13,1573826228,AUT,FALSE,TRUE,TRUE,636.457502,107.7749602,135.3093664,-179.840161,-0.30952996,-179.6943014,-6.290425294,7.104937136,1.170415921,1.082337881,1.236233374,-0.552024613,-19.94327202,67.01289711,57.59113884,-71.75546836,-55.96277343,70.17759476,38.66747017,1,1
162.021337,13,1573826228,AUT,FALSE,TRUE,TRUE,618.3009788,113.3628853,137.677501,-179.7205526,-0.103034339,179.9543906,-10.84769188,13.69401194,3.210714322,1.457820689,1.686262909,-1.217252723,-21.29104729,65.33639374,58.06798324,-76.2067543,-55.91759765,68.53046607,40.82100334,1,1
162.121819,13,1573826228,AUT,FALSE,TRUE,TRUE,611.0525599,130.2152466,139.4111747,-179.733712,-0.019449324,179.8043351,-10.20536159,14.12378286,4.077448522,1.391047841,1.802882355,-1.136692556,-20.34762039,64.96595192,58.49390602,-77.23520164,-56.02701599,68.28434829,42.82001038,1,1
162.222347,13,1573826229,AUT,FALSE,TRUE,TRUE,611.0525599,130.2152466,139.4111747,-179.733712,-0.019449324,179.8043351,-10.20536159,14.12378286,4.077448522,1.391047841,1.802882355,-1.136692556,-20.34762039,64.96595192,58.49390602,-77.23520164,-56.02701599,68.28434829,42.82001038,1,1
162.322793,13,1573826229,AUT,FALSE,TRUE,TRUE,608.5525835,157.2892635,139.079551,-179.8486094,0.064655778,179.7825917,-7.213491806,12.53937652,4.100803205,1.15161721,1.186981083,-0.693752606,-17.63390808,65.25806465,58.47985382,-76.49929619,-56.1187738,68.45115166,45.1914608,1,1
162.4233561,13,1573826229,AUT,FALSE,TRUE,TRUE,609.7663651,183.6551412,138.0326597,-179.9507936,0.031935147,179.93283,-7.213491806,12.53937652,4.100803205,1.15161721,1.186981083,-0.693752606,-14.44143906,65.96180763,58.21831741,-74.5798233,-56.13356689,69.11117591,46.82374076,1,1
162.523886,13,1573826229,AUT,FALSE,TRUE,TRUE,609.7663651,183.6551412,138.0326597,-179.9507936,0.031935147,179.93283,-3.098230349,5.424601509,3.295751063,-0.395597232,0.469166482,-0.285484057,-14.44143906,65.96180763,58.21831741,-74.5798233,-56.13356689,69.11117591,46.82374076,1,1
162.624507,13,1573826229,AUT,FALSE,TRUE,TRUE,612.0346485,213.1870869,135.5775893,-179.874918,-0.084079652,179.9443097,0.073972356,5.934220863,2.179582485,-0.312812948,0.514719388,-0.323982356,-10.79285546,67.11498756,57.93435516,-71.77221222,-56.12679382,69.96264724,48.14031143,1,1
162.7250671,13,1573826229,AUT,FALSE,TRUE,TRUE,612.0346485,213.1870869,135.5775893,-179.874918,-0.084079652,179.9443097,0.073972356,5.934220863,2.179582485,-0.312812948,0.514719388,-0.323982356,-10.79285546,67.11498756,57.93435516,-71.77221222,-56.12679382,69.96264724,48.14031143,1,1
162.8256299,13,1573826229,AUT,FALSE,TRUE,TRUE,612.6616719,229.2871889,134.3699141,-179.9547938,-0.125427418,-179.9321239,2.162214617,4.147641307,0.206847471,0.18232796,0.057053036,-0.039884873,-8.65764885,67.76686477,57.78097229,-70.15139236,-56.19081665,70.50891151,48.99135361,1,1
162.9261839,13,1573826229,AUT,FALSE,TRUE,TRUE,609.8704868,241.6001096,134.1500058,-179.962363,-0.299657375,-179.8331864,8.980326094,0.998705196,-0.454636155,-0.352862821,-0.682273381,-0.001170768,-7.258337406,68.0483036,57.77915611,-69.46258736,-56.17061828,70.92615852,49.82285385,1,1
163.0267529,13,1573826229,AUT,FALSE,TRUE,TRUE,600.2728152,253.0013396,134.3993619,-179.9788688,-0.526538378,-179.7694872,8.431614067,0.122285426,-0.654618683,-0.192954906,-0.133597547,0.167618226,-6.431633381,67.82155266,57.97350769,-70.33273201,-56.1541278,70.91571121,51.42402534,1,1
163.1272891,13,1573826229,AUT,FALSE,TRUE,TRUE,600.2728152,253.0013396,134.3993619,-179.9788688,-0.526538378,-179.7694872,8.431614067,0.122285426,-0.654618683,-0.192954906,-0.133597547,0.167618226,-6.431633381,67.82155266,57.97350769,-70.33273201,-56.1541278,70.91571121,51.42402534,1,1
163.2278461,13,1573826230,AUT,FALSE,TRUE,TRUE,584.9016062,262.6334357,135.6523161,-179.9828733,-0.5432778,-179.6868509,8.442337986,-0.644656068,-0.193844684,-0.118599699,-0.125432035,0.328063287,-6.101586919,66.93303337,58.18035278,-72.72000618,-56.1711676,70.27780037,53.72709274,1,1
163.328428,13,1573826230,AUT,FALSE,TRUE,TRUE,564.751614,268.7699017,136.3168963,-179.9972485,-0.544891207,-179.6033334,5.858876065,1.44729373,0.930527734,0.484315768,0.110126954,0.329678889,-6.282988363,65.54613304,58.28876724,-76.33837051,-56.09009948,69.07011795,56.40228424,1,1
163.4294231,13,1573826230,AUT,FALSE,TRUE,TRUE,541.8502145,271.9934528,135.1463312,-179.9767687,-0.488559306,-179.5898845,1.650611144,4.244431581,2.334755966,0.904857028,0.550333706,0.10273769,-6.758686069,63.94780769,58.28581809,-80.72327499,-56.04812622,67.30203666,59.23474159,1,1
163.5300891,13,1573826230,AUT,FALSE,TRUE,TRUE,520.2451148,272.9838996,133.4679922,-179.9483668,-0.36461371,-179.5841972,-1.730479515,4.454034005,1.140489744,0.904857028,0.550333706,0.10273769,-7.307054906,62.41698989,58.27746849,-84.92236633,-56.15315551,65.49089584,61.84294395,1,1
163.6308141,13,1573826230,AUT,FALSE,TRUE,TRUE,520.2451148,272.9838996,133.4679922,-179.9483668,-0.36461371,-179.5841972,-1.730479515,4.454034005,1.140489744,0.754361228,0.910866993,-0.035627989,-7.307054906,62.41698989,58.27746849,-84.92236633,-56.15315551,65.49089584,61.84294395,1,1
163.7313921,13,1573826230,AUT,FALSE,TRUE,TRUE,499.4816319,271.3618719,133.1338491,-179.9277229,-0.207167017,-179.5791286,-2.600103939,6.297882495,1.790902541,1.083059417,0.938655411,-0.252990779,-8.0027092,60.72976456,58.28482589,-89.00967864,-56.16665771,63.71145744,64.19552879,1,1
163.8319499,13,1573826230,AUT,FALSE,TRUE,TRUE,488.9686603,269.2776361,134.2976069,-179.9103143,-0.143295268,-179.5828676,-2.478743373,6.322997439,1.341933232,1.127945979,0.749102542,-0.343657252,-8.499373631,59.68533211,58.35746613,-91.15603638,-56.04624755,62.85679664,65.23312912,1,1
170.249507,14,1573826237,AUT,FALSE,FALSE,TRUE,471.5859668,-400.1975752,169.5447265,179.9687125,-0.052421703,179.9837147,0.830411878,-2.196209469,10.45120343,-0.365788031,0.844973663,0.089972,-72.97228661,61.29303359,58.52216491,-78.18561516,-52.98160583,69.56978302,-9.929505163,0.5,1
170.350261,14,1573826237,AUT,FALSE,TRUE,TRUE,472.840736,-397.7290403,166.6015525,-179.9946402,-0.016534446,179.7791466,-8.796981452,-2.920077318,12.49447731,-0.718554159,1.607816192,0.02737755,-72.89872971,61.52581672,58.54611511,-78.27368088,-53.05028686,69.44838066,-9.723559575,1,1
170.450947,14,1573826237,AUT,FALSE,TRUE,TRUE,472.840736,-397.7290403,166.6015525,-179.9946402,-0.016534446,179.7791466,-8.796981452,-2.920077318,12.49447731,-0.718554159,1.607816192,0.02737755,-71.81996498,63.13716774,58.55135078,-77.4388401,-54.42269348,68.64169578,-8.862327581,1,1
170.551506,14,1573826237,AUT,FALSE,TRUE,TRUE,483.7163715,-395.6215057,154.9712849,-179.9484888,0.544064861,179.9827434,-9.503985906,-2.66216457,-1.950440042,-0.331005408,0.181325844,-0.205746081,-71.81996498,63.13716774,58.55135078,-77.4388401,-54.42269348,68.64169578,-8.862327581,1,1
170.652046,14,1573826237,AUT,FALSE,TRUE,TRUE,483.7163715,-395.6215057,154.9712849,-179.9484888,0.544064861,179.9827434,-9.503985906,-2.66216457,-1.950440042,-0.331005408,0.181325844,-0.205746081,-71.81996498,63.13716774,58.55135078,-77.4388401,-54.42269348,68.64169578,-8.862327581,1,1
170.75263,14,1573826237,AUT,FALSE,TRUE,TRUE,515.4370592,-394.5775953,155.9877866,-179.9642951,0.59517922,-179.9879774,-8.134141894,-2.428468981,2.096085246,-0.277080431,-0.05093209,-0.101914426,-67.73591767,65.32203598,58.51114426,-71.82860641,-54.82095336,70.70627059,-8.932028963,1,1
170.853195,14,1573826237,AUT,FALSE,TRUE,TRUE,515.4370592,-394.5775953,155.9877866,-179.9642951,0.59517922,-179.9879774,-8.134141894,-2.428468981,2.096085246,-0.277080431,-0.05093209,-0.101914426,-63.92255974,67.01447296,58.14749336,-66.74492683,-54.82210144,72.52577133,-9.180642706,1,1
170.953747,14,1573826237,AUT,FALSE,TRUE,TRUE,542.5619913,-390.2257216,155.4522642,-179.9947234,0.470186148,-179.9718717,-6.074482254,-0.381692607,3.809416924,-0.07634988,0.205495458,-0.083147914,-63.92255974,67.01447296,58.14749336,-66.74492683,-54.82210144,72.52577133,-9.180642706,1,1
171.0542421,14,1573826237,AUT,FALSE,TRUE,TRUE,576.176585,-386.2036589,150.4673347,-179.9428293,0.399954844,-179.953877,-3.261756174,-1.120585113,1.879656248,-0.07634988,0.205495458,-0.083147914,-59.04912758,69.55275078,57.33454971,-60.2089714,-54.89383117,74.19824409,-9.793127063,1,1
171.1547861,14,1573826237,AUT,FALSE,TRUE,TRUE,576.176585,-386.2036589,150.4673347,-179.9428293,0.399954844,-179.953877,-3.261756174,-1.120585113,1.879656248,-0.232539833,-0.591381596,-0.174398301,-59.04912758,69.55275078,57.33454971,-60.2089714,-54.89383117,74.19824409,-9.793127063,1,1
171.2553411,14,1573826238,AUT,FALSE,TRUE,TRUE,576.176585,-386.2036589,150.4673347,-179.9428293,0.399954844,-179.953877,-3.261756174,-1.120585113,1.879656248,-0.232539833,-0.591381596,-0.174398301,-54.80349884,72.02732849,56.84998054,-53.45193672,-54.96423706,76.41831321,-11.16778794,1,1
171.355901,14,1573826238,AUT,FALSE,TRUE,TRUE,601.7906896,-384.8822669,147.052118,-179.8500071,0.033681538,179.956875,7.258226249,4.590427837,-1.36167674,0.662220174,-1.044216286,-0.753989596,-54.80349884,72.02732849,56.84998054,-53.45193672,-54.96423706,76.41831321,-11.16778794,1,1
171.4564672,14,1573826238,AUT,FALSE,TRUE,TRUE,611.2730918,-381.1029128,147.2447873,-179.6126741,-0.245200539,179.7834188,16.60281445,9.687480945,-1.581606566,1.050011899,-2.374348479,-1.632652178,-53.13498803,72.86045265,56.86910362,-50.96592979,-54.96326477,77.56010513,-11.69436951,1,1
171.5570111,14,1573826238,AUT,FALSE,TRUE,TRUE,611.2730918,-381.1029128,147.2447873,-179.6126741,-0.245200539,179.7834188,16.60281445,9.687480945,-1.581606566,1.050011899,-2.374348479,-1.632652178,-53.13498803,72.86045265,56.86910362,-50.96592979,-54.96326477,77.56010513,-11.69436951,1,1
171.6575141,14,1573826238,AUT,FALSE,TRUE,TRUE,615.0231385,-364.9346107,146.879051,-179.5495081,-0.332356769,179.5830139,7.79347934,9.407070958,0.619461587,0.522336452,-0.392747786,-2.021268052,-52.55764618,72.54917564,57.09722786,-52.28437156,-54.95935913,77.29745293,-9.982435231,1,1
171.758049,14,1573826238,AUT,FALSE,TRUE,TRUE,616.6577478,-333.9549131,146.064396,-179.5661248,-0.327913429,179.4635299,7.79347934,9.407070958,0.619461587,0.522336452,-0.392747786,-2.021268052,-52.18182449,71.31545563,57.38529281,-56.55475731,-54.96102905,75.93835144,-6.123744969,1,1
171.8587501,14,1573826238,AUT,FALSE,TRUE,TRUE,616.6577478,-333.9549131,146.064396,-179.5661248,-0.327913429,179.4635299,3.290470131,8.794409923,-0.662052554,0.591092765,-0.177171823,-1.897038549,-52.18182449,71.31545563,57.38529281,-56.55475731,-54.96102905,75.93835144,-6.123744969,1,1
171.959559,14,1573826238,AUT,FALSE,TRUE,TRUE,616.2903846,-284.973631,145.5761505,-179.6000865,-0.225940206,179.3887331,-0.625550658,8.59435909,-1.293834363,0.458882233,0.1032754,-1.511569665,-51.41940766,69.38815155,57.84824638,-62.99078178,-55.03863098,73.76104316,0.039375681,1,1
172.060164,14,1573826238,AUT,FALSE,TRUE,TRUE,616.2903846,-284.973631,145.5761505,-179.6000865,-0.225940206,179.3887331,-0.625550658,8.59435909,-1.293834363,0.458882233,0.1032754,-1.511569665,-51.41940766,69.38815155,57.84824638,-62.99078178,-55.03863098,73.76104316,0.039375681,1,1
172.160866,14,1573826238,AUT,FALSE,TRUE,TRUE,612.9915272,-208.3587663,147.9792501,-179.731067,-0.061233502,179.4439343,-6.744880723,7.789581481,-0.545623958,0.664874181,1.144043284,-0.938208292,-49.11440735,66.52452393,58.78012046,-71.3433815,-55.357229,71.13771744,9.486835094,1,1
172.261373,14,1573826239,AUT,FALSE,TRUE,TRUE,612.9915272,-208.3587663,147.9792501,-179.731067,-0.061233502,179.4439343,-6.744880723,7.789581481,-0.545623958,0.664874181,1.144043284,-0.938208292,-49.11440735,66.52452393,58.78012046,-71.3433815,-55.357229,71.13771744,9.486835094,1,1
172.3619289,14,1573826239,AUT,FALSE,TRUE,TRUE,609.4913273,-144.7468117,151.290979,-179.8723233,-0.021364591,179.651585,-6.184846073,3.886742086,1.730619854,0.543668972,1.00200702,-0.466050152,-45.90990143,64.45048027,59.27918129,-76.48879394,-55.3976477,69.59591674,17.03526306,1,1
172.4624751,14,1573826239,AUT,FALSE,TRUE,TRUE,607.7872411,-95.9370331,152.3266663,-179.9028386,-0.036343313,179.779852,-6.822869872,3.540294672,2.839486891,0.775826359,1.285363249,-0.331856859,-42.48565178,63.26245994,59.30270233,-79.11972771,-55.24616271,68.67087822,22.42827301,1,1
172.5630131,14,1573826239,AUT,FALSE,TRUE,TRUE,607.7872411,-95.9370331,152.3266663,-179.9028386,-0.036343313,179.779852,-6.822869872,3.540294672,2.839486891,0.775826359,1.285363249,-0.331856859,-42.48565178,63.26245994,59.30270233,-79.11972771,-55.24616271,68.67087822,22.42827301,1,1
172.663564,14,1573826239,AUT,FALSE,TRUE,TRUE,612.5833538,-53.98089302,150.5756269,179.922662,0.235981303,-179.9305137,-11.17838006,-3.201666126,3.54468341,-0.419722707,1.20550011,0.129041353,-38.98003464,62.93228988,58.75751266,-79.56081161,-55.24027954,67.99961014,26.7683155,1,1
172.764111,14,1573826239,AUT,FALSE,TRUE,TRUE,626.3453844,-47.05938873,149.2312594,179.9101745,0.446390299,-179.75752,-11.17838006,-3.201666126,3.54468341,-0.419722707,1.20550011,0.129041353,-36.12653161,63.62603187,57.87924156,-76.96964149,-55.00636962,68.39396782,26.47212409,1,1
172.8646531,14,1573826239,AUT,FALSE,TRUE,TRUE,626.3453844,-47.05938873,149.2312594,179.9101745,0.446390299,-179.75752,-13.46251457,-2.517982401,3.207825512,-0.148455743,0.942659487,0.266766766,-36.12653161,63.62603187,57.87924156,-76.96964149,-55.00636962,68.39396782,26.47212409,1,1
172.965204,14,1573826239,AUT,FALSE,TRUE,TRUE,649.9977488,-50.5700738,146.9403607,179.9494962,0.445380785,-179.8132493,-7.709477836,-0.709816895,1.563287792,-0.290919682,0.13866006,-0.205097485,-33.72029915,65.69966354,57.07503891,-71.23377914,-54.74743286,69.99570579,24.03566551,1,1
173.0657461,14,1573826239,AUT,FALSE,TRUE,TRUE,649.9977488,-50.5700738,146.9403607,179.9494962,0.445380785,-179.8132493,-7.709477836,-0.709816895,1.563287792,-0.290919682,0.13866006,-0.205097485,-33.72029915,65.69966354,57.07503891,-71.23377914,-54.74743286,69.99570579,24.03566551,1,1
173.1662819,14,1573826239,AUT,FALSE,TRUE,TRUE,676.9573463,-56.42552913,143.4403683,179.9943598,0.319462301,-179.9156832,-5.910009506,5.957428443,4.409573894,0.987604015,0.669053756,-0.219404278,-31.19070053,68.58468361,56.81735115,-64.10553359,-54.96833496,72.33911361,21.01765937,1,1
173.266819,14,1573826240,AUT,FALSE,TRUE,TRUE,698.2906978,-60.68813158,141.8896252,-179.9459717,0.207583834,-179.9272846,-3.305316052,5.190588741,1.092634781,0.569048222,-0.123757881,-0.140850496,-28.95203019,70.86643066,56.80772781,-58.06435776,-55.25299621,74.4705265,18.41688995,1,1
173.3673851,14,1573826240,AUT,FALSE,TRUE,TRUE,698.2906978,-60.68813158,141.8896252,-179.9459717,0.207583834,-179.9272846,-3.305316052,5.190588741,1.092634781,0.569048222,-0.123757881,-0.140850496,-28.95203019,70.86643066,56.80772781,-58.06435776,-55.25299621,74.4705265,18.41688995,1,1
173.467895,14,1573826240,AUT,FALSE,TRUE,TRUE,716.8547219,-59.19425219,144.5625342,-179.7846092,-0.097292626,179.8711952,9.388791606,9.959536059,-1.063437288,1.073653206,-1.418813774,-0.931783426,-26.71710549,72.68255653,56.90735321,-52.42852936,-55.30249511,76.97276916,16.00608444,1,1
173.5685921,14,1573826240,AUT,FALSE,TRUE,TRUE,716.8547219,-59.19425219,144.5625342,-179.7846092,-0.097292626,179.8711952,9.388791606,9.959536059,-1.063437288,1.073653206,-1.418813774,-0.931783426,-26.71710549,72.68255653,56.90735321,-52.42852936,-55.30249511,76.97276916,16.00608444,1,1
173.669441,14,1573826240,AUT,FALSE,TRUE,TRUE,720.5437808,-33.05420694,147.1810516,-179.6977631,-0.180549126,179.6664462,3.545738626,9.856998495,0.772325548,0.593047932,-0.339551776,-1.15972439,-24.09251289,73.13317794,57.38767204,-50.7710186,-55.27315063,77.59856414,17.61517639,1,1
173.770148,14,1573826240,AUT,FALSE,TRUE,TRUE,720.5437808,-33.05420694,147.1810516,-179.6977631,-0.180549126,179.6664462,3.545738626,9.856998495,0.772325548,0.593047932,-0.339551776,-1.15972439,-24.09251289,73.13317794,57.38767204,-50.7710186,-55.27315063,77.59856414,17.61517639,1,1
173.8708611,14,1573826240,AUT,FALSE,TRUE,TRUE,719.614091,17.01951269,147.2914223,-179.8788091,-0.081352935,179.7457796,-7.313979954,7.098232197,1.936016297,0.644872708,1.532816873,-0.552209511,-20.32524948,72.88660354,57.37882461,-51.43418426,-55.31049316,77.31209221,22.04599342,1,1
173.9714441,14,1573826240,AUT,FALSE,TRUE,TRUE,718.5759773,56.38905855,146.0226526,-179.9272922,-0.078323477,179.8728567,0.880848323,0.658892152,1.551279144,-0.277143518,-0.070021322,-0.356241263,-17.0092186,72.99953613,57.16556968,-51.16669464,-55.30937255,77.26748085,25.14449501,1,1
174.071986,14,1573826240,AUT,FALSE,TRUE,TRUE,718.5759773,56.38905855,146.0226526,-179.9272922,-0.078323477,179.8728567,0.880848323,0.658892152,1.551279144,-0.277143518,-0.070021322,-0.356241263,-17.0092186,72.99953613,57.16556968,-51.16669464,-55.30937255,77.26748085,25.14449501,1,1
174.1725969,14,1573826240,AUT,FALSE,TRUE,TRUE,715.3782254,85.25740066,143.8104835,-179.9954711,-0.299316068,-179.8946758,7.230330406,-1.799386729,-0.12618326,-0.288896702,-0.514306073,0.148402903,-14.42881165,73.1540245,56.92322502,-51.00666847,-55.3079663,77.36133499,27.55056953,1,1
174.2731941,14,1573826241,AUT,FALSE,TRUE,TRUE,715.3782254,85.25740066,143.8104835,-179.9954711,-0.299316068,-179.8946758,7.230330406,-1.799386729,-0.12618326,-0.288896702,-0.514306073,0.148402903,-14.42881165,73.1540245,56.92322502,-51.00666847,-55.3079663,77.36133499,27.55056953,1,1
174.3737609,14,1573826241,AUT,FALSE,TRUE,TRUE,706.3795448,101.3142076,142.8322062,179.9952715,-0.75620747,-179.700822,15.4955251,-2.264881419,-1.852254131,0.109547097,-0.664089596,0.175053543,-13.55971069,72.74381218,56.87134208,-52.54659805,-55.20629882,77.28576965,29.5711647,1,1
174.47435,14,1573826241,AUT,FALSE,TRUE,TRUE,690.7721889,107.8787862,143.343878,-179.9962722,-0.840785978,-179.6410071,15.4955251,-2.264881419,-1.852254131,0.109547097,-0.664089596,0.175053543,-14.54737473,71.33699913,56.97353554,-56.88885841,-55.09033813,76.02228012,31.97068176,1,1
174.5749149,14,1573826241,AUT,FALSE,TRUE,TRUE,690.7721889,107.8787862,143.343878,-179.9962722,-0.840785978,-179.6410071,13.24134321,0.384768431,-0.851878639,0.682535182,-0.127214361,0.205863172,-14.54737473,71.33699913,56.97353554,-56.88885841,-55.09033813,76.02228012,31.97068176,1,1
174.6754301,14,1573826241,AUT,FALSE,TRUE,TRUE,660.0595925,111.8770998,143.1796173,179.9827079,-0.704398573,-179.5923603,7.638376944,-0.328950792,0.937163419,0.682535182,-0.127214361,0.205863172,-16.65972634,68.98176384,57.09905777,-63.61811142,-54.95432739,73.72040748,35.25731392,1,1
174.776046,14,1573826241,AUT,FALSE,TRUE,TRUE,660.0595925,111.8770998,143.1796173,179.9827079,-0.704398573,-179.5923603,7.638376944,-0.328950792,0.937163419,0.353154345,0.334286609,0.120433216,-16.65972634,68.98176384,57.09905777,-63.61811142,-54.95432739,73.72040748,35.25731392,1,1
174.8766789,14,1573826241,AUT,FALSE,TRUE,TRUE,631.6105497,108.142087,142.0355543,-179.9824126,-0.386841436,-179.6245782,-5.905305698,3.019478491,2.867025118,0.736740624,0.958670267,-0.18612922,-20.02276841,65.73983917,57.17129631,-72.68947792,-54.88077392,70.07909889,38.92651405,1,1
174.977246,14,1573826241,AUT,FALSE,TRUE,TRUE,631.6105497,108.142087,142.0355543,-179.9824126,-0.386841436,-179.6245782,-5.905305698,3.019478491,2.867025118,0.736740624,0.958670267,-0.18612922,-20.02276841,65.73983917,57.17129631,-72.68947792,-54.88077392,70.07909889,38.92651405,1,1
175.077812,14,1573826241,AUT,FALSE,TRUE,TRUE,614.5800031,101.0733798,142.186631,-179.8239573,-0.100169394,-179.7814221,-12.1931358,10.13175936,4.087742113,1.801744479,1.824641952,-0.905665667,-22.26916352,63.92654914,57.23575859,-77.34735145,-54.78598388,67.97966995,40.02280884,1,1
175.1783741,14,1573826241,AUT,FALSE,TRUE,TRUE,614.5800031,101.0733798,142.186631,-179.8239573,-0.100169394,-179.7814221,-12.1931358,10.13175936,4.087742113,1.801744479,1.824641952,-0.905665667,-22.26916352,63.92654914,57.23575859,-77.34735145,-54.78598388,67.97966995,40.02280884,1,1
175.2793431,14,1573826242,AUT,FALSE,TRUE,TRUE,606.4357113,107.8667437,142.7331042,-179.6696417,0.031065994,179.7867526,-12.08843794,16.96063091,5.213981006,1.914237605,1.786637057,-1.432968871,-22.87788163,63.30355224,57.61556282,-79.23653297,-54.85068237,67.22508774,41.14518928,1,1
175.380111,14,1573826242,AUT,FALSE,TRUE,TRUE,607.6373926,138.1715765,140.8286761,-179.7355494,0.069037381,179.6731383,-8.444839733,11.86024821,5.361763656,1.914237605,1.786637057,-1.432968871,-19.6594883,64.18014793,57.84621391,-77.81481628,-55.15486633,67.6297554,43.43515205,1,1
175.4807301,14,1573826242,AUT,FALSE,TRUE,TRUE,607.6373926,138.1715765,140.8286761,-179.7355494,0.069037381,179.6731383,-8.444839733,11.86024821,5.361763656,0.797677848,1.203681153,-1.102274364,-19.6594883,64.18014793,57.84621391,-77.81481628,-55.15486633,67.6297554,43.43515205,1,1
175.581291,14,1573826242,AUT,FALSE,TRUE,TRUE,610.5906356,174.5887663,138.0930214,-179.8433768,0.020875271,179.7439059,-3.660797437,9.97491483,2.679398139,0.604427433,0.736440825,-0.65327806,-15.44161378,65.49814682,57.76500091,-75.10860214,-55.51204284,68.57811584,45.80535278,1,1
175.6818449,14,1573826242,AUT,FALSE,TRUE,TRUE,610.5906356,174.5887663,138.0930214,-179.8433768,0.020875271,179.7439059,-3.660797437,9.97491483,2.679398139,0.604427433,0.736440825,-0.65327806,-15.44161378,65.49814682,57.76500091,-75.10860214,-55.51204284,68.57811584,45.80535278,1,1
175.7823861,14,1573826242,AUT,FALSE,TRUE,TRUE,615.0070563,215.3358011,136.6674704,-179.9303338,-0.058310648,179.958293,1.320060137,4.657517313,0.953581682,0.206420116,0.068893162,-0.31859911,-11.01443939,66.82891388,57.49682121,-71.65440444,-55.60943115,69.78887443,47.74233513,1,1
175.882889,14,1573826242,AUT,FALSE,TRUE,TRUE,615.0070563,215.3358011,136.6674704,-179.9303338,-0.058310648,179.958293,1.320060137,4.657517313,0.953581682,0.206420116,0.068893162,-0.31859911,-11.01443939,66.82891388,57.49682121,-71.65440444,-55.60943115,69.78887443,47.74233513,1,1
175.9834471,14,1573826242,AUT,FALSE,TRUE,TRUE,616.1815446,241.967424,137.2816407,179.9812065,-0.133036738,-179.9201528,3.62192223,-0.846995543,-0.189269092,-0.479328544,-0.255079691,0.078240443,-6.861397938,67.98701363,57.35246429,-68.1965538,-55.58181701,71.16963615,48.96932602,1,1
176.083976,14,1573826242,AUT,FALSE,TRUE,TRUE,614.1290365,256.1616561,139.5359781,179.9602989,-0.359797342,-179.7217602,11.46948426,-4.943424733,-2.529423542,-0.774212481,-1.238005545,0.283717056,-5.037845994,68.23730277,57.33601226,-66.92213287,-55.40064697,72.02450638,49.71146621,1,1
176.1845391,14,1573826243,AUT,FALSE,TRUE,TRUE,614.1290365,256.1616561,139.5359781,179.9602989,-0.359797342,-179.7217602,11.46948426,-4.943424733,-2.529423542,-0.774212481,-1.238005545,0.283717056,-5.037845994,68.23730277,57.33601226,-66.92213287,-55.40064697,72.02450638,49.71146621,1,1
176.2850821,14,1573826243,AUT,FALSE,TRUE,TRUE,603.6611611,263.788428,141.4252743,-179.9989693,-0.538583413,-179.6320498,10.60102678,-1.864343767,-1.66717562,0.070625623,-0.547634723,0.184813198,-4.688034444,67.65716972,57.55730094,-68.31845741,-55.29344787,71.92283134,51.17234573,1,1
176.3856711,14,1573826243,AUT,FALSE,TRUE,TRUE,582.6250233,268.853376,141.7886123,-179.9796529,-0.566342264,-179.5852543,6.536679516,2.28343932,0.252133993,0.070625623,-0.547634723,0.184813198,-5.209909063,66.16370544,57.75230141,-72.46143608,-55.2175653,70.55839119,53.89557151,1,1
176.486191,14,1573826243,AUT,FALSE,TRUE,TRUE,582.6250233,268.853376,141.7886123,-179.9796529,-0.566342264,-179.5852543,6.536679516,2.28343932,0.252133993,1.008424562,-0.104716424,0.023337549,-5.209909063,66.16370544,57.75230141,-72.46143608,-55.2175653,70.55839119,53.89557151,1,1
176.586729,14,1573826243,AUT,FALSE,TRUE,TRUE,553.6981267,271.7960959,138.6980261,-179.9445224,-0.563699529,-179.6012258,2.558589019,2.161808172,1.788212683,0.566112953,0.333484677,-0.2138388,-6.104055406,64.26149826,57.76018409,-78.14030342,-55.18931945,68.22927933,57.33207092,1,1
176.687269,14,1573826243,AUT,FALSE,TRUE,TRUE,553.6981267,271.7960959,138.6980261,-179.9445224,-0.563699529,-179.6012258,2.558589019,2.161808172,1.788212683,0.566112953,0.333484677,-0.2138388,-6.104055406,64.26149826,57.76018409,-78.14030342,-55.18931945,68.22927933,57.33207092,1,1
176.7877941,14,1573826243,AUT,FALSE,TRUE,TRUE,524.6406064,272.6119589,134.8627703,-179.892561,-0.421110366,-179.6428179,-1.258116415,6.372348891,1.175634244,0.981167248,0.879962271,-0.525836739,-7.03089295,62.28535652,57.75816879,-84.06565589,-55.42042236,65.56423301,60.88833847,1,1
176.8883991,14,1573826243,AUT,FALSE,TRUE,TRUE,524.6406064,272.6119589,134.8627703,-179.892561,-0.421110366,-179.6428179,-1.258116415,6.372348891,1.175634244,0.981167248,0.879962271,-0.525836739,-7.03089295,62.28535652,57.75816879,-84.06565589,-55.42042236,65.56423301,60.88833847,1,1
176.9893019,14,1573826243,AUT,FALSE,TRUE,TRUE,498.2260892,271.6272128,134.6031106,-179.8804484,-0.248849379,-179.5908647,-2.041465946,6.822878832,1.43989408,1.318280389,0.886525386,-0.571541632,-7.669466406,60.53347664,57.79241867,-89.07998771,-55.47994079,63.43868751,63.93090248,1,1
183.6817331,15,1573826250,AUT,FALSE,FALSE,TRUE,471.5805076,-400.2214816,169.5945333,179.9741933,-0.054201193,179.9910001,2.836361477,-1.888493388,10.07261614,-0.335251187,0.64060652,-0.015187889,-72.80263024,61.04650039,58.0931282,-78.18604087,-52.57199707,69.34651336,-10.11709328,0.5,1
183.7822649,15,1573826250,AUT,FALSE,TRUE,TRUE,469.1051016,-399.9058644,162.2896211,179.9906129,-0.19994691,179.8533014,-2.291775245,-2.349461177,10.08384621,-0.459008139,1.391915564,-0.026901435,-72.82593499,61.29493561,57.60037765,-78.55041618,-52.58913024,68.83870124,-10.12092819,1,1
183.88275,15,1573826250,AUT,FALSE,TRUE,TRUE,469.1051016,-399.9058644,162.2896211,179.9906129,-0.19994691,179.8533014,-2.291775245,-2.349461177,10.08384621,-0.459008139,1.391915564,-0.026901435,-72.82593499,61.29493561,57.60037765,-78.55041618,-52.58913024,68.83870124,-10.12092819,1,1
183.983314,15,1573826250,AUT,FALSE,TRUE,TRUE,479.6859626,-400.1812411,148.0536957,-179.9937669,0.568494513,179.9791902,-15.97607246,-1.247155701,2.551868317,-0.409471449,1.000238705,-0.123206198,-72.23304749,62.63902016,57.0352169,-77.61754646,-53.71486633,67.35028381,-9.619776538,1,1
184.083847,15,1573826250,AUT,FALSE,TRUE,TRUE,479.6859626,-400.1812411,148.0536957,-179.9937669,0.568494513,179.9791902,-15.97607246,-1.247155701,2.551868317,-0.409471449,1.000238705,-0.123206198,-69.06519128,64.98302879,57.33760185,-74.14929313,-54.59783752,68.55528144,-8.981264881,1,1
184.1843691,15,1573826251,AUT,FALSE,TRUE,TRUE,503.0891255,-395.756122,143.9005787,-179.9300781,0.651709348,179.9676327,-14.35533718,-2.856727888,5.436663149,-0.699091157,0.680880128,-0.195329145,-69.06519128,64.98302879,57.33760185,-74.14929313,-54.59783752,68.55528144,-8.981264881,1,1
184.284929,15,1573826251,AUT,FALSE,TRUE,TRUE,531.446724,-391.0577903,141.486754,-179.9882596,0.545921648,179.9932911,-7.223751546,-2.539363166,3.037658285,-0.506411691,0.308812036,-0.28087622,-65.16664811,67.06184463,57.21456184,-69.30121879,-54.96835144,70.2400177,-8.785121156,1,1
184.385457,15,1573826251,AUT,FALSE,TRUE,TRUE,531.446724,-391.0577903,141.486754,-179.9882596,0.545921648,179.9932911,-7.223751546,-2.539363166,3.037658285,-0.506411691,0.308812036,-0.28087622,-65.16664811,67.06184463,57.21456184,-69.30121879,-54.96835144,70.2400177,-8.785121156,1,1
184.4859571,15,1573826251,AUT,FALSE,TRUE,TRUE,563.6078178,-387.4129832,139.7558895,-179.973803,0.352762944,-179.9503378,-1.12685784,0.889037019,2.26962409,0.259975736,-0.253489065,-0.226537261,-60.57691041,69.36709899,56.80111885,-62.86325111,-55.06773376,72.44344253,-9.289517213,1,1
184.586508,15,1573826251,AUT,FALSE,TRUE,TRUE,583.5692698,-386.9214433,138.9917485,-179.9515847,0.15335692,-179.9162556,7.425431345,0.319347862,0.61471109,0.07440996,-1.40028176,-0.416402163,-57.51052323,71.0091259,56.50274734,-58.06570014,-55.06592102,74.11096801,-10.18369446,1,1
184.687036,15,1573826251,AUT,FALSE,TRUE,TRUE,596.9888305,-388.9708277,139.549925,-179.8929728,-0.056714029,-179.9679525,12.506359,2.51895295,-0.402155104,0.544070878,-1.895631519,-0.778225293,-55.37647706,72.27336388,56.37517204,-54.05526122,-55.03650512,75.65816231,-11.33416214,1,1
184.7875161,15,1573826251,AUT,FALSE,TRUE,TRUE,596.9888305,-388.9708277,139.549925,-179.8929728,-0.056714029,-179.9679525,12.506359,2.51895295,-0.402155104,0.544070878,-1.895631519,-0.778225293,-55.37647706,72.27336388,56.37517204,-54.05526122,-55.03650512,75.65816231,-11.33416214,1,1
184.8880579,15,1573826251,AUT,FALSE,TRUE,TRUE,604.4987513,-387.7866853,139.8217085,-179.7075991,-0.211191496,179.8346057,12.74954563,9.769682333,-0.330173458,1.300756276,-1.78676353,-1.40423197,-54.08034439,73.02814865,56.40350303,-51.83547363,-54.95310791,76.59486694,-11.99473916,1,1
184.988749,15,1573826251,AUT,FALSE,TRUE,TRUE,608.3905236,-375.9982495,139.315369,-179.5890499,-0.306345145,179.5927083,5.625757788,10.08484692,0.547364237,0.888959256,-0.079874202,-1.931068237,-53.49573098,72.93774147,56.60211868,-52.48714141,-54.93049255,76.56182556,-10.93479882,1,1
185.089767,15,1573826251,AUT,FALSE,TRUE,TRUE,611.7808343,-353.3785976,138.8689496,-179.5918675,-0.31391184,179.5078973,5.348519012,9.907681607,0.090803755,0.714301705,-0.248966504,-1.960105296,-52.96469651,72.19732475,56.82344169,-55.11870346,-54.98735229,75.7578289,-8.2104847,1,1
185.1908,15,1573826252,AUT,FALSE,TRUE,TRUE,611.7808343,-353.3785976,138.8689496,-179.5918675,-0.31391184,179.5078973,5.348519012,9.907681607,0.090803755,0.714301705,-0.248966504,-1.960105296,-52.96469651,72.19732475,56.82344169,-55.11870346,-54.98735229,75.7578289,-8.2104847,1,1
185.291368,15,1573826252,AUT,FALSE,TRUE,TRUE,614.0944525,-318.7706965,138.8956862,-179.6024349,-0.288078909,179.3998468,3.178965394,9.918427415,-0.578191095,0.648917049,-0.076263635,-1.793414483,-52.29290314,70.89619331,57.17552261,-59.37279167,-55.04720031,74.41486702,-3.977658469,1,1
185.3918841,15,1573826252,AUT,FALSE,TRUE,TRUE,614.6959075,-273.0565261,139.8116843,-179.6613631,-0.203263171,179.3677316,-2.685004538,9.660112116,-0.606777483,0.633595873,0.746013185,-1.374875199,-51.22061692,69.1506958,57.64388351,-64.78606109,-55.18210693,72.67520943,1.672016144,1,1
185.492461,15,1573826252,AUT,FALSE,TRUE,TRUE,613.2961772,-222.0914647,142.304881,-179.8073462,-0.161368861,179.4533916,-5.035172699,5.874769887,0.227005673,0.589187142,0.903359932,-0.8860954,-49.51755753,67.24387436,58.15406799,-70.08124123,-55.32057312,71.06919364,7.9246582,1,1
185.5929871,15,1573826252,AUT,FALSE,TRUE,TRUE,610.3530213,-173.8925901,144.3428589,-179.8717326,-0.147214057,179.6130702,-4.221385584,4.233879856,1.2548221,0.589187142,0.903359932,-0.8860954,-47.29499932,65.49319267,58.44785271,-74.52541008,-55.33409179,69.66882476,13.75922241,1,1
185.693481,15,1573826252,AUT,FALSE,TRUE,TRUE,610.3530213,-173.8925901,144.3428589,-179.8717326,-0.147214057,179.6130702,-4.221385584,4.233879856,1.2548221,0.366262983,0.912921719,-0.546267835,-47.29499932,65.49319267,58.44785271,-74.52541008,-55.33409179,69.66882476,13.75922241,1,1
185.794008,15,1573826252,AUT,FALSE,TRUE,TRUE,607.3709284,-128.9348638,144.9105034,-179.8954742,-0.09545779,179.7352056,-6.474802861,3.065503657,4.300747174,0.378721461,1.107093283,-0.454819996,-44.67146416,64.14170265,58.50317916,-77.83733826,-55.27905029,68.4291687,18.92539558,1,1
185.8945501,15,1573826252,AUT,FALSE,TRUE,TRUE,605.6270121,-89.7238897,143.826736,-179.9071945,-0.101992132,179.7698815,-4.877709984,0.022235434,3.418781589,-0.434881328,0.881038752,-0.483794391,-41.92583313,63.41334343,58.45118637,-79.81724281,-55.24014221,67.56717109,23.22215194,1,1
185.9950471,15,1573826252,AUT,FALSE,TRUE,TRUE,606.8231516,-59.9551639,142.8019402,179.9780115,0.016007986,179.9003899,-6.21851148,-1.315362744,1.298642764,-0.584827957,0.97387649,-0.122454131,-39.20153618,63.12129593,58.26451492,-80.55593948,-55.31171264,67.07917213,26.45100631,1,1
186.0955842,15,1573826252,AUT,FALSE,TRUE,TRUE,606.8231516,-59.9551639,142.8019402,179.9780115,0.016007986,179.9003899,-6.21851148,-1.315362744,1.298642764,-0.584827957,0.97387649,-0.122454131,-39.20153618,63.12129593,58.26451492,-80.55593948,-55.31171264,67.07917213,26.45100631,1,1
186.1961811,15,1573826253,AUT,FALSE,TRUE,TRUE,615.1567487,-43.66516869,144.4796354,179.9056229,0.393967734,-179.8427884,-10.86819676,-3.514061063,0.971390612,-0.523658545,0.754643482,0.116129855,-36.88137131,63.19083938,57.88638954,-79.42507209,-55.27341979,67.17159462,27.73446006,1,1
186.2967231,15,1573826253,AUT,FALSE,TRUE,TRUE,631.3671118,-40.51531103,147.711567,179.8563067,0.473573171,-179.7748523,-12.35532004,-2.18643361,2.493902768,-0.424493998,0.728859665,0.154373671,-34.85238533,63.98041649,57.35800552,-75.8487545,-54.74324707,68.41976166,26.65774154,1,1
186.3973861,15,1573826253,AUT,FALSE,TRUE,TRUE,652.8472341,-45.10124981,149.3799295,179.9760989,0.420486843,-179.8019267,-6.453936738,0.442371458,1.928128483,-0.014455991,0.062303847,-0.139963826,-32.90447159,65.62162628,56.88956223,-70.58994598,-54.3835382,70.29289284,24.12584953,1,1
186.498014,15,1573826253,AUT,FALSE,TRUE,TRUE,673.8458582,-50.83166766,149.2029505,-179.9515738,0.288220338,-179.9302903,-6.453936738,0.442371458,1.928128483,-0.014455991,0.062303847,-0.139963826,-31.04772378,67.67524566,56.72420082,-64.96847534,-54.36965148,72.34537239,21.52806015,1,1
186.5986571,15,1573826253,AUT,FALSE,TRUE,TRUE,673.8458582,-50.83166766,149.2029505,-179.9515738,0.288220338,-179.9302903,-5.931490694,6.850638018,4.95209885,1.032540531,0.425201759,-0.348928373,-31.04772378,67.67524566,56.72420082,-64.96847534,-54.36965148,72.34537239,21.52806015,1,1
186.6997151,15,1573826253,AUT,FALSE,TRUE,TRUE,692.6463811,-54.54698315,147.0135663,-179.9749433,0.143374294,-179.9840896,-1.131310461,5.558439143,5.024100625,0.460022673,0.088347669,-0.351561046,-29.06918221,69.82118797,56.66012649,-59.53244018,-54.62336975,74.20038986,19.35677719,1,1
186.800637,15,1573826253,AUT,FALSE,TRUE,TRUE,705.1602007,-53.72523427,144.0361363,-179.9337237,-0.059840747,179.9388721,7.275024791,4.506664363,-0.307863498,0.131843845,-0.970724523,-0.432403394,-27.3645813,71.44182929,56.61403541,-55.61168403,-54.80527038,75.5122364,17.9467987,1,1
186.901123,15,1573826253,AUT,FALSE,TRUE,TRUE,712.0408597,-44.10086843,140.9652729,-179.8520589,-0.13656016,179.797653,6.710387465,9.743028854,-0.290614551,0.8126514,-0.935927189,-0.733524574,-25.78054161,72.43672371,56.62674179,-53.53491439,-54.9202478,76.04045219,17.87722434,1,1
187.0016651,15,1573826253,AUT,FALSE,TRUE,TRUE,712.0408597,-44.10086843,140.9652729,-179.8520589,-0.13656016,179.797653,6.710387465,9.743028854,-0.290614551,0.8126514,-0.935927189,-0.733524574,-25.78054161,72.43672371,56.62674179,-53.53491439,-54.9202478,76.04045219,17.87722434,1,1
187.102221,15,1573826253,AUT,FALSE,TRUE,TRUE,714.0457235,-23.39388325,139.3113597,-179.832413,-0.178694069,179.7551053,2.510628802,7.279539103,0.019235221,0.333776778,-0.326386243,-0.700605384,-24.01384392,72.73883056,56.66817054,-53.14294624,-55.01803161,76.08774147,19.35657806,1,1
187.202723,15,1573826254,AUT,FALSE,TRUE,TRUE,714.4608543,3.615679768,140.0020012,-179.8631106,-0.089002577,179.7500431,-5.096073627,9.350658007,0.222117777,0.769647434,0.797955229,-0.526163978,-21.96864624,72.67973442,56.72318802,-53.24281539,-55.04979858,76.02260284,21.62161216,1,1
187.3032911,15,1573826254,AUT,FALSE,TRUE,TRUE,714.2791799,32.27996146,142.2176885,-179.8990676,-0.023410286,179.8489781,-4.139520638,5.387134386,1.399718061,0.312740391,0.242378067,-0.405806587,-19.56903306,72.51936836,56.72512779,-53.1484909,-55.0403778,76.16066322,23.9321434,1,1
187.4038451,15,1573826254,AUT,FALSE,TRUE,TRUE,714.2791799,32.27996146,142.2176885,-179.8990676,-0.023410286,179.8489781,-4.139520638,5.387134386,1.399718061,0.312740391,0.242378067,-0.405806587,-19.56903306,72.51936836,56.72512779,-53.1484909,-55.0403778,76.16066322,23.9321434,1,1
187.5043621,15,1573826254,AUT,FALSE,TRUE,TRUE,712.6760721,64.77301611,144.7064294,-179.9600379,-0.098487917,179.9569119,1.168876108,2.017713557,1.20742957,-0.19969429,-0.512566263,-0.268689368,-16.77169419,72.39500312,56.6901432,-52.83236961,-54.93602416,76.51104126,26.49073906,1,1
187.604929,15,1573826254,AUT,FALSE,TRUE,TRUE,710.5914507,84.12658847,145.6474697,179.9761452,-0.180212793,-179.9123228,3.380413206,-2.813156901,1.345268664,-0.798222354,-0.710510778,-0.015616666,-15.08151284,72.32424431,56.63145561,-52.72014427,-54.89801147,76.71470031,28.08127441,1,1
187.7054651,15,1573826254,AUT,FALSE,TRUE,TRUE,707.5940914,93.93939774,145.6995751,179.9762607,-0.454380158,-179.7846117,7.504085498,-1.447992048,1.006661847,-0.233976428,-0.398287794,0.079512772,-14.25839997,72.22484207,56.54710121,-52.90034752,-54.78455017,76.91667023,28.99432067,1,1
187.8059561,15,1573826254,AUT,FALSE,TRUE,TRUE,707.5940914,93.93939774,145.6995751,179.9762607,-0.454380158,-179.7846117,7.504085498,-1.447992048,1.006661847,-0.233976428,-0.398287794,0.079512772,-14.25839997,72.22484207,56.54710121,-52.90034752,-54.78455017,76.91667023,28.99432067,1,1
187.906498,15,1573826254,AUT,FALSE,TRUE,TRUE,700.7511118,99.21874881,144.8775987,-179.9916163,-0.784350563,-179.7423345,13.77309894,2.045056838,-0.723242056,0.760049168,-0.342851098,0.05503679,-14.34238014,71.81794624,56.58495598,-54.3805973,-54.67825744,76.70476799,30.01960945,1,1
188.0070381,15,1573826254,AUT,FALSE,TRUE,TRUE,687.352316,106.1102632,143.7687343,179.9645601,-0.838282621,-179.7142562,13.75757434,-1.035244179,-2.230978907,0.2233445,-0.447716221,0.182552511,-15.08395043,70.74928551,56.69680709,-57.95494079,-54.66752929,75.51999893,32.19348449,1,1
188.1075451,15,1573826254,AUT,FALSE,TRUE,TRUE,668.3253941,111.8999014,143.8170422,179.944712,-0.736805858,-179.6245083,8.812396624,0.01385175,0.505001906,0.628922239,-0.005284216,0.329815968,-16.3861393,69.0003582,56.82580719,-63.07957191,-54.66641967,73.75554313,34.9669075,1,1
188.20807,15,1573826255,AUT,FALSE,TRUE,TRUE,647.3317151,114.0290303,144.6170988,179.9848043,-0.529695416,-179.6356854,8.812396624,0.01385175,0.505001906,0.628922239,-0.005284216,0.329815968,-18.11881028,66.92818908,56.94631691,-68.61351585,-54.5467456,71.71166725,37.50150146,1,1
188.30865,15,1573826255,AUT,FALSE,TRUE,TRUE,647.3317151,114.0290303,144.6170988,179.9848043,-0.529695416,-179.6356854,-0.671510886,5.698497516,3.011911541,1.530554964,0.896999051,0.114420986,-18.11881028,66.92818908,56.94631691,-68.61351585,-54.5467456,71.71166725,37.50150146,1,1
188.409332,15,1573826255,AUT,FALSE,TRUE,TRUE,630.1360068,113.5052728,145.5149207,-179.9612392,-0.236188462,-179.7891878,-7.534840054,6.301942496,2.021787222,0.736318568,1.079003927,-0.638340288,-19.72875366,65.12932891,57.01655388,-73.17793007,-54.36237304,69.78320618,39.25943069,1,1
188.5101471,15,1573826255,AUT,FALSE,TRUE,TRUE,617.694435,117.4959596,146.680182,-179.7456172,-0.093971771,179.9881839,-13.1828796,14.57073354,4.332367521,1.901977189,1.829262192,-1.171815362,-20.53304558,63.97761841,57.28318519,-76.08174705,-54.25158691,68.60888443,40.55905837,1,1
188.610852,15,1573826255,AUT,FALSE,TRUE,TRUE,617.694435,117.4959596,146.680182,-179.7456172,-0.093971771,179.9881839,-13.1828796,14.57073354,4.332367521,1.901977189,1.829262192,-1.171815362,-19.96402245,63.64829292,57.60092697,-77.06729965,-54.31971313,68.26887817,42.15748672,1,1
188.7113681,15,1573826255,AUT,FALSE,TRUE,TRUE,611.4451887,130.2185925,147.5515877,-179.7699685,0.006107933,179.7924921,-12.23899199,13.34768579,4.51768118,1.199341941,1.777978626,-1.234749438,-19.96402245,63.64829292,57.60092697,-77.06729965,-54.31971313,68.26887817,42.15748672,1,1
188.811939,15,1573826255,AUT,FALSE,TRUE,TRUE,609.4647869,157.5191337,146.1161514,-179.7858617,0.000406508,179.7144198,-8.290693923,10.84418296,4.974610836,0.584097357,1.197114316,-0.93412096,-17.1877327,64.15023422,57.62910003,-76.17460556,-54.47435668,68.47620391,44.31253395,1,1
188.912504,15,1573826255,AUT,FALSE,TRUE,TRUE,610.2920326,183.3108306,144.4691686,-179.8908791,0.019733698,179.7106835,-5.574624652,11.47272825,3.350259231,0.934042986,0.896956903,-0.706190493,-14.22149621,64.96811485,57.52328109,-74.42046318,-54.66337097,68.98334999,46.07562675,1,1
189.0129921,15,1573826255,AUT,FALSE,TRUE,TRUE,610.2920326,183.3108306,144.4691686,-179.8908791,0.019733698,179.7106835,-5.574624652,11.47272825,3.350259231,0.934042986,0.896956903,-0.706190493,-11.11312752,65.881707,57.321912,-72.10677681,-54.72322448,69.86889953,47.40457077,1,1
189.1135261,15,1573826255,AUT,FALSE,TRUE,TRUE,611.9372595,208.2798289,143.3210284,-179.9579479,-0.087999841,179.8603159,-0.030212143,6.174063633,2.233076826,0.240159792,0.479242118,-0.34882173,-11.11312752,65.881707,57.321912,-72.10677681,-54.72322448,69.86889953,47.40457077,1,1
189.2140551,15,1573826256,AUT,FALSE,TRUE,TRUE,612.7177923,234.0071682,141.0175542,179.960521,-0.209788738,-179.9520434,3.314320016,-0.555058376,1.220828382,-0.733323054,0.091123915,0.096457933,-7.804285813,66.88502655,56.96216125,-69.60082969,-54.72410339,70.70103836,48.69791564,1,1
189.3145471,15,1573826256,AUT,FALSE,TRUE,TRUE,610.7761177,246.7059999,139.0147929,179.9381962,-0.357942915,-179.7787969,8.594659768,-1.035277183,0.519377642,-0.733323054,0.091123915,0.096457933,-6.189034656,67.31553268,56.72302322,-68.66839943,-54.71463317,71.03993911,49.50131492,1,1
189.4150941,15,1573826256,AUT,FALSE,TRUE,TRUE,610.7761177,246.7059999,139.0147929,179.9381962,-0.357942915,-179.7787969,8.594659768,-1.035277183,0.519377642,-0.461334697,-0.499037419,0.23889615,-6.189034656,67.31553268,56.72302322,-68.66839943,-54.71463317,71.03993911,49.50131492,1,1
189.515631,15,1573826256,AUT,FALSE,TRUE,TRUE,602.2295744,256.5017349,136.850567,179.9768239,-0.630941873,-179.797432,9.176606348,-0.414252935,-0.248747587,-0.162316189,0.027538088,0.223195154,-5.473738863,67.2933506,56.80492286,-69.43353195,-54.70341064,70.8272026,50.80953597,1,1
189.6161389,15,1573826256,AUT,FALSE,TRUE,TRUE,587.617525,264.0362354,135.9486012,179.9396269,-0.655563575,-179.6898708,8.82695124,-0.678819303,-2.521976995,-0.068240943,0.028744039,0.311731639,-5.322415925,66.56650886,56.94021262,-71.86550674,-54.86015258,70.02534828,52.96139374,1,1
189.7167001,15,1573826256,AUT,FALSE,TRUE,TRUE,568.2345971,269.3208266,136.9338429,179.955474,-0.595787712,-179.5985508,6.020173227,1.525503505,-0.624662278,0.61787764,0.210474991,0.289947893,-5.59538155,65.15623855,57.10854378,-75.52934417,-54.86135009,68.80738334,55.54933319,1,1
189.8172259,15,1573826256,AUT,FALSE,TRUE,TRUE,568.2345971,269.3208266,136.9338429,179.955474,-0.595787712,-179.5985508,6.020173227,1.525503505,-0.624662278,0.61787764,0.210474991,0.289947893,-5.59538155,65.15623855,57.10854378,-75.52934417,-54.86135009,68.80738334,55.54933319,1,1
189.917722,15,1573826256,AUT,FALSE,TRUE,TRUE,547.2037191,272.1890567,138.8469684,-179.9812656,-0.482077819,-179.5783798,1.360890733,5.014010302,0.912799022,1.288810352,0.490730362,0.016894159,-6.135215381,63.39857368,57.28242988,-79.62556915,-54.74057739,67.35090179,58.05912208,1,1
190.0182421,15,1573826256,AUT,FALSE,TRUE,TRUE,527.2834336,272.6080062,140.1966086,-179.9724584,-0.38099875,-179.5665234,-0.691143109,5.435218363,2.424542436,1.154049473,0.807502989,-0.269019427,-6.764388663,61.67852669,57.41407356,-83.54605751,-54.58139099,65.84753608,60.33407135,1,1
190.1190951,15,1573826256,AUT,FALSE,TRUE,TRUE,510.8627357,271.5726472,139.6401372,-179.950224,-0.341142522,-179.5679702,-1.773378615,6.006163712,4.193409595,1.330616171,0.819474342,-0.304218983,-7.33804665,60.36016044,57.45352821,-86.7936573,-54.51002929,64.48548203,62.09085044,1,1
190.2199481,15,1573826257,AUT,FALSE,TRUE,TRUE,496.9412583,269.814567,138.0491035,-179.9416238,-0.327371308,-179.6197949,-1.149320412,7.306328161,2.831473725,1.432462933,0.765084198,-0.457861222,-7.874402619,59.3317028,57.45421486,-89.53988571,-54.52248229,63.18546295,63.55168876,1,1