Time/Second,Task_No,Time Stamp,OperationMode,isCollision,isCompliance,isReadyToMove,ToolPosition_x,ToolPosition_y,ToolPosition_z,ToolPosition_A,ToolPosition_b,ToolPosition_c,ToolForce_x,ToolForce_y,ToolForce_z,ToolTorque_x,ToolTorque_y,ToolTorque_z,JointPosition,JointPosition,JointPosition,JointPosition,JointPosition,JointPosition,JointPosition,Tool_Velocity,Tool_Acceleration
0,1,1572608330,AUT,FALSE,FALSE,TRUE,471.8355513,-400.1416054,169.9413584,179.9844008,-0.012126253,-179.9981611,1.966690779,-1.435685805,5.344950899,-0.275995447,0.326590388,0.005900392,-73.94774208,62.75406417,61.12500114,-78.18132706,-55.45504577,70.95766868,-8.865757375,0.5,1
0.100287914,1,1572608331,AUT,FALSE,FALSE,TRUE,471.8355513,-400.1416054,169.9413584,179.9844008,-0.012126253,-179.9981611,1.966690779,-1.435685805,5.344950899,-0.275995447,0.326590388,0.005900392,-73.94774208,62.75406417,61.12500114,-78.18132706,-55.45504577,70.95766868,-8.865757375,0.5,1
0.201083899,1,1572608331,AUT,FALSE,TRUE,TRUE,469.6343162,-401.6403026,167.2616309,179.9456859,-0.297745858,179.9995937,3.039874484,-2.770942446,6.913805272,-0.628084718,0.547389893,0.034839269,-73.97659149,62.82796096,60.81292076,-78.19378624,-55.45572692,70.95490494,-9.005805594,1,1
0.301779032,1,1572608331,AUT,FALSE,TRUE,TRUE,467.5328814,-405.4952526,159.3774309,179.9444588,-0.116691529,179.9890979,-2.055484888,-0.854936856,4.077886216,-0.351558857,0.808190061,0.168824883,-74.15597076,63.29345856,60.16157226,-78.21977234,-55.59274841,70.05081939,-9.398851781,1,1
0.402292967,1,1572608331,AUT,FALSE,TRUE,TRUE,467.5328814,-405.4952526,159.3774309,179.9444588,-0.116691529,179.9890979,-2.055484888,-0.854936856,4.077886216,-0.351558857,0.808190061,0.168824883,-74.15597076,63.29345856,60.16157226,-78.21977234,-55.59274841,70.05081939,-9.398851781,1,1
0.502761841,1,1572608331,AUT,FALSE,TRUE,TRUE,474.0061432,-405.0980686,149.8230141,-179.9809456,0.417570123,179.9477244,-10.2439594,-0.029053954,2.481257942,-0.22133865,0.759655433,0.001851813,-73.91768761,64.35280494,60.11197586,-77.87893524,-56.3778424,69.30831528,-9.038246156,1,1
0.603221893,1,1572608331,AUT,FALSE,TRUE,TRUE,486.5774977,-401.5516978,145.7146949,179.9593979,0.480503442,-179.9923303,-10.2439594,-0.029053954,2.481257942,-0.22133865,0.759655433,0.001851813,-72.12938461,65.69547844,60.28068809,-76.14521026,-57.264104,69.63860549,-8.334139256,1,1
0.703675985,1,1572608331,AUT,FALSE,TRUE,TRUE,486.5774977,-401.5516978,145.7146949,179.9593979,0.480503442,-179.9923303,-8.641682991,-2.907706196,2.690921711,-0.595531497,0.319767972,0.071628397,-72.12938461,65.69547844,60.28068809,-76.14521026,-57.264104,69.63860549,-8.334139256,1,1
0.804141045,1,1572608331,AUT,FALSE,TRUE,TRUE,504.0523528,-399.2581883,143.5371627,179.9503332,0.527680496,-179.9958122,-7.172705553,-2.14219327,-0.701252627,-0.427242908,-0.00463124,0.149873224,-69.83299484,66.95560341,60.22301674,-73.37784004,-57.58437744,70.46771965,-8.168310931,1,1
0.904620886,1,1572608331,AUT,FALSE,TRUE,TRUE,525.8442222,-397.6878818,144.5879949,179.9357851,0.531506847,179.9850579,-8.077190977,-0.135109,1.813987776,-0.261354659,0.435009134,0.235906133,-66.92150116,68.29043541,60.19993858,-69.35701561,-57.65676086,71.93369064,-8.414991763,1,1
1.005154848,1,1572608331,AUT,FALSE,TRUE,TRUE,525.8442222,-397.6878818,144.5879949,179.9357851,0.531506847,179.9850579,-8.077190977,-0.135109,1.813987776,-0.261354659,0.435009134,0.235906133,-66.92150116,68.29043541,60.19993858,-69.35701561,-57.65676086,71.93369064,-8.414991763,1,1
1.105620861,1,1572608332,AUT,FALSE,TRUE,TRUE,550.7359899,-396.9804009,147.603196,179.9156414,0.393079525,-179.9559283,-1.882962535,-1.51798005,2.335525278,-0.493214466,-0.529204778,0.331329239,-63.41222419,69.75930748,60.11541252,-64.19550476,-57.65662902,73.92199631,-9.110058981,1,1
1.20610404,1,1572608332,AUT,FALSE,TRUE,TRUE,572.562857,-398.8440814,149.0621002,179.9535119,0.36026156,-179.9175605,-4.86612809,0.968620269,2.088828204,-0.493214466,-0.529204778,0.331329239,-60.14885902,71.31596718,59.90384674,-58.8298233,-57.64374206,75.72361336,-10.34493256,1,1
1.306583881,1,1572608332,AUT,FALSE,TRUE,TRUE,572.562857,-398.8440814,149.0621002,179.9535119,0.36026156,-179.9175605,-4.86612809,0.968620269,2.088828204,0.144858441,0.060901031,0.204347677,-60.14885902,71.31596718,59.90384674,-58.8298233,-57.64374206,75.72361336,-10.34493256,1,1
1.407048941,1,1572608332,AUT,FALSE,TRUE,TRUE,592.222564,-397.1020553,148.049861,-179.9920371,0.378064867,179.8836639,-0.622005172,2.3011111,2.128563291,-0.2410573,-0.552227457,-0.076424311,-57.1986557,72.89838294,59.82757416,-54.11264419,-57.65263,77.1240509,-11.34874306,1,1
1.507520914,1,1572608332,AUT,FALSE,TRUE,TRUE,608.4808324,-389.101179,146.3262636,-179.8376173,0.224656497,179.7505139,-2.640382448,7.682141258,1.37860732,0.474423196,0.082156489,-0.546077293,-54.63192329,74.03439674,59.75450478,-50.89014473,-57.72621093,78.14678192,-11.55898705,1,1
1.608059883,1,1572608332,AUT,FALSE,TRUE,TRUE,608.4808324,-389.101179,146.3262636,-179.8376173,0.224656497,179.7505139,-2.640382448,7.682141258,1.37860732,0.474423196,0.082156489,-0.546077293,-54.63192329,74.03439674,59.75450478,-50.89014473,-57.72621093,78.14678192,-11.55898705,1,1
1.708530903,1,1572608332,AUT,FALSE,TRUE,TRUE,621.8305443,-376.5299865,146.5065681,-179.7559313,0.022824445,179.7010328,5.672930824,7.641317936,-1.315050731,0.357384549,-1.241797791,-1.119534024,-52.38668518,74.61295394,59.74001312,-48.99484863,-57.76644287,78.91992759,-10.97952691,1,1
1.809020996,1,1572608332,AUT,FALSE,TRUE,TRUE,630.5406143,-362.3030572,149.6496301,-179.7465158,-0.190053931,179.7411412,13.95019777,4.621768924,-2.114193945,0.002603136,-2.087630685,-1.322622104,-50.83761634,74.50771866,59.79098281,-48.60354309,-57.73952087,79.44335403,-9.791547781,1,1
1.909629822,1,1572608332,AUT,FALSE,TRUE,TRUE,633.7334868,-348.2574825,156.4655831,-179.6975867,-0.349274343,179.7393011,13.35526224,5.882696241,-3.688888459,0.406296756,-1.387303875,-1.421801518,-50.19825325,73.69963303,59.95961952,-49.65737571,-57.48751098,79.76340637,-8.328821188,1,1
2.010262966,1,1572608332,AUT,FALSE,TRUE,TRUE,632.6652593,-332.866319,165.0296351,-179.7113337,-0.409242228,179.6895675,13.35526224,5.882696241,-3.688888459,0.406296756,-1.387303875,-1.421801518,-50.27281608,72.30527572,60.24188576,-52.10074883,-57.0517987,79.71531715,-6.367401125,1,1
2.110877991,1,1572608333,AUT,FALSE,TRUE,TRUE,632.6652593,-332.866319,165.0296351,-179.7113337,-0.409242228,179.6895675,6.453595215,6.025861486,-2.803742684,0.38183922,-0.370542987,-1.464662896,-50.27281608,72.30527572,60.24188576,-52.10074883,-57.0517987,79.71531715,-6.367401125,1,1
2.212064028,1,1572608333,AUT,FALSE,TRUE,TRUE,630.1320455,-309.9257996,171.6425862,-179.650958,-0.404744172,179.5891664,1.630968324,8.026584345,1.605110722,0.596802696,0.895810791,-1.529712312,-50.47527008,70.66031684,60.65795517,-55.85018005,-56.61828918,79.09336738,-3.478285219,1,1
2.312549829,1,1572608333,AUT,FALSE,TRUE,TRUE,626.5795813,-276.4211233,170.9706132,-179.7108437,-0.332962256,179.5693239,-0.81471623,7.149535283,5.037626378,0.47888177,0.965671849,-1.334281866,-50.39475746,69.08414268,60.96201896,-60.97044067,-56.45343383,77.41233558,0.989610669,1,1
2.413036823,1,1572608333,AUT,FALSE,TRUE,TRUE,621.273135,-238.6477104,164.464159,-179.7932446,-0.227615659,179.566459,-1.169327261,5.263623703,1.896990396,-0.038650114,0.621830499,-0.897332941,-49.95621071,67.81457977,61.05977325,-66.43873787,-56.55592529,75.10711555,6.011207194,1,1
2.513522863,1,1572608333,AUT,FALSE,TRUE,TRUE,621.273135,-238.6477104,164.464159,-179.7932446,-0.227615659,179.566459,-1.169327261,5.263623703,1.896990396,-0.038650114,0.621830499,-0.897332941,-49.95621071,67.81457977,61.05977325,-66.43873787,-56.55592529,75.10711555,6.011207194,1,1
2.61398983,1,1572608333,AUT,FALSE,TRUE,TRUE,614.4184443,-200.1773427,159.6605352,-179.8721019,-0.090837847,179.6285925,-3.808530263,1.920557803,-1.514587166,-0.502780146,0.608930993,-0.555903646,-49.16149749,66.4863636,61.15715675,-71.59377021,-56.73727111,72.93812943,11.07302055,1,1
2.714459896,1,1572608333,AUT,FALSE,TRUE,TRUE,609.4400961,-167.7622142,160.9338018,-179.8583631,0.030952311,179.7203259,-6.985823857,4.019683646,-1.451468219,0.055030434,0.798770698,-0.571098746,-48.06809349,65.19294662,61.45736503,-75.13177643,-56.75542053,71.75348053,15.09880599,1,1
2.814970016,1,1572608333,AUT,FALSE,TRUE,TRUE,607.7908852,-137.6330449,165.7117427,-179.8443073,0.102942331,179.6879312,-7.355738302,2.847085303,0.506634399,-0.312280121,0.750645166,-0.794509986,-46.57207146,64.18483086,61.99259148,-77.19749107,-56.5919934,71.409272,18.45699005,1,1
2.915462971,1,1572608333,AUT,FALSE,TRUE,TRUE,607.7908852,-137.6330449,165.7117427,-179.8443073,0.102942331,179.6879312,-7.355738302,2.847085303,0.506634399,-0.312280121,0.750645166,-0.794509986,-44.57850952,63.56215324,62.35591964,-78.03311806,-56.45579589,71.39861869,21.18026046,1,1
3.015930891,1,1572608333,AUT,FALSE,TRUE,TRUE,609.8973044,-110.623105,170.0333752,-179.8237688,0.216161925,179.7161808,-12.98688619,6.786185326,3.073809129,0.837599219,1.666321092,-0.798043591,-44.57850952,63.56215324,62.35591964,-78.03311806,-56.45579589,71.39861869,21.18026046,1,1
3.116396904,1,1572608334,AUT,FALSE,TRUE,TRUE,620.764937,-82.5531326,171.0634878,-179.9360781,0.442507004,179.9084204,-12.93852665,2.041400029,3.896790217,0.129327168,0.94047373,-0.524588866,-41.18722229,63.69934158,62.04371223,-76.85946579,-56.45011047,71.58699989,23.59630165,1,1
3.216867924,1,1572608334,AUT,FALSE,TRUE,TRUE,635.4596333,-69.62046264,167.065304,179.9512422,0.481578689,179.9907297,-12.93852665,2.041400029,3.896790217,0.129327168,0.94047373,-0.524588866,-38.32769737,64.75556373,61.23091278,-74.00850334,-56.44982482,72.02899017,23.91515236,1,1
3.317340851,1,1572608334,AUT,FALSE,TRUE,TRUE,635.4596333,-69.62046264,167.065304,179.9512422,0.481578689,179.9907297,-11.89122671,1.917697975,4.729386049,0.252733929,0.888613932,-0.275822595,-38.32769737,64.75556373,61.23091278,-74.00850334,-56.44982482,72.02899017,23.91515236,1,1
3.417933941,1,1572608334,AUT,FALSE,TRUE,TRUE,662.5272139,-61.90449258,157.1417732,179.9781584,0.448294731,179.9885766,-11.89122671,1.917697975,4.729386049,0.252733929,0.888613932,-0.275822595,-34.50697517,67.2813755,59.95772438,-68.08363151,-56.60022766,73.10483665,22.40123634,1,1
3.518431902,1,1572608334,AUT,FALSE,TRUE,TRUE,662.5272139,-61.90449258,157.1417732,179.9781584,0.448294731,179.9885766,-7.164613737,2.140225076,-1.525862976,-0.227258351,0.004130745,-0.288266555,-34.50697517,67.2813755,59.95772438,-68.08363151,-56.60022766,73.10483665,22.40123634,1,1
3.618907928,1,1572608334,AUT,FALSE,TRUE,TRUE,662.5272139,-61.90449258,157.1417732,179.9781584,0.448294731,179.9885766,-7.164613737,2.140225076,-1.525862976,-0.227258351,0.004130745,-0.288266555,-34.50697517,67.2813755,59.95772438,-68.08363151,-56.60022766,73.10483665,22.40123634,1,1
3.719378948,1,1572608334,AUT,FALSE,TRUE,TRUE,692.3505843,-49.92015923,153.9391359,-179.8220156,0.149179635,179.7621566,2.684498571,10.81664874,0.291056714,0.334290626,-0.802964775,-0.710715829,-29.87643356,70.55560341,59.82530136,-59.70478821,-56.99688354,75.79280663,20.26012459,1,1
3.820155859,1,1572608334,AUT,FALSE,TRUE,TRUE,704.1441364,-25.47744903,156.9931862,-179.8121564,0.174298326,179.6898741,0.232224368,10.71291374,-0.751362174,0.776394293,-0.482376113,-0.910210899,-26.61308555,71.48116035,60.07303619,-56.50394554,-57.14550659,77.0840538,21.00211029,1,1
3.920728922,1,1572608334,AUT,FALSE,TRUE,TRUE,704.1441364,-25.47744903,156.9931862,-179.8121564,0.174298326,179.6898741,0.232224368,10.71291374,-0.751362174,0.776394293,-0.482376113,-0.910210899,-26.61308555,71.48116035,60.07303619,-56.50394554,-57.14550659,77.0840538,21.00211029,1,1
4.021489859,1,1572608334,AUT,FALSE,TRUE,TRUE,713.1529473,12.87008586,162.5775943,-179.8990073,0.201470485,179.8273522,-2.035032774,4.079580646,0.111100191,0.295519275,-0.273571234,-0.553697369,-23.01377906,71.81452674,60.07070503,-54.19287872,-57.12185302,78.07979965,22.81126671,1,1
4.122304916,1,1572608335,AUT,FALSE,TRUE,TRUE,713.1529473,12.87008586,162.5775943,-179.8990073,0.201470485,179.8273522,-2.035032774,4.079580646,0.111100191,0.295519275,-0.273571234,-0.553697369,-23.01377906,71.81452674,60.07070503,-54.19287872,-57.12185302,78.07979965,22.81126671,1,1
4.222770929,1,1572608335,AUT,FALSE,TRUE,TRUE,718.1266882,40.24842491,165.8186952,-179.9292403,0.057411394,179.9126591,3.136181455,1.827503007,-0.007405353,-0.258199548,-0.735016953,-0.453317653,-19.14851761,72.27531394,60.02493667,-51.57062416,-57.02145446,79.32546043,24.48779411,1,1
4.323246956,1,1572608335,AUT,FALSE,TRUE,TRUE,718.1266882,40.24842491,165.8186952,-179.9292403,0.057411394,179.9126591,3.136181455,1.827503007,-0.007405353,-0.258199548,-0.735016953,-0.453317653,-19.14851761,72.27531394,60.02493667,-51.57062416,-57.02145446,79.32546043,24.48779411,1,1
4.423746824,1,1572608335,AUT,FALSE,TRUE,TRUE,716.7299405,65.40525854,164.885626,-179.9076757,-0.47542263,-179.9651796,14.13106774,-0.706861697,1.059147916,-0.271090951,-1.126883264,-0.271546748,-16.67184906,72.62450409,59.99962005,-50.61673622,-56.98029968,80.07195052,26.16455154,1,1
4.524214029,1,1572608335,AUT,FALSE,TRUE,TRUE,707.2136595,79.44703122,161.3467612,179.9852195,-0.809054168,-179.8498473,17.75809409,-3.264508253,-0.946519261,-0.483465423,-0.886276939,0.074043562,-16.31230774,72.24363213,60.01054115,-52.85100174,-56.98065124,79.50569457,28.43564186,1,1
4.624814987,1,1572608335,AUT,FALSE,TRUE,TRUE,691.5147486,89.35399308,159.0549928,179.9771614,-0.858123118,-179.7223309,15.43629745,-3.451220747,-1.400832545,-0.171706521,-0.786892099,0.31103967,-17.12875671,71.07254104,60.06009293,-57.16561088,-56.95643737,78.11592064,31.17117233,1,1
4.725327015,1,1572608335,AUT,FALSE,TRUE,TRUE,691.5147486,89.35399308,159.0549928,179.9771614,-0.858123118,-179.7223309,15.43629745,-3.451220747,-1.400832545,-0.171706521,-0.786892099,0.31103967,-17.12875671,71.07254104,60.06009293,-57.16561088,-56.95643737,78.11592064,31.17117233,1,1
4.825829983,1,1572608335,AUT,FALSE,TRUE,TRUE,670.2030495,96.14668439,156.7036959,-179.9979521,-0.671983399,-179.7283444,6.254839864,2.464318338,1.161655576,0.70043053,0.359355848,0.137519873,-18.81246643,69.26832161,60.10455322,-63.17099533,-56.81848754,75.85554199,34.33226509,1,1
4.92630291,1,1572608335,AUT,FALSE,TRUE,TRUE,648.2517689,99.48045106,154.5059662,-179.9429848,-0.318361236,-179.8013517,-5.289046036,3.672651217,-0.0060296,0.340146393,0.722988847,-0.517030643,-20.71314239,67.36603889,60.11815567,-69.09275322,-56.7505371,73.38383102,37.10416718,1,1
5.026765823,1,1572608335,AUT,FALSE,TRUE,TRUE,631.2962658,102.685475,153.150614,-179.72574,-0.115028346,-179.9637758,-12.08925353,11.06212858,3.055724103,1.192766666,1.5819912,-1.142298718,-22.05725784,65.95316619,60.21706695,-73.41115264,-56.67129821,71.53888321,39.01810912,1,1
5.127234936,1,1572608336,AUT,FALSE,TRUE,TRUE,631.2962658,102.685475,153.150614,-179.72574,-0.115028346,-179.9637758,-12.08925353,11.06212858,3.055724103,1.192766666,1.5819912,-1.142298718,-22.05725784,65.95316619,60.21706695,-73.41115264,-56.67129821,71.53888321,39.01810912,1,1
5.227753878,1,1572608336,AUT,FALSE,TRUE,TRUE,619.1942208,115.3835281,153.1652356,-179.7350589,0.034175231,179.7695388,-12.95821734,12.70644961,2.94831865,0.919255189,1.736221682,-1.42693089,-22.2120964,65.23297119,60.45432701,-75.94625129,-56.67687927,70.49322166,41.20727234,1,1
5.328218937,1,1572608336,AUT,FALSE,TRUE,TRUE,616.2318452,132.1700388,153.821977,-179.7497295,0.120593107,179.7120538,-8.459871649,10.43714019,2.08138675,0.301971906,0.874964785,-1.318459456,-20.58412513,65.13279647,60.65269889,-75.96931915,-56.75170715,70.48699722,42.76758156,1,1
5.42867589,1,1572608336,AUT,FALSE,TRUE,TRUE,616.2318452,132.1700388,153.821977,-179.7497295,0.120593107,179.7120538,-8.459871649,10.43714019,2.08138675,0.301971906,0.874964785,-1.318459456,-20.58412513,65.13279647,60.65269889,-75.96931915,-56.75170715,70.48699722,42.76758156,1,1
5.529193878,1,1572608336,AUT,FALSE,TRUE,TRUE,617.3340856,156.2841168,154.288881,-179.8168839,0.167311663,179.7296012,-7.054422148,7.757602747,1.767552787,-0.292265571,0.782955477,-1.13390442,-17.86532135,65.61275482,60.59754409,-74.51829986,-56.82423889,71.00467987,44.39460525,1,1
5.629652977,1,1572608336,AUT,FALSE,TRUE,TRUE,622.7772991,176.663318,154.9646611,-179.7932374,0.20192768,179.7236208,-6.677694343,8.295964926,1.731896281,-0.124711815,0.717426063,-1.073265968,-15.17888603,66.40427169,60.47451095,-72.03301734,-56.84484924,71.83486862,45.07127723,1,1
5.730319023,1,1572608336,AUT,FALSE,TRUE,TRUE,630.7650649,195.5971132,156.1346945,-179.8266937,0.162097027,179.7463665,-3.388805624,8.533940778,1.630183019,0.058454826,0.361315637,-1.04033216,-12.39957161,67.42389221,60.34695282,-68.79405556,-56.84380004,73.03634033,45.20177764,1,1
5.831001043,1,1572608336,AUT,FALSE,TRUE,TRUE,630.7650649,195.5971132,156.1346945,-179.8266937,0.162097027,179.7463665,-3.388805624,8.533940778,1.630183019,0.058454826,0.361315637,-1.04033216,-12.39957161,67.42389221,60.34695282,-68.79405556,-56.84380004,73.03634033,45.20177764,1,1
5.931757927,1,1572608336,AUT,FALSE,TRUE,TRUE,636.0051241,214.3104487,156.7119407,-179.8498716,-0.10259622,179.8098159,4.736627226,7.059923403,0.108680448,0.275311173,-0.377382778,-0.710195426,-9.720888519,68.46132088,60.32872238,-65.70288734,-56.84409118,74.35175743,45.42303543,1,1
6.032204866,1,1572608336,AUT,FALSE,TRUE,TRUE,633.4168004,233.3994303,156.0414919,-179.9463091,-0.40484091,179.9739819,13.25911358,1.137483963,-0.542292878,-0.253682857,-1.094122509,-0.106057487,-7.491704175,69.03770484,60.33105697,-64.25635185,-56.87486938,75.11388244,46.61590347,1,1
6.132671833,1,1572608337,AUT,FALSE,TRUE,TRUE,622.4501108,249.9852757,154.6676293,179.9431206,-0.594840265,-179.8468243,11.58340262,-3.222070466,-1.060521967,-0.608748553,-0.32400827,0.273274804,-6.150864025,68.89595031,60.35142631,-65.09494857,-56.9135028,75.02524338,48.75570373,1,1
6.233145952,1,1572608337,AUT,FALSE,TRUE,TRUE,622.4501108,249.9852757,154.6676293,179.9431206,-0.594840265,-179.8468243,11.58340262,-3.222070466,-1.060521967,-0.608748553,-0.32400827,0.273274804,-6.150864025,68.89595031,60.35142631,-65.09494857,-56.9135028,75.02524338,48.75570373,1,1
6.333622932,1,1572608337,AUT,FALSE,TRUE,TRUE,602.3599775,262.4852772,153.3291696,179.9629966,-0.570370727,-179.6781864,8.447616684,-1.16632624,-0.886077198,-0.000188805,-0.149477231,0.228680292,-5.834952163,67.80227508,60.36434211,-68.59601326,-56.90826232,73.84370498,51.83532257,1,1
6.434126854,1,1572608337,AUT,FALSE,TRUE,TRUE,581.212233,267.6285741,151.097801,179.9959941,-0.584757528,-179.6410583,5.673942265,0.023378313,0.646811324,0.264377076,0.196731572,0.132325229,-6.364692306,66.48327369,60.37795143,-72.81650391,-56.81994873,72.24798546,54.62511177,1,1
6.53460598,1,1572608337,AUT,FALSE,TRUE,TRUE,556.274909,269.4746711,147.0256747,-179.9760606,-0.581851059,-179.6588017,2.276234039,2.451472511,1.949899723,0.339940922,0.81972108,-0.091767553,-7.284735488,64.98544235,60.36870574,-77.90844383,-56.83232482,70.12826958,57.69480514,1,1
6.63505888,1,1572608337,AUT,FALSE,TRUE,TRUE,556.274909,269.4746711,147.0256747,-179.9760606,-0.581851059,-179.6588017,2.276234039,2.451472511,1.949899723,0.339940922,0.81972108,-0.091767553,-7.284735488,64.98544235,60.36870574,-77.90844383,-56.83232482,70.12826958,57.69480514,1,1
6.735507011,1,1572608337,AUT,FALSE,TRUE,TRUE,533.2993477,268.2035875,141.4693143,-179.9293612,-0.452434127,-179.6882674,-0.174677392,5.298919071,1.739690303,0.465000087,1.097911234,-0.406097062,-8.359421538,63.51251907,60.35062637,-82.76911811,-57.07715515,68.00261421,60.44355354,1,1
6.835973024,1,1572608337,AUT,FALSE,TRUE,TRUE,507.0251515,265.5361952,137.7949944,-179.8492528,-0.373291923,-179.7518525,-3.38719442,7.498970036,1.936685807,0.543360885,1.41962201,-0.67494304,-9.554778669,61.89301071,60.37396545,-88.07055015,-57.40154296,65.54164581,63.43573837,1,1
6.936455011,1,1572608337,AUT,FALSE,TRUE,TRUE,507.0251515,265.5361952,137.7949944,-179.8492528,-0.373291923,-179.7518525,-3.38719442,7.498970036,1.936685807,0.543360885,1.41962201,-0.67494304,-9.554778669,61.89301071,60.37396545,-88.07055015,-57.40154296,65.54164581,63.43573837,1,1
7.036985874,1,1572608337,AUT,FALSE,TRUE,TRUE,492.0775046,265.675867,136.0633996,-179.8443459,-0.27383207,-179.8315224,-4.794756456,11.05894308,2.099591251,1.025871714,1.628381765,-0.911056433,-9.972612756,60.92429123,60.39700584,-90.92406692,-57.56131713,64.18651314,65.24549217,1,1
13.75010395,2,1572608344,AUT,FALSE,FALSE,TRUE,471.7587615,-400.2037836,169.9118943,179.9827213,-0.022309104,-179.9967486,1.831150232,-1.940978064,5.505765099,-0.339709239,0.307368961,0.057065266,-73.71187248,62.37219314,60.47182274,-78.18055458,-54.82965454,70.60367203,-9.136014181,0.5,1
13.85103989,2,1572608344,AUT,FALSE,FALSE,TRUE,471.7587615,-400.2037836,169.9118943,179.9827213,-0.022309104,-179.9967486,1.831150232,-1.940978064,5.505765099,-0.339709239,0.307368961,0.057065266,-73.79862671,62.48149338,60.11869125,-78.18608208,-54.83243408,70.53643913,-9.402755356,0.5,1
13.95158696,2,1572608344,AUT,FALSE,TRUE,TRUE,468.9219226,-402.5996286,166.6794109,179.9625229,-0.285990128,179.988479,2.845199295,0.199775992,3.800886901,-0.138772068,0.397573079,-0.039966946,-73.79862671,62.48149338,60.11869125,-78.18608208,-54.83243408,70.53643913,-9.402755356,1,1
14.05213594,2,1572608344,AUT,FALSE,TRUE,TRUE,468.9219226,-402.5996286,166.6794109,179.9625229,-0.285990128,179.988479,2.845199295,0.199775992,3.800886901,-0.138772068,0.397573079,-0.039966946,-74.22230758,63.29139175,59.59855384,-78.17653427,-55.25488586,69.41190261,-9.947491838,1,1
14.15265298,2,1572608345,AUT,FALSE,TRUE,TRUE,466.6616884,-407.8064098,156.5356657,-179.909091,0.235116013,179.8778836,-8.901381655,2.779875414,1.388151525,0.098679446,0.882862097,-0.166347255,-74.22230758,63.29139175,59.59855384,-78.17653427,-55.25488586,69.41190261,-9.947491838,1,1
14.25316596,2,1572608345,AUT,FALSE,TRUE,TRUE,466.6616884,-407.8064098,156.5356657,-179.909091,0.235116013,179.8778836,-8.901381655,2.779875414,1.388151525,0.098679446,0.882862097,-0.166347255,-72.96837959,64.43865966,60.04945335,-77.47072448,-56.30747497,69.29720192,-8.599699406,1,1
14.35363102,2,1572608345,AUT,FALSE,TRUE,TRUE,479.2502352,-400.4212585,151.2483952,-179.9916142,0.520419668,179.9494267,-10.8591179,-1.889635103,1.574753988,-0.319201586,0.561100774,0.132684989,-72.96837959,64.43865966,60.04945335,-77.47072448,-56.30747497,69.29720192,-8.599699406,1,1
14.45409203,2,1572608345,AUT,FALSE,TRUE,TRUE,510.8185745,-393.699059,150.4640799,179.8813682,0.565485562,-179.9092467,-10.8591179,-1.889635103,1.574753988,-0.319201586,0.561100774,0.132684989,-69.55396614,65.88540115,59.95714759,-72.9346138,-56.70371337,70.75844193,-7.8156292,1,1
14.55455995,2,1572608345,AUT,FALSE,TRUE,TRUE,510.8185745,-393.699059,150.4640799,179.8813682,0.565485562,-179.9092467,-9.290149273,-5.304588079,2.394493882,-0.775241034,0.300161337,0.331739722,-69.55396614,65.88540115,59.95714759,-72.9346138,-56.70371337,70.75844193,-7.8156292,1,1
14.65501285,2,1572608345,AUT,FALSE,TRUE,TRUE,532.9098018,-394.0479486,151.3850363,179.9500652,0.546055087,-179.9306721,-8.171372535,-0.952517159,1.862058365,-0.164392095,0.030167925,0.301876169,-65.77824669,67.65515098,59.70126914,-68.48303947,-56.70429016,72.32033043,-8.456928638,1,1
14.75553083,2,1572608345,AUT,FALSE,TRUE,TRUE,555.2156194,-393.7327253,151.4546793,179.9702767,0.457072152,-179.9894369,-3.042411267,0.798190647,1.135651264,-0.164439438,-0.01667903,0.085336078,-62.60597877,69.270615,59.52607154,-63.68012924,-56.74964721,73.99516182,-9.221793369,1,1
14.85598397,2,1572608345,AUT,FALSE,TRUE,TRUE,575.3167292,-392.5251559,150.300183,-179.9408854,0.263852854,179.9331795,1.97413801,2.216299089,0.962030106,-0.301937178,-0.860884928,-0.307487594,-59.58146667,70.82247505,59.26286316,-59.02697639,-56.7835675,75.55743484,-10.09387779,1,1
14.95645189,2,1572608345,AUT,FALSE,TRUE,TRUE,575.3167292,-392.5251559,150.300183,-179.9408854,0.263852854,179.9331795,1.97413801,2.216299089,0.962030106,-0.301937178,-0.860884928,-0.307487594,-59.58146667,70.82247505,59.26286316,-59.02697639,-56.7835675,75.55743484,-10.09387779,1,1
15.05693483,2,1572608345,AUT,FALSE,TRUE,TRUE,591.460826,-387.7761799,149.6313972,-179.8404942,0.127239331,179.7726493,5.742885663,7.480047485,-1.462679082,-0.063223012,-2.155077136,-0.928881567,-57.02407264,72.04087257,59.18302688,-55.53826446,-56.79007141,76.77200431,-10.53464241,1,1
15.15739584,2,1572608346,AUT,FALSE,TRUE,TRUE,606.2150298,-372.1103865,150.0984143,-179.6829107,-0.130971906,179.6637399,12.33862623,8.854326451,-2.228802505,0.518043319,-1.788923769,-1.446990271,-54.62116699,72.57302628,59.20241775,-53.86298332,-56.79748168,77.59491463,-9.639218906,1,1
15.25785589,2,1572608346,AUT,FALSE,TRUE,TRUE,606.2150298,-372.1103865,150.0984143,-179.6829107,-0.130971906,179.6637399,12.33862623,8.854326451,-2.228802505,0.518043319,-1.788923769,-1.446990271,-54.62116699,72.57302628,59.20241775,-53.86298332,-56.79748168,77.59491463,-9.639218906,1,1
15.35822082,2,1572608346,AUT,FALSE,TRUE,TRUE,612.3009085,-354.016306,151.3042517,-179.6905376,-0.366730046,179.6514832,10.32854369,6.268962022,-0.89334349,0.109031898,-0.635324024,-1.52380491,-53.48201866,72.21235542,59.29117698,-54.79729156,-56.77307006,77.63261146,-7.699088288,1,1
15.45869303,2,1572608346,AUT,FALSE,TRUE,TRUE,613.2738999,-334.531159,152.888388,-179.6678109,-0.49014349,179.6324279,11.98135183,6.547438248,-1.66319855,0.363058096,-0.680086973,-1.546426853,-53.08635635,71.33672104,59.42995148,-57.23647956,-56.65350585,77.10408668,-5.324822619,1,1
15.55915904,2,1572608346,AUT,FALSE,TRUE,TRUE,609.4799616,-309.5226216,154.5689916,-179.7257803,-0.424663012,179.6497161,5.69698699,5.168136113,-0.037950828,0.253704946,-0.092446413,-1.355016169,-53.28330345,69.84330482,59.6810955,-61.56143646,-56.51120544,75.80777549,-1.894911581,1,1
15.659688,2,1572608346,AUT,FALSE,TRUE,TRUE,609.4799616,-309.5226216,154.5689916,-179.7257803,-0.424663012,179.6497161,5.69698699,5.168136113,-0.037950828,0.253704946,-0.092446413,-1.355016169,-53.47586288,68.17237358,60.12141723,-66.53701401,-56.48662353,74.18238601,2.1308155,1,1
15.76020885,2,1572608346,AUT,FALSE,TRUE,TRUE,604.001941,-280.0655381,155.967,-179.7580231,-0.238699045,179.6491105,-4.591162703,6.849456764,2.527909315,0.746331451,1.262650159,-0.938768248,-53.47586288,68.17237358,60.12141723,-66.53701401,-56.48662353,74.18238601,2.1308155,1,1
15.86082482,2,1572608346,AUT,FALSE,TRUE,TRUE,598.8189416,-246.1468286,156.7928064,-179.8457296,-0.126147964,179.6594406,-5.681679755,3.119747754,0.196335997,0.034865697,0.670582249,-0.672754161,-53.10899849,66.60619011,60.56298179,-71.2210144,-56.50536071,72.67788734,6.515582656,1,1
15.96177292,2,1572608346,AUT,FALSE,TRUE,TRUE,594.9325009,-212.8870142,157.3239213,-179.8152029,-0.041966858,179.6732195,-5.642588648,3.22369278,1.406058443,-0.032492532,0.726115518,-0.708536389,-52.17801704,65.26383591,60.91127586,-75.10311584,-56.51198547,71.36287536,10.65661811,1,1
16.06224394,2,1572608346,AUT,FALSE,TRUE,TRUE,592.8562294,-180.0386494,158.2997262,-179.8493932,0.018821118,179.6756641,-6.097242122,2.664391836,0.155251823,-0.290256384,0.700329852,-0.661751542,-50.72781829,64.21380386,61.25207519,-78.01731148,-56.51162841,70.42985458,14.58826103,1,1
16.16271281,2,1572608347,AUT,FALSE,TRUE,TRUE,592.8562294,-180.0386494,158.2997262,-179.8493932,0.018821118,179.6756641,-6.097242122,2.664391836,0.155251823,-0.290256384,0.700329852,-0.661751542,-50.72781829,64.21380386,61.25207519,-78.01731148,-56.51162841,70.42985458,14.58826103,1,1
16.26317883,2,1572608347,AUT,FALSE,TRUE,TRUE,593.6704386,-150.4683248,160.0652939,-179.8415715,0.08411929,179.791253,-7.095593709,2.469962139,1.249657174,-0.091590485,0.849179089,-0.596749265,-48.84001693,63.44774093,61.46214065,-79.74630203,-56.50281738,69.92353248,17.91567649,1,1
16.363662,2,1572608347,AUT,FALSE,TRUE,TRUE,597.6607002,-126.0960139,162.2204949,-179.8516722,0.152314271,179.8470383,-8.195521424,2.516569438,2.670923659,0.023973529,0.870664677,-0.700274292,-46.69183273,63.03658104,61.50468178,-80.17694206,-56.35158508,69.83355789,20.37124443,1,1
16.46413589,2,1572608347,AUT,FALSE,TRUE,TRUE,603.44846,-106.6272212,163.4581948,-179.8855521,0.195516403,179.8936391,-5.91149653,4.705154402,2.560741162,0.625835091,0.405642137,-0.701300736,-44.57153663,62.99602432,61.42138138,-79.78277321,-56.23835449,69.97789078,22.11519699,1,1
16.56465602,2,1572608347,AUT,FALSE,TRUE,TRUE,603.44846,-106.6272212,163.4581948,-179.8855521,0.195516403,179.8936391,-5.91149653,4.705154402,2.560741162,0.625835091,0.405642137,-0.701300736,-44.57153663,62.99602432,61.42138138,-79.78277321,-56.23835449,69.97789078,22.11519699,1,1
16.66517401,2,1572608347,AUT,FALSE,TRUE,TRUE,611.5593809,-91.41884893,163.3422706,-179.969374,0.358249537,179.8880693,-9.891709133,1.248371413,3.450214582,-0.07257305,0.707285533,-0.557248486,-42.53165703,63.31162719,61.22071609,-78.72079696,-56.22718688,70.11955604,23.2787487,1,1
16.76564598,2,1572608347,AUT,FALSE,TRUE,TRUE,624.4559083,-81.16420578,161.2064554,-179.9878193,0.451705441,-179.9988479,-11.56748466,0.827888643,5.328034522,-0.246892905,0.778798017,-0.081162372,-40.31971092,64.15009689,60.71271171,-76.27976532,-56.23936523,70.66125412,23.40259552,1,1
16.86611485,2,1572608347,AUT,FALSE,TRUE,TRUE,624.4559083,-81.16420578,161.2064554,-179.9878193,0.451705441,-179.9988479,-11.56748466,0.827888643,5.328034522,-0.246892905,0.778798017,-0.081162372,-37.22752304,66.09267539,59.85715141,-70.94805908,-56.27598266,71.98536071,21.92640038,1,1
16.96657991,2,1572608347,AUT,FALSE,TRUE,TRUE,647.9797132,-79.23651925,158.4174582,179.9608159,0.504745905,-179.9579989,-10.24981788,1.621084434,4.590877114,-0.126322542,0.65799831,-0.052716517,-37.22752304,66.09267539,59.85715141,-70.94805908,-56.27598266,71.98536071,21.92640038,1,1
17.06705499,2,1572608347,AUT,FALSE,TRUE,TRUE,668.4109846,-80.22088531,155.4241072,-179.9609815,0.411087925,179.9774482,-3.369837276,2.347820707,-1.256960434,-0.414429003,-0.597457775,-0.376647627,-34.77901726,68.09456634,59.3631031,-65.65900039,-56.34074157,73.53108558,19.91328964,1,1
17.16756296,2,1572608348,AUT,FALSE,TRUE,TRUE,685.856631,-76.84265224,152.7195772,-179.8516941,0.153606872,179.7824221,5.028728102,7.244215755,-0.541878497,0.195417789,-1.04167706,-0.707236674,-32.36309967,70.04238396,59.28222656,-60.74539604,-56.4905841,75.16958999,18.32698402,1,1
17.26803303,2,1572608348,AUT,FALSE,TRUE,TRUE,696.8960205,-62.95715316,150.7533292,-179.7688223,0.028791549,179.6552304,5.20987205,11.04591098,-0.956396258,0.843362315,-0.661169054,-0.91170971,-29.99006996,71.25659637,59.34289169,-57.81037788,-56.68410827,76.13043365,18.31806106,1,1
17.36850786,2,1572608348,AUT,FALSE,TRUE,TRUE,696.8960205,-62.95715316,150.7533292,-179.7688223,0.028791549,179.6552304,5.20987205,11.04591098,-0.956396258,0.843362315,-0.661169054,-0.91170971,-29.99006996,71.25659637,59.34289169,-57.81037788,-56.68410827,76.13043365,18.31806106,1,1
17.46899199,2,1572608348,AUT,FALSE,TRUE,TRUE,703.4905429,-38.96296645,150.6570599,-179.8173901,0.074162006,179.6460992,1.588891696,7.590212938,-0.164512936,0.023463685,-0.540426333,-0.732143509,-27.43246651,71.76144905,59.35785026,-56.39261627,-56.78130981,76.52576637,19.83619308,1,1
17.56949997,2,1572608348,AUT,FALSE,TRUE,TRUE,707.9894104,-10.83335075,153.4088895,-179.8825694,0.217476769,179.737475,-3.310166146,5.292659525,-2.103430871,0.080950869,-0.322931969,-0.483337656,-24.74290351,71.82672844,59.34840889,-55.47725258,-56.78962097,76.86935348,21.83035926,1,1
17.67022491,2,1572608348,AUT,FALSE,TRUE,TRUE,712.652368,15.19593093,159.1815781,-179.912773,0.292287036,179.8048385,-6.908528047,6.551428599,-0.595588495,0.602291576,0.01698726,-0.484500991,-22.03299866,71.82343597,59.38804893,-54.0387989,-56.66070739,77.6368721,23.36421547,1,1
17.77091694,2,1572608348,AUT,FALSE,TRUE,TRUE,717.247892,38.27994996,166.1567698,-179.9343674,0.152403312,179.9206594,-0.332893547,1.285915453,0.310759797,-0.017350682,-0.67065704,-0.368494083,-19.31060371,71.87659607,59.38782234,-52.00265808,-56.4063684,78.87776069,24.38809661,1,1
17.87146783,2,1572608348,AUT,FALSE,TRUE,TRUE,717.247892,38.27994996,166.1567698,-179.9343674,0.152403312,179.9206594,-0.332893547,1.285915453,0.310759797,-0.017350682,-0.67065704,-0.368494083,-19.31060371,71.87659607,59.38782234,-52.00265808,-56.4063684,78.87776069,24.38809661,1,1
17.97211504,2,1572608348,AUT,FALSE,TRUE,TRUE,718.1717388,56.41232549,170.0817829,-179.981871,-0.317243061,-179.8962611,14.28874069,-2.975424985,0.636527717,-0.406365103,-1.776876078,-0.008526579,-17.17618332,71.9944004,59.37328949,-50.53414993,-56.22054016,80.08230514,25.30633049,1,1
18.07257986,2,1572608349,AUT,FALSE,TRUE,TRUE,711.7756105,69.96496881,168.2106738,179.9483191,-0.711824231,-179.7818759,16.96861509,-4.586584238,0.685477697,-0.312938593,-0.792779048,0.280890954,-16.43804969,71.77631836,59.37654419,-51.66918869,-56.15096374,80.02727394,27.00544853,1,1
18.17307687,2,1572608349,AUT,FALSE,TRUE,TRUE,711.7756105,69.96496881,168.2106738,179.9483191,-0.711824231,-179.7818759,16.96861509,-4.586584238,0.685477697,-0.312938593,-0.792779048,0.280890954,-16.43804969,71.77631836,59.37654419,-51.66918869,-56.15096374,80.02727394,27.00544853,1,1
18.2735939,2,1572608349,AUT,FALSE,TRUE,TRUE,700.730267,75.85398341,164.2799262,-179.9921786,-0.759279915,-179.7581678,13.80371255,-0.101532827,-0.112104962,0.408784628,-0.388185797,0.101499396,-17.20243378,71.04800377,59.38531265,-54.93179855,-56.14341064,78.78757324,28.82888374,1,1
18.37414193,2,1572608349,AUT,FALSE,TRUE,TRUE,684.382748,81.62082116,159.3481447,-179.9643926,-0.640364629,-179.830639,6.073783349,1.633427037,1.684821394,0.303878827,0.302028984,-0.156307415,-18.60141906,69.85662918,59.40460739,-59.77096023,-56.13112243,76.76318092,31.34426536,1,1
18.47465086,2,1572608349,AUT,FALSE,TRUE,TRUE,666.3452771,87.6307642,153.8105054,-179.838963,-0.383163761,-179.9299289,-6.319474987,6.809222585,2.744226674,0.540553896,1.571966008,-0.630962046,-20.03825912,68.56923065,59.38098335,-64.88729668,-56.23358642,74.4337223,33.9100502,1,1
18.57515788,2,1572608349,AUT,FALSE,TRUE,TRUE,666.3452771,87.6307642,153.8105054,-179.838963,-0.383163761,-179.9299289,-6.319474987,6.809222585,2.744226674,0.540553896,1.571966008,-0.630962046,-20.79396057,67.66744537,59.38744125,-68.78865852,-56.40313842,72.48926582,36.31438064,1,1
18.67563295,2,1572608349,AUT,FALSE,TRUE,TRUE,651.321893,96.44538544,148.6375419,-179.7975156,-0.159045445,179.879619,-11.86769792,12.53166941,2.938292261,0.99594757,1.972580637,-1.076902331,-20.79396057,67.66744537,59.38744125,-68.78865852,-56.40313842,72.48926582,36.31438064,1,1
18.77613783,2,1572608349,AUT,FALSE,TRUE,TRUE,642.3963029,109.6627482,146.5404343,-179.7573609,-0.034800285,179.7879597,-12.94455676,12.98494785,1.568030518,0.976056687,1.936718127,-1.150793689,-20.37078438,67.20586853,59.43259162,-70.7191349,-56.54038513,71.56143608,38.2671936,1,1
18.87662196,2,1572608349,AUT,FALSE,TRUE,TRUE,639.7191585,127.6132664,147.3669264,-179.7721936,0.124601554,179.7323493,-10.64417719,11.99912615,3.268011538,0.912639244,1.373656231,-1.112847166,-18.85961151,67.12271919,59.46107025,-70.76810303,-56.56048461,71.43917884,39.87199058,1,1
18.97717595,2,1572608349,AUT,FALSE,TRUE,TRUE,640.9131422,147.4116317,149.0672029,-179.8409636,0.21557705,179.7488104,-9.103033424,8.534545061,2.424091767,0.093419037,0.916009971,-1.040217936,-16.71363487,67.38644943,59.44902305,-69.56642532,-56.55532653,71.89673538,41.13202629,1,1
19.07765484,2,1572608350,AUT,FALSE,TRUE,TRUE,640.9131422,147.4116317,149.0672029,-179.8409636,0.21557705,179.7488104,-9.103033424,8.534545061,2.424091767,0.093419037,0.916009971,-1.040217936,-16.71363487,67.38644943,59.44902305,-69.56642532,-56.55532653,71.89673538,41.13202629,1,1
19.17814302,2,1572608350,AUT,FALSE,TRUE,TRUE,646.0954274,167.3751044,151.0177513,-179.8088518,0.235028393,179.7774317,-8.23569892,8.269422174,1.933336172,0.087876134,0.791808849,-0.90213926,-14.07845421,68.07975196,59.42166366,-67.06636963,-56.5482843,72.87729606,41.72355079,1,1
19.27862191,2,1572608350,AUT,FALSE,TRUE,TRUE,653.4716819,185.3621185,152.2126145,-179.9001486,0.044645748,179.8945387,0.144865555,3.593788116,1.663490844,-0.202240786,-0.060095408,-0.58093587,-11.3494915,69.10445023,59.3502388,-63.73596382,-56.53360656,74.26373977,41.82416153,1,1
19.37909484,2,1572608350,AUT,FALSE,TRUE,TRUE,655.9660242,202.2394413,151.431151,-179.9244155,-0.306657369,179.9561213,11.19962837,1.013061665,0.879045375,-0.611350281,-1.052517217,-0.350219132,-9.04470405,70.00673675,59.33432579,-61.32986526,-56.52318054,75.32143478,42.1992794,1,1
19.47955084,2,1572608350,AUT,FALSE,TRUE,TRUE,655.9660242,202.2394413,151.431151,-179.9244155,-0.306657369,179.9561213,11.19962837,1.013061665,0.879045375,-0.611350281,-1.052517217,-0.350219132,-7.444493862,70.26072349,59.34520225,-61.33803291,-56.55822692,75.48339729,43.88321914,1,1
19.58058786,2,1572608350,AUT,FALSE,TRUE,TRUE,648.4983087,220.09813,148.7351854,-179.9551265,-0.654203372,-179.9241715,13.52004636,1.94319303,-0.383703491,0.053780871,-0.583235628,0.133064876,-7.444493862,70.26072349,59.34520225,-61.33803291,-56.55822692,75.48339729,43.88321914,1,1
19.68131995,2,1572608350,AUT,FALSE,TRUE,TRUE,633.2405667,237.4473649,146.1178853,179.9377449,-0.680800155,-179.8206258,10.81100301,-2.423195446,-1.147216038,-0.528997444,0.004593552,0.375196385,-6.5346405,69.76383591,59.37398986,-63.59616279,-56.69261169,74.66489868,46.77136344,1,1
19.78182983,2,1572608350,AUT,FALSE,TRUE,TRUE,613.8944901,248.9429885,144.99228,179.9497091,-0.651482402,-179.6687137,8.105530629,-2.182606269,-1.313409859,-0.202575037,0.034653705,0.449422332,-6.417079925,68.62650718,59.37598114,-67.19936256,-56.70009887,73.43726578,49.75224609,1,1
19.88228989,2,1572608350,AUT,FALSE,TRUE,TRUE,590.7212542,256.1240105,144.5244323,179.9784472,-0.615386466,-179.592835,5.221396705,1.849908049,1.139536298,0.753088671,0.144937195,0.318292313,-6.905707163,67.00860901,59.41072883,-71.83871383,-56.58239135,71.8159481,52.89307938,1,1
19.98275304,2,1572608350,AUT,FALSE,TRUE,TRUE,590.7212542,256.1240105,144.5244323,179.9784472,-0.615386466,-179.592835,5.221396705,1.849908049,1.139536298,0.753088671,0.144937195,0.318292313,-6.905707163,67.00860901,59.41072883,-71.83871383,-56.58239135,71.8159481,52.89307938,1,1
20.08322096,2,1572608351,AUT,FALSE,TRUE,TRUE,565.6716706,259.7590276,143.1987698,179.9885944,-0.544922937,-179.6083209,2.827187126,2.739478518,-0.055658746,0.621093102,0.271576112,0.051905788,-7.75212135,65.24743881,59.48873519,-76.95704154,-56.52550415,69.84243965,56.0650074,1,1
20.18376303,2,1572608351,AUT,FALSE,TRUE,TRUE,538.4786617,260.9912034,140.7097511,-179.8750803,-0.479034359,-179.6666199,-0.915122111,8.392533903,2.269792035,1.117856913,0.864728183,-0.29951817,-8.747661206,63.42967872,59.57220383,-82.31614494,-56.55745788,67.63245735,59.19619674,1,1
20.28416586,2,1572608351,AUT,FALSE,TRUE,TRUE,538.4786617,260.9912034,140.7097511,-179.8750803,-0.479034359,-179.6666199,-0.915122111,8.392533903,2.269792035,1.117856913,0.864728183,-0.29951817,-9.557751844,61.55093422,59.65033378,-87.60922394,-56.69089233,65.26075286,62.40152321,1,1
20.38467598,2,1572608351,AUT,FALSE,TRUE,TRUE,511.5481049,262.3252545,138.3603991,-179.8246931,-0.333146546,-179.7581431,-4.289279958,10.6713011,2.807007469,1.368901989,1.242355788,-0.641850783,-9.557751844,61.55093422,59.65033378,-87.60922394,-56.69089233,65.26075286,62.40152321,1,1
20.48517895,2,1572608351,AUT,FALSE,TRUE,TRUE,511.5481049,262.3252545,138.3603991,-179.8246931,-0.333146546,-179.7581431,-4.289279958,10.6713011,2.807007469,1.368901989,1.242355788,-0.641850783,-9.595870969,60.26637153,59.71065559,-90.85281372,-56.70960754,63.80646514,64.85730056,1,1
20.58565092,2,1572608351,AUT,FALSE,TRUE,TRUE,489.4743238,267.3025196,137.618845,-179.8686866,-0.24437532,-179.8092727,-3.96246977,8.782250406,3.632011164,0.718227431,1.453640201,-0.794562936,-9.595870969,60.26637153,59.71065559,-90.85281372,-56.70960754,63.80646514,64.85730056,1,1
27.71015882,3,1572608358,AUT,FALSE,FALSE,TRUE,471.7699622,-400.2087687,169.9410736,179.9796118,-0.018659887,-179.9974521,2.113513772,-2.650448256,5.337773994,-0.35172049,0.227794109,0.265443015,-73.43418617,61.94398041,59.73693351,-78.17925682,-54.1196466,70.20265731,-9.438642888,0.5,1
27.8110249,3,1572608358,AUT,FALSE,TRUE,TRUE,469.4786733,-401.7559415,167.7060027,179.9639628,-0.320273498,-179.9995328,4.228389014,-1.543168094,6.041443706,-0.462196997,0.296491171,-0.081906222,-73.48016739,62.00613213,59.46495323,-78.18502808,-54.12351928,70.24941101,-9.61348,1,1
27.91164303,3,1572608358,AUT,FALSE,TRUE,TRUE,466.12595,-407.5882557,158.3322023,-179.9794499,-0.122527425,-179.9954574,-1.447863101,1.42020355,4.009466447,-0.157483957,0.605977394,-0.273530979,-73.83194961,62.62945175,58.7898983,-78.18389511,-54.43137268,69.25583496,-10.21608009,1,1
28.01217484,3,1572608358,AUT,FALSE,TRUE,TRUE,466.12595,-407.5882557,158.3322023,-179.9794499,-0.122527425,-179.9954574,-1.447863101,1.42020355,4.009466447,-0.157483957,0.605977394,-0.273530979,-73.83194961,62.62945175,58.7898983,-78.18389511,-54.43137268,69.25583496,-10.21608009,1,1
28.1126399,3,1572608359,AUT,FALSE,TRUE,TRUE,469.7249912,-405.9596374,150.9286425,-179.9449394,0.306532654,179.8518257,-10.6855646,1.990156515,2.326128286,-0.153951002,0.863189764,-0.384994047,-73.68017693,63.51900787,58.85516395,-78.10920868,-55.04497558,68.55847778,-9.855512244,1,1
28.21312284,3,1572608359,AUT,FALSE,TRUE,TRUE,481.1748414,-399.7839441,146.1369975,179.9887838,0.474948393,179.9464437,-10.19807998,-2.536540386,2.248640982,-0.452481078,0.472453247,0.035075891,-72.35963745,64.51588325,59.100317,-77.30189896,-55.93087463,68.57717857,-8.667543413,1,1
28.31359482,3,1572608359,AUT,FALSE,TRUE,TRUE,497.9450345,-395.7110781,144.103733,179.9799482,0.520499334,-179.9643066,-9.283772835,-4.618805531,2.357668185,-0.885840173,0.141723381,0.11046709,-70.17653046,65.61504821,59.05252991,-75.01037063,-56.318302,69.25738677,-8.112534719,1,1
28.41406083,3,1572608359,AUT,FALSE,TRUE,TRUE,497.9450345,-395.7110781,144.103733,179.9799482,0.520499334,-179.9643066,-9.283772835,-4.618805531,2.357668185,-0.885840173,0.141723381,0.11046709,-70.17653046,65.61504821,59.05252991,-75.01037063,-56.318302,69.25738677,-8.112534719,1,1
28.51453185,3,1572608359,AUT,FALSE,TRUE,TRUE,518.2768573,-394.776117,144.5435662,179.970713,0.495978534,-179.9507075,-7.220243617,-1.044591337,0.72244073,-0.125668871,0.046887814,0.081128883,-67.47706604,66.89211616,58.92507133,-71.3377819,-56.37732055,70.59376373,-8.332106781,1,1
28.61507201,3,1572608359,AUT,FALSE,TRUE,TRUE,545.2580915,-392.7165748,143.9477198,-179.9838895,0.426871141,179.998006,-4.872193182,0.71422815,2.995561621,0.109583518,0.264820206,-0.201481826,-63.76310348,68.71165466,58.68332405,-66.07065468,-56.39235534,72.39059143,-8.883108906,1,1
28.71554303,3,1572608359,AUT,FALSE,TRUE,TRUE,545.2580915,-392.7165748,143.9477198,-179.9838895,0.426871141,179.998006,-4.872193182,0.71422815,2.995561621,0.109583518,0.264820206,-0.201481826,-63.76310348,68.71165466,58.68332405,-66.07065468,-56.39235534,72.39059143,-8.883108906,1,1
28.81601596,3,1572608359,AUT,FALSE,TRUE,TRUE,567.2900116,-388.988998,140.9458393,-179.9451244,0.285705992,179.9509104,1.265429171,1.914876434,0.70147701,0.001464827,-0.58636514,-0.319482228,-60.4589447,70.40499114,58.33554496,-61.64167099,-56.45279663,73.70976448,-9.30671425,1,1
28.91648293,3,1572608359,AUT,FALSE,TRUE,TRUE,583.9062917,-382.6324107,138.5661107,-179.8262562,0.058195096,179.7794646,5.475652302,7.057206829,0.156355992,0.310491585,-0.873904883,-0.816263647,-57.88016166,71.67572136,58.19409942,-58.36432228,-56.47406066,74.83513183,-9.501268388,1,1
29.01698494,3,1572608359,AUT,FALSE,TRUE,TRUE,595.1467723,-372.3465483,138.1320209,-179.6997306,-0.118193704,179.6961533,10.60609753,8.309207955,-0.495473912,0.475561361,-1.469544131,-1.365042498,-56.06322899,72.21114693,58.19676361,-56.91442909,-56.49256713,75.4592411,-8.972026063,1,1
29.11744094,3,1572608360,AUT,FALSE,TRUE,TRUE,595.1467723,-372.3465483,138.1320209,-179.6997306,-0.118193704,179.6961533,10.60609753,8.309207955,-0.495473912,0.475561361,-1.469544131,-1.365042498,-54.9355339,71.9934391,58.33202934,-57.41361008,-56.48939208,75.55804253,-7.422088625,1,1
29.21802092,3,1572608360,AUT,FALSE,TRUE,TRUE,601.8265568,-356.772894,139.6279315,-179.6993681,-0.281699067,179.6488798,7.02062276,6.472659293,-1.040047565,0.037806688,-0.471993547,-1.563026368,-54.9355339,71.9934391,58.33202934,-57.41361008,-56.48939208,75.55804253,-7.422088625,1,1
29.31855583,3,1572608360,AUT,FALSE,TRUE,TRUE,605.5421762,-323.5977036,144.6375616,-179.709806,-0.352383513,179.6522744,7.02062276,6.472659293,-1.040047565,0.037806688,-0.471993547,-1.563026368,-53.96501884,70.52560043,58.74604568,-60.9964817,-56.38269836,74.93228188,-3.426168825,1,1
29.41903901,3,1572608360,AUT,FALSE,TRUE,TRUE,605.5421762,-323.5977036,144.6375616,-179.709806,-0.352383513,179.6522744,5.73889954,6.42953653,1.325858788,0.324379173,-0.04725373,-1.422011142,-53.96501884,70.52560043,58.74604568,-60.9964817,-56.38269836,74.93228188,-3.426168825,1,1
29.51952004,3,1572608360,AUT,FALSE,TRUE,TRUE,604.3011787,-293.7306812,146.8883481,-179.7554359,-0.249468056,179.6232884,0.687279609,6.731530976,1.072071105,0.575324367,0.27268934,-1.163541791,-53.61950569,69.15181503,59.10723495,-64.83518714,-56.33730285,73.81958999,0.187701413,1,1
29.62034488,3,1572608360,AUT,FALSE,TRUE,TRUE,601.9028645,-260.6899866,148.4173772,-179.8307447,-0.125101842,179.6318911,-2.891276074,4.43818347,0.065700537,0.14277864,0.51564014,-0.833277355,-52.99022598,67.63125915,59.51590919,-69.25504875,-56.35123901,72.41040458,4.594540781,1,1
29.72092199,3,1572608360,AUT,FALSE,TRUE,TRUE,600.0373122,-225.7351156,150.2984578,-179.8251021,-0.055022122,179.6604165,-4.761335177,4.38658378,0.759881916,0.078719365,0.598713892,-0.847305383,-51.86062546,66.24083976,59.89346809,-72.99000206,-56.35407348,71.26132393,8.835387038,1,1
29.82168102,3,1572608360,AUT,FALSE,TRUE,TRUE,600.0373122,-225.7351156,150.2984578,-179.8251021,-0.055022122,179.6604165,-4.761335177,4.38658378,0.759881916,0.078719365,0.598713892,-0.847305383,-51.86062546,66.24083976,59.89346809,-72.99000206,-56.35407348,71.26132393,8.835387038,1,1
29.92216086,3,1572608360,AUT,FALSE,TRUE,TRUE,599.1388015,-189.1066657,151.7406472,-179.819934,-0.027789931,179.6516482,-7.376166574,7.461774227,2.578637447,0.887881527,1.229013881,-0.737908392,-50.17642135,65.11170616,60.259972,-76.07734909,-56.35049743,70.34795837,13.08691406,1,1
30.02262402,3,1572608360,AUT,FALSE,TRUE,TRUE,599.5475566,-154.0637807,152.1101864,-179.9038691,0.006526885,179.7050747,-7.110097683,5.153154844,3.654074266,0.629579486,1.315734423,-0.56230133,-48.01000327,64.28308983,60.41028556,-78.2599617,-56.35016235,69.57916602,17.12602386,1,1
30.123137,3,1572608361,AUT,FALSE,TRUE,TRUE,601.1876647,-122.6469905,151.6051436,-179.9372477,0.036223188,179.7562648,-8.120864111,3.762948583,2.843440963,0.221840591,1.37970187,-0.470159693,-45.62587737,63.79276657,60.38414154,-79.57171554,-56.34845397,69.02070351,20.53958931,1,1
30.22360682,3,1572608361,AUT,FALSE,TRUE,TRUE,601.1876647,-122.6469905,151.6051436,-179.9372477,0.036223188,179.7562648,-8.120864111,3.762948583,2.843440963,0.221840591,1.37970187,-0.470159693,-43.0689846,63.72153053,60.07782554,-79.41464195,-56.38981201,68.73647346,22.88148308,1,1
30.32407784,3,1572608361,AUT,FALSE,TRUE,TRUE,607.6881738,-98.70803184,151.0950018,-179.9870732,0.271489526,179.9540425,-10.92452129,-2.020140195,4.070717284,-0.732185261,1.205709822,-0.200366061,-43.0689846,63.72153053,60.07782554,-79.41464195,-56.38981201,68.73647346,22.88148308,1,1
30.42459989,3,1572608361,AUT,FALSE,TRUE,TRUE,621.7375781,-84.2272385,151.7075728,179.9606043,0.488060317,-179.9877326,-12.70591116,0.287187118,1.553257093,-0.239304766,0.648727875,-0.240005905,-40.41619491,64.30064735,59.57903938,-77.08278694,-56.19618347,69.22840004,23.44445686,1,1
30.525105,3,1572608361,AUT,FALSE,TRUE,TRUE,621.7375781,-84.2272385,151.7075728,179.9606043,0.488060317,-179.9877326,-12.70591116,0.287187118,1.553257093,-0.239304766,0.648727875,-0.240005905,-40.41619491,64.30064735,59.57903938,-77.08278694,-56.19618347,69.22840004,23.44445686,1,1
30.62557888,3,1572608361,AUT,FALSE,TRUE,TRUE,648.4606603,-73.91892274,155.5038917,179.9612853,0.524929011,-179.9849804,-8.165794255,2.94193623,1.253222163,0.250079679,0.055979899,-0.149043934,-36.77630768,66.1477787,59.35666237,-71.0956398,-56.13693969,71.46805229,22.25406074,1,1
30.72604489,3,1572608361,AUT,FALSE,TRUE,TRUE,648.4606603,-73.91892274,155.5038917,179.9612853,0.524929011,-179.9849804,-8.165794255,2.94193623,1.253222163,0.250079679,0.055979899,-0.149043934,-36.77630768,66.1477787,59.35666237,-71.0956398,-56.13693969,71.46805229,22.25406074,1,1
30.82650399,3,1572608361,AUT,FALSE,TRUE,TRUE,680.4798811,-65.83672706,156.4392992,-179.9051686,0.220947622,179.819953,3.167493934,8.403100029,2.190414544,0.439561521,-0.448416142,-0.759177612,-32.3381504,68.99311409,59.25133094,-62.74106598,-56.14438293,74.70175438,19.87714119,1,1
30.92695594,3,1572608361,AUT,FALSE,TRUE,TRUE,680.4798811,-65.83672706,156.4392992,-179.9051686,0.220947622,179.819953,3.167493934,8.403100029,2.190414544,0.439561521,-0.448416142,-0.759177612,-32.3381504,68.99311409,59.25133094,-62.74106598,-56.14438293,74.70175438,19.87714119,1,1
31.02749681,3,1572608361,AUT,FALSE,TRUE,TRUE,699.4082808,-33.48800959,153.0928598,-179.7904353,0.034084329,179.6096182,3.809845576,8.269428245,0.775419286,0.018729856,-0.621451353,-0.965559253,-27.51591453,71.0576992,59.25118675,-57.6432106,-56.3985736,76.25474396,20.59119072,1,1
31.12796497,3,1572608362,AUT,FALSE,TRUE,TRUE,706.6481391,3.890826735,152.287307,-179.9583412,0.095609712,179.794064,-0.650115165,4.324354228,-1.660543518,0.048821717,-0.393360146,-0.269647795,-23.69229126,71.68693771,59.09778671,-55.85055428,-56.58550598,76.71320343,23.19729881,1,1
31.22845483,3,1572608362,AUT,FALSE,TRUE,TRUE,706.6481391,3.890826735,152.287307,-179.9583412,0.095609712,179.794064,-0.650115165,4.324354228,-1.660543518,0.048821717,-0.393360146,-0.269647795,-23.69229126,71.68693771,59.09778671,-55.85055428,-56.58550598,76.71320343,23.19729881,1,1
31.32895303,3,1572608362,AUT,FALSE,TRUE,TRUE,712.0903494,31.60223004,158.3583135,-179.9220725,-0.031938463,179.9833688,2.994704066,4.395379918,0.038370492,0.489238078,-0.650142417,-0.507224605,-20.41019439,71.90037117,58.91282157,-53.71149902,-56.36057189,77.76070518,24.55948677,1,1
31.429425,3,1572608362,AUT,FALSE,TRUE,TRUE,712.0903494,31.60223004,158.3583135,-179.9220725,-0.031938463,179.9833688,2.994704066,4.395379918,0.038370492,0.489238078,-0.650142417,-0.507224605,-20.41019439,71.90037117,58.91282157,-53.71149902,-56.36057189,77.76070518,24.55948677,1,1
31.53010893,3,1572608362,AUT,FALSE,TRUE,TRUE,710.9898759,60.48657645,160.572664,-179.7893256,-0.324016361,179.9284093,7.117993331,4.824206869,0.947942792,0.561902283,-0.476097771,-0.881331661,-17.78841705,71.85496673,58.9488945,-52.92872658,-56.04467651,78.50016403,26.35699424,1,1
31.63124585,3,1572608362,AUT,FALSE,TRUE,TRUE,710.9898759,60.48657645,160.572664,-179.7893256,-0.324016361,179.9284093,7.117993331,4.824206869,0.947942792,0.561902283,-0.476097771,-0.881331661,-17.78841705,71.85496673,58.9488945,-52.92872658,-56.04467651,78.50016403,26.35699424,1,1
31.73200297,3,1572608362,AUT,FALSE,TRUE,TRUE,700.5629455,86.35294272,157.4766233,-179.9666444,-0.645749331,-179.9507082,11.11697311,0.50596107,0.430774724,0.115444019,-0.321843861,-0.210282577,-16.4648426,71.43143348,58.95087547,-55.01550751,-56.02378601,77.98049354,29.48057556,1,1
31.83245492,3,1572608362,AUT,FALSE,TRUE,TRUE,700.5629455,86.35294272,157.4766233,-179.9666444,-0.645749331,-179.9507082,11.11697311,0.50596107,0.430774724,0.115444019,-0.321843861,-0.210282577,-16.4648426,71.43143348,58.95087547,-55.01550751,-56.02378601,77.98049354,29.48057556,1,1
31.93298793,3,1572608362,AUT,FALSE,TRUE,TRUE,676.3387526,107.0307146,154.6202207,179.9613644,-0.70773311,-179.7076615,9.749571766,0.221016725,-1.368957747,0.598441315,-0.245562432,0.193434653,-16.57256698,70.10012741,58.95310364,-60.95822868,-56.01485412,75.97543029,34.09413986,1,1
32.0334599,3,1572608362,AUT,FALSE,TRUE,TRUE,650.3258739,116.9280525,153.2124826,179.9970575,-0.424730592,-179.7496189,-1.591581581,2.003506844,-0.466387454,0.395140345,0.578654128,-0.157433926,-18.2822113,67.44126778,59.00267601,-67.75664063,-55.83046508,73.3477066,37.82054443,1,1
32.13393688,3,1572608363,AUT,FALSE,TRUE,TRUE,650.3258739,116.9280525,153.2124826,179.9970575,-0.424730592,-179.7496189,-1.591581581,2.003506844,-0.466387454,0.395140345,0.578654128,-0.157433926,-18.2822113,67.44126778,59.00267601,-67.75664063,-55.83046508,73.3477066,37.82054443,1,1
32.23450184,3,1572608363,AUT,FALSE,TRUE,TRUE,631.1550825,123.9985613,152.6833237,-179.850118,-0.072536696,-179.9943355,-11.93113102,11.662715,2.896645928,1.331268038,1.591637781,-1.065329077,-19.46580963,65.70298691,59.07451629,-72.58170204,-55.66751586,71.20659828,40.26475868,1,1
32.33501983,3,1572608363,AUT,FALSE,TRUE,TRUE,631.1550825,123.9985613,152.6833237,-179.850118,-0.072536696,-179.9943355,-11.93113102,11.662715,2.896645928,1.331268038,1.591637781,-1.065329077,-19.46580963,65.70298691,59.07451629,-72.58170204,-55.66751586,71.20659828,40.26475868,1,1
32.43548894,3,1572608363,AUT,FALSE,TRUE,TRUE,620.4442798,139.1968711,154.1369442,-179.727772,0.056175269,179.7943149,-13.18144426,14.41148319,3.30188094,1.289333478,1.692569076,-1.497673444,-19.00820846,64.95366439,59.39484329,-74.55334968,-55.63977539,70.46420403,42.34547996,1,1
32.53595304,3,1572608363,AUT,FALSE,TRUE,TRUE,617.2923301,166.4722851,155.0581139,-179.7476568,0.114691542,179.6688039,-7.485442794,14.85472036,2.990820554,0.942320567,0.713863686,-1.273878338,-16.44417114,65.15945892,59.50579491,-73.89116936,-55.64697692,70.68249893,44.50468139,1,1
32.63642097,3,1572608363,AUT,FALSE,TRUE,TRUE,617.2923301,166.4722851,155.0581139,-179.7476568,0.114691542,179.6688039,-7.485442794,14.85472036,2.990820554,0.942320567,0.713863686,-1.273878338,-16.44417114,65.15945892,59.50579491,-73.89116936,-55.64697692,70.68249893,44.50468139,1,1
32.73680902,3,1572608363,AUT,FALSE,TRUE,TRUE,615.0336287,194.7050385,153.6967848,-179.9058452,-0.139490647,179.8721925,1.660390964,5.428320273,1.492546139,0.174283152,-0.024473816,-0.467730313,-13.15567474,65.86063728,59.38043747,-72.22765731,-55.73019836,71.45881004,46.59082717,1,1
32.83734584,3,1572608363,AUT,FALSE,TRUE,TRUE,615.0336287,194.7050385,153.6967848,-179.9058452,-0.139490647,179.8721925,1.660390964,5.428320273,1.492546139,0.174283152,-0.024473816,-0.467730313,-10.54848175,66.20873222,59.26923179,-71.81498336,-55.75958679,71.71993789,48.87875404,1,1
32.93781996,3,1572608363,AUT,FALSE,TRUE,TRUE,606.983076,219.741239,151.3814515,-179.9673367,-0.423556547,-179.9666588,8.679489111,-0.14788113,-0.93155105,-0.488460792,-0.440273959,-0.001104412,-10.54848175,66.20873222,59.26923179,-71.81498336,-55.75958679,71.71993789,48.87875404,1,1
33.03829002,3,1572608363,AUT,FALSE,TRUE,TRUE,589.8260526,238.8694314,149.7974556,179.9750944,-0.60457664,-179.7936504,9.615892229,-0.492615235,-0.324784681,-0.04748271,-0.078749936,0.265696065,-9.146502681,65.67020301,59.31909943,-73.7684555,-55.7703479,71.18474579,51.8656723,1,1
33.13874483,3,1572608364,AUT,FALSE,TRUE,TRUE,589.8260526,238.8694314,149.7974556,179.9750944,-0.60457664,-179.7936504,9.615892229,-0.492615235,-0.324784681,-0.04748271,-0.078749936,0.265696065,-9.146502681,65.67020301,59.31909943,-73.7684555,-55.7703479,71.18474579,51.8656723,1,1
33.23926687,3,1572608364,AUT,FALSE,TRUE,TRUE,567.9274144,250.2877076,147.7427009,179.9693882,-0.613871438,-179.7371753,7.161513086,0.097492653,0.118190045,0.045447421,0.193390087,0.222489393,-8.84894485,64.49784508,59.36335373,-77.40273284,-55.77053466,69.75611114,55.01020317,1,1
33.3398509,3,1572608364,AUT,FALSE,TRUE,TRUE,538.8463979,257.969742,145.0607215,-179.940363,-0.510042471,-179.7419172,1.585945877,5.284477105,1.854937398,0.78882221,0.778219946,-0.267773519,-9.116321181,62.67164611,59.37230072,-82.66414032,-55.77625305,67.49804649,58.69249763,1,1
33.44070292,3,1572608364,AUT,FALSE,TRUE,TRUE,538.8463979,257.969742,145.0607215,-179.940363,-0.510042471,-179.7419172,1.585945877,5.284477105,1.854937398,0.78882221,0.778219946,-0.267773519,-9.116321181,62.67164611,59.37230072,-82.66414032,-55.77625305,67.49804649,58.69249763,1,1
33.54151487,3,1572608364,AUT,FALSE,TRUE,TRUE,511.518839,263.5185261,143.0554159,-179.9170645,-0.327362036,-179.7478028,-2.186680553,6.673264842,1.35812333,0.818915009,1.044690947,-0.481838161,-9.298199844,60.89297676,59.37576484,-87.40199089,-55.83423889,65.3234951,62.16279029,1,1
33.64206791,3,1572608364,AUT,FALSE,TRUE,TRUE,492.5840446,267.5180689,141.6909977,-179.8948206,-0.290282809,-179.7870627,-2.384089551,6.587652672,3.337034833,0.526343576,1.195332993,-0.713921319,-9.266892238,59.69736213,59.40086174,-90.57288208,-55.82725708,63.92712249,64.48434219,1,1
40.16050792,4,1572608371,AUT,FALSE,FALSE,TRUE,471.9279396,-400.0290999,169.9754459,179.9938259,-0.010908888,179.9998587,-0.820545954,-1.369618234,4.513226117,-0.221955851,0.473106129,0.124850951,-73.28416099,61.74810104,59.40349846,-78.18108673,-53.79104553,70.01723899,-9.574183275,0.5,1
40.26143193,4,1572608371,AUT,FALSE,TRUE,TRUE,469.4920486,-402.043222,166.8266828,179.97643,-0.218916648,179.9278969,3.381690175,-0.646795602,3.458780758,-0.211192816,0.251251351,-0.090880269,-73.39978866,61.88915176,59.14629821,-78.18460235,-53.79469848,69.93408623,-9.811106875,1,1
40.36204386,4,1572608371,AUT,FALSE,TRUE,TRUE,469.4920486,-402.043222,166.8266828,179.97643,-0.218916648,179.9278969,3.381690175,-0.646795602,3.458780758,-0.211192816,0.251251351,-0.090880269,-73.68466072,62.39906158,58.55996475,-78.18281708,-54.10440856,69.16317214,-10.26718026,1,1
40.46253085,4,1572608371,AUT,FALSE,TRUE,TRUE,466.5040165,-407.06599,159.2504047,179.9876258,-0.128656402,179.9915353,0.34067379,-0.013676053,3.222587822,-0.342839485,0.28286431,-0.187686502,-73.68466072,62.39906158,58.55996475,-78.18281708,-54.10440856,69.16317214,-10.26718026,1,1
40.56298399,4,1572608371,AUT,FALSE,TRUE,TRUE,467.951661,-407.8003688,149.9197009,-179.9297167,0.241781998,179.8887893,-8.731286755,0.677982189,3.084002941,-0.342839485,0.28286431,-0.187686502,-73.72791939,63.39965171,58.4978096,-78.12375183,-54.84396972,68.38383293,-10.14728508,1,1
40.66346788,4,1572608371,AUT,FALSE,TRUE,TRUE,467.951661,-407.8003688,149.9197009,-179.9297167,0.241781998,179.8887893,-8.731286755,0.677982189,3.084002941,-0.291539104,0.818169258,-0.150033938,-73.72791939,63.39965171,58.4978096,-78.12375183,-54.84396972,68.38383293,-10.14728508,1,1
40.76393104,4,1572608371,AUT,FALSE,TRUE,TRUE,483.9219641,-403.5200418,143.25356,179.990452,0.528125889,179.9906936,-11.94084535,-3.27020286,1.650756673,-0.578482281,0.714494972,0.121403496,-71.94717979,64.88992652,58.59616813,-76.43002052,-55.81433166,68.44013099,-9.165495306,1,1
40.86439395,4,1572608371,AUT,FALSE,TRUE,TRUE,483.9219641,-403.5200418,143.25356,179.990452,0.528125889,179.9906936,-11.94084535,-3.27020286,1.650756673,-0.578482281,0.714494972,0.121403496,-71.94717979,64.88992652,58.59616813,-76.43002052,-55.81433166,68.44013099,-9.165495306,1,1
40.96494389,4,1572608371,AUT,FALSE,TRUE,TRUE,506.66754,-402.8653536,144.7549275,179.9550722,0.568200942,-179.9465052,-9.32906164,0.088706435,1.21847268,0.242027057,0.614904231,0.137208826,-69.09121856,66.31593818,58.58644523,-72.53656539,-56.02131408,69.84417686,-9.258872225,1,1
41.065413,4,1572608371,AUT,FALSE,TRUE,TRUE,506.66754,-402.8653536,144.7549275,179.9550722,0.568200942,-179.9465052,-9.32906164,0.088706435,1.21847268,0.242027057,0.614904231,0.137208826,-69.09121856,66.31593818,58.58644523,-72.53656539,-56.02131408,69.84417686,-9.258872225,1,1
41.16588283,4,1572608372,AUT,FALSE,TRUE,TRUE,546.415535,-397.7707212,147.132299,179.9934365,0.508807541,179.9763998,-5.747336229,0.665643344,2.197303614,0.009292002,0.045587286,-0.054922654,-63.59302483,68.74017791,58.54616661,-65.02548751,-56.01951232,72.78541603,-9.691984181,1,1
41.26626492,4,1572608372,AUT,FALSE,TRUE,TRUE,569.5596188,-392.3934508,147.7772065,-179.987542,0.44261828,179.9636855,-2.803321672,1.211407217,0.929214088,-0.092117099,-0.26952438,-0.019279754,-60.24961052,70.15712242,58.39728126,-60.62210884,-56.0368103,74.31247787,-9.925275425,1,1
41.36678481,4,1572608372,AUT,FALSE,TRUE,TRUE,569.5596188,-392.3934508,147.7772065,-179.987542,0.44261828,179.9636855,-2.803321672,1.211407217,0.929214088,-0.092117099,-0.26952438,-0.019279754,-60.24961052,70.15712242,58.39728126,-60.62210884,-56.0368103,74.31247787,-9.925275425,1,1
41.46725893,4,1572608372,AUT,FALSE,TRUE,TRUE,589.0116457,-386.6135714,148.2694378,-179.9239191,0.23204009,179.9111374,5.079221161,3.16488238,-1.320916476,0.076284584,-1.395905347,-0.367285345,-57.28094673,71.40746956,58.25837974,-56.6534523,-56.04379211,75.80387191,-10.26579323,1,1
41.567801,4,1572608372,AUT,FALSE,TRUE,TRUE,603.2739163,-378.2225433,148.2560627,-179.7450097,-0.019963739,179.7696279,11.32995561,6.071221049,0.39104385,0.306284685,-1.51360215,-1.048256587,-54.90356369,72.31841812,58.23019294,-53.89525223,-56.04392944,76.9715332,-10.31020889,1,1
41.66832304,4,1572608372,AUT,FALSE,TRUE,TRUE,612.8072704,-364.993548,147.5439882,-179.7148913,-0.218821812,179.6714483,12.14230882,8.120166918,0.243477808,0.441267657,-1.327650499,-1.510602883,-53.28885498,72.61567039,58.22506714,-53.19056168,-56.04476989,77.35269699,-9.297880556,1,1
41.76874495,4,1572608372,AUT,FALSE,TRUE,TRUE,612.8072704,-364.993548,147.5439882,-179.7148913,-0.218821812,179.6714483,12.14230882,8.120166918,0.243477808,0.441267657,-1.327650499,-1.510602883,-53.28885498,72.61567039,58.22506714,-53.19056168,-56.04476989,77.35269699,-9.297880556,1,1
41.86924601,4,1572608372,AUT,FALSE,TRUE,TRUE,617.6336349,-341.93189,146.5472428,-179.6556286,-0.440975652,179.601468,11.75300282,7.245295146,-0.170985402,0.192238662,-0.6794131,-1.735900261,-52.42229461,72.10706863,58.29737434,-55.13371353,-56.03627197,76.91029129,-6.751953513,1,1
41.96992493,4,1572608372,AUT,FALSE,TRUE,TRUE,615.6956382,-309.5822394,145.1190823,-179.666936,-0.416221385,179.5700788,11.75300282,7.245295146,-0.170985402,0.192238662,-0.6794131,-1.735900261,-52.11885223,70.64569129,58.4739521,-60.12205924,-56.01873779,75.194347,-2.505730825,1,1
42.07067084,4,1572608372,AUT,FALSE,TRUE,TRUE,615.6956382,-309.5822394,145.1190823,-179.666936,-0.416221385,179.5700788,6.826129939,7.88169431,-1.362366582,0.569886888,-0.219639301,-1.483230735,-52.11885223,70.64569129,58.4739521,-60.12205924,-56.01873779,75.194347,-2.505730825,1,1
42.17139792,4,1572608373,AUT,FALSE,TRUE,TRUE,611.2341861,-276.2778198,144.6448712,-179.7440313,-0.237274537,179.5203893,-1.455157426,7.645562787,1.222022218,0.495506845,0.600082428,-1.106583177,-52.02118378,69.02914238,58.76000175,-65.31190109,-56.02331359,73.34928589,1.92370605,1,1
42.27195883,4,1572608373,AUT,FALSE,TRUE,TRUE,606.8252257,-237.7985606,146.7629128,-179.7896949,-0.042263988,179.5351616,-6.64821753,6.726077281,-0.248340547,0.215296144,0.958898876,-0.859897575,-51.38022766,67.25012283,59.21057853,-70.34994621,-56.05420715,71.66312828,6.850998688,1,1
42.37243199,4,1572608373,AUT,FALSE,TRUE,TRUE,604.3600938,-196.6169625,151.5496809,-179.823607,0.065195374,179.6036882,-8.465914845,4.835915972,0.629765998,0.069721013,0.930732085,-0.737426161,-49.93119964,65.58751373,59.82026481,-74.34890442,-56.05012573,70.63104515,11.80355301,1,1
42.47289491,4,1572608373,AUT,FALSE,TRUE,TRUE,604.3600938,-196.6169625,151.5496809,-179.823607,0.065195374,179.6036882,-8.465914845,4.835915972,0.629765998,0.069721013,0.930732085,-0.737426161,-49.93119964,65.58751373,59.82026481,-74.34890442,-56.05012573,70.63104515,11.80355301,1,1
42.57335997,4,1572608373,AUT,FALSE,TRUE,TRUE,604.7080063,-157.5953367,156.9711683,-179.8443834,0.097592836,179.6636342,-9.81107491,3.282405297,2.631565211,0.086188361,1.20921661,-0.520298934,-47.72952576,64.29702529,60.37293548,-76.91766586,-55.91293945,70.19601059,16.17590904,1,1
42.67385793,4,1572608373,AUT,FALSE,TRUE,TRUE,608.0846998,-122.3182745,160.1631378,-179.9380243,0.147205145,179.8365236,-10.60671915,2.136752343,3.422122327,0.156735329,1.405542733,-0.374671311,-44.92383041,63.49319687,60.44066619,-78.07001495,-55.7247821,69.95382728,19.90869598,1,1
42.77437592,4,1572608373,AUT,FALSE,TRUE,TRUE,616.7509571,-98.06840202,160.5944905,-179.9950792,0.393199902,179.9665129,-11.62127437,0.801645429,3.149216041,0.110131109,0.923921551,-0.24072144,-42.11032104,63.48809852,60.07978592,-77.39792289,-55.62057128,69.87060928,22.02475204,1,1
42.8748579,4,1572608373,AUT,FALSE,TRUE,TRUE,616.7509571,-98.06840202,160.5944905,-179.9950792,0.393199902,179.9665129,-11.62127437,0.801645429,3.149216041,0.110131109,0.923921551,-0.24072144,-42.11032104,63.48809852,60.07978592,-77.39792289,-55.62057128,69.87060928,22.02475204,1,1
42.97532487,4,1572608373,AUT,FALSE,TRUE,TRUE,630.720508,-84.08867093,159.5339034,179.9719306,0.513678775,-179.9527031,-12.2090458,0.422581532,3.613894535,-0.044820681,0.750457708,-0.226210078,-39.3370697,64.26722145,59.46554374,-74.84289092,-55.48930664,70.37164421,22.48605766,1,1
43.07579088,4,1572608374,AUT,FALSE,TRUE,TRUE,649.0253411,-76.31209932,158.1305818,179.9607715,0.517623451,-179.9786669,-9.208148072,2.88221414,1.810129688,0.456695366,0.351305854,-0.085223329,-36.60600586,65.74206047,58.96948013,-70.74629173,-55.46056091,71.57310905,21.81935921,1,1
43.17625499,4,1572608374,AUT,FALSE,TRUE,TRUE,669.5388348,-70.27817272,156.1130702,-179.9626632,0.428574945,179.9630404,-6.983034732,4.194124051,1.337102123,0.17823764,0.072659188,-0.213355972,-33.72521553,67.66913795,58.62767829,-65.6554985,-55.55915222,73.1909626,20.49718894,1,1
43.27673483,4,1572608374,AUT,FALSE,TRUE,TRUE,689.3459612,-62.8158837,155.2253373,-179.9104158,0.328380048,179.8705179,-6.983034732,4.194124051,1.337102123,0.17823764,0.072659188,-0.213355972,-30.82146034,69.57222061,58.50205307,-60.42919578,-55.71788818,74.95065308,19.20877418,1,1
43.37727785,4,1572608374,AUT,FALSE,TRUE,TRUE,689.3459612,-62.8158837,155.2253373,-179.9104158,0.328380048,179.8705179,-2.520227472,5.772613667,2.352939109,0.099509864,-0.026200203,-0.385836969,-30.82146034,69.57222061,58.50205307,-60.42919578,-55.71788818,74.95065308,19.20877418,1,1
43.47773004,4,1572608374,AUT,FALSE,TRUE,TRUE,703.3954267,-48.85846226,154.6678314,-179.7905756,0.048332861,179.7372434,7.893555016,8.944931114,-0.985945681,0.659781952,-1.106897849,-0.712542155,-27.90721664,71.08565941,58.50847664,-56.21515274,-55.78411926,76.55046501,18.66681175,1,1
43.57821393,4,1572608374,AUT,FALSE,TRUE,TRUE,711.516444,-23.38797813,153.947838,-179.7923547,0.021603498,179.643339,5.878712087,6.978396884,-0.465782592,0.214995429,-0.922111466,-0.924030689,-24.97903061,71.88795318,58.51333465,-54.03730545,-55.84005615,77.1965435,19.87063866,1,1
43.67865801,4,1572608374,AUT,FALSE,TRUE,TRUE,714.9392164,8.112625557,154.5035426,-179.8610822,0.033913921,179.7130948,0.898772105,6.59338244,-0.442765265,0.316403982,-0.395317371,-0.567294461,-22.04587669,72.16299248,58.49188041,-53.07020301,-55.91581787,77.52355843,22.1364315,1,1
43.77912903,4,1572608374,AUT,FALSE,TRUE,TRUE,714.9392164,8.112625557,154.5035426,-179.8610822,0.033913921,179.7130948,0.898772105,6.59338244,-0.442765265,0.316403982,-0.395317371,-0.567294461,-22.04587669,72.16299248,58.49188041,-53.07020301,-55.91581787,77.52355843,22.1364315,1,1
43.87960291,4,1572608374,AUT,FALSE,TRUE,TRUE,715.7101485,36.47333821,156.3742276,-179.9039234,-0.009548677,179.852151,3.172551256,-0.681531091,-0.371867558,-0.745609343,-0.805435736,-0.382008847,-19.40961113,72.19465026,58.45797386,-52.45371208,-55.91555969,77.90482864,24.24490699,1,1
43.98016191,4,1572608374,AUT,FALSE,TRUE,TRUE,714.2866334,57.94184161,158.4067565,-179.9215857,-0.20749127,179.9885438,6.292068316,1.09402863,-0.00833951,-0.028548638,-0.786937036,-0.289605034,-17.51140022,72.11800003,58.45565986,-52.1588871,-55.85451965,78.34561386,25.90691528,1,1
44.08088398,4,1572608375,AUT,FALSE,TRUE,TRUE,706.2803898,75.76643802,160.1923142,-179.9734311,-0.718938158,-179.7911074,6.292068316,1.09402863,-0.00833951,-0.028548638,-0.786937036,-0.289605034,-16.44923858,71.57245674,58.48101768,-53.41820183,-55.64335144,78.60159531,27.96991768,1,1
44.18144488,4,1572608375,AUT,FALSE,TRUE,TRUE,706.2803898,75.76643802,160.1923142,-179.9734311,-0.718938158,-179.7911074,17.21611158,-2.403948024,-0.859587095,-0.028078849,-1.154412938,-0.028676466,-16.44923858,71.57245674,58.48101768,-53.41820183,-55.64335144,78.60159531,27.96991768,1,1
44.28191805,4,1572608375,AUT,FALSE,TRUE,TRUE,683.5693474,90.37022776,161.0700314,179.9829117,-0.774974353,-179.7162594,12.24725803,-1.116079401,0.267719586,-0.028078849,-1.154412938,-0.028676466,-17.15614013,69.96070747,58.57595672,-59.40375251,-55.2517218,76.76952553,31.78251686,1,1
44.38238788,4,1572608375,AUT,FALSE,TRUE,TRUE,683.5693474,90.37022776,161.0700314,179.9829117,-0.774974353,-179.7162594,12.24725803,-1.116079401,0.267719586,0.573487191,0.23762868,0.133732623,-17.15614013,69.96070747,58.57595672,-59.40375251,-55.2517218,76.76952553,31.78251686,1,1
44.48292494,4,1572608375,AUT,FALSE,TRUE,TRUE,651.8954493,98.23884588,158.2284536,-179.8937325,-0.350956026,-179.7891134,12.24725803,-1.116079401,0.267719586,0.573487191,0.23762868,0.133732623,-19.94716186,66.60918388,58.58737564,-68.04149894,-55.0038977,73.19659653,35.94115791,1,1
44.58346796,4,1572608375,AUT,FALSE,TRUE,TRUE,651.8954493,98.23884588,158.2284536,-179.8937325,-0.350956026,-179.7891134,-5.229605615,4.867813804,2.099504702,1.029099302,1.086366944,-0.439446032,-19.94716186,66.60918388,58.58737564,-68.04149894,-55.0038977,73.19659653,35.94115791,1,1
44.68396282,4,1572608375,AUT,FALSE,TRUE,TRUE,634.5250514,102.376878,154.8928306,-179.8155626,-0.105864369,-179.9690219,-11.93524503,11.08226527,3.635215029,1.263400553,1.78110242,-1.105074246,-21.25564041,65.17730827,58.59108353,-72.6306324,-54.97604187,71.06749076,38.07390289,1,1
44.78444004,4,1572608375,AUT,FALSE,TRUE,TRUE,634.5250514,102.376878,154.8928306,-179.8155626,-0.105864369,-179.9690219,-11.93524503,11.08226527,3.635215029,1.263400553,1.78110242,-1.105074246,-21.25564041,65.17730827,58.59108353,-72.6306324,-54.97604187,71.06749076,38.07390289,1,1
44.8848989,4,1572608375,AUT,FALSE,TRUE,TRUE,624.6863819,114.8107388,152.5416387,-179.7512058,0.058844635,179.8040472,-13.11792446,14.15364297,2.049448898,1.219203104,1.88518095,-1.379480435,-21.02623558,64.64911994,58.68595047,-74.73413658,-55.07729736,69.93746109,39.98945159,1,1
44.98536086,4,1572608375,AUT,FALSE,TRUE,TRUE,623.5463672,134.6113643,153.4265591,-179.8056554,0.143249625,179.7524166,-8.467048297,9.879074144,1.853623778,1.219203104,1.88518095,-1.379480435,-19.15777702,64.80418854,58.78048782,-74.23738289,-55.14231445,70.13151741,41.61239662,1,1
45.08589792,4,1572608376,AUT,FALSE,TRUE,TRUE,623.5463672,134.6113643,153.4265591,-179.8056554,0.143249625,179.7524166,-8.467048297,9.879074144,1.853623778,0.548496674,0.911267112,-1.11964613,-19.15777702,64.80418854,58.78048782,-74.23738289,-55.14231445,70.13151741,41.61239662,1,1
45.186409,4,1572608376,AUT,FALSE,TRUE,TRUE,628.9391746,163.8451374,155.7407424,-179.7893217,0.192387526,179.7521576,-6.751403111,8.253678024,1.011190264,0.132377932,0.596094658,-1.066317005,-15.62065315,65.63840789,58.74590149,-71.43345566,-55.14808227,71.23315773,42.91990356,1,1
45.28689384,4,1572608376,AUT,FALSE,TRUE,TRUE,628.9391746,163.8451374,155.7407424,-179.7893217,0.192387526,179.7521576,-6.751403111,8.253678024,1.011190264,0.132377932,0.596094658,-1.066317005,-15.62065315,65.63840789,58.74590149,-71.43345566,-55.14808227,71.23315773,42.91990356,1,1
45.3873589,4,1572608376,AUT,FALSE,TRUE,TRUE,635.7876936,187.7111679,157.2940817,-179.8671998,0.064142758,179.7933693,-0.840185634,5.184457287,0.54444173,-0.341281334,0.192683037,-0.816144534,-12.40554543,66.75338631,58.70115966,-67.99233169,-55.1472583,72.67365417,43.57983169,1,1
45.48780799,4,1572608376,AUT,FALSE,TRUE,TRUE,638.8497058,209.1549313,156.3883695,-179.9028447,-0.164397307,179.8867228,4.971227158,2.90085523,1.535502009,-0.398300301,-0.179636054,-0.446205837,-9.540376281,67.73663864,58.54955864,-65.34236755,-55.15621765,73.71509284,44.26329803,1,1
45.58828902,4,1572608376,AUT,FALSE,TRUE,TRUE,638.8497058,209.1549313,156.3883695,-179.9028447,-0.164397307,179.8867228,4.971227158,2.90085523,1.535502009,-0.398300301,-0.179636054,-0.446205837,-9.540376281,67.73663864,58.54955864,-65.34236755,-55.15621765,73.71509284,44.26329803,1,1
45.68883801,4,1572608376,AUT,FALSE,TRUE,TRUE,633.3676047,228.5711107,152.6046584,-179.9130454,-0.527357133,-179.9498592,9.357962039,-1.062936283,-0.00997845,-0.777245723,0.087272059,-0.102692221,-7.437548444,68.30938683,58.45369949,-64.65287246,-55.27408996,73.99515152,45.82602424,1,1
45.78930998,4,1572608376,AUT,FALSE,TRUE,TRUE,633.3676047,228.5711107,152.6046584,-179.9130454,-0.527357133,-179.9498592,9.357962039,-1.062936283,-0.00997845,-0.777245723,0.087272059,-0.102692221,-7.437548444,68.30938683,58.45369949,-64.65287246,-55.27408996,73.99515152,45.82602424,1,1
45.89019299,4,1572608376,AUT,FALSE,TRUE,TRUE,615.2648746,249.3825661,147.895388,179.9703184,-0.583570868,-179.7992969,8.063424275,-0.159132878,-0.315079233,-0.14438001,0.187109205,0.167726125,-6.095541,67.95386238,58.47239341,-66.97692718,-55.55841064,73.09813843,49.19105072,1,1
45.99098682,4,1572608376,AUT,FALSE,TRUE,TRUE,593.3345342,258.9597019,146.5107038,179.9860533,-0.578573715,-179.6420984,7.940801437,0.780435121,-1.037323776,0.265640543,0.139330055,0.265105434,-6.143448256,66.62664528,58.50003776,-71.04181709,-55.55791076,71.68118706,52.31851501,1,1
46.09159088,4,1572608377,AUT,FALSE,TRUE,TRUE,593.3345342,258.9597019,146.5107038,179.9860533,-0.578573715,-179.6420984,7.940801437,0.780435121,-1.037323776,0.265640543,0.139330055,0.265105434,-6.143448256,66.62664528,58.50003776,-71.04181709,-55.55791076,71.68118706,52.31851501,1,1
46.19224691,4,1572608377,AUT,FALSE,TRUE,TRUE,557.662009,266.9945429,146.4122867,-179.9786443,-0.526875007,-179.7011619,3.115143549,2.838057528,-1.502221111,0.371128864,0.353274827,-0.135303275,-6.875628656,64.64031028,58.77351837,-76.60420532,-55.45985778,69.19518699,56.86334609,1,1
46.29281282,4,1572608377,AUT,FALSE,TRUE,TRUE,557.662009,266.9945429,146.4122867,-179.9786443,-0.526875007,-179.7011619,3.115143549,2.838057528,-1.502221111,0.371128864,0.353274827,-0.135303275,-6.875628656,64.64031028,58.77351837,-76.60420532,-55.45985778,69.19518699,56.86334609,1,1
46.39330387,4,1572608377,AUT,FALSE,TRUE,TRUE,527.4432963,270.30234,146.9964297,-179.9125947,-0.292909897,-179.6342329,-2.932391702,5.378179274,1.540774839,1.037410827,0.669688104,-0.277148907,-7.810242456,61.86815414,59.10111694,-83.71535683,-55.44276855,66.9579483,60.58517074,1,1
46.49376488,4,1572608377,AUT,FALSE,TRUE,TRUE,527.4432963,270.30234,146.9964297,-179.9125947,-0.292909897,-179.6342329,-2.932391702,5.378179274,1.540774839,1.037410827,0.669688104,-0.277148907,-7.810242456,61.86815414,59.10111694,-83.71535683,-55.44276855,66.9579483,60.58517074,1,1
46.59426284,4,1572608377,AUT,FALSE,TRUE,TRUE,500.1692126,268.6396797,146.1738578,-179.9126322,-0.293412064,-179.6445747,0.128076082,5.54544886,3.567029597,1.197665334,0.571791764,-0.496955591,-8.750744244,59.64203911,59.15634041,-89.02221679,-55.16873107,64.73366318,63.44285202,1,1
46.69472694,4,1572608377,AUT,FALSE,TRUE,TRUE,500.1692126,268.6396797,146.1738578,-179.9126322,-0.293412064,-179.6445747,0.128076082,5.54544886,3.567029597,1.197665334,0.571791764,-0.496955591,-8.750744244,59.64203911,59.15634041,-89.02221679,-55.16873107,64.73366318,63.44285202,1,1
46.79521894,4,1572608377,AUT,FALSE,TRUE,TRUE,474.8655768,267.8517221,142.2844822,-179.8549244,-0.264908416,-179.7819026,-2.677699019,8.593204272,2.006512751,0.951544032,1.198931966,-0.762134578,-9.40711555,58.08307571,59.21810417,-93.53866539,-55.3272528,62.50787429,66.20995445,1,1
53.23047686,5,1572608384,AUT,FALSE,FALSE,TRUE,471.8807654,-400.1449551,169.9624505,179.9877904,-0.006612147,-179.9959644,0.362075978,-2.246946871,3.392019337,-0.317251478,0.203333144,0.233787852,-73.26401138,61.70020065,59.31363373,-78.17744751,-53.71132324,69.96567535,-9.614970019,0.5,1
53.33124185,5,1572608384,AUT,FALSE,FALSE,TRUE,471.8807654,-400.1449551,169.9624505,179.9877904,-0.006612147,-179.9959644,0.362075978,-2.246946871,3.392019337,-0.317251478,0.203333144,0.233787852,-73.34178772,61.80628395,58.93586197,-78.17492409,-53.7569934,69.70461959,-10.01166916,0.5,1
53.43202901,5,1572608384,AUT,FALSE,TRUE,TRUE,467.8709265,-404.3796643,164.8513354,179.944501,-0.294846958,-179.947611,4.630409994,-0.672184925,3.217011165,-0.230756165,0.179674728,-0.005333212,-73.34178772,61.80628395,58.93586197,-78.17492409,-53.7569934,69.70461959,-10.01166916,1,1
53.53259587,5,1572608384,AUT,FALSE,TRUE,TRUE,464.1823778,-410.6185048,154.899658,-179.9390514,0.076689417,179.9267654,-7.060095279,2.468318997,3.023094023,-0.230756165,0.179674728,-0.005333212,-74.02065696,62.6916687,58.26986732,-78.17805862,-54.13430236,68.65317306,-10.76527291,1,1
53.63311386,5,1572608384,AUT,FALSE,TRUE,TRUE,464.1823778,-410.6185048,154.899658,-179.9390514,0.076689417,179.9267654,-7.060095279,2.468318997,3.023094023,-0.094940964,0.908082692,-0.339687697,-74.02065696,62.6916687,58.26986732,-78.17805862,-54.13430236,68.65317306,-10.76527291,1,1
53.73358798,5,1572608384,AUT,FALSE,TRUE,TRUE,479.8112006,-402.0075976,146.3312086,-179.9453325,0.634211107,179.9524907,-14.73943433,-1.823969445,3.849959151,-0.338957715,1.045137184,-0.018040631,-72.58609314,64.26737938,58.75981636,-77.35820389,-55.53724548,68.26399956,-9.151137544,1,1
53.83405399,5,1572608384,AUT,FALSE,TRUE,TRUE,479.8112006,-402.0075976,146.3312086,-179.9453325,0.634211107,179.9524907,-14.73943433,-1.823969445,3.849959151,-0.338957715,1.045137184,-0.018040631,-72.58609314,64.26737938,58.75981636,-77.35820389,-55.53724548,68.26399956,-9.151137544,1,1
53.93453884,5,1572608384,AUT,FALSE,TRUE,TRUE,503.1901452,-395.9717032,143.1257464,179.9652058,0.614914811,-179.8986908,-11.02079756,-5.347789043,1.693300593,-0.431733653,0.862997051,0.093489038,-69.50991783,65.78644867,58.66334266,-74.25283928,-56.12216857,69.22285881,-8.256932831,1,1
54.03501201,5,1572608384,AUT,FALSE,TRUE,TRUE,503.1901452,-395.9717032,143.1257464,179.9652058,0.614914811,-179.8986908,-11.02079756,-5.347789043,1.693300593,-0.431733653,0.862997051,0.093489038,-69.50991783,65.78644867,58.66334266,-74.25283928,-56.12216857,69.22285881,-8.256932831,1,1
54.13555002,5,1572608385,AUT,FALSE,TRUE,TRUE,539.7973689,-397.2270975,144.6240336,-179.9899867,0.595418407,-179.8817702,-6.590499783,-1.492594623,1.659311848,-0.177411147,-0.248935111,-0.074636079,-65.44495583,67.81987724,58.41760597,-68.16584701,-56.15725891,71.87341346,-9.277490619,1,1
54.23601985,5,1572608385,AUT,FALSE,TRUE,TRUE,539.7973689,-397.2270975,144.6240336,-179.9899867,0.595418407,-179.8817702,-6.590499783,-1.492594623,1.659311848,-0.177411147,-0.248935111,-0.074636079,-60.32607193,70.42286796,58.37631798,-60.22107009,-56.16207092,74.49982223,-10.39072495,1,1
54.33650804,5,1572608385,AUT,FALSE,TRUE,TRUE,570.068332,-395.6032979,146.30591,-179.9213535,0.388390877,179.9387213,2.300873275,3.554413082,1.754493397,0.202099003,-0.477861473,-0.438454212,-60.32607193,70.42286796,58.37631798,-60.22107009,-56.16207092,74.49982223,-10.39072495,1,1
54.43701792,5,1572608385,AUT,FALSE,TRUE,TRUE,596.4103625,-385.998134,145.4121567,-179.7214204,-0.084095682,179.7762378,12.81315968,7.822928135,-0.787858104,0.657469019,-1.055315306,-1.14996134,-55.96986236,72.35699386,58.18176041,-54.45941734,-56.16879455,76.64959259,-10.92215768,1,1
54.53748989,5,1572608385,AUT,FALSE,TRUE,TRUE,596.4103625,-385.998134,145.4121567,-179.7214204,-0.084095682,179.7762378,12.81315968,7.822928135,-0.787858104,0.657469019,-1.055315306,-1.14996134,-55.96986236,72.35699386,58.18176041,-54.45941734,-56.16879455,76.64959259,-10.92215768,1,1
54.63796902,5,1572608385,AUT,FALSE,TRUE,TRUE,606.4812534,-370.6554339,145.5439018,-179.655337,-0.279948173,179.6758875,14.3122161,7.40129548,-1.835542013,0.279062775,-1.616260554,-1.602640765,-54.24347419,72.57067794,58.21956367,-53.8928009,-56.1606372,77.04962539,-9.715216831,1,1
54.73849297,5,1572608385,AUT,FALSE,TRUE,TRUE,608.8811493,-352.6663719,147.7213305,-179.6439652,-0.39712287,179.5978475,11.14792111,8.529802405,-2.361901799,0.582208255,-0.741579445,-1.659570905,-53.72990799,71.83237266,58.42063064,-55.87224884,-56.0581842,76.73966331,-7.562583163,1,1
54.83898401,5,1572608385,AUT,FALSE,TRUE,TRUE,608.8811493,-352.6663719,147.7213305,-179.6439652,-0.39712287,179.5978475,11.14792111,8.529802405,-2.361901799,0.582208255,-0.741579445,-1.659570905,-53.72990799,71.83237266,58.42063064,-55.87224884,-56.0581842,76.73966331,-7.562583163,1,1
54.93945503,5,1572608385,AUT,FALSE,TRUE,TRUE,608.0881103,-328.3167634,151.3737458,-179.6822668,-0.326011767,179.5901529,3.821545375,7.852131512,0.134196493,0.651304391,0.075505633,-1.415443025,-53.67487678,70.40920372,58.7833786,-59.5966896,-55.93787292,75.79609909,-4.387228781,1,1
55.04000998,5,1572608385,AUT,FALSE,TRUE,TRUE,605.6338859,-297.3791564,154.0121864,-179.7736712,-0.191528954,179.623304,-2.611534209,6.619151546,3.095537483,0.519487448,0.794965187,-1.006755149,-53.52735786,68.75839462,59.20693244,-64.17597999,-55.88757202,74.45726051,-0.3007782,1,1
55.1405859,5,1572608386,AUT,FALSE,TRUE,TRUE,600.9471183,-250.9943899,152.4170424,-179.80285,-0.13965231,179.6129962,-5.08757394,4.818332112,2.909895098,0.3050825,0.916329254,-0.760559181,-52.71570511,66.79877014,59.5101345,-70.33749046,-55.87818969,72.23795356,5.571500013,1,1
55.24156284,5,1572608386,AUT,FALSE,TRUE,TRUE,600.9471183,-250.9943899,152.4170424,-179.80285,-0.13965231,179.6129962,-5.08757394,4.818332112,2.909895098,0.3050825,0.916329254,-0.760559181,-52.71570511,66.79877014,59.5101345,-70.33749046,-55.87818969,72.23795356,5.571500013,1,1
55.34218287,5,1572608386,AUT,FALSE,TRUE,TRUE,598.0557358,-214.9974264,149.5212073,-179.8592478,-0.028401192,179.6449962,-6.738504763,4.859505142,1.59745223,0.337310689,1.113514532,-0.519174754,-51.46188698,65.59289016,59.52562179,-74.33664779,-55.94910095,70.50411186,10.05727272,1,1
55.44264889,5,1572608386,AUT,FALSE,TRUE,TRUE,596.9866258,-180.7659017,149.898787,-179.9235535,0.060175608,179.7286341,-5.102923837,1.753966359,-0.051418093,-0.286499341,0.606452672,-0.422462932,-49.73762054,64.50980987,59.64886779,-77.21699524,-55.95830749,69.39736976,14.18352127,1,1
55.54313803,5,1572608386,AUT,FALSE,TRUE,TRUE,597.9801634,-149.1816376,153.610155,-179.8416495,0.029472801,179.7823713,-5.535858289,3.465479575,1.384958687,0.215588377,0.597788873,-0.487898798,-47.68812103,63.61336669,59.96823349,-78.91765823,-55.81906127,69.13960304,17.51190834,1,1
55.64359403,5,1572608386,AUT,FALSE,TRUE,TRUE,597.9801634,-149.1816376,153.610155,-179.8416495,0.029472801,179.7823713,-5.535858289,3.465479575,1.384958687,0.215588377,0.597788873,-0.487898798,-47.68812103,63.61336669,59.96823349,-78.91765823,-55.81906127,69.13960304,17.51190834,1,1
55.74405789,5,1572608386,AUT,FALSE,TRUE,TRUE,600.3712082,-120.9606493,156.3900565,-179.8266674,0.001502749,179.8056735,-5.80103746,3.71201963,4.457861206,0.079754025,0.988333137,-0.706078126,-45.45785522,63.03934822,60.14175911,-79.75712013,-55.61834106,69.06338539,20.37499694,1,1
55.84453797,5,1572608386,AUT,FALSE,TRUE,TRUE,603.5232674,-96.37571603,156.340932,-179.8754776,0.003172773,179.812751,-6.54928113,4.400789193,4.421183613,0.191202212,1.344885208,-0.681822925,-43.27058372,62.87148743,60.08740425,-80.0631546,-55.53932739,68.91285209,22.82158012,1,1
55.94510984,5,1572608386,AUT,FALSE,TRUE,TRUE,608.3713714,-75.26808309,153.4848135,-179.9189521,0.144319497,179.8734654,-8.994457932,1.339699075,5.412605429,-0.288949464,1.232737716,-0.434093336,-40.96122322,63.05183487,59.73653869,-79.84279633,-55.62067016,68.57261581,24.82974358,1,1
56.04556894,5,1572608386,AUT,FALSE,TRUE,TRUE,619.6148645,-61.95766868,150.1613123,179.974195,0.475061003,-179.9915108,-14.97052179,-0.966512698,2.935099445,-0.288949464,1.232737716,-0.434093336,-38.55040054,63.74938087,59.05920066,-78.08426627,-55.74669982,68.47981567,25.66266518,1,1
56.14602995,5,1572608387,AUT,FALSE,TRUE,TRUE,619.6148645,-61.95766868,150.1613123,179.974195,0.475061003,-179.9915108,-14.97052179,-0.966512698,2.935099445,-0.46519662,1.340738856,-0.085629642,-38.55040054,63.74938087,59.05920066,-78.08426627,-55.74669982,68.47981567,25.66266518,1,1
56.24648094,5,1572608387,AUT,FALSE,TRUE,TRUE,637.5716773,-56.96907849,149.8202365,179.9730513,0.504450123,-179.9147022,-11.02403757,2.10640408,2.657150887,0.153584986,0.697038681,-0.055847889,-36.12549476,65.05391121,58.52749328,-74.14361801,-55.657359,69.6925827,24.76440582,1,1
56.34693885,5,1572608387,AUT,FALSE,TRUE,TRUE,662.5033491,-53.65003563,151.5482984,-179.9693201,0.334265718,179.9805719,-4.364069292,3.824298252,2.390442974,0.085189421,0.165055786,-0.194433625,-33.16578483,67.21491508,58.43594971,-67.92852173,-55.6190277,72.13578758,22.77741165,1,1
56.44739604,5,1572608387,AUT,FALSE,TRUE,TRUE,662.5033491,-53.65003563,151.5482984,-179.9693201,0.334265718,179.9805719,-4.364069292,3.824298252,2.390442974,0.085189421,0.165055786,-0.194433625,-33.16578483,67.21491508,58.43594971,-67.92852173,-55.6190277,72.13578758,22.77741165,1,1
56.547894,5,1572608387,AUT,FALSE,TRUE,TRUE,679.8734348,-50.02365433,151.9157153,-179.9071563,0.226783673,179.8899631,0.161028107,6.033171552,0.986982621,0.148796886,-0.286120413,-0.416559131,-30.88265419,68.85771789,58.40877228,-63.23162613,-55.70656127,73.87274666,21.31082611,1,1
56.64839792,5,1572608387,AUT,FALSE,TRUE,TRUE,692.5897867,-38.61087153,151.2491078,-179.7831719,0.120645337,179.7131157,2.36806982,8.859067792,1.873607168,0.298439478,-0.642666798,-0.79391456,-28.53197822,70.15958061,58.43122902,-59.72474213,-55.74963867,75.05016174,20.81176185,1,1
56.74890494,5,1572608387,AUT,FALSE,TRUE,TRUE,700.3930112,-15.27946783,150.1388361,-179.7882691,0.122549756,179.6124532,-0.723333852,10.70200019,-0.07506091,0.526493787,-0.23497584,-1.072800663,-25.84798049,70.96576767,58.43736763,-57.70078583,-55.84680175,75.62977638,21.912537,1,1
56.84946704,5,1572608387,AUT,FALSE,TRUE,TRUE,700.3930112,-15.27946783,150.1388361,-179.7882691,0.122549756,179.6124532,-0.723333852,10.70200019,-0.07506091,0.526493787,-0.23497584,-1.072800663,-25.84798049,70.96576767,58.43736763,-57.70078583,-55.84680175,75.62977638,21.912537,1,1
56.95025587,5,1572608387,AUT,FALSE,TRUE,TRUE,705.5664256,13.96499016,150.6764277,-179.8445093,0.211420328,179.6614267,-4.415325358,4.468664988,0.063901237,-0.351519163,0.056288987,-0.67072761,-22.85836372,71.40766868,58.42432479,-56.26871452,-55.94998535,76.03655204,23.85761489,1,1
57.05075502,5,1572608387,AUT,FALSE,TRUE,TRUE,710.1293011,41.00586637,154.0818257,-179.9496304,0.158944257,179.8456872,-2.769373655,4.567164542,-1.014108211,0.187331636,-0.054621104,-0.270826364,-19.8301197,71.71741104,58.39005775,-54.44497719,-55.95834045,76.94586639,25.45959663,1,1
57.15200901,5,1572608388,AUT,FALSE,TRUE,TRUE,712.3801926,63.03742587,158.6698069,-179.9550397,-0.229062109,179.9871976,11.18594042,-1.07210321,-0.661054979,-0.470240921,-1.472928973,-0.078058636,-17.27686614,71.91593399,58.39182586,-52.63769531,-55.73908081,78.19406433,26.50552597,1,1
57.25277591,5,1572608388,AUT,FALSE,TRUE,TRUE,708.104306,79.31954266,161.5803091,179.9404626,-0.668784067,-179.8419609,20.26191364,-4.08134197,-1.102653389,-0.308404048,-1.631897864,0.305420064,-15.93887557,71.63418274,58.42238159,-52.78291054,-55.51566284,78.80215072,28.0286602,1,1
57.35333586,5,1572608388,AUT,FALSE,TRUE,TRUE,708.104306,79.31954266,161.5803091,179.9404626,-0.668784067,-179.8419609,20.26191364,-4.08134197,-1.102653389,-0.308404048,-1.631897864,0.305420064,-15.93887557,71.63418274,58.42238159,-52.78291054,-55.51566284,78.80215072,28.0286602,1,1
57.45381284,5,1572608388,AUT,FALSE,TRUE,TRUE,695.870918,91.04385575,163.6777752,179.946964,-0.889656323,-179.7152108,19.84244818,-2.038278966,-1.527500352,0.403233845,-0.781410966,0.440535378,-16.05306473,70.50775794,58.49968414,-55.71352729,-55.23824157,78.25788803,30.21207618,1,1
57.5543499,5,1572608388,AUT,FALSE,TRUE,TRUE,676.2965019,100.4539092,163.7834109,179.959519,-0.780711492,-179.7255695,9.66065191,-1.680962462,-0.586169003,0.262990185,-0.210769094,0.277149183,-17.25602989,68.65275764,58.56939583,-61.04800758,-54.89867065,76.38915138,33.21082191,1,1
57.6548419,5,1572608388,AUT,FALSE,TRUE,TRUE,654.4235073,105.9298246,161.3256562,-179.9484375,-0.437250263,-179.750831,-2.81483137,3.544958253,0.956809934,0.897267724,1.085838194,-0.08716693,-18.89470596,66.69200363,58.57290458,-67.03818282,-54.7727893,73.85511703,36.14227981,1,1
57.75539804,5,1572608388,AUT,FALSE,TRUE,TRUE,636.2590715,108.8779391,158.5505979,-179.9004491,-0.074783585,-179.9101332,-2.81483137,3.544958253,0.956809934,0.897267724,1.085838194,-0.08716693,-20.38237495,65.08631058,58.57730941,-71.89469261,-54.74158264,71.54173622,38.36653747,1,1
57.85587001,5,1572608388,AUT,FALSE,TRUE,TRUE,636.2590715,108.8779391,158.5505979,-179.9004491,-0.074783585,-179.9101332,-12.76737624,10.27387905,3.155769568,1.311445458,1.711359495,-0.776022494,-20.38237495,65.08631058,58.57730941,-71.89469261,-54.74158264,71.54173622,38.36653747,1,1
57.95634794,5,1572608388,AUT,FALSE,TRUE,TRUE,626.0910792,114.6368942,156.7782078,-179.7317162,0.063295632,179.861947,-14.52642884,14.43700948,2.79188956,1.42298215,1.760365232,-1.300396665,-20.82822761,64.35486488,58.66750374,-74.32150039,-54.73355712,70.33857879,39.68812751,1,1
58.05680895,5,1572608388,AUT,FALSE,TRUE,TRUE,621.6976233,128.7891768,156.6090213,-179.7152441,0.065536695,179.6610065,-10.84170369,17.17670648,2.590535713,1.550807275,1.408683175,-1.392929646,-19.92037926,64.32219429,58.92740936,-74.79225426,-54.80722595,70.15308838,41.10858421,1,1
58.15728188,5,1572608389,AUT,FALSE,TRUE,TRUE,619.0238591,151.3532585,155.5793304,-179.7596045,0.047328721,179.6092638,-7.060972734,12.50747501,3.883533749,0.63225268,0.970666084,-1.233712353,-17.77329368,64.66873741,59.01870574,-74.28204231,-54.97981567,70.3123455,43.04725227,1,1
58.257792,5,1572608389,AUT,FALSE,TRUE,TRUE,619.0238591,151.3532585,155.5793304,-179.7596045,0.047328721,179.6092638,-7.060972734,12.50747501,3.883533749,0.63225268,0.970666084,-1.233712353,-17.77329368,64.66873741,59.01870574,-74.28204231,-54.97981567,70.3123455,43.04725227,1,1
58.35839105,5,1572608389,AUT,FALSE,TRUE,TRUE,618.2388182,176.9591856,153.2402151,-179.8216777,0.143228513,179.7043853,-8.132546261,5.951737837,2.216991773,-0.311885845,1.007080785,-0.905440161,-14.92112961,65.31756935,58.8643444,-73.02248726,-55.28061035,70.56758537,44.98389816,1,1
58.45892191,5,1572608389,AUT,FALSE,TRUE,TRUE,623.2179063,205.5978771,151.2158435,-179.8902162,0.124739811,179.8050163,-4.468538578,7.571390205,2.524586213,0.070636123,0.722685269,-0.732413718,-11.92406272,66.52734604,58.43383827,-69.82104721,-55.34747314,71.51909408,46.17095031,1,1
58.55943203,5,1572608389,AUT,FALSE,TRUE,TRUE,623.2179063,205.5978771,151.2158435,-179.8902162,0.124739811,179.8050163,-4.468538578,7.571390205,2.524586213,0.070636123,0.722685269,-0.732413718,-11.92406272,66.52734604,58.43383827,-69.82104721,-55.34747314,71.51909408,46.17095031,1,1
58.66008282,5,1572608389,AUT,FALSE,TRUE,TRUE,628.3116627,225.8631622,151.2476459,-179.9338472,-0.116125216,179.9146804,5.542035809,1.40071434,-1.108781084,-0.679871517,-0.499327757,-0.411847436,-8.313258356,67.63127975,58.31171836,-66.71515045,-55.34652832,72.72200088,46.50000801,1,1
58.76073098,5,1572608389,AUT,FALSE,TRUE,TRUE,626.4274951,247.2330102,153.1900852,179.9974416,-0.361473742,-179.8972191,13.96265158,-3.103613337,-1.740133138,-0.858435192,-1.403753543,0.0646139,-5.724117275,68.23280182,58.40566177,-64.71790122,-55.33146057,73.95824776,47.66996612,1,1
58.86155391,5,1572608389,AUT,FALSE,TRUE,TRUE,614.2054607,262.0734925,154.7541724,179.9841996,-0.567954108,-179.7801359,11.51461443,-2.237752404,-0.05681132,-0.202480104,-0.510142716,0.267634054,-4.680107113,67.79084244,58.65930519,-65.87235832,-55.26713012,73.97870636,49.7151844,1,1
58.96208787,5,1572608389,AUT,FALSE,TRUE,TRUE,614.2054607,262.0734925,154.7541724,179.9841996,-0.567954108,-179.7801359,11.51461443,-2.237752404,-0.05681132,-0.202480104,-0.510142716,0.267634054,-4.680107113,67.79084244,58.65930519,-65.87235832,-55.26713012,73.97870636,49.7151844,1,1
59.06261683,5,1572608389,AUT,FALSE,TRUE,TRUE,597.7760944,271.5612561,155.8515238,179.9247743,-0.504326291,-179.6419564,7.834846228,-3.998349911,-0.832487001,-0.223915261,-0.252510964,0.479044304,-4.473814769,66.70330238,58.77307548,-68.73511391,-55.20191528,73.11359825,52.22850265,1,1
59.163095,5,1572608390,AUT,FALSE,TRUE,TRUE,578.808341,274.7890828,156.3423344,179.948488,-0.459229513,-179.5607382,4.949834692,-1.924788939,0.084761183,0.139917643,0.159812365,0.389792495,-5.016810606,65.15398293,58.7692955,-72.59133911,-54.93143737,71.74846458,54.59310722,1,1
59.26356792,5,1572608390,AUT,FALSE,TRUE,TRUE,558.7028048,273.4132152,155.5566351,179.9764145,-0.415914559,-179.5702386,2.374230198,2.056626556,0.534483006,0.630239042,0.213598984,0.125109601,-6.096711725,63.47212028,58.79351005,-77.02086181,-54.69075988,69.99709968,56.81439171,1,1
59.36403584,5,1572608390,AUT,FALSE,TRUE,TRUE,558.7028048,273.4132152,155.5566351,179.9764145,-0.415914559,-179.5702386,2.374230198,2.056626556,0.534483006,0.630239042,0.213598984,0.125109601,-6.096711725,63.47212028,58.79351005,-77.02086181,-54.69075988,69.99709968,56.81439171,1,1
59.46454096,5,1572608390,AUT,FALSE,TRUE,TRUE,537.4597637,270.5734748,153.8259832,-179.9334206,-0.386571947,-179.663901,1.907816104,3.621723993,0.993847936,0.464650867,0.378090214,-0.30866431,-7.35407295,61.82964706,58.9531208,-81.67389793,-54.59743103,68.05469284,59.03674049,1,1
59.56512785,5,1572608390,AUT,FALSE,TRUE,TRUE,514.5946463,270.3294703,151.9788956,-179.8540783,-0.417709754,-179.8349285,-0.169817772,9.624034237,1.50545125,1.167584624,0.688093515,-0.619966692,-8.351099394,60.34368782,59.33025054,-86.08675918,-54.63530639,66.22099228,61.48020286,1,1
59.66559601,5,1572608390,AUT,FALSE,TRUE,TRUE,494.8286441,271.5963974,151.4140303,-179.9149473,-0.28530346,-179.7908848,-3.798007983,8.239536034,2.579689507,1.078197828,1.15364352,-0.437258045,-8.794071575,58.99331016,59.6282238,-89.67089767,-54.79961791,64.80307274,63.96927909,1,1
66.08994889,6,1572608397,AUT,FALSE,FALSE,TRUE,471.6708785,-400.2757953,169.8260902,179.974177,-0.036703993,-179.9944804,5.001155495,-1.775501255,5.350120593,-0.28792856,0.041115202,-0.036179341,-73.42781753,61.93841171,59.71037063,-78.18237076,-54.10824829,70.19646721,-9.445759969,0.5,1
66.19063091,6,1572608397,AUT,FALSE,TRUE,TRUE,468.6633994,-401.8075279,168.1751639,-179.9835583,-0.400837185,-179.9703551,5.891224865,-1.231904965,4.709216628,-0.314510483,0.295906287,-0.355716766,-73.53517799,61.93574753,59.47498855,-78.25509338,-54.11210449,70.33470268,-9.667313006,1,1
66.2913599,6,1572608397,AUT,FALSE,TRUE,TRUE,464.7775908,-405.1579465,162.2670058,179.9441204,-0.119655555,-179.8133607,-6.799923238,-2.804573341,7.219200885,-1.061697366,1.291525634,-0.251818376,-73.94199829,61.93966141,58.75513,-78.79515037,-54.11168151,69.14042701,-9.917815019,1,1
66.39195395,6,1572608397,AUT,FALSE,TRUE,TRUE,468.6985998,-402.4024085,158.0736169,179.9793191,0.32072064,179.9102018,-14.34495299,-1.068686686,2.55605908,-0.353349905,1.468665225,0.130159218,-73.73826713,62.45666771,58.81127701,-78.75903969,-54.24697265,68.60301361,-9.643761069,1,1
66.49241495,6,1572608397,AUT,FALSE,TRUE,TRUE,468.6985998,-402.4024085,158.0736169,179.9793191,0.32072064,179.9102018,-14.34495299,-1.068686686,2.55605908,-0.353349905,1.468665225,0.130159218,-73.73826713,62.45666771,58.81127701,-78.75903969,-54.24697265,68.60301361,-9.643761069,1,1
66.59288383,6,1572608397,AUT,FALSE,TRUE,TRUE,484.9761701,-397.9344748,153.6050086,179.9349804,0.440450665,-179.9585078,-10.29843976,-4.2202944,4.88234813,-0.52818924,1.032045032,0.34347379,-72.33114509,63.47649078,59.05630302,-77.43524551,-55.02367858,68.98134842,-8.766190344,1,1
66.69335794,6,1572608397,AUT,FALSE,TRUE,TRUE,503.1145295,-397.1689726,148.3641009,179.8972415,0.461505859,-179.9332779,-10.07729106,-1.877098539,4.255284076,-0.217660904,1.151077498,0.29784269,-69.38660316,65.48147163,58.8136425,-73.77875519,-55.76466796,69.87032776,-8.49769135,1,1
66.79386783,6,1572608397,AUT,FALSE,TRUE,TRUE,503.1145295,-397.1689726,148.3641009,179.8972415,0.461505859,-179.9332779,-10.07729106,-1.877098539,4.255284076,-0.217660904,1.151077498,0.29784269,-66.71378746,67.27071189,58.62700195,-69.87146072,-56.14511352,70.95408439,-8.859738925,1,1
66.89439082,6,1572608397,AUT,FALSE,TRUE,TRUE,523.3771855,-397.7027479,144.4142253,179.9386982,0.502622923,-179.9503597,-8.415064749,-1.178039804,3.624908619,-0.358275924,0.360857143,0.196001363,-66.71378746,67.27071189,58.62700195,-69.87146072,-56.14511352,70.95408439,-8.859738925,1,1
66.99486089,6,1572608397,AUT,FALSE,TRUE,TRUE,544.9165368,-397.0946408,142.6614372,179.9412386,0.504145581,179.9860006,-3.650186829,0.528086488,-1.159742055,0.017368908,-0.213369355,0.148245932,-63.80623169,69.01793633,58.59961853,-65.51218872,-56.42129333,72.39150467,-9.346862413,1,1
67.09534383,6,1572608398,AUT,FALSE,TRUE,TRUE,564.8133678,-395.6672475,143.7016262,179.9790756,0.360991135,179.9915563,1.30192026,-0.764394452,-0.389967159,-0.230475558,-0.831417302,0.051313603,-60.94763031,70.41996002,58.58078384,-61.20584335,-56.52957458,74.03232994,-9.948422244,1,1
67.19582796,6,1572608398,AUT,FALSE,TRUE,TRUE,581.750739,-393.5598547,146.0331812,-179.9588946,0.13711827,179.969406,8.302857702,4.117059249,-1.886943853,0.359794056,-1.552237252,-0.362208593,-58.31065406,71.54945068,58.53861008,-57.21104965,-56.52476257,75.70522499,-10.61872216,1,1
67.29628992,6,1572608398,AUT,FALSE,TRUE,TRUE,581.750739,-393.5598547,146.0331812,-179.9588946,0.13711827,179.969406,8.302857702,4.117059249,-1.886943853,0.359794056,-1.552237252,-0.362208593,-58.31065406,71.54945068,58.53861008,-57.21104965,-56.52476257,75.70522499,-10.61872216,1,1
67.39675903,6,1572608398,AUT,FALSE,TRUE,TRUE,595.0118605,-386.3495349,149.75849,-179.7932932,0.043181512,179.8486261,8.856516064,7.609780909,-2.28160922,1.060909395,-1.454643121,-0.899771525,-56.28508415,72.08913002,58.66240539,-54.79424973,-56.40685729,76.86278229,-10.70102006,1,1
67.497293,6,1572608398,AUT,FALSE,TRUE,TRUE,604.5789735,-371.7381681,153.3370315,-179.7495221,-0.210583727,179.7680628,9.997826985,8.330854193,0.055406237,1.084494021,-1.001141728,-1.339380583,-54.71559448,72.00625534,58.81362533,-54.28826408,-56.31033691,77.55365066,-9.530395894,1,1
67.59778786,6,1572608398,AUT,FALSE,TRUE,TRUE,609.2472685,-352.8053513,153.9026683,-179.7329721,-0.410337973,179.7357962,10.2508352,6.700381719,1.720398742,0.795166922,-0.219607974,-1.436349646,-53.76466255,71.46836128,58.8374588,-55.76390648,-56.18954223,77.33580208,-7.44936905,1,1
67.69825387,6,1572608398,AUT,FALSE,TRUE,TRUE,609.2472685,-352.8053513,153.9026683,-179.7329721,-0.410337973,179.7357962,10.2508352,6.700381719,1.720398742,0.795166922,-0.219607974,-1.436349646,-53.39995079,70.60182838,58.89418945,-59.01345978,-56.13221557,76.10425529,-4.431548312,1,1
67.79867792,6,1572608398,AUT,FALSE,TRUE,TRUE,610.0399252,-328.668513,151.5007643,-179.720201,-0.387309361,179.6628042,6.822536465,6.855856119,0.07542726,0.701224702,-0.268855648,-1.405302324,-53.39995079,70.60182838,58.89418945,-59.01345978,-56.13221557,76.10425529,-4.431548312,1,1
67.89914203,6,1572608398,AUT,FALSE,TRUE,TRUE,607.9943769,-298.5428383,149.0892954,-179.7768244,-0.291643579,179.6269258,1.568867621,5.489745407,-1.1757297,0.365704519,-0.036387402,-1.102988116,-53.17414741,69.39733543,59.08596268,-63.47516212,-56.1959967,74.44150199,-0.468113712,1,1
67.99960399,6,1572608398,AUT,FALSE,TRUE,TRUE,604.8199733,-266.8738507,149.449651,-179.7873557,-0.14815782,179.5791418,-4.427579514,5.704881938,-1.358913778,0.23180768,0.244897135,-0.906631949,-52.80157013,67.98337097,59.4517971,-67.9054882,-56.23187805,72.94890976,3.578449625,1,1
68.10067296,6,1572608399,AUT,FALSE,TRUE,TRUE,604.8199733,-266.8738507,149.449651,-179.7873557,-0.14815782,179.5791418,-4.427579514,5.704881938,-1.358913778,0.23180768,0.244897135,-0.906631949,-52.80157013,67.98337097,59.4517971,-67.9054882,-56.23187805,72.94890976,3.578449625,1,1
68.20119286,6,1572608399,AUT,FALSE,TRUE,TRUE,601.9627683,-219.7812174,154.4944125,-179.7839963,-0.009310272,179.6138688,-7.760406363,6.112405731,0.569538159,0.40432977,0.990254462,-0.86015508,-51.49227791,65.99904785,60.22512474,-72.99899368,-56.24360046,71.5822998,9.281287763,1,1
68.3019979,6,1572608399,AUT,FALSE,TRUE,TRUE,601.7170908,-181.9504121,159.0674385,-179.8750914,0.026530958,179.6610782,-6.831574357,4.275269768,1.225106703,0.189677467,0.749029369,-0.805584963,-49.65921249,64.69547882,60.79875183,-75.95180626,-56.17370544,70.99750099,13.72548065,1,1
68.40246201,6,1572608399,AUT,FALSE,TRUE,TRUE,602.6807825,-145.5121719,161.0958289,-179.8400332,0.002399076,179.7384617,-4.616576815,4.214662054,2.039033448,0.473934938,0.714167315,-0.738851685,-47.32459716,63.78981056,61.01088409,-77.91473694,-56.05026855,70.47860984,17.64965286,1,1
68.50291586,6,1572608399,AUT,FALSE,TRUE,TRUE,602.6807825,-145.5121719,161.0958289,-179.8400332,0.002399076,179.7384617,-4.616576815,4.214662054,2.039033448,0.473934938,0.714167315,-0.738851685,-44.72715454,63.3665863,60.9110115,-79.02074089,-56.00381286,69.95004043,21.09644165,1,1
68.603369,6,1572608399,AUT,FALSE,TRUE,TRUE,604.9572099,-113.6295081,160.1516891,-179.9133357,0.017353332,179.7955209,-5.413355263,1.351395923,3.144197823,-0.190168587,0.918956655,-0.649380068,-44.72715454,63.3665863,60.9110115,-79.02074089,-56.00381286,69.95004043,21.09644165,1,1
68.70388389,6,1572608399,AUT,FALSE,TRUE,TRUE,609.4110732,-87.37598196,157.6625794,-179.9080426,0.067862366,179.8228686,-6.23039837,3.869779976,3.203757196,0.118749181,0.932439067,-0.65513011,-42.13785209,63.40938835,60.59540519,-79.11263122,-56.00697692,69.58092728,23.61980553,1,1
68.80434585,6,1572608399,AUT,FALSE,TRUE,TRUE,617.6573308,-60.69350462,152.8659803,-179.9553027,0.20417969,179.8606396,-8.373078301,4.605082917,2.514045006,0.480085307,1.049827124,-0.486843726,-38.95894088,63.95983772,60.02371444,-78.20422668,-56.13509399,69.28551177,25.90426483,1,1
68.90481782,6,1572608399,AUT,FALSE,TRUE,TRUE,617.6573308,-60.69350462,152.8659803,-179.9553027,0.20417969,179.8606396,-8.373078301,4.605082917,2.514045006,0.480085307,1.049827124,-0.486843726,-38.95894088,63.95983772,60.02371444,-78.20422668,-56.13509399,69.28551177,25.90426483,1,1
69.00530005,6,1572608399,AUT,FALSE,TRUE,TRUE,630.7220191,-47.05797463,150.4459616,179.946111,0.441763054,-179.9973063,-14.73027791,0.50899253,2.927252921,-0.391397045,1.280118804,-0.146091034,-36.37082634,64.82688217,59.42867088,-75.82208176,-56.22779663,69.59349289,26.46580353,1,1
69.10575604,6,1572608400,AUT,FALSE,TRUE,TRUE,649.9562262,-40.61809799,149.8908516,179.9278778,0.436896712,-179.9228054,-10.87033946,1.552370023,2.966382716,-0.213429716,0.635806082,-0.025663389,-33.63321876,66.30712509,58.89037857,-71.35612564,-56.145531,70.97975464,25.47873688,1,1
69.20615792,6,1572608400,AUT,FALSE,TRUE,TRUE,671.1639378,-36.64587609,148.7959808,179.9988052,0.264851675,179.9964677,-1.985819798,6.152960251,2.550579964,0.692675931,0.044073313,-0.269740139,-30.96786003,68.23104057,58.60407486,-66.02748184,-56.12207519,72.81470146,23.70452384,1,1
69.30667186,6,1572608400,AUT,FALSE,TRUE,TRUE,671.1639378,-36.64587609,148.7959808,179.9988052,0.264851675,179.9964677,-1.985819798,6.152960251,2.550579964,0.692675931,0.044073313,-0.269740139,-30.96786003,68.23104057,58.60407486,-66.02748184,-56.12207519,72.81470146,23.70452384,1,1
69.40714788,6,1572608400,AUT,FALSE,TRUE,TRUE,688.8039351,-27.73562109,145.8713006,-179.9367952,0.111536984,179.8435381,3.635091446,6.686093549,-0.684137705,0.333974599,-0.644906317,-0.487766341,-28.12284393,70.25450935,58.54614944,-61.01461944,-56.32059265,74.41482239,22.55571784,1,1
69.50759697,6,1572608400,AUT,FALSE,TRUE,TRUE,699.5043424,-11.638164,143.6189012,-179.8611834,0.085689777,179.7312376,0.706423233,8.33875297,0.488676685,0.409031058,-0.235878302,-0.83903881,-25.60921669,71.48253708,58.55000153,-58.03007698,-56.49005676,75.24813194,22.67167168,1,1
69.60807395,6,1572608400,AUT,FALSE,TRUE,TRUE,707.5526292,10.70480111,143.6286533,-179.8412926,0.132964828,179.7253367,-2.606944387,6.383106731,-0.541633828,0.409031058,-0.235878302,-0.83903881,-22.84157867,72.27177772,58.54229736,-55.67723808,-56.59417968,75.95475883,23.55064316,1,1
69.70854783,6,1572608400,AUT,FALSE,TRUE,TRUE,707.5526292,10.70480111,143.6286533,-179.8412926,0.132964828,179.7253367,-2.606944387,6.383106731,-0.541633828,-0.207554907,-0.145541699,-0.780048451,-22.84157867,72.27177772,58.54229736,-55.67723808,-56.59417968,75.95475883,23.55064316,1,1
69.80922604,6,1572608400,AUT,FALSE,TRUE,TRUE,713.5488817,34.9506588,147.116385,-179.9206241,0.061831025,179.8454857,1.466952804,6.22148928,-0.981507298,0.45821379,-0.522468815,-0.517023878,-19.96855087,72.71795654,58.55897941,-53.44961243,-56.57896362,76.99313507,24.69613609,1,1
69.909832,6,1572608400,AUT,FALSE,TRUE,TRUE,715.4249391,58.64857656,152.0793111,-179.9766626,-0.227283229,-179.9864117,10.89462354,0.670742162,-2.214540197,0.07404519,-1.621274169,-0.063260888,-17.36822433,72.81620864,58.58454666,-51.86934929,-56.38705444,78.11895904,26.01896896,1,1
70.01071095,6,1572608400,AUT,FALSE,TRUE,TRUE,711.7963519,75.16410013,156.7144456,179.8619688,-0.601147281,-179.7415818,17.7453698,-6.01534474,-0.890429027,-0.358670966,-1.528804065,0.532174306,-15.92804374,72.40694046,58.58337249,-51.92210426,-56.15179321,78.82590179,27.57199631,1,1
70.11136603,6,1572608401,AUT,FALSE,TRUE,TRUE,711.7963519,75.16410013,156.7144456,179.8619688,-0.601147281,-179.7415818,17.7453698,-6.01534474,-0.890429027,-0.358670966,-1.528804065,0.532174306,-15.92804374,72.40694046,58.58337249,-51.92210426,-56.15179321,78.82590179,27.57199631,1,1
70.211936,6,1572608401,AUT,FALSE,TRUE,TRUE,699.7124016,84.03305273,161.0649974,179.8935388,-0.842702377,-179.6449741,17.08221424,-4.486432554,-1.104857884,-0.039606868,-0.781417819,0.493701826,-16.27675666,71.05474319,58.58921241,-54.89272842,-55.64413146,78.39517593,29.49485779,1,1
70.31238985,6,1572608401,AUT,FALSE,TRUE,TRUE,683.6361312,87.21972234,161.5023298,179.9784773,-0.799894574,-179.6921652,9.870376208,2.325557778,2.697150919,0.88428211,0.058360922,0.054411349,-17.7867897,69.39815598,58.61036453,-59.58799667,-55.26453735,76.82388725,31.55063667,1,1
70.41286087,6,1572608401,AUT,FALSE,TRUE,TRUE,662.8431058,90.83149488,157.8142835,179.9791077,-0.584034109,-179.7773256,1.681195048,1.871110827,2.443177163,0.149709981,0.792787857,-0.266961626,-19.64852943,67.64629326,58.63340492,-65.41446533,-55.16020019,74.37004966,34.3036663,1,1
70.51339698,6,1572608401,AUT,FALSE,TRUE,TRUE,662.8431058,90.83149488,157.8142835,179.9791077,-0.584034109,-179.7773256,1.681195048,1.871110827,2.443177163,0.149709981,0.792787857,-0.266961626,-19.64852943,67.64629326,58.63340492,-65.41446533,-55.16020019,74.37004966,34.3036663,1,1
70.613868,6,1572608401,AUT,FALSE,TRUE,TRUE,642.4185149,94.15401181,152.9691159,-179.8276351,-0.336374359,-179.8872187,-7.693071304,9.560864156,2.210898246,1.369339222,1.366267227,-0.555386096,-21.32542419,66.11473388,58.63833847,-70.77635651,-55.24129028,71.90533561,36.69065895,1,1
70.71457791,6,1572608401,AUT,FALSE,TRUE,TRUE,627.4368691,100.142865,150.9297109,-179.8616689,-0.179052318,179.939057,-10.59401256,11.89677001,1.164679327,1.091083986,1.71065421,-0.99711366,-22.16755714,65.00769653,58.77766914,-74.41235733,-55.29668884,70.28824081,38.77253379,1,1
70.81505489,6,1572608401,AUT,FALSE,TRUE,TRUE,627.4368691,100.142865,150.9297109,-179.8616689,-0.179052318,179.939057,-10.59401256,11.89677001,1.164679327,1.091083986,1.71065421,-0.99711366,-22.16755714,65.00769653,58.77766914,-74.41235733,-55.29668884,70.28824081,38.77253379,1,1
70.91551685,6,1572608401,AUT,FALSE,TRUE,TRUE,616.8094359,115.4756656,153.9689013,-179.8264845,0.034691765,179.7936219,-11.92064854,10.68698554,0.746613809,0.545940533,1.651971143,-1.028960423,-21.73066177,64.14990119,59.26436348,-76.47661972,-55.35519653,69.66449546,41.01521416,1,1
71.01602292,6,1572608401,AUT,FALSE,TRUE,TRUE,616.429166,130.5509447,158.6422739,-179.8526921,0.21263212,179.8078173,-9.055861876,9.230496469,1.630381007,0.448468658,0.648967983,-0.959174249,-20.30743789,63.97907409,59.53457908,-76.01917648,-55.32287475,70.08757553,42.22693748,1,1
71.11654186,6,1572608402,AUT,FALSE,TRUE,TRUE,616.429166,130.5509447,158.6422739,-179.8526921,0.21263212,179.8078173,-9.055861876,9.230496469,1.630381007,0.448468658,0.648967983,-0.959174249,-18.32720031,64.21056633,59.56560516,-74.45176734,-55.09934143,70.85787162,42.8948513,1,1
71.21705699,6,1572608402,AUT,FALSE,TRUE,TRUE,619.464169,147.2462876,163.1789568,-179.8796066,0.215336237,179.7643929,-7.071092152,9.258621411,1.994699056,0.580854252,0.408214381,-0.99665443,-18.32720031,64.21056633,59.56560516,-74.45176734,-55.09934143,70.85787162,42.8948513,1,1
71.31751704,6,1572608402,AUT,FALSE,TRUE,TRUE,625.9858466,171.6527943,165.2328729,-179.8748487,0.166520095,179.7358237,-5.016470947,7.941609795,0.944431966,0.200739409,0.372883112,-0.793103991,-15.14042701,65.08406181,59.54239311,-71.42087631,-55.01663085,72.15318374,43.74582481,1,1
71.41798687,6,1572608402,AUT,FALSE,TRUE,TRUE,632.1011745,189.6500384,167.0443207,-179.9291857,0.115034554,179.8066772,-1.71081101,3.352491043,-0.323322509,-0.359343181,-0.103617605,-0.570283421,-12.57862816,65.94988746,59.47334747,-68.60963974,-55.05139709,73.31306877,44.13793029,1,1
71.51844501,6,1572608402,AUT,FALSE,TRUE,TRUE,635.9290419,205.4998684,168.863004,-179.9435767,-0.108726871,179.9235853,6.669677699,0.797024755,-0.180003989,-0.359343181,-0.103617605,-0.570283421,-10.34902496,66.68596115,59.45473594,-66.16378098,-55.03624694,74.5322628,44.44584961,1,1
71.61891389,6,1572608402,AUT,FALSE,TRUE,TRUE,635.9290419,205.4998684,168.863004,-179.9435767,-0.108726871,179.9235853,6.669677699,0.797024755,-0.180003989,-0.563204181,-0.843482249,-0.33814647,-10.34902496,66.68596115,59.45473594,-66.16378098,-55.03624694,74.5322628,44.44584961,1,1
71.71946287,6,1572608402,AUT,FALSE,TRUE,TRUE,631.6169545,220.0456786,168.0589759,179.9961493,-0.460168879,-179.9430739,12.82611704,0.442708595,0.161468039,0.111989883,-1.033894141,0.110854123,-8.796261975,66.98312759,59.47524261,-65.59151001,-54.99545471,75.02169685,45.61143036,1,1
71.82006502,6,1572608402,AUT,FALSE,TRUE,TRUE,619.1565193,233.1507637,165.1760265,179.9448482,-0.621005048,-179.8508694,10.96642936,-1.765440403,-1.221512624,-0.222020899,-0.349676321,0.1972654,-8.03448715,66.64556579,59.48927078,-67.29537964,-55.01455444,74.42393761,47.76120758,1,1
71.92069197,6,1572608402,AUT,FALSE,TRUE,TRUE,619.1565193,233.1507637,165.1760265,179.9448482,-0.621005048,-179.8508694,10.96642936,-1.765440403,-1.221512624,-0.222020899,-0.349676321,0.1972654,-8.198571394,65.34221306,59.49103546,-71.79043579,-55.03864746,72.64769897,51.14445763,1,1
72.02131295,6,1572608402,AUT,FALSE,TRUE,TRUE,595.4974486,243.614979,161.0715733,179.9504361,-0.623497985,-179.72603,8.626650436,-0.579649458,-0.990615371,0.140916871,-0.146322129,0.210028266,-8.198571394,65.34221306,59.49103546,-71.79043579,-55.03864746,72.64769897,51.14445763,1,1
72.12195802,6,1572608403,AUT,FALSE,TRUE,TRUE,570.9530831,249.4002259,157.625693,-179.9517308,-0.575968217,-179.7522987,4.593904341,4.824515079,0.73207088,0.94283645,0.291766998,-0.131584736,-8.839685438,63.83421249,59.56126899,-76.64504356,-55.02315673,70.58988075,54.22810707,1,1
72.22264886,6,1572608403,AUT,FALSE,TRUE,TRUE,545.1337067,253.9594616,154.6450655,-179.960853,-0.473632816,-179.7667054,0.145494934,4.906269045,0.386549899,0.746684385,0.718842679,-0.320608808,-9.4779293,62.13447304,59.64792366,-81.71005325,-55.03469238,68.450774,57.46311378,1,1
72.32316494,6,1572608403,AUT,FALSE,TRUE,TRUE,522.1252762,256.6400245,152.3619688,-179.936621,-0.341930818,-179.7580524,-2.861086188,6.488700158,1.144030874,0.840924425,0.894528314,-0.433525492,-9.97070045,60.53403625,59.66345558,-86.04593124,-55.03935607,66.49866485,60.2328701,1,1
72.42363381,6,1572608403,AUT,FALSE,TRUE,TRUE,522.1252762,256.6400245,152.3619688,-179.936621,-0.341930818,-179.7580524,-2.861086188,6.488700158,1.144030874,0.840924425,0.894528314,-0.433525492,-9.97070045,60.53403625,59.66345558,-86.04593124,-55.03935607,66.49866485,60.2328701,1,1
72.52409387,6,1572608403,AUT,FALSE,TRUE,TRUE,503.4036743,258.8591905,150.4842188,-179.9043775,-0.250835165,-179.8006467,-4.303480958,9.161233082,2.017955011,1.19365094,0.98959833,-0.630988177,-10.24659462,59.26268463,59.67497406,-89.39613304,-55.03713134,64.91414451,62.43162574,1,1
72.62456298,6,1572608403,AUT,FALSE,TRUE,TRUE,489.7609019,262.1585673,149.1484671,-179.8901964,-0.246697885,-179.8814877,-3.959068588,7.898080078,1.796768229,0.631759957,1.149544314,-0.824808743,-10.20831756,58.45116577,59.74090576,-91.61078453,-55.03745544,63.85650787,64.12391853,1,1
78.30011487,7,1572608409,AUT,FALSE,FALSE,TRUE,471.9005441,-400.0540385,169.9511804,179.9946782,-0.014834905,-179.9982578,-0.410052675,-1.304473051,4.884871879,-0.172112937,0.473922888,0.114054289,-73.45238914,61.99488144,59.82753296,-78.18086014,-54.20481811,70.24868659,-9.398041538,0.5,1
78.40068889,7,1572608409,AUT,FALSE,TRUE,TRUE,469.6294433,-402.2011428,167.0193949,179.9495437,-0.201666778,-179.9985934,0.091462387,-0.675805726,6.322320781,-0.378997488,0.602930584,-0.014414332,-73.53797607,62.07952423,59.50450057,-78.18401871,-54.20982238,70.14278526,-9.607118231,1,1
78.50122404,7,1572608409,AUT,FALSE,TRUE,TRUE,469.6294433,-402.2011428,167.0193949,179.9495437,-0.201666778,-179.9985934,0.091462387,-0.675805726,6.322320781,-0.378997488,0.602930584,-0.014414332,-73.53797607,62.07952423,59.50450057,-78.18401871,-54.20982238,70.14278526,-9.607118231,1,1
78.60192895,7,1572608409,AUT,FALSE,TRUE,TRUE,472.1686606,-402.7149764,157.1003955,179.9837169,0.276174293,179.9454691,-9.774825062,-1.637876195,4.855778959,-0.733948552,0.690008953,0.007997838,-73.39727897,62.97130508,59.13420982,-78.11391906,-54.76750488,69.04747238,-9.449862675,1,1
78.70244789,7,1572608409,AUT,FALSE,TRUE,TRUE,485.4812364,-399.9127959,146.7863552,179.9536089,0.559333802,179.9957914,-12.01608556,-3.148961138,3.41538174,-0.644465676,0.860626032,0.242953342,-71.91633911,64.67260666,59.13555564,-76.68299102,-55.94653015,68.82014465,-8.622423937,1,1
78.802917,7,1572608409,AUT,FALSE,TRUE,TRUE,485.4812364,-399.9127959,146.7863552,179.9536089,0.559333802,179.9957914,-12.01608556,-3.148961138,3.41538174,-0.644465676,0.860626032,0.242953342,-71.91633911,64.67260666,59.13555564,-76.68299102,-55.94653015,68.82014465,-8.622423937,1,1
78.90338182,7,1572608409,AUT,FALSE,TRUE,TRUE,503.9084051,-399.8992539,143.1235826,179.9223402,0.664344573,-179.9516479,-11.64451951,-3.625018868,0.687414578,-0.612027356,0.541731987,0.340536493,-69.57470283,66.35409851,59.14446144,-73.45808487,-56.585484,69.70594826,-8.546086125,1,1
79.00384593,7,1572608409,AUT,FALSE,TRUE,TRUE,532.9957403,-399.9872976,145.306568,179.9929153,0.624716697,-179.9984581,-7.204982018,0.373344048,1.835072358,-0.318745231,-0.092823758,0.068797199,-66.60128059,67.90084648,59.14723892,-67.65498962,-56.64039367,71.91992683,-9.3040638,1,1
79.10431004,7,1572608410,AUT,FALSE,TRUE,TRUE,532.9957403,-399.9872976,145.306568,179.9929153,0.624716697,-179.9984581,-7.204982018,0.373344048,1.835072358,-0.318745231,-0.092823758,0.068797199,-62.13514251,69.77545738,59.1154541,-62.70757484,-56.63945434,73.88526764,-9.734611131,1,1
79.20476794,7,1572608410,AUT,FALSE,TRUE,TRUE,558.3269547,-396.0409477,147.698924,-179.9939105,0.495803715,179.9646726,-2.035168039,0.093282695,1.973839099,-0.117099619,-0.299015348,-0.074205937,-62.13514251,69.77545738,59.1154541,-62.70757484,-56.63945434,73.88526764,-9.734611131,1,1
79.30530095,7,1572608410,AUT,FALSE,TRUE,TRUE,581.1256543,-390.065686,148.9803745,-179.9504667,0.320559374,179.9618921,3.85849472,1.746072261,0.990890695,0.111899041,-0.963251992,-0.277250034,-58.66125526,71.15012169,58.95902595,-58.10826187,-56.6377185,75.5848217,-10.07616921,1,1
79.405761,7,1572608410,AUT,FALSE,TRUE,TRUE,598.9904692,-381.7375152,149.5525396,-179.8252858,0.104192523,179.858501,7.270611523,6.648500989,0.266147829,0.78214661,-0.948604028,-0.780674146,-55.82754478,72.21463852,58.87011909,-54.64956321,-56.62465576,76.9271038,-10.19899979,1,1
79.50624204,7,1572608410,AUT,FALSE,TRUE,TRUE,611.0725961,-369.8105569,150.3646951,-179.7424091,-0.116344032,179.7700376,7.270611523,6.648500989,0.266147829,0.78214661,-0.948604028,-0.780674146,-53.81732139,72.68389893,58.876371,-53.03013382,-56.60122192,77.7126091,-9.577582169,1,1
79.60671091,7,1572608410,AUT,FALSE,TRUE,TRUE,611.0725961,-369.8105569,150.3646951,-179.7424091,-0.116344032,179.7700376,11.41382288,7.866327737,-0.04303036,0.771607392,-1.495051102,-1.288772552,-53.81732139,72.68389893,58.876371,-53.03013382,-56.60122192,77.7126091,-9.577582169,1,1
79.707165,7,1572608410,AUT,FALSE,TRUE,TRUE,618.2908121,-349.9364417,151.5197712,-179.6933237,-0.378490783,179.6720321,10.19191741,6.143048548,-0.567915441,0.176187687,-0.801335596,-1.554105904,-52.44570579,72.36186218,58.92751236,-53.81150551,-56.47337402,77.81521797,-7.643264012,1,1
79.8076179,7,1572608410,AUT,FALSE,TRUE,TRUE,619.5743352,-328.9219107,152.6620661,-179.6979966,-0.427105488,179.6604675,9.35540016,7.634615714,0.922634079,0.573045819,-0.205170928,-1.520705399,-52.02305832,71.46257286,59.07651786,-56.44658318,-56.38396179,77.14373359,-5.046586994,1,1
79.90813994,7,1572608410,AUT,FALSE,TRUE,TRUE,619.5743352,-328.9219107,152.6620661,-179.6979966,-0.427105488,179.6604675,9.35540016,7.634615714,0.922634079,0.573045819,-0.205170928,-1.520705399,-52.02305832,71.46257286,59.07651786,-56.44658318,-56.38396179,77.14373359,-5.046586994,1,1
80.00861287,7,1572608410,AUT,FALSE,TRUE,TRUE,617.2542552,-303.4505329,152.6038907,-179.7128445,-0.317889187,179.6586225,2.148226506,6.673509959,1.407503584,0.693230676,0.195866313,-1.310356765,-52.01937446,70.20053558,59.29108772,-60.51838417,-56.33546264,75.75988197,-1.656199269,1,1
80.10911703,7,1572608411,AUT,FALSE,TRUE,TRUE,612.7917614,-272.4045263,152.0569298,-179.7765939,-0.257969266,179.6122329,0.844839126,6.438932182,0.761170437,0.622943258,0.206985867,-1.056588685,-51.90579986,68.73778839,59.59947738,-65.26700478,-56.33536926,74.17343216,2.464799875,1,1
80.20974994,7,1572608411,AUT,FALSE,TRUE,TRUE,607.208187,-238.0976484,151.8318849,-179.8073711,-0.143227867,179.6278001,-5.183620495,5.470722107,0.274907567,0.296682377,0.6872634,-0.850591459,-51.47506027,67.16087265,59.91580124,-70.14815826,-56.3694049,72.47155037,6.969613262,1,1
80.31064987,7,1572608411,AUT,FALSE,TRUE,TRUE,607.208187,-238.0976484,151.8318849,-179.8073711,-0.143227867,179.6278001,-5.183620495,5.470722107,0.274907567,0.296682377,0.6872634,-0.850591459,-51.47506027,67.16087265,59.91580124,-70.14815826,-56.3694049,72.47155037,6.969613262,1,1
80.41113782,7,1572608411,AUT,FALSE,TRUE,TRUE,601.9397501,-199.2850876,152.7488319,-179.8363798,-0.041631581,179.6801832,-7.821849911,3.900499687,0.448762628,0.242418469,1.056199676,-0.617821141,-50.39040069,65.5679512,60.26876106,-74.6469738,-56.38021545,70.95559501,11.79542656,1,1
80.51191187,7,1572608411,AUT,FALSE,TRUE,TRUE,599.865304,-164.8579004,154.3307618,-179.9046189,0.058047638,179.7700812,-7.850779695,2.252503093,1.882914385,-0.043816424,0.740798157,-0.515897969,-48.73647423,64.39974746,60.51981926,-77.55613289,-56.36614196,69.98647384,15.90206451,1,1
80.6123929,7,1572608411,AUT,FALSE,TRUE,TRUE,600.3428373,-135.1872081,155.3469981,-179.856362,0.040274422,179.8187218,-8.557701961,4.564917429,3.353550547,0.618673096,1.151406356,-0.518506578,-46.70100288,63.69841461,60.61616249,-79.12620277,-56.26721557,69.5053997,19.13836555,1,1
80.71286082,7,1572608411,AUT,FALSE,TRUE,TRUE,603.4230305,-109.9338862,155.1191782,-179.9274366,0.067931682,179.8604063,-8.274316504,3.167156121,4.4524093,0.122076741,1.285257149,-0.544763223,-44.49383239,63.46575851,60.55835037,-79.64956741,-56.24354003,69.25854034,21.77220383,1,1
80.81332088,7,1572608411,AUT,FALSE,TRUE,TRUE,603.4230305,-109.9338862,155.1191782,-179.9274366,0.067931682,179.8604063,-8.274316504,3.167156121,4.4524093,0.122076741,1.285257149,-0.544763223,-44.49383239,63.46575851,60.55835037,-79.64956741,-56.24354003,69.25854034,21.77220383,1,1
80.91377902,7,1572608411,AUT,FALSE,TRUE,TRUE,610.807458,-85.03915303,152.4122732,-179.9180541,0.174672302,179.9076642,-5.765765137,1.769815929,2.581462028,-0.489116605,0.347414161,-0.535637156,-41.675671,63.73659553,60.14266891,-79.06754951,-56.26576538,69.04064026,23.94030418,1,1
81.01425385,7,1572608411,AUT,FALSE,TRUE,TRUE,610.807458,-85.03915303,152.4122732,-179.9180541,0.174672302,179.9076642,-5.765765137,1.769815929,2.581462028,-0.489116605,0.347414161,-0.535637156,-41.675671,63.73659553,60.14266891,-79.06754951,-56.26576538,69.04064026,23.94030418,1,1
81.11475801,7,1572608412,AUT,FALSE,TRUE,TRUE,627.5639182,-65.963203,147.4990403,-179.9991184,0.363685452,179.9928797,-10.03583535,2.129096045,3.630508566,-0.309137556,0.760503457,-0.328107291,-38.84087563,64.65306816,59.49298896,-76.87802238,-56.35088745,69.35385017,24.84051361,1,1
81.21521997,7,1572608412,AUT,FALSE,TRUE,TRUE,627.5639182,-65.963203,147.4990403,-179.9991184,0.363685452,179.9928797,-10.03583535,2.129096045,3.630508566,-0.309137556,0.760503457,-0.328107291,-38.84087563,64.65306816,59.49298896,-76.87802238,-56.35088745,69.35385017,24.84051361,1,1
81.31567097,7,1572608412,AUT,FALSE,TRUE,TRUE,655.3886932,-56.01311848,145.740604,179.9932144,0.398091192,-179.9962695,-7.985906371,4.435257125,3.384049686,0.049954443,0.473436522,-0.146584782,-34.97045059,66.79938812,58.75482101,-69.80285797,-56.35985229,71.25770531,23.52097664,1,1
81.41612291,7,1572608412,AUT,FALSE,TRUE,TRUE,655.3886932,-56.01311848,145.740604,179.9932144,0.398091192,-179.9962695,-7.985906371,4.435257125,3.384049686,0.049954443,0.473436522,-0.146584782,-34.97045059,66.79938812,58.75482101,-69.80285797,-56.35985229,71.25770531,23.52097664,1,1
81.51660085,7,1572608412,AUT,FALSE,TRUE,TRUE,684.7843769,-49.97643397,149.7351203,-179.9890216,0.360802707,-179.9903373,-3.140315742,4.130279072,0.326863921,0.3839351,-0.158795575,-0.157160566,-31.16421661,69.20707626,58.70263595,-63.55500869,-56.3873291,74.15788994,21.20619163,1,1
81.61710501,7,1572608412,AUT,FALSE,TRUE,TRUE,684.7843769,-49.97643397,149.7351203,-179.9890216,0.360802707,-179.9903373,-3.140315742,4.130279072,0.326863921,0.3839351,-0.158795575,-0.157160566,-31.16421661,69.20707626,58.70263595,-63.55500869,-56.3873291,74.15788994,21.20619163,1,1
81.71768498,7,1572608412,AUT,FALSE,TRUE,TRUE,705.4946007,-42.73582332,153.9169365,-179.8813107,0.228420735,179.9629818,1.878439031,5.051347999,0.918252996,0.560717982,-0.803076446,-0.464093539,-27.27198715,71.32314262,58.72520256,-55.95950088,-56.34181823,76.54984016,19.38058319,1,1
81.81816387,7,1572608412,AUT,FALSE,TRUE,TRUE,705.4946007,-42.73582332,153.9169365,-179.8813107,0.228420735,179.9629818,1.878439031,5.051347999,0.918252996,0.560717982,-0.803076446,-0.464093539,-27.27198715,71.32314262,58.72520256,-55.95950088,-56.34181823,76.54984016,19.38058319,1,1
81.91863203,7,1572608412,AUT,FALSE,TRUE,TRUE,719.8844279,-15.60339783,153.4156662,-179.7723942,0.034339488,179.7296959,2.513338365,10.13732572,1.472668142,1.079436638,-0.509551263,-1.017671127,-24.09026756,72.62686958,58.75197143,-51.97929496,-56.32716796,78.08957061,19.60298424,1,1
82.01908493,7,1572608412,AUT,FALSE,TRUE,TRUE,719.8844279,-15.60339783,153.4156662,-179.7723942,0.034339488,179.7296959,2.513338365,10.13732572,1.472668142,1.079436638,-0.509551263,-1.017671127,-24.09026756,72.62686958,58.75197143,-51.97929496,-56.32716796,78.08957061,19.60298424,1,1
82.11956382,7,1572608413,AUT,FALSE,TRUE,TRUE,724.7178271,26.50892382,152.3347309,-179.9085197,0.04051132,179.7913359,2.300251368,2.540495053,-1.885684526,-0.318186725,-0.805012362,-0.517562218,-19.9545227,73.44693717,58.71477584,-50.01036301,-56.47980651,78.43227196,21.951511,1,1
82.22068191,7,1572608413,AUT,FALSE,TRUE,TRUE,724.7178271,26.50892382,152.3347309,-179.9085197,0.04051132,179.7913359,2.300251368,2.540495053,-1.885684526,-0.318186725,-0.805012362,-0.517562218,-16.50661468,73.48826294,58.68862838,-48.85367774,-56.44328796,79.28136406,24.83045768,1,1
82.32174301,7,1572608413,AUT,FALSE,TRUE,TRUE,724.1829366,59.90309187,156.862383,-179.9861036,-0.238461901,-179.9601427,10.60108846,-3.053181448,-0.978828116,-0.999661861,-1.697608699,-0.101349002,-16.50661468,73.48826294,58.68862838,-48.85367774,-56.44328796,79.28136406,24.83045768,1,1
82.42231894,7,1572608413,AUT,FALSE,TRUE,TRUE,718.2334637,72.80166975,160.6198049,179.9713078,-0.633926339,-179.7460799,10.60108846,-3.053181448,-0.978828116,-0.999661861,-1.697608699,-0.101349002,-15.26702384,72.83000336,58.7000988,-49.72366104,-56.15194152,79.83711776,26.34792709,1,1
82.5228169,7,1572608413,AUT,FALSE,TRUE,TRUE,718.2334637,72.80166975,160.6198049,179.9713078,-0.633926339,-179.7460799,15.15456598,-2.828756089,-1.587157642,0.095734641,-0.805294789,0.160136585,-15.26702384,72.83000336,58.7000988,-49.72366104,-56.15194152,79.83711776,26.34792709,1,1
82.62333202,7,1572608413,AUT,FALSE,TRUE,TRUE,701.873415,79.05161836,164.1085754,-179.9828362,-0.774649247,-179.7212662,12.72157855,0.665899121,-1.326214361,0.541678008,-0.243538766,-0.032101885,-16.51750831,70.99550628,58.73996887,-54.43874244,-55.60292175,78.70135459,28.73845253,1,1
82.72359896,7,1572608413,AUT,FALSE,TRUE,TRUE,701.873415,79.05161836,164.1085754,-179.9828362,-0.774649247,-179.7212662,12.72157855,0.665899121,-1.326214361,0.541678008,-0.243538766,-0.032101885,-16.51750831,70.99550628,58.73996887,-54.43874244,-55.60292175,78.70135459,28.73845253,1,1
82.82412982,7,1572608413,AUT,FALSE,TRUE,TRUE,679.0868086,82.73129027,162.5270038,-179.9918859,-0.694771113,-179.7327047,6.396938218,1.309105792,-0.614184394,0.50982926,-0.015319967,-0.175641635,-18.76559601,68.85469322,58.77748718,-61.00589218,-55.25134826,76.37156982,31.77088508,1,1
82.92470384,7,1572608413,AUT,FALSE,TRUE,TRUE,656.8805632,83.97916386,158.1451367,-179.9368795,-0.529388006,-179.7674513,-1.493316831,1.146726371,2.43181937,0.298346387,0.871582726,-0.367374078,-20.91837387,67.03214721,58.78846321,-67.19768714,-55.19831176,73.78800773,34.41153144,1,1
83.025208,7,1572608413,AUT,FALSE,TRUE,TRUE,638.8922072,83.52446838,154.1422015,-179.8183268,-0.183239879,-179.8984387,-9.82808038,8.167616129,1.152605468,0.79879896,1.490518673,-0.830785672,-22.78610801,65.56407165,58.79668922,-72.13231315,-55.29210754,71.42307358,36.33011513,1,1
83.12568092,7,1572608414,AUT,FALSE,TRUE,TRUE,638.8922072,83.52446838,154.1422015,-179.8183268,-0.183239879,-179.8984387,-9.82808038,8.167616129,1.152605468,0.79879896,1.490518673,-0.830785672,-22.78610801,65.56407165,58.79668922,-72.13231315,-55.29210754,71.42307358,36.33011513,1,1
83.22615886,7,1572608414,AUT,FALSE,TRUE,TRUE,626.957373,86.90958755,154.4768781,-179.7619456,-0.049230564,179.8936247,-12.58726778,13.19180082,1.324913985,1.319605639,1.750339432,-1.261858676,-23.74884338,64.56405143,59.11177368,-75.06145363,-55.29236572,70.27343673,37.74952125,1,1
83.326612,7,1572608414,AUT,FALSE,TRUE,TRUE,621.0471299,98.46142119,157.5392362,-179.7048342,0.053739952,179.6872376,-12.19727072,13.79328214,2.342856329,1.042757132,1.736896565,-1.481817173,-23.38789787,64.09293365,59.61931458,-76.15529709,-55.29468933,70.08330803,39.13563538,1,1
83.42709589,7,1572608414,AUT,FALSE,TRUE,TRUE,619.4509975,117.3255356,160.3803011,-179.7056794,0.142283423,179.6346409,-9.499047292,11.47659359,3.002498248,0.291906068,0.917946729,-1.427023916,-21.73567428,64.04761505,59.90670662,-75.86419029,-55.31263,70.36972503,40.72655525,1,1
83.52769184,7,1572608414,AUT,FALSE,TRUE,TRUE,619.4509975,117.3255356,160.3803011,-179.7056794,0.142283423,179.6346409,-9.499047292,11.47659359,3.002498248,0.291906068,0.917946729,-1.427023916,-19.11604271,64.4061882,59.86511993,-74.53282241,-55.31339355,70.86402397,42.38523674,1,1
83.62819386,7,1572608414,AUT,FALSE,TRUE,TRUE,620.6942272,141.1162507,161.6824748,-179.7882284,0.208439238,179.6301703,-9.86058244,11.96271556,2.533446661,0.632306885,0.942240238,-1.198667997,-19.11604271,64.4061882,59.86511993,-74.53282241,-55.31339355,70.86402397,42.38523674,1,1
83.72865796,7,1572608414,AUT,FALSE,TRUE,TRUE,625.9928817,165.3727695,162.2934204,-179.8321648,0.240474887,179.6809672,-8.240592558,6.108699909,1.838042032,-0.131718105,0.832623363,-0.948611109,-16.00216026,65.21580162,59.65534629,-71.98595466,-55.33646484,71.76102676,43.46285476,1,1
83.82915282,7,1572608414,AUT,FALSE,TRUE,TRUE,633.8570585,187.5416689,162.6986611,-179.8210252,0.166729195,179.6958465,-3.521152972,6.59140999,2.004144221,-0.4514351,0.3422819,-0.975873998,-12.78687057,66.37181053,59.41186866,-68.50977058,-55.33574523,72.99481544,43.83517799,1,1
83.9296279,7,1572608414,AUT,FALSE,TRUE,TRUE,633.8570585,187.5416689,162.6986611,-179.8210252,0.166729195,179.6958465,-3.521152972,6.59140999,2.004144221,-0.4514351,0.3422819,-0.975873998,-12.78687057,66.37181053,59.41186866,-68.50977058,-55.33574523,72.99481544,43.83517799,1,1
84.03029203,7,1572608414,AUT,FALSE,TRUE,TRUE,640.9980403,214.8759227,162.7478816,-179.9032758,-0.071148884,179.7792625,5.084501567,3.731635254,-0.67875868,-0.463364386,-0.372837301,-0.606487347,-8.969094081,67.85172729,59.27065658,-64.34217567,-55.41838439,74.62228203,44.37743911,1,1
84.13097882,7,1572608415,AUT,FALSE,TRUE,TRUE,639.1076193,234.6934458,162.1411418,-179.9895429,-0.396447033,179.9491447,13.52359402,-3.163445317,-1.347012642,-1.289839356,-1.123023428,-0.04213735,-6.587464138,68.52497634,59.25082969,-62.60848846,-55.4578363,75.50860061,45.48513908,1,1
84.23180485,7,1572608415,AUT,FALSE,TRUE,TRUE,639.1076193,234.6934458,162.1411418,-179.9895429,-0.396447033,179.9491447,13.52359402,-3.163445317,-1.347012642,-1.289839356,-1.123023428,-0.04213735,-6.587464138,68.52497634,59.25082969,-62.60848846,-55.4578363,75.50860061,45.48513908,1,1
84.332268,7,1572608415,AUT,FALSE,TRUE,TRUE,625.5216697,256.0392608,160.3770775,179.9611365,-0.602754126,-179.9052418,12.52076796,-1.024056713,-0.464118714,-0.208621443,-0.287930762,0.168913295,-4.88545875,68.33359451,59.27609825,-63.65672836,-55.46319763,75.28963623,48.08249244,1,1
84.43275905,7,1572608415,AUT,FALSE,TRUE,TRUE,606.8975961,268.8071638,157.3867212,179.9776315,-0.67978871,-179.7924418,8.541779839,-1.276283082,-1.378935937,-0.190614267,0.129384609,0.288736831,-4.466814419,67.51222229,59.27474899,-66.73608284,-55.4634613,74.15184746,50.9138134,1,1
84.53325582,7,1572608415,AUT,FALSE,TRUE,TRUE,585.4892204,275.774709,154.2026158,179.9328712,-0.598291374,-179.6728866,5.547795721,-0.955652853,-0.38394722,-0.187553746,0.571805063,0.298259647,-4.762075419,66.23502388,59.22866821,-70.97114067,-55.5048468,72.4584526,53.98870468,1,1
84.63373089,7,1572608415,AUT,FALSE,TRUE,TRUE,564.7005168,276.428521,152.0181827,179.9778449,-0.506242664,-179.5860052,3.469261195,3.232491915,1.64434046,-0.187553746,0.571805063,0.298259647,-5.629044338,64.72112503,59.23027153,-75.48717728,-55.50290771,70.67858505,56.53619041,1,1
84.73430991,7,1572608415,AUT,FALSE,TRUE,TRUE,564.7005168,276.428521,152.0181827,179.9778449,-0.506242664,-179.5860052,3.469261195,3.232491915,1.64434046,0.664435974,0.68163638,0.208098141,-5.629044338,64.72112503,59.23027153,-75.48717728,-55.50290771,70.67858505,56.53619041,1,1
84.83478189,7,1572608415,AUT,FALSE,TRUE,TRUE,543.0732777,274.0747058,149.7599378,-179.9910411,-0.517054443,-179.6396413,2.892015596,3.86050584,0.295070337,0.60728337,0.561661068,-0.044215487,-6.850988387,63.14833946,59.31633568,-80.12321891,-55.41915893,68.77836571,58.91026382,1,1
84.93524504,7,1572608415,AUT,FALSE,TRUE,TRUE,521.8779176,270.8953851,147.4061122,-179.9289476,-0.429669291,-179.6885487,-0.295886808,7.855892768,1.834569189,1.058536392,1.009139598,-0.288975603,-8.020417781,61.56578636,59.41372604,-84.68533973,-55.46800964,66.79089431,61.20570946,1,1
85.03570986,7,1572608415,AUT,FALSE,TRUE,TRUE,521.8779176,270.8953851,147.4061122,-179.9289476,-0.429669291,-179.6885487,-0.295886808,7.855892768,1.834569189,1.058536392,1.009139598,-0.288975603,-8.020417781,61.56578636,59.41372604,-84.68533973,-55.46800964,66.79089431,61.20570946,1,1
85.13619184,7,1572608416,AUT,FALSE,TRUE,TRUE,498.65342,267.4537386,145.6723655,-179.9274768,-0.296729231,-179.7378235,-2.578528087,7.689345847,1.362119167,0.901333964,1.039395417,-0.430302764,-9.139533231,59.76560783,59.52392577,-89.41875114,-55.51236694,64.69648132,63.69406814,1,1
91.28037286,8,1572608422,AUT,FALSE,FALSE,TRUE,472.2870136,-399.6822671,170.056924,-179.956582,0.003168637,-179.997211,-18.50282375,-0.493386477,9.209979217,-0.050885303,2.241677362,0.30188595,-73.46841201,62.08088379,59.99246178,-78.17901993,-54.35266662,70.32781219,-9.337575531,0.5,1
91.38107491,8,1572608422,AUT,FALSE,TRUE,TRUE,474.7363378,-399.7021734,167.5127069,179.9619682,0.141902689,-179.9626914,-9.059839145,-4.628711712,9.604004444,-0.802361745,0.964667263,0.371671626,-73.21154136,62.32258987,59.84433861,-77.93882103,-54.45249389,70.06339188,-9.193342213,1,1
91.48174,8,1572608422,AUT,FALSE,TRUE,TRUE,480.0557726,-401.1084196,155.5073147,179.9711059,0.115829957,-179.8942006,-4.547963856,-3.726188426,6.447175965,-0.612611991,0.511524723,0.185437947,-72.25492058,63.54015999,59.07724227,-77.01748352,-55.13259704,69.47421569,-9.065279394,1,1
91.58221602,8,1572608422,AUT,FALSE,TRUE,TRUE,490.0356517,-402.5190561,143.5459857,-179.9389375,0.484932672,-179.9772146,-7.920152866,-2.116823382,0.768862136,-0.682280876,0.097128322,-0.111361502,-71.05971451,65.26966553,58.66396064,-75.39333343,-55.95097961,68.94374084,-9.101012425,1,1
91.68269491,8,1572608422,AUT,FALSE,TRUE,TRUE,490.0356517,-402.5190561,143.5459857,-179.9389375,0.484932672,-179.9772146,-7.920152866,-2.116823382,0.768862136,-0.682280876,0.097128322,-0.111361502,-71.05971451,65.26966553,58.66396064,-75.39333343,-55.95097961,68.94374084,-9.101012425,1,1
91.78315496,8,1572608422,AUT,FALSE,TRUE,TRUE,506.6244243,-402.2817663,141.3308075,-179.9417993,0.712212944,179.9808789,-11.54329686,0.563236283,-2.266892232,0.036052296,0.364671815,-0.00527869,-69.20712089,66.80325393,58.98626861,-72.57772636,-56.57547546,69.82021293,-9.074023825,1,1
91.88363385,8,1572608422,AUT,FALSE,TRUE,TRUE,527.6467393,-400.2110626,146.6616418,-179.9572433,0.685661783,179.9970444,-8.270348904,-0.802558066,0.74801926,0.029827915,0.163430056,0.068014911,-66.55209618,67.91369362,59.39583549,-68.76117897,-56.70182922,71.67171134,-9.225188831,1,1
91.984128,8,1572608422,AUT,FALSE,TRUE,TRUE,550.8452884,-396.2417043,153.5233757,-179.9229964,0.543037633,-179.9272525,-2.490051245,-0.920724862,0.615309266,0.175584461,-0.442430225,-0.054438585,-63.26438598,68.84924469,59.47385902,-64.35606651,-56.55972656,73.7436367,-9.520793156,1,1
92.08468986,8,1572608423,AUT,FALSE,TRUE,TRUE,573.6969445,-389.0790314,158.4811711,-179.8783853,0.387184765,-179.9576069,-2.490051245,-0.920724862,0.615309266,0.175584461,-0.442430225,-0.054438585,-59.90878372,69.86229057,59.45462265,-60.04726295,-56.42323791,75.63701706,-9.696807863,1,1
92.18520498,8,1572608423,AUT,FALSE,TRUE,TRUE,573.6969445,-389.0790314,158.4811711,-179.8783853,0.387184765,-179.9576069,1.12150546,0.114994479,1.053235266,0.292059923,-0.932114734,-0.392604279,-59.90878372,69.86229057,59.45462265,-60.04726295,-56.42323791,75.63701706,-9.696807863,1,1
92.2856679,8,1572608423,AUT,FALSE,TRUE,TRUE,592.5731383,-378.8446277,160.1591284,-179.781253,0.151059541,179.9199262,5.336999519,5.122091049,0.545230654,0.838368704,-0.811138842,-0.92072464,-56.91544533,70.83472137,59.41979942,-56.65880127,-56.40767578,77.07354126,-9.557381063,1,1
92.38612604,8,1572608423,AUT,FALSE,TRUE,TRUE,606.2847005,-365.1948038,159.0208777,-179.6470168,-0.073950703,179.7672401,9.049334667,9.651881373,0.16420544,1.20960622,-1.134431199,-1.32980012,-54.6402729,71.47751083,59.36264305,-54.96605873,-56.41101562,77.77900429,-8.817602925,1,1
92.48661089,8,1572608423,AUT,FALSE,TRUE,TRUE,614.2959295,-346.3119024,157.3780409,-179.6291454,-0.246537834,179.6461316,9.270327664,7.169921992,-0.564697036,0.318733048,-0.590411294,-1.590679669,-53.21857338,71.48000336,59.39973564,-55.47786712,-56.41420166,77.71209068,-6.980280306,1,1
92.58707595,8,1572608423,AUT,FALSE,TRUE,TRUE,614.2959295,-346.3119024,157.3780409,-179.6291454,-0.246537834,179.6461316,9.270327664,7.169921992,-0.564697036,0.318733048,-0.590411294,-1.590679669,-53.21857338,71.48000336,59.39973564,-55.47786712,-56.41420166,77.71209068,-6.980280306,1,1
92.68761587,8,1572608423,AUT,FALSE,TRUE,TRUE,617.9659945,-323.2646152,156.5392713,-179.5998457,-0.336359409,179.6150788,8.05137765,8.598293458,-0.906536551,0.664107642,-0.229419998,-1.558956637,-52.37302436,70.88875694,59.51283646,-57.65549469,-56.41291076,77.06820602,-4.35566025,1,1
92.78812885,8,1572608423,AUT,FALSE,TRUE,TRUE,617.8365747,-294.13304,156.0127237,-179.6720384,-0.297253051,179.6192243,5.958251035,5.576579523,-0.251226239,0.284161605,-0.285421376,-1.331418028,-51.85893288,69.74310264,59.73384704,-61.46407013,-56.40659912,75.81490288,-0.5906971,1,1
92.88860083,8,1572608423,AUT,FALSE,TRUE,TRUE,614.4588152,-260.3886863,155.7751565,-179.7124511,-0.183976647,179.6179302,-1.090715261,5.735345044,0.841374541,0.51934915,0.342561567,-1.006846282,-51.43524856,68.27493095,60.04333191,-66.18673553,-56.40761535,74.19599533,3.769367975,1,1
92.98909402,8,1572608423,AUT,FALSE,TRUE,TRUE,614.4588152,-260.3886863,155.7751565,-179.7124511,-0.183976647,179.6179302,-1.090715261,5.735345044,0.841374541,0.51934915,0.342561567,-1.006846282,-50.73461265,66.74906731,60.39495621,-70.61682815,-56.40831298,72.72489853,8.303707119,1,1
93.08969092,8,1572608424,AUT,FALSE,TRUE,TRUE,609.8171353,-224.9181415,156.6210947,-179.7647008,-0.089091774,179.6644455,-4.06368465,5.31891462,0.688159034,0.455989605,0.611869715,-0.832244797,-50.73461265,66.74906731,60.39495621,-70.61682815,-56.40831298,72.72489853,8.303707119,1,1
93.19020891,8,1572608424,AUT,FALSE,TRUE,TRUE,605.6363323,-188.9015948,158.1447333,-179.7770779,0.001563238,179.6870988,-5.556755244,4.412404231,0.585793211,0.223813788,0.644294389,-0.790865516,-49.55647659,65.34037971,60.80436172,-74.54283028,-56.40335815,71.50280342,12.72165985,1,1
93.29080701,8,1572608424,AUT,FALSE,TRUE,TRUE,602.2010997,-143.5822517,158.8314971,-179.8184421,0.041567856,179.7249435,-6.392702119,3.705767077,2.654387121,0.22008688,0.914818204,-0.772394622,-47.2649826,64.00935859,61.14512672,-78.19408149,-56.38930664,70.31203651,18.05076027,1,1
93.39148402,8,1572608424,AUT,FALSE,TRUE,TRUE,602.2010997,-143.5822517,158.8314971,-179.8184421,0.041567856,179.7249435,-6.392702119,3.705767077,2.654387121,0.22008688,0.914818204,-0.772394622,-47.2649826,64.00935859,61.14512672,-78.19408149,-56.38930664,70.31203651,18.05076027,1,1
93.49204183,8,1572608424,AUT,FALSE,TRUE,TRUE,601.8018756,-110.3073614,157.3718299,-179.8148912,0.069954167,179.7284122,-6.248023094,3.482534178,1.789034216,-0.055679622,0.797953985,-0.759067531,-44.950074,63.44966354,61.11547737,-79.90345802,-56.38585144,69.52714576,21.70884018,1,1
93.59250998,8,1572608424,AUT,FALSE,TRUE,TRUE,605.5660162,-82.64450128,155.5797857,-179.8704367,0.22139989,179.8150921,-10.71397931,2.428129578,3.682992787,-0.110048206,1.44645694,-0.50048027,-42.32152633,63.34311333,60.86854248,-80.26334266,-56.45041809,69.06500587,24.54737091,1,1
93.69301701,8,1572608424,AUT,FALSE,TRUE,TRUE,617.7246507,-64.14498835,155.1629696,-179.9466944,0.612238045,-179.9813638,-16.97805438,0.469833575,1.882458371,-0.079582307,1.372204163,-0.179098086,-39.46071396,63.76241684,60.29285888,-78.52569694,-56.47061096,69.11254921,25.83832626,1,1
93.79347682,8,1572608424,AUT,FALSE,TRUE,TRUE,617.7246507,-64.14498835,155.1629696,-179.9466944,0.612238045,-179.9813638,-16.97805438,0.469833575,1.882458371,-0.079582307,1.372204163,-0.179098086,-39.46071396,63.76241684,60.29285888,-78.52569694,-56.47061096,69.11254921,25.83832626,1,1
93.89401984,8,1572608424,AUT,FALSE,TRUE,TRUE,638.6383939,-55.81521477,157.2440785,179.9884198,0.669247143,-179.9059977,-15.22975346,2.861204444,4.299445843,0.320302271,1.060133079,0.016620263,-36.43522682,65.01764946,59.72821998,-73.94327545,-56.20470336,70.63230858,25.01599617,1,1
93.99430394,8,1572608424,AUT,FALSE,TRUE,TRUE,669.2422367,-50.2903262,158.9177135,-179.8869914,0.434457296,179.9753197,-4.824348953,5.497170013,4.950909153,0.378483697,0.010626656,-0.349984821,-33.31617393,66.99365043,59.4032444,-66.25356331,-56.06214477,73.48571891,22.52413216,1,1
94.09476089,8,1572608425,AUT,FALSE,TRUE,TRUE,669.2422367,-50.2903262,158.9177135,-179.8869914,0.434457296,179.9753197,-4.824348953,5.497170013,4.950909153,0.378483697,0.010626656,-0.349984821,-29.37720451,69.63985176,59.31031379,-60.93242797,-56.22037536,75.30978584,21.36697654,1,1
94.19524598,8,1572608425,AUT,FALSE,TRUE,TRUE,688.2721366,-39.55685411,156.4316294,-179.7959726,0.173202889,179.7608676,4.81096445,9.418792271,3.95846009,0.667902938,-0.340979677,-0.797092605,-29.37720451,69.63985176,59.31031379,-60.93242797,-56.22037536,75.30978584,21.36697654,1,1
94.2957139,8,1572608425,AUT,FALSE,TRUE,TRUE,699.9240288,-14.37091264,151.1148758,-179.682015,0.074842915,179.5573008,5.687887258,8.570079798,-0.893201917,0.249078664,-0.817318483,-1.13392215,-26.06739464,71.20236167,59.31287841,-57.7795269,-56.54187927,76.0586174,22.12279472,1,1
94.39619684,8,1572608425,AUT,FALSE,TRUE,TRUE,705.4176319,20.03116758,147.2827525,-179.7919829,0.097950826,179.595311,1.287457879,6.600449588,-1.089820875,0.313165598,-0.411870979,-0.70991707,-22.58863563,72.07540741,59.28017693,-56.17798462,-56.90019287,76.28983497,24.4945816,1,1
94.496732,8,1572608425,AUT,FALSE,TRUE,TRUE,707.9472471,52.8625049,147.999601,-179.9076106,0.05266159,179.8348162,2.773039939,1.131598104,-2.746557112,0.313165598,-0.411870979,-0.70991707,-19.23638076,72.44153366,59.18389893,-54.82150955,-57.03900512,76.84500503,26.81420403,1,1
94.597229,8,1572608425,AUT,FALSE,TRUE,TRUE,707.9472471,52.8625049,147.999601,-179.9076106,0.05266159,179.8348162,2.773039939,1.131598104,-2.746557112,-0.264905156,-0.733816181,-0.211461956,-19.23638076,72.44153366,59.18389893,-54.82150955,-57.03900512,76.84500503,26.81420403,1,1
94.69769597,8,1572608425,AUT,FALSE,TRUE,TRUE,707.8807043,77.16349457,153.2169882,179.9974146,-0.30660389,-179.9099889,12.64338978,-3.840780949,-0.710023681,-0.579887452,-1.622908011,0.193927259,-16.66639366,72.38122215,59.15047645,-53.60481491,-56.82002563,77.94557762,28.41723289,1,1
94.79806089,8,1572608425,AUT,FALSE,TRUE,TRUE,702.2709421,91.54869546,157.9587354,-179.9972089,-0.631417428,-179.7911441,17.53430477,-2.48417775,-0.71731724,-0.085855872,-1.238992986,0.288941665,-15.65873451,71.76530799,59.16052894,-54.24344329,-56.43076904,78.38374672,29.82368545,1,1
94.89854503,8,1572608425,AUT,FALSE,TRUE,TRUE,689.2808008,102.4341493,161.0380881,-179.9570622,-0.769865682,-179.7262289,15.03967627,0.157034421,0.102294539,0.56736567,-0.638221961,0.248678637,-15.92282181,70.48710022,59.23000374,-57.38808746,-56.04169921,77.72589226,32.02209091,1,1
94.99900794,8,1572608425,AUT,FALSE,TRUE,TRUE,689.2808008,102.4341493,161.0380881,-179.9570622,-0.769865682,-179.7262289,15.03967627,0.157034421,0.102294539,0.56736567,-0.638221961,0.248678637,-15.92282181,70.48710022,59.23000374,-57.38808746,-56.04169921,77.72589226,32.02209091,1,1
95.09955382,8,1572608426,AUT,FALSE,TRUE,TRUE,670.9334487,112.2646411,160.7732166,-179.9671332,-0.656703989,-179.7586021,5.552282257,1.979237331,0.353054974,0.736459224,0.147805674,0.092374088,-16.90553169,68.8130722,59.26415748,-62.25929489,-55.73616943,75.98326149,34.87938423,1,1
95.20032597,8,1572608426,AUT,FALSE,TRUE,TRUE,649.4606359,120.6077596,157.8342995,-179.879529,-0.412841348,-179.8084424,-3.861430132,6.986120545,3.246231372,1.215018579,1.199619759,-0.219194355,-18.14971618,67.07421455,59.26728515,-67.7616497,-55.65005859,73.67005577,37.95323181,1,1
95.30103588,8,1572608426,AUT,FALSE,TRUE,TRUE,631.0162418,128.7120885,154.3439924,-179.8383337,-0.135674631,179.9923249,-10.99173886,10.94610911,2.753671859,1.232189507,1.719067252,-0.801743376,-19.02406311,65.72477073,59.26884727,-72.28292198,-55.65211303,71.52021331,40.57182312,1,1
95.40163898,8,1572608426,AUT,FALSE,TRUE,TRUE,621.2027814,139.1557412,153.7625761,-179.7392994,0.152357678,179.8516639,-10.99173886,10.94610911,2.753671859,1.232189507,1.719067252,-0.801743376,-18.87377357,64.99573516,59.32818374,-74.45284538,-55.71452087,70.40156822,42.35550499,1,1
95.50215101,8,1572608426,AUT,FALSE,TRUE,TRUE,621.2027814,139.1557412,153.7625761,-179.7392994,0.152357678,179.8516639,-15.94880478,12.83891199,2.495134129,1.325203722,1.978115974,-1.218497727,-18.87377357,64.99573516,59.32818374,-74.45284538,-55.71452087,70.40156822,42.35550499,1,1
95.60261893,8,1572608426,AUT,FALSE,TRUE,TRUE,620.2979662,158.3299911,156.6663428,-179.7489804,0.24892254,179.7481185,-9.308164094,10.55493919,3.341538825,0.451728459,0.680500149,-1.297467747,-17.02397461,65.05124359,59.49765472,-73.73914604,-55.65853454,70.77265205,43.7255825,1,1
95.70322084,8,1572608426,AUT,FALSE,TRUE,TRUE,621.8952345,178.3548279,156.7949664,-179.7522069,0.114182185,179.7405533,-9.308164094,10.55493919,3.341538825,0.451728459,0.680500149,-1.297467747,-14.66480141,65.68385009,59.48061561,-72.01262741,-55.64992126,71.49807586,44.73077316,1,1
95.80369186,8,1572608426,AUT,FALSE,TRUE,TRUE,621.8952345,178.3548279,156.7949664,-179.7522069,0.114182185,179.7405533,-5.148931939,9.568541704,3.087728849,0.520152221,0.410582637,-1.010682912,-14.66480141,65.68385009,59.48061561,-72.01262741,-55.64992126,71.49807586,44.73077316,1,1
95.90415597,8,1572608426,AUT,FALSE,TRUE,TRUE,625.8307419,204.7280647,153.7226008,-179.8332744,0.051567761,179.8047361,-2.06659841,6.992189241,0.876598349,0.20895877,0.317013742,-0.651125892,-11.29610481,66.89585838,59.18283119,-69.17037163,-55.83652404,72.30475731,45.89845161,1,1
96.004637,8,1572608426,AUT,FALSE,TRUE,TRUE,625.8307419,204.7280647,153.7226008,-179.8332744,0.051567761,179.8047361,-2.06659841,6.992189241,0.876598349,0.20895877,0.317013742,-0.651125892,-11.29610481,66.89585838,59.18283119,-69.17037163,-55.83652404,72.30475731,45.89845161,1,1
96.1051259,8,1572608427,AUT,FALSE,TRUE,TRUE,627.1818092,224.8776501,151.8513748,-179.9176345,-0.216558749,179.9682174,7.417959749,2.714979881,-1.726896108,-0.035180148,-0.606377591,-0.165117195,-8.631182094,67.8633007,59.01512489,-66.85744743,-55.91234619,73.22701836,46.7631237,1,1
96.20559382,8,1572608427,AUT,FALSE,TRUE,TRUE,618.9059847,241.2590874,150.8880153,179.9568354,-0.574276854,-179.7426597,12.40934881,-4.142503619,-1.529139678,-0.657310425,-0.425400374,0.591326148,-6.980235669,67.98107758,59.04059944,-66.87268409,-55.92573303,73.61103859,48.55655594,1,1
96.30611086,8,1572608427,AUT,FALSE,TRUE,TRUE,605.1481704,248.9381489,150.4773101,179.9429329,-0.64309539,-179.628082,12.40330951,-2.694059485,-1.354219076,0.004314513,-0.368639768,0.634937769,-6.855073925,67.23987121,59.13766021,-69.18672752,-55.9185205,72.94352646,50.57457618,1,1
96.40666699,8,1572608427,AUT,FALSE,TRUE,TRUE,605.1481704,248.9381489,150.4773101,179.9429329,-0.64309539,-179.628082,12.40330951,-2.694059485,-1.354219076,0.004314513,-0.368639768,0.634937769,-6.855073925,67.23987121,59.13766021,-69.18672752,-55.9185205,72.94352646,50.57457618,1,1
96.50715303,8,1572608427,AUT,FALSE,TRUE,TRUE,579.5959714,254.6852677,148.8253946,179.9994947,-0.607816489,-179.6165214,8.40454669,2.48365477,0.147687139,0.930409517,0.023992613,0.423888303,-7.617477031,65.50350952,59.2732727,-74.42527656,-55.8628363,70.98471908,53.89560241,1,1
96.60761499,8,1572608427,AUT,FALSE,TRUE,TRUE,552.6815414,256.849812,146.8961018,-179.9329403,-0.503003286,-179.6530761,3.713326773,4.631933656,1.723311546,1.06091876,0.290647634,0.116890457,-8.654057687,63.60242843,59.40232086,-79.95036964,-55.85862304,68.7450119,57.10377502,1,1
96.70813394,8,1572608427,AUT,FALSE,TRUE,TRUE,552.6815414,256.849812,146.8961018,-179.9329403,-0.503003286,-179.6530761,3.713326773,4.631933656,1.723311546,1.06091876,0.290647634,0.116890457,-8.654057687,63.60242843,59.40232086,-79.95036964,-55.85862304,68.7450119,57.10377502,1,1
96.80860496,8,1572608427,AUT,FALSE,TRUE,TRUE,527.678737,257.4770293,146.2083537,-179.9158191,-0.329832625,-179.7374002,-1.872022729,5.213847947,-0.726845324,0.376338313,0.765840585,-0.371617644,-9.6347866,61.72870331,59.59959068,-84.96678543,-55.86498962,66.66346321,60.04000168,1,1
96.90914893,8,1572608427,AUT,FALSE,TRUE,TRUE,503.9171964,258.6439822,148.9240311,-179.8429295,-0.15609562,-179.8623881,-4.347811949,8.669860299,0.431053438,0.779540081,0.772998847,-0.828221048,-10.46326218,59.74005432,60.06328583,-89.43154678,-55.72702331,64.99536094,62.65933799,1,1
97.00952792,8,1572608427,AUT,FALSE,TRUE,TRUE,490.0729162,262.6196256,152.5487796,-179.7311905,-0.15814046,-179.9180982,-4.347811949,8.669860299,0.431053438,0.779540081,0.772998847,-0.828221048,-10.57178649,58.6448822,60.59867706,-91.55205231,-55.50346252,64.47909279,64.20985565,1,1
102.35008,9,1572608433,AUT,FALSE,FALSE,TRUE,471.8363563,-400.1501017,169.9132742,179.9789792,-0.018942257,-179.9950202,1.995072778,-2.686205366,3.427096775,-0.362162671,0.014224344,0.200719693,-74.00460663,62.85657005,61.29315719,-78.17908859,-55.62216979,71.05580749,-8.794002919,0.5,1
102.4512219,9,1572608433,AUT,FALSE,TRUE,TRUE,470.1215322,-401.7797674,166.3465878,179.9065004,-0.161845604,179.9661054,-1.375800563,-3.383521616,7.489841092,-0.809472842,0.663432139,0.275859324,-74.04921455,63.02422828,60.96887512,-78.17200928,-55.64117614,70.88875008,-8.907261663,1,1
102.5517728,9,1572608433,AUT,FALSE,TRUE,TRUE,469.6024339,-404.6286669,156.6792863,179.9068843,0.036747356,-179.9769243,-4.330938302,-0.496410849,5.38015662,-0.169614318,0.831601241,0.279147091,-74.04989776,63.68668327,60.37925606,-78.16216621,-56.10120117,69.90011787,-9.022412113,1,1
102.6522579,9,1572608433,AUT,FALSE,TRUE,TRUE,474.8312027,-403.8435525,145.8349159,179.9795444,0.393184646,179.9440672,-4.330938302,-0.496410849,5.38015662,-0.169614318,0.831601241,0.279147091,-73.54961814,64.96123466,60.15138931,-77.74096069,-56.96080444,69.08172569,-8.692403413,1,1
102.7527208,9,1572608433,AUT,FALSE,TRUE,TRUE,474.8312027,-403.8435525,145.8349159,179.9795444,0.393184646,179.9440672,-11.57065949,-0.610848135,2.039291924,-0.525224378,0.692098372,0.066217526,-73.54961814,64.96123466,60.15138931,-77.74096069,-56.96080444,69.08172569,-8.692403413,1,1
102.8532209,9,1572608433,AUT,FALSE,TRUE,TRUE,491.3211917,-401.3550171,143.4366665,179.9318031,0.706653946,179.9729815,-10.02101184,-2.942824527,-2.817881938,-0.483662747,0.07744561,0.306142242,-71.70812759,66.39743614,60.56178703,-75.43724784,-57.75838439,69.79497528,-8.173265081,1,1
102.9537358,9,1572608433,AUT,FALSE,TRUE,TRUE,491.3211917,-401.3550171,143.4366665,179.9318031,0.706653946,179.9729815,-10.02101184,-2.942824527,-2.817881938,-0.483662747,0.07744561,0.306142242,-71.70812759,66.39743614,60.56178703,-75.43724784,-57.75838439,69.79497528,-8.173265081,1,1
103.0542068,9,1572608433,AUT,FALSE,TRUE,TRUE,525.6844737,-399.9902044,152.8293539,179.922784,0.63103209,-179.8935356,-10.67434413,-0.926379696,0.958823572,0.223457253,0.356422511,0.352985167,-67.36272239,67.94058266,60.95313377,-69.25308494,-57.80829528,72.65535507,-8.587820438,1,1
103.1546719,9,1572608434,AUT,FALSE,TRUE,TRUE,553.7885434,-395.6559743,158.6989297,179.9448502,0.567596928,-179.9176607,-2.81656669,-1.290553788,1.3233665,-0.11252821,-0.560672422,0.145862363,-63.29364738,69.27622833,60.95091934,-63.72125244,-57.63156372,74.9130867,-9.093249894,1,1
103.255136,9,1572608434,AUT,FALSE,TRUE,TRUE,553.7885434,-395.6559743,158.6989297,179.9448502,0.567596928,-179.9176607,-2.81656669,-1.290553788,1.3233665,-0.11252821,-0.560672422,0.145862363,-63.29364738,69.27622833,60.95091934,-63.72125244,-57.63156372,74.9130867,-9.093249894,1,1
103.3555939,9,1572608434,AUT,FALSE,TRUE,TRUE,578.3402074,-389.4835242,161.9593578,179.9360267,0.454356319,-179.9592354,-1.860280828,1.120637242,-0.143649838,0.60949877,-0.483350742,0.174429303,-59.62444038,70.57908668,60.88724327,-58.86308784,-57.63097045,76.77762451,-9.433475881,1,1
103.4560518,9,1572608434,AUT,FALSE,TRUE,TRUE,599.1169426,-382.981387,163.6315219,-179.992308,0.221316448,-179.9923677,4.927302559,2.380225574,0.340319662,0.495807721,-1.081370295,-0.140592714,-56.30973129,71.78223381,60.69694633,-54.45899162,-57.63220092,78.43603134,-9.90504685,1,1
103.5566308,9,1572608434,AUT,FALSE,TRUE,TRUE,614.575008,-374.5152532,164.1352723,-179.8055157,0.040774808,179.8456347,9.854174804,8.12189185,-0.617428185,0.495807721,-1.081370295,-0.140592714,-53.69890251,72.73428841,60.62862511,-51.28319435,-57.62908081,79.6271862,-10.12781182,1,1
103.6571729,9,1572608434,AUT,FALSE,TRUE,TRUE,614.575008,-374.5152532,164.1352723,-179.8055157,0.040774808,179.8456347,9.854174804,8.12189185,-0.617428185,1.152997817,-1.259736864,-0.856782968,-53.69890251,72.73428841,60.62862511,-51.28319435,-57.62908081,79.6271862,-10.12781182,1,1
103.757689,9,1572608434,AUT,FALSE,TRUE,TRUE,627.395312,-354.2243346,165.2349708,-179.6463821,-0.194952595,179.651811,11.65237521,9.675227709,-1.428458754,0.925744341,-1.249745657,-1.564830071,-51.49422111,72.93484383,60.72885475,-50.51922226,-57.55357727,80.20828743,-8.69890595,1,1
103.858166,9,1572608434,AUT,FALSE,TRUE,TRUE,632.8781982,-329.2547164,166.8065684,-179.6727448,-0.387153047,179.5803332,12.16728202,8.7197034,-1.699501301,0.554544179,-0.873972821,-1.651618221,-50.44036102,72.2909832,60.96374588,-52.47729492,-57.48400085,79.97238693,-5.903204731,1,1
103.958637,9,1572608434,AUT,FALSE,TRUE,TRUE,632.8781982,-329.2547164,166.8065684,-179.6727448,-0.387153047,179.5803332,12.16728202,8.7197034,-1.699501301,0.554544179,-0.873972821,-1.651618221,-50.44036102,72.2909832,60.96374588,-52.47729492,-57.48400085,79.97238693,-5.903204731,1,1
104.059119,9,1572608434,AUT,FALSE,TRUE,TRUE,632.0607852,-290.2541031,168.4548755,-179.7188797,-0.51129264,179.5936727,9.96424195,7.902424966,-1.631895845,0.752321781,-0.592162522,-1.341435209,-49.94101868,70.56469116,61.29386101,-57.78936653,-57.26684509,78.64314423,-0.912071231,1,1
104.1597638,9,1572608435,AUT,FALSE,TRUE,TRUE,626.0896151,-252.6330051,168.0052986,-179.7840069,-0.310628224,179.590598,2.772322105,6.436763461,-2.095354446,0.433884619,-0.126779466,-1.039456208,-49.91735344,68.76078071,61.62099953,-63.69001007,-57.10016601,76.60493659,4.143500519,1,1
104.2606459,9,1572608435,AUT,FALSE,TRUE,TRUE,617.4875942,-212.8069605,167.6999014,-179.8299089,-0.167765251,179.5837067,-4.946738174,6.73552738,2.273619157,0.433884619,-0.126779466,-1.039456208,-49.65764694,66.95644454,62.14457016,-69.57643661,-57.09410156,74.64312515,9.458229444,1,1
104.361387,9,1572608435,AUT,FALSE,TRUE,TRUE,617.4875942,-212.8069605,167.6999014,-179.8299089,-0.167765251,179.5837067,-4.946738174,6.73552738,2.273619157,0.726130998,0.814964295,-0.68731418,-49.65764694,66.95644454,62.14457016,-69.57643661,-57.09410156,74.64312515,9.458229444,1,1
104.461926,9,1572608435,AUT,FALSE,TRUE,TRUE,617.4875942,-212.8069605,167.6999014,-179.8299089,-0.167765251,179.5837067,-4.946738174,6.73552738,2.273619157,0.726130998,0.814964295,-0.68731418,-48.37849159,64.92028999,62.57551231,-75.78125724,-57.09590881,72.3643753,16.15018386,1,1
104.5624058,9,1572608435,AUT,FALSE,TRUE,TRUE,607.0733256,-161.0658499,167.0195474,-179.9027617,0.067287365,179.7017811,-11.66600368,5.436366498,0.978643466,0.488989557,1.249765976,-0.376023769,-48.37849159,64.92028999,62.57551231,-75.78125724,-57.09590881,72.3643753,16.15018386,1,1
104.66313,9,1572608435,AUT,FALSE,TRUE,TRUE,602.7304957,-106.5508883,165.8791477,-179.9282781,0.080714045,179.7381079,-8.540778429,4.767335119,2.40500057,0.427042079,1.08894632,-0.465488548,-45.14025421,63.53074951,62.70256919,-79.72555847,-57.01024841,70.87892761,22.40179939,1,1
104.763581,9,1572608435,AUT,FALSE,TRUE,TRUE,602.7304957,-106.5508883,165.8791477,-179.9282781,0.080714045,179.7381079,-8.540778429,4.767335119,2.40500057,0.427042079,1.08894632,-0.465488548,-45.14025421,63.53074951,62.70256919,-79.72555847,-57.01024841,70.87892761,22.40179939,1,1
104.8640549,9,1572608435,AUT,FALSE,TRUE,TRUE,606.1531108,-71.19883902,162.8269732,-179.969179,0.212913247,179.8127677,-9.508281652,3.098857293,4.478601206,-0.137915915,1.193012848,-0.292668452,-41.88053169,63.45309334,62.40974235,-80.27807121,-57.05961547,70.33203506,25.99336052,1,1
104.9645128,9,1572608435,AUT,FALSE,TRUE,TRUE,606.1531108,-71.19883902,162.8269732,-179.969179,0.212913247,179.8127677,-9.508281652,3.098857293,4.478601206,-0.137915915,1.193012848,-0.292668452,-41.88053169,63.45309334,62.40974235,-80.27807121,-57.05961547,70.33203506,25.99336052,1,1
105.0650189,9,1572608435,AUT,FALSE,TRUE,TRUE,626.7741729,-41.41830686,158.2142386,179.8123657,0.542564516,-179.9212285,-12.51157681,-0.369199069,1.058623578,-0.072015769,0.860583197,0.243156671,-37.67616691,64.32458038,61.38471107,-77.80477066,-57.19184692,70.26178093,27.89030113,1,1
105.1655068,9,1572608436,AUT,FALSE,TRUE,TRUE,626.7741729,-41.41830686,158.2142386,179.8123657,0.542564516,-179.9212285,-12.51157681,-0.369199069,1.058623578,-0.072015769,0.860583197,0.243156671,-33.42798385,66.62300949,60.49869804,-70.38330345,-57.05249084,72.52181282,25.82904281,1,1
105.266089,9,1572608436,AUT,FALSE,TRUE,TRUE,654.4581875,-36.71231804,158.865165,179.8878067,0.583239807,-179.9059164,-10.73626661,1.957700224,-0.26076329,0.454700253,0.16216339,0.17888329,-33.42798385,66.62300949,60.49869804,-70.38330345,-57.05249084,72.52181282,25.82904281,1,1
105.3665719,9,1572608436,AUT,FALSE,TRUE,TRUE,683.1159241,-37.44840291,161.6276864,179.9716926,0.461283053,179.995739,-2.209290248,4.123944647,-2.890373251,0.445789186,-0.403847951,-0.167055109,-30.18819809,69.03564148,60.35745163,-62.79062461,-57.09821594,75.30556297,22.77476463,1,1
105.4670448,9,1572608436,AUT,FALSE,TRUE,TRUE,683.1159241,-37.44840291,161.6276864,179.9716926,0.461283053,179.995739,-2.209290248,4.123944647,-2.890373251,0.445789186,-0.403847951,-0.167055109,-30.18819809,69.03564148,60.35745163,-62.79062461,-57.09821594,75.30556297,22.77476463,1,1
105.5675218,9,1572608436,AUT,FALSE,TRUE,TRUE,706.2788523,-32.20285793,164.5460633,-179.8613734,0.132316026,179.8404394,7.488260041,8.600198228,-2.197767301,1.041497771,-1.320310245,-0.717273364,-26.7955101,71.17620048,60.38934631,-55.70015831,-57.14994506,78.02345009,20.27229538,1,1
105.6679978,9,1572608436,AUT,FALSE,TRUE,TRUE,716.9650503,-6.373490138,163.9604109,-179.7778197,0.007992605,179.644425,6.13810019,12.0082736,-1.227008353,1.191754583,-0.850477916,-1.086882961,-23.53431473,72.33849907,60.44348487,-52.27624511,-57.204234,79.11667213,20.89824142,1,1
105.7684689,9,1572608436,AUT,FALSE,TRUE,TRUE,716.9650503,-6.373490138,163.9604109,-179.7778197,0.007992605,179.644425,6.13810019,12.0082736,-1.227008353,1.191754583,-0.850477916,-1.086882961,-23.53431473,72.33849907,60.44348487,-52.27624511,-57.204234,79.11667213,20.89824142,1,1
105.8690488,9,1572608436,AUT,FALSE,TRUE,TRUE,719.2107977,31.82397244,163.8223205,-179.9280908,0.034221318,179.7058809,1.373294834,6.56758559,-1.274983151,0.497901554,-0.536548872,-0.489497836,-19.86504936,72.68390579,60.41584739,-51.29593162,-57.32353454,79.38124694,23.74470291,1,1
105.9695978,9,1572608436,AUT,FALSE,TRUE,TRUE,719.2107977,31.82397244,163.8223205,-179.9280908,0.034221318,179.7058809,1.373294834,6.56758559,-1.274983151,0.497901554,-0.536548872,-0.489497836,-19.86504936,72.68390579,60.41584739,-51.29593162,-57.32353454,79.38124694,23.74470291,1,1
106.070426,9,1572608437,AUT,FALSE,TRUE,TRUE,715.1122065,72.3877275,166.9965438,179.9146712,-0.38582171,-179.8889977,11.51949909,-4.390190842,-1.340940607,-0.516254903,-1.154744803,0.385489418,-16.67852325,72.55627556,60.31587181,-50.94306106,-57.30183105,80.11690178,27.14942436,1,1
106.1707308,9,1572608437,AUT,FALSE,TRUE,TRUE,707.3416116,81.82795717,169.7831692,179.8883478,-0.758913635,-179.6650639,16.69254252,-4.775780562,-1.09258208,-0.061541611,-0.936880461,0.496819265,-16.02671471,71.74040336,60.32560501,-52.58451118,-56.99540039,80.26482582,28.67673339,1,1
106.2713699,9,1572608437,AUT,FALSE,TRUE,TRUE,707.3416116,81.82795717,169.7831692,179.8883478,-0.758913635,-179.6650639,16.69254252,-4.775780562,-1.09258208,-0.061541611,-0.936880461,0.496819265,-17.20817413,70.49329033,60.3616436,-56.25976066,-56.58697814,79.25691948,30.39083747,1,1
106.3719559,9,1572608437,AUT,FALSE,TRUE,TRUE,694.4160606,84.72461621,170.324119,179.932946,-0.889656105,-179.6769849,16.7538374,-1.48680712,1.369350281,0.471770645,-0.548331224,0.204829842,-17.20817413,70.49329033,60.3616436,-56.25976066,-56.58697814,79.25691948,30.39083747,1,1
106.472568,9,1572608437,AUT,FALSE,TRUE,TRUE,674.3520852,86.98623108,166.4140458,-179.9532604,-0.778689516,-179.7101094,8.142799134,5.447712369,2.825698672,1.330430389,0.522611732,-0.113382062,-19.26137123,68.85109176,60.3853054,-62.09157143,-56.39416809,77.02531471,32.93176574,1,1
106.5731108,9,1572608437,AUT,FALSE,TRUE,TRUE,650.6932226,88.95867034,159.0056362,-179.9413365,-0.45205609,-179.8536713,-5.400508442,6.694277113,4.956900894,0.89389751,1.647079988,-0.436741859,-21.56748733,67.18578758,60.36306152,-68.65899925,-56.4757196,73.95171432,35.95495949,1,1
106.673583,9,1572608437,AUT,FALSE,TRUE,TRUE,632.2026261,89.86008065,152.5240578,-179.8606888,-0.194980984,179.9735348,-5.400508442,6.694277113,4.956900894,0.89389751,1.647079988,-0.436741859,-23.32295494,65.99909591,60.33610039,-73.58194198,-56.71683654,71.54884987,38.07238541,1,1
106.7740679,9,1572608437,AUT,FALSE,TRUE,TRUE,632.2026261,89.86008065,152.5240578,-179.8606888,-0.194980984,179.9735348,-13.14365388,11.51799566,1.936958715,1.068897037,2.108274472,-0.976409384,-23.32295494,65.99909591,60.33610039,-73.58194198,-56.71683654,71.54884987,38.07238541,1,1
106.8745399,9,1572608437,AUT,FALSE,TRUE,TRUE,622.2144846,95.77431045,149.8767236,-179.7599738,0.036029633,179.7999662,-15.531067,14.04133062,2.334332181,1.001667798,2.195567231,-1.396607757,-23.78898811,65.41205864,60.43607597,-76.0369915,-56.9437207,70.28475952,39.56849327,1,1
106.9750159,9,1572608437,AUT,FALSE,TRUE,TRUE,619.5684089,110.3161806,150.8463704,-179.7366688,0.145246228,179.6344919,-11.0352539,12.99211766,1.96321201,0.475045668,1.260116559,-1.437175555,-22.73952598,65.37829628,60.69777718,-76.24971427,-57.0360498,70.20056991,40.93281326,1,1
107.0755498,9,1572608438,AUT,FALSE,TRUE,TRUE,619.7556387,132.3080224,151.7664505,-179.7344723,0.138984524,179.61107,-9.774438726,12.19541048,3.30310156,0.625986059,0.996260981,-1.229371335,-20.4857048,65.69293785,60.78485069,-75.26707306,-57.07109069,70.62806854,42.50153389,1,1
107.1760259,9,1572608438,AUT,FALSE,TRUE,TRUE,619.7556387,132.3080224,151.7664505,-179.7344723,0.138984524,179.61107,-9.774438726,12.19541048,3.30310156,0.625986059,0.996260981,-1.229371335,-20.4857048,65.69293785,60.78485069,-75.26707306,-57.07109069,70.62806854,42.50153389,1,1
107.2765059,9,1572608438,AUT,FALSE,TRUE,TRUE,622.2471229,160.6898089,152.2718739,-179.8598072,0.157340671,179.6115124,-8.619140509,8.610384743,4.388514178,-0.17952567,1.145086025,-0.884762433,-17.21273003,66.39040489,60.74110107,-73.19757499,-57.14762145,71.37405052,44.27288017,1,1
107.3770089,9,1572608438,AUT,FALSE,TRUE,TRUE,627.7556157,187.2258132,152.6760726,-179.9868013,0.142913543,179.7980837,-4.448929438,4.113001547,-0.053842672,-0.002369468,0.408668222,-0.280318442,-13.64673271,67.34776039,60.49725265,-70.13555145,-57.20630493,72.49674339,45.39880371,1,1
107.4774909,9,1572608438,AUT,FALSE,TRUE,TRUE,634.6925195,207.3262776,155.2749476,179.9824464,0.059544453,179.9419813,1.918540916,1.921982975,-1.118100755,-0.371746046,-0.422015882,-0.123163382,-10.64206466,68.26424331,60.36416015,-66.74086533,-57.15463073,73.90138321,45.62615204,1,1
107.577985,9,1572608438,AUT,FALSE,TRUE,TRUE,637.5416775,223.3665959,158.3819512,179.9775065,-0.234341716,-179.9473194,11.19825491,0.793187715,0.017751862,-0.371746046,-0.422015882,-0.123163382,-8.387979125,68.86659622,60.41550064,-64.25688057,-56.97633911,75.22959937,45.84182396,1,1
107.67857,9,1572608438,AUT,FALSE,TRUE,TRUE,637.5416775,223.3665959,158.3819512,179.9775065,-0.234341716,-179.9473194,11.19825491,0.793187715,0.017751862,-0.094733596,-1.32103756,0.059843728,-8.387979125,68.86659622,60.41550064,-64.25688057,-56.97633911,75.22959937,45.84182396,1,1
107.7790599,9,1572608438,AUT,FALSE,TRUE,TRUE,629.6695869,238.5282902,159.4319496,179.9050602,-0.589283578,-179.8222755,15.35064747,-3.045848977,-0.32229795,-0.240103695,-1.154145165,0.398895242,-7.0462429,68.82764625,60.60800857,-64.35584335,-56.87664916,75.65767135,47.3871849,1,1
107.8795629,9,1572608438,AUT,FALSE,TRUE,TRUE,612.5648004,250.7738448,158.0255158,179.9031793,-0.683422776,-179.6837555,11.66803109,-2.495508913,0.005607924,0.107315026,-0.548881361,0.572792934,-6.6827362,68.04112473,60.73570404,-67.18583564,-56.88237854,74.84392089,50.05792007,1,1
107.9803569,9,1572608438,AUT,FALSE,TRUE,TRUE,590.1112278,258.3859948,155.1368292,179.9159731,-0.582620936,-179.6308797,6.104028088,-0.440080237,-0.334353979,0.37910544,-0.063948997,0.379612147,-7.110399625,66.68775673,60.73207168,-71.66469039,-56.883208,73.07360115,53.2340641,1,1
108.081197,9,1572608439,AUT,FALSE,TRUE,TRUE,590.1112278,258.3859948,155.1368292,179.9159731,-0.582620936,-179.6308797,6.104028088,-0.440080237,-0.334353979,0.37910544,-0.063948997,0.379612147,-8.040842056,65.08047066,60.73750991,-76.69744148,-56.8810382,71.02866439,56.22366371,1,1
108.1818409,9,1572608439,AUT,FALSE,TRUE,TRUE,566.4591497,260.9139344,152.2799763,179.9637886,-0.461989457,-179.6135917,3.160595249,2.993752484,1.200945895,0.798120572,0.36526241,0.078501498,-8.040842056,65.08047066,60.73750991,-76.69744148,-56.8810382,71.02866439,56.22366371,1,1
108.282732,9,1572608439,AUT,FALSE,TRUE,TRUE,535.7489184,261.2723696,148.2908087,-179.9703679,-0.454485423,-179.7331877,-0.600799399,5.785839797,1.838754238,0.665399458,0.602543527,-0.384987005,-9.3654499,63.10791321,60.84382324,-82.90576401,-56.87453979,68.40981903,59.76163216,1,1
108.3832018,9,1572608439,AUT,FALSE,TRUE,TRUE,535.7489184,261.2723696,148.2908087,-179.9703679,-0.454485423,-179.7331877,-0.600799399,5.785839797,1.838754238,0.665399458,0.602543527,-0.384987005,-9.3654499,63.10791321,60.84382324,-82.90576401,-56.87453979,68.40981903,59.76163216,1,1
108.4836729,9,1572608439,AUT,FALSE,TRUE,TRUE,508.0321518,262.1532974,145.3187027,-179.9253552,-0.335518623,-179.7896589,-3.559216898,9.544106627,1.945065871,1.042363266,1.10418189,-0.525532369,-10.24944076,61.32176971,60.97646942,-88.21209869,-57.02886474,66.10409774,63.04106826,1,1
108.5841658,9,1572608439,AUT,FALSE,TRUE,TRUE,489.5576512,265.043251,144.5984399,-179.9200898,-0.201730992,-179.7919522,-4.05550982,8.644711864,2.172452119,0.90619336,1.226517996,-0.540099214,-10.41401596,60.072789,61.07063255,-91.37670021,-57.08099487,64.71582756,65.35958862,1,1
114.78986,10,1572608445,AUT,FALSE,FALSE,TRUE,472.5107754,-399.5389673,170.1950658,-179.9361228,0.025844321,-179.9973043,-20.95059876,-1.669430939,5.372179555,-0.169440598,2.206851022,0.415652314,-73.89144401,62.76280174,61.18016281,-78.17377739,-55.4776007,70.96668091,-8.862475206,1,1
114.8906119,10,1572608445,AUT,FALSE,TRUE,TRUE,481.9847296,-397.9103834,169.9972445,179.9925368,0.559533053,-179.9544094,-19.3911938,-4.257240522,7.071754203,-0.45150659,1.888217859,0.545295961,-72.97693519,63.16723594,61.17638626,-77.18152313,-55.56906188,70.86458359,-8.583769231,1,1
114.9913359,10,1572608445,AUT,FALSE,TRUE,TRUE,481.9847296,-397.9103834,169.9972445,179.9925368,0.559533053,-179.9544094,-19.3911938,-4.257240522,7.071754203,-0.45150659,1.888217859,0.545295961,-72.97693519,63.16723594,61.17638626,-77.18152313,-55.56906188,70.86458359,-8.583769231,1,1
115.0919719,10,1572608446,AUT,FALSE,TRUE,TRUE,501.2700837,-398.3194839,166.2718841,179.9097346,0.510860712,-179.8277931,-10.24365142,-2.915189511,5.879213119,-0.382063446,0.76448621,0.474622392,-70.47534141,64.70482406,60.95778236,-73.94536972,-56.15111755,71.81041031,-8.462744525,1,1
115.1924589,10,1572608446,AUT,FALSE,TRUE,TRUE,501.2700837,-398.3194839,166.2718841,179.9097346,0.510860712,-179.8277931,-10.24365142,-2.915189511,5.879213119,-0.382063446,0.76448621,0.474622392,-67.46128693,67.01888809,60.19843139,-69.04290962,-56.64743041,72.72693443,-9.527408988,1,1
115.292959,10,1572608446,AUT,FALSE,TRUE,TRUE,522.2088497,-405.1657839,155.8775553,-179.9286893,0.604707578,-179.9207094,-6.082797975,-2.081279236,2.858137761,-0.684040012,-0.296061107,0.077294591,-67.46128693,67.01888809,60.19843139,-69.04290962,-56.64743041,72.72693443,-9.527408988,1,1
115.3934269,10,1572608446,AUT,FALSE,TRUE,TRUE,556.380195,-404.8758765,152.6798901,-179.9259425,0.632570366,-179.9979806,-6.082797975,-2.081279236,2.858137761,-0.684040012,-0.296061107,0.077294591,-62.83642387,70.05474701,60.13406868,-61.88885994,-57.32133728,74.82044105,-10.64526444,1,1
115.4938779,10,1572608446,AUT,FALSE,TRUE,TRUE,556.380195,-404.8758765,152.6798901,-179.9259425,0.632570366,-179.9979806,-7.756377817,3.178038718,-1.474625165,0.584335585,-0.127566502,-0.089646965,-62.83642387,70.05474701,60.13406868,-61.88885994,-57.32133728,74.82044105,-10.64526444,1,1
115.594363,10,1572608446,AUT,FALSE,TRUE,TRUE,590.9762938,-393.909314,153.7101539,-179.8180243,0.320732856,179.8953966,4.763627518,5.045770479,-2.308892562,0.663828249,-1.237837992,-0.538694054,-57.54503403,72.26382637,60.07600937,-54.88872871,-57.51341125,77.37081756,-11.08615952,1,1
115.694896,10,1572608446,AUT,FALSE,TRUE,TRUE,590.9762938,-393.909314,153.7101539,-179.8180243,0.320732856,179.8953966,4.763627518,5.045770479,-2.308892562,0.663828249,-1.237837992,-0.538694054,-57.54503403,72.26382637,60.07600937,-54.88872871,-57.51341125,77.37081756,-11.08615952,1,1
115.7953689,10,1572608446,AUT,FALSE,TRUE,TRUE,608.8231111,-381.0888153,155.6048129,-179.5901118,-0.087874435,179.7877706,14.53082502,8.325861608,-0.935631156,0.690719454,-2.239759848,-1.576057997,-54.41160278,73.10611038,60.03544921,-51.71513901,-57.50303466,78.85144844,-10.89123116,1,1
115.8958509,10,1572608446,AUT,FALSE,TRUE,TRUE,616.476539,-365.7803828,156.4477809,-179.5175266,-0.387640392,179.6865218,16.73662202,8.332000822,-0.221917385,0.632675277,-1.450178202,-1.981424285,-53.02064094,73.05338631,60.07351684,-51.71972923,-57.43246948,79.22888031,-9.563660431,1,1
115.996314,10,1572608446,AUT,FALSE,TRUE,TRUE,617.6271448,-346.5850732,156.0442207,-179.5115125,-0.53714069,179.6512748,14.33778938,9.529811908,-0.199165489,0.632675277,-1.450178202,-1.981424285,-52.67360344,72.34056244,60.14722481,-54.19013557,-57.34617736,78.61084099,-7.183355719,1,1
116.09677,10,1572608447,AUT,FALSE,TRUE,TRUE,617.6271448,-346.5850732,156.0442207,-179.5115125,-0.53714069,179.6512748,14.33778938,9.529811908,-0.199165489,0.800614124,-0.562843603,-1.987272088,-52.67360344,72.34056244,60.14722481,-54.19013557,-57.34617736,78.61084099,-7.183355719,1,1
116.1972458,10,1572608447,AUT,FALSE,TRUE,TRUE,615.0762298,-320.3418166,154.7790126,-179.5733607,-0.394606669,179.5923609,3.615191403,8.590714664,0.88586089,0.80376864,0.517153305,-1.674785804,-52.90825081,71.07721023,60.36994171,-58.71578865,-57.28604919,77.03307724,-3.555220419,1,1
116.297765,10,1572608447,AUT,FALSE,TRUE,TRUE,610.9615366,-285.8996001,153.2829502,-179.646168,-0.195939246,179.5693338,-1.555320865,8.111103503,1.849728388,0.610287513,0.907928303,-1.202249094,-52.92325401,69.50611724,60.67289658,-64.23609238,-57.30980163,75.05283966,1.151607513,1,1
116.398227,10,1572608447,AUT,FALSE,TRUE,TRUE,610.9615366,-285.8996001,153.2829502,-179.646168,-0.195939246,179.5693338,-1.555320865,8.111103503,1.849728388,0.610287513,0.907928303,-1.202249094,-52.30833549,67.85417862,61.14538764,-69.63047904,-57.42788269,73.26014213,6.452953719,1,1
116.4986889,10,1572608447,AUT,FALSE,TRUE,TRUE,606.7178391,-244.8773665,153.2517471,-179.7429395,-0.016663862,179.5707203,-4.990296793,4.639941302,0.854534185,0.06873478,0.726028592,-0.684476294,-52.30833549,67.85417862,61.14538764,-69.63047904,-57.42788269,73.26014213,6.452953719,1,1
116.5991669,10,1572608447,AUT,FALSE,TRUE,TRUE,602.4800608,-192.1735702,155.7132785,-179.7767339,0.042517135,179.6447427,-8.070050404,4.895858645,1.76274006,0.323090064,1.173472745,-0.518888263,-50.50124244,65.92076339,61.70809364,-75.07246742,-57.44650451,71.63703575,12.92786293,1,1
116.69963,10,1572608447,AUT,FALSE,TRUE,TRUE,601.2539111,-152.9328272,157.8601134,-179.8486686,0.074795087,179.6963039,-6.848683957,4.283482422,1.536543935,0.328151879,0.977128492,-0.507010462,-48.36849746,64.76051101,62.00588836,-77.91172943,-57.35303833,70.82337112,17.48417473,1,1
116.8002958,10,1572608447,AUT,FALSE,TRUE,TRUE,601.2539111,-152.9328272,157.8601134,-179.8486686,0.074795087,179.6963039,-6.848683957,4.283482422,1.536543935,0.328151879,0.977128492,-0.507010462,-48.36849746,64.76051101,62.00588836,-77.91172943,-57.35303833,70.82337112,17.48417473,1,1
116.9008329,10,1572608447,AUT,FALSE,TRUE,TRUE,604.0645807,-109.4721986,159.0470897,-179.8776371,0.19772332,179.8390895,-10.66413652,3.10055835,2.783663708,0.242719255,1.388100863,-0.369276715,-45.80641708,64.05985107,62.06109123,-79.427108,-57.29403625,70.19956054,22.06998825,1,1
117.001745,10,1572608447,AUT,FALSE,TRUE,TRUE,611.9851242,-86.29727938,159.280247,-179.9351705,0.41495125,179.9836614,-10.2564374,1.557424058,3.381657325,0.334772222,0.874599295,-0.112505753,-42.32063369,64.02483902,61.76296348,-78.90771904,-57.28960876,70.16344299,24.23384514,1,1
117.1022139,10,1572608448,AUT,FALSE,TRUE,TRUE,611.9851242,-86.29727938,159.280247,-179.9351705,0.41495125,179.9836614,-10.2564374,1.557424058,3.381657325,0.334772222,0.874599295,-0.112505753,-42.32063369,64.02483902,61.76296348,-78.90771904,-57.28960876,70.16344299,24.23384514,1,1
117.202687,10,1572608448,AUT,FALSE,TRUE,TRUE,629.236511,-70.99287212,157.4693125,-179.9792709,0.494582879,-179.9036583,-11.05415366,1.128427691,4.244220126,0.444223127,0.85221669,-0.046990372,-38.97870941,65.0390419,60.98349724,-75.60956497,-57.15758605,70.86666069,24.56845436,1,1
117.3031659,10,1572608448,AUT,FALSE,TRUE,TRUE,648.265625,-64.92989754,155.1322839,-179.9483879,0.509777139,-179.9819575,-9.814207997,0.481976519,2.664220405,-0.190773679,0.405085018,-0.08393312,-36.35058746,66.62845459,60.47648849,-71.30993843,-57.16212341,72.00663986,23.52907562,1,1
117.403636,10,1572608448,AUT,FALSE,TRUE,TRUE,668.1676716,-60.73514399,153.2082243,-179.9227186,0.379752954,179.9902994,-4.417364408,5.317797229,2.658884481,0.310085658,0.183365202,-0.134435857,-33.67992439,68.47335777,60.19041138,-66.33864898,-57.31097717,73.60483818,22.10848846,1,1
117.5041549,10,1572608448,AUT,FALSE,TRUE,TRUE,668.1676716,-60.73514399,153.2082243,-179.9227186,0.379752954,179.9902994,-4.417364408,5.317797229,2.658884481,0.310085658,0.183365202,-0.134435857,-33.67992439,68.47335777,60.19041138,-66.33864898,-57.31097717,73.60483818,22.10848846,1,1
117.6046529,10,1572608448,AUT,FALSE,TRUE,TRUE,684.1697746,-52.55598573,151.1303214,-179.8070212,0.176188325,179.8196029,4.007001727,10.16046858,-0.111935969,1.120687659,-0.604783892,-0.550637293,-31.08037032,70.17827797,60.11572151,-61.92629928,-57.41684692,75.06459846,21.03935394,1,1
117.705143,10,1572608448,AUT,FALSE,TRUE,TRUE,694.4353198,-33.48560899,149.501994,-179.7010541,0.09693496,179.6766401,5.180287182,6.866975496,-0.779886157,0.057343995,-0.996024876,-1.029300944,-28.41405373,71.25887947,60.14832344,-59.23103714,-57.53419189,75.86787758,21.47310104,1,1
117.8056118,10,1572608448,AUT,FALSE,TRUE,TRUE,694.4353198,-33.48560899,149.501994,-179.7010541,0.09693496,179.6766401,5.180287182,6.866975496,-0.779886157,0.057343995,-0.996024876,-1.029300944,-28.41405373,71.25887947,60.14832344,-59.23103714,-57.53419189,75.86787758,21.47310104,1,1
117.9060779,10,1572608448,AUT,FALSE,TRUE,TRUE,701.6696218,1.017951194,150.7539292,-179.7916599,0.201883631,179.7223117,-2.662699122,7.029988256,-0.795992343,0.436334225,-0.145787287,-0.714277773,-24.80310173,71.74652481,60.13363953,-57.44745483,-57.62086853,76.41701202,23.71417808,1,1
118.006542,10,1572608448,AUT,FALSE,TRUE,TRUE,706.482755,28.26739115,155.027458,-179.8300078,0.261126206,179.8778361,-3.760707398,3.257963621,-0.552745352,0.074572861,-0.103490267,-0.445603632,-21.89118919,71.89103622,60.12946815,-55.85634269,-57.60095581,77.17486267,25.36283454,1,1
118.107064,10,1572608449,AUT,FALSE,TRUE,TRUE,710.4594147,49.68212379,160.2970037,-179.8537526,0.055582239,179.9771363,3.769837686,-0.665464286,-0.14588898,-0.329793298,-1.044589416,-0.4040854,-19.29589233,72.04388007,60.12573623,-53.92920684,-57.37759277,78.30783463,26.29520988,1,1
118.2075329,10,1572608449,AUT,FALSE,TRUE,TRUE,709.4986893,66.73093278,162.6896202,-179.8897093,-0.404865257,-179.8866684,16.55230587,0.250458266,0.081806474,0.410189539,-1.700165195,-0.020527836,-17.54045906,72.09155387,60.13166542,-53.10595321,-57.1851947,79.17319679,27.38450431,1,1
118.3080039,10,1572608449,AUT,FALSE,TRUE,TRUE,709.4986893,66.73093278,162.6896202,-179.8897093,-0.404865257,-179.8866684,16.55230587,0.250458266,0.081806474,0.410189539,-1.700165195,-0.020527836,-17.54045906,72.09155387,60.13166542,-53.10595321,-57.1851947,79.17319679,27.38450431,1,1
118.4085119,10,1572608449,AUT,FALSE,TRUE,TRUE,701.0685924,79.28894326,161.6395311,179.9945037,-0.777484776,-179.7165146,19.41491659,-2.921705646,0.149520194,0.312699213,-1.036366872,0.355724593,-17.08406296,71.6623558,60.16132164,-54.75503196,-57.10875183,79.01771965,29.30818634,1,1
118.509047,10,1572608449,AUT,FALSE,TRUE,TRUE,686.2703867,87.8529297,159.2211649,-179.9613711,-0.802905639,-179.6573692,13.16308995,0.563132515,0.726860203,1.100144569,-0.14648894,0.405190669,-17.89806747,70.53573532,60.17247276,-58.84982528,-57.01526916,77.62068099,31.75373611,1,1
118.609524,10,1572608449,AUT,FALSE,TRUE,TRUE,665.4213878,94.46397,155.5145547,-179.9275663,-0.486174451,-179.7386989,2.230643098,0.988767192,-0.318298714,0.450768561,0.355680617,-0.129934462,-19.55591125,68.87996178,60.17897186,-64.68762703,-56.98227722,75.17010498,34.80710793,1,1
118.710315,10,1572608449,AUT,FALSE,TRUE,TRUE,665.4213878,94.46397,155.5145547,-179.9275663,-0.486174451,-179.7386989,2.230643098,0.988767192,-0.318298714,0.450768561,0.355680617,-0.129934462,-21.12182006,67.37020339,60.18285827,-69.70520668,-56.98428771,72.92587623,37.11781769,1,1
118.810817,10,1572608449,AUT,FALSE,TRUE,TRUE,646.7558751,97.84752639,152.4603806,-179.732442,-0.185749763,-179.8657972,-9.055389418,8.12209284,2.762772161,1.094203576,1.411467102,-0.793458598,-21.12182006,67.37020339,60.18285827,-69.70520668,-56.98428771,72.92587623,37.11781769,1,1
118.9114199,10,1572608449,AUT,FALSE,TRUE,TRUE,634.054967,104.2912981,150.5694725,-179.6927212,0.000589169,179.9168287,-13.26482729,12.92064024,2.177575923,1.157015804,1.708165813,-1.411295553,-21.80519371,66.44767113,60.25703316,-72.86137619,-56.98588623,71.48737449,38.91762543,1,1
119.0119469,10,1572608449,AUT,FALSE,TRUE,TRUE,627.4441845,118.1666069,150.8053143,-179.6081166,0.094537806,179.7724935,-13.73199871,14.50201488,3.141824909,1.19434029,2.005237473,-1.434840773,-21.14976311,66.13835793,60.52905121,-74.01466598,-57.09726562,71.05999946,40.59561882,1,1
119.1124079,10,1572608450,AUT,FALSE,TRUE,TRUE,625.9722906,137.6883187,151.0792241,-179.6990165,0.169670152,179.6958144,-9.64319313,10.87002614,3.11106071,0.365858527,1.042894154,-1.338015318,-19.31655349,66.29225921,60.58185081,-73.56366691,-57.1455725,71.14395904,42.21156006,1,1
119.2128749,10,1572608450,AUT,FALSE,TRUE,TRUE,625.9722906,137.6883187,151.0792241,-179.6990165,0.169670152,179.6958144,-9.64319313,10.87002614,3.11106071,0.365858527,1.042894154,-1.338015318,-19.31655349,66.29225921,60.58185081,-73.56366691,-57.1455725,71.14395904,42.21156006,1,1
119.3134449,10,1572608450,AUT,FALSE,TRUE,TRUE,627.3702483,159.8367263,150.7183058,-179.7218851,0.173639416,179.7447809,-7.646341754,9.005144019,2.988469463,0.11535837,0.971249025,-1.038063941,-16.71802597,66.84249573,60.47137642,-72.01983719,-57.21936767,71.6602066,43.58065567,1,1
119.4139109,10,1572608450,AUT,FALSE,TRUE,TRUE,631.6566057,182.024965,149.8570527,-179.7912408,0.145233197,179.7817322,-4.815918061,4.060143737,1.652273918,-0.669970084,0.701526881,-0.823623579,-13.85008277,67.69659004,60.24742355,-69.58029213,-57.24413635,72.4088356,44.46979294,1,1
119.5143509,10,1572608450,AUT,FALSE,TRUE,TRUE,635.8536553,202.4241633,149.4994495,-179.7999867,0.000935858,179.8351673,1.114553772,5.984106853,0.903286559,-0.052520458,0.112350982,-0.652181403,-11.08019256,68.63131714,60.10697021,-66.89683685,-57.24677856,73.38564033,45.01588897,1,1
119.6148338,10,1572608450,AUT,FALSE,TRUE,TRUE,635.8536553,202.4241633,149.4994495,-179.7999867,0.000935858,179.8351673,1.114553772,5.984106853,0.903286559,-0.052520458,0.112350982,-0.652181403,-8.745251081,69.28552551,60.10437813,-65.03073692,-57.26738342,74.26412773,45.96418075,1,1
119.7153099,10,1572608450,AUT,FALSE,TRUE,TRUE,635.746504,221.5009106,149.5088507,-179.9035221,-0.234216967,179.9691673,9.99274422,2.169701417,-1.319007639,-0.187765153,-0.931672235,-0.1327177,-8.745251081,69.28552551,60.10437813,-65.03073692,-57.26738342,74.26412773,45.96418075,1,1
119.815773,10,1572608450,AUT,FALSE,TRUE,TRUE,624.5803634,242.4803202,149.3019117,179.9799096,-0.551738819,-179.7478729,12.75851089,-2.091574347,-0.89558024,-0.159477448,-0.639687087,0.551755993,-6.828236388,69.21369553,60.16127357,-65.39990158,-57.25834716,74.55162277,48.31910705,1,1
119.9162889,10,1572608450,AUT,FALSE,TRUE,TRUE,605.8469046,255.4093005,148.4669055,179.9334976,-0.626749725,-179.6157288,12.75851089,-2.091574347,-0.89558024,-0.159477448,-0.639687087,0.551755993,-6.407137294,68.3014904,60.2349678,-68.35650101,-57.22099914,73.68998566,51.24701843,1,1
120.0167489,10,1572608450,AUT,FALSE,TRUE,TRUE,605.8469046,255.4093005,148.4669055,179.9334976,-0.626749725,-179.6157288,12.06416451,-3.321480467,-0.53807735,0.016301928,-0.508545077,0.740523851,-6.407137294,68.3014904,60.2349678,-68.35650101,-57.22099914,73.68998566,51.24701843,1,1
120.1172419,10,1572608451,AUT,FALSE,TRUE,TRUE,568.2729589,263.3469035,145.5431189,179.9964372,-0.541504678,-179.519017,5.418645074,0.384084838,-0.08110225,0.016301928,-0.508545077,0.740523851,-7.441496656,65.83090896,60.29748344,-76.04704742,-57.18493652,70.81718788,56.19207458,1,1
120.2177129,10,1572608451,AUT,FALSE,TRUE,TRUE,568.2729589,263.3469035,145.5431189,179.9964372,-0.541504678,-179.519017,5.418645074,0.384084838,-0.08110225,0.689347388,0.24176435,0.583377955,-7.441496656,65.83090896,60.29748344,-76.04704742,-57.18493652,70.81718788,56.19207458,1,1
120.318228,10,1572608451,AUT,FALSE,TRUE,TRUE,541.6171286,263.4210839,144.4486911,-179.9574001,-0.409276842,-179.5890557,2.464617989,2.930352694,-1.411644831,0.616621138,0.397782095,0.085532631,-8.670276256,63.89410171,60.47098846,-81.55353241,-57.18401367,68.65368461,59.34809303,1,1
120.4187369,10,1572608451,AUT,FALSE,TRUE,TRUE,516.1665141,262.4526496,144.392561,-179.8137502,-0.330621537,-179.7241725,-0.471962469,8.969515714,0.81312839,1.273243388,0.368352324,-0.407600977,-9.87875175,62.03047714,60.83345832,-86.64204941,-57.18392028,66.67944488,62.09531021,1,1
120.519269,10,1572608451,AUT,FALSE,TRUE,TRUE,494.6193088,262.5020626,145.6024135,-179.7954661,-0.208413507,-179.7718475,-3.946315008,8.329722006,2.708296548,0.811635303,1.082693533,-0.647633026,-10.65698891,60.39590721,61.24246216,-90.68344231,-57.18729858,65.18649902,64.59490585,1,1
126.2100329,11,1572608457,AUT,FALSE,FALSE,TRUE,471.6039587,-400.3447107,169.8304471,179.9570248,-0.034288718,-179.9929349,5.498995665,-1.767452244,4.74367782,-0.235259892,-0.044215979,0.080901153,-74.11812629,63.00918731,61.53530616,-78.18233986,-55.87018615,71.20146904,-8.687775425,0.5,1
126.3107009,11,1572608457,AUT,FALSE,TRUE,TRUE,468.7223783,-401.718558,167.8159182,179.9382939,-0.365864123,-179.9663425,5.182005727,-1.298387745,4.488674132,-0.353924872,0.406139776,-0.175864446,-74.22441215,63.00995979,61.27880287,-78.29500465,-55.87592651,71.24564781,-8.819271475,1,1
126.4114499,11,1572608457,AUT,FALSE,TRUE,TRUE,463.8956903,-405.4130315,161.9062732,179.9474761,-0.156618882,-179.8761711,-6.661109716,-2.084648588,6.399848692,-0.628778641,1.479757336,-0.14064992,-74.75239448,63.02385749,60.60134811,-78.86086578,-55.87535522,70.16499824,-9.217512131,1,1
126.5119879,11,1572608457,AUT,FALSE,TRUE,TRUE,463.8956903,-405.4130315,161.9062732,179.9474761,-0.156618882,-179.8761711,-6.661109716,-2.084648588,6.399848692,-0.628778641,1.479757336,-0.14064992,-74.64117851,63.5700428,60.5994976,-78.86829872,-56.14038391,69.47946853,-8.992216875,1,1
126.612447,11,1572608457,AUT,FALSE,TRUE,TRUE,467.2071528,-403.74431,157.0037075,179.9718874,0.33504139,179.9582069,-16.41622284,0.015243709,4.405599152,-0.178489214,1.796108129,-0.051329551,-74.64117851,63.5700428,60.5994976,-78.86829872,-56.14038391,69.47946853,-8.992216875,1,1
126.7129459,11,1572608457,AUT,FALSE,TRUE,TRUE,480.3677815,-399.7730291,151.3600693,179.8865187,0.494851038,-179.9279625,-13.54110071,-3.820529574,4.7230926,-0.363207077,1.127966225,0.34462625,-73.102248,64.78397369,60.72092056,-77.48978919,-57.06816833,69.63647346,-8.027819825,1,1
126.8134789,11,1572608457,AUT,FALSE,TRUE,TRUE,498.7853096,-398.7267545,145.908448,179.8971556,0.542131146,-179.918324,-9.011372057,-4.862023784,4.344575185,-0.800322743,0.397900684,0.209301147,-70.67528229,66.45705757,60.57988701,-74.47993011,-57.70914367,70.37680435,-7.865023044,1,1
126.9139318,11,1572608457,AUT,FALSE,TRUE,TRUE,520.3815587,-399.6429365,142.4120052,179.942634,0.582357652,-179.945701,-7.674081256,-1.660472197,1.781401065,-0.309166961,0.174593109,0.169784555,-67.81651268,68.27895813,60.44473114,-70.30097465,-58.10366271,71.56483841,-8.331732563,1,1
127.014396,11,1572608457,AUT,FALSE,TRUE,TRUE,520.3815587,-399.6429365,142.4120052,179.942634,0.582357652,-179.945701,-7.674081256,-1.660472197,1.781401065,-0.309166961,0.174593109,0.169784555,-67.81651268,68.27895813,60.44473114,-70.30097465,-58.10366271,71.56483841,-8.331732563,1,1
127.114784,11,1572608458,AUT,FALSE,TRUE,TRUE,543.8647756,-399.7936943,141.7892734,179.9538979,0.513658478,-179.9877725,-3.408985561,-0.809960797,1.964388336,-0.498958207,-0.388907966,0.015686086,-64.57041664,70.03886146,60.41732025,-65.39844932,-58.32213684,73.25599479,-9.034538275,1,1
127.215291,11,1572608458,AUT,FALSE,TRUE,TRUE,566.1779328,-399.1763546,143.0889135,179.981752,0.415338088,-179.9899741,-1.243174405,1.986041001,-0.027006193,0.079879433,-0.479668551,-0.04195351,-61.29859199,71.55992546,60.34519501,-60.38620491,-58.36023742,75.00516586,-9.905912019,1,1
127.3157609,11,1572608458,AUT,FALSE,TRUE,TRUE,585.3500149,-396.7578118,145.2489719,-179.9220441,0.21466284,179.9813691,5.474197681,4.886656341,-0.690012531,0.623260729,-1.184742254,-0.474528544,-58.29007187,72.78979683,60.27759819,-55.87605972,-58.34834472,76.73543014,-10.75544014,1,1
127.416281,11,1572608458,AUT,FALSE,TRUE,TRUE,585.3500149,-396.7578118,145.2489719,-179.9220441,0.21466284,179.9813691,5.474197681,4.886656341,-0.690012531,0.623260729,-1.184742254,-0.474528544,-58.29007187,72.78979683,60.27759819,-55.87605972,-58.34834472,76.73543014,-10.75544014,1,1
127.5167379,11,1572608458,AUT,FALSE,TRUE,TRUE,603.6795071,-380.0780734,148.7994891,-179.7411023,-0.06243554,179.7757032,8.708440923,10.2483827,-0.488440731,1.552726031,-0.800703141,-1.354521407,-55.41383743,73.56994972,60.38351669,-52.78202476,-58.25461486,78.10091743,-10.60437126,1,1
127.6172299,11,1572608458,AUT,FALSE,TRUE,TRUE,603.6795071,-380.0780734,148.7994891,-179.7411023,-0.06243554,179.7757032,8.708440923,10.2483827,-0.488440731,1.552726031,-0.800703141,-1.354521407,-55.41383743,73.56994972,60.38351669,-52.78202476,-58.25461486,78.10091743,-10.60437126,1,1
127.717715,11,1572608458,AUT,FALSE,TRUE,TRUE,617.1649458,-358.8650128,151.2954635,-179.7003365,-0.284478696,179.6915176,11.37379792,7.633310574,-1.725840693,0.760877994,-1.156980476,-1.616162905,-53.12953949,73.34987983,60.5357357,-52.83000755,-58.12888183,78.64256744,-8.287952044,1,1
127.8181829,11,1572608458,AUT,FALSE,TRUE,TRUE,621.666566,-329.5985414,154.9491605,-179.7285142,-0.444274032,179.7274916,11.49733483,5.594062395,-0.941388964,0.624754112,-0.529959158,-1.448070701,-52.14987144,72.20762786,60.78591499,-55.80276718,-58.00456604,78.19198722,-4.766500856,1,1
127.918663,11,1572608458,AUT,FALSE,TRUE,TRUE,621.666566,-329.5985414,154.9491605,-179.7285142,-0.444274032,179.7274916,11.49733483,5.594062395,-0.941388964,0.624754112,-0.529959158,-1.448070701,-52.14987144,72.20762786,60.78591499,-55.80276718,-58.00456604,78.19198722,-4.766500856,1,1
128.019202,11,1572608458,AUT,FALSE,TRUE,TRUE,619.4911679,-294.3310122,156.778686,-179.7371688,-0.313622288,179.6733074,-0.424631342,5.78612824,1.427619891,0.831121334,0.180065923,-1.184510568,-51.97911301,70.4574028,61.09870262,-61.06072083,-57.80733947,76.62965584,-0.193441775,1,1
128.119875,11,1572608459,AUT,FALSE,TRUE,TRUE,619.4911679,-294.3310122,156.778686,-179.7371688,-0.313622288,179.6733074,-0.424631342,5.78612824,1.427619891,0.831121334,0.180065923,-1.184510568,-51.97911301,70.4574028,61.09870262,-61.06072083,-57.80733947,76.62965584,-0.193441775,1,1
128.220639,11,1572608459,AUT,FALSE,TRUE,TRUE,613.7823759,-239.743475,155.836973,-179.7827362,-0.125225477,179.5906958,-7.139140037,7.709049737,3.404649989,0.930951253,1.139298774,-0.986507613,-51.30931091,68.34441604,61.66134338,-68.40456963,-57.7935736,74.16505508,6.794075775,1,1
128.3213079,11,1572608459,AUT,FALSE,TRUE,TRUE,609.8819819,-185.5755566,152.3784322,-179.8224651,-0.060183904,179.5823901,-7.973798965,7.614997576,3.663093907,0.910516041,1.592243989,-0.81580645,-49.33291511,66.83089828,61.85484695,-73.69883651,-57.90199218,72.09365501,13.40174446,1,1
128.421927,11,1572608459,AUT,FALSE,TRUE,TRUE,609.8819819,-185.5755566,152.3784322,-179.8224651,-0.060183904,179.5823901,-7.973798965,7.614997576,3.663093907,0.910516041,1.592243989,-0.81580645,-49.33291511,66.83089828,61.85484695,-73.69883651,-57.90199218,72.09365501,13.40174446,1,1
128.5223958,11,1572608459,AUT,FALSE,TRUE,TRUE,608.0005993,-123.0990095,147.7004383,-179.8774789,-0.045109492,179.658852,-8.083241911,4.18198972,3.392147422,-0.111551009,1.5274579,-0.637664103,-46.23367881,65.8427227,61.82654686,-77.98864059,-58.13843994,70.29848213,20.67126388,1,1
128.6229699,11,1572608459,AUT,FALSE,TRUE,TRUE,608.0005993,-123.0990095,147.7004383,-179.8774789,-0.045109492,179.658852,-8.083241911,4.18198972,3.392147422,-0.111551009,1.5274579,-0.637664103,-46.23367881,65.8427227,61.82654686,-77.98864059,-58.13843994,70.29848213,20.67126388,1,1
128.7234728,11,1572608459,AUT,FALSE,TRUE,TRUE,609.7908247,-88.89682094,144.9767913,-179.9635976,-0.008409282,179.7832372,-7.805081542,1.130847223,2.682137831,-0.493191937,1.597297671,-0.424790242,-42.61048393,65.45139656,61.56438904,-79.04330406,-58.27046264,69.66159439,24.36403656,1,1
128.823952,11,1572608459,AUT,FALSE,TRUE,TRUE,617.1933551,-66.55499145,143.5153453,179.9838672,0.272580392,-179.983621,-11.91510216,-0.917171268,4.128183043,-0.411916918,1.37201869,-0.165251714,-39.88172378,65.56044616,61.05773391,-78.37540741,-58.32095031,69.39166374,26.38034706,1,1
128.924423,11,1572608459,AUT,FALSE,TRUE,TRUE,631.9799468,-55.30194042,142.3256725,179.9058938,0.481499233,-179.8536702,-14.29810336,0.122816687,5.304763756,0.18978112,1.037971995,0.045319765,-37.23269691,66.37735863,60.39785041,-75.49033241,-58.18920227,69.89271583,26.45701103,1,1
129.0249479,11,1572608459,AUT,FALSE,TRUE,TRUE,652.0824541,-50.97877455,141.1905774,179.9343874,0.506738573,-179.8647147,-9.518076182,2.639011581,2.247681511,0.626893028,0.350749576,-0.116230462,-34.64738044,67.96607437,59.97681313,-70.87443008,-58.13165588,71.23901138,25.08831711,1,1
129.1254299,11,1572608460,AUT,FALSE,TRUE,TRUE,652.0824541,-50.97877455,141.1905774,179.9343874,0.506738573,-179.8647147,-9.518076182,2.639011581,2.247681511,0.626893028,0.350749576,-0.116230462,-34.64738044,67.96607437,59.97681313,-70.87443008,-58.13165588,71.23901138,25.08831711,1,1
129.2259479,11,1572608460,AUT,FALSE,TRUE,TRUE,679.9146577,-46.77550639,140.458102,179.9911053,0.389329683,-179.9907121,-0.876091846,4.080860808,0.580763421,0.177670993,-0.668613504,-0.284995655,-31.18080597,70.51208038,59.91686554,-63.64361343,-58.24965454,73.68090477,22.67695884,1,1
129.3264248,11,1572608460,AUT,FALSE,TRUE,TRUE,679.9146577,-46.77550639,140.458102,179.9911053,0.389329683,-179.9907121,-0.876091846,4.080860808,0.580763421,0.177670993,-0.668613504,-0.284995655,-31.18080597,70.51208038,59.91686554,-63.64361343,-58.24965454,73.68090477,22.67695884,1,1
129.426898,11,1572608460,AUT,FALSE,TRUE,TRUE,703.9102898,-32.6386234,141.8408683,-179.8259881,0.052836534,179.8236404,7.672063208,10.19185903,-1.387476705,1.022346808,-1.406775003,-0.790842311,-27.08286438,72.78791885,60.07302589,-56.55456504,-58.27207214,76.32183266,20.84646492,1,1
129.5273728,11,1572608460,AUT,FALSE,TRUE,TRUE,713.6148293,-1.20581734,146.089393,-179.8604374,0.10157603,179.7735129,7.672063208,10.19185903,-1.387476705,1.022346808,-1.406775003,-0.790842311,-23.52709121,73.42346763,60.29534111,-53.75933074,-58.27336303,77.45760956,22.26056671,1,1
129.6278229,11,1572608460,AUT,FALSE,TRUE,TRUE,713.6148293,-1.20581734,146.089393,-179.8604374,0.10157603,179.7735129,2.761172832,7.452291865,-2.337252594,0.922937145,-0.691965437,-0.817074084,-23.52709121,73.42346763,60.29534111,-53.75933074,-58.27336303,77.45760956,22.26056671,1,1
129.728307,11,1572608460,AUT,FALSE,TRUE,TRUE,717.685123,30.55067604,152.3306743,-179.9060319,0.116245921,179.8937062,-0.615131414,5.090433832,-1.47157556,0.832293982,-0.669022863,-0.515867963,-20.21137276,73.39856643,60.34624901,-52.15564613,-58.13382019,78.37280159,24.20766677,1,1
129.828815,11,1572608460,AUT,FALSE,TRUE,TRUE,717.685123,30.55067604,152.3306743,-179.9060319,0.116245921,179.8937062,-0.615131414,5.090433832,-1.47157556,0.832293982,-0.669022863,-0.515867963,-20.21137276,73.39856643,60.34624901,-52.15564613,-58.13382019,78.37280159,24.20766677,1,1
129.929291,11,1572608460,AUT,FALSE,TRUE,TRUE,718.1500711,63.03863939,159.9704609,179.9790744,-0.196852214,-179.9151702,10.11908814,-1.918072946,-0.635130723,-0.071501928,-1.592712279,-0.022863937,-16.95871582,73.1800724,60.34659919,-50.73837547,-57.78638854,79.62953109,26.31242409,1,1
130.0297909,11,1572608460,AUT,FALSE,TRUE,TRUE,713.189565,79.30265335,163.6618817,179.9173001,-0.619453129,-179.7407857,16.58514804,-4.66936039,-1.171686886,-0.088413828,-1.299799891,0.384095831,-15.71951294,72.7300312,60.33556823,-51.14764709,-57.47580505,80.182061,27.87052574,1,1
130.130697,11,1572608461,AUT,FALSE,TRUE,TRUE,703.3865255,87.9068585,165.6084287,179.9448333,-0.809275725,-179.6479611,14.72840438,-2.439540185,0.221912289,0.474190876,-0.38221944,0.287196178,-15.92167854,71.79759063,60.34482078,-53.56584091,-57.16619384,79.75886421,29.57572746,1,1
130.231365,11,1572608461,AUT,FALSE,TRUE,TRUE,687.9324297,92.55000873,164.2012435,179.9605033,-0.8203369,-179.6258464,11.24651607,-0.26967351,1.963659354,0.669544259,0.121478656,0.078486636,-17.22393264,70.43390579,60.34818191,-58.02828483,-56.9065155,78.29430771,31.84753876,1,1
130.3319259,11,1572608461,AUT,FALSE,TRUE,TRUE,687.9324297,92.55000873,164.2012435,179.9605033,-0.8203369,-179.6258464,11.24651607,-0.26967351,1.963659354,0.669544259,0.121478656,0.078486636,-17.22393264,70.43390579,60.34818191,-58.02828483,-56.9065155,78.29430771,31.84753876,1,1
130.432476,11,1572608461,AUT,FALSE,TRUE,TRUE,666.7787124,95.59379891,157.735464,-179.9493435,-0.770065931,-179.7233788,3.318491288,4.834466872,3.477548661,1.416818898,0.764286803,-0.219200234,-19.20093269,68.98362121,60.33813972,-63.93987694,-56.85774719,75.85211219,34.60646667,1,1
130.5330079,11,1572608461,AUT,FALSE,TRUE,TRUE,644.9484047,98.0538336,148.9746581,-179.9137353,-0.450222083,-179.8718987,-3.27902856,6.160802024,2.554547366,0.466173124,1.528146446,-0.77242716,-21.15861396,67.68648262,60.25206527,-69.86877937,-57.17142883,72.93768654,37.46815453,1,1
130.6334949,11,1572608461,AUT,FALSE,TRUE,TRUE,625.8805245,103.7160292,143.9817313,-179.7838115,-0.184369278,179.9456139,-11.51477268,11.56840828,-0.486513061,0.957092402,1.67556213,-1.177839315,-22.48648681,66.52717781,60.37497482,-74.68999557,-57.52945129,70.71968422,39.97682762,1,1
130.7339749,11,1572608461,AUT,FALSE,TRUE,TRUE,614.6207102,115.5145661,145.848112,-179.7552927,-0.027412187,179.8153641,-11.51477268,11.56840828,-0.486513061,0.957092402,1.67556213,-1.177839315,-22.42080917,65.69951591,60.76740646,-76.99575119,-57.60828369,69.96532516,42.08423881,1,1
130.8344469,11,1572608461,AUT,FALSE,TRUE,TRUE,614.6207102,115.5145661,145.848112,-179.7552927,-0.027412187,179.8153641,-13.34794778,12.62619169,0.501518711,0.868405926,1.91421325,-1.280163839,-22.42080917,65.69951591,60.76740646,-76.99575119,-57.60828369,69.96532516,42.08423881,1,1
130.9349139,11,1572608461,AUT,FALSE,TRUE,TRUE,611.3349683,131.992081,150.7796765,-179.7741326,0.126083101,179.7855939,-11.13653997,13.69011536,2.860581691,1.358292247,1.148542289,-1.25387186,-21.12026138,65.33122329,61.14832649,-77.12019882,-57.55576904,70.23376236,43.65258522,1,1
131.035449,11,1572608461,AUT,FALSE,TRUE,TRUE,611.5505031,152.1990559,154.2624525,-179.839535,0.163862822,179.7507718,-6.880181991,9.297832088,3.947016436,0.45592811,0.589235752,-1.187335928,-18.95885925,65.41522751,61.25583458,-76.04994506,-57.3803833,70.81030769,45.01720733,1,1
131.1359169,11,1572608462,AUT,FALSE,TRUE,TRUE,612.9683719,175.37313,155.1234037,-179.8007867,0.105694691,179.7401694,-5.170525569,8.746968715,3.115652519,0.177264486,0.481624333,-1.071603678,-16.26869888,65.94383468,61.20468979,-74.28832168,-57.32103515,71.49980621,46.25288773,1,1
131.2364349,11,1572608462,AUT,FALSE,TRUE,TRUE,612.9683719,175.37313,155.1234037,-179.8007867,0.105694691,179.7401694,-5.170525569,8.746968715,3.115652519,0.177264486,0.481624333,-1.071603678,-16.26869888,65.94383468,61.20468979,-74.28832168,-57.32103515,71.49980621,46.25288773,1,1
131.3369448,11,1572608462,AUT,FALSE,TRUE,TRUE,615.9259122,198.3365778,153.726737,-179.8923702,0.095081901,179.7714142,-3.819654256,7.714205413,2.319125839,0.210081292,0.40361234,-0.886556454,-13.32249183,66.79953231,60.96296653,-72.02662468,-57.39659912,72.15196495,47.37482528,1,1
131.4374249,11,1572608462,AUT,FALSE,TRUE,TRUE,617.9118896,218.5588865,152.5276505,-179.926307,-0.138291357,179.8951358,5.151033339,2.178651269,-0.998374877,-0.533475768,-0.378800302,-0.437327903,-10.66148986,67.67301406,60.79543876,-69.72065277,-57.42004394,73.03125229,48.16479034,1,1
131.5379019,11,1572608462,AUT,FALSE,TRUE,TRUE,612.7038904,237.694161,152.1491532,179.9562492,-0.479425158,-179.8538276,14.07836048,-1.74189248,-1.375647817,-0.23146611,-1.169527691,0.430105417,-8.501090238,68.05666008,60.81206588,-68.81985969,-57.42263122,73.73852119,49.71404457,1,1
131.6384199,11,1572608462,AUT,FALSE,TRUE,TRUE,612.7038904,237.694161,152.1491532,179.9562492,-0.479425158,-179.8538276,14.07836048,-1.74189248,-1.375647817,-0.23146611,-1.169527691,0.430105417,-8.501090238,68.05666008,60.81206588,-68.81985969,-57.42263122,73.73852119,49.71404457,1,1
131.7389109,11,1572608462,AUT,FALSE,TRUE,TRUE,599.6786755,250.0817312,151.2919848,179.82152,-0.61471756,-179.691595,12.9123272,-5.069203761,-0.660807863,-0.517148087,-0.583936649,0.704222955,-7.691401288,67.59655266,60.86807899,-70.45668869,-57.41767089,73.34461326,51.97592697,1,1
131.83938,11,1572608462,AUT,FALSE,TRUE,TRUE,579.4394769,257.2422593,149.5304094,179.9137432,-0.680066273,-179.6152824,10.30688238,-0.721431999,-0.907480247,0.376724713,-0.450967188,0.541803196,-7.908607863,66.47612571,60.94585876,-74.1276535,-57.37677978,72.08433723,54.63890991,1,1
131.940093,11,1572608462,AUT,FALSE,TRUE,TRUE,554.0252397,261.861104,147.4187378,179.9777952,-0.591401182,-179.6514825,4.158347203,3.995391156,-0.229444499,0.83775765,0.26295249,0.115214014,-8.611842725,64.86157493,61.04815864,-79.08597221,-57.38211914,70.10643424,57.87832489,1,1
132.0409,11,1572608462,AUT,FALSE,TRUE,TRUE,527.0274018,265.2268819,146.6262407,-179.972677,-0.425672493,-179.7359007,-0.194622871,5.981653476,-0.267811706,0.799910775,0.489772697,-0.262166771,-9.371389387,63.04225959,61.26058273,-84.24095306,-57.39868652,68.04645653,61.19508018,1,1
132.1416008,11,1572608463,AUT,FALSE,TRUE,TRUE,527.0274018,265.2268819,146.6262407,-179.972677,-0.425672493,-179.7359007,-0.194622871,5.981653476,-0.267811706,0.799910775,0.489772697,-0.262166771,-9.371389387,63.04225959,61.26058273,-84.24095306,-57.39868652,68.04645653,61.19508018,1,1
132.242259,11,1572608463,AUT,FALSE,TRUE,TRUE,504.4669115,266.9282629,147.7248307,-179.9127612,-0.241070012,-179.7110368,-3.150101476,7.87152188,1.883129822,1.076466578,0.788258471,-0.480459873,-9.953743744,61.30415039,61.53121376,-88.42688141,-57.37674133,66.46967124,63.906427,1,1
132.3427169,11,1572608463,AUT,FALSE,TRUE,TRUE,487.0879891,268.3252504,148.6774234,-179.9357889,-0.257731693,-179.7335785,-2.098563119,8.430128595,3.438950597,1.199841996,0.780302648,-0.595713094,-10.29517135,60.01253242,61.76746101,-91.41369323,-57.16190917,65.37976913,65.8816967,1,1
138.3401859,12,1572608469,AUT,FALSE,FALSE,TRUE,471.8940909,-400.0737016,169.9674954,179.9949814,-0.013993173,-179.9992347,0.532501711,-1.809678291,3.901075004,-0.274469346,0.230957068,0.170328013,-74.24494972,63.25826111,61.97424774,-78.1798748,-56.27053894,71.43827248,-8.528995519,0.5,1
138.440866,12,1572608469,AUT,FALSE,TRUE,TRUE,469.8671984,-402.2084668,166.3939551,179.915502,-0.19094921,-179.9612907,-0.345425149,-2.390940141,7.049779041,-0.566701211,0.677549614,0.23341171,-74.32586746,63.43107261,61.68151359,-78.17882423,-56.39800231,71.29808693,-8.628408056,1,1
138.5414979,12,1572608469,AUT,FALSE,TRUE,TRUE,468.5988153,-405.5818789,156.3034249,179.9662666,0.003104087,-179.9762327,-2.812183016,0.254324716,3.199486708,-0.147745842,0.58845173,0.12608113,-74.41474686,64.10908012,61.06012001,-78.17647591,-56.76824707,70.35964507,-8.908744813,1,1
138.6420579,12,1572608469,AUT,FALSE,TRUE,TRUE,468.5988153,-405.5818789,156.3034249,179.9662666,0.003104087,-179.9762327,-2.812183016,0.254324716,3.199486708,-0.147745842,0.58845173,0.12608113,-74.41474686,64.10908012,61.06012001,-78.17647591,-56.76824707,70.35964507,-8.908744813,1,1
138.7425439,12,1572608469,AUT,FALSE,TRUE,TRUE,481.2892968,-402.7810848,149.3534629,179.9708408,0.69212846,179.9447641,-14.39957872,-3.209861729,-1.066417271,-0.764191403,0.294710304,0.156719621,-73.79073715,65.35872001,61.17367744,-77.43625488,-57.61231567,69.64190483,-8.462905888,1,1
138.8431079,12,1572608469,AUT,FALSE,TRUE,TRUE,481.2892968,-402.7810848,149.3534629,179.9708408,0.69212846,179.9447641,-14.39957872,-3.209861729,-1.066417271,-0.764191403,0.294710304,0.156719621,-73.79073715,65.35872001,61.17367744,-77.43625488,-57.61231567,69.64190483,-8.462905888,1,1
138.943625,12,1572608469,AUT,FALSE,TRUE,TRUE,507.2705296,-399.0898023,154.5079734,179.9110318,0.794804749,-179.9393518,-15.02129933,-4.240072664,1.573190999,-0.385248075,0.949108672,0.394978038,-70.93948631,66.91185379,61.85591125,-72.92886314,-58.18656555,71.78630905,-7.926580812,1,1
139.0441048,12,1572608469,AUT,FALSE,TRUE,TRUE,538.8778354,-398.2733706,160.2340519,179.9485687,0.597639527,-179.8168501,-15.02129933,-4.240072664,1.573190999,-0.385248075,0.949108672,0.394978038,-65.66232376,68.49124145,61.71924476,-66.64015846,-58.14909667,74.36938019,-8.678564075,1,1
139.1445799,12,1572608470,AUT,FALSE,TRUE,TRUE,538.8778354,-398.2733706,160.2340519,179.9485687,0.597639527,-179.8168501,-6.05730547,-2.930908227,2.852727651,0.06160791,-0.251154612,0.182521735,-65.66232376,68.49124145,61.71924476,-66.64015846,-58.14909667,74.36938019,-8.678564075,1,1
139.2450809,12,1572608470,AUT,FALSE,TRUE,TRUE,574.9925561,-395.2750558,160.556032,-179.9287798,0.273352683,-179.9772282,-6.05730547,-2.930908227,2.852727651,0.06160791,-0.251154612,0.182521735,-60.26431846,70.87712173,61.27857284,-58.59729423,-58.1174945,77.15582542,-10.07733651,1,1
139.3455479,12,1572608470,AUT,FALSE,TRUE,TRUE,574.9925561,-395.2750558,160.556032,-179.9287798,0.273352683,-179.9772282,3.935153846,1.816904196,3.9100553,0.959094812,-0.946132461,-0.572138037,-60.26431846,70.87712173,61.27857284,-58.59729423,-58.1174945,77.15582542,-10.07733651,1,1
139.4460769,12,1572608470,AUT,FALSE,TRUE,TRUE,600.5323228,-382.1966138,155.6980574,-179.6917403,-0.053877004,179.7146181,10.77925435,11.81412725,-0.653646435,0.959094812,-0.946132461,-0.572138037,-56.00789909,72.77928428,60.93473854,-53.79692459,-58.1830664,78.58259926,-10.23038293,1,1
139.5465529,12,1572608470,AUT,FALSE,TRUE,TRUE,600.5323228,-382.1966138,155.6980574,-179.6917403,-0.053877004,179.7146181,10.77925435,11.81412725,-0.653646435,1.342004102,-0.873517983,-1.696737736,-56.00789909,72.77928428,60.93473854,-53.79692459,-58.1830664,78.58259926,-10.23038293,1,1
139.6470199,12,1572608470,AUT,FALSE,TRUE,TRUE,614.0435261,-351.2282064,154.2801587,-179.6399969,-0.317450936,179.5787998,9.790109867,9.216885589,-2.209629967,1.342004102,-0.873517983,-1.696737736,-53.69823989,72.71603737,61.02713356,-54.65021896,-58.19726623,78.48851852,-7.156089025,1,1
139.7474909,12,1572608470,AUT,FALSE,TRUE,TRUE,614.0435261,-351.2282064,154.2801587,-179.6399969,-0.317450936,179.5787998,9.790109867,9.216885589,-2.209629967,0.655909351,-0.361812988,-1.685336095,-53.69823989,72.71603737,61.02713356,-54.65021896,-58.19726623,78.48851852,-7.156089025,1,1
139.8479619,12,1572608470,AUT,FALSE,TRUE,TRUE,616.4138424,-310.1632731,156.7460259,-179.6917832,-0.39938666,179.6153939,8.330835334,6.70970777,-0.985680131,0.461836544,-0.407846262,-1.457977356,-52.81825561,71.05090141,61.38839493,-59.71137657,-58.0945935,77.27487602,-1.994938663,1,1
139.948441,12,1572608470,AUT,FALSE,TRUE,TRUE,616.4138424,-310.1632731,156.7460259,-179.6917832,-0.39938666,179.6153939,8.330835334,6.70970777,-0.985680131,0.461836544,-0.407846262,-1.457977356,-52.81825561,71.05090141,61.38839493,-59.71137657,-58.0945935,77.27487602,-1.994938663,1,1
140.049051,12,1572608470,AUT,FALSE,TRUE,TRUE,611.1661206,-270.019379,159.0084581,-179.7639951,-0.171680163,179.6592417,-1.253916363,4.873346342,0.566452414,0.427084663,0.177008502,-0.992424618,-52.7072525,69.04077759,61.91055107,-65.818824,-58.03562988,75.49108429,3.394565962,1,1
140.149591,12,1572608471,AUT,FALSE,TRUE,TRUE,603.9326386,-221.7042035,160.3475711,-179.780825,-0.035859293,179.6113226,-1.253916363,4.873346342,0.566452414,0.427084663,0.177008502,-0.992424618,-52.07780456,66.98735732,62.59280548,-72.23055839,-58.03588806,73.45737762,9.579312513,1,1
140.2501519,12,1572608471,AUT,FALSE,TRUE,TRUE,603.9326386,-221.7042035,160.3475711,-179.780825,-0.035859293,179.6113226,-7.689537605,5.844405368,2.170678888,0.419849541,0.953723598,-0.894119087,-52.07780456,66.98735732,62.59280548,-72.23055839,-58.03588806,73.45737762,9.579312513,1,1
140.350785,12,1572608471,AUT,FALSE,TRUE,TRUE,600.1906375,-182.4527249,160.2482213,-179.8243733,0.05314124,179.6042512,-9.116133629,5.825974911,2.891314356,0.486714446,1.160822035,-0.833264816,-50.62593727,65.70711708,62.94451218,-76.21521378,-58.04811584,72.10765228,14.47052879,1,1
140.4517419,12,1572608471,AUT,FALSE,TRUE,TRUE,599.1914762,-141.3255631,158.6548446,-179.8379184,0.093378133,179.6203692,-8.879026506,5.373843741,2.39129609,0.179452024,1.205275646,-0.796894564,-48.22709656,64.84454956,63.01438866,-78.98588333,-58.07415893,71.00062179,19.15975799,1,1
140.5522139,12,1572608471,AUT,FALSE,TRUE,TRUE,599.1914762,-141.3255631,158.6548446,-179.8379184,0.093378133,179.6203692,-8.879026506,5.373843741,2.39129609,0.179452024,1.205275646,-0.796894564,-48.22709656,64.84454956,63.01438866,-78.98588333,-58.07415893,71.00062179,19.15975799,1,1
140.6528108,12,1572608471,AUT,FALSE,TRUE,TRUE,603.0808095,-94.9080303,155.8768621,-179.8726506,0.112175762,179.6731179,-9.648698391,3.289950793,4.059214908,-0.431737565,1.565791739,-0.639667954,-45.1730587,64.54101791,62.85943336,-80.28671951,-58.18364868,70.28298111,24.06889915,1,1
140.7533069,12,1572608471,AUT,FALSE,TRUE,TRUE,609.6276404,-62.9440717,152.6010092,-179.9053095,0.095323763,179.7709698,-4.064921655,0.555447673,3.491452414,-0.572708025,0.70466142,-0.508227539,-40.88865166,64.76404381,62.38023719,-79.85140343,-58.19871643,70.05669364,26.99842071,1,1
140.8537939,12,1572608471,AUT,FALSE,TRUE,TRUE,618.8940711,-39.03644543,148.8543956,179.9713822,0.291890465,179.9088859,-10.39384527,0.063592487,1.897904732,-0.425312405,1.219041759,-0.140812131,-37.67053985,65.30650749,61.69931144,-78.46902809,-58.28084472,69.91890449,28.92173881,1,1
140.9542639,12,1572608471,AUT,FALSE,TRUE,TRUE,618.8940711,-39.03644543,148.8543956,179.9713822,0.291890465,179.9088859,-10.39384527,0.063592487,1.897904732,-0.425312405,1.219041759,-0.140812131,-34.79469337,66.25765571,60.89019241,-75.06279602,-58.28085571,70.63333168,28.84359512,1,1
141.0547318,12,1572608471,AUT,FALSE,TRUE,TRUE,635.6252666,-28.75743304,147.5950851,179.8243402,0.502727355,-179.7585227,-12.44179868,-1.966108068,2.868873174,-0.22638226,0.877787192,0.449294119,-34.79469337,66.25765571,60.89019241,-75.06279602,-58.28085571,70.63333168,28.84359512,1,1
141.1551988,12,1572608472,AUT,FALSE,TRUE,TRUE,659.0964313,-29.90910196,147.6192998,179.8726761,0.589004729,-179.745598,-8.840576159,0.899508393,1.193460072,0.680467515,0.183738474,0.237942593,-32.26668091,67.94128303,60.26228256,-69.53382339,-58.0431665,72.18781471,26.52802048,1,1
141.255738,12,1572608472,AUT,FALSE,TRUE,TRUE,682.3792062,-35.28952895,148.4835984,179.9823333,0.381349186,-179.8645849,-3.098291125,4.867787097,1.72168111,0.902993765,-0.036556032,-0.164244188,-29.96948089,70.06439094,60.16834602,-63.06133461,-58.01713439,74.47324905,23.41720047,1,1
141.356209,12,1572608472,AUT,FALSE,TRUE,TRUE,702.1565995,-36.86277888,149.2399467,-179.8508835,0.230522201,179.9584182,-0.283948461,12.56653292,2.575124806,1.743594062,-0.035524048,-0.678416096,-27.64874268,71.99032516,60.24702529,-57.15090294,-58.09987243,76.53892936,20.78842621,1,1
141.4566588,12,1572608472,AUT,FALSE,TRUE,TRUE,702.1565995,-36.86277888,149.2399467,-179.8508835,0.230522201,179.9584182,-0.283948461,12.56653292,2.575124806,1.743594062,-0.035524048,-0.678416096,-27.64874268,71.99032516,60.24702529,-57.15090294,-58.09987243,76.53892936,20.78842621,1,1
141.5571339,12,1572608472,AUT,FALSE,TRUE,TRUE,717.2396862,-18.41952544,149.5740101,-179.6876596,0.090285118,179.6920826,3.916083708,12.93756226,-0.482150176,1.32863317,-0.770943258,-1.272687208,-25.06705169,73.56882362,60.49730758,-52.45205039,-58.23084045,78.15167427,20.16403198,1,1
141.6575639,12,1572608472,AUT,FALSE,TRUE,TRUE,723.1669388,11.13030577,149.7529517,-179.7818258,0.121045002,179.6797974,0.229140388,8.468704448,-0.108964456,0.484576187,-0.503366551,-1.005456874,-21.21605529,74.14350814,60.50096741,-50.55974121,-58.30473999,78.68665351,21.85684318,1,1
141.7580779,12,1572608472,AUT,FALSE,TRUE,TRUE,723.1669388,11.13030577,149.7529517,-179.7818258,0.121045002,179.6797974,0.229140388,8.468704448,-0.108964456,0.484576187,-0.503366551,-1.005456874,-21.21605529,74.14350814,60.50096741,-50.55974121,-58.30473999,78.68665351,21.85684318,1,1
141.8585999,12,1572608472,AUT,FALSE,TRUE,TRUE,726.1657063,45.27227469,150.8953692,-179.9027,0.089338421,179.8057424,0.352778947,4.362659693,-0.332470937,0.141509387,-0.494192117,-0.561683623,-17.82297935,74.47783584,60.41087951,-49.04881553,-58.32887145,79.23839378,24.07331428,1,1
141.959075,12,1572608472,AUT,FALSE,TRUE,TRUE,726.3092203,71.50133351,153.0512746,179.9942401,-0.19789106,-179.9546729,8.895084166,-1.974669715,-0.539322671,-0.493550745,-1.361773154,0.007795544,-15.13389358,74.65424881,60.358358,-47.81822319,-58.31327636,80.0642704,25.81938171,1,1
142.0595899,12,1572608472,AUT,FALSE,TRUE,TRUE,723.0028087,86.87287987,155.4284354,179.8714969,-0.578949804,-179.7010707,17.62546562,-6.856092121,-1.321073252,-0.452666213,-1.437961876,0.57987945,-13.75036125,74.48989677,60.35371284,-47.74011039,-58.22360046,80.67759246,27.18859062,1,1
142.1605558,12,1572608473,AUT,FALSE,TRUE,TRUE,715.5004385,90.53412275,158.0147386,179.9108337,-0.893136521,-179.5410536,19.85532228,-4.775885746,-0.126482235,0.459262315,-0.873680457,0.472646048,-14.07209244,73.724263,60.37783126,-49.58111686,-57.98967956,80.66345443,28.28933487,1,1
142.261194,12,1572608473,AUT,FALSE,TRUE,TRUE,715.5004385,90.53412275,158.0147386,179.9108337,-0.893136521,-179.5410536,19.85532228,-4.775885746,-0.126482235,0.459262315,-0.873680457,0.472646048,-14.07209244,73.724263,60.37783126,-49.58111686,-57.98967956,80.66345443,28.28933487,1,1
142.3619609,12,1572608473,AUT,FALSE,TRUE,TRUE,700.926874,90.60101037,158.9008015,-179.9547083,-0.934874702,-179.6075186,16.11446134,2.630019373,0.24002924,0.992271656,-0.5073358,-0.065870451,-15.82324104,72.2746067,60.44264717,-54.02145767,-57.61856689,79.32598571,30.13039627,1,1
142.4625618,12,1572608473,AUT,FALSE,TRUE,TRUE,675.9049295,91.62239224,155.2085208,-179.8859214,-0.690969441,-179.6773082,16.11446134,2.630019373,0.24002924,0.992271656,-0.5073358,-0.065870451,-18.70168991,70.10278473,60.53172913,-61.71422882,-57.49314697,76.50033989,33.41297378,1,1
142.5630829,12,1572608473,AUT,FALSE,TRUE,TRUE,675.9049295,91.62239224,155.2085208,-179.8859214,-0.690969441,-179.6773082,3.501166248,4.945796121,1.487871894,0.632247196,0.840232094,-0.523594388,-18.70168991,70.10278473,60.53172913,-61.71422882,-57.49314697,76.50033989,33.41297378,1,1
142.6635549,12,1572608473,AUT,FALSE,TRUE,TRUE,675.9049295,91.62239224,155.2085208,-179.8859214,-0.690969441,-179.6773082,3.501166248,4.945796121,1.487871894,0.632247196,0.840232094,-0.523594388,-22.01494674,67.54425087,60.5767971,-70.82159958,-57.57916442,72.48282852,37.49431572,1,1
142.7640619,12,1572608473,AUT,FALSE,TRUE,TRUE,643.3148343,93.96590242,148.9405967,-179.8132206,-0.133450436,179.9779763,-15.44916813,14.93794625,1.89290813,1.917544333,2.011987444,-1.353088032,-22.01494674,67.54425087,60.5767971,-70.82159958,-57.57916442,72.48282852,37.49431572,1,1
142.8645298,12,1572608473,AUT,FALSE,TRUE,TRUE,628.8232499,108.6485235,150.7881188,-179.7205994,0.129292096,179.7623327,-15.44916813,14.93794625,1.89290813,1.917544333,2.011987444,-1.353088032,-22.25120429,66.41140937,61.03441543,-74.12725181,-57.62861389,71.27290077,40.07985534,1,1
142.96504,12,1572608473,AUT,FALSE,TRUE,TRUE,628.8232499,108.6485235,150.7881188,-179.7205994,0.129292096,179.7623327,-16.13574027,15.39188659,3.16892692,1.054314219,1.665028758,-1.472884854,-22.25120429,66.41140937,61.03441543,-74.12725181,-57.62861389,71.27290077,40.07985534,1,1
143.0655539,12,1572608473,AUT,FALSE,TRUE,TRUE,629.2475317,138.5288574,152.9119075,-179.7477054,0.199971521,179.6834998,-8.906311223,12.60663754,2.951297992,1.054314219,1.665028758,-1.472884854,-19.23696098,66.74137688,61.17368088,-72.75491523,-57.62789428,71.84563522,42.13122596,1,1
143.1660309,12,1572608474,AUT,FALSE,TRUE,TRUE,629.2475317,138.5288574,152.9119075,-179.7477054,0.199971521,179.6834998,-8.906311223,12.60663754,2.951297992,0.664564923,0.907832324,-1.170162672,-19.23696098,66.74137688,61.17368088,-72.75491523,-57.62789428,71.84563522,42.13122596,1,1
143.266499,12,1572608474,AUT,FALSE,TRUE,TRUE,635.9529476,175.8069504,153.7817443,-179.9369197,0.09900926,179.7930122,-2.451338324,5.405284412,1.004917739,0.664564923,0.907832324,-1.170162672,-14.53805694,67.96218109,61.03237953,-68.98012962,-57.68707763,73.30872917,43.87393913,1,1
143.367008,12,1572608474,AUT,FALSE,TRUE,TRUE,635.9529476,175.8069504,153.7817443,-179.9369197,0.09900926,179.7930122,-2.451338324,5.405284412,1.004917739,0.108505743,0.295715328,-0.440039272,-14.53805694,67.96218109,61.03237953,-68.98012962,-57.68707763,73.30872917,43.87393913,1,1
143.4675069,12,1572608474,AUT,FALSE,TRUE,TRUE,641.9150009,205.4493595,157.1551248,-179.9531593,-0.05529317,179.9878224,5.893828627,0.432292294,-0.985364506,0.108505743,0.295715328,-0.440039272,-10.46652031,69.03096886,60.98888397,-64.96230239,-57.67266357,75.02014503,44.6689476,1,1
143.567977,12,1572608474,AUT,FALSE,TRUE,TRUE,641.9150009,205.4493595,157.1551248,-179.9531593,-0.05529317,179.9878224,5.893828627,0.432292294,-0.985364506,-0.359654699,-1.148819128,-0.08564701,-10.46652031,69.03096886,60.98888397,-64.96230239,-57.67266357,75.02014503,44.6689476,1,1
143.6685169,12,1572608474,AUT,FALSE,TRUE,TRUE,634.1553258,227.1576284,161.3838024,179.9651627,-0.472808777,-179.8292041,13.89645253,-0.628225034,-1.496666136,0.047708219,-1.214721927,0.306950286,-8.2449131,68.9558876,61.23088874,-64.36265144,-57.42808593,75.97834854,46.49745369,1,1
143.769038,12,1572608474,AUT,FALSE,TRUE,TRUE,634.1553258,227.1576284,161.3838024,179.9651627,-0.472808777,-179.8292041,13.89645253,-0.628225034,-1.496666136,0.047708219,-1.214721927,0.306950286,-8.2449131,68.9558876,61.23088874,-64.36265144,-57.42808593,75.97834854,46.49745369,1,1
143.8695068,12,1572608474,AUT,FALSE,TRUE,TRUE,614.4788083,240.4960459,162.208365,179.966303,-0.613618721,-179.7042048,10.55856484,0.191612719,1.276877667,0.532917548,-0.205202602,0.301605822,-8.029395675,67.88546562,61.51303138,-67.5615818,-57.30012817,75.21493263,49.48260727,1,1
143.9701118,12,1572608474,AUT,FALSE,TRUE,TRUE,586.8523539,249.354038,159.143367,179.9978128,-0.488623847,-179.6692266,4.314637863,2.838051047,0.571386227,0.964244922,0.099289509,0.12468729,-8.669342419,66.16186866,61.55284309,-73.13975944,-57.22513,73.03274231,53.31175804,1,1
144.070605,12,1572608474,AUT,FALSE,TRUE,TRUE,586.8523539,249.354038,159.143367,179.9978128,-0.488623847,-179.6692266,4.314637863,2.838051047,0.571386227,0.964244922,0.099289509,0.12468729,-8.669342419,66.16186866,61.55284309,-73.13975944,-57.22513,73.03274231,53.31175804,1,1
144.1713219,12,1572608475,AUT,FALSE,TRUE,TRUE,558.1277585,252.950483,155.5281224,-179.9289413,-0.36641109,-179.695475,1.28958713,3.950957272,-0.237947176,0.736510368,0.191431945,-0.343638886,-9.767007063,64.23366508,61.59244194,-79.19956741,-57.20386596,70.59025154,56.87706871,1,1
144.272085,12,1572608475,AUT,FALSE,TRUE,TRUE,558.1277585,252.950483,155.5281224,-179.9289413,-0.36641109,-179.695475,1.28958713,3.950957272,-0.237947176,0.736510368,0.191431945,-0.343638886,-10.78020401,62.42986106,61.93504714,-84.79124794,-57.19396728,68.44848404,60.34799309,1,1
144.372565,12,1572608475,AUT,FALSE,TRUE,TRUE,528.6876326,255.8475419,153.3223556,-179.8795316,-0.401906087,-179.7940157,-0.714459931,6.773756146,0.894568943,0.854782455,0.454147206,-0.568770779,-10.78020401,62.42986106,61.93504714,-84.79124794,-57.19396728,68.44848404,60.34799309,1,1
144.473079,12,1572608475,AUT,FALSE,TRUE,TRUE,501.362516,260.2181828,152.2899528,-179.8594489,-0.284546133,-179.856354,-2.31367158,8.92227552,1.38756363,1.047696358,0.870912463,-0.703079529,-11.29750557,60.72948303,62.30102577,-89.60476684,-57.28016601,66.52870216,63.75612373,1,1
144.5735478,12,1572608475,AUT,FALSE,TRUE,TRUE,501.362516,260.2181828,152.2899528,-179.8594489,-0.284546133,-179.856354,-2.31367158,8.92227552,1.38756363,1.047696358,0.870912463,-0.703079529,-11.29750557,60.72948303,62.30102577,-89.60476684,-57.28016601,66.52870216,63.75612373,1,1
144.6740229,12,1572608475,AUT,FALSE,TRUE,TRUE,477.8418707,266.6418488,152.3218731,-179.8731614,-0.172988297,-179.8515729,-3.051081856,6.906213811,2.286952297,0.67686441,0.796241689,-0.717881992,-11.19103431,59.44427833,62.56371231,-93.2353466,-57.25361206,65.08982277,66.85250702,1,1
149.980123,13,1572608480,AUT,FALSE,FALSE,TRUE,471.973571,-399.9744583,169.9874694,-179.9900768,-0.008543781,179.9985051,-0.086363969,-1.026527225,5.019070256,-0.120779709,0.477183968,0.161738989,-74.50210189,63.70691184,62.71935424,-78.18177681,-56.98552368,71.85911407,-8.239375306,0.5,1
150.0808539,13,1572608481,AUT,FALSE,TRUE,TRUE,467.7643236,-403.478808,166.8961976,179.9127002,-0.246216245,-179.9104353,-0.425788615,-2.697196371,7.826362091,-0.690289729,1.046321103,0.07320401,-74.77950668,63.70966873,62.30809479,-78.31202659,-56.98774841,71.68502197,-8.5252533,1,1
150.1814799,13,1572608481,AUT,FALSE,TRUE,TRUE,467.7643236,-403.478808,166.8961976,179.9127002,-0.246216245,-179.9104353,-0.425788615,-2.697196371,7.826362091,-0.690289729,1.046321103,0.07320401,-74.89337654,64.41207618,61.75521126,-78.20626259,-57.27564514,70.49708748,-8.914526369,1,1
150.282084,13,1572608481,AUT,FALSE,TRUE,TRUE,468.5101682,-406.853707,157.700068,179.9411485,0.364471644,-179.9641983,-13.93827922,-0.903209946,4.390871394,-0.198015452,1.269971912,0.143720534,-74.89337654,64.41207618,61.75521126,-78.20626259,-57.27564514,70.49708748,-8.914526369,1,1
150.382617,13,1572608481,AUT,FALSE,TRUE,TRUE,468.5101682,-406.853707,157.700068,179.9411485,0.364471644,-179.9641983,-13.93827922,-0.903209946,4.390871394,-0.198015452,1.269971912,0.143720534,-72.5720993,66.62688217,61.78272514,-75.51699829,-58.59756958,70.69727898,-8.270676044,1,1
150.4830699,13,1572608481,AUT,FALSE,TRUE,TRUE,488.0881606,-404.4597138,147.1425707,-179.9882214,0.599737089,179.9980006,-13.84820237,-2.174184448,3.424282295,-0.373209889,0.837716092,0.058595499,-72.5720993,66.62688217,61.78272514,-75.51699829,-58.59756958,70.69727898,-8.270676044,1,1
150.58354,13,1572608481,AUT,FALSE,TRUE,TRUE,517.1446768,-401.1015664,140.3388815,-179.9943543,0.674326931,179.9742771,-9.869112643,-1.466987318,1.335489149,0.096007679,0.528691505,-0.074013127,-68.85135269,68.97440643,61.74770622,-70.91785698,-59.43526062,71.93103676,-8.078068544,1,1
150.6840088,13,1572608481,AUT,FALSE,TRUE,TRUE,517.1446768,-401.1015664,140.3388815,-179.9943543,0.674326931,179.9742771,-9.869112643,-1.466987318,1.335489149,0.096007679,0.528691505,-0.074013127,-68.85135269,68.97440643,61.74770622,-70.91785698,-59.43526062,71.93103676,-8.078068544,1,1
150.784481,13,1572608481,AUT,FALSE,TRUE,TRUE,557.2904547,-395.6154783,139.4393821,-179.9764284,0.589518385,179.9781536,-9.869112643,-1.466987318,1.335489149,0.096007679,0.528691505,-0.074013127,-64.13444138,71.62109528,61.69017219,-63.20410194,-59.80600524,74.37208214,-8.63064995,1,1
150.885006,13,1572608481,AUT,FALSE,TRUE,TRUE,557.2904547,-395.6154783,139.4393821,-179.9764284,0.589518385,179.9781536,-2.979440131,1.348398544,-0.169002872,-0.18163216,-0.406075837,-0.134575588,-64.13444138,71.62109528,61.69017219,-63.20410194,-59.80600524,74.37208214,-8.63064995,1,1
150.9855449,13,1572608481,AUT,FALSE,TRUE,TRUE,592.0546274,-386.8593159,144.4674163,-179.8871248,0.213861342,179.9283718,10.16001827,3.558083298,-0.794184246,0.357767947,-1.852362705,-0.536341889,-57.77177467,73.45290756,61.66984062,-55.98003158,-59.72529418,77.26529045,-9.499486544,1,1
151.0860109,13,1572608482,AUT,FALSE,TRUE,TRUE,592.0546274,-386.8593159,144.4674163,-179.8871248,0.213861342,179.9283718,10.16001827,3.558083298,-0.794184246,0.357767947,-1.852362705,-0.536341889,-57.77177467,73.45290756,61.66984062,-55.98003158,-59.72529418,77.26529045,-9.499486544,1,1
151.1863959,13,1572608482,AUT,FALSE,TRUE,TRUE,610.6221555,-371.4427486,150.4545649,-179.675835,-0.09030122,179.7784211,10.4148551,10.67469964,-0.516145486,1.333568946,-1.709984079,-1.418319758,-54.65641937,73.90000648,61.76947288,-52.9247406,-59.46289672,78.83393211,-9.110292438,1,1
151.28685,13,1572608482,AUT,FALSE,TRUE,TRUE,610.6221555,-371.4427486,150.4545649,-179.675835,-0.09030122,179.7784211,10.4148551,10.67469964,-0.516145486,1.333568946,-1.709984079,-1.418319758,-52.84942245,73.35800628,61.90074234,-53.78451347,-59.2036798,79.19418754,-6.652956394,1,1
151.3873279,13,1572608482,AUT,FALSE,TRUE,TRUE,620.1694486,-346.2080345,154.2516296,-179.6444527,-0.393468062,179.6571622,12.35972937,8.064154347,-2.204437661,0.890802131,-0.812136333,-1.658416978,-52.84942245,73.35800628,61.90074234,-53.78451347,-59.2036798,79.19418754,-6.652956394,1,1
151.487792,13,1572608482,AUT,FALSE,TRUE,TRUE,622.6187584,-302.0967554,154.9402705,-179.6847703,-0.322120886,179.6321154,3.384264415,7.125592538,2.040367137,0.890802131,-0.812136333,-1.658416978,-51.99540367,71.68673858,62.14521904,-59.24210586,-58.99982299,77.58826103,-1.133037188,1,1
151.588305,13,1572608482,AUT,FALSE,TRUE,TRUE,622.6187584,-302.0967554,154.9402705,-179.6847703,-0.322120886,179.6321154,3.384264415,7.125592538,2.040367137,0.802648263,0.102124985,-1.371146689,-51.99540367,71.68673858,62.14521904,-59.24210586,-58.99982299,77.58826103,-1.133037188,1,1
151.688813,13,1572608482,AUT,FALSE,TRUE,TRUE,618.3318019,-245.1735132,150.0858664,-179.7670002,-0.163390379,179.5942095,-3.452862626,5.171270736,1.221406522,0.285805806,0.541505986,-0.944005649,-51.13856277,69.81686897,62.35916061,-66.63897056,-59.05847351,74.81389389,6.225691219,1,1
151.7892859,13,1572608482,AUT,FALSE,TRUE,TRUE,618.3318019,-245.1735132,150.0858664,-179.7670002,-0.163390379,179.5942095,-3.452862626,5.171270736,1.221406522,0.285805806,0.541505986,-0.944005649,-51.13856277,69.81686897,62.35916061,-66.63897056,-59.05847351,74.81389389,6.225691219,1,1
151.8897989,13,1572608482,AUT,FALSE,TRUE,TRUE,612.819522,-179.6078259,145.5047519,-179.8190546,0.009531699,179.5768936,-7.710075071,4.671810938,1.088185073,0.014726995,0.993447701,-0.64999292,-49.36908416,68.25867805,62.45800666,-72.62274284,-59.23713867,72.09533043,14.43089561,1,1
151.99035,13,1572608482,AUT,FALSE,TRUE,TRUE,612.819522,-179.6078259,145.5047519,-179.8190546,0.009531699,179.5768936,-7.710075071,4.671810938,1.088185073,0.014726995,0.993447701,-0.64999292,-46.42461433,66.93721161,62.71413574,-76.57904663,-59.30040893,71.20725059,19.25367736,1,1
152.0908589,13,1572608483,AUT,FALSE,TRUE,TRUE,611.6208845,-137.5002923,146.5587686,-179.8407415,0.056219639,179.6596024,-7.399967972,3.20084838,2.061875569,-0.118607189,0.983689094,-0.47815987,-46.42461433,66.93721161,62.71413574,-76.57904663,-59.30040893,71.20725059,19.25367736,1,1
152.191931,13,1572608483,AUT,FALSE,TRUE,TRUE,613.3578356,-99.77189717,149.7383767,-179.9163901,0.154940084,179.8078097,-9.885217812,2.316701271,2.707290265,0.371952673,1.426113761,-0.3544421,-43.61934128,66.22516365,62.92429046,-77.91883621,-59.23345825,70.96151046,23.31144333,1,1
152.2924109,13,1572608483,AUT,FALSE,TRUE,TRUE,623.652112,-64.38695079,153.9952012,-179.991981,0.480313676,179.9843943,-9.885217812,2.316701271,2.707290265,0.371952673,1.426113761,-0.3544421,-39.75396309,66.00530319,62.82159919,-77.03849487,-59.11426757,71.18186531,26.37197342,1,1
152.39288,13,1572608483,AUT,FALSE,TRUE,TRUE,623.652112,-64.38695079,153.9952012,-179.991981,0.480313676,179.9843943,-14.50831516,-1.649275655,3.410199737,-0.566798238,1.017503359,-0.178907482,-39.75396309,66.00530319,62.82159919,-77.03849487,-59.11426757,71.18186531,26.37197342,1,1
152.4933538,13,1572608483,AUT,FALSE,TRUE,TRUE,646.7649024,-47.53760038,159.1909386,179.913829,0.664875967,-179.9076321,-14.38551049,2.330042886,2.84812199,0.646266657,0.951695973,0.09866032,-35.80393524,66.96861877,62.33829689,-72.1536026,-58.7087622,72.79912491,26.09143066,1,1
152.5938199,13,1572608483,AUT,FALSE,TRUE,TRUE,671.0632037,-42.70651604,161.3184046,179.9813514,0.587930159,-179.916046,-10.05231364,4.163512974,4.088406797,0.526552286,0.581203506,-0.162333536,-32.51514701,68.67124901,61.91032104,-66.04279747,-58.51519958,74.84107132,24.07000122,1,1
152.694293,13,1572608483,AUT,FALSE,TRUE,TRUE,671.0632037,-42.70651604,161.3184046,179.9813514,0.587930159,-179.916046,-10.05231364,4.163512974,4.088406797,0.526552286,0.581203506,-0.162333536,-32.51514701,68.67124901,61.91032104,-66.04279747,-58.51519958,74.84107132,24.07000122,1,1
152.794836,13,1572608483,AUT,FALSE,TRUE,TRUE,693.6485763,-39.05829327,160.671084,-179.9177816,0.381964643,179.924241,-2.984128784,7.246197293,3.883514695,0.88471411,0.154414132,-0.508704534,-29.37001876,70.73610534,61.64012947,-59.69380874,-58.51940734,76.8579174,21.76938514,1,1
152.895323,13,1572608483,AUT,FALSE,TRUE,TRUE,710.7777569,-26.68570384,157.3178333,-179.7840067,0.123135329,179.7209463,7.941204989,8.413335048,-0.449874811,0.848508065,-1.207256915,-0.972293545,-26.09302711,72.71777458,61.60940895,-54.39672318,-58.75424011,78.46298218,20.53335456,1,1
152.9958029,13,1572608483,AUT,FALSE,TRUE,TRUE,719.843581,2.314569834,153.0377414,-179.7015433,-0.032738266,179.6541954,7.057639699,11.33554282,-1.218940009,1.068765966,-0.848134976,-1.1158837,-22.65207824,73.99061966,61.62615623,-51.49146766,-59.06686157,79.19869537,21.62808723,1,1
153.0962629,13,1572608484,AUT,FALSE,TRUE,TRUE,719.843581,2.314569834,153.0377414,-179.7015433,-0.032738266,179.6541954,7.057639699,11.33554282,-1.218940009,1.068765966,-0.848134976,-1.1158837,-22.65207824,73.99061966,61.62615623,-51.49146766,-59.06686157,79.19869537,21.62808723,1,1
153.1967728,13,1572608484,AUT,FALSE,TRUE,TRUE,722.0905096,45.18553409,152.7282479,-179.8859781,-0.149976456,179.8562419,11.51907282,-1.727972412,-2.390201592,-0.549036856,-1.493656585,-0.062868198,-18.59666748,74.46297683,61.5872097,-50.10825806,-59.27302551,79.68284225,24.71754226,1,1
153.2972739,13,1572608484,AUT,FALSE,TRUE,TRUE,722.0905096,45.18553409,152.7282479,-179.8859781,-0.149976456,179.8562419,11.51907282,-1.727972412,-2.390201592,-0.549036856,-1.493656585,-0.062868198,-18.59666748,74.46297683,61.5872097,-50.10825806,-59.27302551,79.68284225,24.71754226,1,1
153.397804,13,1572608484,AUT,FALSE,TRUE,TRUE,714.9241442,76.57673674,159.1511948,179.9360664,-0.634270923,-179.7639883,17.35832188,-4.620879704,-0.801359754,-0.304809369,-1.324093886,0.393025988,-16.06923866,73.76550979,61.59050559,-50.68091011,-58.98637573,80.48648186,27.7646759,1,1
153.4982669,13,1572608484,AUT,FALSE,TRUE,TRUE,714.9241442,76.57673674,159.1511948,179.9360664,-0.634270923,-179.7639883,17.35832188,-4.620879704,-0.801359754,-0.304809369,-1.324093886,0.393025988,-16.06923866,73.76550979,61.59050559,-50.68091011,-58.98637573,80.48648186,27.7646759,1,1
153.5987298,13,1572608484,AUT,FALSE,TRUE,TRUE,700.8478908,87.08678381,163.8362777,-179.9806038,-0.843306836,-179.707487,15.05590297,-1.968259403,-1.959932506,0.340843904,-0.750180081,0.064543635,-16.61520424,72.28939018,61.67185936,-54.24693832,-58.46406372,79.93985023,30.11600074,1,1
153.6992018,13,1572608484,AUT,FALSE,TRUE,TRUE,700.8478908,87.08678381,163.8362777,-179.9806038,-0.843306836,-179.707487,15.05590297,-1.968259403,-1.959932506,0.340843904,-0.750180081,0.064543635,-18.56163483,70.00118866,61.79348488,-61.20510521,-58.03214172,77.58125724,33.91872253,1,1
153.799731,13,1572608484,AUT,FALSE,TRUE,TRUE,676.3803446,98.1872513,164.0551,-179.8861351,-0.483895153,-179.7682593,-0.089725125,6.374738867,3.39307678,1.660503706,1.177614144,-0.365112442,-18.56163483,70.00118866,61.79348488,-61.20510521,-58.03214172,77.58125724,33.91872253,1,1
153.9003079,13,1572608484,AUT,FALSE,TRUE,TRUE,646.3620828,106.8697735,160.4949732,-179.7517156,-0.137719182,-179.9826542,-10.94828307,10.74800886,2.446801961,1.513082377,1.452283376,-1.165213281,-20.83900108,67.60567131,61.89574356,-69.32851982,-57.89128051,74.27465057,38.08832588,1,1
154.001147,13,1572608484,AUT,FALSE,TRUE,TRUE,646.3620828,106.8697735,160.4949732,-179.7517156,-0.137719182,-179.9826542,-10.94828307,10.74800886,2.446801961,1.513082377,1.452283376,-1.165213281,-20.83900108,67.60567131,61.89574356,-69.32851982,-57.89128051,74.27465057,38.08832588,1,1
154.1018069,13,1572608485,AUT,FALSE,TRUE,TRUE,632.1406191,121.4602367,158.1437507,-179.7320234,-0.022603069,179.7820869,-12.51345484,14.06245014,2.26216841,1.099502327,1.704456714,-1.458981682,-20.86995849,66.81604614,62.08669281,-72.4703762,-57.93221557,72.92197265,40.68434028,1,1
154.2022738,13,1572608485,AUT,FALSE,TRUE,TRUE,632.1406191,121.4602367,158.1437507,-179.7320234,-0.022603069,179.7820869,-12.51345484,14.06245014,2.26216841,1.099502327,1.704456714,-1.458981682,-18.91003189,66.75416564,62.18050918,-73.00019874,-58.11080932,72.5709835,43.12415657,1,1
154.3027389,13,1572608485,AUT,FALSE,TRUE,TRUE,625.9343928,145.6402752,157.3923015,-179.7325094,0.161099524,179.6808681,-8.996914619,10.16320898,2.085483465,0.364847549,0.982249661,-1.272544174,-18.91003189,66.75416564,62.18050918,-73.00019874,-58.11080932,72.5709835,43.12415657,1,1
154.4032009,13,1572608485,AUT,FALSE,TRUE,TRUE,626.8211258,180.5814818,158.8001457,-179.7863883,0.155744648,179.701478,-8.996914619,10.16320898,2.085483465,0.364847549,0.982249661,-1.272544174,-15.07564544,67.38590011,62.11784248,-70.79126014,-58.14036254,73.36057434,45.20127639,1,1
154.5036709,13,1572608485,AUT,FALSE,TRUE,TRUE,626.8211258,180.5814818,158.8001457,-179.7863883,0.155744648,179.701478,-6.213978237,6.706077473,1.016793325,-0.374567372,0.623480709,-1.049789302,-15.07564544,67.38590011,62.11784248,-70.79126014,-58.14036254,73.36057434,45.20127639,1,1
154.6041849,13,1572608485,AUT,FALSE,TRUE,TRUE,630.8503395,207.6937532,160.7768193,-179.8808976,0.059162484,179.8443663,-1.510791177,3.422474312,1.744878792,-0.040382733,0.14365766,-0.63097392,-11.50717277,68.25105286,62.02262191,-67.59687194,-58.13952758,74.66606254,46.27063408,1,1
154.7046928,13,1572608485,AUT,FALSE,TRUE,TRUE,630.8503395,207.6937532,160.7768193,-179.8808976,0.059162484,179.8443663,-1.510791177,3.422474312,1.744878792,-0.040382733,0.14365766,-0.63097392,-11.50717277,68.25105286,62.02262191,-67.59687194,-58.13952758,74.66606254,46.27063408,1,1
154.805197,13,1572608485,AUT,FALSE,TRUE,TRUE,631.3817669,226.3106962,161.1422655,-179.9788018,-0.268430624,-179.9707343,10.79029155,-1.785320589,-0.576367274,-0.611298887,-1.074256144,-0.195332042,-8.931225581,68.923526,61.9258255,-65.45806389,-58.0811737,75.71184425,47.04123229,1,1
154.9056718,13,1572608485,AUT,FALSE,TRUE,TRUE,620.2643203,243.3051762,158.3416434,-179.9992223,-0.598222686,-179.883472,11.8307452,-0.258837149,1.309777038,-0.02743226,-0.327109628,0.003660542,-7.747943113,68.99586067,61.95233688,-65.7853157,-58.07255493,75.79584503,49.08650894,1,1
155.0061378,13,1572608485,AUT,FALSE,TRUE,TRUE,620.2643203,243.3051762,158.3416434,-179.9992223,-0.598222686,-179.883472,11.8307452,-0.258837149,1.309777038,-0.02743226,-0.327109628,0.003660542,-7.747943113,68.99586067,61.95233688,-65.7853157,-58.07255493,75.79584503,49.08650894,1,1
155.106631,13,1572608486,AUT,FALSE,TRUE,TRUE,601.5242235,254.5693623,153.0356545,-179.9888361,-0.699581184,-179.7624076,9.977745311,-1.038283666,0.125382264,-0.055003099,0.13930044,0.178687513,-7.364283369,68.33472061,61.95438308,-69.4599472,-58.25348327,74.34883575,51.97581367,1,1
155.207176,13,1572608486,AUT,FALSE,TRUE,TRUE,579.0538824,261.2135425,147.9836239,-179.9990929,-0.597934924,-179.6795257,3.671827338,0.237359744,0.272381546,0.10214355,0.670786069,0.065827791,-7.807719037,67.23560714,61.89578476,-73.93091583,-58.49395202,72.50265541,55.22763977,1,1
155.3076479,13,1572608486,AUT,FALSE,TRUE,TRUE,555.4904895,263.9654936,145.6421665,-179.9176632,-0.559576097,-179.6645883,4.493478245,4.752604002,-0.990761529,0.915756097,0.205561526,-0.147296088,-8.636376569,65.79960479,61.97458762,-78.68747749,-58.54389587,70.70347252,58.19474487,1,1
155.408124,13,1572608486,AUT,FALSE,TRUE,TRUE,555.4904895,263.9654936,145.6421665,-179.9176632,-0.559576097,-179.6645883,4.493478245,4.752604002,-0.990761529,0.915756097,0.205561526,-0.147296088,-9.5094635,64.12900657,62.32593384,-83.28609009,-58.54083068,69.12008171,61.14064636,1,1
155.508594,13,1572608486,AUT,FALSE,TRUE,TRUE,531.8506225,265.9767176,146.6749183,-179.9335505,-0.417491198,-179.6967079,1.272193091,6.961595501,0.161777159,1.081239372,0.521628242,-0.428352536,-9.5094635,64.12900657,62.32593384,-83.28609009,-58.54083068,69.12008171,61.14064636,1,1
155.609102,13,1572608486,AUT,FALSE,TRUE,TRUE,502.9573543,267.1984444,150.6715736,-179.9069965,-0.28340702,-179.7268024,-0.961685823,4.510815395,0.11766568,0.313746028,0.568121001,-0.636624444,-10.54058876,61.86707954,62.95654907,-88.60408401,-58.32359252,67.45680999,64.50473213,1,1
155.7096698,13,1572608486,AUT,FALSE,TRUE,TRUE,484.5795178,267.2841706,153.5477907,-179.8587387,-0.216161048,-179.7431281,-1.994803279,7.787105429,2.684519312,1.233876427,0.484416786,-0.636186976,-11.17643623,60.32621613,63.39164543,-91.89800148,-58.05811889,66.3977108,66.48694381,1,1
163.400388,14,1572608494,AUT,FALSE,FALSE,TRUE,472.6063697,-399.5371077,170.2955438,-179.9383479,0.048014051,-179.9921283,-24.24804799,-0.498781569,7.53271599,0.017345044,2.494162159,0.395215194,-74.76182556,64.23123092,63.61476402,-78.17187538,-57.82059997,72.33976593,-7.898098756,0.5,1
163.5017018,14,1572608494,AUT,FALSE,TRUE,TRUE,477.6067078,-398.9400142,169.1074214,179.9314327,0.452474416,-179.9739575,-15.68164422,-4.709864288,5.915337187,-0.64248946,1.1121199,0.547503601,-74.31834526,64.42610092,63.485606,-77.74049377,-57.82808166,71.96582908,-7.698882294,1,1
163.6022298,14,1572608494,AUT,FALSE,TRUE,TRUE,490.4745314,-398.7642148,163.804975,179.9651603,0.49980751,-179.9023027,-11.10199804,-4.383347143,4.712009687,-0.74120757,0.617373144,0.256828266,-72.55185699,65.55435562,63.12031403,-75.69107323,-58.3096289,72.24327507,-7.625860981,1,1
163.7027118,14,1572608494,AUT,FALSE,TRUE,TRUE,506.1835978,-400.437733,157.7606043,-179.9948211,0.541460089,-179.8440299,-8.587597139,-0.558036006,2.608574458,0.109546151,0.640788693,0.307650197,-70.3784832,67.13333129,62.79944801,-72.69953041,-58.91243225,72.78560829,-7.874663544,1,1
163.8031919,14,1572608494,AUT,FALSE,TRUE,TRUE,506.1835978,-400.437733,157.7606043,-179.9948211,0.541460089,-179.8440299,-8.587597139,-0.558036006,2.608574458,0.109546151,0.640788693,0.307650197,-70.3784832,67.13333129,62.79944801,-72.69953041,-58.91243225,72.78560829,-7.874663544,1,1
163.903661,14,1572608494,AUT,FALSE,TRUE,TRUE,524.9300818,-403.0923437,153.1593482,-179.9725008,0.584458268,-179.9079854,-4.239708727,-2.34820556,1.286162094,-0.52442499,-0.666567319,0.182890828,-67.85870361,68.93954887,62.67890739,-68.75190239,-59.43956176,73.80728188,-8.543497469,1,1
164.0041358,14,1572608494,AUT,FALSE,TRUE,TRUE,543.127333,-406.0042816,151.7346389,-179.9458352,0.559835375,-179.9361284,-1.253750437,0.155096152,-1.560992131,-0.054579812,-0.905327396,0.073511847,-65.26645889,70.51853828,62.65251274,-64.47954254,-59.7804071,75.12107849,-9.471169281,1,1
164.1047468,14,1572608495,AUT,FALSE,TRUE,TRUE,560.6873931,-407.6252974,153.0565214,-179.92544,0.475159072,-179.996607,-0.938309333,1.897349532,-0.647310149,0.140579158,-0.274954812,-0.075935628,-62.64967689,71.79146233,62.64033164,-60.15789528,-59.86899536,76.64494743,-10.49214249,1,1
164.2052629,14,1572608495,AUT,FALSE,TRUE,TRUE,560.6873931,-407.6252974,153.0565214,-179.92544,0.475159072,-179.996607,-0.938309333,1.897349532,-0.647310149,0.140579158,-0.274954812,-0.075935628,-62.64967689,71.79146233,62.64033164,-60.15789528,-59.86899536,76.64494743,-10.49214249,1,1
164.305716,14,1572608495,AUT,FALSE,TRUE,TRUE,577.3057005,-405.2326439,156.2485408,-179.8405428,0.388578286,179.969683,-0.958786502,5.901128024,0.055984756,0.705203168,-0.480138442,-0.353518778,-60.12031173,72.68247413,62.66585426,-56.43268547,-59.86288146,78.05421181,-11.15594674,1,1
164.4061859,14,1572608495,AUT,FALSE,TRUE,TRUE,596.2857091,-390.917183,161.1219944,-179.6801283,0.228461973,179.8004775,4.974148424,7.953729211,0.313536371,1.272190642,-0.50960752,-1.180837423,-57.20307769,73.18063888,62.81448211,-53.62683219,-59.7247998,79.41783485,-10.69353218,1,1
164.5066409,14,1572608495,AUT,FALSE,TRUE,TRUE,596.2857091,-390.917183,161.1219944,-179.6801283,0.228461973,179.8004775,4.974148424,7.953729211,0.313536371,1.272190642,-0.50960752,-1.180837423,-57.20307769,73.18063888,62.81448211,-53.62683219,-59.7247998,79.41783485,-10.69353218,1,1
164.6071339,14,1572608495,AUT,FALSE,TRUE,TRUE,612.4697341,-361.6999144,163.9566791,-179.6096579,0.037652489,179.7161291,3.40264879,7.879895322,-0.238199848,0.809969915,-0.043668785,-1.399396022,-54.65745621,72.97599449,63.02405319,-53.75975647,-59.67450439,79.80505829,-8.000872425,1,1
164.7076778,14,1572608495,AUT,FALSE,TRUE,TRUE,612.4697341,-361.6999144,163.9566791,-179.6096579,0.037652489,179.7161291,3.40264879,7.879895322,-0.238199848,0.809969915,-0.043668785,-1.399396022,-54.65745621,72.97599449,63.02405319,-53.75975647,-59.67450439,79.80505829,-8.000872425,1,1
164.808203,14,1572608495,AUT,FALSE,TRUE,TRUE,625.7342158,-315.7995455,163.0305726,-179.6509948,-0.121933952,179.7123689,5.732700922,5.205575389,1.065099522,0.56339383,-0.202650984,-1.407660647,-52.15109711,72.15714569,63.07591896,-56.82221946,-59.57505065,79.01853333,-2.919252781,1,1
164.9087179,14,1572608495,AUT,FALSE,TRUE,TRUE,625.7342158,-315.7995455,163.0305726,-179.6509948,-0.121933952,179.7123689,5.732700922,5.205575389,1.065099522,0.56339383,-0.202650984,-1.407660647,-52.15109711,72.15714569,63.07591896,-56.82221946,-59.57505065,79.01853333,-2.919252781,1,1
165.0092659,14,1572608495,AUT,FALSE,TRUE,TRUE,628.8533852,-275.1798922,159.9927464,-179.6402432,-0.238207203,179.690135,6.254120086,7.207574336,-0.934297604,0.774695876,-0.242284944,-1.29163999,-50.78052177,71.18413124,63.15072899,-60.81728439,-59.54230041,77.70792961,1.930139919,1,1
165.1097748,14,1572608496,AUT,FALSE,TRUE,TRUE,628.8533852,-275.1798922,159.9927464,-179.6402432,-0.238207203,179.690135,6.254120086,7.207574336,-0.934297604,0.774695876,-0.242284944,-1.29163999,-49.79919891,69.64108772,63.4531723,-66.78368454,-59.55354492,75.78107185,7.9970993,1,1
165.210546,14,1572608496,AUT,FALSE,TRUE,TRUE,623.0907906,-217.7441097,157.4531392,-179.6992071,-0.1484756,179.6537586,1.085657384,5.497846146,-0.577041403,0.340639543,0.212131665,-0.992555697,-49.79919891,69.64108772,63.4531723,-66.78368454,-59.55354492,75.78107185,7.9970993,1,1
165.3111629,14,1572608496,AUT,FALSE,TRUE,TRUE,615.0520586,-171.0475446,159.386414,-179.7797226,0.051758609,179.7155858,-5.743837696,2.957122302,-0.799974407,0.00441159,0.554361555,-0.667323331,-48.50354347,67.49067535,64.06477775,-73.53772544,-59.58969543,73.69037361,15.33885727,1,1
165.4117439,14,1572608496,AUT,FALSE,TRUE,TRUE,615.0520586,-171.0475446,159.386414,-179.7797226,0.051758609,179.7155858,-5.743837696,2.957122302,-0.799974407,0.00441159,0.554361555,-0.667323331,-48.50354347,67.49067535,64.06477775,-73.53772544,-59.58969543,73.69037361,15.33885727,1,1
165.512207,14,1572608496,AUT,FALSE,TRUE,TRUE,609.3570589,-128.0938139,162.2007634,-179.7945479,0.119977255,179.8063966,-8.466065175,3.349171198,2.996035422,0.370010641,0.958686909,-0.67801719,-46.60899238,66.00479507,64.47586899,-77.38256263,-59.46803283,72.64270706,20.50550423,1,1
165.6126809,14,1572608496,AUT,FALSE,TRUE,TRUE,609.3570589,-128.0938139,162.2007634,-179.7945479,0.119977255,179.8063966,-8.466065175,3.349171198,2.996035422,0.370010641,0.958686909,-0.67801719,-44.02676239,65.4110939,64.34924812,-79.10780411,-59.4188031,71.83615608,24.39464035,1,1
165.7131779,14,1572608496,AUT,FALSE,TRUE,TRUE,608.8013866,-92.55860687,160.5079286,-179.805545,0.17913224,179.8423015,-14.0286462,4.950161176,6.298865558,0.242425972,2.011354011,-0.74755799,-44.02676239,65.4110939,64.34924812,-79.10780411,-59.4188031,71.83615608,24.39464035,1,1
165.813643,14,1572608496,AUT,FALSE,TRUE,TRUE,622.3320865,-64.47881984,154.1868038,-179.8991884,0.505145201,-179.9895459,-14.41138224,1.279396271,4.830395811,0.117468005,1.490831478,-0.375591368,-40.13615341,66.06421051,63.34925194,-77.41517143,-59.54821105,71.36978302,26.57913093,1,1
165.9141879,14,1572608496,AUT,FALSE,TRUE,TRUE,622.3320865,-64.47881984,154.1868038,-179.8991884,0.505145201,-179.9895459,-14.41138224,1.279396271,4.830395811,0.117468005,1.490831478,-0.375591368,-40.13615341,66.06421051,63.34925194,-77.41517143,-59.54821105,71.36978302,26.57913093,1,1
166.014657,14,1572608496,AUT,FALSE,TRUE,TRUE,646.2029533,-57.18909989,148.1264619,-179.9903836,0.644800824,-179.8562058,-12.71047682,0.470423942,4.1407725,-0.069533822,1.005241597,-0.12868972,-36.62235832,67.88572311,62.16016388,-72.23802909,-59.57158447,72.16586952,25.48027496,1,1
166.115169,14,1572608497,AUT,FALSE,TRUE,TRUE,646.2029533,-57.18909989,148.1264619,-179.9903836,0.644800824,-179.8562058,-12.71047682,0.470423942,4.1407725,-0.069533822,1.005241597,-0.12868972,-36.62235832,67.88572311,62.16016388,-72.23802909,-59.57158447,72.16586952,25.48027496,1,1
166.2156398,14,1572608497,AUT,FALSE,TRUE,TRUE,676.4046658,-55.36765594,144.3212521,-179.8725848,0.50935371,-179.9792235,-4.012734993,4.697519368,0.677821992,0.542372888,0.109152767,-0.564407307,-32.82536659,70.67787781,61.62167244,-64.52559242,-59.63466796,74.31669044,22.57111931,1,1
166.3161318,14,1572608497,AUT,FALSE,TRUE,TRUE,699.2869904,-43.08679672,146.7419443,-179.7060164,0.191865295,179.8033283,-4.012734993,4.697519368,0.677821992,0.542372888,0.109152767,-0.564407307,-29.10807724,72.79557151,61.98175278,-57.88568572,-59.79338195,76.87908668,20.8112812,1,1
166.4165969,14,1572608497,AUT,FALSE,TRUE,TRUE,699.2869904,-43.08679672,146.7419443,-179.7060164,0.191865295,179.8033283,7.790263129,11.10649306,-4.071845328,1.236528183,-1.306445035,-0.991572343,-29.10807724,72.79557151,61.98175278,-57.88568572,-59.79338195,76.87908668,20.8112812,1,1
166.517164,14,1572608497,AUT,FALSE,TRUE,TRUE,712.8905403,-4.727742448,156.1736919,-179.7213157,0.259802521,179.7907487,-0.283958355,8.905465704,-1.149556068,0.959730306,-0.476794871,-0.956499297,-24.40006828,73.36701508,62.46894149,-54.00561676,-59.82634094,78.7347805,22.38770943,1,1
166.6176569,14,1572608497,AUT,FALSE,TRUE,TRUE,712.8905403,-4.727742448,156.1736919,-179.7213157,0.259802521,179.7907487,-0.283958355,8.905465704,-1.149556068,0.959730306,-0.476794871,-0.956499297,-24.40006828,73.36701508,62.46894149,-54.00561676,-59.82634094,78.7347805,22.38770943,1,1
166.7181199,14,1572608497,AUT,FALSE,TRUE,TRUE,718.9297334,34.617262,163.0832551,-179.8454928,0.303331709,179.8762687,-3.719427042,5.102952754,1.101707981,0.646166632,-0.315394299,-0.513929402,-20.32425041,73.42295265,62.46845741,-51.78897056,-59.62734008,79.78095016,24.6752346,1,1
166.8185918,14,1572608497,AUT,FALSE,TRUE,TRUE,718.9297334,34.617262,163.0832551,-179.8454928,0.303331709,179.8762687,-3.719427042,5.102952754,1.101707981,0.646166632,-0.315394299,-0.513929402,-20.32425041,73.42295265,62.46845741,-51.78897056,-59.62734008,79.78095016,24.6752346,1,1
166.9190629,14,1572608497,AUT,FALSE,TRUE,TRUE,720.841824,76.48058925,164.2987815,-179.9318378,-0.305974443,-179.8649324,16.22714423,-2.563541197,1.270837943,-0.16643146,-1.787882014,-0.057136022,-16.10011024,73.93006439,62.31480674,-49.2554821,-59.52701843,81.22150154,27.01442985,1,1
167.019758,14,1572608497,AUT,FALSE,TRUE,TRUE,720.841824,76.48058925,164.2987815,-179.9318378,-0.305974443,-179.8649324,16.22714423,-2.563541197,1.270837943,-0.16643146,-1.787882014,-0.057136022,-16.10011024,73.93006439,62.31480674,-49.2554821,-59.52701843,81.22150154,27.01442985,1,1
167.1205969,14,1572608498,AUT,FALSE,TRUE,TRUE,712.0252899,93.4232549,159.5690066,-179.9778018,-0.741251647,-179.7543264,19.08224901,-2.454210241,-1.143570892,0.441271801,-0.594002553,0.285561631,-14.86857719,73.90866165,62.24132194,-50.85317573,-59.50126098,80.85693398,29.26394233,1,1
167.2211199,14,1572608498,AUT,FALSE,TRUE,TRUE,712.0252899,93.4232549,159.5690066,-179.9778018,-0.741251647,-179.7543264,19.08224901,-2.454210241,-1.143570892,0.441271801,-0.594002553,0.285561631,-14.86857719,73.90866165,62.24132194,-50.85317573,-59.50126098,80.85693398,29.26394233,1,1
167.321883,14,1572608498,AUT,FALSE,TRUE,TRUE,688.3368289,104.8893781,155.3886859,-179.9889937,-0.720411263,-179.5772397,11.92166923,-0.143113616,-1.497694246,0.821221202,-0.492005489,0.391735689,-16.47107734,72.26237411,62.27632026,-57.50500603,-59.51272521,78.69433364,33.38615684,1,1
167.422353,14,1572608498,AUT,FALSE,TRUE,TRUE,664.3792836,106.8032024,154.056811,-179.9354655,-0.407902154,-179.6107094,-1.07733611,1.664131106,-0.171194562,0.947007155,0.49063044,-0.027266309,-19.0091526,70.16788216,62.3801239,-64.58214454,-59.40625122,76.18539963,36.65199394,1,1
167.522826,14,1572608498,AUT,FALSE,TRUE,TRUE,664.3792836,106.8032024,154.056811,-179.9354655,-0.407902154,-179.6107094,-1.07733611,1.664131106,-0.171194562,0.947007155,0.49063044,-0.027266309,-19.0091526,70.16788216,62.3801239,-64.58214454,-59.40625122,76.18539963,36.65199394,1,1
167.6232889,14,1572608498,AUT,FALSE,TRUE,TRUE,644.3199845,104.1152475,154.3351206,-179.7748311,-0.076756538,-179.7825847,-11.07127138,10.80344341,2.01946983,1.804485943,1.583900359,-0.869209772,-21.34587936,68.29494323,62.49107551,-70.15592422,-59.19184753,74.06087036,38.70233802,1,1
167.7238369,14,1572608498,AUT,FALSE,TRUE,TRUE,630.2770798,106.4781401,155.671049,-179.6437088,0.077587783,179.9655799,-12.86865566,13.80841126,3.695289195,1.521449744,1.639558667,-1.438355446,-22.72214355,67.04505272,62.77964516,-73.67657203,-58.9937915,72.79516296,40.2402111,1,1
167.8243389,14,1572608498,AUT,FALSE,TRUE,TRUE,630.2770798,106.4781401,155.671049,-179.6437088,0.077587783,179.9655799,-12.86865566,13.80841126,3.695289195,1.521449744,1.639558667,-1.438355446,-22.72214355,67.04505272,62.77964516,-73.67657203,-58.9937915,72.79516296,40.2402111,1,1
167.9248209,14,1572608498,AUT,FALSE,TRUE,TRUE,622.3094446,127.8847042,155.5980393,-179.6331591,0.139641169,179.7274699,-9.89721489,14.38363347,2.777720881,1.257069744,1.442922867,-1.528197284,-21.90614089,66.80578423,63.11109581,-74.76302032,-59.09626647,72.40959434,42.60375137,1,1
168.0252888,14,1572608498,AUT,FALSE,TRUE,TRUE,622.3094446,127.8847042,155.5980393,-179.6331591,0.139641169,179.7274699,-9.89721489,14.38363347,2.777720881,1.257069744,1.442922867,-1.528197284,-21.90614089,66.80578423,63.11109581,-74.76302032,-59.09626647,72.40959434,42.60375137,1,1
168.1257398,14,1572608499,AUT,FALSE,TRUE,TRUE,621.4559243,157.5233318,154.4658934,-179.7314551,0.27904512,179.690652,-10.70595165,8.690133641,2.578824433,0.008689494,1.25536931,-1.040603034,-18.41324386,67.31036224,63.04008636,-73.64509964,-59.29467956,72.57597198,44.88786049,1,1
168.226202,14,1572608499,AUT,FALSE,TRUE,TRUE,621.4559243,157.5233318,154.4658934,-179.7314551,0.27904512,179.690652,-10.70595165,8.690133641,2.578824433,0.008689494,1.25536931,-1.040603034,-18.41324386,67.31036224,63.04008636,-73.64509964,-59.29467956,72.57597198,44.88786049,1,1
168.3267469,14,1572608499,AUT,FALSE,TRUE,TRUE,627.8200721,188.9420682,155.5074791,-179.812272,0.27863167,179.7809592,-5.299006578,8.828192416,1.121282779,0.379504824,0.558524944,-0.754377221,-14.20404167,68.34122658,62.80224609,-70.08117943,-59.31605895,73.76928291,46.10295867,1,1
168.4272029,14,1572608499,AUT,FALSE,TRUE,TRUE,634.0967339,210.093691,157.1303834,-179.8348877,0.140984572,179.8415208,-0.011608246,6.016706068,0.586013274,0.115746773,0.088750115,-0.56559698,-11.18628959,69.29065132,62.74093894,-66.76278305,-59.29692626,75.06968994,46.36194419,1,1
168.527679,14,1572608499,AUT,FALSE,TRUE,TRUE,636.4080783,228.5092395,157.7993785,-179.919883,-0.133101718,179.9881772,9.44543654,0.955877542,-1.181639011,-0.252487835,-0.939819179,-0.075889851,-8.611502838,70.06944466,62.72652283,-64.22011757,-59.29679443,76.19459381,46.87395515,1,1
168.6281378,14,1572608499,AUT,FALSE,TRUE,TRUE,631.1177364,243.5621318,157.1097517,179.9749568,-0.407189068,-179.818393,13.50573618,-5.624416723,-0.396757966,-1.125078073,-0.882191382,0.4363584,-7.000663375,70.29251174,62.72218323,-63.74370574,-59.29666809,76.63160934,48.18358383,1,1
168.728605,14,1572608499,AUT,FALSE,TRUE,TRUE,631.1177364,243.5621318,157.1097517,179.9749568,-0.407189068,-179.818393,13.50573618,-5.624416723,-0.396757966,-1.125078073,-0.882191382,0.4363584,-7.000663375,70.29251174,62.72218323,-63.74370574,-59.29666809,76.63160934,48.18358383,1,1
168.8291199,14,1572608499,AUT,FALSE,TRUE,TRUE,619.3176056,253.7650028,154.9621389,-179.9742402,-0.565943947,-179.7165816,12.28851184,-1.936664929,-0.301227624,-0.164628126,-0.346164062,0.474992456,-6.518610763,69.95071678,62.74074669,-65.44667587,-59.29808532,76.13207817,50.04563598,1,1
168.929688,14,1572608499,AUT,FALSE,TRUE,TRUE,597.9967529,261.663452,151.7781205,179.9628705,-0.591729528,-179.6354513,9.57907349,-0.044151224,-0.232089649,0.384163974,-0.15808359,0.584242226,-6.900214,68.86433372,62.74496269,-69.61325798,-59.29865112,74.68214378,53.19064064,1,1
169.030509,14,1572608499,AUT,FALSE,TRUE,TRUE,573.6730328,265.3762375,149.2316843,-179.9817223,-0.522726546,-179.6086281,5.901178318,1.990678436,-2.166364362,0.560492035,0.035120524,0.356682319,-7.82790985,67.38351745,62.78994484,-74.62720184,-59.29831604,72.83490257,56.35437698,1,1
169.131315,14,1572608500,AUT,FALSE,TRUE,TRUE,573.6730328,265.3762375,149.2316843,-179.9817223,-0.522726546,-179.6086281,5.901178318,1.990678436,-2.166364362,0.560492035,0.035120524,0.356682319,-7.82790985,67.38351745,62.78994484,-74.62720184,-59.29831604,72.83490257,56.35437698,1,1
169.2321069,14,1572608500,AUT,FALSE,TRUE,TRUE,546.6378516,266.6661687,147.9992954,-179.9059886,-0.445403746,-179.6258652,1.420418414,5.459106051,-0.228645293,0.91956632,0.458353951,0.071759504,-9.038280481,65.59129714,63.00406494,-80.2371952,-59.29631103,70.82078247,59.68700752,1,1
169.332572,14,1572608500,AUT,FALSE,TRUE,TRUE,520.593237,265.7642168,148.0074533,-179.9134575,-0.296531446,-179.6488597,-0.319635888,5.689620687,1.627165639,0.810169795,0.519989609,-0.210248308,-10.25768051,63.73189201,63.29237366,-85.4544136,-59.28871398,68.91783371,62.81845436,1,1
169.4330778,14,1572608500,AUT,FALSE,TRUE,TRUE,498.5424335,263.5627113,149.2188714,-179.8523696,-0.171109527,-179.6886261,-1.901481472,7.899190098,-0.489396697,1.141185952,0.27150711,-0.541368355,-11.36291885,62.00634842,63.63874168,-89.82063103,-59.19727478,67.35824203,65.20803909,1,1
169.533622,14,1572608500,AUT,FALSE,TRUE,TRUE,481.636554,261.8057926,151.9327553,-179.7877615,-0.063644658,-179.745179,-1.901481472,7.899190098,-0.489396697,1.141185952,0.27150711,-0.541368355,-12.24616813,60.54375229,64.0966999,-93.05315551,-59.020708,66.29544525,66.98189849,1,1
175.5301499,15,1572608506,AUT,FALSE,FALSE,TRUE,471.6958233,-400.2807098,169.870333,179.967333,-0.024256908,-179.9949893,6.570158234,-2.558212942,4.751146827,-0.35799182,-0.046018474,0.180969409,-75.47734794,65.47986831,65.53167572,-78.18025932,-59.73513793,73.53420296,-7.152178575,0.5,1
175.6309829,15,1572608506,AUT,FALSE,FALSE,TRUE,471.6958233,-400.2807098,169.870333,179.967333,-0.024256908,-179.9949893,6.570158234,-2.558212942,4.751146827,-0.35799182,-0.046018474,0.180969409,-75.89911651,65.52090568,65.1817955,-78.40428085,-59.74049377,73.33104515,-7.572340394,0.5,1
175.731791,15,1572608506,AUT,FALSE,TRUE,TRUE,466.5360002,-404.0124413,166.3717361,179.9641727,-0.25104106,179.9952787,4.965612377,-1.562375705,1.368559126,-0.35748275,0.314661513,-0.088597628,-75.89911651,65.52090568,65.1817955,-78.40428085,-59.74049377,73.33104515,-7.572340394,1,1
175.832262,15,1572608506,AUT,FALSE,TRUE,TRUE,466.3926722,-407.8579741,161.7502854,179.9613583,0.299999504,179.99672,-15.25679775,-0.952305544,3.230584315,-0.33140322,1.630721084,0.150145011,-76.29624138,66.00031471,65.04571953,-78.33271179,-60.08060302,72.54766159,-7.910887531,1,1
175.9327319,15,1572608506,AUT,FALSE,TRUE,TRUE,476.4236071,-407.0358281,159.0163971,179.9692946,0.516936041,-179.946198,-14.97443036,-2.207066803,3.030203309,-0.126267797,1.263366291,0.144648768,-75.16387024,66.86984481,65.15231438,-76.99349213,-60.62978759,72.75112838,-7.667691425,1,1
176.0332298,15,1572608506,AUT,FALSE,TRUE,TRUE,494.4883057,-405.8406346,156.0362575,179.8940706,0.615772239,-179.8996532,-13.83699903,-3.821430801,3.824825022,-0.286449805,1.335724271,0.201581291,-72.80805816,68.13835029,65.06070899,-74.16795616,-61.11258178,73.42593269,-7.502439881,1,1
176.1337268,15,1572608507,AUT,FALSE,TRUE,TRUE,494.4883057,-405.8406346,156.0362575,179.8940706,0.615772239,-179.8996532,-13.83699903,-3.821430801,3.824825022,-0.286449805,1.335724271,0.201581291,-72.80805816,68.13835029,65.06070899,-74.16795616,-61.11258178,73.42593269,-7.502439881,1,1
176.2342448,15,1572608507,AUT,FALSE,TRUE,TRUE,519.0369694,-406.0931213,152.194354,179.9313001,0.606323919,-179.8923862,-11.01595788,-1.545839458,3.149451251,-0.235000535,0.388760231,0.225789026,-69.4448101,69.84588661,64.72039718,-69.66581726,-61.47431213,74.54370574,-8.012092213,1,1
176.3347259,15,1572608507,AUT,FALSE,TRUE,TRUE,519.0369694,-406.0931213,152.194354,179.9313001,0.606323919,-179.8923862,-11.01595788,-1.545839458,3.149451251,-0.235000535,0.388760231,0.225789026,-69.4448101,69.84588661,64.72039718,-69.66581726,-61.47431213,74.54370574,-8.012092213,1,1
176.4351959,15,1572608507,AUT,FALSE,TRUE,TRUE,554.4350415,-407.1580594,148.3278406,179.9204922,0.561074273,-179.919536,-4.252518329,0.477213257,1.754351044,0.054362906,0.132517904,0.10363621,-65.14420509,71.96227569,64.23666916,-61.88149909,-61.76056091,76.51369514,-9.378945925,1,1
176.5356669,15,1572608507,AUT,FALSE,TRUE,TRUE,554.4350415,-407.1580594,148.3278406,179.9204922,0.561074273,-179.919536,-4.252518329,0.477213257,1.754351044,0.054362906,0.132517904,0.10363621,-65.14420509,71.96227569,64.23666916,-61.88149909,-61.76056091,76.51369514,-9.378945925,1,1
176.636137,15,1572608507,AUT,FALSE,TRUE,TRUE,588.4925209,-405.2950955,148.7938627,-179.9191867,0.333530669,179.9480523,4.972705987,3.671227813,-1.331400008,0.314671833,-1.06293091,-0.49370475,-58.79832687,74.73034629,64.02250786,-53.65871658,-61.83405944,79.04046478,-11.28231354,1,1
176.7366168,15,1572608507,AUT,FALSE,TRUE,TRUE,608.887474,-394.906447,151.683267,-179.6762993,-0.021642166,179.8088009,13.94280946,9.960679609,-2.346068278,0.314671833,-1.06293091,-0.49370475,-55.21664314,75.71627311,64.05932579,-49.39626503,-61.82990661,80.76668815,-11.71919174,1,1
176.837177,15,1572608507,AUT,FALSE,TRUE,TRUE,608.887474,-394.906447,151.683267,-179.6762993,-0.021642166,179.8088009,13.94280946,9.960679609,-2.346068278,1.338523123,-1.928416608,-1.404645881,-55.21664314,75.71627311,64.05932579,-49.39626503,-61.82990661,80.76668815,-11.71919174,1,1
176.9376478,15,1572608507,AUT,FALSE,TRUE,TRUE,622.7657127,-369.7471538,153.344726,-179.6251595,-0.507312149,179.6843288,16.06295884,9.175731263,-1.068930666,1.020510846,-1.084344942,-1.892681376,-52.77806282,75.68669586,64.09586906,-49.03673058,-61.72756347,81.45201874,-9.596128469,1,1
177.0381188,15,1572608507,AUT,FALSE,TRUE,TRUE,622.7657127,-369.7471538,153.344726,-179.6251595,-0.507312149,179.6843288,16.06295884,9.175731263,-1.068930666,1.020510846,-1.084344942,-1.892681376,-52.77806282,75.68669586,64.09586906,-49.03673058,-61.72756347,81.45201874,-9.596128469,1,1
177.1385849,15,1572608508,AUT,FALSE,TRUE,TRUE,624.4191258,-343.8967443,152.1918861,-179.6721548,-0.577123292,179.6754293,11.77331105,8.093355276,0.924526899,1.017900443,-0.161257634,-1.710130171,-52.44443206,74.78875923,64.15564842,-52.72921142,-61.63281188,80.48781394,-6.105864719,1,1
177.2390399,15,1572608508,AUT,FALSE,TRUE,TRUE,624.4191258,-343.8967443,152.1918861,-179.6721548,-0.577123292,179.6754293,11.77331105,8.093355276,0.924526899,1.017900443,-0.161257634,-1.710130171,-52.44443206,74.78875923,64.15564842,-52.72921142,-61.63281188,80.48781394,-6.105864719,1,1
177.3395128,15,1572608508,AUT,FALSE,TRUE,TRUE,620.7995337,-295.8123546,149.7485058,-179.7292825,-0.217934389,179.5617311,-3.437773728,8.463059164,0.289765331,1.043136073,0.748863778,-1.22844126,-52.85285911,73.31691055,64.46380119,-59.03822364,-61.63232299,77.91467171,0.548763656,1,1
177.4402869,15,1572608508,AUT,FALSE,TRUE,TRUE,616.7907588,-229.6186871,151.079765,-179.7977318,-0.046167035,179.554492,-3.437773728,8.463059164,0.289765331,1.043136073,0.748863778,-1.22844126,-51.65336838,70.73808975,65.29217033,-68.55536728,-61.75983581,75.66013984,9.112060544,1,1
177.5409639,15,1572608508,AUT,FALSE,TRUE,TRUE,616.7907588,-229.6186871,151.079765,-179.7977318,-0.046167035,179.554492,-7.55617743,7.694020836,1.488326669,0.580134945,1.343741228,-0.78735183,-51.65336838,70.73808975,65.29217033,-68.55536728,-61.75983581,75.66013984,9.112060544,1,1
177.641479,15,1572608508,AUT,FALSE,TRUE,TRUE,614.4839843,-163.7236662,154.0284592,-179.8308627,0.011608928,179.653415,-6.94470177,4.232234098,2.218637969,0.184917538,0.71371655,-0.611350668,-48.82017288,68.89188538,65.83637809,-74.18002739,-61.74230712,74.25376625,16.96488876,1,1
177.7419479,15,1572608508,AUT,FALSE,TRUE,TRUE,614.4839843,-163.7236662,154.0284592,-179.8308627,0.011608928,179.653415,-6.94470177,4.232234098,2.218637969,0.184917538,0.71371655,-0.611350668,-48.82017288,68.89188538,65.83637809,-74.18002739,-61.74230712,74.25376625,16.96488876,1,1
177.8424239,15,1572608508,AUT,FALSE,TRUE,TRUE,614.0403177,-113.403363,154.5018029,-179.8968283,0.018605969,179.7318779,-6.705705305,2.341209309,4.10857546,0.012459404,1.025576843,-0.549381028,-45.5894989,67.91924858,65.95412063,-76.98188781,-61.66572692,73.40359611,22.61973724,1,1
177.942894,15,1572608508,AUT,FALSE,TRUE,TRUE,614.974591,-69.06804527,150.7282207,-179.9471718,-0.05599517,179.8164332,-6.705705305,2.341209309,4.10857546,0.012459404,1.025576843,-0.549381028,-41.92770767,67.64827079,65.68640442,-78.35966606,-61.71875244,72.71022834,27.30086746,1,1
178.0434279,15,1572608508,AUT,FALSE,TRUE,TRUE,614.974591,-69.06804527,150.7282207,-179.9471718,-0.05599517,179.8164332,-6.149547718,0.585420367,5.350347302,-0.076537182,1.532664115,-0.402154735,-41.92770767,67.64827079,65.68640442,-78.35966606,-61.71875244,72.71022834,27.30086746,1,1
178.1439199,15,1572608509,AUT,FALSE,TRUE,TRUE,627.5473846,-38.66828796,142.2590757,179.8712335,0.401085973,-179.8248656,-6.149547718,0.585420367,5.350347302,-0.076537182,1.532664115,-0.402154735,-38.34432792,68.05395813,64.59232063,-77.44658889,-61.93627075,71.85875015,29.8188755,1,1
178.2443919,15,1572608509,AUT,FALSE,TRUE,TRUE,627.5473846,-38.66828796,142.2590757,179.8712335,0.401085973,-179.8248656,-15.09548499,-2.177008661,4.740056508,-0.280185407,1.687611168,0.123109884,-38.34432792,68.05395813,64.59232063,-77.44658889,-61.93627075,71.85875015,29.8188755,1,1
178.3448689,15,1572608509,AUT,FALSE,TRUE,TRUE,653.4794407,-37.81302042,140.6445744,179.9376865,0.458857982,-179.7828299,-15.09548499,-2.177008661,4.740056508,-0.280185407,1.687611168,0.123109884,-34.49921951,69.9769844,63.4423645,-70.74493217,-61.75105224,73.20208969,27.50223656,1,1
178.4453349,15,1572608509,AUT,FALSE,TRUE,TRUE,653.4794407,-37.81302042,140.6445744,179.9376865,0.458857982,-179.7828299,-6.818319455,1.535730885,-0.326982326,0.353743203,-0.085213437,-0.159345382,-34.49921951,69.9769844,63.4423645,-70.74493217,-61.75105224,73.20208969,27.50223656,1,1
178.5458159,15,1572608509,AUT,FALSE,TRUE,TRUE,653.4794407,-37.81302042,140.6445744,179.9376865,0.458857982,-179.7828299,-6.818319455,1.535730885,-0.326982326,0.353743203,-0.085213437,-0.159345382,-30.89883499,72.46877289,63.86373825,-62.41169586,-61.73544616,76.47958603,23.84354896,1,1
178.6463389,15,1572608509,AUT,FALSE,TRUE,TRUE,684.3147257,-36.22494061,144.930695,-179.8474709,0.076141583,179.8749636,6.931422263,10.10647905,-1.970350375,1.703056078,-1.017590067,-0.856687745,-30.89883499,72.46877289,63.86373825,-62.41169586,-61.73544616,76.47958603,23.84354896,1,1
178.7468119,15,1572608509,AUT,FALSE,TRUE,TRUE,698.2534477,-7.098975724,152.3596557,-179.7628742,0.077541955,179.7512546,2.386452329,9.970217216,-1.870894319,1.703056078,-1.017590067,-0.856687745,-26.93734016,73.37948799,64.56530113,-58.28375816,-61.82238098,78.31862526,24.51434326,1,1
178.8472779,15,1572608509,AUT,FALSE,TRUE,TRUE,698.2534477,-7.098975724,152.3596557,-179.7628742,0.077541955,179.7512546,2.386452329,9.970217216,-1.870894319,1.019201366,-0.735903854,-0.97520444,-26.93734016,73.37948799,64.56530113,-58.28375816,-61.82238098,78.31862526,24.51434326,1,1
178.9477918,15,1572608509,AUT,FALSE,TRUE,TRUE,703.2053462,38.10875954,160.5063715,-179.9511125,0.199824458,179.900433,-3.2893285,4.381457726,-0.240525485,0.435025215,-0.410650819,-0.399514224,-22.54738541,73.21060409,64.71156693,-56.57289161,-61.67886108,79.30709266,27.67352028,1,1
179.0482609,15,1572608509,AUT,FALSE,TRUE,TRUE,703.2053462,38.10875954,160.5063715,-179.9511125,0.199824458,179.900433,-3.2893285,4.381457726,-0.240525485,0.435025215,-0.410650819,-0.399514224,-22.54738541,73.21060409,64.71156693,-56.57289161,-61.67886108,79.30709266,27.67352028,1,1
179.1487398,15,1572608510,AUT,FALSE,TRUE,TRUE,705.3505915,66.16417321,165.570903,-179.9341532,0.015033396,179.9540705,2.418802998,1.738521243,1.427557117,0.174413666,-0.840080391,-0.357014857,-19.54633941,73.19546013,64.6808979,-54.95796661,-61.37942871,80.22290611,29.13581428,1,1
179.2492988,15,1572608510,AUT,FALSE,TRUE,TRUE,705.3505915,66.16417321,165.570903,-179.9341532,0.015033396,179.9540705,2.418802998,1.738521243,1.427557117,0.174413666,-0.840080391,-0.357014857,-19.54633941,73.19546013,64.6808979,-54.95796661,-61.37942871,80.22290611,29.13581428,1,1
179.3500359,15,1572608510,AUT,FALSE,TRUE,TRUE,698.321211,95.84024684,164.9631582,179.9330066,-0.684386273,-179.7762466,15.98462037,-3.31186608,1.410151367,0.07986319,-0.865793667,0.289919716,-17.25667534,73.20318146,64.63878593,-54.72599716,-61.1889093,80.83143196,31.89354401,1,1
179.450583,15,1572608510,AUT,FALSE,TRUE,TRUE,698.321211,95.84024684,164.9631582,179.9330066,-0.684386273,-179.7762466,15.98462037,-3.31186608,1.410151367,0.07986319,-0.865793667,0.289919716,-17.29852981,72.38685951,64.57796631,-59.32203827,-61.19137023,79.48275375,35.33068886,1,1
179.551116,15,1572608510,AUT,FALSE,TRUE,TRUE,680.1995266,110.9621775,159.269564,179.8720941,-0.898457233,-179.5855277,14.8422071,-0.440550764,0.85743792,0.837840672,-0.076222743,0.516266392,-17.29852981,72.38685951,64.57796631,-59.32203827,-61.19137023,79.48275375,35.33068886,1,1
179.651701,15,1572608510,AUT,FALSE,TRUE,TRUE,646.9177898,116.6287143,152.8020582,179.9678781,-0.538729617,-179.6375215,1.45306267,2.99911793,-0.025684949,1.320844423,0.561168437,0.228457191,-20.22533569,70.15673446,64.56346435,-68.46746979,-61.23990783,76.09464912,40.01203537,1,1
179.7521639,15,1572608510,AUT,FALSE,TRUE,TRUE,646.9177898,116.6287143,152.8020582,179.9678781,-0.538729617,-179.6375215,1.45306267,2.99911793,-0.025684949,1.320844423,0.561168437,0.228457191,-20.22533569,70.15673446,64.56346435,-68.46746979,-61.23990783,76.09464912,40.01203537,1,1
179.852679,15,1572608510,AUT,FALSE,TRUE,TRUE,618.9142922,114.358212,152.1124922,-179.8582146,-0.082174843,-179.9264321,-12.93027527,12.61048638,3.051729375,1.595317643,1.715745467,-1.080795113,-23.23500938,67.94116974,64.76317863,-75.59831428,-61.12198608,73.22891349,42.987957,1,1
179.9531729,15,1572608510,AUT,FALSE,TRUE,TRUE,618.9142922,114.358212,152.1124922,-179.8582146,-0.082174843,-179.9264321,-12.93027527,12.61048638,3.051729375,1.595317643,1.715745467,-1.080795113,-23.23500938,67.94116974,64.76317863,-75.59831428,-61.12198608,73.22891349,42.987957,1,1
180.0536549,15,1572608510,AUT,FALSE,TRUE,TRUE,608.2879065,123.9148729,152.7395195,-179.7550368,0.109727854,179.8381516,-14.02921266,13.86984633,3.434053825,1.241462645,1.70806668,-1.416009281,-23.50009231,67.12367363,65.03613739,-78.10937004,-61.09217468,72.33185921,44.74662781,1,1
180.1541228,15,1572608511,AUT,FALSE,TRUE,TRUE,608.2879065,123.9148729,152.7395195,-179.7550368,0.109727854,179.8381516,-14.02921266,13.86984633,3.434053825,1.241462645,1.70806668,-1.416009281,-23.50009231,67.12367363,65.03613739,-78.10937004,-61.09217468,72.33185921,44.74662781,1,1
180.2545919,15,1572608511,AUT,FALSE,TRUE,TRUE,609.068117,141.9783047,151.1723449,-179.7933826,0.159101656,179.7136617,-9.455120933,11.82427812,3.742457202,0.413408586,1.073874141,-1.427229023,-21.54227028,67.53199081,64.92480125,-77.19758377,-61.15863098,72.39365387,45.96498756,1,1
180.355056,15,1572608511,AUT,FALSE,TRUE,TRUE,609.068117,141.9783047,151.1723449,-179.7933826,0.159101656,179.7136617,-9.455120933,11.82427812,3.742457202,0.413408586,1.073874141,-1.427229023,-18.00692138,68.75399666,64.56871033,-74.65432091,-61.42524719,72.86240273,47.48064766,1,1
180.455646,15,1572608511,AUT,FALSE,TRUE,TRUE,613.0871039,177.5382594,144.5070788,-179.8467564,0.030217015,179.7515408,-3.433123974,6.713350504,3.380559354,-0.14069286,0.797126633,-0.700420331,-18.00692138,68.75399666,64.56871033,-74.65432091,-61.42524719,72.86240273,47.48064766,1,1
180.5561268,15,1572608511,AUT,FALSE,TRUE,TRUE,613.0871039,177.5382594,144.5070788,-179.8467564,0.030217015,179.7515408,-3.433123974,6.713350504,3.380559354,-0.14069286,0.797126633,-0.700420331,-18.00692138,68.75399666,64.56871033,-74.65432091,-61.42524719,72.86240273,47.48064766,1,1
180.6565979,15,1572608511,AUT,FALSE,TRUE,TRUE,619.0494646,214.6634115,142.3307841,179.9973599,-0.042407729,179.904355,1.711928569,4.439763788,-0.614236148,0.0788504,-0.199431804,-0.150115013,-12.25305862,70.52814445,64.25288773,-70.06675644,-61.82396301,74.21480941,49.4068531,1,1
180.757113,15,1572608511,AUT,FALSE,TRUE,TRUE,619.0494646,214.6634115,142.3307841,179.9973599,-0.042407729,179.904355,1.711928569,4.439763788,-0.614236148,0.0788504,-0.199431804,-0.150115013,-12.25305862,70.52814445,64.25288773,-70.06675644,-61.82396301,74.21480941,49.4068531,1,1
180.857579,15,1572608511,AUT,FALSE,TRUE,TRUE,617.8863923,241.892353,149.8236335,179.9256532,-0.248039444,-179.8333683,10.38765988,-1.636856953,-1.415743354,-0.243730836,-1.310732217,0.300932393,-8.828891369,70.76980934,64.48299636,-67.45975227,-61.5344403,75.83619575,50.71112251,1,1
180.9580519,15,1572608511,AUT,FALSE,TRUE,TRUE,606.5092585,255.6456965,156.1051834,179.8544466,-0.425331434,-179.6791546,9.317893624,-2.511282786,-1.331936509,-0.243730836,-1.310732217,0.300932393,-7.805243681,70.03233146,64.82285156,-68.38169059,-61.18654724,76.26267127,52.6315979,1,1
181.058584,15,1572608511,AUT,FALSE,TRUE,TRUE,606.5092585,255.6456965,156.1051834,179.8544466,-0.425331434,-179.6791546,9.317893624,-2.511282786,-1.331936509,0.047511169,-0.803790455,0.618625226,-7.805243681,70.03233146,64.82285156,-68.38169059,-61.18654724,76.26267127,52.6315979,1,1
181.1590638,15,1572608512,AUT,FALSE,TRUE,TRUE,580.1102243,264.8300428,159.9173327,179.954773,-0.52269093,-179.6408261,7.32488383,1.883199314,0.619282097,0.855652423,-0.095963424,0.299138147,-8.285353088,68.12773819,65.09205093,-73.24515266,-60.59871826,75.10247726,56.05853576,1,1
181.2595339,15,1572608512,AUT,FALSE,TRUE,TRUE,580.1102243,264.8300428,159.9173327,179.954773,-0.52269093,-179.6408261,7.32488383,1.883199314,0.619282097,0.855652423,-0.095963424,0.299138147,-8.285353088,68.12773819,65.09205093,-73.24515266,-60.59871826,75.10247726,56.05853576,1,1
181.360116,15,1572608512,AUT,FALSE,TRUE,TRUE,555.2056139,269.1825744,159.1380924,179.9737533,-0.414814462,-179.6737143,1.885483563,3.185158336,-0.368304125,0.878997323,0.059214362,0.039422473,-9.114707563,66.54838486,65.23893814,-78.14786682,-60.41493347,73.37136841,59.30303192,1,1
181.4607189,15,1572608512,AUT,FALSE,TRUE,TRUE,533.0455251,270.1848928,157.0766065,179.9865399,-0.303535023,-179.6479714,-1.697646767,4.921622796,1.052286017,1.127878592,0.599601777,-0.065648071,-9.98489685,65.1147583,65.28995933,-82.56101989,-60.37192199,71.67792206,62.07606697,1,1
181.561233,15,1572608512,AUT,FALSE,TRUE,TRUE,533.0455251,270.1848928,157.0766065,179.9865399,-0.303535023,-179.6479714,-1.697646767,4.921622796,1.052286017,1.127878592,0.599601777,-0.065648071,-11.0876461,63.68224754,65.31532058,-87.34508514,-60.35448669,69.72119865,64.79568099,1,1
181.6621158,15,1572608512,AUT,FALSE,TRUE,TRUE,508.9828523,268.487355,153.3853892,-179.9480139,-0.32395003,-179.6860125,0.58292609,7.793854608,2.985193914,1.349624206,0.388153488,-0.393044481,-11.0876461,63.68224754,65.31532058,-87.34508514,-60.35448669,69.72119865,64.79568099,1,1
181.7625949,15,1572608512,AUT,FALSE,TRUE,TRUE,488.6072814,269.6109897,150.0961743,-179.8852995,-0.402853484,-179.8192365,1.112192926,9.120618438,1.699863546,1.209933462,0.586550083,-0.518871703,-11.66475448,62.77196503,65.50143585,-90.89347343,-60.48056579,68.23543167,67.20718689,1,1