Time/Second,Task_No,Time Stamp,OperationMode,isCollision,isCompliance,isReadyToMove,ToolPosition_x,ToolPosition_y,ToolPosition_z,ToolPosition_A,ToolPosition_b,ToolPosition_c,ToolForce_x,ToolForce_y,ToolForce_z,ToolTorque_x,ToolTorque_y,ToolTorque_z,JointPosition,JointPosition,JointPosition,JointPosition,JointPosition,JointPosition,JointPosition,Tool_Velocity,Tool_Acceleration
0,1,1571997543,AUT,FALSE,FALSE,TRUE,471.9747293,-399.9948794,169.9778674,-179.9919787,-0.007915082,-179.9998575,-2.631201198,-0.894481554,1.407480115,-0.235201216,0.544547223,0.057284889,-74.69658737,64.04852486,63.27525901,-78.18035545,-57.5259082,72.17967109,-8.020788575,0.5,1
0.100498199,1,1571997543,AUT,FALSE,FALSE,TRUE,471.9747293,-399.9948794,169.9778674,-179.9919787,-0.007915082,-179.9998575,-2.631201198,-0.894481554,1.407480115,-0.235201216,0.544547223,0.057284889,-74.69658737,64.04852486,63.27525901,-78.18035545,-57.5259082,72.17967109,-8.020788575,0.5,1
0.201420069,1,1571997543,AUT,FALSE,TRUE,TRUE,471.9621134,-400.0146421,169.9871396,-179.9938385,-0.009684265,-179.9990957,-1.642528476,-0.569761039,1.052094173,-0.215963923,0.345158478,0.064039139,-74.69697189,64.04888878,63.27500496,-78.17834014,-57.52648498,72.18299446,-8.020757681,1,1
0.302356005,1,1571997543,AUT,FALSE,TRUE,TRUE,472.2248654,-399.9065843,170.076844,-179.9776763,0.004464159,-179.9920115,-1.850075503,-0.10165313,0.765295829,-0.174105389,0.122087915,0.012049028,-74.67183036,64.04891281,63.27779961,-78.15953293,-57.52647399,72.18288803,-8.02055855,1,1
0.402916193,1,1571997544,AUT,FALSE,TRUE,TRUE,472.2248654,-399.9065843,170.076844,-179.9776763,0.004464159,-179.9920115,-1.850075503,-0.10165313,0.765295829,-0.174105389,0.122087915,0.012049028,-74.67183036,64.04891281,63.27779961,-78.15953293,-57.52647399,72.18288803,-8.02055855,1,1
0.503450155,1,1571997544,AUT,FALSE,TRUE,TRUE,474.119704,-399.9016045,170.8974969,-179.9641125,0.123157153,-179.9132102,-4.405486083,-0.349769506,0.394952175,-0.128520693,0.139143859,0.041477044,-74.48775444,64.04907074,63.27974624,-77.94513473,-57.52621582,72.18304252,-8.018052294,1,1
0.604040146,1,1571997544,AUT,FALSE,TRUE,TRUE,474.119704,-399.9016045,170.8974969,-179.9641125,0.123157153,-179.9132102,-4.405486083,-0.349769506,0.394952175,-0.128520693,0.139143859,0.041477044,-74.48775444,64.04907074,63.27974624,-77.94513473,-57.52621582,72.18304252,-8.018052294,1,1
0.70464015,1,1571997544,AUT,FALSE,TRUE,TRUE,480.8303419,-398.3333087,173.5481472,179.9984909,0.346624728,-179.953416,-9.579141083,-1.718670667,0.517294537,-0.307453852,0.43834473,0.014391548,-73.81839523,64.20623703,63.48313064,-77.10313911,-57.52602905,72.53241462,-7.845742037,1,1
0.805247068,1,1571997544,AUT,FALSE,TRUE,TRUE,480.8303419,-398.3333087,173.5481472,179.9984909,0.346624728,-179.953416,-9.579141083,-1.718670667,0.517294537,-0.307453852,0.43834473,0.014391548,-73.81839523,64.20623703,63.48313064,-77.10313911,-57.52602905,72.53241462,-7.845742037,1,1
0.905857086,1,1571997544,AUT,FALSE,TRUE,TRUE,507.0697236,-394.1230871,178.4804531,179.9803253,0.716474545,-179.9772808,-16.97630074,-1.919330493,0.10303145,-0.348073568,1.521695316,0.104093806,-70.56149483,65.38706474,63.75875702,-73.15585098,-57.65788146,74.00230293,-7.639240269,1,1
1.006438017,1,1571997544,AUT,FALSE,TRUE,TRUE,507.0697236,-394.1230871,178.4804531,179.9803253,0.716474545,-179.9772808,-16.97630074,-1.919330493,0.10303145,-0.348073568,1.521695316,0.104093806,-70.56149483,65.38706474,63.75875702,-73.15585098,-57.65788146,74.00230293,-7.639240269,1,1
1.106978178,1,1571997544,AUT,FALSE,TRUE,TRUE,536.5709142,-390.3282749,184.957842,179.9459475,0.778004014,-179.9795237,-10.73652225,-3.739922817,-1.440705564,-0.270284802,0.510619655,0.293562872,-66.6571907,66.66756591,63.78409424,-68.00748596,-57.70063476,76.0758522,-7.878553394,1,1
1.207538128,1,1571997544,AUT,FALSE,TRUE,TRUE,570.0268704,-387.0314494,191.4719303,179.9242717,0.717072582,-179.9123317,-11.50623659,-0.454379239,0.21035831,-0.328280034,0.900831533,0.378067397,-61.56730728,68.41041298,63.5537075,-60.86151466,-57.85864013,78.77381286,-8.721383287,1,1
1.308117151,1,1571997544,AUT,FALSE,TRUE,TRUE,596.9566693,-388.9601127,193.596759,179.8811454,0.636737357,-179.7934681,-11.50623659,-0.454379239,0.21035831,-0.328280034,0.900831533,0.378067397,-57.12568588,70.25234642,62.86428451,-53.76980896,-57.96406494,80.90054283,-10.40050621,1,1
1.408666134,1,1571997545,AUT,FALSE,TRUE,TRUE,596.9566693,-388.9601127,193.596759,179.8811454,0.636737357,-179.7934681,-7.186393293,-3.013935898,-0.651353712,0.072785178,0.313099606,0.429038868,-57.12568588,70.25234642,62.86428451,-53.76980896,-57.96406494,80.90054283,-10.40050621,1,1
1.509263039,1,1571997545,AUT,FALSE,TRUE,TRUE,619.2058721,-394.8371118,191.9955174,-179.9946073,0.472141695,-179.8427979,2.300646776,-2.713505006,2.349054312,-0.382828779,-0.562647185,-0.032858171,-53.08490066,72.40997886,62.05638084,-46.30200348,-58.02626953,82.92619171,-13.06421356,1,1
1.609854221,1,1571997545,AUT,FALSE,TRUE,TRUE,638.9636823,-400.2737255,184.3536282,-179.7610394,0.022431998,-179.9878073,11.30969482,6.85251514,0.677800289,0.631225688,-1.666438774,-1.088597042,-49.55211983,74.71537743,61.32884559,-37.98477287,-58.41471313,85.06905441,-16.18360978,1,1
1.710530043,1,1571997545,AUT,FALSE,TRUE,TRUE,638.9636823,-400.2737255,184.3536282,-179.7610394,0.022431998,-179.9878073,11.30969482,6.85251514,0.677800289,0.631225688,-1.666438774,-1.088597042,-49.55211983,74.71537743,61.32884559,-37.98477287,-58.41471313,85.06905441,-16.18360978,1,1
1.811585188,1,1571997545,AUT,FALSE,TRUE,TRUE,646.8997923,-404.8307213,179.5746112,-179.6519154,-0.246071159,179.9646795,25.99330505,8.387536711,-3.352423377,1.040199334,-3.720734796,-1.689341451,-46.6624649,76.94427681,61.19325027,-33.38234939,-58.87677062,86.23549347,-18.09320526,1,1
1.912281036,1,1571997545,AUT,FALSE,TRUE,TRUE,648.0353812,-410.5611175,180.7373246,-179.5788915,-0.315823727,179.8322949,24.58198926,12.86067696,-3.953724558,1.574693048,-3.56408972,-2.083268808,-45.90877876,77.58091049,61.24040909,-30.93749656,-58.99597229,87.08194885,-19.50542565,1,1
2.012720108,1,1571997545,AUT,FALSE,TRUE,TRUE,648.0353812,-410.5611175,180.7373246,-179.5788915,-0.315823727,179.8322949,24.58198926,12.86067696,-3.953724558,1.574693048,-3.56408972,-2.083268808,-45.90877876,77.58091049,61.24040909,-30.93749656,-58.99597229,87.08194885,-19.50542565,1,1
2.113247156,1,1571997545,AUT,FALSE,TRUE,TRUE,646.6459836,-408.844279,186.3952773,-179.4163516,-0.535529978,179.6844153,10.96919993,10.60066144,-0.07909233,0.817311699,-0.179537911,-2.894296149,-46.00953712,77.1672409,61.5070404,-31.1428276,-58.97124755,87.71310997,-19.50314598,1,1
2.213750124,1,1571997545,AUT,FALSE,TRUE,TRUE,645.7098441,-398.1453343,188.9199299,-179.3411749,-0.841011782,179.639806,17.05134826,10.33676246,1.320235837,1.165416322,-0.014967035,-3.18416544,-46.45735359,76.28302688,61.62163811,-33.67937507,-58.79240112,87.52366791,-17.82939949,1,1
2.314222097,1,1571997545,AUT,FALSE,TRUE,TRUE,642.9343821,-381.8939689,186.9074248,-179.4068772,-0.899228235,179.5944246,16.6437765,10.51124762,2.172003423,1.146887552,-0.213438441,-2.87483701,-47.64118538,75.10372696,61.75677338,-38.48479499,-58.51838562,86.17314949,-14.81988716,1,1
2.414747,1,1571997546,AUT,FALSE,TRUE,TRUE,642.9343821,-381.8939689,186.9074248,-179.4068772,-0.899228235,179.5944246,16.6437765,10.51124762,2.172003423,1.146887552,-0.213438441,-2.87483701,-49.44813423,73.45733299,62.23809471,-45.47598266,-58.36263793,83.96975898,-10.49070053,1,1
2.51526022,1,1571997546,AUT,FALSE,TRUE,TRUE,637.1973884,-358.186458,184.1602704,-179.508357,-0.699928748,179.5564674,7.359998384,10.18511683,-2.009609866,1.262437484,0.281483988,-2.150085962,-49.44813423,73.45733299,62.23809471,-45.47598266,-58.36263793,83.96975898,-10.49070053,1,1
2.615765095,1,1571997546,AUT,FALSE,TRUE,TRUE,628.0759677,-325.759936,185.5997879,-179.6860693,-0.436862218,179.5484103,1.736963912,7.1411487,-3.772512099,0.819078582,0.558286446,-1.465051522,-51.37569236,71.22018013,63.20939254,-53.65815696,-58.34321411,81.71655578,-5.019625856,1,1
2.716300011,1,1571997546,AUT,FALSE,TRUE,TRUE,628.0759677,-325.759936,185.5997879,-179.6860693,-0.436862218,179.5484103,1.736963912,7.1411487,-3.772512099,0.819078582,0.558286446,-1.465051522,-52.82806778,68.66666221,64.45032234,-61.60571479,-58.22336975,79.74365501,0.715924069,1,1
2.816875219,1,1571997546,AUT,FALSE,TRUE,TRUE,615.0305801,-275.9538624,193.7006812,-179.7899066,-0.010200297,179.5783435,-11.6029235,6.055801559,-3.187126793,0.857472905,1.463083811,-0.8238298,-52.82806778,68.66666221,64.45032234,-61.60571479,-58.22336975,79.74365501,0.715924069,1,1
2.917458057,1,1571997546,AUT,FALSE,TRUE,TRUE,607.8344233,-232.6121971,201.5123838,-179.8621298,0.210421106,179.64181,-17.07254382,4.17581781,-0.090004924,0.89360252,1.866910654,-0.400578727,-52.92573623,65.54885559,65.88373604,-69.69373626,-57.73146789,77.91085396,7.990861125,1,1
3.017985106,1,1571997546,AUT,FALSE,TRUE,TRUE,606.3743317,-193.6423717,206.0182839,-179.8831622,0.288943116,179.7314273,-17.60179999,4.127393602,2.386889002,1.112053327,2.312966533,-0.319612476,-51.44387969,63.93530044,66.29637909,-73.18175125,-57.21440185,77.03083191,12.45444145,1,1
3.118515015,1,1571997546,AUT,FALSE,TRUE,TRUE,610.867877,-156.7522637,206.6660812,-179.8986692,0.336782555,179.7097678,-14.57211838,3.107593651,2.472950509,1.112053327,2.312966533,-0.319612476,-48.78033028,63.19062309,66.20661392,-74.6631134,-56.80536437,76.41635628,16.19816322,1,1
3.219003201,1,1571997546,AUT,FALSE,TRUE,TRUE,610.867877,-156.7522637,206.6660812,-179.8986692,0.336782555,179.7097678,-14.57211838,3.107593651,2.472950509,0.204523999,1.72242329,-0.537865501,-48.78033028,63.19062309,66.20661392,-74.6631134,-56.80536437,76.41635628,16.19816322,1,1
3.319538116,1,1571997546,AUT,FALSE,TRUE,TRUE,618.9630247,-122.6391249,203.8395798,-179.8398258,0.244351229,179.7109469,-7.295824321,3.752117828,3.008533148,0.405324637,0.915287959,-0.66314198,-45.49829864,63.25711784,65.8577465,-74.65153656,-56.74343994,76.17568016,19.25501289,1,1
3.420288086,1,1571997547,AUT,FALSE,TRUE,TRUE,626.7522467,-91.17455871,196.4413534,-179.9028659,0.050587283,179.7956639,0.810716061,-1.034462897,2.447456888,-0.360085727,0.11273659,-0.473671315,-41.97678566,63.81555976,65.16079101,-74.18184356,-56.89129394,75.80821838,22.12771797,1,1
3.521003008,1,1571997547,AUT,FALSE,TRUE,TRUE,630.6381793,-70.46803041,186.5802789,179.9922235,-0.207068635,-179.9264276,8.240811432,-6.217400752,1.178326849,-0.684513031,-0.457575564,-0.027871049,-39.43009987,64.37679977,64.16832733,-73.95178985,-57.10896606,75.22903976,24.17809296,1,1
3.621819019,1,1571997547,AUT,FALSE,TRUE,TRUE,630.6381793,-70.46803041,186.5802789,179.9922235,-0.207068635,-179.9264276,8.240811432,-6.217400752,1.178326849,-0.684513031,-0.457575564,-0.027871049,-39.43009987,64.37679977,64.16832733,-73.95178985,-57.10896606,75.22903976,24.17809296,1,1
3.722455025,1,1571997547,AUT,FALSE,TRUE,TRUE,633.1741006,-64.33311919,175.0021031,179.9964992,-0.02110953,-179.8913915,1.079229896,-1.657517003,-2.329098323,-0.310850892,-0.043242433,-0.174550489,-38.30512046,64.93029785,62.95049629,-73.95339317,-57.24351562,73.88199577,24.75679092,1,1
3.822983027,1,1571997547,AUT,FALSE,TRUE,TRUE,633.1741006,-64.33311919,175.0021031,179.9964992,-0.02110953,-179.8913915,1.079229896,-1.657517003,-2.329098323,-0.310850892,-0.043242433,-0.174550489,-38.30512046,64.93029785,62.95049629,-73.95339317,-57.24351562,73.88199577,24.75679092,1,1
3.923518181,1,1571997547,AUT,FALSE,TRUE,TRUE,641.626428,-67.16787495,181.5261338,-179.9907638,0.592332237,179.9944854,-13.57827123,2.002213826,-6.849644154,0.006149477,0.242242474,-0.169457499,-38.14415703,65.22896461,63.21533889,-72.95308799,-57.4775354,74.00896339,23.976408,1,1
4.02408123,1,1571997547,AUT,FALSE,TRUE,TRUE,641.626428,-67.16787495,181.5261338,-179.9907638,0.592332237,179.9944854,-13.57827123,2.002213826,-6.849644154,0.006149477,0.242242474,-0.169457499,-38.14415703,65.22896461,63.21533889,-72.95308799,-57.4775354,74.00896339,23.976408,1,1
4.124619007,1,1571997547,AUT,FALSE,TRUE,TRUE,660.2290541,-74.17403504,198.1485144,-179.9137313,0.567476141,179.9821761,-13.58702712,4.882340581,3.355915607,0.740895933,0.896271644,-0.63426946,-36.55890541,65.73938942,63.97313804,-67.27222252,-57.14271606,77.41476631,21.29842529,1,1
4.225187063,1,1571997547,AUT,FALSE,TRUE,TRUE,660.2290541,-74.17403504,198.1485144,-179.9137313,0.567476141,179.9821761,-13.58702712,4.882340581,3.355915607,0.740895933,0.896271644,-0.63426946,-36.55890541,65.73938942,63.97313804,-67.27222252,-57.14271606,77.41476631,21.29842529,1,1
4.325746059,1,1571997547,AUT,FALSE,TRUE,TRUE,684.9545235,-73.66336117,195.3034901,-179.9092092,0.254360079,179.9382772,-3.456102002,2.266166098,6.590365535,0.21080633,0.33745303,-0.375038206,-33.11552581,67.93808326,63.16960487,-60.22191124,-57.22458068,79.46644249,18.83769035,1,1
4.426285028,1,1571997548,AUT,FALSE,TRUE,TRUE,684.9545235,-73.66336117,195.3034901,-179.9092092,0.254360079,179.9382772,-3.456102002,2.266166098,6.590365535,0.21080633,0.33745303,-0.375038206,-33.11552581,67.93808326,63.16960487,-60.22191124,-57.22458068,79.46644249,18.83769035,1,1
4.526881218,1,1571997548,AUT,FALSE,TRUE,TRUE,704.9570771,-64.25793912,174.1894158,-179.9444039,0.201970686,179.9369814,1.872289088,1.819091972,-3.249607638,-0.075965576,-0.692412761,-0.093074963,-29.56165466,71.02336349,61.92951965,-55.15875549,-58.09434082,79.38855972,17.89274597,1,1
4.627398014,1,1571997548,AUT,FALSE,TRUE,TRUE,717.4913664,-57.59081244,167.9875811,-179.9680084,0.170280009,179.9473439,4.087611845,0.637345247,-3.00809081,-0.297382202,-1.068664934,-0.062076483,-27.28630371,72.8252758,61.88365859,-51.46934051,-58.77503723,80.13496399,17.16725692,1,1
4.727902174,1,1571997548,AUT,FALSE,TRUE,TRUE,717.4913664,-57.59081244,167.9875811,-179.9680084,0.170280009,179.9473439,4.087611845,0.637345247,-3.00809081,-0.297382202,-1.068664934,-0.062076483,-27.28630371,72.8252758,61.88365859,-51.46934051,-58.77503723,80.13496399,17.16725692,1,1
4.828507185,1,1571997548,AUT,FALSE,TRUE,TRUE,725.5901659,-48.34292443,167.8769395,-179.8253223,-0.000307751,179.85595,3.492276966,7.457510004,-0.525211879,0.663191502,-0.692585105,-0.501137763,-25.34200172,73.69265671,61.89999389,-48.72692299,-58.84734375,81.07542458,16.66663055,1,1
4.929084063,1,1571997548,AUT,FALSE,TRUE,TRUE,728.9196888,-27.60375476,169.6374955,-179.7728524,-0.032840042,179.7708902,3.492276966,7.457510004,-0.525211879,0.663191502,-0.692585105,-0.501137763,-23.38016968,73.88974456,62.01932602,-47.77524261,-58.84556396,81.49474525,17.8732624,1,1
5.029704094,1,1571997548,AUT,FALSE,TRUE,TRUE,728.9196888,-27.60375476,169.6374955,-179.7728524,-0.032840042,179.7708902,3.879073598,8.293000341,-2.653102964,1.054489928,-0.574085379,-0.836603321,-23.38016968,73.88974456,62.01932602,-47.77524261,-58.84556396,81.49474525,17.8732624,1,1
5.130400181,1,1571997548,AUT,FALSE,TRUE,TRUE,728.7540052,0.472877196,172.5062894,-179.8372645,0.020518071,179.7682486,-5.152399912,7.295869501,-0.612318926,0.649523309,0.869309861,-0.787651806,-21.32134552,73.63359833,62.17700386,-48.02307014,-58.82304199,81.60044403,20.23522682,1,1
5.231564045,1,1571997548,AUT,FALSE,TRUE,TRUE,728.7540052,0.472877196,172.5062894,-179.8372645,0.020518071,179.7682486,-5.152399912,7.295869501,-0.612318926,0.649523309,0.869309861,-0.787651806,-21.32134552,73.63359833,62.17700386,-48.02307014,-58.82304199,81.60044403,20.23522682,1,1
5.332055092,1,1571997548,AUT,FALSE,TRUE,TRUE,727.5860189,40.63682119,176.4590947,-179.8562746,0.032289128,179.8309495,-2.035850184,3.491158346,0.3513245,0.258382593,0.124560758,-0.678191029,-18.68140983,73.35024376,62.21249999,-47.97216568,-58.70513122,81.8847599,23.35828971,1,1
5.432577133,1,1571997549,AUT,FALSE,TRUE,TRUE,727.5860189,40.63682119,176.4590947,-179.8562746,0.032289128,179.8309495,-2.035850184,3.491158346,0.3513245,0.258382593,0.124560758,-0.678191029,-18.68140983,73.35024376,62.21249999,-47.97216568,-58.70513122,81.8847599,23.35828971,1,1
5.533140182,1,1571997549,AUT,FALSE,TRUE,TRUE,725.5856405,70.89219681,175.4437132,-179.9557293,-0.123498277,-179.9173559,2.902205444,-1.778931658,2.062752599,-0.025117702,-0.374595993,-0.155426256,-15.82075538,73.38436317,61.98714294,-47.66270828,-58.70180786,82.05598526,25.80491409,1,1
5.633631229,1,1571997549,AUT,FALSE,TRUE,TRUE,725.5856405,70.89219681,175.4437132,-179.9557293,-0.123498277,-179.9173559,2.902205444,-1.778931658,2.062752599,-0.025117702,-0.374595993,-0.155426256,-15.82075538,73.38436317,61.98714294,-47.66270828,-58.70180786,82.05598526,25.80491409,1,1
5.734174013,1,1571997549,AUT,FALSE,TRUE,TRUE,720.3394418,81.45952302,168.1395072,-179.8508046,-0.654847303,-179.87589,11.03608587,0.084958896,1.701035579,0.034125918,0.182565688,-0.642159208,-14.77733917,73.66403046,61.81022529,-48.47560729,-58.69111267,81.79028091,26.93587418,1,1
5.834701061,1,1571997549,AUT,FALSE,TRUE,TRUE,720.3394418,81.45952302,168.1395072,-179.8508046,-0.654847303,-179.87589,11.03608587,0.084958896,1.701035579,0.034125918,0.182565688,-0.642159208,-15.53831062,73.35558929,61.80899276,-51.60364494,-58.80507385,80.61154747,28.8246849,1,1
5.935230017,1,1571997549,AUT,FALSE,TRUE,TRUE,709.7672377,87.36461757,161.1240429,-179.8302843,-0.847251639,-179.8487163,14.4392955,1.888519465,-1.522055937,0.467575867,-0.07624496,-0.631597589,-15.53831062,73.35558929,61.80899276,-51.60364494,-58.80507385,80.61154747,28.8246849,1,1
6.035753012,1,1571997549,AUT,FALSE,TRUE,TRUE,688.5108988,94.89811892,157.2757694,-179.9244475,-0.789067713,-179.7554877,10.76357871,-3.178775065,-3.348553681,-0.445027972,0.017916149,-0.30136617,-17.36771278,71.80678825,61.91694374,-57.93330459,-58.82069091,78.47395477,32.39126243,1,1
6.136258125,1,1571997549,AUT,FALSE,TRUE,TRUE,688.5108988,94.89811892,157.2757694,-179.9244475,-0.789067713,-179.7554877,10.76357871,-3.178775065,-3.348553681,-0.445027972,0.017916149,-0.30136617,-17.36771278,71.80678825,61.91694374,-57.93330459,-58.82069091,78.47395477,32.39126243,1,1
6.236762047,1,1571997549,AUT,FALSE,TRUE,TRUE,664.228932,95.80214064,158.4771011,179.9930345,-0.644382186,-179.6461703,6.614777117,-1.515587577,-1.802046449,-0.098317539,0.340143489,-0.183772805,-19.88050918,69.67133102,62.16161613,-64.54856758,-58.68708618,76.41953201,35.61772384,1,1
6.337254047,1,1571997549,AUT,FALSE,TRUE,TRUE,636.9502447,87.92625121,159.8454642,-179.9110702,-0.47985704,-179.6856787,-2.370433638,5.25695345,3.563906123,1.056350726,1.414422869,-0.616219206,-23.35215797,67.08705826,62.41123924,-71.86392746,-58.29279785,74.01108513,38.00641594,1,1
6.437751055,1,1571997550,AUT,FALSE,TRUE,TRUE,636.9502447,87.92625121,159.8454642,-179.9110702,-0.47985704,-179.6856787,-2.370433638,5.25695345,3.563906123,1.056350726,1.414422869,-0.616219206,-23.35215797,67.08705826,62.41123924,-71.86392746,-58.29279785,74.01108513,38.00641594,1,1
6.538223028,1,1571997550,AUT,FALSE,TRUE,TRUE,616.7128051,80.25145388,157.8035376,-179.7573862,-0.233191748,-179.8584885,-9.701413623,8.10841712,3.472579301,0.854238734,1.679339564,-1.204523192,-26.24933853,65.31061019,62.55825004,-77.31427917,-58.17312927,71.80233879,39.38714676,1,1
6.638733149,1,1571997550,AUT,FALSE,TRUE,TRUE,604.814242,79.01771292,156.3885167,-179.6218297,0.018965079,179.9010754,-9.701413623,8.10841712,3.472579301,0.854238734,1.679339564,-1.204523192,-27.67956619,64.4083168,62.74994087,-80.35292244,-58.2537799,70.38771514,40.38760642,1,1
6.739236116,1,1571997550,AUT,FALSE,TRUE,TRUE,604.814242,79.01771292,156.3885167,-179.6218297,0.018965079,179.9010754,-13.15181759,13.73677931,0.721070669,1.210201804,1.957070061,-1.78327729,-27.67956619,64.4083168,62.74994087,-80.35292244,-58.2537799,70.38771514,40.38760642,1,1
6.83981514,1,1571997550,AUT,FALSE,TRUE,TRUE,602.2240124,100.8316456,161.9182669,-179.6197779,0.167244545,179.5617319,-13.15181759,13.73677931,0.721070669,1.210201804,1.957070061,-1.78327729,-26.72023315,64.32796211,63.51553001,-80.5542469,-58.34251647,70.67367553,42.33092651,1,1
6.940446138,1,1571997550,AUT,FALSE,TRUE,TRUE,602.2240124,100.8316456,161.9182669,-179.6197779,0.167244545,179.5617319,-9.470265985,13.44608121,0.897249496,0.606628464,0.993626545,-1.859830285,-26.72023315,64.32796211,63.51553001,-80.5542469,-58.34251647,70.67367553,42.33092651,1,1
7.041278124,1,1571997550,AUT,FALSE,TRUE,TRUE,605.4471217,139.1232579,166.3772928,-179.6956013,0.213830552,179.5959746,-8.1738596,8.969885231,2.275206496,0.02409637,0.957823339,-1.325562103,-22.8915596,64.72857856,63.87491684,-78.59511337,-58.35922119,71.96457253,44.96454162,1,1
7.142143011,1,1571997550,AUT,FALSE,TRUE,TRUE,605.4471217,139.1232579,166.3772928,-179.6956013,0.213830552,179.5959746,-8.1738596,8.969885231,2.275206496,0.02409637,0.957823339,-1.325562103,-22.8915596,64.72857856,63.87491684,-78.59511337,-58.35922119,71.96457253,44.96454162,1,1
7.242916107,1,1571997550,AUT,FALSE,TRUE,TRUE,614.0553234,179.744129,165.957066,-179.7781081,0.145656171,179.6854117,-5.665130135,9.296519664,3.939852494,0.508547171,1.00910933,-1.106438354,-17.43859519,65.89520988,63.44300994,-74.55482597,-58.3080194,73.32568588,46.70601539,1,1
7.343427181,1,1571997550,AUT,FALSE,TRUE,TRUE,614.0553234,179.744129,165.957066,-179.7781081,0.145656171,179.6854117,-5.665130135,9.296519664,3.939852494,0.508547171,1.00910933,-1.106438354,-17.43859519,65.89520988,63.44300994,-74.55482597,-58.3080194,73.32568588,46.70601539,1,1
7.443917036,1,1571997551,AUT,FALSE,TRUE,TRUE,623.9158317,215.6001367,160.1424749,-179.8363486,0.03639411,179.7497819,-0.994733641,6.077058423,0.864421466,-0.032955493,0.664005918,-0.868071674,-12.2613327,67.76643562,62.58040809,-69.60262871,-58.41458679,74.43399696,47.53217354,1,1
7.544421196,1,1571997551,AUT,FALSE,TRUE,TRUE,623.9158317,215.6001367,160.1424749,-179.8363486,0.03639411,179.7497819,-0.994733641,6.077058423,0.864421466,-0.032955493,0.664005918,-0.868071674,-12.2613327,67.76643562,62.58040809,-69.60262871,-58.41458679,74.43399696,47.53217354,1,1
7.644957066,1,1571997551,AUT,FALSE,TRUE,TRUE,630.8723574,242.2206364,155.8711094,-179.9501862,-0.323077639,-179.9052113,12.64054296,-3.377764616,-2.031896022,-0.032955493,0.664005918,-0.868071674,-7.649090194,69.83417587,61.87817916,-64.17330894,-58.55715637,75.91433258,47.90051765,1,1
7.745519161,1,1571997551,AUT,FALSE,TRUE,TRUE,630.8723574,242.2206364,155.8711094,-179.9501862,-0.323077639,-179.9052113,12.64054296,-3.377764616,-2.031896022,-1.00201063,-0.98990772,-0.198224809,-7.649090194,69.83417587,61.87817916,-64.17330894,-58.55715637,75.91433258,47.90051765,1,1
7.846033096,1,1571997551,AUT,FALSE,TRUE,TRUE,618.0476436,260.6602409,159.8950109,-179.9513429,-0.636055126,-179.7431567,12.64054296,-3.377764616,-2.031896022,-1.00201063,-0.98990772,-0.198224809,-5.660606,69.52892761,62.41717529,-64.93475761,-58.5561621,76.41528168,50.16522903,1,1
7.946546078,1,1571997551,AUT,FALSE,TRUE,TRUE,618.0476436,260.6602409,159.8950109,-179.9513429,-0.636055126,-179.7431567,12.52177539,-3.195651297,-3.559257212,-0.071090823,-0.454346668,0.048809919,-5.660606,69.52892761,62.41717529,-64.93475761,-58.5561621,76.41528168,50.16522903,1,1
8.047070026,1,1571997551,AUT,FALSE,TRUE,TRUE,618.0476436,260.6602409,159.8950109,-179.9513429,-0.636055126,-179.7431567,12.52177539,-3.195651297,-3.559257212,-0.071090823,-0.454346668,0.048809919,-6.393095394,67.43475838,62.72807808,-70.57893219,-58.19749694,74.9390522,54.04250336,1,1
8.147587061,1,1571997551,AUT,FALSE,TRUE,TRUE,589.4577276,268.9329795,162.5003927,-179.9436498,-0.637158607,-179.565202,7.31747099,2.279309728,3.244319054,1.074475999,0.359811848,-0.102604436,-6.393095394,67.43475838,62.72807808,-70.57893219,-58.19749694,74.9390522,54.04250336,1,1
8.248139143,1,1571997551,AUT,FALSE,TRUE,TRUE,552.9181034,267.4038968,155.7297619,-179.9194976,-0.588290025,-179.6057312,3.853460754,0.729227599,1.40609346,1.074475999,0.359811848,-0.102604436,-8.492956919,65.11313781,62.71936798,-78.63914451,-58.14817382,71.66896476,58.47427826,1,1
8.348618031,1,1571997551,AUT,FALSE,TRUE,TRUE,552.9181034,267.4038968,155.7297619,-179.9194976,-0.588290025,-179.6057312,3.853460754,0.729227599,1.40609346,0.345528366,0.727033142,-0.403856725,-8.492956919,65.11313781,62.71936798,-78.63914451,-58.14817382,71.66896476,58.47427826,1,1
8.449197054,1,1571997552,AUT,FALSE,TRUE,TRUE,517.3154838,260.1182213,151.3039119,-179.7791018,-0.386137561,-179.7144441,-1.308586022,8.181085749,-0.4698424,1.048559954,1.190175542,-0.885147463,-10.90124588,62.70324898,62.95432777,-86.39796753,-58.34240661,68.43546524,62.28007278,1,1
8.549709082,1,1571997552,AUT,FALSE,TRUE,TRUE,517.3154838,260.1182213,151.3039119,-179.7791018,-0.386137561,-179.7144441,-1.308586022,8.181085749,-0.4698424,1.048559954,1.190175542,-0.885147463,-10.90124588,62.70324898,62.95432777,-86.39796753,-58.34240661,68.43546524,62.28007278,1,1
8.650585175,1,1571997552,AUT,FALSE,TRUE,TRUE,499.1621657,255.9366609,155.4595344,-179.7342506,-0.032066778,-179.8618593,-7.40520481,8.938507218,-1.304041237,0.76287992,1.159176323,-1.400114404,-12.40082474,60.86468696,63.59463501,-90.55534858,-58.30070251,67.00658684,64.24452781,1,1
8.751791,1,1571997552,AUT,FALSE,TRUE,TRUE,489.483775,255.6387581,162.8407895,-179.7426658,-0.15152487,-179.8888438,-3.777729401,9.766804826,3.281365609,0.76287992,1.159176323,-1.400114404,-13.05823288,59.61522216,64.29290199,-92.16102104,-57.59558349,67.01548233,64.94619026,1,1
8.852560043,1,1571997552,AUT,FALSE,TRUE,TRUE,489.483775,255.6387581,162.8407895,-179.7426658,-0.15152487,-179.8888438,-3.777729401,9.766804826,3.281365609,1.070889212,1.080720966,-1.427053367,-13.05823288,59.61522216,64.29290199,-92.16102104,-57.59558349,67.01548233,64.94619026,1,1
8.953148127,1,1571997552,AUT,FALSE,TRUE,TRUE,484.5001318,260.6456538,164.8815658,-179.7093393,-0.099662642,-179.9944544,-2.064157762,7.689093201,2.137059878,1.070889212,1.080720966,-1.427053367,-12.78905067,59.14370956,64.3866291,-92.63871689,-57.28333007,66.82498283,65.61248016,1,1
9.05374217,1,1571997552,AUT,FALSE,TRUE,TRUE,484.5001318,260.6456538,164.8815658,-179.7093393,-0.099662642,-179.9944544,-2.064157762,7.689093201,2.137059878,0.582645128,0.811321188,-1.427282516,-12.78905067,59.14370956,64.3866291,-92.63871689,-57.28333007,66.82498283,65.61248016,1,1
9.154301167,1,1571997552,AUT,FALSE,TRUE,TRUE,482.1165579,265.6039361,162.4873692,-179.8819144,-0.118864598,-179.8480252,-2.064157762,7.689093201,2.137059878,0.582645128,0.811321188,-1.427282516,-11.96955299,59.26690063,64.12509956,-92.54706688,-57.3993457,66.75348587,66.41285133,1,1
16.30089211,2,1571997559,AUT,FALSE,FALSE,TRUE,471.9693949,-400.0068135,169.9790038,-179.995719,-0.008134147,-179.9986816,-2.173487607,-0.929673112,1.595819266,-0.244712174,0.545330784,0.044173294,-75.03802528,64.67368813,64.27971153,-78.17959328,-58.50079101,72.77080421,-7.630530169,0.5,1
16.40175319,2,1571997560,AUT,FALSE,TRUE,TRUE,471.9111125,-399.7375562,169.3171397,-179.9865617,-0.04442218,179.9225529,-1.342224078,-0.831198551,2.75135269,-0.378861783,0.378760341,0.044888477,-75.03007393,64.73370781,64.27747306,-78.17837448,-58.50247741,72.78697814,-7.631367875,1,1
16.50241709,2,1571997560,AUT,FALSE,TRUE,TRUE,471.9111125,-399.7375562,169.3171397,-179.9865617,-0.04442218,179.9225529,-1.342224078,-0.831198551,2.75135269,-0.378861783,0.378760341,0.044888477,-75.03007393,64.73370781,64.27747306,-78.17837448,-58.50247741,72.78697814,-7.631367875,1,1
16.60293722,2,1571997560,AUT,FALSE,TRUE,TRUE,472.6955399,-400.5546154,165.7623204,-179.9471868,0.045619863,179.9268671,-2.352600138,-0.14758683,0.884814676,-0.212156046,0.34387847,0.039270928,-74.99994392,65.08461799,64.27637786,-78.11240158,-58.82338806,72.61974907,-7.626259237,1,1
16.70345807,2,1571997560,AUT,FALSE,TRUE,TRUE,472.6955399,-400.5546154,165.7623204,-179.9471868,0.045619863,179.9268671,-2.352600138,-0.14758683,0.884814676,-0.212156046,0.34387847,0.039270928,-74.99994392,65.08461799,64.27637786,-78.11240158,-58.82338806,72.61974907,-7.626259237,1,1
16.80396914,2,1571997560,AUT,FALSE,TRUE,TRUE,478.1903669,-401.463777,164.7366932,-179.9980424,0.337572032,179.97162,-6.877890507,-0.747240108,-0.98343073,-0.367529272,0.295746926,0.081610538,-74.47459831,65.61850204,64.28070716,-77.25264587,-59.09766723,72.55246124,-7.627910619,1,1
16.90449214,2,1571997560,AUT,FALSE,TRUE,TRUE,491.3659318,-399.4347299,167.0022509,-179.94032,0.474796175,-179.9845335,-13.10454571,0.784957909,-0.295438245,0.156638971,1.080327543,-0.035557648,-72.7743885,66.12704544,64.28757706,-75.27422104,-59.0989746,73.23289261,-7.589183813,1,1
17.00509501,2,1571997560,AUT,FALSE,TRUE,TRUE,491.3659318,-399.4347299,167.0022509,-179.94032,0.474796175,-179.9845335,-13.10454571,0.784957909,-0.295438245,0.156638971,1.080327543,-0.035557648,-72.7743885,66.12704544,64.28757706,-75.27422104,-59.0989746,73.23289261,-7.589183813,1,1
17.10559821,2,1571997560,AUT,FALSE,TRUE,TRUE,514.3636521,-395.2191961,172.058607,179.9979082,0.543616325,-179.9751233,-7.86027252,-1.543813626,-0.661731646,-0.397647268,0.207205053,-0.018119186,-69.7790657,66.99402466,64.39627647,-71.61075439,-59.09714538,74.74987793,-7.436456681,1,1
17.20616221,2,1571997560,AUT,FALSE,TRUE,TRUE,514.3636521,-395.2191961,172.058607,179.9979082,0.543616325,-179.9751233,-7.86027252,-1.543813626,-0.661731646,-0.397647268,0.207205053,-0.018119186,-69.7790657,66.99402466,64.39627647,-71.61075439,-59.09714538,74.74987793,-7.436456681,1,1
17.3066771,2,1571997560,AUT,FALSE,TRUE,TRUE,549.8034821,-390.8329032,178.2226413,179.9394912,0.578693966,-179.9643653,-8.325732543,-1.557837615,-0.256955305,-0.373340889,0.342166739,0.336502141,-65.76628189,68.2678482,64.32197456,-66.32915268,-59.1033142,77.16382484,-7.937244419,1,1
17.40717101,2,1571997561,AUT,FALSE,TRUE,TRUE,549.8034821,-390.8329032,178.2226413,179.9394912,0.578693966,-179.9643653,-8.325732543,-1.557837615,-0.256955305,-0.373340889,0.342166739,0.336502141,-65.76628189,68.2678482,64.32197456,-66.32915268,-59.1033142,77.16382484,-7.937244419,1,1
17.50770903,2,1571997561,AUT,FALSE,TRUE,TRUE,585.7976183,-388.9125539,181.4066601,179.9489174,0.526711952,-179.9300591,-5.83784162,-2.086260993,1.756503857,-0.577355311,0.076741251,0.291849542,-59.25574608,70.73931541,63.72822876,-56.77871017,-59.19136962,79.74292373,-9.434488681,1,1
17.60824418,2,1571997561,AUT,FALSE,TRUE,TRUE,585.7976183,-388.9125539,181.4066601,179.9489174,0.526711952,-179.9300591,-5.83784162,-2.086260993,1.756503857,-0.577355311,0.076741251,0.291849542,-59.25574608,70.73931541,63.72822876,-56.77871017,-59.19136962,79.74292373,-9.434488681,1,1
17.70873117,2,1571997561,AUT,FALSE,TRUE,TRUE,610.5275667,-391.3975385,179.3540763,179.9340175,0.316938026,-179.849242,1.774077105,-2.406824528,2.182124654,-0.142662744,0.054367,0.311168104,-54.90468635,72.77129516,63.02242928,-49.82831611,-59.36918884,81.57958717,-11.3917717,1,1
17.80926609,2,1571997561,AUT,FALSE,TRUE,TRUE,610.5275667,-391.3975385,179.3540763,179.9340175,0.316938026,-179.849242,1.774077105,-2.406824528,2.182124654,-0.142662744,0.054367,0.311168104,-51.72199859,74.93109741,62.32136764,-42.78252639,-59.45637634,83.42207679,-14.5007103,1,1
17.90978503,2,1571997561,AUT,FALSE,TRUE,TRUE,625.0589557,-404.4992955,175.2226228,-179.8187236,-0.018126349,179.9523505,11.44586616,6.016885095,-2.417942879,0.307189662,-1.985717595,-0.720741605,-51.72199859,74.93109741,62.32136764,-42.78252639,-59.45637634,83.42207679,-14.5007103,1,1
18.010607,2,1571997561,AUT,FALSE,TRUE,TRUE,633.2579321,-407.8745675,176.7696539,-179.6873601,-0.167500111,179.7396064,13.88045423,12.77675015,-0.79231863,1.331134071,-1.759484812,-1.396099533,-49.66133423,76.24442711,62.3788845,-37.94847336,-59.58146118,85.08992843,-16.80369187,1,1
18.11162305,2,1571997561,AUT,FALSE,TRUE,TRUE,633.2579321,-407.8745675,176.7696539,-179.6873601,-0.167500111,179.7396064,13.88045423,12.77675015,-0.79231863,1.331134071,-1.759484812,-1.396099533,-49.66133423,76.24442711,62.3788845,-37.94847336,-59.58146118,85.08992843,-16.80369187,1,1
18.21240401,2,1571997561,AUT,FALSE,TRUE,TRUE,639.6768268,-389.8008417,176.2600803,-179.6004801,-0.43715842,179.5881898,12.08753027,8.815442246,-0.731358038,0.411301455,-0.718982945,-1.84732946,-48.77913551,76.03080139,62.55123939,-39.02613258,-59.59318359,85.08709259,-14.93389435,1,1
18.31294203,2,1571997561,AUT,FALSE,TRUE,TRUE,639.6768268,-389.8008417,176.2600803,-179.6004801,-0.43715842,179.5881898,12.08753027,8.815442246,-0.731358038,0.411301455,-0.718982945,-1.84732946,-48.77913551,76.03080139,62.55123939,-39.02613258,-59.59318359,85.08709259,-14.93389435,1,1
18.41345215,2,1571997562,AUT,FALSE,TRUE,TRUE,642.5456064,-364.8816889,175.5374417,-179.6398354,-0.491883865,179.5320058,7.378139286,8.839075717,-1.634348119,0.575382202,0.110411041,-1.624970301,-48.81769409,75.06937065,62.83794136,-43.05625076,-59.53978454,84.08726463,-11.44905167,1,1
18.5139811,2,1571997562,AUT,FALSE,TRUE,TRUE,642.7619937,-327.3005515,176.9562018,-179.7337509,-0.403066606,179.5628391,7.378139286,8.839075717,-1.634348119,0.575382202,0.110411041,-1.624970301,-49.18255691,73.34710579,63.40549164,-49.37135696,-59.47893127,82.44353485,-6.047877506,1,1
18.61446619,2,1571997562,AUT,FALSE,TRUE,TRUE,642.7619937,-327.3005515,176.9562018,-179.7337509,-0.403066606,179.5628391,4.863201104,6.837260823,-2.233865931,0.516663371,0.707351308,-1.054356388,-49.18255691,73.34710579,63.40549164,-49.37135696,-59.47893127,82.44353485,-6.047877506,1,1
18.714993,2,1571997562,AUT,FALSE,TRUE,TRUE,638.7627685,-272.2933008,182.5189813,-179.7916134,-0.169260563,179.6137979,4.863201104,6.837260823,-2.233865931,0.516663371,0.707351308,-1.054356388,-49.40709343,70.65420913,64.41790581,-57.96287155,-59.30729187,80.39992332,1.361594006,1,1
18.81557417,2,1571997562,AUT,FALSE,TRUE,TRUE,638.7627685,-272.2933008,182.5189813,-179.7916134,-0.169260563,179.6137979,-3.389820712,4.482353929,-0.647750908,0.291637773,0.767166406,-0.807061453,-49.40709343,70.65420913,64.41790581,-57.96287155,-59.30729187,80.39992332,1.361594006,1,1
18.91606116,2,1571997562,AUT,FALSE,TRUE,TRUE,634.2612212,-222.9512219,187.4025298,-179.8141416,0.002163547,179.6082487,-6.422372548,4.000284433,-0.452755349,0.139497996,0.590656488,-0.769783333,-48.78626633,68.59475669,65.35544815,-64.27567062,-59.13389465,78.91919632,7.735865019,1,1
19.01663208,2,1571997562,AUT,FALSE,TRUE,TRUE,634.2612212,-222.9512219,187.4025298,-179.8141416,0.002163547,179.6082487,-6.422372548,4.000284433,-0.452755349,0.139497996,0.590656488,-0.769783333,-48.78626633,68.59475669,65.35544815,-64.27567062,-59.13389465,78.91919632,7.735865019,1,1
19.11718917,2,1571997562,AUT,FALSE,TRUE,TRUE,630.0516543,-174.9709848,188.8454693,-179.8181076,0.024291456,179.7211108,-8.316436561,4.522278308,2.181387355,0.554484082,1.208156305,-0.639192545,-47.23631859,66.97818718,65.83270111,-69.11506919,-58.90996582,77.63575973,13.41213341,1,1
19.21767902,2,1571997562,AUT,FALSE,TRUE,TRUE,630.0516543,-174.9709848,188.8454693,-179.8181076,0.024291456,179.7211108,-8.316436561,4.522278308,2.181387355,0.554484082,1.208156305,-0.639192545,-47.23631859,66.97818718,65.83270111,-69.11506919,-58.90996582,77.63575973,13.41213341,1,1
19.31821418,2,1571997562,AUT,FALSE,TRUE,TRUE,627.5646423,-126.67457,184.2063723,-179.7979232,-0.014724557,179.7545209,-6.90328696,5.222093962,2.311894505,0.487766113,1.194059179,-0.763650454,-44.60629119,66.05072823,65.71487961,-72.67133674,-58.8142694,76.11731186,18.98012466,1,1
19.41875219,2,1571997563,AUT,FALSE,TRUE,TRUE,627.6617531,-93.41393336,176.9953035,-179.7830924,-0.067796284,179.7617726,-3.543421799,3.025489533,1.564721719,0.487766113,1.194059179,-0.763650454,-42.13774223,65.99826164,65.30991668,-74.22123985,-58.9231549,75.08071746,22.51173477,1,1
19.519238,2,1571997563,AUT,FALSE,TRUE,TRUE,627.6617531,-93.41393336,176.9953035,-179.7830924,-0.067796284,179.7617726,-3.543421799,3.025489533,1.564721719,-0.27441313,0.823570078,-0.841366283,-42.13774223,65.99826164,65.30991668,-74.22123985,-58.9231549,75.08071746,22.51173477,1,1
19.61975622,2,1571997563,AUT,FALSE,TRUE,TRUE,627.8797423,-70.47258891,169.7220979,-179.8397378,-0.180188354,179.8435359,-1.712760179,2.391479228,1.562805244,-0.140739244,1.143290165,-0.592785942,-40.06668205,66.17850952,64.74112701,-74.96259384,-59.06251098,74.28184661,24.98233681,1,1
19.72050405,2,1571997563,AUT,FALSE,TRUE,TRUE,629.5605836,-55.72762286,163.2618314,-179.9714985,-0.078069979,-179.9637161,0.285023365,-3.365670214,-2.163071433,-0.878268355,0.333106246,-0.233968363,-38.67407226,66.3663105,64.16768875,-75.20910988,-59.22583374,73.63220443,26.47336349,1,1
19.82137322,2,1571997563,AUT,FALSE,TRUE,TRUE,629.5605836,-55.72762286,163.2618314,-179.9714985,-0.078069979,-179.9637161,0.285023365,-3.365670214,-2.163071433,-0.878268355,0.333106246,-0.233968363,-38.67407226,66.3663105,64.16768875,-75.20910988,-59.22583374,73.63220443,26.47336349,1,1
19.92207408,2,1571997563,AUT,FALSE,TRUE,TRUE,635.1867014,-55.83224527,164.9655887,179.9980677,0.312222806,-179.8873041,-6.668570221,-0.974068198,-3.778477672,-0.476651291,0.15552943,0.007583748,-37.88357162,66.48915824,63.84101028,-74.22545929,-59.26862548,73.49326171,26.32224998,1,1
20.02266812,2,1571997563,AUT,FALSE,TRUE,TRUE,645.4658497,-62.18705241,173.0016357,-179.955183,0.420258919,-179.9411128,-10.45787185,3.366078339,-0.791583802,0.335527469,0.300214459,-0.353412872,-37.36352005,66.74107475,64.06435546,-71.62448387,-58.98956726,74.78677483,24.63052711,1,1
20.12322307,2,1571997563,AUT,FALSE,TRUE,TRUE,659.2731161,-68.31291212,179.8352791,-179.9009573,0.453485958,-179.9975644,-10.0428657,3.376626974,1.508908929,0.294743404,0.362388503,-0.577097797,-36.27644004,67.40815086,64.17098808,-67.89877624,-58.79741088,76.40051193,22.60570564,1,1
20.22379422,2,1571997563,AUT,FALSE,TRUE,TRUE,659.2731161,-68.31291212,179.8352791,-179.9009573,0.453485958,-179.9975644,-10.0428657,3.376626974,1.508908929,0.294743404,0.362388503,-0.577097797,-36.27644004,67.40815086,64.17098808,-67.89877624,-58.79741088,76.40051193,22.60570564,1,1
20.32432008,2,1571997563,AUT,FALSE,TRUE,TRUE,677.8896409,-70.53645627,181.7572646,-179.8769133,0.339829045,179.9449845,-5.558480113,3.113629486,2.063670582,-0.062468499,0.137227064,-0.627736367,-34.63170776,68.48836441,64.04460754,-63.91556625,-58.81383544,77.79267196,20.46324806,1,1
20.42484117,2,1571997564,AUT,FALSE,TRUE,TRUE,692.3650255,-68.79097119,177.4269118,-179.8914923,0.296297525,179.9373157,-2.027053988,1.543765594,1.185620243,-0.27980139,-0.172350395,-0.332205829,-31.92958946,70.34285316,63.50412139,-58.80040741,-59.0992163,79.02098808,19.16697464,1,1
20.52537918,2,1571997564,AUT,FALSE,TRUE,TRUE,692.3650255,-68.79097119,177.4269118,-179.8914923,0.296297525,179.9373157,-2.027053988,1.543765594,1.185620243,-0.27980139,-0.172350395,-0.332205829,-31.92958946,70.34285316,63.50412139,-58.80040741,-59.0992163,79.02098808,19.16697464,1,1
20.62592006,2,1571997564,AUT,FALSE,TRUE,TRUE,705.5475614,-66.93776453,172.8599877,-179.9703473,0.259472522,179.942402,-5.070484416,5.930697972,1.038541738,0.460048509,0.466255412,-0.06408903,-29.91565475,71.77800407,63.10256081,-55.05694656,-59.36417907,79.75489883,17.99300994,1,1
20.7264452,2,1571997564,AUT,FALSE,TRUE,TRUE,715.4891632,-66.23253806,168.9544915,-179.9922715,-0.011240813,179.9463219,4.734669228,3.045748236,2.349853119,-0.035058948,-0.403887096,-0.159842143,-28.17715416,73.04594993,62.79223137,-51.60430412,-59.50951721,80.67587929,16.76745414,1,1
20.827003,2,1571997564,AUT,FALSE,TRUE,TRUE,722.0395705,-62.67438423,165.0086602,-179.8605601,-0.004390357,179.8448539,4.866507725,7.098316001,-1.886660437,0.345451501,-0.868451303,-0.469087667,-26.96335373,73.95336227,62.64695777,-49.57444267,-59.66297973,80.93892631,16.11232566,1,1
20.92751718,2,1571997564,AUT,FALSE,TRUE,TRUE,722.0395705,-62.67438423,165.0086602,-179.8605601,-0.004390357,179.8448539,4.866507725,7.098316001,-1.886660437,0.345451501,-0.868451303,-0.469087667,-26.96335373,73.95336227,62.64695777,-49.57444267,-59.66297973,80.93892631,16.11232566,1,1
21.02800322,2,1571997564,AUT,FALSE,TRUE,TRUE,725.3804768,-46.16101057,167.762016,-179.7290992,0.01337115,179.6693442,1.916722737,10.2447533,-2.874405325,0.562256483,-0.617446108,-1.15206393,-25.46032447,74.12295341,62.97880325,-48.77513237,-59.73843383,81.36558036,16.93531151,1,1
21.12853622,2,1571997564,AUT,FALSE,TRUE,TRUE,724.6914704,-21.67583251,172.7616245,-179.7732985,-0.060649268,179.689247,-0.580884513,6.722416624,-1.242069069,0.259776363,0.239173788,-1.114959205,-23.80535088,73.70797233,63.30995178,-49.17427597,-59.72507995,81.75786781,19.07575035,1,1
21.229105,2,1571997564,AUT,FALSE,TRUE,TRUE,724.6914704,-21.67583251,172.7616245,-179.7732985,-0.060649268,179.689247,-0.580884513,6.722416624,-1.242069069,0.259776363,0.239173788,-1.114959205,-21.70120468,73.24425659,63.40581779,-49.82058105,-59.64880737,81.76760444,21.74701767,1,1
21.32951808,2,1571997564,AUT,FALSE,TRUE,TRUE,723.1713586,8.721915118,176.2681079,-179.7718812,0.015572757,179.7623531,-5.138201132,3.954020406,0.258653572,0.050309505,0.710976208,-0.929345495,-21.70120468,73.24425659,63.40581779,-49.82058105,-59.64880737,81.76760444,21.74701767,1,1
21.43024015,2,1571997565,AUT,FALSE,TRUE,TRUE,721.6797143,35.94087626,176.9321677,-179.7574226,-0.065073697,179.8348508,-4.736033009,2.960048181,2.972133626,0.001512721,0.892742602,-0.971258137,-19.59279098,73.11257514,63.35348511,-49.93942909,-59.57715454,81.84898567,23.97259025,1,1
21.5311482,2,1571997565,AUT,FALSE,TRUE,TRUE,720.2929425,60.1121594,174.3365081,-179.7678014,-0.104689395,179.8193351,-4.289597004,8.109618236,2.467194429,0.987755028,1.10622204,-1.04487792,-17.58538628,73.28160324,63.22367134,-49.89346848,-59.58164245,81.68242264,25.87816543,1,1
21.63194704,2,1571997565,AUT,FALSE,TRUE,TRUE,718.4501656,82.49770443,168.7201923,-179.8447804,-0.129670961,179.8580216,-3.468934797,4.804715859,3.12725689,0.483806736,1.255278268,-0.874040798,-15.72900581,73.67538757,63.02337341,-49.87693061,-59.724635,81.30214119,27.74751319,1,1
21.73253703,2,1571997565,AUT,FALSE,TRUE,TRUE,718.4501656,82.49770443,168.7201923,-179.8447804,-0.129670961,179.8580216,-3.468934797,4.804715859,3.12725689,0.483806736,1.255278268,-0.874040798,-15.72900581,73.67538757,63.02337341,-49.87693061,-59.724635,81.30214119,27.74751319,1,1
21.8331182,2,1571997565,AUT,FALSE,TRUE,TRUE,717.7814876,97.19853718,161.6193572,-179.9177422,-0.136878932,-179.8942585,0.545386348,-1.442921312,-0.003171291,-0.264059968,0.364723966,-0.376547964,-14.19941711,74.17976303,62.52405853,-49.59385414,-59.89490112,80.88175621,28.95326958,1,1
21.93361616,2,1571997565,AUT,FALSE,TRUE,TRUE,717.4688755,100.3281821,160.1312214,-179.8900136,-0.34883187,-179.7608302,12.65370152,-2.411109501,-5.668251705,-0.203693864,-1.432247966,-0.498399975,-13.69471893,74.37055435,62.34805755,-49.28211364,-59.88668334,81.03102264,29.08719635,1,1
22.0341332,2,1571997565,AUT,FALSE,TRUE,TRUE,712.5397104,100.750693,165.5239883,-179.8350244,-0.699888788,-179.770916,15.84034491,1.097028978,-3.007071964,0.574976834,-0.841893612,-0.754665493,-14.15196648,73.80179558,62.75874366,-50.28472938,-59.72612365,81.52395515,29.52791977,1,1
22.13466001,2,1571997565,AUT,FALSE,TRUE,TRUE,712.5397104,100.750693,165.5239883,-179.8350244,-0.699888788,-179.770916,15.84034491,1.097028978,-3.007071964,0.574976834,-0.841893612,-0.754665493,-14.15196648,73.80179558,62.75874366,-50.28472938,-59.72612365,81.52395515,29.52791977,1,1
22.23515606,2,1571997565,AUT,FALSE,TRUE,TRUE,700.0588915,104.358698,172.2537826,-179.8565537,-0.813568432,-179.7303491,15.13911849,-0.215377548,-1.77869531,0.705275914,-0.558766259,-0.549249396,-15.33753204,72.39479026,63.26997871,-53.70514412,-59.48200195,81.24168548,31.41703606,1,1
22.33570123,2,1571997565,AUT,FALSE,TRUE,TRUE,681.5521739,106.8199661,176.3319138,-179.9472782,-0.734370627,-179.6449778,9.004399219,-3.890040064,0.182909075,-0.089824361,0.121850754,-0.226402603,-17.28282279,70.48868294,63.60965881,-59.07911682,-59.12130981,79.97642784,34.11218147,1,1
22.4362421,2,1571997566,AUT,FALSE,TRUE,TRUE,660.742738,100.9389076,176.5122433,-179.9640132,-0.665038179,-179.5394313,4.841139811,-2.220867367,1.263898389,0.301024746,0.187094949,-0.198107228,-20.02195473,68.48171768,63.64011154,-65.04603538,-58.65398986,78.1018959,36.28581619,1,1
22.53672814,2,1571997566,AUT,FALSE,TRUE,TRUE,660.742738,100.9389076,176.5122433,-179.9640132,-0.665038179,-179.5394313,4.841139811,-2.220867367,1.263898389,0.301024746,0.187094949,-0.198107228,-20.02195473,68.48171768,63.64011154,-65.04603538,-58.65398986,78.1018959,36.28581619,1,1
22.63724923,2,1571997566,AUT,FALSE,TRUE,TRUE,638.9190586,90.99532134,172.4769231,-179.8082775,-0.552579962,-179.7237592,-0.831674299,7.943548472,1.743877074,1.383158972,0.978187441,-0.950733523,-23.29755936,66.69109383,63.65946464,-71.17826729,-58.2786145,75.65279274,37.82851295,1,1
22.73778009,2,1571997566,AUT,FALSE,TRUE,TRUE,612.4451609,83.54652458,163.738842,-179.7736099,-0.228718183,-179.9010925,-10.7308814,9.131188714,0.696010376,0.914364332,1.729419013,-1.203661427,-26.65124587,65.03625412,63.70281601,-78.09864464,-58.52034118,72.41714058,40.19693184,1,1
22.83831501,2,1571997566,AUT,FALSE,TRUE,TRUE,612.4451609,83.54652458,163.738842,-179.7736099,-0.228718183,-179.9010925,-10.7308814,9.131188714,0.696010376,0.914364332,1.729419013,-1.203661427,-26.65124587,65.03625412,63.70281601,-78.09864464,-58.52034118,72.41714058,40.19693184,1,1
22.93883204,2,1571997566,AUT,FALSE,TRUE,TRUE,601.0136474,80.43609762,159.4070946,-179.7278886,-0.019171745,-179.9545729,-15.83417546,9.552639162,2.759490278,0.794527926,2.429413012,-1.342030486,-28.06439323,64.36994018,63.69890899,-81.05400467,-58.82127868,70.92672157,41.24413147,1,1
23.03944921,2,1571997566,AUT,FALSE,TRUE,TRUE,600.6219883,79.88534602,157.7685419,-179.7337951,0.116388169,179.94518,-11.78679447,11.09384006,1.360532318,0.974417173,1.627845173,-1.409369545,-28.27272491,64.41177406,63.64466056,-81.34833526,-58.96308471,70.56973114,41.33378677,1,1
23.14026308,2,1571997566,AUT,FALSE,TRUE,TRUE,604.150829,87.91375263,160.8475562,-179.5849508,0.160548274,179.6863673,-5.502821919,15.19331958,-2.932537757,1.248141559,0.291215113,-1.891666088,-27.46977539,64.74312515,64.06235389,-80.37830772,-58.98153625,71.11112366,41.40928688,1,1
23.24125814,2,1571997566,AUT,FALSE,TRUE,TRUE,606.552666,107.5583848,169.3163243,-179.6342816,0.15133655,179.5672358,-5.112144715,13.35534774,-1.055163011,1.296445939,0.469589062,-1.681621232,-25.56593056,64.91186485,64.99375419,-79.03269539,-58.98115722,72.44282455,42.7142498,1,1
23.34187818,2,1571997566,AUT,FALSE,TRUE,TRUE,606.552666,107.5583848,169.3163243,-179.6342816,0.15133655,179.5672358,-5.112144715,13.35534774,-1.055163011,1.296445939,0.469589062,-1.681621232,-25.56593056,64.91186485,64.99375419,-79.03269539,-58.98115722,72.44282455,42.7142498,1,1
23.44244313,2,1571997567,AUT,FALSE,TRUE,TRUE,610.6137111,139.0824471,178.3618781,-179.7140254,0.249231491,179.5945386,-8.44898569,11.2745156,3.143266207,0.866573828,0.838505943,-1.417920726,-22.77545471,64.98795891,65.40195465,-77.24829597,-58.85023315,73.88450203,44.58145179,1,1
23.54295611,2,1571997567,AUT,FALSE,TRUE,TRUE,616.8783007,165.6729283,181.2808744,-179.7237711,0.255440901,179.6420136,-8.123054556,7.940709707,3.678532365,0.434725743,0.877364477,-1.3553884,-18.33644256,65.61863594,65.05129852,-73.70762558,-58.53805664,74.91355362,45.54162254,1,1
23.64356518,2,1571997567,AUT,FALSE,TRUE,TRUE,616.8783007,165.6729283,181.2808744,-179.7237711,0.255440901,179.6420136,-8.123054556,7.940709707,3.678532365,0.434725743,0.877364477,-1.3553884,-18.33644256,65.61863594,65.05129852,-73.70762558,-58.53805664,74.91355362,45.54162254,1,1
23.74404812,2,1571997567,AUT,FALSE,TRUE,TRUE,623.556428,191.3518678,179.7204561,-179.7650854,0.141500443,179.6543645,-2.942813953,8.724111632,2.948136299,0.755783843,0.429312001,-1.280895082,-14.70748672,66.68492774,64.53330688,-70.37602501,-58.51584777,75.81178207,46.25531158,1,1
23.84457207,2,1571997567,AUT,FALSE,TRUE,TRUE,629.6272177,216.182984,174.0397175,-179.8139672,0.090567061,179.7610136,-0.395553005,5.312060365,1.402817405,0.287690643,0.518326931,-1.011438862,-11.07337074,68.04797744,63.80605659,-67.01624107,-58.71636474,76.40120201,46.91238327,1,1
23.94510007,2,1571997567,AUT,FALSE,TRUE,TRUE,634.4630437,236.8548655,167.2324817,-179.8598534,-0.040222557,179.8857029,1.943663425,1.309653776,-0.005312865,-0.251103679,0.253183898,-0.775898739,-7.966080087,69.42675819,63.15490379,-63.93945808,-58.92826904,76.89481086,47.27485656,1,1
24.04562402,2,1571997567,AUT,FALSE,TRUE,TRUE,634.4630437,236.8548655,167.2324817,-179.8598534,-0.040222557,179.8857029,1.943663425,1.309653776,-0.005312865,-0.251103679,0.253183898,-0.775898739,-7.966080087,69.42675819,63.15490379,-63.93945808,-58.92826904,76.89481086,47.27485656,1,1
24.14614105,2,1571997567,AUT,FALSE,TRUE,TRUE,637.9850436,251.941941,161.6550263,-179.9543715,-0.142108638,-179.9371404,6.085172702,-4.182569907,-1.950819058,-1.099327507,-0.288262558,-0.329574535,-5.583904263,70.59235954,62.71701965,-61.44830818,-59.20310852,77.36663246,47.56916999,1,1
24.24664712,2,1571997567,AUT,FALSE,TRUE,TRUE,638.7846477,259.6092888,160.5376199,-179.9170362,-0.318825659,-179.8233033,11.75485834,-3.810170441,-3.788140834,-0.88038268,-1.113460422,-0.283049591,-4.404381175,71.11588554,62.66845321,-60.17816162,-59.30034851,77.86992645,47.63598404,1,1
24.34714913,2,1571997567,AUT,FALSE,TRUE,TRUE,633.1623696,263.4941599,165.6624551,-179.9371377,-0.487602759,-179.7074464,13.65919483,-3.482742877,-6.357367179,-0.152380746,-0.963172532,-0.144081696,-4.315656275,70.70128898,63.14180259,-60.84954299,-59.29269104,78.34894409,48.46170273,1,1
24.44765401,2,1571997568,AUT,FALSE,TRUE,TRUE,633.1623696,263.4941599,165.6624551,-179.9371377,-0.487602759,-179.7074464,13.65919483,-3.482742877,-6.357367179,-0.152380746,-0.963172532,-0.144081696,-4.315656275,70.70128898,63.14180259,-60.84954299,-59.29269104,78.34894409,48.46170273,1,1
24.54814816,2,1571997568,AUT,FALSE,TRUE,TRUE,618.1905135,266.6978408,176.7350874,-179.9178682,-0.638016023,-179.6737051,12.3678828,-0.987944294,-3.498770117,0.468566703,-0.703488829,-0.210215248,-5.140629956,69.11050644,63.99138221,-63.84300842,-58.88111022,78.50809135,50.34356117,1,1
24.64864922,2,1571997568,AUT,FALSE,TRUE,TRUE,618.1905135,266.6978408,176.7350874,-179.9178682,-0.638016023,-179.6737051,12.3678828,-0.987944294,-3.498770117,0.468566703,-0.703488829,-0.210215248,-5.140629956,69.11050644,63.99138221,-63.84300842,-58.88111022,78.50809135,50.34356117,1,1
24.74920821,2,1571997568,AUT,FALSE,TRUE,TRUE,586.8853681,267.5518155,184.8039827,-179.9689263,-0.686658069,-179.6262858,7.698108596,-3.662760889,2.044918035,-0.106642428,0.116744172,-0.183994878,-7.209407038,66.19632454,64.71339683,-70.75954056,-57.96979431,77.04107323,54.14546928,1,1
24.84974623,2,1571997568,AUT,FALSE,TRUE,TRUE,552.5513192,261.3682142,177.1928206,-179.9145557,-0.604913256,-179.6668326,3.356456169,2.73716423,5.223220722,0.3663552,1.071001629,-0.666531323,-9.841429138,63.75105629,64.60428199,-78.88610687,-57.53894348,73.59055938,57.93759956,1,1
24.95041203,2,1571997568,AUT,FALSE,TRUE,TRUE,552.5513192,261.3682142,177.1928206,-179.9145557,-0.604913256,-179.6668326,3.356456169,2.73716423,5.223220722,0.3663552,1.071001629,-0.666531323,-9.841429138,63.75105629,64.60428199,-78.88610687,-57.53894348,73.59055938,57.93759956,1,1
25.05109119,2,1571997568,AUT,FALSE,TRUE,TRUE,517.0440756,252.2696728,162.7007496,-179.7954716,-0.433921584,-179.7924121,-4.046615181,9.775680622,0.909102733,1.147624722,1.496368958,-1.035636338,-12.5090023,61.94134712,64.42384186,-87.04798736,-58.08831481,69.47660522,61.81812172,1,1
25.15180707,2,1571997568,AUT,FALSE,TRUE,TRUE,496.2404777,244.9737009,155.5893634,-179.7135086,-0.125300498,-179.8825685,-10.57777636,12.99991774,1.835520992,1.454855665,2.087344001,-1.459293539,-14.23271599,60.76406936,64.44927864,-91.92921981,-58.78604003,67.03909263,64.1129734,1,1
25.25241709,2,1571997568,AUT,FALSE,TRUE,TRUE,496.2404777,244.9737009,155.5893634,-179.7135086,-0.125300498,-179.8825685,-10.57777636,12.99991774,1.835520992,1.454855665,2.087344001,-1.459293539,-14.23271599,60.76406936,64.44927864,-91.92921981,-58.78604003,67.03909263,64.1129734,1,1
25.35296106,2,1571997568,AUT,FALSE,TRUE,TRUE,491.9159331,242.8595032,154.6855007,-179.6765667,-0.032436906,-179.9737159,-8.885639721,13.77639197,3.103898347,1.381889099,1.977414866,-1.717171688,-14.76428604,60.36189423,64.44915161,-93.12861099,-58.86574584,66.39040833,64.49233818,1,1
25.45348811,2,1571997569,AUT,FALSE,TRUE,TRUE,492.3197491,246.4109732,153.7707403,-179.6220643,-0.148043643,179.9151896,-2.227269451,12.50329734,3.882451052,0.855378693,0.998959688,-1.892950215,-14.37148361,60.63031082,64.4288681,-92.74185448,-58.86421325,66.45426979,64.53814087,1,1
25.55395508,2,1571997569,AUT,FALSE,TRUE,TRUE,489.3341623,253.9577939,149.8293294,-179.726677,-0.353833898,-179.9545389,1.829017253,7.025460013,4.936996971,0.315238383,1.154157808,-1.338784283,-13.38221969,61.18158416,64.31518707,-92.44361686,-59.16146484,66.58438911,65.50064278,1,1
32.18117619,3,1571997575,AUT,FALSE,FALSE,TRUE,471.9640989,-400.0108867,169.9677986,179.9981152,-0.01009736,-179.9980514,-2.570600735,-0.797885872,1.720313739,-0.225817923,0.636900891,0.100204476,-74.98291854,64.57257957,64.11651306,-78.17933235,-58.34443908,72.67526779,-7.686237719,0.5,1
32.28202415,3,1571997575,AUT,FALSE,TRUE,TRUE,471.9050756,-399.797525,169.6828295,-179.9848858,-0.055892467,179.9637221,-1.259921727,-1.015364967,3.121849606,-0.394569811,0.400334141,0.093727515,-74.9681694,64.59713401,64.11506767,-78.17686729,-58.34512023,72.71338691,-7.689591981,1,1
32.38256717,3,1571997575,AUT,FALSE,TRUE,TRUE,473.332306,-399.5126233,167.553288,-179.8874545,0.177241762,179.9325544,-5.877936824,-0.170318701,0.921957711,-0.385431872,0.47249803,0.10993525,-74.88946953,64.82459221,64.11561355,-78.09201508,-58.43826782,72.50285797,-7.688829806,1,1
32.48317719,3,1571997576,AUT,FALSE,TRUE,TRUE,473.332306,-399.5126233,167.553288,-179.8874545,0.177241762,179.9325544,-5.877936824,-0.170318701,0.921957711,-0.385431872,0.47249803,0.10993525,-74.88946953,64.82459221,64.11561355,-78.09201508,-58.43826782,72.50285797,-7.688829806,1,1
32.58370113,3,1571997576,AUT,FALSE,TRUE,TRUE,482.5074513,-398.8744736,167.7365777,-179.9972711,0.489130795,-179.9943053,-14.12460171,-0.224232112,-1.581397002,-0.268015952,1.014510276,0.142376754,-73.89540253,65.31419449,64.12026214,-76.92101669,-58.67015625,72.56063919,-7.489881138,1,1
32.68420315,3,1571997576,AUT,FALSE,TRUE,TRUE,498.9511668,-395.6865136,171.1328961,179.9949656,0.616146106,179.9748308,-12.82062795,-2.723466231,0.662842919,-0.653125121,0.847122086,0.08959629,-71.80851516,65.97793007,64.2762474,-74.48150253,-58.70702636,73.57553901,-7.320063406,1,1
32.78473401,3,1571997576,AUT,FALSE,TRUE,TRUE,521.5737114,-391.7165035,176.2371664,179.9523887,0.694157348,-179.9957126,-12.47975105,-2.497383403,-0.010036106,-0.397835737,1.005037077,0.16739801,-68.79902,66.87649841,64.39115753,-70.76514701,-58.7468518,75.09587173,-7.251340487,1,1
32.88526917,3,1571997576,AUT,FALSE,TRUE,TRUE,521.5737114,-391.7165035,176.2371664,179.9523887,0.694157348,-179.9957126,-12.47975105,-2.497383403,-0.010036106,-0.397835737,1.005037077,0.16739801,-68.79902,66.87649841,64.39115753,-70.76514701,-58.7468518,75.09587173,-7.251340487,1,1
32.98577714,3,1571997576,AUT,FALSE,TRUE,TRUE,548.2612452,-387.5767305,181.5854552,179.9370329,0.688665919,-179.9502643,-12.5147234,-1.54185549,0.060977179,-0.166878246,0.932781995,0.302227228,-64.95864944,68.05171623,64.3002079,-65.77927322,-58.78489196,76.98793716,-7.545204169,1,1
33.08633113,3,1571997576,AUT,FALSE,TRUE,TRUE,575.5393364,-385.4713252,184.8024966,179.9067284,0.628062181,-179.8553558,-7.395926887,-2.212817489,0.883290405,-0.008375524,0.784420046,0.385175665,-60.7953907,69.52289199,63.93330917,-59.91883964,-58.88914123,78.94134063,-8.410635,1,1
33.18686104,3,1571997576,AUT,FALSE,TRUE,TRUE,601.1334549,-387.9168336,185.8336042,179.912657,0.535222801,-179.7957572,-0.040167294,-5.639102277,0.743889494,-0.712968739,-0.417182897,0.310884187,-56.60202598,71.35315246,63.30967369,-53.03984298,-58.97915771,80.93796844,-10.25767365,1,1
33.28736305,3,1571997576,AUT,FALSE,TRUE,TRUE,601.1334549,-387.9168336,185.8336042,179.912657,0.535222801,-179.7957572,-0.040167294,-5.639102277,0.743889494,-0.712968739,-0.417182897,0.310884187,-56.60202598,71.35315246,63.30967369,-53.03984298,-58.97915771,80.93796844,-10.25767365,1,1
33.38790703,3,1571997576,AUT,FALSE,TRUE,TRUE,624.2300148,-396.8817333,183.0461169,-179.8911881,0.293262404,-179.9136105,4.596266458,3.148755232,1.85800455,0.00356417,-0.86552736,-0.498163935,-52.20868949,73.90187416,62.49203682,-44.30204887,-59.08573059,83.26985779,-13.67335739,1,1
33.48850012,3,1571997577,AUT,FALSE,TRUE,TRUE,624.2300148,-396.8817333,183.0461169,-179.8911881,0.293262404,-179.9136105,4.596266458,3.148755232,1.85800455,0.00356417,-0.86552736,-0.498163935,-52.20868949,73.90187416,62.49203682,-44.30204887,-59.08573059,83.26985779,-13.67335739,1,1
33.58906507,3,1571997577,AUT,FALSE,TRUE,TRUE,638.8795281,-399.8956767,177.4939479,-179.7511921,-0.083614276,179.7730618,16.27938738,11.62294305,-2.749924235,1.226113462,-2.346839686,-1.379615382,-48.96088371,76.07225074,62.23392677,-38.09195823,-59.48813781,84.91375579,-15.9566597,1,1
33.68952203,3,1571997577,AUT,FALSE,TRUE,TRUE,638.8795281,-399.8956767,177.4939479,-179.7511921,-0.083614276,179.7730618,16.27938738,11.62294305,-2.749924235,1.226113462,-2.346839686,-1.379615382,-48.96088371,76.07225074,62.23392677,-38.09195823,-59.48813781,84.91375579,-15.9566597,1,1
33.79021215,3,1571997577,AUT,FALSE,TRUE,TRUE,650.6219838,-387.751956,176.5282569,-179.6243229,-0.403026741,179.6854505,17.93637564,9.606779558,-2.667027591,0.617865091,-1.700314578,-1.811073712,-46.62234077,76.93519592,62.34829444,-35.56439209,-59.73729675,85.93347244,-15.82568551,1,1
33.89096713,3,1571997577,AUT,FALSE,TRUE,TRUE,650.6219838,-387.751956,176.5282569,-179.6243229,-0.403026741,179.6854505,17.93637564,9.606779558,-2.667027591,0.617865091,-1.700314578,-1.811073712,-46.59215584,76.01656036,62.55109176,-37.46665764,-59.61101989,86.05146561,-14.18038674,1,1
33.99168301,3,1571997577,AUT,FALSE,TRUE,TRUE,651.5220774,-375.593788,182.3797819,-179.5944804,-0.605345405,179.6984911,12.94323528,7.982865548,-2.787858711,0.740696112,-0.394276661,-1.917476377,-46.59215584,76.01656036,62.55109176,-37.46665764,-59.61101989,86.05146561,-14.18038674,1,1
34.0922842,3,1571997577,AUT,FALSE,TRUE,TRUE,649.2391421,-355.3750737,187.9803762,-179.5669901,-0.710541306,179.6258293,7.938075997,10.44135853,1.416069615,1.142592989,0.247653904,-2.010839417,-47.38751793,74.45177078,63.00052185,-41.96403122,-59.30745117,85.44721756,-11.06315346,1,1
34.19279718,3,1571997577,AUT,FALSE,TRUE,TRUE,649.2391421,-355.3750737,187.9803762,-179.5669901,-0.710541306,179.6258293,7.938075997,10.44135853,1.416069615,1.142592989,0.247653904,-2.010839417,-47.38751793,74.45177078,63.00052185,-41.96403122,-59.30745117,85.44721756,-11.06315346,1,1
34.29331303,3,1571997577,AUT,FALSE,TRUE,TRUE,643.4820857,-319.6546003,184.8730022,-179.6122603,-0.648770171,179.5541031,9.317446443,7.895947619,-0.943496894,0.845694352,0.164024207,-1.494821886,-48.7005043,72.57556686,63.46982689,-49.79175224,-59.04930541,83.16912689,-5.497754294,1,1
34.39385104,3,1571997578,AUT,FALSE,TRUE,TRUE,643.4820857,-319.6546003,184.8730022,-179.6122603,-0.648770171,179.5541031,9.317446443,7.895947619,-0.943496894,0.845694352,0.164024207,-1.494821886,-48.7005043,72.57556686,63.46982689,-49.79175224,-59.04930541,83.16912689,-5.497754294,1,1
34.49432206,3,1571997578,AUT,FALSE,TRUE,TRUE,628.8383381,-258.8511414,181.9623977,-179.8047544,-0.157454827,179.58954,-7.387703553,5.202775538,-3.087202481,0.55383834,1.051515125,-0.586377745,-50.45485268,69.51780395,64.57775344,-62.13927956,-59.01628051,79.17349548,3.837452312,1,1
34.59481311,3,1571997578,AUT,FALSE,TRUE,TRUE,628.8383381,-258.8511414,181.9623977,-179.8047544,-0.157454827,179.58954,-7.387703553,5.202775538,-3.087202481,0.55383834,1.051515125,-0.586377745,-50.45485268,69.51780395,64.57775344,-62.13927956,-59.01628051,79.17349548,3.837452312,1,1
34.69537616,3,1571997578,AUT,FALSE,TRUE,TRUE,614.9392295,-200.3839959,189.5797848,-179.9085742,0.106494763,179.686079,-12.88209472,3.58670367,-1.713104336,0.640027099,1.433651017,-0.340723673,-50.53318519,66.38020477,65.99966926,-70.9592514,-58.81434082,77.04996528,11.74547309,1,1
34.79586315,3,1571997578,AUT,FALSE,TRUE,TRUE,611.237794,-158.2614307,194.2861725,-179.8810622,0.164149828,179.74674,-14.06605675,3.457844718,2.223251501,0.621962169,1.581950576,-0.480158374,-48.91189155,64.73153801,66.46589469,-74.6393795,-58.33686401,76.17202721,16.59460487,1,1
34.89637017,3,1571997578,AUT,FALSE,TRUE,TRUE,611.237794,-158.2614307,194.2861725,-179.8810622,0.164149828,179.74674,-14.06605675,3.457844718,2.223251501,0.621962169,1.581950576,-0.480158374,-48.91189155,64.73153801,66.46589469,-74.6393795,-58.33686401,76.17202721,16.59460487,1,1
34.99691606,3,1571997578,AUT,FALSE,TRUE,TRUE,614.7277108,-122.1914046,192.008233,-179.8133799,0.14343153,179.7487611,-8.392685698,4.144674712,2.731882998,0.298158458,1.251813153,-0.902818121,-46.05589599,64.29062919,66.19656486,-75.87342911,-58.09691162,75.4873146,20.14732589,1,1
35.09742904,3,1571997578,AUT,FALSE,TRUE,TRUE,614.7277108,-122.1914046,192.008233,-179.8133799,0.14343153,179.7487611,-8.392685698,4.144674712,2.731882998,0.298158458,1.251813153,-0.902818121,-42.32209968,64.70337524,65.6890995,-75.93010139,-58.26178344,74.91276741,23.79006614,1,1
35.19796014,3,1571997578,AUT,FALSE,TRUE,TRUE,621.4155859,-84.26811493,185.1241205,-179.9322462,0.034239261,179.7980611,-1.403558127,0.683717961,1.336361405,-0.339337859,0.442440473,-0.409345224,-42.32209968,64.70337524,65.6890995,-75.93010139,-58.26178344,74.91276741,23.79006614,1,1
35.298491,3,1571997578,AUT,FALSE,TRUE,TRUE,621.4155859,-84.26811493,185.1241205,-179.9322462,0.034239261,179.7980611,-1.403558127,0.683717961,1.336361405,-0.339337859,0.442440473,-0.409345224,-38.65865021,65.40536728,64.42319641,-75.19375305,-58.56002929,74.25683555,26.50197944,1,1
35.39897799,3,1571997579,AUT,FALSE,TRUE,TRUE,628.5614253,-56.1265262,174.2578613,179.9228154,-0.075882109,-179.8707927,3.006891006,-6.107638453,-2.288387276,-0.592001636,-0.159985172,0.353915914,-38.65865021,65.40536728,64.42319641,-75.19375305,-58.56002929,74.25683555,26.50197944,1,1
35.49949503,3,1571997579,AUT,FALSE,TRUE,TRUE,628.5614253,-56.1265262,174.2578613,179.9228154,-0.075882109,-179.8707927,3.006891006,-6.107638453,-2.288387276,-0.592001636,-0.159985172,0.353915914,-37.43727608,65.97701682,63.80782471,-72.90038452,-58.53667236,74.27934036,25.51692466,1,1
35.60012913,3,1571997579,AUT,FALSE,TRUE,TRUE,640.7467667,-57.40337483,174.2429355,179.9626532,0.429302211,-179.8821159,-10.91897481,0.567833586,-1.228298464,0.036323664,0.508618022,0.061611215,-37.43727608,65.97701682,63.80782471,-72.90038452,-58.53667236,74.27934036,25.51692466,1,1
35.70101213,3,1571997579,AUT,FALSE,TRUE,TRUE,656.7338788,-63.78001417,180.2237984,-179.9297295,0.47495229,179.9482376,-13.14706853,7.124879034,3.034018714,1.020924159,1.226959399,-0.417735591,-36.21415786,66.98393097,63.86960907,-68.69715271,-58.45313232,75.93163261,23.24523353,1,1
35.80163407,3,1571997579,AUT,FALSE,TRUE,TRUE,656.7338788,-63.78001417,180.2237984,-179.9297295,0.47495229,179.9482376,-13.14706853,7.124879034,3.034018714,1.020924159,1.226959399,-0.417735591,-36.21415786,66.98393097,63.86960907,-68.69715271,-58.45313232,75.93163261,23.24523353,1,1
35.90242004,3,1571997579,AUT,FALSE,TRUE,TRUE,689.8608444,-66.15213076,180.152077,-179.9749033,0.399544414,179.9149569,-13.14706853,7.124879034,3.034018714,1.020924159,1.226959399,-0.417735591,-32.77883263,69.34679832,63.54495277,-61.0463665,-58.76442443,78.36627159,19.73362198,1,1
36.00295401,3,1571997579,AUT,FALSE,TRUE,TRUE,689.8608444,-66.15213076,180.152077,-179.9749033,0.399544414,179.9149569,-9.865637498,7.60494624,-2.192652138,0.13191492,0.507586246,-0.416738858,-32.77883263,69.34679832,63.54495277,-61.0463665,-58.76442443,78.36627159,19.73362198,1,1
36.10356021,3,1571997579,AUT,FALSE,TRUE,TRUE,689.8608444,-66.15213076,180.152077,-179.9749033,0.399544414,179.9149569,-9.865637498,7.60494624,-2.192652138,0.13191492,0.507586246,-0.416738858,-32.77883263,69.34679832,63.54495277,-61.0463665,-58.76442443,78.36627159,19.73362198,1,1
36.20414114,3,1571997579,AUT,FALSE,TRUE,TRUE,716.464376,-59.4937316,177.3463302,-179.9138125,0.17058154,179.8951702,2.195803085,6.379788314,-2.109280781,0.701104041,-0.429454741,-0.306172715,-27.76045989,72.46308403,63.08331413,-51.55816498,-59.2905487,81.11783523,17.13206634,1,1
36.30463099,3,1571997579,AUT,FALSE,TRUE,TRUE,728.4442632,-47.69087612,178.5673183,-179.8559045,0.110931665,179.7798672,6.374755415,4.305425475,-3.669639536,-0.077898517,-1.317808957,-0.49213166,-25.13867912,73.57718353,63.09100799,-47.60150413,-59.44513732,82.37038307,16.42586174,1,1
36.40519118,3,1571997580,AUT,FALSE,TRUE,TRUE,728.4442632,-47.69087612,178.5673183,-179.8559045,0.110931665,179.7798672,6.374755415,4.305425475,-3.669639536,-0.077898517,-1.317808957,-0.49213166,-25.13867912,73.57718353,63.09100799,-47.60150413,-59.44513732,82.37038307,16.42586174,1,1
36.50572515,3,1571997580,AUT,FALSE,TRUE,TRUE,734.5946227,-25.10147783,183.3801131,-179.8533046,0.05072914,179.7421951,4.947786306,6.525628489,-1.287875961,0.395498246,-0.918428297,-0.850186264,-22.50693512,73.84190598,63.20129699,-45.52983284,-59.43095397,83.34044838,17.3173233,1,1
36.60622621,3,1571997580,AUT,FALSE,TRUE,TRUE,735.5060886,7.658196903,185.3118495,-179.8179159,0.022093197,179.7272479,4.947786306,6.525628489,-1.287875961,0.395498246,-0.918428297,-0.850186264,-19.83928299,73.77895774,63.26585541,-45.18993644,-59.37453918,83.59180526,19.68320159,1,1
36.70672417,3,1571997580,AUT,FALSE,TRUE,TRUE,735.5060886,7.658196903,185.3118495,-179.8179159,0.022093197,179.7272479,-4.200496563,11.23120639,0.519588448,1.583871267,0.521924633,-0.712899692,-19.83928299,73.77895774,63.26585541,-45.18993644,-59.37453918,83.59180526,19.68320159,1,1
36.807235,3,1571997580,AUT,FALSE,TRUE,TRUE,734.1912598,40.86133083,184.9165159,-179.8358213,-0.015643465,179.7800989,-2.028133747,1.690144405,0.091365433,-0.159070014,0.127651112,-0.609490588,-17.22908249,73.76733284,63.21558609,-45.25751266,-59.37018859,83.57472153,22.35476074,1,1
36.90773106,3,1571997580,AUT,FALSE,TRUE,TRUE,734.1912598,40.86133083,184.9165159,-179.8358213,-0.015643465,179.7800989,-2.028133747,1.690144405,0.091365433,-0.159070014,0.127651112,-0.609490588,-17.22908249,73.76733284,63.21558609,-45.25751266,-59.37018859,83.57472153,22.35476074,1,1
37.00824118,3,1571997580,AUT,FALSE,TRUE,TRUE,731.5220087,77.04541574,181.5115523,-179.8415435,-0.079758227,179.8765274,-1.674608434,4.407092813,1.066679182,0.421891848,0.39205889,-0.540705428,-14.6811161,73.96967697,62.98176269,-45.1946743,-59.38958496,83.38454475,25.19567413,1,1
37.10879016,3,1571997580,AUT,FALSE,TRUE,TRUE,731.5220087,77.04541574,181.5115523,-179.8415435,-0.079758227,179.8765274,-1.674608434,4.407092813,1.066679182,0.421891848,0.39205889,-0.540705428,-14.6811161,73.96967697,62.98176269,-45.1946743,-59.38958496,83.38454475,25.19567413,1,1
37.20927906,3,1571997580,AUT,FALSE,TRUE,TRUE,727.9704225,94.52406631,176.0509295,-179.9699219,-0.463707469,-179.7786487,11.21972325,-4.038601874,-0.843748827,-0.493368472,-0.480539077,-0.141437785,-12.74113655,74.27082253,62.59868659,-45.28704872,-59.4392102,83.35069313,26.84460525,1,1
37.30980015,3,1571997580,AUT,FALSE,TRUE,TRUE,727.9704225,94.52406631,176.0509295,-179.9699219,-0.463707469,-179.7786487,11.21972325,-4.038601874,-0.843748827,-0.493368472,-0.480539077,-0.141437785,-12.74113655,74.27082253,62.59868659,-45.28704872,-59.4392102,83.35069313,26.84460525,1,1
37.41062212,3,1571997581,AUT,FALSE,TRUE,TRUE,720.2569927,96.60501595,174.5104159,-179.8609725,-0.851682876,-179.7524255,17.53379811,0.703501477,0.635602603,0.964823923,-0.183574846,-0.543071136,-13.27437858,73.85322533,62.70911636,-47.37269325,-59.30579772,83.06493873,27.85687866,1,1
37.51139021,3,1571997581,AUT,FALSE,TRUE,TRUE,703.3141162,101.0314803,172.0693011,-179.9057994,-0.90758225,-179.7005585,17.53379811,0.703501477,0.635602603,0.964823923,-0.183574846,-0.543071136,-15.0607418,72.53411751,62.92729111,-52.75567474,-59.19535217,81.48869934,30.69256324,1,1
37.61205912,3,1571997581,AUT,FALSE,TRUE,TRUE,703.3141162,101.0314803,172.0693011,-179.9057994,-0.90758225,-179.7005585,12.59614685,1.556573509,-0.732248708,1.232319447,-0.159157974,-0.311807452,-15.0607418,72.53411751,62.92729111,-52.75567474,-59.19535217,81.48869934,30.69256324,1,1
37.71262908,3,1571997581,AUT,FALSE,TRUE,TRUE,663.4922071,100.8388468,165.2515768,-179.9617761,-0.640607432,-179.6179664,1.688010717,0.604960234,1.502024495,1.232319447,-0.159157974,-0.311807452,-18.87333412,69.89052543,63.07315864,-62.86983604,-59.05332092,77.97151909,35.42705955,1,1
37.81316614,3,1571997581,AUT,FALSE,TRUE,TRUE,663.4922071,100.8388468,165.2515768,-179.9617761,-0.640607432,-179.6179664,1.688010717,0.604960234,1.502024495,0.890970409,0.803595968,-0.26527885,-18.87333412,69.89052543,63.07315864,-62.86983604,-59.05332092,77.97151909,35.42705955,1,1
37.91370511,3,1571997581,AUT,FALSE,TRUE,TRUE,635.0351856,93.21888158,156.6617532,-179.7914098,-0.415378894,-179.7960477,-7.662317091,6.222232299,3.782137677,0.890970409,0.803595968,-0.26527885,-23.32501144,67.41946334,63.09433823,-72.31080322,-58.98011352,74.14255371,38.78183784,1,1
38.01423407,3,1571997581,AUT,FALSE,TRUE,TRUE,635.0351856,93.21888158,156.6617532,-179.7914098,-0.415378894,-179.7960477,-7.662317091,6.222232299,3.782137677,0.819450739,1.738443373,-1.00218001,-23.32501144,67.41946334,63.09433823,-72.31080322,-58.98011352,74.14255371,38.78183784,1,1
38.11473107,3,1571997581,AUT,FALSE,TRUE,TRUE,613.1609499,89.14433989,153.0181926,-179.6698686,0.025427088,179.9129741,-14.75423787,15.48735313,-0.586325213,0.819450739,1.738443373,-1.00218001,-26.09316788,65.94726791,63.16915855,-78.1906826,-59.29272949,71.36406326,40.79494514,1,1
38.21527004,3,1571997581,AUT,FALSE,TRUE,TRUE,613.1609499,89.14433989,153.0181926,-179.6698686,0.025427088,179.9129741,-14.75423787,15.48735313,-0.586325213,1.825467312,2.149842081,-1.724608014,-26.09316788,65.94726791,63.16915855,-78.1906826,-59.29272949,71.36406326,40.79494514,1,1
38.31579113,3,1571997581,AUT,FALSE,TRUE,TRUE,608.2225588,110.4645397,162.8626921,-179.6010574,0.131407976,179.5950671,-8.916417338,12.6085599,0.613052845,0.74355059,0.892223863,-1.928346033,-25.46931953,65.48665237,64.27143745,-78.86460113,-59.27762878,71.78574257,42.40473747,1,1
38.41628003,3,1571997582,AUT,FALSE,TRUE,TRUE,608.2225588,110.4645397,162.8626921,-179.6010574,0.131407976,179.5950671,-8.916417338,12.6085599,0.613052845,0.74355059,0.892223863,-1.928346033,-25.46931953,65.48665237,64.27143745,-78.86460113,-59.27762878,71.78574257,42.40473747,1,1
38.51677823,3,1571997582,AUT,FALSE,TRUE,TRUE,610.2882739,145.6641898,170.8683524,-179.7095358,0.248580884,179.6824913,-8.812808775,11.29329763,2.309061646,0.854195259,0.85472277,-1.340718838,-21.74254761,65.55772018,64.85902747,-76.88407859,-59.18323974,73.15047111,44.88721504,1,1
38.61730909,3,1571997582,AUT,FALSE,TRUE,TRUE,610.2882739,145.6641898,170.8683524,-179.7095358,0.248580884,179.6824913,-8.812808775,11.29329763,2.309061646,0.854195259,0.85472277,-1.340718838,-21.74254761,65.55772018,64.85902747,-76.88407859,-59.18323974,73.15047111,44.88721504,1,1
38.71779108,3,1571997582,AUT,FALSE,TRUE,TRUE,618.6017659,185.3560659,172.1362935,-179.7669897,0.101990968,179.6761802,-2.087615182,9.08104731,0.538186697,0.708931564,0.365142777,-1.20294767,-16.63968315,66.56828384,64.41742515,-72.63647918,-58.88416442,74.63647842,46.25049476,1,1
38.81831717,3,1571997582,AUT,FALSE,TRUE,TRUE,618.6017659,185.3560659,172.1362935,-179.7669897,0.101990968,179.6761802,-2.087615182,9.08104731,0.538186697,0.708931564,0.365142777,-1.20294767,-16.63968315,66.56828384,64.41742515,-72.63647918,-58.88416442,74.63647842,46.25049476,1,1
38.91883302,3,1571997582,AUT,FALSE,TRUE,TRUE,618.6017659,185.3560659,172.1362935,-179.7669897,0.101990968,179.6761802,-2.087615182,9.08104731,0.538186697,0.708931564,0.365142777,-1.20294767,-16.63968315,66.56828384,64.41742515,-72.63647918,-58.88416442,74.63647842,46.25049476,1,1
39.01931906,3,1571997582,AUT,FALSE,TRUE,TRUE,626.6614089,228.5955216,165.769399,-179.8818299,0.011994079,179.8117341,-1.991989473,5.779127708,2.53231425,0.393756552,0.7601329,-0.635766369,-10.65761032,68.44366035,63.63149757,-67.57548637,-59.07995178,75.94766235,48.0547348,1,1
39.11992121,3,1571997582,AUT,FALSE,TRUE,TRUE,626.6614089,228.5955216,165.769399,-179.8818299,0.011994079,179.8117341,-1.991989473,5.779127708,2.53231425,0.393756552,0.7601329,-0.635766369,-10.65761032,68.44366035,63.63149757,-67.57548637,-59.07995178,75.94766235,48.0547348,1,1
39.22119021,3,1571997582,AUT,FALSE,TRUE,TRUE,633.3858667,253.6052038,155.582656,-179.9502109,-0.259070512,-179.9030895,6.892866703,-1.636055072,1.892161582,-0.523511101,-0.01860802,-0.241152774,-6.350725931,70.23228607,62.55257148,-62.99403648,-59.15913574,76.63094329,48.21857185,1,1
39.32193112,3,1571997582,AUT,FALSE,TRUE,TRUE,630.5345174,262.8308293,149.0275062,179.9733322,-0.49571933,-179.724192,12.10053647,-3.697830506,-3.335669296,-0.502889546,-0.410802565,0.092932023,-4.462196731,71.35881042,62.13864784,-61.89993896,-59.45369018,76.62442359,48.99524002,1,1
39.42252421,3,1571997583,AUT,FALSE,TRUE,TRUE,630.5345174,262.8308293,149.0275062,179.9733322,-0.49571933,-179.724192,12.10053647,-3.697830506,-3.335669296,-0.502889546,-0.410802565,0.092932023,-4.462196731,71.35881042,62.13864784,-61.89993896,-59.45369018,76.62442359,48.99524002,1,1
39.52309203,3,1571997583,AUT,FALSE,TRUE,TRUE,616.0451259,269.6755653,148.0408198,-179.9574097,-0.614454316,-179.6723155,8.545644761,0.785062239,-2.190358913,0.411143752,0.290598256,-0.002622285,-4.655665969,70.78778229,62.45162773,-64.55371399,-59.62379699,75.97692718,51.10930481,1,1
39.6236062,3,1571997583,AUT,FALSE,TRUE,TRUE,616.0451259,269.6755653,148.0408198,-179.9574097,-0.614454316,-179.6723155,8.545644761,0.785062239,-2.190358913,0.411143752,0.290598256,-0.002622285,-4.655665969,70.78778229,62.45162773,-64.55371399,-59.62379699,75.97692718,51.10930481,1,1
39.72414112,3,1571997583,AUT,FALSE,TRUE,TRUE,595.3609569,273.5328952,149.4388338,179.9827629,-0.493025417,-179.5509819,3.555676738,0.644632848,-1.005711124,0.698630936,0.564942353,0.139449937,-5.54540405,69.25262146,62.64672775,-69.10155258,-59.59132141,74.68266563,54.11363639,1,1
39.82466912,3,1571997583,AUT,FALSE,TRUE,TRUE,574.7965154,271.2606413,151.522122,-179.9750271,-0.520410128,-179.5430061,3.555676738,0.644632848,-1.005711124,0.698630936,0.564942353,0.139449937,-7.017263025,67.53997993,62.92116623,-73.81959343,-59.32151916,73.34647751,56.50850143,1,1
39.92520809,3,1571997583,AUT,FALSE,TRUE,TRUE,574.7965154,271.2606413,151.522122,-179.9750271,-0.520410128,-179.5430061,3.62742328,0.165198246,0.226061953,0.436280177,0.251645395,-0.186527108,-7.017263025,67.53997993,62.92116623,-73.81959343,-59.32151916,73.34647751,56.50850143,1,1
40.02575612,3,1571997583,AUT,FALSE,TRUE,TRUE,550.6913221,266.7691346,152.220597,-179.8491924,-0.472576728,-179.6199323,2.443342543,6.982931047,0.360143879,1.336139046,0.595208608,-0.590031353,-8.906255719,65.75356178,63.40748291,-79.29753113,-59.28907104,71.61603469,59.14010468,1,1
40.12631917,3,1571997583,AUT,FALSE,TRUE,TRUE,550.6913221,266.7691346,152.220597,-179.8491924,-0.472576728,-179.6199323,2.443342543,6.982931047,0.360143879,1.336139046,0.595208608,-0.590031353,-8.906255719,65.75356178,63.40748291,-79.29753113,-59.28907104,71.61603469,59.14010468,1,1
40.22682905,3,1571997583,AUT,FALSE,TRUE,TRUE,519.7995465,262.0439338,152.3945143,-179.807113,-0.382855806,-179.7296179,-2.475971781,8.54279901,1.525084217,1.243878576,1.060175008,-0.90838825,-10.7382431,63.54667625,64.04771804,-85.87287254,-59.31664672,69.38287468,62.5802639,1,1
40.32737112,3,1571997583,AUT,FALSE,TRUE,TRUE,519.7995465,262.0439338,152.3945143,-179.807113,-0.382855806,-179.7296179,-2.475971781,8.54279901,1.525084217,1.243878576,1.060175008,-0.90838825,-10.7382431,63.54667625,64.04771804,-85.87287254,-59.31664672,69.38287468,62.5802639,1,1
40.427953,3,1571997584,AUT,FALSE,TRUE,TRUE,493.2591003,259.5986011,150.2399818,-179.741027,-0.231305078,-179.8363981,-3.805169649,10.87991001,2.44749889,1.243878576,1.060175008,-0.90838825,-12.12431259,62.09046593,64.18367729,-90.60987854,-59.31864624,67.10353088,65.52623405,1,1
47.16022801,4,1571997590,AUT,FALSE,FALSE,TRUE,471.9654621,-399.9984504,169.9779724,-179.9973258,-0.009129493,-179.999045,-1.689582168,-0.611158886,1.307221674,-0.164274904,0.386482303,0.002706598,-75.11413307,64.8172039,64.50833015,-78.18071251,-58.72250061,72.9075016,-7.541249088,0.5,1
47.26138806,4,1571997590,AUT,FALSE,TRUE,TRUE,471.8208697,-400.0444073,170.0303788,179.9956907,-0.041493524,179.9976736,-0.500184784,-0.146758371,-0.455667721,-0.043678868,0.151914,0.070635425,-75.11758346,64.81731033,64.51137199,-78.17495155,-58.72294006,72.94911232,-7.542079931,1,1
47.36210823,4,1571997590,AUT,FALSE,TRUE,TRUE,471.8208697,-400.0444073,170.0303788,179.9956907,-0.041493524,179.9976736,-0.500184784,-0.146758371,-0.455667721,-0.043678868,0.151914,0.070635425,-75.11758346,64.81731033,64.51137199,-78.17495155,-58.72294006,72.94911232,-7.542079931,1,1
47.46266413,4,1571997591,AUT,FALSE,TRUE,TRUE,472.3558841,-399.8903262,170.2287445,-179.9832013,-0.019362523,-179.9907719,-0.560832772,-0.271023902,1.46717393,-0.144891237,0.055116724,0.018510618,-75.06394958,64.81866646,64.52480621,-78.12311668,-58.72303894,72.95256958,-7.5419117,1,1
47.56322217,4,1571997591,AUT,FALSE,TRUE,TRUE,472.3558841,-399.8903262,170.2287445,-179.9832013,-0.019362523,-179.9907719,-0.560832772,-0.271023902,1.46717393,-0.144891237,0.055116724,0.018510618,-75.06394958,64.81866646,64.52480621,-78.12311668,-58.72303894,72.95256958,-7.5419117,1,1
47.66375017,4,1571997591,AUT,FALSE,TRUE,TRUE,473.901282,-399.0743587,169.9035985,-179.9117502,0.122041666,179.987688,-4.028903876,0.373365778,0.491239442,-0.091387264,0.266531607,0.017396672,-74.93412552,64.87121887,64.51590729,-78.07093849,-58.72303894,72.83664665,-7.529668813,1,1
47.76427221,4,1571997591,AUT,FALSE,TRUE,TRUE,473.901282,-399.0743587,169.9035985,-179.9117502,0.122041666,179.987688,-4.028903876,0.373365778,0.491239442,-0.091387264,0.266531607,0.017396672,-74.93412552,64.87121887,64.51590729,-78.07093849,-58.72303894,72.83664665,-7.529668813,1,1
47.86483717,4,1571997591,AUT,FALSE,TRUE,TRUE,486.4905185,-396.5987467,172.7707748,179.9349775,0.574390032,179.9338463,-14.26360415,-1.957691028,-0.62246439,-0.483500014,0.857187494,0.453718766,-73.59750481,65.33931541,64.76578789,-76.49222374,-58.73674438,73.24674224,-7.200834275,1,1
47.96534419,4,1571997591,AUT,FALSE,TRUE,TRUE,505.8313682,-394.8128327,178.8020635,179.8661561,0.703700683,-179.9794455,-14.46104259,-4.768642551,1.220686236,-0.890886764,0.765139621,0.706227861,-71.15065384,66.03983116,65.00975647,-73.29103775,-58.82485473,74.65746574,-7.161056906,1,1
48.06588006,4,1571997591,AUT,FALSE,TRUE,TRUE,505.8313682,-394.8128327,178.8020635,179.8661561,0.703700683,-179.9794455,-14.46104259,-4.768642551,1.220686236,-0.890886764,0.765139621,0.706227861,-67.74265365,67.14229889,64.98600883,-68.59957008,-58.87167297,76.52642555,-7.659331513,1,1
48.16641021,4,1571997591,AUT,FALSE,TRUE,TRUE,530.0551773,-394.1446282,184.4969661,179.8476463,0.716502063,-179.9283532,-10.89950283,-5.223012203,1.392267316,-0.897268597,0.5895393,0.802637083,-67.74265365,67.14229889,64.98600883,-68.59957008,-58.87167297,76.52642555,-7.659331513,1,1
48.26694512,4,1571997591,AUT,FALSE,TRUE,TRUE,556.0421732,-395.3542853,187.896124,179.8778777,0.605187345,-179.9069027,-8.785512887,-0.849839647,1.276600339,-0.057783912,0.633978556,0.600715165,-63.84540824,68.61989136,64.61917534,-62.73469734,-58.95065917,78.57156143,-8.810369113,1,1
48.3675642,4,1571997591,AUT,FALSE,TRUE,TRUE,585.4582654,-398.9227692,186.1264891,179.9660521,0.417838287,-179.918506,-8.785512887,-0.849839647,1.276600339,-0.057783912,0.633978556,0.600715165,-59.03381881,70.89524574,63.80155906,-54.99660072,-59.12972534,80.69592247,-10.88337593,1,1
48.46815515,4,1571997592,AUT,FALSE,TRUE,TRUE,585.4582654,-398.9227692,186.1264891,179.9660521,0.417838287,-179.918506,-1.931225306,-0.981920575,2.928351656,-0.333035907,-0.485976427,0.201364588,-59.03381881,70.89524574,63.80155906,-54.99660072,-59.12972534,80.69592247,-10.88337593,1,1
48.56874108,4,1571997592,AUT,FALSE,TRUE,TRUE,604.7291834,-402.8281109,180.6793988,-179.9860076,0.280201882,-179.9114986,1.068944925,1.459480829,1.55090675,-0.075031994,-0.411938946,-0.016088547,-55.58983497,72.9225666,63.11242103,-49.03652458,-59.40112609,81.97711716,-12.72489396,1,1
48.66937113,4,1571997592,AUT,FALSE,TRUE,TRUE,618.2771146,-407.5178038,175.3020975,-179.9490207,0.126577385,179.978395,12.03093778,5.210318609,-4.004255211,0.55928173,-1.982545614,-0.393338149,-52.92384109,74.77141456,62.74849548,-43.88051719,-59.71014404,83.15183029,-14.60918999,1,1
48.76999712,4,1571997592,AUT,FALSE,TRUE,TRUE,625.3454494,-411.4456535,176.0721624,-179.8099326,-0.119683277,179.8728056,17.26432684,8.187258577,-5.057526914,0.713022578,-2.548548044,-0.85881104,-51.2284069,75.80076828,62.78228874,-40.19347458,-59.95702331,84.48465042,-16.20628624,1,1
48.87090707,4,1571997592,AUT,FALSE,TRUE,TRUE,625.3454494,-411.4456535,176.0721624,-179.8099326,-0.119683277,179.8728056,17.26432684,8.187258577,-5.057526914,0.713022578,-2.548548044,-0.85881104,-51.2284069,75.80076828,62.78228874,-40.19347458,-59.95702331,84.48465042,-16.20628624,1,1
48.97187805,4,1571997592,AUT,FALSE,TRUE,TRUE,627.9547471,-412.9373744,181.636258,-179.7505047,-0.201529603,179.8218133,15.39869261,11.55081474,-2.964172072,1.340318641,-2.163992584,-1.151470502,-50.49158821,75.89304657,62.92550582,-38.50391121,-59.96084655,85.4263813,-16.93210831,1,1
49.07249403,4,1571997592,AUT,FALSE,TRUE,TRUE,629.0514762,-407.2973735,186.5586931,-179.6433561,-0.311494913,179.7342021,8.03385901,8.192809888,0.640848572,0.681087204,-0.354808689,-1.722532081,-50.34108238,75.44965209,63.19576606,-38.94281501,-59.89747192,85.84689674,-16.43890801,1,1
49.17306018,4,1571997592,AUT,FALSE,TRUE,TRUE,631.0950012,-392.8436044,187.5459282,-179.6006048,-0.369064627,179.6839331,4.106470279,8.501042634,1.035067858,0.762964377,0.671647625,-1.885314118,-50.38619156,74.77926979,63.36216774,-41.2040245,-59.76253234,85.41637688,-14.51032677,1,1
49.27362013,4,1571997592,AUT,FALSE,TRUE,TRUE,634.0457708,-369.1228011,185.6270899,-179.6067382,-0.382521156,179.6137109,3.8773776,8.292346612,-0.532454652,0.762964377,0.671647625,-1.885314118,-50.43103294,73.97066917,63.64019394,-44.88511391,-59.69452148,84.37579994,-11.28412285,1,1
49.37417221,4,1571997592,AUT,FALSE,TRUE,TRUE,634.0457708,-369.1228011,185.6270899,-179.6067382,-0.382521156,179.6137109,3.8773776,8.292346612,-0.532454652,0.876888357,0.675051189,-1.809195001,-50.43103294,73.97066917,63.64019394,-44.88511391,-59.69452148,84.37579994,-11.28412285,1,1
49.47465515,4,1571997593,AUT,FALSE,TRUE,TRUE,636.1544808,-337.5884944,183.4725905,-179.6517546,-0.328105766,179.5895485,1.965539676,7.236939441,-1.688831174,0.756756564,0.494330527,-1.564557028,-50.44709701,72.8826313,64.04890938,-49.7842987,-59.69316467,82.93136558,-6.910530856,1,1
49.57518601,4,1571997593,AUT,FALSE,TRUE,TRUE,635.5548054,-300.8968584,184.0698894,-179.7102438,-0.256237964,179.6043152,0.54121158,6.061179434,-2.000079742,0.617471185,0.505867519,-1.254511494,-50.44006576,71.44285583,64.63163109,-55.28331642,-59.67733337,81.49406891,-1.91091385,1,1
49.67568803,4,1571997593,AUT,FALSE,TRUE,TRUE,635.5548054,-300.8968584,184.0698894,-179.7102438,-0.256237964,179.6043152,0.54121158,6.061179434,-2.000079742,0.617471185,0.505867519,-1.254511494,-50.44006576,71.44285583,64.63163109,-55.28331642,-59.67733337,81.49406891,-1.91091385,1,1
49.77617311,4,1571997593,AUT,FALSE,TRUE,TRUE,630.2329675,-254.3309085,188.8932483,-179.7527745,-0.153212968,179.6427059,-3.081289043,4.37348345,-1.44221118,0.434306885,0.498143776,-0.964659679,-50.38015938,69.24231834,65.57245559,-62.2070034,-59.48527038,79.94146728,4.307777019,1,1
49.87671804,4,1571997593,AUT,FALSE,TRUE,TRUE,624.3282978,-219.1956571,192.8483837,-179.8420682,-0.00797907,179.6868516,-5.283901761,2.960567231,-1.838344658,0.285471405,0.704786426,-0.75826767,-50.09843903,67.52404976,66.16419296,-67.01583938,-59.16783691,78.74967728,8.927970881,1,1
49.97723913,4,1571997593,AUT,FALSE,TRUE,TRUE,619.6391348,-186.1488176,195.641581,-179.8282235,0.077283251,179.7302742,-10.39133924,3.52764562,1.155837824,0.49169045,1.292618305,-0.698794471,-49.28505936,66.07887383,66.51874237,-70.78577041,-58.78242004,77.70766525,12.95450477,1,1
50.07773709,4,1571997593,AUT,FALSE,TRUE,TRUE,619.6391348,-186.1488176,195.641581,-179.8282235,0.077283251,179.7302742,-10.39133924,3.52764562,1.155837824,0.49169045,1.292618305,-0.698794471,-49.28505936,66.07887383,66.51874237,-70.78577041,-58.78242004,77.70766525,12.95450477,1,1
50.17824006,4,1571997593,AUT,FALSE,TRUE,TRUE,618.0350474,-155.6261369,195.6550671,-179.8105943,0.120090523,179.7600585,-10.01822016,4.631873539,2.169042532,0.492985705,1.209147216,-0.811271306,-47.80595283,65.1721035,66.56393394,-73.21481666,-58.49488586,76.84942016,16.40422897,1,1
50.27878714,4,1571997593,AUT,FALSE,TRUE,TRUE,619.2917745,-127.049752,193.0338258,-179.828026,0.098896279,179.7313859,-8.326481385,4.770749861,2.080280981,0.619989045,1.391619828,-0.924538101,-45.82793998,64.86458931,66.45430412,-74.53846664,-58.41683349,76.19604263,19.46262703,1,1
50.37932014,4,1571997593,AUT,FALSE,TRUE,TRUE,622.5357888,-101.2990818,189.041143,-179.8405345,0.064328436,179.7105893,-5.979727332,3.896128836,1.302532154,0.619989045,1.391619828,-0.924538101,-43.56757164,64.94359131,66.16734466,-74.98368073,-58.44640319,75.70556488,21.95160026,1,1
50.47985601,4,1571997594,AUT,FALSE,TRUE,TRUE,622.5357888,-101.2990818,189.041143,-179.8405345,0.064328436,179.7105893,-5.979727332,3.896128836,1.302532154,0.298978061,1.40753585,-0.747649426,-43.56757164,64.94359131,66.16734466,-74.98368073,-58.44640319,75.70556488,21.95160026,1,1
50.58107114,4,1571997594,AUT,FALSE,TRUE,TRUE,627.5803838,-73.27788814,181.8896028,-179.9283403,-0.067458232,179.8604331,1.065015785,0.673602074,0.634438976,-0.173620711,0.153476991,-0.428808909,-40.56214828,65.36171379,65.48675537,-74.82133026,-58.62950134,75.21706466,24.64696884,1,1
50.68177605,4,1571997594,AUT,FALSE,TRUE,TRUE,630.0157317,-59.4681201,175.1784187,-179.9490057,-0.110301021,179.9936163,2.469507136,-0.664013267,-0.975667154,-0.165991556,-0.078395889,-0.178961264,-38.90960884,65.71359558,64.7967041,-74.71461524,-58.76168884,74.65739021,25.94927788,1,1
50.78238201,4,1571997594,AUT,FALSE,TRUE,TRUE,631.8927477,-54.75457639,172.1577809,179.9874569,-0.021473729,-179.9474485,0.752798284,-1.179378219,-2.528710169,-0.458954218,-0.159278331,-0.177110428,-38.18917007,65.90646744,64.40694694,-74.53410988,-58.84004882,74.31065826,26.40954323,1,1
50.88296509,4,1571997594,AUT,FALSE,TRUE,TRUE,631.8927477,-54.75457639,172.1577809,179.9874569,-0.021473729,-179.9474485,0.752798284,-1.179378219,-2.528710169,-0.458954218,-0.159278331,-0.177110428,-38.18917007,65.90646744,64.40694694,-74.53410988,-58.84004882,74.31065826,26.40954323,1,1
50.983495,4,1571997594,AUT,FALSE,TRUE,TRUE,635.5384886,-56.12683378,174.1626078,179.9792427,0.267697042,-179.9539906,-6.8838316,1.696450814,-1.860918216,-0.025640317,0.245560631,-0.057634072,-38.00826988,65.95773239,64.41250191,-73.89439659,-58.85233703,74.37352066,26.05739364,1,1
51.08409214,4,1571997594,AUT,FALSE,TRUE,TRUE,642.6029705,-60.09155313,177.8957005,-179.970657,0.356907964,-179.954405,-10.82823352,3.915527091,1.809004449,0.41142437,0.691955582,-0.265292374,-37.59376259,66.23047142,64.46499252,-72.14680481,-58.78351867,75.11110153,24.98543701,1,1
51.18463206,4,1571997594,AUT,FALSE,TRUE,TRUE,654.3366095,-63.89754735,180.2204788,-179.9178222,0.439540819,179.9301428,-11.97676657,5.715509269,1.740752975,0.483168569,0.932732046,-0.574069509,-36.61791916,67.01209373,64.41087112,-69.2361145,-58.77159851,76.09310074,23.47465553,1,1
51.28515005,4,1571997594,AUT,FALSE,TRUE,TRUE,654.3366095,-63.89754735,180.2204788,-179.9178222,0.439540819,179.9301428,-11.97676657,5.715509269,1.740752975,0.483168569,0.932732046,-0.574069509,-34.92611732,68.18133774,64.25207748,-65.35100555,-58.95008239,77.31962814,21.94159241,1,1
51.38566804,4,1571997594,AUT,FALSE,TRUE,TRUE,669.5256392,-65.65919171,181.3041492,-179.9626094,0.492212371,179.911366,-9.816560667,3.610993188,0.797749453,0.041826344,0.633558659,-0.425218631,-34.92611732,68.18133774,64.25207748,-65.35100555,-58.95008239,77.31962814,21.94159241,1,1
51.48616505,4,1571997595,AUT,FALSE,TRUE,TRUE,686.636657,-65.40645816,181.8533933,-179.9376768,0.443979562,179.8693522,-6.676677716,5.771283443,-0.716060542,0.148253327,0.204437328,-0.412899255,-32.6745861,69.59246635,64.00984268,-60.64569168,-59.10552795,78.76379471,20.16872864,1,1
51.586689,4,1571997595,AUT,FALSE,TRUE,TRUE,703.8401326,-63.7020933,181.0154798,179.956484,0.384243693,179.946408,-3.082561931,-0.718228567,-1.334072231,-0.507915043,-0.342831046,0.054887238,-30.07823524,71.12004661,63.65332946,-55.61202049,-59.35569213,80.20177116,18.55378303,1,1
51.68724012,4,1571997595,AUT,FALSE,TRUE,TRUE,718.4124557,-63.86018561,179.5968809,-179.97646,0.106862606,179.983122,-3.082561931,-0.718228567,-1.334072231,-0.507915043,-0.342831046,0.054887238,-27.67754059,72.60395622,63.26194496,-50.66823806,-59.46253967,81.67509613,16.56013183,1,1
51.78774023,4,1571997595,AUT,FALSE,TRUE,TRUE,718.4124557,-63.86018561,179.5968809,-179.97646,0.106862606,179.983122,2.853897331,4.888638081,0.837929703,0.653741594,-0.326350627,-0.102446855,-27.67754059,72.60395622,63.26194496,-50.66823806,-59.46253967,81.67509613,16.56013183,1,1
51.88824201,4,1571997595,AUT,FALSE,TRUE,TRUE,727.844887,-63.00634473,175.1582251,-179.9260575,-0.117579301,179.9159645,13.26868545,3.801359102,1.193480201,0.039210031,-1.295139737,-0.460636254,-25.93525658,73.86993141,62.88518257,-47.1666275,-59.52150329,82.48484688,15.18029365,1,1
51.98875713,4,1571997595,AUT,FALSE,TRUE,TRUE,732.1198814,-58.05166043,171.0037901,-179.8592717,-0.159175111,179.905232,9.679608053,3.863144369,-1.770076629,0.087037478,-1.029176506,-0.61027399,-24.89065933,74.61988906,62.81115532,-45.78304023,-59.76244995,82.6202671,14.98496361,1,1
52.08933401,4,1571997595,AUT,FALSE,TRUE,TRUE,732.9678217,-50.30203985,171.2909305,-179.7902743,-0.140049052,179.8353203,7.035539798,4.205048369,-5.711239151,0.068026641,-0.926717832,-0.943965782,-24.28517532,74.70989113,62.95397415,-45.67595787,-59.85058776,82.65972862,15.49386406,1,1
52.18986607,4,1571997595,AUT,FALSE,TRUE,TRUE,732.9678217,-50.30203985,171.2909305,-179.7902743,-0.140049052,179.8353203,7.035539798,4.205048369,-5.711239151,0.068026641,-0.926717832,-0.943965782,-24.28517532,74.70989113,62.95397415,-45.67595787,-59.85058776,82.65972862,15.49386406,1,1
52.2905941,4,1571997595,AUT,FALSE,TRUE,TRUE,731.9379973,-38.51664213,178.3976523,-179.7401672,-0.090424527,179.8129685,1.035829355,7.33043775,-4.293921329,0.511049962,-0.081526123,-1.249930272,-23.71643714,74.15547981,63.36535377,-46.17103271,-59.83490478,83.04837341,16.56690903,1,1
52.391258,4,1571997596,AUT,FALSE,TRUE,TRUE,728.9695094,-18.80999529,186.3102049,-179.7101008,-0.080756315,179.7461454,-1.407917298,7.348155356,-0.269602719,0.673041084,0.372331894,-1.338285279,-22.84154091,73.34666977,63.84362297,-47.24872627,-59.68794067,83.37358932,18.50333862,1,1
52.49201822,4,1571997596,AUT,FALSE,TRUE,TRUE,725.1167111,7.490904139,189.3437986,-179.7744151,0.012020377,179.7257545,-6.364949431,7.13485979,0.269609128,0.797082736,1.003502994,-1.146732761,-21.49324036,72.70602608,64.05616722,-48.71690826,-59.5693048,83.13079147,21.22598076,1,1
52.59257913,4,1571997596,AUT,FALSE,TRUE,TRUE,725.1167111,7.490904139,189.3437986,-179.7744151,0.012020377,179.7257545,-6.364949431,7.13485979,0.269609128,0.797082736,1.003502994,-1.146732761,-19.65627136,72.45940704,64.05824089,-49.67419509,-59.54314636,82.77238998,23.85863113,1,1
52.69310713,4,1571997596,AUT,FALSE,TRUE,TRUE,721.822085,36.18747144,188.6935678,-179.7442295,0.06050903,179.7280722,-9.977369037,7.879513391,0.95316993,0.85891001,1.457550822,-1.048412266,-19.65627136,72.45940704,64.05824089,-49.67419509,-59.54314636,82.77238998,23.85863113,1,1
52.79360414,4,1571997596,AUT,FALSE,TRUE,TRUE,720.1374794,62.27345262,186.1360329,-179.8552293,0.041723136,179.8079637,-8.712558134,7.379361222,1.561527808,1.064801831,1.49604032,-0.749394876,-17.53755111,72.57293014,63.88056106,-49.74009246,-59.56647033,82.56484794,26.09501495,1,1
52.89414406,4,1571997596,AUT,FALSE,TRUE,TRUE,720.4068605,81.55425997,181.5043831,-179.9298092,0.021106123,179.9527808,-5.484179719,2.533350627,3.016729273,0.539112573,1.091974795,-0.43628936,-15.56243934,72.99256667,63.48712349,-49.11241608,-59.64046875,82.40069504,27.45540733,1,1
52.99466515,4,1571997596,AUT,FALSE,TRUE,TRUE,722.824862,92.09267154,174.9463634,-179.9144762,-0.028886759,-179.9674431,-1.483385855,0.826953502,1.349500634,0.10317107,0.50793425,-0.464715859,-14.07740364,73.69324722,62.98653144,-47.96579361,-59.68509521,82.21611443,27.76739845,1,1
53.09517813,4,1571997596,AUT,FALSE,TRUE,TRUE,722.824862,92.09267154,174.9463634,-179.9144762,-0.028886759,-179.9674431,-1.483385855,0.826953502,1.349500634,0.10317107,0.50793425,-0.464715859,-14.07740364,73.69324722,62.98653144,-47.96579361,-59.68509521,82.21611443,27.76739845,1,1
53.19569206,4,1571997596,AUT,FALSE,TRUE,TRUE,724.4640065,96.16783405,168.7740108,-179.9020299,-0.299712866,-179.9076227,11.06819981,-0.366310509,-1.650644962,-0.300865147,-1.096329537,-0.405197911,-13.22787552,74.41194878,62.69253044,-46.96517601,-59.76748718,82.25581627,27.67094193,1,1
53.29623222,4,1571997596,AUT,FALSE,TRUE,TRUE,718.3394865,100.4984168,166.5553713,-179.8525518,-0.796468965,-179.820643,17.00270387,-0.248897644,-3.161644641,0.136054217,-0.574273525,-0.663994775,-13.3561203,74.34205513,62.83380432,-48.17445144,-59.7824176,82.29539451,28.56853523,1,1
53.39671803,4,1571997597,AUT,FALSE,TRUE,TRUE,718.3394865,100.4984168,166.5553713,-179.8525518,-0.796468965,-179.820643,17.00270387,-0.248897644,-3.161644641,0.136054217,-0.574273525,-0.663994775,-13.3561203,74.34205513,62.83380432,-48.17445144,-59.7824176,82.29539451,28.56853523,1,1
53.49729919,4,1571997597,AUT,FALSE,TRUE,TRUE,706.7558821,105.2977922,169.1519934,-179.9010051,-0.846639701,-179.7222294,16.75524545,-2.03340359,-1.572337254,0.701755079,-0.551682372,-0.306830864,-14.38699836,73.23345566,63.12987899,-51.64255714,-59.70673828,81.65453453,30.61083869,1,1
53.59783411,4,1571997597,AUT,FALSE,TRUE,TRUE,683.4609723,106.1922253,174.8725887,-179.9951425,-0.70871603,-179.5898584,8.864425694,-2.368230446,-0.69115955,0.498187533,0.103180572,0.002087082,-17.10587425,70.7742897,63.58769302,-58.61101684,-59.31920654,80.03532142,33.97147407,1,1
53.69836903,4,1571997597,AUT,FALSE,TRUE,TRUE,683.4609723,106.1922253,174.8725887,-179.9951425,-0.70871603,-179.5898584,8.864425694,-2.368230446,-0.69115955,0.498187533,0.103180572,0.002087082,-17.10587425,70.7742897,63.58769302,-58.61101684,-59.31920654,80.03532142,33.97147407,1,1
53.79889417,4,1571997597,AUT,FALSE,TRUE,TRUE,662.0684546,99.03964886,176.4527411,-179.9105883,-0.636513079,-179.6591468,4.218018634,3.04319982,0.590139657,0.988541687,0.574746152,-0.471232712,-20.18414726,68.64381408,63.78733864,-64.81235962,-58.74355041,78.17049179,35.95456809,1,1
53.8994031,4,1571997597,AUT,FALSE,TRUE,TRUE,639.6568587,92.4538479,172.6992895,-179.7882861,-0.463944697,-179.7912189,-4.427035146,11.57349569,5.066761502,2.034671044,1.552208817,-1.090132506,-23.20025482,66.88745384,63.92786064,-71.04381523,-58.52544433,75.74506416,37.93882942,1,1
53.99987411,4,1571997597,AUT,FALSE,TRUE,TRUE,619.528963,90.77171889,165.5679023,-179.7682904,-0.2529617,-179.9536769,-11.03945323,8.905437622,3.921400664,0.930089048,1.949215004,-1.328408194,-25.41384544,65.70226593,63.95306396,-76.21869506,-58.69463928,73.31240959,40.08755607,1,1
54.10071111,4,1571997597,AUT,FALSE,TRUE,TRUE,607.8373804,92.01335544,159.2320686,-179.7514186,-0.015678696,-179.9989974,-11.03945323,8.905437622,3.921400664,0.930089048,1.949215004,-1.328408194,-26.39772606,65.22311782,63.88693657,-79.19359359,-59.15254394,71.70531921,41.63861618,1,1
54.2015152,4,1571997597,AUT,FALSE,TRUE,TRUE,607.8373804,92.01335544,159.2320686,-179.7514186,-0.015678696,-179.9989974,-16.73863249,9.325575089,2.260044998,0.773709933,2.584601032,-1.224966269,-26.39772606,65.22311782,63.88693657,-79.19359359,-59.15254394,71.70531921,41.63861618,1,1
54.30223918,4,1571997597,AUT,FALSE,TRUE,TRUE,607.681866,93.46777131,155.7529331,-179.7874193,0.066465392,179.9860913,-7.134495874,7.368259722,0.989059104,0.465887601,0.977432853,-1.128323784,-26.27323723,65.43745079,63.69624481,-79.36553993,-59.41581481,71.32345504,41.95483017,1,1
54.40275002,4,1571997598,AUT,FALSE,TRUE,TRUE,607.681866,93.46777131,155.7529331,-179.7874193,0.066465392,179.9860913,-7.134495874,7.368259722,0.989059104,0.465887601,0.977432853,-1.128323784,-26.27323723,65.43745079,63.69624481,-79.36553993,-59.41581481,71.32345504,41.95483017,1,1
54.50332022,4,1571997598,AUT,FALSE,TRUE,TRUE,612.104195,102.8826157,158.6901094,-179.6865531,0.083053975,179.7537367,-2.801900981,9.528273998,-2.390440552,0.465299802,0.152552318,-1.494868301,-25.21572761,65.9215908,64.0999649,-78.08664551,-59.50259033,71.96503944,42.08398819,1,1
54.60380411,4,1571997598,AUT,FALSE,TRUE,TRUE,612.104195,102.8826157,158.6901094,-179.6865531,0.083053975,179.7537367,-2.801900981,9.528273998,-2.390440552,0.465299802,0.152552318,-1.494868301,-25.21572761,65.9215908,64.0999649,-78.08664551,-59.50259033,71.96503944,42.08398819,1,1
54.70434022,4,1571997598,AUT,FALSE,TRUE,TRUE,615.9645567,128.7420247,169.9087011,-179.7708653,0.127800358,179.7189501,-4.045710195,8.478160679,0.631895274,0.581554715,0.340722167,-1.298611181,-22.47884788,66.00274887,64.97717171,-76.02003479,-59.36041076,73.69660835,43.55880661,1,1
54.80490017,4,1571997598,AUT,FALSE,TRUE,TRUE,618.4752873,153.1014829,174.9659309,-179.746625,0.138049145,179.7085945,-5.215227753,9.053453018,2.447901185,0.581554715,0.340722167,-1.298611181,-19.63992576,66.14835891,65.01650963,-74.10628166,-59.06343383,74.60807876,44.76346092,1,1
54.90538216,4,1571997598,AUT,FALSE,TRUE,TRUE,618.4752873,153.1014829,174.9659309,-179.746625,0.138049145,179.7085945,-5.215227753,9.053453018,2.447901185,0.462547461,0.555246848,-1.30355662,-19.63992576,66.14835891,65.01650963,-74.10628166,-59.06343383,74.60807876,44.76346092,1,1
55.00590515,4,1571997598,AUT,FALSE,TRUE,TRUE,620.5076952,183.3428817,175.9846689,-179.7900255,0.065137478,179.7130618,-5.215227753,9.053453018,2.447901185,0.462547461,0.555246848,-1.30355662,-15.86104774,66.79762687,64.82029037,-71.60825157,-59.00017456,75.44268264,46.34840698,1,1
55.10642004,4,1571997598,AUT,FALSE,TRUE,TRUE,620.5076952,183.3428817,175.9846689,-179.7900255,0.065137478,179.7130618,-2.865603779,5.089360052,1.905080362,-0.085907578,0.427069952,-1.088177522,-15.86104774,66.79762687,64.82029037,-71.60825157,-59.00017456,75.44268264,46.34840698,1,1
55.20690608,4,1571997598,AUT,FALSE,TRUE,TRUE,623.3969699,216.4334785,172.0418122,-179.8609233,-0.013134529,179.8730145,-1.546750944,1.71865867,2.746208967,-0.304321863,0.495379615,-0.743873668,-11.58747596,67.93337288,64.16281356,-68.45468101,-59.07738098,76.14999275,47.85887947,1,1
55.30742216,4,1571997598,AUT,FALSE,TRUE,TRUE,623.3969699,216.4334785,172.0418122,-179.8609233,-0.013134529,179.8730145,-1.546750944,1.71865867,2.746208967,-0.304321863,0.495379615,-0.743873668,-11.58747596,67.93337288,64.16281356,-68.45468101,-59.07738098,76.14999275,47.85887947,1,1
55.40793109,4,1571997599,AUT,FALSE,TRUE,TRUE,626.7168211,233.7855005,164.6629189,-179.8791696,-0.058968602,179.9281695,0.507129509,1.946774932,1.319419233,-0.355561812,0.399359932,-0.790697657,-8.977536387,69.04930573,63.36414184,-66.1337677,-59.18361328,76.18482971,48.29844246,1,1
55.50844908,4,1571997599,AUT,FALSE,TRUE,TRUE,630.1159508,244.9864553,156.1109809,-179.9255081,-0.097781337,-179.9539129,0.97068766,0.446125614,0.754817043,-0.476434194,0.44406815,-0.533099385,-7.064689631,70.19486389,62.75125236,-64.27126236,-59.49195007,76.15135574,48.47585449,1,1
55.60897923,4,1571997599,AUT,FALSE,TRUE,TRUE,630.1159508,244.9864553,156.1109809,-179.9255081,-0.097781337,-179.9539129,0.97068766,0.446125614,0.754817043,-0.476434194,0.44406815,-0.533099385,-7.064689631,70.19486389,62.75125236,-64.27126236,-59.49195007,76.15135574,48.47585449,1,1
55.70950913,4,1571997599,AUT,FALSE,TRUE,TRUE,632.7791576,252.1211216,150.1463211,-179.8567684,-0.254649213,-179.8789168,9.49938245,-0.338628676,-4.912337549,-0.749350974,-1.032902997,-0.467627668,-5.979326244,71.17482376,62.58525924,-62.76120186,-59.93280944,76.38749313,48.41328048,1,1
55.81013107,4,1571997599,AUT,FALSE,TRUE,TRUE,632.7791576,252.1211216,150.1463211,-179.8567684,-0.254649213,-179.8789168,9.49938245,-0.338628676,-4.912337549,-0.749350974,-1.032902997,-0.467627668,-5.979326244,71.17482376,62.58525924,-62.76120186,-59.93280944,76.38749313,48.41328048,1,1
55.91080809,4,1571997599,AUT,FALSE,TRUE,TRUE,622.3492291,258.7577408,157.354845,-179.8345098,-0.580454108,-179.7636267,12.56748997,3.203255426,-2.101674889,0.736472098,-0.385909741,-0.449308658,-5.892386625,70.59300499,63.50381584,-64.17306518,-59.93336425,77.01522102,49.86655884,1,1
56.01138115,4,1571997599,AUT,FALSE,TRUE,TRUE,622.3492291,258.7577408,157.354845,-179.8345098,-0.580454108,-179.7636267,12.56748997,3.203255426,-2.101674889,0.736472098,-0.385909741,-0.449308658,-5.892386625,70.59300499,63.50381584,-64.17306518,-59.93336425,77.01522102,49.86655884,1,1
56.1120832,4,1571997599,AUT,FALSE,TRUE,TRUE,589.1333359,270.4040306,165.2762453,-179.9514304,-0.623979187,-179.6242939,6.275705636,-0.029291834,0.851903335,0.832694723,0.010342159,0.017723768,-6.794137569,68.11008453,64.36501007,-70.52501678,-59.55286376,75.93090477,54.61047935,1,1
56.21259403,4,1571997599,AUT,FALSE,TRUE,TRUE,589.1333359,270.4040306,165.2762453,-179.9514304,-0.623979187,-179.6242939,6.275705636,-0.029291834,0.851903335,0.832694723,0.010342159,0.017723768,-8.249767681,65.93056526,64.43462906,-76.79718018,-59.09010314,73.77766685,58.26465568,1,1
56.31314707,4,1571997599,AUT,FALSE,TRUE,TRUE,559.2292891,271.2846077,164.4415558,-179.9517758,-0.603618506,-179.5554734,3.901927691,0.068799216,2.191154985,0.381087655,0.498542555,-0.224974506,-8.249767681,65.93056526,64.43462906,-76.79718018,-59.09010314,73.77766685,58.26465568,1,1
56.41364622,4,1571997600,AUT,FALSE,TRUE,TRUE,527.5107196,266.3068299,158.2507441,-179.8545745,-0.509239637,-179.6509129,-0.472403733,6.235708454,1.413087057,0.708044021,1.412610913,-0.695243067,-10.23572159,63.94037819,64.40243568,-83.6015522,-59.03190856,70.84903793,61.77168388,1,1
56.51419115,4,1571997600,AUT,FALSE,TRUE,TRUE,527.5107196,266.3068299,158.2507441,-179.8545745,-0.509239637,-179.6509129,-0.472403733,6.235708454,1.413087057,0.708044021,1.412610913,-0.695243067,-10.23572159,63.94037819,64.40243568,-83.6015522,-59.03190856,70.84903793,61.77168388,1,1
56.61470819,4,1571997600,AUT,FALSE,TRUE,TRUE,495.6289809,257.4053453,151.6874286,-179.8026258,-0.328578271,-179.7655725,-5.070570127,9.117071622,2.069605731,1.000926939,1.593732592,-1.130654854,-12.08985328,62.22787056,64.41789894,-90.80281219,-59.29980468,67.57424011,65.15419235,1,1
56.71519208,4,1571997600,AUT,FALSE,TRUE,TRUE,495.6289809,257.4053453,151.6874286,-179.8026258,-0.328578271,-179.7655725,-5.070570127,9.117071622,2.069605731,1.000926939,1.593732592,-1.130654854,-12.08985328,62.22787056,64.41789894,-90.80281219,-59.29980468,67.57424011,65.15419235,1,1
56.81571603,4,1571997600,AUT,FALSE,TRUE,TRUE,483.243674,253.5480185,151.0158103,-179.6741593,-0.05400253,-179.8894278,-8.19255259,14.58464624,1.308483858,1.714194704,1.693708668,-1.714411973,-13.54209823,60.72388,64.51113853,-93.65098342,-59.43055847,66.19130516,66.37766761,1,1
63.15099716,5,1571997606,AUT,FALSE,FALSE,TRUE,471.9993794,-399.9883819,170.0000336,-179.9950192,-0.004294786,-179.9990654,-0.582215254,-0.647288609,-0.80087813,-0.223274726,0.051860304,-0.001490209,-75.26323814,65.10892868,64.97235145,-78.17919845,-59.16995727,73.18236236,-7.3688324,0.5,1
63.25189304,5,1571997606,AUT,FALSE,FALSE,TRUE,472.1702235,-399.926481,170.0552768,-179.9849787,0.002022004,-179.9953766,-0.731741795,-0.256474632,1.262523685,-0.223274726,0.051860304,-0.001490209,-75.24812851,65.11022987,64.97536926,-78.16478576,-59.17139099,73.18490638,-7.36947785,0.5,1
63.35273409,5,1571997606,AUT,FALSE,TRUE,TRUE,472.1702235,-399.926481,170.0552768,-179.9849787,0.002022004,-179.9953766,-0.731741795,-0.256474632,1.262523685,-0.296863163,0.13452975,-0.006596609,-75.24812851,65.11022987,64.97536926,-78.16478576,-59.17139099,73.18490638,-7.36947785,1,1
63.4533031,5,1571997607,AUT,FALSE,TRUE,TRUE,472.100471,-399.859498,169.9004458,-179.9850447,-0.05804017,179.9834427,-1.912767021,-0.417214519,2.849168782,-0.296863163,0.13452975,-0.006596609,-75.22127037,65.12585449,64.96945381,-78.13800316,-59.17393981,73.24637146,-7.36931305,1,1
63.55383921,5,1571997607,AUT,FALSE,TRUE,TRUE,472.100471,-399.859498,169.9004458,-179.9850447,-0.05804017,179.9834427,-1.912767021,-0.417214519,2.849168782,-0.231756785,0.583381806,0.081442792,-75.22127037,65.12585449,64.96945381,-78.13800316,-59.17393981,73.24637146,-7.36931305,1,1
63.65433121,5,1571997607,AUT,FALSE,TRUE,TRUE,478.9147325,-398.0666682,168.5137459,179.9952402,0.464948771,179.9656381,-10.62638996,-2.192873134,-1.369791597,-0.66674152,0.452744457,0.137423287,-74.64250374,65.55550232,65.04737091,-77.60059318,-59.37736267,72.92649765,-7.087335206,1,1
63.7548821,5,1571997607,AUT,FALSE,TRUE,TRUE,478.9147325,-398.0666682,168.5137459,179.9952402,0.464948771,179.9656381,-10.62638996,-2.192873134,-1.369791597,-0.66674152,0.452744457,0.137423287,-74.64250374,65.55550232,65.04737091,-77.60059318,-59.37736267,72.92649765,-7.087335206,1,1
63.85540509,5,1571997607,AUT,FALSE,TRUE,TRUE,495.5953587,-396.2504842,177.0680569,179.9451757,0.654404189,-179.9555019,-12.44016159,-2.945652931,-2.43055393,-0.470420273,0.528145666,0.334574366,-72.70004196,66.11821861,65.47127838,-75.02704239,-59.48079345,74.24162636,-6.997717669,1,1
63.956007,5,1571997607,AUT,FALSE,TRUE,TRUE,495.5953587,-396.2504842,177.0680569,179.9451757,0.654404189,-179.9555019,-12.44016159,-2.945652931,-2.43055393,-0.470420273,0.528145666,0.334574366,-72.70004196,66.11821861,65.47127838,-75.02704239,-59.48079345,74.24162636,-6.997717669,1,1
64.05653,5,1571997607,AUT,FALSE,TRUE,TRUE,528.7404288,-395.2410075,186.0497732,179.9645672,0.647838579,-179.9139196,-10.85724283,-2.021963231,1.912278593,-0.353731911,0.554130309,0.227971774,-68.09712753,67.37626304,65.68965225,-68.60709228,-59.4702246,77.02972298,-7.684249881,1,1
64.15707111,5,1571997607,AUT,FALSE,TRUE,TRUE,528.7404288,-395.2410075,186.0497732,179.9645672,0.647838579,-179.9139196,-10.85724283,-2.021963231,1.912278593,-0.353731911,0.554130309,0.227971774,-68.09712753,67.37626304,65.68965225,-68.60709228,-59.4702246,77.02972298,-7.684249881,1,1
64.25757122,5,1571997607,AUT,FALSE,TRUE,TRUE,566.4983519,-392.8794211,186.6183505,179.9835251,0.549395461,-179.90516,-5.136318376,-3.744451404,3.42746365,-0.659343525,-0.057773549,0.151780945,-62.34846611,69.55900612,64.93193206,-60.71556816,-59.57603942,79.33298263,-8.890620806,1,1
64.35808921,5,1571997607,AUT,FALSE,TRUE,TRUE,595.3311802,-392.9385849,180.5359078,179.9922197,0.459942967,-179.8813061,-0.787370889,-3.076869329,1.31973609,-0.430923501,-0.356933125,0.065308358,-57.73097419,71.80706634,63.98586159,-53.86290436,-59.80843322,80.77252464,-10.45919724,1,1
64.45862007,5,1571997608,AUT,FALSE,TRUE,TRUE,595.3311802,-392.9385849,180.5359078,179.9922197,0.459942967,-179.8813061,-0.787370889,-3.076869329,1.31973609,-0.430923501,-0.356933125,0.065308358,-57.73097419,71.80706634,63.98586159,-53.86290436,-59.80843322,80.77252464,-10.45919724,1,1
64.55921221,5,1571997608,AUT,FALSE,TRUE,TRUE,617.7884488,-399.7306163,177.3596244,-179.8186361,0.118552863,179.9173684,11.46665409,3.584415613,-4.149976123,-0.073710455,-2.490549334,-0.771956915,-53.96348763,74.33895836,63.40288581,-45.62040824,-60.06265136,83.05344772,-13.48744812,1,1
64.65976,5,1571997608,AUT,FALSE,TRUE,TRUE,617.7884488,-399.7306163,177.3596244,-179.8186361,0.118552863,179.9173684,11.46665409,3.584415613,-4.149976123,-0.073710455,-2.490549334,-0.771956915,-53.96348763,74.33895836,63.40288581,-45.62040824,-60.06265136,83.05344772,-13.48744812,1,1
64.76078701,5,1571997608,AUT,FALSE,TRUE,TRUE,626.7139471,-401.6124062,182.5806132,-179.7229389,-0.121420483,179.8023548,11.46665409,3.584415613,-4.149976123,-0.073710455,-2.490549334,-0.771956915,-51.34378051,75.10903129,63.47044143,-41.61452522,-60.13048095,84.76207237,-14.96562424,1,1
64.86137199,5,1571997608,AUT,FALSE,TRUE,TRUE,626.7139471,-401.6124062,182.5806132,-179.7229389,-0.121420483,179.8023548,14.96854667,10.90533026,0.969029135,1.222632953,-1.439435406,-1.579317287,-51.34378051,75.10903129,63.47044143,-41.61452522,-60.13048095,84.76207237,-14.96562424,1,1
64.96217108,5,1571997608,AUT,FALSE,TRUE,TRUE,634.937676,-381.4209294,181.3726734,-179.6163631,-0.300119856,179.6255802,8.530010491,7.990526831,0.436137717,0.268072778,-0.221167136,-1.762156563,-50.16449089,74.98155212,63.63558654,-42.50637131,-60.12172485,84.67083778,-12.97590752,1,1
65.06283116,5,1571997608,AUT,FALSE,TRUE,TRUE,634.937676,-381.4209294,181.3726734,-179.6163631,-0.300119856,179.6255802,8.530010491,7.990526831,0.436137717,0.268072778,-0.221167136,-1.762156563,-50.16449089,74.98155212,63.63558654,-42.50637131,-60.12172485,84.67083778,-12.97590752,1,1
65.16337919,5,1571997608,AUT,FALSE,TRUE,TRUE,638.7435165,-355.2291021,177.3198956,-179.6527976,-0.318837185,179.551045,6.966393768,9.428399775,-0.352934883,0.34321461,-0.234335017,-1.600199587,-49.93873214,74.35691414,63.81885223,-46.1659172,-60.11806091,83.51740723,-9.470098119,1,1
65.26390219,5,1571997608,AUT,FALSE,TRUE,TRUE,638.7435165,-355.2291021,177.3198956,-179.6527976,-0.318837185,179.551045,6.966393768,9.428399775,-0.352934883,0.34321461,-0.234335017,-1.600199587,-49.93873214,74.35691414,63.81885223,-46.1659172,-60.11806091,83.51740723,-9.470098119,1,1
65.36444521,5,1571997608,AUT,FALSE,TRUE,TRUE,639.4109808,-306.7835037,178.0177197,-179.7156691,-0.242999952,179.5366434,2.187036273,6.3187782,-4.067381843,0.313325334,-0.007645184,-1.138938826,-49.94502525,72.46088333,64.55464439,-53.60867042,-60.10259216,81.58783035,-2.858656313,1,1
65.46497607,5,1571997609,AUT,FALSE,TRUE,TRUE,635.535813,-261.0066822,184.9042057,-179.7815556,-0.128579846,179.5979884,2.187036273,6.3187782,-4.067381843,0.313325334,-0.007645184,-1.138938826,-49.85912933,70.30003395,65.52877807,-60.09194641,-59.96476318,80.30744247,3.270969769,1,1
65.56549501,5,1571997609,AUT,FALSE,TRUE,TRUE,635.535813,-261.0066822,184.9042057,-179.7815556,-0.128579846,179.5979884,-2.657128328,2.745910856,-1.851094476,-0.0300268,0.243375515,-0.723353138,-49.85912933,70.30003395,65.52877807,-60.09194641,-59.96476318,80.30744247,3.270969769,1,1
65.66603804,5,1571997609,AUT,FALSE,TRUE,TRUE,629.6615168,-204.4806443,191.6743678,-179.8396903,0.084276207,179.634558,-9.859264203,4.917471721,-0.219451802,0.415325469,0.921556326,-0.626100926,-48.94111175,67.85766334,66.51434097,-66.98523216,-59.59270568,78.75165824,10.39374961,1,1
65.7665832,5,1571997609,AUT,FALSE,TRUE,TRUE,629.6615168,-204.4806443,191.6743678,-179.8396903,0.084276207,179.634558,-9.859264203,4.917471721,-0.219451802,0.415325469,0.921556326,-0.626100926,-48.94111175,67.85766334,66.51434097,-66.98523216,-59.59270568,78.75165824,10.39374961,1,1
65.86711717,5,1571997609,AUT,FALSE,TRUE,TRUE,627.5295394,-161.7162972,192.9733535,-179.8122415,0.122563535,179.6819926,-7.601470365,1.890825965,0.586786828,-0.211798897,0.759204195,-0.713459402,-47.06893844,66.54878997,66.78867302,-70.64905586,-59.26273132,77.72958298,15.28613319,1,1
65.9676342,5,1571997609,AUT,FALSE,TRUE,TRUE,627.5295394,-161.7162972,192.9733535,-179.8122415,0.122563535,179.6819926,-7.601470365,1.890825965,0.586786828,-0.211798897,0.759204195,-0.713459402,-47.06893844,66.54878997,66.78867302,-70.64905586,-59.26273132,77.72958298,15.28613319,1,1
66.06813908,5,1571997609,AUT,FALSE,TRUE,TRUE,628.7179625,-113.6183785,189.8121405,-179.8291296,0.067708448,179.6888405,-4.242623436,3.03444928,0.518299003,-0.159827638,0.663566871,-0.813158193,-43.85714378,65.93879471,66.67677383,-72.99033508,-59.13615234,76.73646354,20.37679596,1,1
66.16865802,5,1571997609,AUT,FALSE,TRUE,TRUE,628.7179625,-113.6183785,189.8121405,-179.8291296,0.067708448,179.6888405,-4.242623436,3.03444928,0.518299003,-0.159827638,0.663566871,-0.813158193,-40.91836624,66.00463028,66.04158897,-73.57183456,-59.20951904,75.99323501,23.63962554,1,1
66.26923919,5,1571997609,AUT,FALSE,TRUE,TRUE,631.9690588,-81.3922104,183.2698158,-179.8952449,-0.013128518,179.8762772,-5.178518542,-0.598118411,3.775697033,-0.219404997,1.201686569,-0.414780673,-40.91836624,66.00463028,66.04158897,-73.57183456,-59.20951904,75.99323501,23.63962554,1,1
66.36985922,5,1571997609,AUT,FALSE,TRUE,TRUE,635.9388858,-62.77434964,169.4845806,-179.9466828,-0.18207927,-179.9622514,3.123569964,-0.893747487,2.720994069,-0.219404997,1.201686569,-0.414780673,-38.69945755,66.55133056,64.84817504,-73.32984352,-59.29247131,75.08367348,25.33250541,1,1
66.47061419,5,1571997610,AUT,FALSE,TRUE,TRUE,635.9388858,-62.77434964,169.4845806,-179.9466828,-0.18207927,-179.9622514,3.123569964,-0.893747487,2.720994069,-0.274375925,0.235785642,-0.422744985,-38.69945755,66.55133056,64.84817504,-73.32984352,-59.29247131,75.08367348,25.33250541,1,1
66.57166719,5,1571997610,AUT,FALSE,TRUE,TRUE,637.9010694,-58.12242963,162.5382114,-179.8945206,0.098231731,179.9688939,-1.824676149,0.290022789,-7.094005629,-0.582025622,-0.213700102,-0.603347848,-37.82556381,67.24602699,64.15091056,-73.31008186,-59.66482543,74.02844353,25.77110023,1,1
66.67224002,5,1571997610,AUT,FALSE,TRUE,TRUE,637.9010694,-58.12242963,162.5382114,-179.8945206,0.098231731,179.9688939,-1.824676149,0.290022789,-7.094005629,-0.582025622,-0.213700102,-0.603347848,-37.82556381,67.24602699,64.15091056,-73.31008186,-59.66482543,74.02844353,25.77110023,1,1
66.77275014,5,1571997610,AUT,FALSE,TRUE,TRUE,650.338742,-62.56459858,178.2064431,-179.990608,0.457907319,-179.9528292,-12.87934656,2.925930883,-0.66120912,0.445128684,0.63534923,-0.06520617,-37.16864319,67.24572487,65.06770591,-70.45257911,-59.65428405,75.97811164,24.38932571,1,1
66.87326717,5,1571997610,AUT,FALSE,TRUE,TRUE,650.338742,-62.56459858,178.2064431,-179.990608,0.457907319,-179.9528292,-12.87934656,2.925930883,-0.66120912,0.445128684,0.63534923,-0.06520617,-37.16864319,67.24572487,65.06770591,-70.45257911,-59.65428405,75.97811164,24.38932571,1,1
66.97386003,5,1571997610,AUT,FALSE,TRUE,TRUE,668.0936359,-70.3794309,187.841979,-179.9756706,0.555422355,179.9990171,-12.61742038,6.286698045,1.055857601,0.73663017,0.773054259,-0.177334018,-35.58847274,67.92012405,65.01289787,-65.51111412,-59.24676269,77.95382423,21.77177124,1,1
67.07439899,5,1571997610,AUT,FALSE,TRUE,TRUE,689.3248316,-75.28302208,190.4829022,-179.9158796,0.453152224,179.9405431,-8.199010579,3.156735669,2.664339591,-0.178989729,0.469102726,-0.194672783,-33.13341979,69.48172073,64.68623657,-59.33338852,-59.295932,79.98055114,18.9453907,1,1
67.17492819,5,1571997610,AUT,FALSE,TRUE,TRUE,689.3248316,-75.28302208,190.4829022,-179.9158796,0.453152224,179.9405431,-8.199010579,3.156735669,2.664339591,-0.178989729,0.469102726,-0.194672783,-33.13341979,69.48172073,64.68623657,-59.33338852,-59.295932,79.98055114,18.9453907,1,1
67.27541304,5,1571997610,AUT,FALSE,TRUE,TRUE,709.5813557,-75.06579374,187.2802865,-179.9074826,0.389568269,179.8463795,-1.807783396,5.858365091,0.197403124,0.374666518,-0.010487789,-0.40435741,-30.19911575,71.4731163,64.21355324,-53.28633842,-59.59138183,81.45308647,16.63337631,1,1
67.3759582,5,1571997610,AUT,FALSE,TRUE,TRUE,725.6145873,-68.01548972,182.4015979,-179.935211,0.128248887,179.861601,-1.807783396,5.858365091,0.197403124,0.374666518,-0.010487789,-0.40435741,-27.03785476,73.35100937,63.86065177,-48.08154831,-59.98594482,82.77409629,15.20004844,1,1
67.47647405,5,1571997611,AUT,FALSE,TRUE,TRUE,725.6145873,-68.01548972,182.4015979,-179.935211,0.128248887,179.861601,5.717097554,2.887528751,-0.821381319,-0.419370842,-1.205534089,-0.336923865,-27.03785476,73.35100937,63.86065177,-48.08154831,-59.98594482,82.77409629,15.20004844,1,1
67.58305311,5,1571997611,AUT,FALSE,TRUE,TRUE,735.4403789,-58.29127597,178.9212165,-179.899183,-0.102713781,179.9061239,11.05985848,2.279933893,-2.462714197,-0.04008331,-1.483891354,-0.307154112,-24.49370613,74.63597374,63.61761016,-44.42066002,-60.25023193,83.71682281,14.56026649,1,1
67.683568,5,1571997611,AUT,FALSE,TRUE,TRUE,735.4403789,-58.29127597,178.9212165,-179.899183,-0.102713781,179.9061239,11.05985848,2.279933893,-2.462714197,-0.04008331,-1.483891354,-0.307154112,-24.49370613,74.63597374,63.61761016,-44.42066002,-60.25023193,83.71682281,14.56026649,1,1
67.784024,5,1571997611,AUT,FALSE,TRUE,TRUE,738.323047,-47.241769,181.723061,-179.7826261,0.020462828,179.8121287,4.378686677,5.911282067,-6.029532923,0.200039652,-1.190902206,-0.981497499,-23.49934387,74.71445389,63.72734642,-43.67161903,-60.2592517,83.97519378,14.98145484,1,1
67.88453603,5,1571997611,AUT,FALSE,TRUE,TRUE,738.323047,-47.241769,181.723061,-179.7826261,0.020462828,179.8121287,4.378686677,5.911282067,-6.029532923,0.200039652,-1.190902206,-0.981497499,-23.49934387,74.71445389,63.72734642,-43.67161903,-60.2592517,83.97519378,14.98145484,1,1
67.98507619,5,1571997611,AUT,FALSE,TRUE,TRUE,736.8595697,-23.77915753,196.9663366,-179.7291512,0.084912953,179.7111325,-5.421911343,8.60106399,-2.352306654,0.874242548,0.646404565,-1.177039786,-22.32300682,73.83290405,64.37159156,-44.05503502,-60.14321411,84.81741256,16.92893257,1,1
68.08561707,5,1571997611,AUT,FALSE,TRUE,TRUE,736.8595697,-23.77915753,196.9663366,-179.7291512,0.084912953,179.7111325,-5.421911343,8.60106399,-2.352306654,0.874242548,0.646404565,-1.177039786,-22.32300682,73.83290405,64.37159156,-44.05503502,-60.14321411,84.81741256,16.92893257,1,1
68.18615413,5,1571997611,AUT,FALSE,TRUE,TRUE,734.8378176,5.459330496,204.9932356,-179.7376881,0.07746283,179.6959623,-6.89048154,6.59106862,0.830640853,0.546558914,0.91048032,-1.126445271,-20.06425552,72.78893852,64.70740928,-44.77815857,-59.76927246,85.36602173,19.46512298,1,1
68.2866652,5,1571997611,AUT,FALSE,TRUE,TRUE,734.8378176,5.459330496,204.9932356,-179.7376881,0.07746283,179.6959623,-6.89048154,6.59106862,0.830640853,0.546558914,0.91048032,-1.126445271,-20.06425552,72.78893852,64.70740928,-44.77815857,-59.76927246,85.36602173,19.46512298,1,1
68.38719916,5,1571997611,AUT,FALSE,TRUE,TRUE,732.3699029,46.35615168,202.7639496,-179.7783908,0.04925759,179.6824419,-5.661324372,4.453237655,0.359966148,0.194146987,0.944635016,-0.983852761,-17.07010689,72.7722084,64.59674949,-45.22282676,-59.69449951,85.10386734,22.81308975,1,1
68.4876771,5,1571997612,AUT,FALSE,TRUE,TRUE,730.7685414,72.93726917,198.8450464,-179.8338929,-0.003854494,179.7426846,-0.13459948,0.346911614,-0.230835685,-0.534362298,0.092768457,-0.776059867,-14.87569427,73.06312294,64.42723045,-45.11943855,-59.78304382,84.88771133,24.92914581,1,1
68.58821201,5,1571997612,AUT,FALSE,TRUE,TRUE,729.1811378,93.94095733,194.360889,-179.8669272,-0.07601189,179.8996803,0.261517354,1.225091494,1.011735604,-0.060933221,0.163155779,-0.438367143,-13.00928879,73.40180053,64.16218872,-44.88556366,-59.8877655,84.69365501,26.55242386,1,1
68.68874812,5,1571997612,AUT,FALSE,TRUE,TRUE,729.1811378,93.94095733,194.360889,-179.8669272,-0.07601189,179.8996803,0.261517354,1.225091494,1.011735604,-0.060933221,0.163155779,-0.438367143,-13.00928879,73.40180053,64.16218872,-44.88556366,-59.8877655,84.69365501,26.55242386,1,1
68.78930616,5,1571997612,AUT,FALSE,TRUE,TRUE,728.9996756,103.3004061,188.3315809,-179.9848938,-0.095096917,-179.8935971,2.04295488,-4.063980297,1.163843832,-0.516718591,-0.062906874,-0.178027822,-11.92347221,73.7901432,63.6424221,-44.63057098,-59.9025476,84.32269821,27.3396492,1,1
68.88982821,5,1571997612,AUT,FALSE,TRUE,TRUE,730.2606412,101.2664111,182.5878946,-179.9643786,-0.156400578,-179.8080258,4.423847995,-0.516061746,-0.818323611,0.111616512,-0.420933952,-0.165997561,-11.81282272,74.20812836,63.22744446,-44.35938034,-59.90223449,83.98279152,27.04057388,1,1
68.99052906,5,1571997612,AUT,FALSE,TRUE,TRUE,729.0654196,97.30201684,181.519467,-179.8701567,-0.397628546,-179.8871243,8.500635325,2.560011272,-4.985526338,0.546815702,-0.218054723,-0.427970829,-12.30283699,74.28993873,63.36529541,-44.68495331,-59.90298156,84.02991256,26.78911056,1,1
69.09112501,5,1571997612,AUT,FALSE,TRUE,TRUE,729.0654196,97.30201684,181.519467,-179.8701567,-0.397628546,-179.8871243,8.500635325,2.560011272,-4.985526338,0.546815702,-0.218054723,-0.427970829,-12.30283699,74.28993873,63.36529541,-44.68495331,-59.90298156,84.02991256,26.78911056,1,1
69.19197607,5,1571997612,AUT,FALSE,TRUE,TRUE,723.7541165,96.44457024,185.5117845,-179.8219787,-0.586547148,-179.8506732,11.44616345,3.367038304,-2.529457069,0.946491025,-0.201363344,-0.809750273,-13.05598754,73.65969429,63.69564399,-46.20031471,-59.83415222,84.14818039,27.39181366,1,1
69.29258704,5,1571997612,AUT,FALSE,TRUE,TRUE,709.7411105,101.9484361,189.7384853,-179.8544575,-0.613455902,-179.8484519,8.110248795,2.634140254,-1.200871432,1.010657938,0.190289098,-0.577418336,-14.50416756,72.19125137,64.16857109,-50.5286602,-59.5578955,83.3797142,29.80583954,1,1
69.39319921,5,1571997613,AUT,FALSE,TRUE,TRUE,709.7411105,101.9484361,189.7384853,-179.8544575,-0.613455902,-179.8484519,8.110248795,2.634140254,-1.200871432,1.010657938,0.190289098,-0.577418336,-14.50416756,72.19125137,64.16857109,-50.5286602,-59.5578955,83.3797142,29.80583954,1,1
69.49371314,5,1571997613,AUT,FALSE,TRUE,TRUE,693.8919928,106.2628805,190.0745025,-179.933058,-0.640252333,-179.7591605,8.02700783,-0.069983761,1.376092893,0.628277629,0.285014216,-0.296329361,-16.07179298,70.78314056,64.37069893,-55.24682464,-59.24639465,82.14393081,32.34892044,1,1
69.59426308,5,1571997613,AUT,FALSE,TRUE,TRUE,675.2437126,106.1642511,186.8352346,-179.8927165,-0.646923278,-179.6965764,5.075678747,2.327318151,2.620281594,1.102256957,0.644370347,-0.225165313,-18.21229019,69.31031341,64.39139786,-60.75253029,-58.89669982,80.32461891,34.74717064,1,1
69.69477201,5,1571997613,AUT,FALSE,TRUE,TRUE,655.0202287,101.9188914,180.5168591,-179.9588554,-0.54427248,-179.6829252,1.396071599,1.28984891,2.666217371,0.712435561,0.990603425,-0.312974252,-20.78440589,67.9272583,64.39080734,-66.50280189,-58.79216491,78.03666458,37.04863815,1,1
69.79529309,5,1571997613,AUT,FALSE,TRUE,TRUE,655.0202287,101.9188914,180.5168591,-179.9588554,-0.54427248,-179.6829252,1.396071599,1.28984891,2.666217371,0.712435561,0.990603425,-0.312974252,-23.49701271,66.70977745,64.39221153,-72.02244301,-58.82450866,75.63706169,38.85892067,1,1
69.89581513,5,1571997613,AUT,FALSE,TRUE,TRUE,635.1881673,95.28554799,173.2049343,-179.8827781,-0.418313846,-179.7961018,-2.954320768,5.504829493,0.809174232,1.027256641,1.009418111,-0.534437713,-23.49701271,66.70977745,64.39221153,-72.02244301,-58.82450866,75.63706169,38.85892067,1,1
69.9963541,5,1571997613,AUT,FALSE,TRUE,TRUE,617.0751199,85.74954687,169.9508813,-179.8296016,-0.112987034,-179.8483065,-9.983833208,5.566709872,-2.23661838,0.485424004,1.401837919,-0.779220452,-26.33842048,65.33406258,64.56530799,-76.99925308,-58.95485046,73.5424015,40.17688866,1,1
70.09692001,5,1571997613,AUT,FALSE,TRUE,TRUE,617.0751199,85.74954687,169.9508813,-179.8296016,-0.112987034,-179.8483065,-9.983833208,5.566709872,-2.23661838,0.485424004,1.401837919,-0.779220452,-27.61743164,64.6516468,64.93702354,-78.53372726,-58.87744079,73.12778091,40.28264579,1,1
70.19743299,5,1571997613,AUT,FALSE,TRUE,TRUE,611.7520667,80.38423089,172.8628347,-179.8211121,0.064690601,-179.965647,-11.36906638,11.53976014,-0.15160609,1.602392295,1.516740443,-1.060978147,-27.61743164,64.6516468,64.93702354,-78.53372726,-58.87744079,73.12778091,40.28264579,1,1
70.29791903,5,1571997613,AUT,FALSE,TRUE,TRUE,611.8633278,81.78227238,177.6079487,-179.7106403,0.227530286,179.8564754,-9.600959421,12.48596057,-0.773782,1.30481911,0.671871588,-1.36735465,-27.80083122,64.42713776,65.43927383,-78.56515503,-58.8160437,73.38755264,40.24163246,1,1
70.3984282,5,1571997614,AUT,FALSE,TRUE,TRUE,613.7550723,91.25295916,183.9655676,-179.6425129,0.245789204,179.7065689,-5.943069579,12.39309582,-0.568321925,1.15872396,0.119792141,-1.690931966,-26.94923286,64.43382568,66.07572212,-77.75305938,-58.74433593,74.22119865,40.65008011,1,1
70.49894905,5,1571997614,AUT,FALSE,TRUE,TRUE,615.34284,108.7152853,188.763134,-179.6473617,0.220814486,179.6256033,-5.841397095,11.09178406,1.828857444,0.930703189,0.255156668,-1.594411254,-25.11213684,64.56784858,66.48383674,-76.63851356,-58.69000854,75.04155464,41.73449593,1,1
70.59956908,5,1571997614,AUT,FALSE,TRUE,TRUE,615.34284,108.7152853,188.763134,-179.6473617,0.220814486,179.6256033,-5.841397095,11.09178406,1.828857444,0.930703189,0.255156668,-1.594411254,-25.11213684,64.56784858,66.48383674,-76.63851356,-58.69000854,75.04155464,41.73449593,1,1
70.70011902,5,1571997614,AUT,FALSE,TRUE,TRUE,617.0184219,133.098301,189.6674201,-179.6925136,0.217674491,179.5756944,-6.77640993,12.34527967,1.99066151,1.153829069,0.528463139,-1.405629977,-22.3744194,64.94635849,66.39265022,-75.17759284,-58.67813232,75.52341499,43.3459053,1,1
70.80134916,5,1571997614,AUT,FALSE,TRUE,TRUE,619.3705149,159.6822717,187.9592503,-179.7860554,0.185930143,179.5789809,-4.414719376,10.59569096,-0.068790227,0.933939828,0.539759905,-1.20051896,-19.07668075,65.61170425,65.97553368,-73.24449005,-58.71081665,75.91696586,44.93429832,1,1
70.90199614,5,1571997614,AUT,FALSE,TRUE,TRUE,622.1865504,186.995475,185.2609157,-179.8020924,0.116593514,179.636867,-2.330915746,8.08924765,-0.245744956,0.663235478,0.436644218,-0.935558642,-15.54803009,66.48278274,65.45484695,-70.82391357,-58.79883361,76.43121872,46.27064781,1,1
71.00259399,5,1571997614,AUT,FALSE,TRUE,TRUE,625.2522945,210.4330286,181.7246073,-179.8805042,0.071599652,179.7354462,-2.330915746,8.08924765,-0.245744956,0.663235478,0.436644218,-0.935558642,-12.33801727,67.40960998,64.87631378,-68.34077339,-58.90874633,76.89622536,47.26270981,1,1
71.10314417,5,1571997614,AUT,FALSE,TRUE,TRUE,625.2522945,210.4330286,181.7246073,-179.8805042,0.071599652,179.7354462,-0.412930988,2.543436118,-1.382860159,-0.386442375,0.300082691,-0.700874259,-12.33801727,67.40960998,64.87631378,-68.34077339,-58.90874633,76.89622536,47.26270981,1,1
71.2037251,5,1571997614,AUT,FALSE,TRUE,TRUE,629.8661984,228.6102609,178.6451025,-179.9243153,0.034089641,179.9180632,-0.081483588,2.07161294,1.110654631,-0.344884829,0.340614185,-0.376114029,-9.562493131,68.33899497,64.29371223,-65.66742553,-59.00145996,77.44720687,47.62383041,1,1
71.304245,5,1571997614,AUT,FALSE,TRUE,TRUE,636.9580137,242.4148115,173.4597558,-179.9578392,-0.044063413,179.9886611,-0.081483588,2.07161294,1.110654631,-0.344884829,0.340614185,-0.376114029,-7.051111219,69.54811592,63.63279876,-62.55625877,-59.10094665,77.98934097,47.30718384,1,1
71.40481806,5,1571997615,AUT,FALSE,TRUE,TRUE,636.9580137,242.4148115,173.4597558,-179.9578392,-0.044063413,179.9886611,2.290697612,-0.028033769,1.355177353,-0.818830509,-0.018161355,-0.207255253,-7.051111219,69.54811592,63.63279876,-62.55625877,-59.10094665,77.98934097,47.30718384,1,1
71.50531411,5,1571997615,AUT,FALSE,TRUE,TRUE,639.6310125,248.9783818,168.8066112,-179.9095917,-0.236397962,-179.9485284,8.001853877,-0.483350699,-0.174537786,-0.685346464,-0.56234988,-0.316346984,-5.881781381,70.40209007,63.44887046,-61.05374794,-59.33067077,78.28564911,47.15602569,1,1
71.6058681,5,1571997615,AUT,FALSE,TRUE,TRUE,636.1092841,254.3749387,166.6644468,-179.8812078,-0.417542252,-179.9181722,10.29472395,0.060751534,-5.050069581,-0.274182146,-0.630292101,-0.494780914,-5.46219635,70.65818481,63.60198554,-61.21392517,-59.53006164,78.32215118,47.77100601,1,1
71.70638609,5,1571997615,AUT,FALSE,TRUE,TRUE,636.1092841,254.3749387,166.6644468,-179.8812078,-0.417542252,-179.9181722,10.29472395,0.060751534,-5.050069581,-0.274182146,-0.630292101,-0.494780914,-5.46219635,70.65818481,63.60198554,-61.21392517,-59.53006164,78.32215118,47.77100601,1,1
71.80687523,5,1571997615,AUT,FALSE,TRUE,TRUE,622.4365726,261.4218742,170.2426455,-179.8661349,-0.521958702,-179.7934399,9.389727234,1.256059754,-2.813969757,0.555898425,-0.059944352,-0.44138979,-5.570892331,70.11146736,64.00403023,-62.8830368,-59.57174926,78.29442787,49.21891479,1,1
71.9074111,5,1571997615,AUT,FALSE,TRUE,TRUE,599.6851078,268.275397,174.9580238,-179.9077982,-0.515577099,-179.7083527,4.998436246,2.601981308,-0.067283548,0.555898425,-0.059944352,-0.44138979,-6.506199644,68.11226806,64.72053451,-68.24894485,-59.28690124,77.24721107,53.03427429,1,1
72.00792503,5,1571997615,AUT,FALSE,TRUE,TRUE,599.6851078,268.275397,174.9580238,-179.9077982,-0.515577099,-179.7083527,4.998436246,2.601981308,-0.067283548,1.077459952,0.220446196,-0.229902959,-6.506199644,68.11226806,64.72053451,-68.24894485,-59.28690124,77.24721107,53.03427429,1,1
72.10842204,5,1571997615,AUT,FALSE,TRUE,TRUE,578.0411301,270.2599299,175.7397934,-179.9252448,-0.514386863,-179.6808315,3.815725774,1.28615121,0.314629387,0.747882338,0.421468237,-0.286113121,-7.608612438,66.50764617,64.95868378,-72.84648284,-58.91159179,75.86685448,55.77855263,1,1
72.20896411,5,1571997615,AUT,FALSE,TRUE,TRUE,555.6423668,269.0977602,173.3872462,-179.8443759,-0.454956154,-179.6583247,2.215105171,6.194665189,0.786835966,1.545926236,0.496857283,-0.541787331,-8.982785794,64.95384636,65.0973278,-77.79343414,-58.72320922,74.07131424,58.38471565,1,1
72.30947113,5,1571997615,AUT,FALSE,TRUE,TRUE,555.6423668,269.0977602,173.3872462,-179.8443759,-0.454956154,-179.6583247,2.215105171,6.194665189,0.786835966,1.545926236,0.496857283,-0.541787331,-8.982785794,64.95384636,65.0973278,-77.79343414,-58.72320922,74.07131424,58.38471565,1,1
72.40995312,5,1571997616,AUT,FALSE,TRUE,TRUE,526.8581014,265.393795,169.2991567,-179.8380956,-0.376880549,-179.7158251,-1.170875518,4.465641998,0.258572195,1.085948112,0.54074687,-0.763694003,-10.82217178,63.13908348,65.36639328,-83.99694671,-58.70239013,71.61093979,61.69005889,1,1
72.51063323,5,1571997616,AUT,FALSE,TRUE,TRUE,526.8581014,265.393795,169.2991567,-179.8380956,-0.376880549,-179.7158251,-1.170875518,4.465641998,0.258572195,1.085948112,0.54074687,-0.763694003,-10.82217178,63.13908348,65.36639328,-83.99694671,-58.70239013,71.61093979,61.69005889,1,1
72.61138821,5,1571997616,AUT,FALSE,TRUE,TRUE,500.4157776,259.5427625,167.7882165,-179.7431981,-0.125353886,-179.7994922,-4.10414566,9.671076544,0.029915851,1.391757182,0.939505879,-1.252945995,-12.42760734,61.44317207,65.68467064,-89.64229202,-58.71017944,69.32587967,64.45513229,1,1
72.71224713,5,1571997616,AUT,FALSE,TRUE,TRUE,500.4157776,259.5427625,167.7882165,-179.7431981,-0.125353886,-179.7994922,-4.10414566,9.671076544,0.029915851,1.391757182,0.939505879,-1.252945995,-12.42760734,61.44317207,65.68467064,-89.64229202,-58.71017944,69.32587967,64.45513229,1,1
72.81287217,5,1571997616,AUT,FALSE,TRUE,TRUE,487.4687955,258.4961541,169.5470222,-179.6993807,-0.043629661,-179.9474557,-4.697772136,10.87570071,1.078664724,1.367352064,0.959207554,-1.603709823,-13.49599342,60.18042755,66.160643,-92.21230659,-58.49791259,68.40801658,65.75917511,1,1
72.91343713,5,1571997616,AUT,FALSE,TRUE,TRUE,487.4687955,258.4961541,169.5470222,-179.6993807,-0.043629661,-179.9474557,-4.697772136,10.87570071,1.078664724,1.367352064,0.959207554,-1.603709823,-13.49599342,60.18042755,66.160643,-92.21230659,-58.49791259,68.40801658,65.75917511,1,1
73.01392508,5,1571997616,AUT,FALSE,TRUE,TRUE,483.2176583,263.3210595,171.4863912,-179.7210306,-0.048649822,179.9917312,-1.635467652,7.815632389,1.020117949,0.669270552,0.476526349,-1.460694976,-13.25097427,59.74755936,66.33137741,-92.52648467,-58.27782897,68.38173179,66.43467636,1,1
73.11445117,5,1571997616,AUT,FALSE,TRUE,TRUE,483.2176583,263.3210595,171.4863912,-179.7210306,-0.048649822,179.9917312,-1.635467652,7.815632389,1.020117949,0.669270552,0.476526349,-1.460694976,-13.25097427,59.74755936,66.33137741,-92.52648467,-58.27782897,68.38173179,66.43467636,1,1
73.21495318,5,1571997616,AUT,FALSE,TRUE,TRUE,481.1480174,267.5304751,170.6894043,-179.7853123,-0.109893646,-179.9623653,-0.643652307,4.088556529,0.636651729,0.112041723,0.539774731,-1.204248033,-12.61680564,59.77884293,66.25089569,-92.44011154,-58.25401062,68.37740593,66.94589424,1,1
73.31542706,5,1571997616,AUT,FALSE,TRUE,TRUE,481.1480174,267.5304751,170.6894043,-179.7853123,-0.109893646,-179.9623653,-0.643652307,4.088556529,0.636651729,0.112041723,0.539774731,-1.204248033,-12.61680564,59.77884293,66.25089569,-92.44011154,-58.25401062,68.37740593,66.94589424,1,1
73.41595006,5,1571997617,AUT,FALSE,TRUE,TRUE,481.2306469,266.6918743,168.3814421,-179.8655248,-0.150490181,-179.8763831,-0.533951137,4.327998236,0.415858563,0.357033743,0.859990245,-0.707351781,-12.43919105,59.87277946,66.01094741,-92.4511322,-58.29535766,68.28063011,67.03493156,1,1
73.51646209,5,1571997617,AUT,FALSE,TRUE,TRUE,483.9610061,264.9453042,167.5676472,-179.9327576,-0.00847068,-179.9395943,-1.200586504,4.610732528,-1.578672246,0.188880977,0.438432764,-0.427275209,-12.6138771,59.98893585,65.80621719,-92.31702003,-58.43898193,68.05987014,66.74780388,1,1
73.61699915,5,1571997617,AUT,FALSE,TRUE,TRUE,483.9610061,264.9453042,167.5676472,-179.9327576,-0.00847068,-179.9395943,-1.200586504,4.610732528,-1.578672246,0.188880977,0.438432764,-0.427275209,-12.6138771,59.98893585,65.80621719,-92.31702003,-58.43898193,68.05987014,66.74780388,1,1
73.71751022,5,1571997617,AUT,FALSE,TRUE,TRUE,483.9610061,264.9453042,167.5676472,-179.9327576,-0.00847068,-179.9395943,-1.200586504,4.610732528,-1.578672246,0.188880977,0.438432764,-0.427275209,-12.99517822,59.99938316,65.85530891,-91.59837684,-58.32413635,68.47575416,65.78121986,1,1
73.81804299,5,1571997617,AUT,FALSE,TRUE,TRUE,490.3903491,260.6939395,170.2820877,-179.9556174,0.079934972,-179.9144306,0.107580816,4.443735333,-0.817995608,0.244652724,-0.323768343,-0.312454793,-12.99517822,59.99938316,65.85530891,-91.59837684,-58.32413635,68.47575416,65.78121986,1,1
73.91853023,5,1571997617,AUT,FALSE,TRUE,TRUE,493.4812044,257.9493027,173.8242962,-179.8356983,-0.072063405,179.9703594,3.516003974,7.322044355,-0.866493057,0.520864579,-0.493872514,-0.619641183,-13.48167686,59.97316704,66.18478203,-91.16779518,-58.02388,68.93813095,64.95118561,1,1
74.01910019,5,1571997617,AUT,FALSE,TRUE,TRUE,493.4812044,257.9493027,173.8242962,-179.8356983,-0.072063405,179.9703594,3.516003974,7.322044355,-0.866493057,0.520864579,-0.493872514,-0.619641183,-13.48167686,59.97316704,66.18478203,-91.16779518,-58.02388,68.93813095,64.95118561,1,1
74.11969304,5,1571997617,AUT,FALSE,TRUE,TRUE,488.5050895,262.2917782,176.8381886,-179.7646852,-0.109545733,179.8887182,-1.206459856,7.720443363,0.606517979,0.299773561,0.517596546,-1.10361207,-13.34001159,59.77365532,66.72736244,-91.57732086,-57.9485028,69.14801445,65.61646614,1,1
74.22031522,5,1571997617,AUT,FALSE,TRUE,TRUE,485.4644654,267.6791477,177.6782218,-179.77971,-0.044710881,179.9243382,-2.154881907,5.68765435,0.850418089,0.299773561,0.517596546,-1.10361207,-12.71334801,59.62331428,66.74023018,-91.63026123,-57.89381286,69.15420456,66.27828598,1,1
74.32121921,5,1571997617,AUT,FALSE,TRUE,TRUE,485.4644654,267.6791477,177.6782218,-179.77971,-0.044710881,179.9243382,-2.154881907,5.68765435,0.850418089,0.000674643,0.533117611,-1.1312856,-12.71334801,59.62331428,66.74023018,-91.63026123,-57.89381286,69.15420456,66.27828598,1,1
74.42209411,5,1571997618,AUT,FALSE,TRUE,TRUE,482.6827131,273.386908,176.4961874,-179.7715529,-0.149571656,179.9147637,1.460529813,5.100299995,0.772908138,-0.000626554,0.415237093,-1.022252151,-11.95522956,59.6973587,66.56141052,-91.51238823,-57.81021789,69.07767791,66.81918068,1,1
74.52269912,5,1571997618,AUT,FALSE,TRUE,TRUE,482.6827131,273.386908,176.4961874,-179.7715529,-0.149571656,179.9147637,1.460529813,5.100299995,0.772908138,-0.000626554,0.415237093,-1.022252151,-11.95522956,59.6973587,66.56141052,-91.51238823,-57.81021789,69.07767791,66.81918068,1,1
74.62324214,5,1571997618,AUT,FALSE,TRUE,TRUE,476.6672125,278.335971,172.8003942,-179.8955603,-0.251587773,-179.8846451,0.166800238,0.853591044,-0.394950508,-0.132563415,1.089745225,-0.534929035,-11.17253952,59.76691246,66.28037681,-91.95631141,-57.94635498,68.79705276,67.97099418,1,1
74.72376513,5,1571997618,AUT,FALSE,TRUE,TRUE,476.6672125,278.335971,172.8003942,-179.8955603,-0.251587773,-179.8846451,0.166800238,0.853591044,-0.394950508,-0.132563415,1.089745225,-0.534929035,-11.17253952,59.76691246,66.28037681,-91.95631141,-57.94635498,68.79705276,67.97099418,1,1
74.82430005,5,1571997618,AUT,FALSE,TRUE,TRUE,475.652812,275.3796954,169.1084129,-179.9453567,-0.204519298,-179.7870504,0.014672809,2.479188089,-0.459482861,0.261926124,1.098699332,-0.226431496,-11.33272018,59.69431343,65.85260009,-92.49576759,-58.0606842,68.24845733,68.08454475,1,1
81.6807282,6,1571997625,AUT,FALSE,FALSE,TRUE,471.9628206,-399.9895938,169.9503237,-179.991579,-0.010456915,179.9987068,-2.016167679,-0.553640409,1.908765528,-0.202773216,0.554595511,0.101707602,-75.5976654,65.77456283,66.00330162,-78.18052024,-60.17556335,73.81253471,-6.989278794,0.5,1
81.78164911,6,1571997625,AUT,FALSE,TRUE,TRUE,471.9548249,-400.008197,169.9774735,-179.9935324,-0.012110924,-179.9987479,-2.127120609,-1.203576009,2.337416364,-0.322441836,0.492624567,0.163654575,-75.59785079,65.77200508,66.00337371,-78.17910233,-60.17593139,73.81602287,-6.988801575,1,1
81.88233209,6,1571997625,AUT,FALSE,TRUE,TRUE,471.9548249,-400.008197,169.9774735,-179.9935324,-0.012110924,-179.9987479,-2.127120609,-1.203576009,2.337416364,-0.322441836,0.492624567,0.163654575,-75.18139343,65.77274322,66.03578338,-77.79686393,-60.17550842,73.66757011,-6.792029575,1,1
81.9828732,6,1571997625,AUT,FALSE,TRUE,TRUE,476.7861316,-398.9410937,171.6666497,179.9573552,0.372073399,-179.8161682,-15.38916499,-1.327328738,2.787247275,-0.467424762,1.289190259,0.157757153,-75.18139343,65.77274322,66.03578338,-77.79686393,-60.17550842,73.66757011,-6.792029575,1,1
82.08338523,6,1571997625,AUT,FALSE,TRUE,TRUE,493.9276504,-391.8600685,175.8186887,179.9311032,0.63698249,179.9758985,-15.26321455,-3.370084628,1.495927181,-0.602037652,1.146139197,0.36456797,-73.18729247,66.2364727,66.41300239,-75.84827384,-60.17617858,74.54084587,-6.145494463,1,1
82.18390822,6,1571997625,AUT,FALSE,TRUE,TRUE,493.9276504,-391.8600685,175.8186887,179.9311032,0.63698249,179.9758985,-15.26321455,-3.370084628,1.495927181,-0.602037652,1.146139197,0.36456797,-73.18729247,66.2364727,66.41300239,-75.84827384,-60.17617858,74.54084587,-6.145494463,1,1
82.28444314,6,1571997625,AUT,FALSE,TRUE,TRUE,524.3177385,-387.3335076,178.3808142,179.8890389,0.74717834,-179.8707559,-12.35522969,-6.401482038,0.961781866,-0.893569017,0.717711166,0.556376881,-68.94266281,67.62295074,66.22288742,-70.95396766,-60.40666625,76.06860466,-6.074794013,1,1
82.38498807,6,1571997625,AUT,FALSE,TRUE,TRUE,524.3177385,-387.3335076,178.3808142,179.8890389,0.74717834,-179.8707559,-12.35522969,-6.401482038,0.961781866,-0.893569017,0.717711166,0.556376881,-68.94266281,67.62295074,66.22288742,-70.95396766,-60.40666625,76.06860466,-6.074794013,1,1
82.48555017,6,1571997626,AUT,FALSE,TRUE,TRUE,559.8229446,-388.3450564,180.7258553,179.9422248,0.756919905,-179.8871024,-12.84348518,-0.993796918,0.499244409,-0.635650116,0.227640919,0.314473586,-65.00170898,69.17797623,65.87625846,-65.27947082,-60.60092651,78.36594543,-7.498834994,1,1
82.58607411,6,1571997626,AUT,FALSE,TRUE,TRUE,594.8811753,-392.4346471,181.71616,179.9938526,0.509992159,-179.8604905,-1.87656264,-1.874487807,0.970429428,-0.46240748,-1.201150741,0.024639946,-58.14994812,72.17239952,65.23120308,-54.24945831,-60.9536206,81.14907074,-9.96764145,1,1
82.68659115,6,1571997626,AUT,FALSE,TRUE,TRUE,594.8811753,-392.4346471,181.71616,179.9938526,0.509992159,-179.8604905,-1.87656264,-1.874487807,0.970429428,-0.46240748,-1.201150741,0.024639946,-58.14994812,72.17239952,65.23120308,-54.24945831,-60.9536206,81.14907074,-9.96764145,1,1
82.78711915,6,1571997626,AUT,FALSE,TRUE,TRUE,618.4436405,-400.1821279,178.0044781,-179.910798,0.063432327,-179.908634,12.79636121,2.101684862,1.871747418,0.234444357,-1.625881561,-0.532825576,-53.47055168,74.64166946,64.42331657,-45.53228073,-61.17396789,83.48377533,-13.23201943,1,1
82.88762617,6,1571997626,AUT,FALSE,TRUE,TRUE,618.4436405,-400.1821279,178.0044781,-179.910798,0.063432327,-179.908634,12.79636121,2.101684862,1.871747418,0.234444357,-1.625881561,-0.532825576,-53.47055168,74.64166946,64.42331657,-45.53228073,-61.17396789,83.48377533,-13.23201943,1,1
82.98815703,6,1571997626,AUT,FALSE,TRUE,TRUE,628.9505133,-408.7975168,172.2154475,-179.794358,-0.251073826,179.9222425,21.25720086,9.527251638,-0.948413251,1.068981933,-2.394099471,-1.251602598,-51.16207695,76.25158195,63.88666878,-39.58003234,-61.32860595,84.87343597,-15.92282868,1,1
83.08868122,6,1571997626,AUT,FALSE,TRUE,TRUE,630.8637138,-412.7914955,170.6479075,-179.6917343,-0.294477161,179.8246909,18.71191636,11.03024137,-1.368510168,1.270471246,-2.455513785,-1.412716497,-50.11243286,77.22464103,63.87945899,-37.73201523,-61.45564086,85.28449974,-16.94661369,1,1
83.18923712,6,1571997626,AUT,FALSE,TRUE,TRUE,630.5482433,-410.4438074,171.5664756,-179.5857562,-0.379281675,179.7206779,7.651833274,9.152983133,-1.198962927,0.684746397,0.01219094,-2.041007146,-50.17230148,77.13073883,64.01466979,-38.07637481,-61.45541564,85.39430466,-16.76753311,1,1
83.28981209,6,1571997626,AUT,FALSE,TRUE,TRUE,630.5482433,-410.4438074,171.5664756,-179.5857562,-0.379281675,179.7206779,7.651833274,9.152983133,-1.198962927,0.684746397,0.01219094,-2.041007146,-50.17230148,77.13073883,64.01466979,-38.07637481,-61.45541564,85.39430466,-16.76753311,1,1
83.39061213,6,1571997626,AUT,FALSE,TRUE,TRUE,631.7366331,-394.122939,172.7526025,-179.5393507,-0.473751949,179.64015,5.242680857,9.105420331,-0.135069045,0.803601149,0.911512284,-2.141164598,-50.47531127,76.33967857,64.31058654,-41.03059501,-61.40196716,84.90240211,-14.43013688,1,1
83.49135613,6,1571997627,AUT,FALSE,TRUE,TRUE,631.7366331,-394.122939,172.7526025,-179.5393507,-0.473751949,179.64015,5.242680857,9.105420331,-0.135069045,0.803601149,0.911512284,-2.141164598,-50.70412559,75.03185921,64.77079353,-46.70885468,-61.33518127,83.3720375,-9.379577637,1,1
83.5918932,6,1571997627,AUT,FALSE,TRUE,TRUE,635.3084806,-358.0862317,171.9548823,-179.5605034,-0.379243576,179.5594022,2.332565097,9.100576438,-1.361813129,0.894931572,0.713968606,-1.880861497,-50.70412559,75.03185921,64.77079353,-46.70885468,-61.33518127,83.3720375,-9.379577637,1,1
83.69255018,6,1571997627,AUT,FALSE,TRUE,TRUE,636.5806006,-309.9775758,174.6703834,-179.6510327,-0.296012058,179.5588238,2.750373726,6.638150557,-1.170898359,0.564059714,0.425016387,-1.491124662,-50.66442031,73.17056579,65.57762947,-53.98367843,-61.33488464,81.77184104,-2.797891619,1,1
83.79310513,6,1571997627,AUT,FALSE,TRUE,TRUE,636.5806006,-309.9775758,174.6703834,-179.6510327,-0.296012058,179.5588238,2.750373726,6.638150557,-1.170898359,0.564059714,0.425016387,-1.491124662,-50.66442031,73.17056579,65.57762947,-53.98367843,-61.33488464,81.77184104,-2.797891619,1,1
83.89361215,6,1571997627,AUT,FALSE,TRUE,TRUE,633.3292307,-256.9466953,178.7525652,-179.7545686,-0.093228248,179.5730956,-2.522491078,4.92224853,-2.948993184,0.386632129,0.361260375,-1.04939811,-50.38015938,70.99352188,66.49726753,-61.24301147,-61.23372253,80.03967133,4.288145825,1,1
83.99411821,6,1571997627,AUT,FALSE,TRUE,TRUE,628.4630015,-204.5533247,184.570349,-179.7950072,0.056193639,179.6216361,-8.652594451,5.188299261,-0.53829875,0.602258719,1.003709658,-0.792425346,-49.35022888,68.92379036,67.44136391,-67.49304771,-61.05186035,78.75231399,10.90193596,1,1
84.0946331,6,1571997627,AUT,FALSE,TRUE,TRUE,628.4630015,-204.5533247,184.570349,-179.7950072,0.056193639,179.6216361,-8.652594451,5.188299261,-0.53829875,0.602258719,1.003709658,-0.792425346,-49.35022888,68.92379036,67.44136391,-67.49304771,-61.05186035,78.75231399,10.90193596,1,1
84.1952002,6,1571997627,AUT,FALSE,TRUE,TRUE,626.3155098,-140.016579,189.6300528,-179.817078,0.191023175,179.6598708,-10.46306189,2.958707843,0.607897508,0.168947657,1.047223223,-0.713043327,-47.04607658,67.03058509,67.99734764,-72.36063308,-60.5313446,77.55555267,18.22298813,1,1
84.29573011,6,1571997627,AUT,FALSE,TRUE,TRUE,626.3155098,-140.016579,189.6300528,-179.817078,0.191023175,179.6598708,-10.46306189,2.958707843,0.607897508,0.168947657,1.047223223,-0.713043327,-47.04607658,67.03058509,67.99734764,-72.36063308,-60.5313446,77.55555267,18.22298813,1,1
84.39624405,6,1571997628,AUT,FALSE,TRUE,TRUE,629.8537384,-96.57450826,189.1825306,-179.8601888,0.082801621,179.7801352,-7.362882367,2.568908507,2.512774574,0.493608246,1.320474483,-0.696078783,-42.92156181,66.46388969,67.7487957,-73.47147789,-60.24001464,77.14131317,22.49044876,1,1
84.49677205,6,1571997628,AUT,FALSE,TRUE,TRUE,629.8537384,-96.57450826,189.1825306,-179.8601888,0.082801621,179.7801352,-7.362882367,2.568908507,2.512774574,0.493608246,1.320474483,-0.696078783,-39.78919143,66.68105163,66.94204216,-73.33125114,-60.20545715,76.62569389,25.13306579,1,1
84.59725618,6,1571997628,AUT,FALSE,TRUE,TRUE,634.5673134,-67.45625122,182.685992,-179.8986733,-0.042597502,179.9427407,0.030863998,-1.902318744,3.454569442,-0.320683464,0.284361182,-0.441278241,-39.78919143,66.68105163,66.94204216,-73.33125114,-60.20545715,76.62569389,25.13306579,1,1
84.69777608,6,1571997628,AUT,FALSE,TRUE,TRUE,638.2134864,-51.94595037,173.5082766,-179.9634475,-0.102800291,-179.9100507,4.492076828,-3.095784029,-1.390386598,-0.645415061,-0.384487531,-0.264749253,-37.71848488,67.20317001,65.93302345,-72.99237785,-60.32587829,75.86047211,26.57609596,1,1
84.79834819,6,1571997628,AUT,FALSE,TRUE,TRUE,638.2134864,-51.94595037,173.5082766,-179.9634475,-0.102800291,-179.9100507,4.492076828,-3.095784029,-1.390386598,-0.645415061,-0.384487531,-0.264749253,-37.71848488,67.20317001,65.93302345,-72.99237785,-60.32587829,75.86047211,26.57609596,1,1
84.89888811,6,1571997628,AUT,FALSE,TRUE,TRUE,640.0748253,-50.02141509,170.5424041,-179.9868161,0.034347172,-179.9591287,-0.235457233,0.598802573,-3.63904127,-0.285256228,-0.160371987,-0.17457303,-37.28008919,67.4717102,65.63223495,-72.76901893,-60.39677856,75.50772514,26.68806038,1,1
84.99942613,6,1571997628,AUT,FALSE,TRUE,TRUE,640.0748253,-50.02141509,170.5424041,-179.9868161,0.034347172,-179.9591287,-0.235457233,0.598802573,-3.63904127,-0.285256228,-0.160371987,-0.17457303,-37.28008919,67.4717102,65.63223495,-72.76901893,-60.39677856,75.50772514,26.68806038,1,1
85.09996605,6,1571997628,AUT,FALSE,TRUE,TRUE,649.5298805,-55.91829811,179.7214508,-179.94952,0.513913774,-179.9579053,-15.01806229,4.188987976,-1.072250405,0.444283366,0.770467867,-0.250528236,-37.01387329,67.49529648,66.02509231,-70.76626281,-60.386781,76.41902389,25.32551879,1,1
85.20076609,6,1571997628,AUT,FALSE,TRUE,TRUE,665.8278201,-61.93252235,187.104536,-179.8760519,0.522586684,179.9913651,-15.01806229,4.188987976,-1.072250405,0.444283366,0.770467867,-0.250528236,-35.5575634,68.20892029,66.01001358,-66.39199104,-60.14326904,78.19038391,22.96647262,1,1
85.30183721,6,1571997628,AUT,FALSE,TRUE,TRUE,665.8278201,-61.93252235,187.104536,-179.8760519,0.522586684,179.9913651,-12.61439775,7.451251361,1.348471453,0.736469579,0.693292748,-0.641790125,-35.5575634,68.20892029,66.01001358,-66.39199104,-60.14326904,78.19038391,22.96647262,1,1
85.40245223,6,1571997629,AUT,FALSE,TRUE,TRUE,665.8278201,-61.93252235,187.104536,-179.8760519,0.522586684,179.9913651,-12.61439775,7.451251361,1.348471453,0.736469579,0.693292748,-0.641790125,-32.97586212,69.7424057,65.72428665,-60.83401794,-60.31667724,80.14269561,20.42892265,1,1
85.50303817,6,1571997629,AUT,FALSE,TRUE,TRUE,690.2560436,-61.36376005,187.4373498,-179.898925,0.435660214,179.9066737,-4.295128208,5.614493363,0.174435267,0.476472385,0.001418244,-0.576584637,-32.97586212,69.7424057,65.72428665,-60.83401794,-60.31667724,80.14269561,20.42892265,1,1
85.60358906,6,1571997629,AUT,FALSE,TRUE,TRUE,711.3861833,-56.40011734,180.3907601,-179.9665608,0.163588291,-179.997194,2.446789413,-0.259811992,1.671227087,0.476472385,0.001418244,-0.576584637,-28.58034896,72.41569519,64.84946251,-53.17933845,-60.7317517,81.59327201,18.46079063,1,1
85.70414019,6,1571997629,AUT,FALSE,TRUE,TRUE,711.3861833,-56.40011734,180.3907601,-179.9665608,0.163588291,-179.997194,2.446789413,-0.259811992,1.671227087,-0.221967514,-0.478427465,-0.093852446,-28.58034896,72.41569519,64.84946251,-53.17933845,-60.7317517,81.59327201,18.46079063,1,1
85.8046751,6,1571997629,AUT,FALSE,TRUE,TRUE,723.8987273,-57.31017603,174.4937778,-179.9503409,0.022494804,-179.9987491,5.423208584,1.828747435,-0.334308375,-0.143455303,-0.71884246,-0.142508482,-26.58127327,73.94857292,64.35361175,-49.01829758,-60.96763916,82.35130119,16.73712501,1,1
85.9052372,6,1571997629,AUT,FALSE,TRUE,TRUE,723.8987273,-57.31017603,174.4937778,-179.9503409,0.022494804,-179.9987491,5.423208584,1.828747435,-0.334308375,-0.143455303,-0.71884246,-0.142508482,-26.58127327,73.94857292,64.35361175,-49.01829758,-60.96763916,82.35130119,16.73712501,1,1
86.00581408,6,1571997629,AUT,FALSE,TRUE,TRUE,731.4265776,-55.32787441,175.1725589,-179.7790289,0.002620327,179.7846456,6.462712597,7.498021494,-6.487571704,0.541034934,-1.423544844,-0.744914403,-25.45557976,74.83139991,64.34325027,-46.5403656,-61.12848449,82.87805786,15.62106171,1,1
86.10638118,6,1571997629,AUT,FALSE,TRUE,TRUE,731.4265776,-55.32787441,175.1725589,-179.7790289,0.002620327,179.7846456,6.462712597,7.498021494,-6.487571704,0.541034934,-1.423544844,-0.744914403,-24.19737053,74.42555122,64.97617264,-45.9172863,-61.17441284,83.82525787,16.51009941,1,1
86.20694208,6,1571997629,AUT,FALSE,TRUE,TRUE,732.6500191,-42.02649751,183.2463434,-179.8009354,0.056460002,179.7821592,-0.06598467,6.964707645,-3.301131283,0.375887007,-0.319140315,-0.920336872,-24.19737053,74.42555122,64.97617264,-45.9172863,-61.17441284,83.82525787,16.51009941,1,1
86.30751109,6,1571997629,AUT,FALSE,TRUE,TRUE,731.650433,-18.87238495,194.0711324,-179.8008895,0.047068272,179.7642196,-4.632094035,5.30977074,-0.415054463,0.556173587,0.749934955,-0.893025783,-22.7129528,73.57747879,65.42383804,-46.22605362,-60.9466333,84.59286232,18.43379516,1,1
86.40801716,6,1571997630,AUT,FALSE,TRUE,TRUE,731.650433,-18.87238495,194.0711324,-179.8008895,0.047068272,179.7642196,-4.632094035,5.30977074,-0.415054463,0.556173587,0.749934955,-0.893025783,-22.7129528,73.57747879,65.42383804,-46.22605362,-60.9466333,84.59286232,18.43379516,1,1
86.50855708,6,1571997630,AUT,FALSE,TRUE,TRUE,731.2499858,15.31743127,197.8606864,-179.814837,0.082020087,179.7742892,-6.277724207,5.958529887,1.953696744,0.510975815,0.950937114,-0.793391163,-20.62914161,73.16691628,65.44029693,-46.34079551,-60.72718139,84.7761383,21.14668693,1,1
86.60913801,6,1571997630,AUT,FALSE,TRUE,TRUE,731.2499858,15.31743127,197.8606864,-179.814837,0.082020087,179.7742892,-6.277724207,5.958529887,1.953696744,0.510975815,0.950937114,-0.793391163,-20.62914161,73.16691628,65.44029693,-46.34079551,-60.72718139,84.7761383,21.14668693,1,1
86.70970106,6,1571997630,AUT,FALSE,TRUE,TRUE,731.2499858,15.31743127,197.8606864,-179.814837,0.082020087,179.7742892,-6.277724207,5.958529887,1.953696744,0.510975815,0.950937114,-0.793391163,-20.62914161,73.16691628,65.44029693,-46.34079551,-60.72718139,84.7761383,21.14668693,1,1
86.81049013,6,1571997630,AUT,FALSE,TRUE,TRUE,730.0466938,56.46919592,191.1749959,-179.8541005,-0.002419622,179.748296,-1.826151979,4.767793336,0.435808996,0.092894145,0.424990704,-0.649673542,-17.69846649,73.47717018,65.23458481,-46.22672653,-60.81276489,84.37886581,24.35806274,1,1
86.91137505,6,1571997630,AUT,FALSE,TRUE,TRUE,728.5261789,76.18515406,185.9481515,-179.890228,-0.076847866,179.8137907,-0.438805659,1.863723574,0.943821982,-0.355633199,0.339969174,-0.508367986,-15.0922142,74.04572983,65.01724434,-46.17767258,-60.98025146,84.08325806,25.93805466,1,1
87.01204205,6,1571997630,AUT,FALSE,TRUE,TRUE,727.5493441,89.46500621,179.7798581,-179.9463998,-0.116366888,179.9623799,0.309409269,-0.31110091,1.412843827,-0.475571315,0.234122696,-0.256651941,-13.86832008,74.43285713,64.63991203,-46.12451248,-61.05886413,83.65650101,27.05888328,1,1
87.11258411,6,1571997630,AUT,FALSE,TRUE,TRUE,727.5493441,89.46500621,179.7798581,-179.9463998,-0.116366888,179.9623799,0.309409269,-0.31110091,1.412843827,-0.475571315,0.234122696,-0.256651941,-13.36565781,74.73651237,64.35298347,-46.14093361,-61.08653869,83.52316474,27.48075142,1,1
87.21314001,6,1571997630,AUT,FALSE,TRUE,TRUE,726.3179092,94.02433253,175.1640376,-179.9521208,-0.341800209,-179.8958267,9.230617086,-1.934778697,-3.223875689,-0.366542403,-0.545849548,-0.254547051,-13.36565781,74.73651237,64.35298347,-46.14093361,-61.08653869,83.52316474,27.48075142,1,1
87.3136971,6,1571997630,AUT,FALSE,TRUE,TRUE,722.3790123,94.4698927,176.1513536,-179.8789408,-0.621783998,-179.8166625,12.32967032,-0.319084796,-2.476864444,0.222307261,-0.18549259,-0.441503735,-13.69640121,74.47617416,64.49255447,-47.057341,-61.04576293,83.65816955,27.90405121,1,1
87.41420507,6,1571997631,AUT,FALSE,TRUE,TRUE,713.7496766,95.89427487,178.2089091,-179.8873893,-0.742106633,-179.776476,12.62064168,3.460774327,0.658490958,1.145862626,0.193984658,-0.489597813,-14.70968056,73.63954468,64.72142029,-49.6762722,-60.87914428,83.27178726,29.22689438,1,1
87.51471019,6,1571997631,AUT,FALSE,TRUE,TRUE,699.1752444,98.23447857,178.2565267,-179.9425256,-0.753030337,-179.7163267,12.62064168,3.460774327,0.658490958,1.145862626,0.193984658,-0.489597813,-16.38503379,72.38479957,64.91676063,-54.23430748,-60.66720703,82.10334663,31.54134636,1,1
87.61520314,6,1571997631,AUT,FALSE,TRUE,TRUE,699.1752444,98.23447857,178.2565267,-179.9425256,-0.753030337,-179.7163267,11.67595911,-0.380590811,0.865393451,0.500425089,0.136428098,-0.319512423,-16.38503379,72.38479957,64.91676063,-54.23430748,-60.66720703,82.10334663,31.54134636,1,1
87.7157402,6,1571997631,AUT,FALSE,TRUE,TRUE,680.5711983,98.32436382,175.5114419,-179.9344464,-0.672865486,-179.679878,6.914732181,-2.0348619,2.304249216,0.078631449,0.452267274,-0.300146829,-18.6186367,70.96729202,65.02527466,-59.80876007,-60.47514953,80.294561,34.08962173,1,1
87.81625819,6,1571997631,AUT,FALSE,TRUE,TRUE,659.5871365,95.58466234,170.0272182,-179.8634348,-0.520774422,-179.7578683,-0.322956126,1.851592431,0.79194425,0.318055851,1.006658179,-0.523559846,-21.29451141,69.53115921,65.06721153,-65.92246627,-60.37768981,77.96438484,36.5548336,1,1
87.91674113,6,1571997631,AUT,FALSE,TRUE,TRUE,659.5871365,95.58466234,170.0272182,-179.8634348,-0.520774422,-179.7578683,-0.322956126,1.851592431,0.79194425,0.318055851,1.006658179,-0.523559846,-23.90187263,68.24270668,65.06667938,-71.42402458,-60.4326654,75.75965194,38.59697914,1,1
88.01726103,6,1571997631,AUT,FALSE,TRUE,TRUE,639.4969237,90.28711417,164.4308611,-179.8509049,-0.379853828,-179.7859694,-5.144507827,4.491727072,0.628281197,0.538007541,1.327186513,-0.651064345,-23.90187263,68.24270668,65.06667938,-71.42402458,-60.4326654,75.75965194,38.59697914,1,1
88.11778116,6,1571997631,AUT,FALSE,TRUE,TRUE,625.6846498,83.94203263,161.0418218,-179.819246,-0.196359997,-179.8466393,-10.7437971,9.366879544,1.346821878,1.144656588,2.120347803,-0.860557828,-25.87596817,67.31640816,65.07099494,-75.15775566,-60.50623535,74.16416931,39.68642807,1,1
88.21826911,6,1571997631,AUT,FALSE,TRUE,TRUE,618.1904737,78.67902226,159.3679066,-179.7683189,-0.062966877,-179.9735577,-10.09817385,10.31291068,0.718740681,1.080897524,1.722519596,-1.172440744,-27.28280868,66.73656693,65.08886146,-77.23365669,-60.51823242,73.20838966,40.04914512,1,1
88.31879711,6,1571997631,AUT,FALSE,TRUE,TRUE,618.1904737,78.67902226,159.3679066,-179.7683189,-0.062966877,-179.9735577,-10.09817385,10.31291068,0.718740681,1.080897524,1.722519596,-1.172440744,-27.28280868,66.73656693,65.08886146,-77.23365669,-60.51823242,73.20838966,40.04914512,1,1
88.41936421,6,1571997632,AUT,FALSE,TRUE,TRUE,617.4205896,83.14540817,162.6709627,-179.6594407,0.074955819,179.7659385,-7.484077337,12.54534003,-1.785331424,0.703867574,0.822921544,-1.658407107,-27.28104057,66.61565551,65.54983062,-77.43803672,-60.5188092,73.28785171,40.33507804,1,1
88.51995516,6,1571997632,AUT,FALSE,TRUE,TRUE,617.8210918,101.4469088,170.7235385,-179.6713621,0.161114035,179.6343129,-7.484077337,12.54534003,-1.785331424,0.703867574,0.822921544,-1.658407107,-25.69816474,66.55566673,66.42909049,-76.69230194,-60.53104248,74.27602386,41.69248008,1,1
88.62118006,6,1571997632,AUT,FALSE,TRUE,TRUE,617.8210918,101.4469088,170.7235385,-179.6713621,0.161114035,179.6343129,-6.812765829,11.84460141,-0.638500522,0.8708386,0.628865082,-1.44652696,-25.69816474,66.55566673,66.42909049,-76.69230194,-60.53104248,74.27602386,41.69248008,1,1
88.72187018,6,1571997632,AUT,FALSE,TRUE,TRUE,620.7820409,132.977382,180.6532644,-179.7509233,0.215224407,179.6623095,-5.155738747,9.661194603,0.170341145,0.944744771,0.273350206,-1.270205337,-22.9433876,66.53474464,66.90190773,-74.55876731,-60.2798236,75.70887794,43.5849987,1,1
88.82261205,6,1571997632,AUT,FALSE,TRUE,TRUE,620.7820409,132.977382,180.6532644,-179.7509233,0.215224407,179.6623095,-5.155738747,9.661194603,0.170341145,0.944744771,0.273350206,-1.270205337,-22.9433876,66.53474464,66.90190773,-74.55876731,-60.2798236,75.70887794,43.5849987,1,1
88.92319202,6,1571997632,AUT,FALSE,TRUE,TRUE,624.0664188,163.0325246,185.3076475,-179.7462441,0.179073161,179.6564493,-4.309239827,7.330501907,2.035542873,0.610563424,0.258085386,-1.157774939,-18.61608924,66.82814483,66.76702652,-72.05705681,-59.9717395,76.72116851,44.99583549,1,1
89.02377415,6,1571997632,AUT,FALSE,TRUE,TRUE,624.0664188,163.0325246,185.3076475,-179.7462441,0.179073161,179.6564493,-4.309239827,7.330501907,2.035542873,0.610563424,0.258085386,-1.157774939,-18.61608924,66.82814483,66.76702652,-72.05705681,-59.9717395,76.72116851,44.99583549,1,1
89.12435102,6,1571997632,AUT,FALSE,TRUE,TRUE,627.7126089,195.073223,183.3791021,-179.8198627,0.109377143,179.6790496,-3.846121689,6.947729166,3.112200306,0.356844278,0.528633199,-0.954436597,-14.35435867,67.76382637,66.20982399,-68.9440876,-59.95345825,77.4096817,46.45611763,1,1
89.22493315,6,1571997632,AUT,FALSE,TRUE,TRUE,633.0101632,219.2741577,177.0497051,-179.8395059,0.07597218,179.773601,-3.846121689,6.947729166,3.112200306,0.356844278,0.528633199,-0.954436597,-10.75940551,68.99848022,65.34532699,-65.78512688,-60.07734008,77.75691146,47.06071929,1,1
89.3254571,6,1571997632,AUT,FALSE,TRUE,TRUE,633.0101632,219.2741577,177.0497051,-179.8395059,0.07597218,179.773601,-2.149048401,4.320501687,1.358895186,-0.153415062,0.474263117,-0.795139244,-10.75940551,68.99848022,65.34532699,-65.78512688,-60.07734008,77.75691146,47.06071929,1,1
89.42596412,6,1571997633,AUT,FALSE,TRUE,TRUE,639.535695,237.7068128,169.7311465,-179.8798866,0.003665055,179.8379589,0.968835993,3.243374657,1.45254325,-0.621556495,0.246397635,-0.687555786,-7.807080456,70.40248833,64.63815078,-62.54940948,-60.29967041,78.12389946,47.08406181,1,1
89.52666807,6,1571997633,AUT,FALSE,TRUE,TRUE,642.5849577,249.1472561,163.736386,-179.9154261,-0.156986112,179.9841465,3.451167138,-1.571627917,0.888464368,-1.195661946,0.051549276,-0.492636744,-5.955513381,71.45503006,64.3110569,-60.49426918,-60.59332397,78.47704811,47.15438118,1,1
89.6272552,6,1571997633,AUT,FALSE,TRUE,TRUE,642.5849577,249.1472561,163.736386,-179.9154261,-0.156986112,179.9841465,3.451167138,-1.571627917,0.888464368,-1.195661946,0.051549276,-0.492636744,-5.955513381,71.45503006,64.3110569,-60.49426918,-60.59332397,78.47704811,47.15438118,1,1
89.72779918,6,1571997633,AUT,FALSE,TRUE,TRUE,644.13327,255.4313144,158.7031444,-179.9358337,-0.241355721,-179.8949775,6.752573073,-1.314108501,-0.885097113,-0.821911441,-0.463811333,-0.294192113,-4.8926548,72.20082321,64.11149368,-59.34925346,-60.90096862,78.58098221,47.24835548,1,1
89.82834911,6,1571997633,AUT,FALSE,TRUE,TRUE,641.6898024,258.2842684,158.2950323,-179.8908172,-0.414481751,-179.8509913,8.768793578,0.760317819,-2.655266806,-0.275289751,-0.196297766,-0.373690498,-4.672818369,72.31042213,64.25733032,-59.46161956,-60.98733215,78.73325958,47.58441352,1,1
89.92889214,6,1571997633,AUT,FALSE,TRUE,TRUE,633.4894355,262.1695446,161.6555461,-179.8839064,-0.50206141,-179.7693625,7.960654165,4.114074454,-2.592861175,0.804808986,0.016586377,-0.320299483,-4.8796566,71.74186249,64.64111022,-60.97728653,-60.98286071,78.75887489,48.80027733,1,1
90.0293951,6,1571997633,AUT,FALSE,TRUE,TRUE,633.4894355,262.1695446,161.6555461,-179.8839064,-0.50206141,-179.7693625,7.960654165,4.114074454,-2.592861175,0.804808986,0.016586377,-0.320299483,-4.8796566,71.74186249,64.64111022,-60.97728653,-60.98286071,78.75887489,48.80027733,1,1
90.13034701,6,1571997633,AUT,FALSE,TRUE,TRUE,620.9326342,266.9725266,167.3527136,-179.9448662,-0.447296635,-179.7366208,5.791449884,1.49487487,-3.808292262,0.68250223,-0.0263397,-0.133650188,-5.352923581,70.65804062,65.13357925,-63.55950623,-60.86046752,78.50812225,50.73374748,1,1
90.23102403,6,1571997633,AUT,FALSE,TRUE,TRUE,604.8635331,269.8495749,174.4931653,-179.9404949,-0.449870613,-179.7172862,4.753521693,2.030052189,-2.178731183,0.789487864,0.135234128,-0.156377859,-6.218062587,69.14471855,65.66286278,-66.93536109,-60.45666503,78.10066338,52.84822769,1,1
90.33180213,6,1571997633,AUT,FALSE,TRUE,TRUE,586.5055624,270.3258897,179.5794792,-179.936823,-0.463385348,-179.7331964,5.078922213,1.50427785,-0.950105564,0.636167061,0.111227678,-0.300860324,-7.435910794,67.45135116,66.06892089,-70.9743473,-59.87505432,77.23696632,55.05193748,1,1
90.43239021,6,1571997634,AUT,FALSE,TRUE,TRUE,565.835074,269.2817825,181.2396131,-179.8376774,-0.475203339,-179.7616823,3.237260712,5.540969201,2.012061487,1.23292903,0.539471949,-0.460492449,-8.849298475,65.77960281,66.36721687,-75.49790954,-59.37369873,75.89804534,57.33505096,1,1
90.53291917,6,1571997634,AUT,FALSE,TRUE,TRUE,565.835074,269.2817825,181.2396131,-179.8376774,-0.475203339,-179.7616823,3.237260712,5.540969201,2.012061487,1.23292903,0.539471949,-0.460492449,-8.849298475,65.77960281,66.36721687,-75.49790954,-59.37369873,75.89804534,57.33505096,1,1
90.63339901,6,1571997634,AUT,FALSE,TRUE,TRUE,542.6909951,267.8412098,179.0860602,-179.8633631,-0.382694864,-179.8254253,0.271878446,4.86337184,1.033099287,0.591191519,0.789541604,-0.703534151,-10.30932998,64.17236824,66.54762268,-80.49638328,-59.10058959,73.97879562,60.0619915,1,1
90.73394322,6,1571997634,AUT,FALSE,TRUE,TRUE,522.5118589,265.4057398,175.4101847,-179.8325288,-0.297499514,-179.8067288,-3.148358079,5.40561372,0.5741305,0.595738721,0.934006316,-0.750345288,-11.50519523,62.91557693,66.63440094,-84.77730903,-59.08147338,72.21700744,62.36078109,1,1
90.83449721,6,1571997634,AUT,FALSE,TRUE,TRUE,506.33255,262.6739895,171.6797579,-179.8047089,-0.249710289,-179.8677297,-3.682381551,8.603658298,0.220492927,1.114418567,1.025675956,-1.018956665,-12.49264297,61.92442474,66.64138412,-88.19365883,-59.08532409,70.65261268,64.1216526,1,1
90.93501401,6,1571997634,AUT,FALSE,TRUE,TRUE,506.33255,262.6739895,171.6797579,-179.8047089,-0.249710289,-179.8677297,-3.682381551,8.603658298,0.220492927,1.114418567,1.025675956,-1.018956665,-12.49264297,61.92442474,66.64138412,-88.19365883,-59.08532409,70.65261268,64.1216526,1,1
91.03554702,6,1571997634,AUT,FALSE,TRUE,TRUE,492.0953685,262.4043606,168.5811736,-179.7370167,-0.203448703,-179.9744209,-3.290575691,10.94650184,1.733111,1.218376173,1.160458491,-1.300643995,-13.07170829,61.11203728,66.64947624,-90.95816917,-59.11447082,69.3021492,65.71408309,1,1
91.13607812,6,1571997634,AUT,FALSE,TRUE,TRUE,483.6953133,265.4156786,166.5824538,-179.7848788,-0.232888581,-179.9500929,-2.698879188,7.632671009,1.729461128,0.561049614,1.443309955,-1.117086027,-12.91048736,60.84465751,66.66444854,-92.15771484,-59.20911254,68.78177147,66.93935738,1,1
91.23660922,6,1571997634,AUT,FALSE,TRUE,TRUE,483.6953133,265.4156786,166.5824538,-179.7848788,-0.232888581,-179.9500929,-2.698879188,7.632671009,1.729461128,0.561049614,1.443309955,-1.117086027,-12.91048736,60.84465751,66.66444854,-92.15771484,-59.20911254,68.78177147,66.93935738,1,1
91.33717418,6,1571997634,AUT,FALSE,TRUE,TRUE,478.6488523,268.2055231,164.4695535,-179.8373271,-0.236212748,-179.9349232,-2.073750001,5.522201241,1.330760554,0.324295529,1.530419342,-0.872582373,-12.62937812,60.80988922,66.62561187,-92.80538635,-59.38926086,68.44113006,67.82355423,1,1
97.50066018,7,1571997641,AUT,FALSE,FALSE,TRUE,471.8861158,-400.1013904,169.9791163,179.9924177,-0.010325433,-179.9978349,1.768898373,-0.328124052,-1.069833474,-0.169140447,-0.393394567,0.121685474,-75.84164772,66.26782493,66.76679306,-78.17954178,-60.91923889,74.28540687,-6.709055331,0.5,1
97.601331,7,1571997641,AUT,FALSE,TRUE,TRUE,472.3703843,-399.6878152,170.0580123,-179.955362,0.001119474,-179.9942266,0.207396557,0.965383604,-1.02619317,0.019607777,-0.171222705,0.107290407,-75.78908844,66.27050972,66.771912,-78.16391029,-60.91942565,74.28612785,-6.709817506,1,1
97.70225501,7,1571997641,AUT,FALSE,TRUE,TRUE,472.3703843,-399.6878152,170.0580123,-179.955362,0.001119474,-179.9942266,0.207396557,0.965383604,-1.02619317,0.019607777,-0.171222705,0.107290407,-75.74168243,66.26761551,66.77080307,-78.10976143,-60.91946411,74.28887786,-6.711887744,1,1
97.80283618,7,1571997641,AUT,FALSE,TRUE,TRUE,472.7676204,-399.718305,170.2257568,-179.9545925,0.017383524,-179.978046,-1.02703269,-0.293113634,1.317571376,-0.233064102,0.158577492,0.078980626,-75.74168243,66.26761551,66.77080307,-78.10976143,-60.91946411,74.28887786,-6.711887744,1,1
97.9033792,7,1571997641,AUT,FALSE,TRUE,TRUE,472.7676204,-399.718305,170.2257568,-179.9545925,0.017383524,-179.978046,-1.02703269,-0.293113634,1.317571376,-0.233064102,0.158577492,0.078980626,-75.74168243,66.26761551,66.77080307,-78.10976143,-60.91946411,74.28887786,-6.711887744,1,1
98.00389123,7,1571997641,AUT,FALSE,TRUE,TRUE,473.3196778,-399.5013172,170.3704468,-179.9248312,0.0530625,-179.9623283,-6.902357139,0.237876134,1.73152718,-0.144652155,0.512343911,0.124130181,-75.74444618,66.26821976,66.76631241,-78.07689171,-60.91958496,74.28397865,-6.711386494,1,1
98.10442901,7,1571997641,AUT,FALSE,TRUE,TRUE,473.3196778,-399.5013172,170.3704468,-179.9248312,0.0530625,-179.9623283,-6.902357139,0.237876134,1.73152718,-0.144652155,0.512343911,0.124130181,-75.74444618,66.26821976,66.76631241,-78.07689171,-60.91958496,74.28397865,-6.711386494,1,1
98.20504117,7,1571997641,AUT,FALSE,TRUE,TRUE,489.540457,-394.0141213,178.5022741,179.9894704,0.532187182,-179.7685671,-13.89992733,-2.01764115,-0.557042738,0.102481538,1.303302092,0.201530357,-73.96193504,66.33502349,67.24115524,-76.39637833,-60.91821716,75.03594818,-6.053047944,1,1
98.30560303,7,1571997641,AUT,FALSE,TRUE,TRUE,513.0159304,-388.3238729,185.219696,179.9039197,0.676884001,-179.9473243,-11.48309923,-4.86446263,-0.926268621,0.102481538,1.303302092,0.201530357,-70.9278717,67.17918205,67.70899773,-72.71420403,-60.92209533,76.71545219,-5.810061269,1,1
98.40615416,7,1571997642,AUT,FALSE,TRUE,TRUE,513.0159304,-388.3238729,185.219696,179.9039197,0.676884001,-179.9473243,-11.48309923,-4.86446263,-0.926268621,-0.656102853,0.52795757,0.308677153,-70.9278717,67.17918205,67.70899773,-72.71420403,-60.92209533,76.71545219,-5.810061269,1,1
98.50669718,7,1571997642,AUT,FALSE,TRUE,TRUE,543.7117339,-389.5499849,189.9872382,179.913406,0.714123314,-179.8438038,-12.92475562,-2.553280468,-0.007756092,-0.108978879,0.756800609,0.332966762,-66.47845687,68.56206207,67.29506378,-66.37832679,-60.98421752,78.73501739,-6.916580206,1,1
98.607234,7,1571997642,AUT,FALSE,TRUE,TRUE,543.7117339,-389.5499849,189.9872382,179.913406,0.714123314,-179.8438038,-12.92475562,-2.553280468,-0.007756092,-0.108978879,0.756800609,0.332966762,-66.47845687,68.56206207,67.29506378,-66.37832679,-60.98421752,78.73501739,-6.916580206,1,1
98.70781302,7,1571997642,AUT,FALSE,TRUE,TRUE,575.9106165,-391.8875751,192.290352,-179.9772325,0.601478207,-179.8949008,-6.237848279,-2.104597754,2.467933528,-0.305803642,-0.227870348,-0.016796255,-61.44217987,70.52363319,66.73105316,-58.76332512,-61.12537536,81.01694298,-8.830463794,1,1
98.80837512,7,1571997642,AUT,FALSE,TRUE,TRUE,602.631267,-393.1769975,188.2883244,-179.9636042,0.330487741,-179.8704453,4.219722827,-2.303693382,2.189770299,-0.114334138,-0.886898801,-0.20692077,-56.68162193,72.70859413,65.89712219,-51.3127819,-61.44992248,82.82074013,-10.76833534,1,1
98.90922117,7,1571997642,AUT,FALSE,TRUE,TRUE,602.631267,-393.1769975,188.2883244,-179.9636042,0.330487741,-179.8704453,4.219722827,-2.303693382,2.189770299,-0.114334138,-0.886898801,-0.20692077,-56.68162193,72.70859413,65.89712219,-51.3127819,-61.44992248,82.82074013,-10.76833534,1,1
99.00978208,7,1571997642,AUT,FALSE,TRUE,TRUE,602.631267,-393.1769975,188.2883244,-179.9636042,0.330487741,-179.8704453,4.219722827,-2.303693382,2.189770299,-0.114334138,-0.886898801,-0.20692077,-53.16101532,74.88019294,64.95432358,-44.96825981,-61.6817395,84.15590515,-13.75631104,1,1
99.11062717,7,1571997642,AUT,FALSE,TRUE,TRUE,621.8455652,-401.5871144,177.3515273,-179.8773134,-0.026260968,-179.9732774,14.40507209,4.837754398,-1.229445781,0.477358248,-2.021110451,-0.730025525,-53.16101532,74.88019294,64.95432358,-44.96825981,-61.6817395,84.15590515,-13.75631104,1,1
99.21130013,7,1571997642,AUT,FALSE,TRUE,TRUE,629.2403425,-407.2457725,170.9589693,-179.7346305,-0.167579611,179.8116989,14.40507209,4.837754398,-1.229445781,0.477358248,-2.021110451,-0.730025525,-50.93102073,76.88783454,64.68704681,-39.82703247,-62.05544494,84.89398384,-15.64685898,1,1
99.31184506,7,1571997642,AUT,FALSE,TRUE,TRUE,629.2403425,-407.2457725,170.9589693,-179.7346305,-0.167579611,179.8116989,14.71832274,10.37490745,-1.89883904,1.204728971,-1.998630394,-1.347053386,-50.93102073,76.88783454,64.68704681,-39.82703247,-62.05544494,84.89398384,-15.64685898,1,1
99.41251802,7,1571997643,AUT,FALSE,TRUE,TRUE,632.1260362,-398.8028049,171.6860307,-179.6274807,-0.268691179,179.7081677,7.031659667,7.280516855,-3.490188521,1.204728971,-1.998630394,-1.347053386,-50.54122581,76.83244972,64.91408271,-40.3159275,-62.11734191,84.99837112,-14.84817009,1,1
99.51308918,7,1571997643,AUT,FALSE,TRUE,TRUE,632.1260362,-398.8028049,171.6860307,-179.6274807,-0.268691179,179.7081677,7.031659667,7.280516855,-3.490188521,0.353124183,-0.243501461,-1.855698274,-50.54122581,76.83244972,64.91408271,-40.3159275,-62.11734191,84.99837112,-14.84817009,1,1
99.61361122,7,1571997643,AUT,FALSE,TRUE,TRUE,634.4902281,-376.1896982,178.2551658,-179.5959831,-0.348285938,179.6563145,4.171422228,7.063366157,-1.396295398,0.651862059,0.335064481,-1.908316355,-50.64604225,75.59769287,65.45473366,-43.68421898,-62.00977478,84.78234214,-11.77713089,1,1
99.71412921,7,1571997643,AUT,FALSE,TRUE,TRUE,634.4902281,-376.1896982,178.2551658,-179.5959831,-0.348285938,179.6563145,4.171422228,7.063366157,-1.396295398,0.651862059,0.335064481,-1.908316355,-50.64604225,75.59769287,65.45473366,-43.68421898,-62.00977478,84.78234214,-11.77713089,1,1
99.81460905,7,1571997643,AUT,FALSE,TRUE,TRUE,636.349491,-346.1019316,182.1703332,-179.6145045,-0.373937615,179.6257647,2.293813858,8.857602903,0.028037382,0.937387868,0.928194673,-1.759171171,-50.74297599,74.22520866,66.03494224,-48.41305733,-61.88332763,84.03387108,-7.651816181,1,1
99.91514206,7,1571997643,AUT,FALSE,TRUE,TRUE,636.8589353,-303.2604389,184.0726548,-179.6952498,-0.25257664,179.5977057,0.293418237,6.527220345,-2.184041274,0.644775624,0.474726671,-1.258517695,-50.72252083,72.59965782,66.73828697,-54.52200164,-61.79161376,82.60534286,-1.94336815,1,1
100.01566,7,1571997643,AUT,FALSE,TRUE,TRUE,636.8589353,-303.2604389,184.0726548,-179.6952498,-0.25257664,179.5977057,0.293418237,6.527220345,-2.184041274,0.644775624,0.474726671,-1.258517695,-50.72252083,72.59965782,66.73828697,-54.52200164,-61.79161376,82.60534286,-1.94336815,1,1
100.1162221,7,1571997643,AUT,FALSE,TRUE,TRUE,634.0995065,-256.3903933,187.1480757,-179.7877251,-0.092080882,179.5958013,-1.768726299,3.678337286,-3.338731776,0.279990097,0.113322528,-0.867872068,-50.42174262,70.80648651,67.62266922,-61.08727341,-61.69453857,81.11203651,4.424589156,1,1
100.216732,7,1571997643,AUT,FALSE,TRUE,TRUE,634.0995065,-256.3903933,187.1480757,-179.7877251,-0.092080882,179.5958013,-1.768726299,3.678337286,-3.338731776,0.279990097,0.113322528,-0.867872068,-50.42174262,70.80648651,67.62266922,-61.08727341,-61.69453857,81.11203651,4.424589156,1,1
100.31724,7,1571997643,AUT,FALSE,TRUE,TRUE,627.9259575,-197.5862566,193.4520636,-179.8592007,0.047233636,179.6980421,-7.371727172,1.412734121,-0.843959946,0.128891515,0.902078382,-0.48424742,-49.59142341,68.90439949,68.43957138,-66.97995186,-61.4024176,79.67358971,11.86267662,1,1
100.4177241,7,1571997644,AUT,FALSE,TRUE,TRUE,627.9259575,-197.5862566,193.4520636,-179.8592007,0.047233636,179.6980421,-7.371727172,1.412734121,-0.843959946,0.128891515,0.902078382,-0.48424742,-47.48830376,67.19226951,68.63624038,-71.16603126,-60.80279479,78.684906,16.37325096,1,1
100.5182161,7,1571997644,AUT,FALSE,TRUE,TRUE,626.2430441,-157.459053,195.5100412,-179.8364175,0.102985594,179.7568178,-10.76981989,5.500847214,1.767545713,0.896587671,1.607385288,-0.688012676,-47.48830376,67.19226951,68.63624038,-71.16603126,-60.80279479,78.684906,16.37325096,1,1
100.6187351,7,1571997644,AUT,FALSE,TRUE,TRUE,626.2430441,-157.459053,195.5100412,-179.8364175,0.102985594,179.7568178,-10.76981989,5.500847214,1.767545713,0.896587671,1.607385288,-0.688012676,-47.48830376,67.19226951,68.63624038,-71.16603126,-60.80279479,78.684906,16.37325096,1,1
100.7193122,7,1571997644,AUT,FALSE,TRUE,TRUE,630.9672816,-107.816247,190.9878308,-179.8354048,0.021384101,179.7455641,-5.907059509,5.028016239,2.17341617,0.65545692,1.578417447,-0.949723759,-44.23860626,66.83832435,68.35855064,-72.59961662,-60.6191748,77.86755066,21.33666114,1,1
100.819839,7,1571997644,AUT,FALSE,TRUE,TRUE,630.9672816,-107.816247,190.9878308,-179.8354048,0.021384101,179.7455641,-5.907059509,5.028016239,2.17341617,0.65545692,1.578417447,-0.949723759,-40.84926224,67.23942833,67.58541183,-72.68283119,-60.74958801,77.21868438,23.80880813,1,1
100.9205561,7,1571997644,AUT,FALSE,TRUE,TRUE,635.6298485,-80.48292826,183.3557554,-179.8553,-0.05911448,179.8306953,-0.824700773,2.403023098,1.414143551,0.152015412,0.809294736,-0.832454161,-40.84926224,67.23942833,67.58541183,-72.68283119,-60.74958801,77.21868438,23.80880813,1,1
101.0250721,7,1571997644,AUT,FALSE,TRUE,TRUE,638.1779146,-59.06354284,176.1719112,-179.9030193,-0.214803612,179.938353,1.647444609,-1.275871794,1.254362002,0.152015412,0.809294736,-0.832454161,-38.58444099,67.64922523,66.95175819,-72.67000122,-60.8890155,76.69717026,25.92690353,1,1
101.1256292,7,1571997644,AUT,FALSE,TRUE,TRUE,638.1779146,-59.06354284,176.1719112,-179.9030193,-0.214803612,179.938353,1.647444609,-1.275871794,1.254362002,-0.557058177,0.430023621,-0.62666833,-38.58444099,67.64922523,66.95175819,-72.67000122,-60.8890155,76.69717026,25.92690353,1,1
101.226171,7,1571997644,AUT,FALSE,TRUE,TRUE,638.1779146,-59.06354284,176.1719112,-179.9030193,-0.214803612,179.938353,1.647444609,-1.275871794,1.254362002,-0.557058177,0.430023621,-0.62666833,-37.70771828,67.84336738,66.49072723,-72.53035812,-61.03843505,76.15050773,26.55334739,1,1
101.3267441,7,1571997644,AUT,FALSE,TRUE,TRUE,640.6706988,-52.94082741,172.6098892,-179.9861504,0.036952433,-179.9768308,-4.253102469,-1.029925629,-2.703510561,-0.628783389,0.147704554,-0.1722331,-37.70771828,67.84336738,66.49072723,-72.53035812,-61.03843505,76.15050773,26.55334739,1,1
101.427278,7,1571997645,AUT,FALSE,TRUE,TRUE,652.4119217,-62.63492682,179.9839762,179.9649427,0.532108755,-179.9073479,-4.253102469,-1.029925629,-2.703510561,-0.628783389,0.147704554,-0.1722331,-37.28200836,68.07050285,66.53305892,-69.8558567,-61.02146118,76.9974163,24.73777428,1,1
101.5277941,7,1571997645,AUT,FALSE,TRUE,TRUE,652.4119217,-62.63492682,179.9839762,179.9649427,0.532108755,-179.9073479,-13.46918446,2.30506161,-1.710206016,0.296146547,0.428870785,-0.209785896,-37.28200836,68.07050285,66.53305892,-69.8558567,-61.02146118,76.9974163,24.73777428,1,1
101.6283011,7,1571997645,AUT,FALSE,TRUE,TRUE,652.4119217,-62.63492682,179.9839762,179.9649427,0.532108755,-179.9073479,-13.46918446,2.30506161,-1.710206016,0.296146547,0.428870785,-0.209785896,-35.43045158,69.20825386,66.69470901,-63.32147369,-60.77497741,79.70041008,20.91596031,1,1
101.7288501,7,1571997645,AUT,FALSE,TRUE,TRUE,675.067412,-74.51258239,190.9691999,-179.8720604,0.481615348,179.9458158,-7.495349814,6.320346961,1.383493804,0.680705244,0.365302132,-0.633708464,-35.43045158,69.20825386,66.69470901,-63.32147369,-60.77497741,79.70041008,20.91596031,1,1
101.8294232,7,1571997645,AUT,FALSE,TRUE,TRUE,675.067412,-74.51258239,190.9691999,-179.8720604,0.481615348,179.9458158,-7.495349814,6.320346961,1.383493804,0.680705244,0.365302132,-0.633708464,-32.0624382,70.94598198,66.376054,-56.82657966,-60.99832397,81.64358596,18.64264526,1,1
101.929996,7,1571997645,AUT,FALSE,TRUE,TRUE,697.6992853,-72.42210625,192.2820997,-179.9103,0.324377124,179.885876,-0.949342436,1.270699739,-0.067386211,-0.232224853,-0.486655144,-0.466988667,-32.0624382,70.94598198,66.376054,-56.82657966,-60.99832397,81.64358596,18.64264526,1,1
102.0308731,7,1571997645,AUT,FALSE,TRUE,TRUE,697.6992853,-72.42210625,192.2820997,-179.9103,0.324377124,179.885876,-0.949342436,1.270699739,-0.067386211,-0.232224853,-0.486655144,-0.466988667,-28.55871963,72.91916084,65.64886208,-50.97657623,-61.35614868,82.83833198,16.9473278,1,1
102.131958,7,1571997645,AUT,FALSE,TRUE,TRUE,716.7748409,-65.40279663,185.2167825,-179.9574719,0.064374546,179.9897258,5.316415329,-0.174608286,2.165651385,-0.27289404,-0.559845113,-0.287958011,-28.55871963,72.91916084,65.64886208,-50.97657623,-61.35614868,82.83833198,16.9473278,1,1
102.2324591,7,1571997645,AUT,FALSE,TRUE,TRUE,716.7748409,-65.40279663,185.2167825,-179.9574719,0.064374546,179.9897258,5.316415329,-0.174608286,2.165651385,-0.27289404,-0.559845113,-0.287958011,-28.55871963,72.91916084,65.64886208,-50.97657623,-61.35614868,82.83833198,16.9473278,1,1
102.3330071,7,1571997645,AUT,FALSE,TRUE,TRUE,727.7346992,-59.8665098,171.7738052,-179.9010379,-0.223463071,-179.9948456,12.17969015,1.456741125,-1.772725296,-0.086498237,-1.29012502,-0.469102071,-26.23266334,74.72752761,64.94192963,-47.45087128,-61.65718505,83.13028335,15.95006446,1,1
102.4335382,7,1571997646,AUT,FALSE,TRUE,TRUE,727.7346992,-59.8665098,171.7738052,-179.9010379,-0.223463071,-179.9948456,12.17969015,1.456741125,-1.772725296,-0.086498237,-1.29012502,-0.469102071,-26.23266334,74.72752761,64.94192963,-47.45087128,-61.65718505,83.13028335,15.95006446,1,1
102.5341191,7,1571997646,AUT,FALSE,TRUE,TRUE,728.8777679,-54.08211197,172.5828115,-179.8013163,-0.061466967,179.8964473,0.837997773,4.768306634,-5.195933273,0.210796205,-0.120435815,-0.954525219,-25.67420425,75.12020645,65.11910476,-47.08447036,-61.95410705,83.08101997,16.25529899,1,1
102.6346502,7,1571997646,AUT,FALSE,TRUE,TRUE,728.8777679,-54.08211197,172.5828115,-179.8013163,-0.061466967,179.8964473,0.837997773,4.768306634,-5.195933273,0.210796205,-0.120435815,-0.954525219,-25.12690315,74.32136993,65.80406456,-47.45482292,-61.85895996,83.73743591,17.1755825,1,1
102.7351701,7,1571997646,AUT,FALSE,TRUE,TRUE,728.2727053,-42.82853599,183.0571559,-179.7294392,0.045820152,179.7900607,-7.710828172,8.808974836,-0.731829637,0.882455412,1.02891756,-1.356805015,-25.12690315,74.32136993,65.80406456,-47.45482292,-61.85895996,83.73743591,17.1755825,1,1
102.8356552,7,1571997646,AUT,FALSE,TRUE,TRUE,728.2727053,-42.82853599,183.0571559,-179.7294392,0.045820152,179.7900607,-7.710828172,8.808974836,-0.731829637,0.882455412,1.02891756,-1.356805015,-23.02119484,73.66278763,66.19764289,-47.77285652,-61.67435668,84.18782043,19.67463226,1,1
102.9361901,7,1571997646,AUT,FALSE,TRUE,TRUE,728.1132225,-11.36144665,190.9206749,-179.6767013,0.118353089,179.710041,-9.073984784,9.42884914,1.286649814,1.059326545,1.44068742,-1.329400581,-23.02119484,73.66278763,66.19764289,-47.77285652,-61.67435668,84.18782043,19.67463226,1,1
103.0367212,7,1571997646,AUT,FALSE,TRUE,TRUE,728.1132225,-11.36144665,190.9206749,-179.6767013,0.118353089,179.710041,-9.073984784,9.42884914,1.286649814,1.059326545,1.44068742,-1.329400581,-19.47135086,73.85169067,66.11566772,-47.68937072,-61.70784301,84.00293083,23.28194847,1,1
103.1373091,7,1571997646,AUT,FALSE,TRUE,TRUE,727.9396563,34.08678844,188.1130386,-179.7613577,0.088541654,179.7049196,-5.184142281,8.777020402,-0.699517604,1.087096945,0.877605649,-0.937632961,-19.47135086,73.85169067,66.11566772,-47.68937072,-61.70784301,84.00293083,23.28194847,1,1
103.2377722,7,1571997646,AUT,FALSE,TRUE,TRUE,727.9396563,34.08678844,188.1130386,-179.7613577,0.088541654,179.7049196,-5.184142281,8.777020402,-0.699517604,1.087096945,0.877605649,-0.937632961,-15.71193924,74.30844726,65.79045524,-47.02443351,-61.85572448,83.92276153,26.47017059,1,1
103.3382871,7,1571997646,AUT,FALSE,TRUE,TRUE,726.8070344,75.61059519,183.5797435,-179.9124936,0.001782777,179.8632673,-0.840504147,-1.906509935,2.003690854,-0.41470207,0.243796716,-0.365787422,-15.71193924,74.30844726,65.79045524,-47.02443351,-61.85572448,83.92276153,26.47017059,1,1
103.4387791,7,1571997647,AUT,FALSE,TRUE,TRUE,726.8070344,75.61059519,183.5797435,-179.9124936,0.001782777,179.8632673,-0.840504147,-1.906509935,2.003690854,-0.41470207,0.243796716,-0.365787422,-13.51962432,74.89023514,65.12690849,-45.89149589,-61.86680969,83.8092041,27.43536071,1,1
103.5393162,7,1571997647,AUT,FALSE,TRUE,TRUE,727.9569922,92.9286092,177.2955016,-179.9526058,-0.103822265,-179.9176166,6.012973105,-0.303429095,-3.552896114,0.01923581,-0.909579217,-0.345609566,-13.51962432,74.89023514,65.12690849,-45.89149589,-61.86680969,83.8092041,27.43536071,1,1
103.6398292,7,1571997647,AUT,FALSE,TRUE,TRUE,727.9569922,92.9286092,177.2955016,-179.9526058,-0.103822265,-179.9176166,6.012973105,-0.303429095,-3.552896114,0.01923581,-0.909579217,-0.345609566,-13.44212265,74.56840095,65.4954483,-45.86975326,-61.83675109,84.60410957,27.44567756,1,1
103.7405462,7,1571997647,AUT,FALSE,TRUE,TRUE,726.1157042,93.69976506,186.8467899,-179.8272174,-0.531465859,-179.8117014,11.9038234,2.31772425,-4.639999716,1.068187641,-0.560259489,-0.771156801,-13.44212265,74.56840095,65.4954483,-45.86975326,-61.83675109,84.60410957,27.44567756,1,1
103.8416901,7,1571997647,AUT,FALSE,TRUE,TRUE,726.1157042,93.69976506,186.8467899,-179.8272174,-0.531465859,-179.8117014,11.9038234,2.31772425,-4.639999716,1.068187641,-0.560259489,-0.771156801,-14.98240242,72.72376213,66.03204803,-49.49668693,-61.06401672,84.89107589,29.07999344,1,1
103.942409,7,1571997647,AUT,FALSE,TRUE,TRUE,712.4508516,96.12955361,196.2269822,-179.8018328,-0.730012048,-179.8299602,11.11461974,4.430095516,1.793154355,1.574210024,0.320089422,-0.905945517,-14.98240242,72.72376213,66.03204803,-49.49668693,-61.06401672,84.89107589,29.07999344,1,1
104.0429201,7,1571997647,AUT,FALSE,TRUE,TRUE,712.4508516,96.12955361,196.2269822,-179.8018328,-0.730012048,-179.8299602,11.11461974,4.430095516,1.793154355,1.574210024,0.320089422,-0.905945517,-14.98240242,72.72376213,66.03204803,-49.49668693,-61.06401672,84.89107589,29.07999344,1,1
104.1434572,7,1571997647,AUT,FALSE,TRUE,TRUE,678.8021723,102.8005226,187.3310458,-179.955212,-0.586534058,-179.737036,1.436685497,-1.385523075,2.021726574,0.298422878,0.570021576,-0.390018141,-18.52344017,70.33446922,66.06246299,-59.7353302,-60.55023559,81.38072433,34.48998413,1,1
104.2440281,7,1571997647,AUT,FALSE,TRUE,TRUE,678.8021723,102.8005226,187.3310458,-179.955212,-0.586534058,-179.737036,1.436685497,-1.385523075,2.021726574,0.298422878,0.570021576,-0.390018141,-18.52344017,70.33446922,66.06246299,-59.7353302,-60.55023559,81.38072433,34.48998413,1,1
104.3445592,7,1571997647,AUT,FALSE,TRUE,TRUE,651.2032858,96.77758923,175.717254,-179.8936137,-0.459298944,-179.7738847,-0.048484046,1.828928495,-2.161370149,0.015972201,0.69878063,-0.583682875,-21.55264549,68.82867279,66.02205048,-67.93837852,-60.62394836,78.05473366,37.72125893,1,1
104.4451392,7,1571997648,AUT,FALSE,TRUE,TRUE,651.2032858,96.77758923,175.717254,-179.8936137,-0.459298944,-179.7738847,-0.048484046,1.828928495,-2.161370149,0.015972201,0.69878063,-0.583682875,-25.21394577,67.46238556,66.29456291,-73.44907608,-60.66805847,76.00720138,39.48022842,1,1
104.5456622,7,1571997648,AUT,FALSE,TRUE,TRUE,630.9355196,89.20891734,171.9749456,-179.8041705,-0.208998869,-179.9196042,-8.19535018,8.585593536,1.381034573,1.209330898,1.717857221,-1.077675687,-25.21394577,67.46238556,66.29456291,-73.44907608,-60.66805847,76.00720138,39.48022842,1,1
104.6461511,7,1571997648,AUT,FALSE,TRUE,TRUE,630.9355196,89.20891734,171.9749456,-179.8041705,-0.208998869,-179.9196042,-8.19535018,8.585593536,1.381034573,1.209330898,1.717857221,-1.077675687,-25.21394577,67.46238556,66.29456291,-73.44907608,-60.66805847,76.00720138,39.48022842,1,1
104.7467191,7,1571997648,AUT,FALSE,TRUE,TRUE,614.6196594,86.39095239,169.2007805,-179.759742,-0.116096353,179.9958912,-10.84376616,8.753512902,3.284348608,1.087387438,2.094622442,-1.326685946,-27.15072899,66.38333244,66.47663726,-77.35361709,-60.66845947,74.47538109,40.84955063,1,1
104.847275,7,1571997648,AUT,FALSE,TRUE,TRUE,614.6196594,86.39095239,169.2007805,-179.759742,-0.116096353,179.9958912,-10.84376616,8.753512902,3.284348608,1.087387438,2.094622442,-1.326685946,-27.15072899,66.38333244,66.47663726,-77.35361709,-60.66845947,74.47538109,40.84955063,1,1
104.9478381,7,1571997648,AUT,FALSE,TRUE,TRUE,614.5385529,91.16689088,164.0537708,-179.7659514,0.034756601,179.9274789,-3.782497838,5.617516655,-2.719593675,0.037817094,0.5235408,-1.272838897,-26.88791198,66.58828239,66.14624748,-77.84841041,-60.89297607,73.8020977,41.49703331,1,1
105.0484412,7,1571997648,AUT,FALSE,TRUE,TRUE,614.5385529,91.16689088,164.0537708,-179.7659514,0.034756601,179.9274789,-3.782497838,5.617516655,-2.719593675,0.037817094,0.5235408,-1.272838897,-25.79952736,66.79202728,67.00265579,-76.71735077,-61.08676391,74.75864639,41.97240486,1,1
105.1490002,7,1571997648,AUT,FALSE,TRUE,TRUE,617.5649327,101.5222861,175.2104443,-179.6651144,0.147566417,179.7623637,-2.111609811,10.67914731,-3.842239087,0.927064665,-0.231823372,-1.47751094,-25.79952736,66.79202728,67.00265579,-76.71735077,-61.08676391,74.75864639,41.97240486,1,1
105.2495012,7,1571997648,AUT,FALSE,TRUE,TRUE,618.8824473,119.6545841,184.5525484,-179.6943411,0.16951148,179.7109354,-4.531655224,8.618287272,0.048879625,0.655191627,0.073274635,-1.531671641,-24.07056427,66.49123535,67.98651237,-75.44577598,-60.83254028,76.25716094,42.96009636,1,1
105.3503182,7,1571997648,AUT,FALSE,TRUE,TRUE,618.8824473,119.6545841,184.5525484,-179.6943411,0.16951148,179.7109354,-4.531655224,8.618287272,0.048879625,0.655191627,0.073274635,-1.531671641,-24.07056427,66.49123535,67.98651237,-75.44577598,-60.83254028,76.25716094,42.96009636,1,1
105.4513512,7,1571997649,AUT,FALSE,TRUE,TRUE,621.2412317,148.8747297,190.6731924,-179.7077736,0.189400833,179.6797483,-6.755558959,8.054702116,3.087176241,1.172881694,0.345110156,-1.458948582,-20.65684433,66.44989929,67.87653579,-73.36790084,-60.34334106,77.1500679,44.54261856,1,1
105.5521381,7,1571997649,AUT,FALSE,TRUE,TRUE,621.2412317,148.8747297,190.6731924,-179.7077736,0.189400833,179.6797483,-6.755558959,8.054702116,3.087176241,1.172881694,0.345110156,-1.458948582,-20.65684433,66.44989929,67.87653579,-73.36790084,-60.34334106,77.1500679,44.54261856,1,1
105.6527562,7,1571997649,AUT,FALSE,TRUE,TRUE,623.928484,184.3530486,188.2193989,-179.7364684,0.096026846,179.6606033,-3.884360504,5.928486724,1.530540729,0.26711518,0.45705635,-1.218248573,-16.22572861,67.29084778,67.21292724,-70.47449684,-60.25493957,77.67510795,46.32417869,1,1
105.7532742,7,1571997649,AUT,FALSE,TRUE,TRUE,623.928484,184.3530486,188.2193989,-179.7364684,0.096026846,179.6606033,-3.884360504,5.928486724,1.530540729,0.26711518,0.45705635,-1.218248573,-16.22572861,67.29084778,67.21292724,-70.47449684,-60.25493957,77.67510795,46.32417869,1,1
105.8537571,7,1571997649,AUT,FALSE,TRUE,TRUE,626.1994534,217.4338234,181.9349093,-179.8463971,-0.001831954,179.7840446,-0.592141937,2.010296429,0.286475265,-0.340215595,0.358918576,-0.763789296,-11.86563606,68.56385078,66.43521538,-67.42352829,-60.47115051,78.09270172,47.92675438,1,1
105.9542592,7,1571997649,AUT,FALSE,TRUE,TRUE,626.1994534,217.4338234,181.9349093,-179.8463971,-0.001831954,179.7840446,-0.592141937,2.010296429,0.286475265,-0.340215595,0.358918576,-0.763789296,-11.86563606,68.56385078,66.43521538,-67.42352829,-60.47115051,78.09270172,47.92675438,1,1
106.0547922,7,1571997649,AUT,FALSE,TRUE,TRUE,629.1345805,235.7306559,176.4339874,-179.897144,-0.055656943,179.9431264,1.265718239,-0.353280606,0.704002635,-0.569320197,0.23325254,-0.621948863,-9.112946319,69.52814827,65.77223511,-65.09054031,-60.64098266,78.35821724,48.4722187,1,1
106.1552861,7,1571997649,AUT,FALSE,TRUE,TRUE,629.1345805,235.7306559,176.4339874,-179.897144,-0.055656943,179.9431264,1.265718239,-0.353280606,0.704002635,-0.569320197,0.23325254,-0.621948863,-7.469360731,70.44913902,65.21610031,-63.42114372,-60.84176879,78.36000938,48.44126129,1,1
106.2558231,7,1571997649,AUT,FALSE,TRUE,TRUE,632.4092163,245.0889454,169.2047941,-179.871793,-0.150526102,-179.9473755,2.606270234,1.285576588,3.087383539,-0.320107222,0.317200161,-0.725224966,-7.469360731,70.44913902,65.21610031,-63.42114372,-60.84176879,78.36000938,48.44126129,1,1
106.3563302,7,1571997649,AUT,FALSE,TRUE,TRUE,631.3321086,250.8391132,157.5364441,-179.8652885,-0.367480091,-179.8486547,6.032747274,0.750564598,-0.357284117,-0.298418054,0.254027282,-0.678713364,-6.633871075,71.53384666,64.86900787,-63.00782089,-61.40669677,77.90346908,48.91504326,1,1
106.4568341,7,1571997650,AUT,FALSE,TRUE,TRUE,625.9383328,253.800174,154.0414331,-179.8245653,-0.482391878,-179.8194054,7.916311849,3.731604172,-5.299962184,-0.298418054,0.254027282,-0.678713364,-6.696242519,71.72527313,65.05399361,-63.96298599,-61.75749023,77.60929985,49.77442818,1,1
106.557379,7,1571997650,AUT,FALSE,TRUE,TRUE,625.9383328,253.800174,154.0414331,-179.8245653,-0.482391878,-179.8194054,7.916311849,3.731604172,-5.299962184,0.67068251,0.05289966,-0.651018097,-6.696242519,71.72527313,65.05399361,-63.96298599,-61.75749023,77.60929985,49.77442818,1,1
106.6578991,7,1571997650,AUT,FALSE,TRUE,TRUE,614.5209022,258.9684048,158.1509214,-179.8762298,-0.474154541,-179.7537019,6.713323357,1.804555615,-5.689069621,0.481795169,0.083829318,-0.501776695,-6.99926605,71.04051246,65.59875068,-66.03103523,-61.86435424,77.4896347,51.58577499,1,1
106.7583861,7,1571997650,AUT,FALSE,TRUE,TRUE,599.6839692,263.2649254,166.2734797,-179.8790462,-0.475258608,-179.704579,5.320008389,2.95952392,-3.291769944,1.077305877,0.088778153,-0.401908894,-7.627876281,69.62758827,66.28917274,-69.00977554,-61.58132995,77.38090439,53.61789551,1,1
106.8589602,7,1571997650,AUT,FALSE,TRUE,TRUE,581.1085865,265.8938826,172.9301684,-179.8776553,-0.487315951,-179.6868899,3.773017875,2.515633853,0.444803304,1.077305877,0.088778153,-0.401908894,-8.556766888,67.98193588,66.81860389,-72.73401718,-61.05329956,76.81434288,55.93045921,1,1
106.9594831,7,1571997650,AUT,FALSE,TRUE,TRUE,581.1085865,265.8938826,172.9301684,-179.8776553,-0.487315951,-179.6868899,3.773017875,2.515633853,0.444803304,0.965102328,0.327622937,-0.489872609,-8.556766888,67.98193588,66.81860389,-72.73401718,-61.05329956,76.81434288,55.93045921,1,1
107.0599992,7,1571997650,AUT,FALSE,TRUE,TRUE,561.5375312,266.2029542,175.0938131,-179.8854173,-0.44191725,-179.6922418,1.938794013,1.814739411,-0.276277975,0.649981709,0.496397173,-0.574323015,-9.680908581,66.39092331,67.04352836,-76.84315109,-60.56217773,75.602005,58.26460762,1,1
107.1605511,7,1571997650,AUT,FALSE,TRUE,TRUE,541.1734106,264.6986269,173.2419358,-179.8045871,-0.39000481,-179.7273662,-0.124074395,6.997617972,2.772562272,1.42613906,0.87061734,-0.861044789,-10.91011391,64.93364181,67.06806221,-81.22280273,-60.23572998,73.91956901,60.51934204,1,1
107.261415,7,1571997650,AUT,FALSE,TRUE,TRUE,522.0339125,263.1267727,168.7836041,-179.7852287,-0.382102663,-179.8011609,-1.978235259,7.87780872,3.043549355,1.228609046,1.064180317,-1.149530969,-11.96878395,63.86930694,67.06156311,-85.18837967,-60.21053833,72.17014732,62.73365364,1,1
107.3619311,7,1571997650,AUT,FALSE,TRUE,TRUE,522.0339125,263.1267727,168.7836041,-179.7852287,-0.382102663,-179.8011609,-1.978235259,7.87780872,3.043549355,1.228609046,1.064180317,-1.149530969,-12.66144791,63.15569,66.99504433,-88.55414772,-60.45927429,70.57656326,64.82184906,1,1
107.4626122,7,1571997651,AUT,FALSE,TRUE,TRUE,504.8307664,262.7050189,162.9893336,-179.7592565,-0.354173072,-179.8346101,-2.956038873,8.228112974,2.799752782,1.000886098,1.594769727,-1.228739193,-12.66144791,63.15569,66.99504433,-88.55414772,-60.45927429,70.57656326,64.82184906,1,1
107.5631342,7,1571997651,AUT,FALSE,TRUE,TRUE,492.7101479,263.5460324,157.8603213,-179.7470098,-0.225270862,-179.8795808,-5.972209548,9.652755223,2.094397487,1.128705023,1.910186554,-1.316321322,-12.92751617,62.75795746,66.85855293,-90.86013679,-60.85897888,69.32163276,66.51222954,1,1
107.6636121,7,1571997651,AUT,FALSE,TRUE,TRUE,487.8084707,265.3413201,155.2813574,-179.7537014,-0.187684673,-179.8934806,-4.52884366,8.936548286,1.638490012,0.889310465,1.772176196,-1.384133833,-12.81771469,62.70410728,66.76610984,-91.65724983,-61.105979,68.83929176,67.31883544,1,1
113.950536,8,1571997657,AUT,FALSE,FALSE,TRUE,472.0166997,-399.963202,169.9718306,-179.9933483,-0.00585347,-179.9990994,-1.910740895,-0.692206934,1.087246783,-0.228415072,0.318494875,0.012242237,-75.90792618,66.43748131,67.02413406,-78.17934608,-61.16867797,74.44128914,-6.614813238,0.5,1
114.0512352,8,1571997657,AUT,FALSE,TRUE,TRUE,472.0066332,-399.9503175,170.0089118,-179.9900794,-0.012921705,-179.9980142,-0.594405124,0.452390052,-0.056242983,0.006508591,0.133504781,0.024400623,-75.90751762,66.43509864,67.0261425,-78.177705,-61.16901306,74.45148239,-6.615462112,1,1
114.1521182,8,1571997657,AUT,FALSE,TRUE,TRUE,472.1541895,-399.8101835,170.0113117,-179.9735251,-0.013133642,-179.9968877,-0.959021716,-0.179918033,1.320264847,-0.105990165,0.196589064,0.048684153,-75.88692513,66.43536644,67.02547645,-78.17349929,-61.16915039,74.45195274,-6.614851,1,1
114.2527111,8,1571997657,AUT,FALSE,TRUE,TRUE,472.1541895,-399.8101835,170.0113117,-179.9735251,-0.013133642,-179.9968877,-0.959021716,-0.179918033,1.320264847,-0.105990165,0.196589064,0.048684153,-75.88692513,66.43536644,67.02547645,-78.17349929,-61.16915039,74.45195274,-6.614851,1,1
114.353271,8,1571997657,AUT,FALSE,TRUE,TRUE,473.7846301,-399.2205432,170.729309,-179.9762004,0.097485419,-179.9691703,-7.197111826,0.1121035,2.755761343,-0.15644925,0.691373224,0.047902088,-75.74568558,66.43672599,67.07389869,-78.05469933,-61.16912841,74.45130386,-6.552788544,1,1
114.453794,8,1571997658,AUT,FALSE,TRUE,TRUE,480.4760142,-397.0925611,171.730179,179.9328335,0.353299362,-179.9003493,-12.63124057,-1.843735621,3.092932714,-0.155344588,1.192849627,0.345548779,-74.99192734,66.53808174,67.06054344,-77.41475601,-61.16916687,74.45421181,-6.220280463,1,1
114.554352,8,1571997658,AUT,FALSE,TRUE,TRUE,495.2438363,-394.0855532,169.5317152,179.8890175,0.579755352,-179.9669217,-12.63124057,-1.843735621,3.092932714,-0.155344588,1.192849627,0.345548779,-73.14638214,67.34782562,66.91397552,-75.48209609,-61.35915344,74.74584388,-5.961899188,1,1
114.6548951,8,1571997658,AUT,FALSE,TRUE,TRUE,495.2438363,-394.0855532,169.5317152,179.8890175,0.579755352,-179.9669217,-16.44535931,-3.423519575,3.931464148,-0.699898792,1.378653815,0.381799143,-73.14638214,67.34782562,66.91397552,-75.48209609,-61.35915344,74.74584388,-5.961899188,1,1
114.75546,8,1571997658,AUT,FALSE,TRUE,TRUE,495.2438363,-394.0855532,169.5317152,179.8890175,0.579755352,-179.9669217,-16.44535931,-3.423519575,3.931464148,-0.699898792,1.378653815,0.381799143,-73.14638214,67.34782562,66.91397552,-75.48209609,-61.35915344,74.74584388,-5.961899188,1,1
114.8560371,8,1571997658,AUT,FALSE,TRUE,TRUE,541.2924575,-392.102622,166.4500492,179.9236452,0.753287941,-179.9626671,-9.321738088,-4.134062878,-0.187022034,-0.950598527,0.255477764,0.420999414,-68.86372948,69.85580521,66.63135566,-68.54155197,-62.0837622,76.95437393,-6.73016625,1,1
114.9565742,8,1571997658,AUT,FALSE,TRUE,TRUE,541.2924575,-392.102622,166.4500492,179.9236452,0.753287941,-179.9626671,-9.321738088,-4.134062878,-0.187022034,-0.950598527,0.255477764,0.420999414,-68.86372948,69.85580521,66.63135566,-68.54155197,-62.0837622,76.95437393,-6.73016625,1,1
115.057126,8,1571997658,AUT,FALSE,TRUE,TRUE,576.9114395,-391.9051986,167.1271648,179.9558157,0.619716968,-179.928211,-2.116976257,-3.287200779,-0.037234892,-0.809284511,-0.935840994,0.158771013,-61.42645569,72.55622063,66.34536781,-58.97202072,-62.58005859,79.35797309,-8.309632875,1,1
115.157711,8,1571997658,AUT,FALSE,TRUE,TRUE,603.5531938,-394.6946147,167.3939341,-179.9966396,0.282881158,-179.8883178,6.604367636,-1.572371451,-0.204400895,-0.345297251,-1.220559526,-0.142275856,-56.72951202,74.45048332,65.80014038,-51.50440406,-62.65570495,81.55036011,-10.59862748,1,1
115.2582662,8,1571997658,AUT,FALSE,TRUE,TRUE,603.5531938,-394.6946147,167.3939341,-179.9966396,0.282881158,-179.8883178,6.604367636,-1.572371451,-0.204400895,-0.345297251,-1.220559526,-0.142275856,-56.72951202,74.45048332,65.80014038,-51.50440406,-62.65570495,81.55036011,-10.59862748,1,1
115.3588541,8,1571997658,AUT,FALSE,TRUE,TRUE,620.3823835,-402.9462714,166.1125674,-179.8239644,-0.129536078,179.9575321,14.67021312,6.481547806,-0.665395147,0.721971596,-1.653030709,-0.976547857,-53.10232086,76.22662926,65.20476036,-44.47287254,-62.65366149,83.45001297,-13.41690903,1,1
115.4594061,8,1571997659,AUT,FALSE,TRUE,TRUE,620.3823835,-402.9462714,166.1125674,-179.8239644,-0.129536078,179.9575321,14.67021312,6.481547806,-0.665395147,0.721971596,-1.653030709,-0.976547857,-53.10232086,76.22662926,65.20476036,-44.47287254,-62.65366149,83.45001297,-13.41690903,1,1
115.559988,8,1571997659,AUT,FALSE,TRUE,TRUE,627.448688,-404.3056247,168.3924789,-179.6131442,-0.279394674,179.7845673,15.16193985,12.732249,-0.047592162,1.532781073,-1.824433023,-1.756960114,-51.39483261,77.01446914,65.26573104,-40.93852958,-62.65455688,84.7263874,-15.02675973,1,1
115.6610172,8,1571997659,AUT,FALSE,TRUE,TRUE,630.1217118,-389.6904242,168.1827875,-179.5271627,-0.520669459,179.6256787,11.67068529,10.31232317,1.302804671,0.798072882,-0.271571541,-2.311465854,-51.12476806,76.67362174,65.4792778,-42.57328147,-62.63868713,84.65211639,-13.33615609,1,1
115.761569,8,1571997659,AUT,FALSE,TRUE,TRUE,630.1217118,-389.6904242,168.1827875,-179.5271627,-0.520669459,179.6256787,11.67068529,10.31232317,1.302804671,0.798072882,-0.271571541,-2.311465854,-51.12476806,76.67362174,65.4792778,-42.57328147,-62.63868713,84.65211639,-13.33615609,1,1
115.8622682,8,1571997659,AUT,FALSE,TRUE,TRUE,633.3434499,-347.9832107,166.4815153,-179.622335,-0.362992693,179.5163264,4.237577527,8.826685022,-3.331314282,0.740933666,0.266915239,-1.70879559,-51.35255241,75.61065674,65.92712516,-49.22588424,-62.54575378,82.80632057,-7.408197787,1,1
115.9628172,8,1571997659,AUT,FALSE,TRUE,TRUE,633.3434499,-347.9832107,166.4815153,-179.622335,-0.362992693,179.5163264,4.237577527,8.826685022,-3.331314282,0.740933666,0.266915239,-1.70879559,-51.35255241,75.61065674,65.92712516,-49.22588424,-62.54575378,82.80632057,-7.408197787,1,1
116.0633931,8,1571997659,AUT,FALSE,TRUE,TRUE,633.8468369,-300.1055136,173.9252709,-179.7562833,-0.14855883,179.527585,1.605773893,6.366760256,-4.1938231,0.388874207,0.244180249,-1.04929749,-51.36985588,73.22713508,66.97419777,-56.09697761,-62.52479736,81.57063331,-0.848494725,1,1
116.1639662,8,1571997659,AUT,FALSE,TRUE,TRUE,631.0987247,-253.9687199,183.9650063,-179.7844383,-0.041435674,179.5736014,-4.574523304,4.46518507,-3.338766771,0.336165281,0.273446413,-0.745321811,-50.95820159,71.00320701,68.06911239,-62.23635406,-62.24507995,80.77103805,5.120559306,1,1
116.2644761,8,1571997659,AUT,FALSE,TRUE,TRUE,631.0987247,-253.9687199,183.9650063,-179.7844383,-0.041435674,179.5736014,-4.574523304,4.46518507,-3.338766771,0.336165281,0.273446413,-0.745321811,-50.95820159,71.00320701,68.06911239,-62.23635406,-62.24507995,80.77103805,5.120559306,1,1
116.3650551,8,1571997659,AUT,FALSE,TRUE,TRUE,627.496446,-211.0577807,192.1098935,-179.8197139,0.021872734,179.6137884,-8.534165057,4.545719788,0.428262623,0.349897872,1.118357205,-0.597757728,-50.04375801,69.09496421,68.81415024,-67.00076065,-61.72977172,80.04312515,10.41464424,1,1
116.4655921,8,1571997660,AUT,FALSE,TRUE,TRUE,624.4300627,-171.217242,195.9171287,-179.9194837,0.059698097,179.6938142,-7.216664157,2.156557511,0.919749351,0.163173879,0.94403965,-0.402957012,-48.54922599,67.59805984,69.05517998,-70.63565254,-61.16414062,79.16632004,15.16732635,1,1
116.566148,8,1571997660,AUT,FALSE,TRUE,TRUE,622.9600239,-136.1348611,194.8662624,-179.8667654,0.042517613,179.7335722,-7.701547138,2.885255394,2.163829761,0.258596751,1.151724622,-0.429375373,-46.61776771,66.72581749,68.91893234,-73.09208907,-60.79406616,78.24738922,19.0210041,1,1
116.6667001,8,1571997660,AUT,FALSE,TRUE,TRUE,622.9600239,-136.1348611,194.8662624,-179.8667654,0.042517613,179.7335722,-7.701547138,2.885255394,2.163829761,0.258596751,1.151724622,-0.429375373,-46.61776771,66.72581749,68.91893234,-73.09208907,-60.79406616,78.24738922,19.0210041,1,1
116.7672431,8,1571997660,AUT,FALSE,TRUE,TRUE,623.5772534,-107.1399828,190.0558373,-179.8976591,0.023247585,179.7755134,-8.475190901,4.259545873,4.123836693,0.301135194,1.591587677,-0.483196469,-44.47436599,66.50810279,68.54320335,-74.43456344,-60.75352661,77.38619499,22.17030029,1,1
116.8677571,8,1571997660,AUT,FALSE,TRUE,TRUE,625.963796,-84.39428146,182.3855878,-179.9205101,-0.037501784,179.8398433,-7.685331226,5.571060104,4.057188265,0.730138725,1.986242332,-0.445725046,-42.34967193,66.74793091,67.88433952,-74.87411613,-60.86226928,76.58460846,24.44699707,1,1
116.9681752,8,1571997660,AUT,FALSE,TRUE,TRUE,629.1893308,-68.20440681,172.1665292,-179.9805484,-0.077675486,179.9261233,-7.685331226,5.571060104,4.057188265,0.730138725,1.986242332,-0.445725046,-40.4317955,67.34151878,67.01173324,-74.78934974,-61.13745483,75.72646293,26.03250274,1,1
117.068717,8,1571997660,AUT,FALSE,TRUE,TRUE,629.1893308,-68.20440681,172.1665292,-179.9805484,-0.077675486,179.9261233,-1.85067181,1.036194021,1.954280114,-0.163201866,0.461136349,-0.282308225,-40.4317955,67.34151878,67.01173324,-74.78934974,-61.13745483,75.72646293,26.03250274,1,1
117.169275,8,1571997660,AUT,FALSE,TRUE,TRUE,632.1168944,-57.42416091,160.5442729,-179.9818759,-0.120150422,-179.9587976,4.345147996,-2.280789691,-3.108540036,-0.761424411,-0.442278011,-0.266782154,-38.91677742,68.19349136,66.13604049,-74.54405594,-61.63704711,74.86582489,27.09826927,1,1
117.269824,8,1571997660,AUT,FALSE,TRUE,TRUE,632.9634271,-55.73559759,160.2653852,-179.9239754,-0.018294322,-179.9954686,0.543960547,0.769418652,-4.090072652,-0.16984305,-0.162627907,-0.411185171,-38.73848991,68.35974197,66.23639717,-74.46795158,-61.82090881,74.85535697,27.20469932,1,1
117.3706911,8,1571997660,AUT,FALSE,TRUE,TRUE,632.9634271,-55.73559759,160.2653852,-179.9239754,-0.018294322,-179.9954686,0.543960547,0.769418652,-4.090072652,-0.16984305,-0.162627907,-0.411185171,-38.73848991,68.35974197,66.23639717,-74.46795158,-61.82090881,74.85535697,27.20469932,1,1
117.4713411,8,1571997661,AUT,FALSE,TRUE,TRUE,637.8039257,-58.37932117,166.1291538,-179.9890628,0.383748138,-179.8819062,-12.3103517,2.958293243,1.768211044,0.209344365,0.810647871,-0.166812812,-38.62558823,68.22427711,66.51946334,-73.56866569,-61.83961303,75.28303756,26.71896972,1,1
117.5722332,8,1571997661,AUT,FALSE,TRUE,TRUE,637.8039257,-58.37932117,166.1291538,-179.9890628,0.383748138,-179.8819062,-12.3103517,2.958293243,1.768211044,0.209344365,0.810647871,-0.166812812,-38.62558823,68.22427711,66.51946334,-73.56866569,-61.83961303,75.28303756,26.71896972,1,1
117.672729,8,1571997661,AUT,FALSE,TRUE,TRUE,654.1197723,-65.83346916,172.2211386,-179.9988927,0.427262688,-179.9069596,-9.864715369,2.774617647,1.713441757,0.297359363,0.528359923,-0.259131172,-37.32995338,68.9190525,66.44999199,-69.41053963,-61.60919128,76.79279594,24.39443436,1,1
117.773262,8,1571997661,AUT,FALSE,TRUE,TRUE,673.3987996,-70.76978739,173.5781584,-179.971349,0.507141233,179.9517781,-10.59874627,4.815285865,1.334388221,0.297359363,0.528359923,-0.259131172,-35.39893455,70.31367759,66.29396553,-64.4277626,-61.70305847,78.23180923,21.9536602,1,1
117.8737941,8,1571997661,AUT,FALSE,TRUE,TRUE,673.3987996,-70.76978739,173.5781584,-179.971349,0.507141233,179.9517781,-10.59874627,4.815285865,1.334388221,0.226863164,0.602888278,-0.257444357,-35.39893455,70.31367759,66.29396553,-64.4277626,-61.70305847,78.23180923,21.9536602,1,1
117.9743111,8,1571997661,AUT,FALSE,TRUE,TRUE,693.8071186,-71.93605524,174.2168548,-179.933862,0.357636283,179.8722277,-3.34613941,6.342565081,-0.896827501,0.067282726,-0.055150176,-0.416170563,-32.71926269,71.96216583,66.13688507,-58.60360451,-61.90390502,80.00275726,19.52375907,1,1
118.0748432,8,1571997661,AUT,FALSE,TRUE,TRUE,693.8071186,-71.93605524,174.2168548,-179.933862,0.357636283,179.8722277,-3.34613941,6.342565081,-0.896827501,0.067282726,-0.055150176,-0.416170563,-32.71926269,71.96216583,66.13688507,-58.60360451,-61.90390502,80.00275726,19.52375907,1,1
118.1753681,8,1571997661,AUT,FALSE,TRUE,TRUE,714.8807412,-65.91526299,171.4068726,-179.9462057,0.193409806,179.9170484,1.973118454,2.720529248,1.583981661,0.175061944,0.016174755,-0.335856125,-29.64686393,73.57449188,65.77594643,-53.10828438,-62.14122619,81.63357811,17.51480598,1,1
118.275887,8,1571997661,AUT,FALSE,TRUE,TRUE,714.8807412,-65.91526299,171.4068726,-179.9462057,0.193409806,179.9170484,1.973118454,2.720529248,1.583981661,0.175061944,0.016174755,-0.335856125,-29.64686393,73.57449188,65.77594643,-53.10828438,-62.14122619,81.63357811,17.51480598,1,1
118.3764641,8,1571997661,AUT,FALSE,TRUE,TRUE,725.9622437,-57.00955674,164.2937836,-179.8966456,-0.123249831,179.9642454,10.26767131,1.7969718,0.187236329,-0.202711205,-1.307371641,-0.36317496,-26.39721107,75.31412201,65.15323104,-48.28303756,-62.30131347,82.34797096,16.65145225,1,1
118.4770191,8,1571997662,AUT,FALSE,TRUE,TRUE,730.7822042,-47.44657732,162.4848376,-179.8144308,-0.017440072,179.8605717,8.90499071,3.970339951,-6.332674229,-0.059621309,-1.808621242,-0.864996463,-25.06935196,75.88595009,65.13198967,-46.97224159,-62.45725341,82.43437156,16.77157058,1,1
118.5775611,8,1571997662,AUT,FALSE,TRUE,TRUE,730.7822042,-47.44657732,162.4848376,-179.8144308,-0.017440072,179.8605717,8.90499071,3.970339951,-6.332674229,-0.059621309,-1.808621242,-0.864996463,-25.06935196,75.88595009,65.13198967,-46.97224159,-62.45725341,82.43437156,16.77157058,1,1
118.6781161,8,1571997662,AUT,FALSE,TRUE,TRUE,730.5601273,-22.12348439,174.3029539,-179.7196424,-0.010323166,179.7615396,-3.406593377,8.337230459,-1.313925561,0.762291277,0.640935214,-1.261741163,-23.72007293,75.3369461,65.76279716,-47.02123031,-62.45960998,83.19092445,18.2508419,1,1
118.7786741,8,1571997662,AUT,FALSE,TRUE,TRUE,728.816934,0.922893153,179.6976818,-179.7357364,-0.001018453,179.7653365,-5.093639174,6.947038172,1.032639048,0.762291277,0.640935214,-1.261741163,-21.92276458,74.61063995,66.14468879,-47.75257644,-62.29196411,83.59923477,20.79782638,1,1
118.8792171,8,1571997662,AUT,FALSE,TRUE,TRUE,728.816934,0.922893153,179.6976818,-179.7357364,-0.001018453,179.7653365,-5.093639174,6.947038172,1.032639048,0.596240653,0.70142855,-1.207548935,-21.92276458,74.61063995,66.14468879,-47.75257644,-62.29196411,83.59923477,20.79782638,1,1
118.9797511,8,1571997662,AUT,FALSE,TRUE,TRUE,726.7369918,34.78045986,181.4662798,-179.7806076,0.055492689,179.7963108,-6.288797377,3.563330243,0.561087606,0.330361234,0.9636376,-0.954373184,-19.54720459,74.30747909,66.15430526,-48.25123214,-62.19703674,83.53609085,23.70686874,1,1
119.0806682,8,1571997662,AUT,FALSE,TRUE,TRUE,726.7369918,34.78045986,181.4662798,-179.7806076,0.055492689,179.7963108,-6.288797377,3.563330243,0.561087606,0.330361234,0.9636376,-0.954373184,-19.54720459,74.30747909,66.15430526,-48.25123214,-62.19703674,83.53609085,23.70686874,1,1
119.1813021,8,1571997662,AUT,FALSE,TRUE,TRUE,725.1928334,66.7239393,177.3373489,-179.8421695,-0.068214366,179.9319004,-1.022005228,1.269693656,2.431159046,-0.051843809,0.185420848,-0.640450552,-16.76140823,74.51853332,65.92957306,-47.98321724,-62.20564453,83.46046028,26.24473114,1,1
119.2820971,8,1571997662,AUT,FALSE,TRUE,TRUE,724.1264418,89.18959205,171.1886543,-179.9064258,-0.099432961,-179.9849334,0.07695482,0.818797985,2.081823971,-0.028553881,0.219718689,-0.523679884,-14.66199646,75.07168464,65.51897621,-47.61267586,-62.33751892,83.06005325,27.92728729,1,1
119.3826301,8,1571997662,AUT,FALSE,TRUE,TRUE,724.1264418,89.18959205,171.1886543,-179.9064258,-0.099432961,-179.9849334,0.07695482,0.818797985,2.081823971,-0.028553881,0.219718689,-0.523679884,-14.66199646,75.07168464,65.51897621,-47.61267586,-62.33751892,83.06005325,27.92728729,1,1
119.483144,8,1571997663,AUT,FALSE,TRUE,TRUE,723.7000876,97.75219357,165.0926977,-179.8861713,-0.209760035,-179.8687575,5.636381339,-1.350072926,-1.7779141,-0.354854581,-0.587143023,-0.535006993,-13.72540855,75.53325806,65.16320457,-47.35466537,-62.42784301,82.76399231,28.49464188,1,1
119.5837662,8,1571997663,AUT,FALSE,TRUE,TRUE,722.0503195,99.91622255,166.0982036,-179.8916509,-0.38474812,-179.8066914,7.789467456,-0.409220757,-4.019270542,0.090627764,-0.255168298,-0.640206567,-13.60245781,75.48061638,65.25800285,-47.54558716,-62.43897766,82.96793289,28.80107803,1,1
119.684314,8,1571997663,AUT,FALSE,TRUE,TRUE,715.3361008,100.7828292,173.1622532,-179.8109656,-0.657310025,-179.7726718,7.789467456,-0.409220757,-4.019270542,0.090627764,-0.255168298,-0.640206567,-14.28261108,74.58816948,65.63174057,-49.19762878,-62.15899658,83.36270256,29.56781387,1,1
119.784847,8,1571997663,AUT,FALSE,TRUE,TRUE,715.3361008,100.7828292,173.1622532,-179.8109656,-0.657310025,-179.7726718,11.09082686,3.36411018,-1.70568514,1.137259484,-0.166675042,-0.880246964,-14.28261108,74.58816948,65.63174057,-49.19762878,-62.15899658,83.36270256,29.56781387,1,1
119.885319,8,1571997663,AUT,FALSE,TRUE,TRUE,699.9447067,106.2974892,176.2705857,-179.844672,-0.700813475,-179.7377403,9.23946892,1.434893484,1.053877603,0.961560687,0.127123247,-0.664366515,-15.76740989,73.13526878,65.90302391,-53.75141029,-61.80183654,82.4808506,32.13588867,1,1
119.985821,8,1571997663,AUT,FALSE,TRUE,TRUE,699.9447067,106.2974892,176.2705857,-179.844672,-0.700813475,-179.7377403,9.23946892,1.434893484,1.053877603,0.961560687,0.127123247,-0.664366515,-15.76740989,73.13526878,65.90302391,-53.75141029,-61.80183654,82.4808506,32.13588867,1,1
120.0863671,8,1571997663,AUT,FALSE,TRUE,TRUE,677.7072958,110.585325,173.5890777,-179.8880926,-0.585321552,-179.6520605,3.880070579,2.379129174,-0.733081893,1.43116385,0.557332642,-0.305702456,-18.00544166,71.50221977,66.02149773,-60.23342628,-61.60955932,80.46729354,35.58068619,1,1
120.1869211,8,1571997663,AUT,FALSE,TRUE,TRUE,657.4977692,109.171559,170.5349197,-179.9462713,-0.521496001,-179.6628163,0.92414826,3.362978205,-0.485180136,1.282561284,0.810509681,-0.331971847,-20.36889953,70.08621597,66.14283485,-65.90127983,-61.45129028,78.59798011,38.15949325,1,1
120.2874241,8,1571997663,AUT,FALSE,TRUE,TRUE,638.5574214,103.8269726,167.3340258,-179.8983144,-0.402391594,-179.6899897,-1.880409171,3.616615512,1.802435643,0.911654047,1.037838518,-0.508915,-22.82127799,68.77835541,66.24861259,-71.02042808,-61.39860534,76.77077522,40.02714157,1,1
120.3879461,8,1571997663,AUT,FALSE,TRUE,TRUE,638.5574214,103.8269726,167.3340258,-179.8983144,-0.402391594,-179.6899897,-1.880409171,3.616615512,1.802435643,0.911654047,1.037838518,-0.508915,-22.82127799,68.77835541,66.24861259,-71.02042808,-61.39860534,76.77077522,40.02714157,1,1
120.4884291,8,1571997664,AUT,FALSE,TRUE,TRUE,622.8402985,97.09440354,163.8410522,-179.8513245,-0.236652747,-179.8008244,-8.557306903,5.082021777,2.264122732,0.750981139,1.464387073,-0.831475694,-25.11671333,67.70505981,66.29680481,-75.26296692,-61.4007312,75.03822784,41.32684135,1,1
120.589004,8,1571997664,AUT,FALSE,TRUE,TRUE,614.1871842,90.1572025,159.9194995,-179.8285434,-0.086563238,-179.8610402,-11.43374317,9.702085185,2.856790678,1.342898328,2.160390127,-1.003053127,-26.68854446,67.16867294,66.17823486,-77.74068946,-61.52125671,73.81227035,41.81649856,1,1
120.6895132,8,1571997664,AUT,FALSE,TRUE,TRUE,614.1871842,90.1572025,159.9194995,-179.8285434,-0.086563238,-179.8610402,-11.43374317,9.702085185,2.856790678,1.342898328,2.160390127,-1.003053127,-26.68854446,67.16867294,66.17823486,-77.74068946,-61.52125671,73.81227035,41.81649856,1,1
120.7901421,8,1571997664,AUT,FALSE,TRUE,TRUE,613.1041078,86.49013278,157.3483953,-179.8042099,-0.005239122,179.994879,-7.664140091,11.18118654,0.548060407,1.127012667,1.24210365,-1.080156409,-27.30419083,67.22620353,66.10529251,-78.28618813,-61.6605249,73.32871399,41.66666564,1,1
120.8906682,8,1571997664,AUT,FALSE,TRUE,TRUE,614.0927578,94.17149462,161.0427519,-179.7053008,0.105435958,179.7855356,-3.963220787,9.782025053,-3.731715068,0.555427495,0.165384658,-1.356380142,-26.77656211,67.34911651,66.62556381,-77.90740356,-61.7604071,73.70836716,42.06218376,1,1
120.9912982,8,1571997664,AUT,FALSE,TRUE,TRUE,614.0927578,94.17149462,161.0427519,-179.7053008,0.105435958,179.7855356,-3.963220787,9.782025053,-3.731715068,0.555427495,0.165384658,-1.356380142,-26.77656211,67.34911651,66.62556381,-77.90740356,-61.7604071,73.70836716,42.06218376,1,1
121.0918682,8,1571997664,AUT,FALSE,TRUE,TRUE,617.0919821,112.975997,173.7418875,-179.7278642,0.16284043,179.7356735,-4.671727354,8.86278383,-1.162945566,1.502051196,0.385756549,-1.349099209,-25.29740753,67.19319305,67.49349746,-76.39346351,-61.5743811,75.31478462,43.07712478,1,1
121.1924651,8,1571997664,AUT,FALSE,TRUE,TRUE,617.0919821,112.975997,173.7418875,-179.7278642,0.16284043,179.7356735,-4.671727354,8.86278383,-1.162945566,1.502051196,0.385756549,-1.349099209,-25.29740753,67.19319305,67.49349746,-76.39346351,-61.5743811,75.31478462,43.07712478,1,1
121.2931061,8,1571997664,AUT,FALSE,TRUE,TRUE,621.1947674,140.9207573,182.3230772,-179.7118079,0.15780238,179.7350436,-3.494637094,9.173939934,0.7217439,0.606139644,0.116897793,-1.374206709,-21.52073021,67.10008736,67.78680496,-73.92403221,-61.04914123,76.6016304,44.30212097,1,1
121.3937292,8,1571997665,AUT,FALSE,TRUE,TRUE,623.3894867,164.8779684,182.2233542,-179.7479957,0.145914479,179.6840034,-3.873308018,7.768621954,1.178560636,0.241204396,0.297269918,-1.23277103,-18.51464767,67.54411697,67.45113144,-72.06281776,-60.92025512,76.99088974,45.55181579,1,1
121.4942942,8,1571997665,AUT,FALSE,TRUE,TRUE,623.3894867,164.8779684,182.2233542,-179.7479957,0.145914479,179.6840034,-3.873308018,7.768621954,1.178560636,0.241204396,0.297269918,-1.23277103,-18.51464767,67.54411697,67.45113144,-72.06281776,-60.92025512,76.99088974,45.55181579,1,1
121.5948522,8,1571997665,AUT,FALSE,TRUE,TRUE,625.319885,187.1309132,180.1190972,-179.8046604,0.078482558,179.7232908,-2.699579169,7.797321859,0.809954525,0.372256847,0.52217562,-1.074044296,-15.69000778,68.20757103,67.08762474,-70.15348663,-60.97667541,77.39101524,46.63260612,1,1
121.6953681,8,1571997665,AUT,FALSE,TRUE,TRUE,627.7902162,207.474426,176.1582148,-179.8168536,0.046555884,179.7847711,-2.65177656,4.452767514,1.222005864,-0.033065296,0.643426379,-0.859179882,-12.91779327,69.01277618,66.57096176,-68.03978576,-61.08669799,77.65387344,47.46723747,1,1
121.7958961,8,1571997665,AUT,FALSE,TRUE,TRUE,631.723973,222.5267421,170.4599546,-179.8682903,-0.001798379,179.9110997,-1.956904435,3.054392617,2.98600225,-0.18625215,0.713319499,-0.751381651,-10.55466843,69.92895355,65.90386848,-65.84361877,-61.2117279,77.82424392,47.75835456,1,1
121.8964262,8,1571997665,AUT,FALSE,TRUE,TRUE,631.723973,222.5267421,170.4599546,-179.8682903,-0.001798379,179.9110997,-1.956904435,3.054392617,2.98600225,-0.18625215,0.713319499,-0.751381651,-10.55466843,69.92895355,65.90386848,-65.84361877,-61.2117279,77.82424392,47.75835456,1,1
121.9970191,8,1571997665,AUT,FALSE,TRUE,TRUE,635.974505,232.864402,163.0247382,-179.9203697,-0.098549384,-179.9639197,0.58740645,5.013515668,2.018402371,0.533426755,0.572659262,-0.445346502,-8.738377756,70.94857406,65.27493896,-63.84949379,-61.40192871,77.89308357,47.74768752,1,1
122.097316,8,1571997665,AUT,FALSE,TRUE,TRUE,635.974505,232.864402,163.0247382,-179.9203697,-0.098549384,-179.9639197,0.58740645,5.013515668,2.018402371,0.533426755,0.572659262,-0.445346502,-7.197988125,72.13515243,64.99947052,-62.02565002,-61.91794555,77.92178192,47.66501884,1,1
122.1978502,8,1571997665,AUT,FALSE,TRUE,TRUE,639.9491403,242.2610691,155.0585219,-179.86688,-0.162619316,-179.9495254,4.220904611,1.4930969,-0.929711084,-0.236087116,-0.194636379,-0.593371186,-7.197988125,72.13515243,64.99947052,-62.02565002,-61.91794555,77.92178192,47.66501884,1,1
122.2983711,8,1571997665,AUT,FALSE,TRUE,TRUE,639.6705735,249.2725608,150.8784049,-179.8683789,-0.24280779,-179.8769347,5.959747425,-0.042292398,-3.832336142,-0.583643811,-0.494919773,-0.668642237,-6.280513,72.86177788,65.08256836,-61.26044883,-62.36918701,78.05986289,48.04005775,1,1
122.3989091,8,1571997666,AUT,FALSE,TRUE,TRUE,639.6705735,249.2725608,150.8784049,-179.8683789,-0.24280779,-179.8769347,5.959747425,-0.042292398,-3.832336142,-0.583643811,-0.494919773,-0.668642237,-6.280513,72.86177788,65.08256836,-61.26044883,-62.36918701,78.05986289,48.04005775,1,1
122.499474,8,1571997666,AUT,FALSE,TRUE,TRUE,633.7430673,252.8689497,157.0918137,-179.8328592,-0.408032789,-179.7847611,8.771387448,3.287403568,-3.60589178,0.694552042,-0.393086719,-0.732987094,-6.319617456,72.36444053,65.63783798,-62.05911369,-62.34287475,78.60074729,48.84678726,1,1
122.6001041,8,1571997666,AUT,FALSE,TRUE,TRUE,617.0870404,260.8280182,165.4275722,-179.8745804,-0.485519636,-179.7392563,5.555369183,1.895920882,-0.47803011,0.803373504,0.051728263,-0.528432694,-6.719492338,70.98296127,66.34450607,-65.12425804,-62.03130249,78.56611633,51.30731621,1,1
122.7008362,8,1571997666,AUT,FALSE,TRUE,TRUE,617.0870404,260.8280182,165.4275722,-179.8745804,-0.485519636,-179.7392563,5.555369183,1.895920882,-0.47803011,0.803373504,0.051728263,-0.528432694,-6.719492338,70.98296127,66.34450607,-65.12425804,-62.03130249,78.56611633,51.30731621,1,1
122.801357,8,1571997666,AUT,FALSE,TRUE,TRUE,598.7560194,265.9140455,168.5844654,-179.8834345,-0.485817463,-179.6798975,4.12501586,2.244202569,1.068932889,0.935074431,0.534258435,-0.454221125,-7.389939875,69.57359733,66.56985283,-68.86498604,-61.62947204,77.72645874,53.84777412,1,1
122.9021802,8,1571997666,AUT,FALSE,TRUE,TRUE,579.1519381,268.5719422,168.0642274,-179.8627686,-0.444692395,-179.6920093,2.440863701,3.390136752,1.436410089,0.883838888,0.496699047,-0.657818291,-8.305252075,68.22785454,66.59228554,-73.02013206,-61.2868634,76.33677063,56.38555412,1,1
123.002753,8,1571997666,AUT,FALSE,TRUE,TRUE,559.8084514,268.7883725,165.394663,-179.8697089,-0.35047722,-179.650783,-0.552942576,3.723233887,2.077460849,0.984663678,0.773928449,-0.639563459,-9.336789319,67.03489036,66.59692039,-77.2052845,-61.21633666,74.78545646,58.88058014,1,1
123.103265,8,1571997666,AUT,FALSE,TRUE,TRUE,542.6649903,267.0066589,162.0654404,-179.8335399,-0.338152281,-179.7096142,-0.552942576,3.723233887,2.077460849,0.984663678,0.773928449,-0.639563459,-10.43879013,66.05450134,66.63054886,-80.95970764,-61.20648193,73.30302658,60.89330635,1,1
123.203758,8,1571997666,AUT,FALSE,TRUE,TRUE,542.6649903,267.0066589,162.0654404,-179.8335399,-0.338152281,-179.7096142,-0.633126293,4.861022525,0.262647548,1.03184036,0.581594809,-0.859234374,-10.43879013,66.05450134,66.63054886,-80.95970764,-61.20648193,73.30302658,60.89330635,1,1
123.3043072,8,1571997666,AUT,FALSE,TRUE,TRUE,525.984455,265.2820824,159.936337,-179.7835616,-0.34943658,-179.7510727,0.378465331,6.369404251,0.145142889,0.966381389,0.70982068,-1.070841355,-11.44273453,65.1201519,66.78795204,-84.37832679,-61.22594421,72.03701363,62.78920669,1,1
123.40485,8,1571997667,AUT,FALSE,TRUE,TRUE,510.2036558,265.1002234,159.0662141,-179.7639357,-0.320026399,-179.7946375,-0.889366119,7.548077696,0.147726602,1.135960297,0.886550882,-1.139045276,-12.17918243,64.22740974,67.06338272,-87.40352211,-61.27346008,70.99318199,64.67422371,1,1
123.5053401,8,1571997667,AUT,FALSE,TRUE,TRUE,510.2036558,265.1002234,159.0662141,-179.7639357,-0.320026399,-179.7946375,-0.889366119,7.548077696,0.147726602,1.135960297,0.886550882,-1.139045276,-12.17918243,64.22740974,67.06338272,-87.40352211,-61.27346008,70.99318199,64.67422371,1,1
123.6058791,8,1571997667,AUT,FALSE,TRUE,TRUE,493.3668416,266.726899,159.4001136,-179.7906187,-0.235606287,-179.7743765,-2.303093041,7.254411485,0.842409679,1.209076776,1.084535809,-1.011770103,-12.62513123,63.21029548,67.38187981,-90.33931961,-61.27554748,70.04926414,66.83261833,1,1
123.7063971,8,1571997667,AUT,FALSE,TRUE,TRUE,483.7997526,267.7337118,158.8478363,-179.8387317,-0.197033576,-179.7635756,-2.663843214,6.064297506,2.469656452,1.014066319,1.090368422,-0.908489391,-12.76384391,62.60100746,67.42327766,-91.98240051,-61.22981689,69.39704704,68.07568703,1,1
130.8305531,9,1571997674,AUT,FALSE,FALSE,TRUE,471.9416182,-400.080824,170.0105363,179.9944688,-0.007201849,-179.995383,-2.237138608,-1.018335781,1.967524075,-0.19496378,0.619558317,0.065485554,-76.11475754,66.86406669,67.67461738,-78.17515754,-61.80328674,74.85422744,-6.384433369,0.5,1
130.931179,9,1571997674,AUT,FALSE,TRUE,TRUE,474.6751303,-399.27168,170.7015132,-179.9314804,0.319486512,-179.9403332,-10.05364858,-0.377704312,0.102539298,-0.222315557,0.70495687,0.054350532,-75.95711746,66.86564254,67.70773429,-78.07285423,-61.8033142,74.64988174,-6.367442325,1,1
131.0318062,9,1571997674,AUT,FALSE,TRUE,TRUE,484.7420837,-395.6365423,176.5488001,179.9832639,0.632260986,-179.8523312,-17.88693978,-1.619031186,-1.708438281,-0.233837806,1.150645207,0.148786072,-74.87055244,66.8930088,68.13530159,-77.01155433,-61.80296264,75.17886314,-5.896674731,1,1
131.1323192,9,1571997674,AUT,FALSE,TRUE,TRUE,504.2694804,-389.6502611,186.2024158,-179.9969881,0.794483487,-179.9337759,-18.18063003,-3.326555236,-0.078444275,-0.563210587,1.165914012,0.109322135,-72.48889846,67.30160408,68.89730644,-74.26521606,-61.80340759,76.82727584,-5.552644731,1,1
131.2329011,9,1571997674,AUT,FALSE,TRUE,TRUE,504.2694804,-389.6502611,186.2024158,-179.9969881,0.794483487,-179.9337759,-18.18063003,-3.326555236,-0.078444275,-0.563210587,1.165914012,0.109322135,-72.48889846,67.30160408,68.89730644,-74.26521606,-61.80340759,76.82727584,-5.552644731,1,1
131.333395,9,1571997674,AUT,FALSE,TRUE,TRUE,528.8906024,-386.5834061,194.4067506,179.9662634,0.752890873,-179.8646006,-11.96760126,-5.094302087,1.406320471,-0.482375783,0.650721566,0.303721324,-68.94635352,68.04126205,69.05046272,-69.75211143,-61.8037207,78.77911033,-5.826461794,1,1
131.4339602,9,1571997675,AUT,FALSE,TRUE,TRUE,555.9932698,-385.8543556,198.0030281,179.9684563,0.679509093,-179.8302055,-10.68246777,-2.088859436,2.466409204,-0.122033348,0.358915742,0.15299554,-64.77495804,69.23808517,68.52340049,-64.02541923,-61.80464355,80.54055862,-6.814668275,1,1
131.5345061,9,1571997675,AUT,FALSE,TRUE,TRUE,581.6220445,-387.3334044,196.0177604,179.9937009,0.535471068,-179.8529924,-6.815824365,0.018483702,1.184327071,0.576544974,0.438684306,-0.038725564,-60.53849945,70.87624626,67.56793671,-57.75544624,-61.81380615,81.97062149,-8.418861012,1,1
131.6349962,9,1571997675,AUT,FALSE,TRUE,TRUE,581.6220445,-387.3334044,196.0177604,179.9937009,0.535471068,-179.8529924,-6.815824365,0.018483702,1.184327071,0.576544974,0.438684306,-0.038725564,-60.53849945,70.87624626,67.56793671,-57.75544624,-61.81380615,81.97062149,-8.418861012,1,1
131.7355161,9,1571997675,AUT,FALSE,TRUE,TRUE,603.7123101,-389.9486406,190.9489449,-179.9485083,0.380794713,-179.893093,2.555497736,0.628134097,1.730382894,0.109935168,-0.665267914,-0.317199894,-56.66125603,72.72157516,66.64843597,-51.54668426,-61.9646759,83.17660446,-10.3155613,1,1
131.836086,9,1571997675,AUT,FALSE,TRUE,TRUE,620.875473,-392.4154483,183.2724816,-179.8984481,0.080450069,-179.9200626,8.918025358,2.259643698,1.342937423,0.332119423,-1.378347656,-0.55572053,-53.33918952,74.66808471,66.00951233,-45.93627204,-62.37653137,84.26036109,-12.12692871,1,1
131.9366002,9,1571997675,AUT,FALSE,TRUE,TRUE,630.6170984,-396.5734361,176.0754153,-179.7826886,-0.077170521,-179.9929507,13.43907968,5.587492769,-0.1046713,0.706077287,-1.884424491,-0.924215215,-51.25450973,76.24666214,65.70194321,-41.87003288,-62.78046569,84.90014305,-13.81070709,1,1
132.037153,9,1571997675,AUT,FALSE,TRUE,TRUE,630.6170984,-396.5734361,176.0754153,-179.7826886,-0.077170521,-179.9929507,13.43907968,5.587492769,-0.1046713,0.706077287,-1.884424491,-0.924215215,-50.22370719,77.14342117,65.71945266,-39.36072121,-63.08125488,85.44644851,-15.01208268,1,1
132.137675,9,1571997675,AUT,FALSE,TRUE,TRUE,634.5927324,-401.0289403,173.3896164,-179.7583277,-0.15863994,179.9300259,15.32862817,8.33651635,-3.04834495,1.192947237,-2.263278094,-1.193074549,-50.22370719,77.14342117,65.71945266,-39.36072121,-63.08125488,85.44644851,-15.01208268,1,1
132.238167,9,1571997675,AUT,FALSE,TRUE,TRUE,634.6186215,-401.9209371,175.4685109,-179.6958246,-0.267905458,179.8734332,13.49901191,7.540163408,-2.561130323,0.894926323,-1.657364304,-1.45696871,-50.02932815,77.18399849,65.83663559,-38.79860229,-63.1083966,85.86771927,-15.34472122,1,1
132.3386891,9,1571997675,AUT,FALSE,TRUE,TRUE,633.4752486,-398.6721196,180.5530714,-179.5896365,-0.322876746,179.8329456,5.006817599,6.238855538,-3.00615482,0.758650399,0.124733757,-1.900784642,-50.29285583,76.65868721,66.07102203,-39.62162246,-63.02144531,86.12338486,-14.92015114,1,1
132.4392831,9,1571997676,AUT,FALSE,TRUE,TRUE,633.471622,-387.9510309,186.2801942,-179.5935349,-0.336932729,179.7449646,1.923372236,7.898453811,-1.466114816,0.947048822,0.641558093,-2.011575234,-50.60911102,75.81700058,66.44609184,-41.59451637,-62.85826538,86.15269432,-13.37600213,1,1
132.5397711,9,1571997676,AUT,FALSE,TRUE,TRUE,633.471622,-387.9510309,186.2801942,-179.5935349,-0.336932729,179.7449646,1.923372236,7.898453811,-1.466114816,0.947048822,0.641558093,-2.011575234,-50.60911102,75.81700058,66.44609184,-41.59451637,-62.85826538,86.15269432,-13.37600213,1,1
132.640367,9,1571997676,AUT,FALSE,TRUE,TRUE,635.2970462,-366.9712706,190.5426741,-179.5827077,-0.352463167,179.6811183,1.111870927,8.235510065,-0.058790101,1.053818439,1.019521887,-1.871399362,-50.76545677,74.79523429,66.969944,-44.84560776,-62.73709716,85.80589371,-10.49985695,1,1
132.7411361,9,1571997676,AUT,FALSE,TRUE,TRUE,637.6275707,-336.6773626,191.2572432,-179.6381578,-0.273810629,179.6213177,0.85341064,7.727274345,0.019889365,1.007669829,0.761966135,-1.60552577,-50.77251205,73.68800125,67.41455726,-49.32072716,-62.5663916,84.77960243,-6.355776219,1,1
132.8420272,9,1571997676,AUT,FALSE,TRUE,TRUE,637.6275707,-336.6773626,191.2572432,-179.6381578,-0.273810629,179.6213177,0.85341064,7.727274345,0.019889365,1.007669829,0.761966135,-1.60552577,-50.53089866,72.12898636,68.16752929,-55.88841934,-62.44572875,83.18855209,0.014189525,1,1
132.9426081,9,1571997676,AUT,FALSE,TRUE,TRUE,638.5313484,-289.1692047,192.1856506,-179.7303112,-0.128330148,179.5886322,0.165769497,4.706154401,-4.078024329,0.507348152,0.104337995,-1.149509699,-50.53089866,72.12898636,68.16752929,-55.88841934,-62.44572875,83.18855209,0.014189525,1,1
133.0432222,9,1571997676,AUT,FALSE,TRUE,TRUE,636.3968718,-248.5459845,195.4073011,-179.7793245,-0.065079561,179.6390407,-4.279586628,3.790746734,-1.989302852,0.406986443,0.565103492,-0.805288217,-50.07136459,70.66940117,68.89444313,-61.03905716,-62.31956176,82.15563125,5.284537119,1,1
133.1437211,9,1571997676,AUT,FALSE,TRUE,TRUE,632.8242649,-210.1627153,197.9964052,-179.8215421,0.002253858,179.6740719,-6.05877621,3.106796239,-0.694666851,0.364668744,0.834457801,-0.6438845,-49.30117836,69.26274261,69.3777729,-65.55505256,-62.00105163,81.11812363,10.16209259,1,1
133.2442422,9,1571997676,AUT,FALSE,TRUE,TRUE,629.9323862,-174.7390976,199.7732833,-179.8348047,0.093347905,179.7184321,-9.179162615,3.89266634,-0.486290739,0.364668744,0.834457801,-0.6438845,-48.08222122,68.04784011,69.57429428,-69.01762733,-61.5873944,80.14211883,14.39805336,1,1
133.3447912,9,1571997676,AUT,FALSE,TRUE,TRUE,629.9323862,-174.7390976,199.7732833,-179.8348047,0.093347905,179.7184321,-9.179162615,3.89266634,-0.486290739,0.609137773,1.267108386,-0.579993673,-48.08222122,68.04784011,69.57429428,-69.01762733,-61.5873944,80.14211883,14.39805336,1,1
133.4452631,9,1571997677,AUT,FALSE,TRUE,TRUE,629.3474488,-143.2715749,199.9166258,-179.8400112,0.11269075,179.7363675,-7.222671851,2.55448298,0.770920824,0.060971121,0.858035086,-0.779629758,-46.41235427,67.28797073,69.56302642,-71.13274956,-61.25702453,79.44058685,17.85558815,1,1
133.5458281,9,1571997677,AUT,FALSE,TRUE,TRUE,630.942523,-115.0402698,197.0648164,-179.7648332,0.07077543,179.7456401,-7.223410265,3.007801506,2.587211929,0.129474144,1.105039024,-0.901084404,-44.33122444,67.08240966,69.39724273,-72.22582741,-61.19804992,78.89065933,20.70363579,1,1
133.6463702,9,1571997677,AUT,FALSE,TRUE,TRUE,633.9899275,-90.19965469,190.4997188,-179.8263149,-0.031213345,179.8128681,-6.387615283,1.692212516,5.26442594,-0.051784432,1.565832884,-0.781581232,-42.05745621,67.27987174,68.8519844,-72.59109878,-61.2544757,78.26446266,23.17119255,1,1
133.746881,9,1571997677,AUT,FALSE,TRUE,TRUE,633.9899275,-90.19965469,190.4997188,-179.8263149,-0.031213345,179.8128681,-6.387615283,1.692212516,5.26442594,-0.051784432,1.565832884,-0.781581232,-42.05745621,67.27987174,68.8519844,-72.59109878,-61.2544757,78.26446266,23.17119255,1,1
133.8474371,9,1571997677,AUT,FALSE,TRUE,TRUE,637.3048623,-71.31263201,180.3613907,-179.821012,-0.104864653,179.8754521,-2.762263645,3.615071494,4.2465704,0.307115019,1.22266315,-0.830139426,-39.98808174,67.81826362,67.96186523,-72.57610244,-61.43826049,77.38982734,24.89374237,1,1
133.9479792,9,1571997677,AUT,FALSE,TRUE,TRUE,639.7030768,-57.204164,170.6760934,-179.8955849,-0.108211716,179.9764754,1.331343146,-0.88218981,0.35804536,-0.447560475,0.392076881,-0.743492845,-38.38210029,68.44097557,67.2425148,-72.56280212,-61.80562133,76.58675766,26.32525063,1,1
134.0484762,9,1571997677,AUT,FALSE,TRUE,TRUE,641.2273358,-49.7554294,166.6246526,-179.8930338,-0.102868993,-179.9540677,3.989172319,-1.569426264,-3.294036631,-0.38839505,-0.327446065,-0.583531192,-37.51044502,68.84036636,67.04833488,-72.43641471,-62.13110229,76.35727729,27.06099128,1,1
134.1490152,9,1571997677,AUT,FALSE,TRUE,TRUE,641.2273358,-49.7554294,166.6246526,-179.8930338,-0.102868993,-179.9540677,3.989172319,-1.569426264,-3.294036631,-0.38839505,-0.327446065,-0.583531192,-37.51044502,68.84036636,67.04833488,-72.43641471,-62.13110229,76.35727729,27.06099128,1,1
134.2495601,9,1571997677,AUT,FALSE,TRUE,TRUE,643.4359266,-49.52996868,169.752854,-179.9604882,0.165926662,-179.9538115,-2.853434892,-0.27241995,-4.600175249,-0.271239729,-0.217070533,-0.24281821,-37.38069648,68.78696594,67.2619091,-72.11122627,-62.21363159,76.494524,27.04737167,1,1
134.3500791,9,1571997677,AUT,FALSE,TRUE,TRUE,649.8376378,-54.66897269,180.0235006,-179.9783862,0.482588005,-179.9613735,-12.35853872,2.015828686,-3.186705074,0.135761002,0.338768535,-0.222525002,-37.29788017,68.54104385,67.76462631,-70.58914604,-62.04734802,77.46362114,25.96751518,1,1
134.451025,9,1571997678,AUT,FALSE,TRUE,TRUE,661.4479161,-62.17561485,191.2727031,-179.965202,0.564318472,-179.9227837,-14.66102601,4.385041283,-0.004406639,0.706710135,0.745232607,-0.268521055,-36.52866554,68.60305481,68.02273293,-67.35560188,-61.70919433,79.09514236,23.96282616,1,1
134.5516062,9,1571997678,AUT,FALSE,TRUE,TRUE,675.8326398,-68.28542737,196.4958134,-179.9693205,0.448917082,-179.9774722,-7.543971813,3.387295369,3.326509118,0.302728433,0.301802192,-0.458999109,-34.99258118,69.28451958,67.77801933,-63.13409843,-61.43320678,80.63610878,21.70653305,1,1
134.6521721,9,1571997678,AUT,FALSE,TRUE,TRUE,675.8326398,-68.28542737,196.4958134,-179.9693205,0.448917082,-179.9774722,-7.543971813,3.387295369,3.326509118,0.302728433,0.301802192,-0.458999109,-34.99258118,69.28451958,67.77801933,-63.13409843,-61.43320678,80.63610878,21.70653305,1,1
134.7527092,9,1571997678,AUT,FALSE,TRUE,TRUE,690.1353973,-69.61419815,193.1053517,-179.8716728,0.341199652,179.9207444,-5.851120092,4.126393589,3.870936765,0.167486659,0.312008004,-0.396705435,-33.04645614,70.56208534,67.22434959,-59.06507148,-61.50399169,81.46591988,19.86221008,1,1
134.8533061,9,1571997678,AUT,FALSE,TRUE,TRUE,703.3289514,-66.46762458,184.8947565,-179.9857912,0.331763892,179.9172207,-1.129832388,1.299034367,-0.793264928,-0.282596328,-0.431316039,-0.165318372,-30.90041084,72.12390861,66.64599494,-55.39763946,-61.8986975,81.86117706,18.80645141,1,1
134.9538102,9,1571997678,AUT,FALSE,TRUE,TRUE,703.3289514,-66.46762458,184.8947565,-179.9857912,0.331763892,179.9172207,-1.129832388,1.299034367,-0.793264928,-0.282596328,-0.431316039,-0.165318372,-30.90041084,72.12390861,66.64599494,-55.39763946,-61.8986975,81.86117706,18.80645141,1,1
135.0543401,9,1571997678,AUT,FALSE,TRUE,TRUE,718.3160213,-60.9947792,175.4842166,-179.9458117,0.229717487,179.9387406,2.314533477,1.187625676,-1.179539074,-0.276722854,-0.847197054,-0.286443787,-28.21084099,74.04827041,66.21249161,-50.99286346,-62.54893432,82.3856369,17.55576782,1,1
135.1548572,9,1571997678,AUT,FALSE,TRUE,TRUE,727.1441505,-55.99183687,171.0883907,-179.8697904,0.060203861,179.9323504,6.566425173,2.199385892,-2.185003324,-0.245695877,-1.423702719,-0.419620557,-26.38088951,75.22872047,66.13731766,-47.9985466,-62.93748229,83.02335205,16.71115608,1,1
135.2553561,9,1571997678,AUT,FALSE,TRUE,TRUE,732.7928316,-48.16123235,171.3258355,-179.8013492,0.055851388,179.8313175,8.046409877,4.250943509,-4.965089221,-0.008812283,-1.742716637,-0.742051418,-24.92076874,75.76571503,66.20582771,-46.11862449,-63.04835083,83.51319809,16.46829299,1,1
135.3559232,9,1571997678,AUT,FALSE,TRUE,TRUE,732.7928316,-48.16123235,171.3258355,-179.8013492,0.055851388,179.8313175,8.046409877,4.250943509,-4.965089221,-0.008812283,-1.742716637,-0.742051418,-23.60743217,75.52702331,66.55362396,-45.3266201,-63.04814208,84.25450744,17.18176231,1,1
135.4564862,9,1571997679,AUT,FALSE,TRUE,TRUE,735.1765068,-34.50685319,178.7782025,-179.7781392,0.084339157,179.8226737,5.028754346,6.2000407,-6.325060682,0.520091591,-1.394778212,-0.940360727,-23.60743217,75.52702331,66.55362396,-45.3266201,-63.04814208,84.25450744,17.18176231,1,1
135.5570161,9,1571997679,AUT,FALSE,TRUE,TRUE,734.7155222,-10.19046445,190.658038,-179.8015408,0.091392846,179.8052613,-3.143236477,6.015517046,-0.59593177,0.684048598,0.170151139,-0.991010259,-21.85641059,74.66512527,66.98889541,-45.37056541,-62.80044433,85.13788376,19.09967651,1,1
135.657583,9,1571997679,AUT,FALSE,TRUE,TRUE,733.9082956,12.43665328,195.801622,-179.8025021,0.127055165,179.7893798,-7.324932385,6.738126563,0.317430696,0.992826479,0.981693487,-0.887690658,-20.19541168,74.18425369,67.03133354,-45.53010749,-62.52563232,85.39422913,20.90447273,1,1
135.7581191,9,1571997679,AUT,FALSE,TRUE,TRUE,733.9082956,12.43665328,195.801622,-179.8025021,0.127055165,179.7893798,-7.324932385,6.738126563,0.317430696,0.992826479,0.981693487,-0.887690658,-20.19541168,74.18425369,67.03133354,-45.53010749,-62.52563232,85.39422913,20.90447273,1,1
135.858628,9,1571997679,AUT,FALSE,TRUE,TRUE,732.7385587,40.83608277,195.693624,-179.8413783,0.043437345,179.8194206,-4.575305157,6.274802631,1.716812315,0.872197637,0.681200805,-0.824642643,-18.39396629,74.10988998,66.96712188,-45.47891464,-62.44539916,85.46007499,23.13286743,1,1
135.9591451,9,1571997679,AUT,FALSE,TRUE,TRUE,731.8161222,62.59015212,191.5372586,-179.8678876,0.023767527,179.8303208,-1.980263707,3.131757114,1.281789265,0.107950597,0.252957442,-0.708696301,-16.13434296,74.44000511,66.7685749,-45.38602867,-62.50877929,85.18971176,24.79978523,1,1
136.059726,9,1571997679,AUT,FALSE,TRUE,TRUE,731.8161222,62.59015212,191.5372586,-179.8678876,0.023767527,179.8303208,-1.980263707,3.131757114,1.281789265,0.107950597,0.252957442,-0.708696301,-16.13434296,74.44000511,66.7685749,-45.38602867,-62.50877929,85.18971176,24.79978523,1,1
136.16046,9,1571997679,AUT,FALSE,TRUE,TRUE,731.1365261,79.06664979,185.6262069,-179.8837318,-0.022270675,179.9357397,0.414367059,0.581254773,1.235787827,-0.150229881,-0.04223755,-0.47488485,-14.64250603,74.87466201,66.48656959,-45.19441681,-62.6448944,84.84062118,26.08145714,1,1
136.261471,9,1571997679,AUT,FALSE,TRUE,TRUE,730.7614352,88.54544827,178.7157368,-179.9248612,-0.118099259,-179.9631565,2.388856578,-0.472591388,1.746472018,-0.174523709,-0.077988367,-0.405810223,-13.66742821,75.35583229,66.09538421,-44.99739761,-62.70892822,84.45304756,26.77986145,1,1
136.3622282,9,1571997679,AUT,FALSE,TRUE,TRUE,730.8331116,92.01512583,171.6331035,-179.8812486,-0.143307279,-179.9634234,0.588353702,1.411218563,0.934389501,-0.201342758,0.282833743,-0.664509532,-13.30006942,75.82295379,65.76412926,-44.97571334,-62.75694396,83.92475967,27.00312423,1,1
136.4627621,9,1571997680,AUT,FALSE,TRUE,TRUE,730.5020118,92.65480014,167.0947228,-179.8399417,-0.246546805,-179.9239137,3.490630658,2.136787955,-3.404904057,-0.201342758,0.282833743,-0.664509532,-13.23037834,76.18857192,65.67880668,-45.03324394,-62.92597412,83.68384666,27.07040519,1,1
136.5633671,9,1571997680,AUT,FALSE,TRUE,TRUE,730.5020118,92.65480014,167.0947228,-179.8399417,-0.246546805,-179.9239137,3.490630658,2.136787955,-3.404904057,0.059065782,0.046449078,-0.758400769,-13.23037834,76.18857192,65.67880668,-45.03324394,-62.92597412,83.68384666,27.07040519,1,1
136.663913,9,1571997680,AUT,FALSE,TRUE,TRUE,728.3991131,92.57830981,169.2347139,-179.8481238,-0.432952115,-179.8260813,7.334417932,2.202016412,-4.889872665,0.529534585,0.033299224,-0.720992812,-13.4090435,75.99023437,65.83588028,-45.45984649,-62.94150878,83.96262474,27.30745583,1,1
136.7644091,9,1571997680,AUT,FALSE,TRUE,TRUE,723.0259186,93.58460886,175.493892,-179.83004,-0.57953402,-179.8002884,10.48315805,1.036054785,-2.725707232,0.630897299,-0.279167842,-0.74026039,-13.99711761,75.20891761,66.15003089,-46.92129936,-62.74256286,84.22744674,28.06728401,1,1
136.8649881,9,1571997680,AUT,FALSE,TRUE,TRUE,712.9319039,96.30550137,181.0617463,-179.8416298,-0.663291711,-179.7517696,11.16757697,-0.852623315,-1.757762556,0.394169436,-0.328358441,-0.659471716,-15.10254821,74.04316177,66.4678585,-49.94184608,-62.44375122,83.98617324,29.69500808,1,1
136.9654982,9,1571997680,AUT,FALSE,TRUE,TRUE,712.9319039,96.30550137,181.0617463,-179.8416298,-0.663291711,-179.7517696,11.16757697,-0.852623315,-1.757762556,0.394169436,-0.328358441,-0.659471716,-15.10254821,74.04316177,66.4678585,-49.94184608,-62.44375122,83.98617324,29.69500808,1,1
137.0659862,9,1571997680,AUT,FALSE,TRUE,TRUE,698.2221105,98.92545426,183.9351354,-179.8385147,-0.695159683,-179.718481,7.390540238,2.771764989,0.18028272,1.270757739,0.271562104,-0.506573361,-16.78650856,72.66217689,66.76432457,-54.36802139,-62.09540222,83.11743965,31.94867477,1,1
137.166502,9,1571997680,AUT,FALSE,TRUE,TRUE,674.1175633,99.5983627,184.4440999,-179.8781658,-0.64236218,-179.6950014,6.21036083,-2.459596408,-1.188860267,0.265010623,0.114070497,-0.407493115,-19.60010719,70.72580223,67.13439216,-61.36790543,-61.67013793,81.2746685,35.25448837,1,1
137.267035,9,1571997680,AUT,FALSE,TRUE,TRUE,674.1175633,99.5983627,184.4440999,-179.8781658,-0.64236218,-179.6950014,6.21036083,-2.459596408,-1.188860267,0.265010623,0.114070497,-0.407493115,-19.60010719,70.72580223,67.13439216,-61.36790543,-61.67013793,81.2746685,35.25448837,1,1
137.3675451,9,1571997680,AUT,FALSE,TRUE,TRUE,640.8808806,94.3943346,182.1302213,-179.8258609,-0.370378872,-179.7829153,-6.461190799,4.623687094,2.733907978,0.779714792,1.302666021,-0.691870916,-23.17641449,68.20981293,67.56180496,-70.47897377,-61.26861511,78.29164352,38.89821053,1,1
137.4680541,9,1571997681,AUT,FALSE,TRUE,TRUE,640.8808806,94.3943346,182.1302213,-179.8258609,-0.370378872,-179.7829153,-6.461190799,4.623687094,2.733907978,0.779714792,1.302666021,-0.691870916,-23.17641449,68.20981293,67.56180496,-70.47897377,-61.26861511,78.29164352,38.89821053,1,1
137.5685651,9,1571997681,AUT,FALSE,TRUE,TRUE,622.5643256,87.26945914,174.7556541,-179.8583125,-0.097720753,-179.898113,-14.16106836,5.956325097,4.465053893,0.768821579,2.366289755,-0.92369887,-26.51762123,67.03752708,67.38513107,-75.60803718,-61.26021057,75.86965942,40.56439704,1,1
137.6691251,9,1571997681,AUT,FALSE,TRUE,TRUE,618.8226649,79.05283028,165.1747488,-179.8422748,-0.063932933,-179.9047559,-12.07521165,8.370150937,4.743598246,0.768821579,2.366289755,-0.92369887,-27.65860634,67.13494491,66.69858169,-77.02388992,-61.49642761,74.55132064,40.44215011,1,1
137.7696452,9,1571997681,AUT,FALSE,TRUE,TRUE,618.8226649,79.05283028,165.1747488,-179.8422748,-0.063932933,-179.9047559,-12.07521165,8.370150937,4.743598246,0.945544313,1.811957577,-0.821397009,-27.65860634,67.13494491,66.69858169,-77.02388992,-61.49642761,74.55132064,40.44215011,1,1
137.870424,9,1571997681,AUT,FALSE,TRUE,TRUE,620.1659411,80.32338087,157.5494257,-179.7233351,-0.000493092,179.865892,-1.988335466,10.41789495,-3.003265368,0.803215733,0.25826465,-1.330834067,-27.55921783,67.97984504,66.54628029,-76.88890914,-62.08675048,74.01401367,40.46763496,1,1
137.971019,9,1571997681,AUT,FALSE,TRUE,TRUE,619.4335217,91.63990668,161.3017337,-179.6668054,0.07961119,179.7031074,-1.749898758,10.354273,-5.3437214,0.653556674,-0.279216626,-1.427480939,-26.83038483,68.2148323,67.37904739,-76.74360809,-62.49749633,74.56081009,41.47619705,1,1
138.071964,9,1571997681,AUT,FALSE,TRUE,TRUE,619.4335217,91.63990668,161.3017337,-179.6668054,0.07961119,179.7031074,-1.749898758,10.354273,-5.3437214,0.653556674,-0.279216626,-1.427480939,-26.83038483,68.2148323,67.37904739,-76.74360809,-62.49749633,74.56081009,41.47619705,1,1
138.1725221,9,1571997681,AUT,FALSE,TRUE,TRUE,618.529093,108.4684816,171.1479482,-179.6891074,0.221500913,179.7051493,-5.728450807,11.20927345,-2.633464834,0.737464616,0.192949424,-1.324153006,-25.42610549,67.91784439,68.36257095,-76.29938621,-62.53038391,75.60692825,42.88889122,1,1
138.2730241,9,1571997681,AUT,FALSE,TRUE,TRUE,619.7688674,127.3303553,181.4064676,-179.758584,0.258974233,179.6975914,-7.340929144,8.283450615,0.269974874,0.80555972,0.445138121,-1.284621705,-23.38507576,67.50721321,68.82601204,-75.04957123,-62.06489318,76.68950386,43.9873352,1,1
138.3735371,9,1571997681,AUT,FALSE,TRUE,TRUE,619.7688674,127.3303553,181.4064676,-179.758584,0.258974233,179.6975914,-7.340929144,8.283450615,0.269974874,0.80555972,0.445138121,-1.284621705,-23.38507576,67.50721321,68.82601204,-75.04957123,-62.06489318,76.68950386,43.9873352,1,1
138.474164,9,1571997682,AUT,FALSE,TRUE,TRUE,624.5177864,151.8259191,188.8859222,-179.7632814,0.236343792,179.7061527,-5.605724025,10.69068188,0.207484136,0.932478557,0.413398716,-1.332842209,-20.18167877,67.40934906,68.59824142,-72.49086571,-61.40170349,77.7622261,44.79080658,1,1
138.574687,9,1571997682,AUT,FALSE,TRUE,TRUE,628.7938123,172.6923149,191.6739215,-179.747104,0.197989593,179.724961,-3.733628631,5.292198758,-0.079322207,0.216381808,0.209985772,-1.217263054,-17.32724876,67.74293518,68.2808979,-70.09850693,-61.14747436,78.53647728,45.39968948,1,1
138.6752031,9,1571997682,AUT,FALSE,TRUE,TRUE,632.5737056,193.1070101,192.7402093,-179.7846898,0.1480549,179.7066513,-0.856430113,6.399492049,0.065389261,0.336021477,-0.106361035,-1.205545336,-14.55088691,68.31932945,68.06106148,-67.68316612,-61.12894042,79.26788177,46.04063873,1,1
138.775738,9,1571997682,AUT,FALSE,TRUE,TRUE,635.2703434,212.038101,192.0943107,-179.7879831,0.088864776,179.7435842,-0.856430113,6.399492049,0.065389261,0.336021477,-0.106361035,-1.205545336,-11.96054077,68.94835853,67.77061043,-65.46196403,-61.17028198,79.84881821,46.61436882,1,1
138.876255,9,1571997682,AUT,FALSE,TRUE,TRUE,635.2703434,212.038101,192.0943107,-179.7879831,0.088864776,179.7435842,-0.770452139,6.677443546,0.083064249,0.74664134,-0.00472503,-1.052582081,-11.96054077,68.94835853,67.77061043,-65.46196403,-61.17028198,79.84881821,46.61436882,1,1
138.9767711,9,1571997682,AUT,FALSE,TRUE,TRUE,638.0347323,227.5298958,188.8015598,-179.8345726,0.052330206,179.8327827,-1.621424163,5.737217985,1.721775447,0.557560746,0.450834848,-0.890404759,-9.696708294,69.63999252,67.27999534,-63.45932464,-61.24440124,80.13138313,47.00597305,1,1
139.0773082,9,1571997682,AUT,FALSE,TRUE,TRUE,643.3475197,239.5903946,179.3362105,-179.900347,-0.008185812,-179.9875897,-2.387299492,4.333693904,4.119220389,0.557560746,0.450834848,-0.890404759,-7.475265881,70.80059509,66.34636001,-61.04807624,-61.43039428,80.06275634,46.91978188,1,1
139.1777992,9,1571997682,AUT,FALSE,TRUE,TRUE,643.3475197,239.5903946,179.3362105,-179.900347,-0.008185812,-179.9875897,-2.387299492,4.333693904,4.119220389,0.51371808,0.826243985,-0.451751994,-7.475265881,70.80059509,66.34636001,-61.04807624,-61.43039428,80.06275634,46.91978188,1,1
139.2783411,9,1571997682,AUT,FALSE,TRUE,TRUE,648.4600733,245.4825639,169.1052766,-179.8610413,-0.016658431,179.9611197,-1.393417978,6.618396058,2.285447892,0.38142268,0.598214189,-0.789855256,-6.232664106,71.99338417,65.76514549,-59.33538666,-61.77783142,79.70156021,46.50476646,1,1
139.3788722,9,1571997682,AUT,FALSE,TRUE,TRUE,651.2314832,251.5086337,159.742534,-179.8100292,-0.117430687,-179.9743933,1.087552343,5.023294188,1.449213131,0.280558695,0.278148817,-0.782639786,-5.188746638,73.20207253,65.64024467,-57.99011078,-62.43041931,79.61628914,46.41098785,1,1
139.4793591,9,1571997683,AUT,FALSE,TRUE,TRUE,651.2314832,251.5086337,159.742534,-179.8100292,-0.117430687,-179.9743933,1.087552343,5.023294188,1.449213131,0.280558695,0.278148817,-0.782639786,-4.408559413,74.11105384,65.66665993,-57.14988327,-63.03796875,79.52412071,46.57590637,1,1
139.5799582,9,1571997683,AUT,FALSE,TRUE,TRUE,652.3577412,256.8222957,152.9093655,-179.8332571,-0.18339119,-179.9182118,7.935280677,0.447180845,-5.755254466,-0.42466041,-1.040031559,-0.795078328,-4.408559413,74.11105384,65.66665993,-57.14988327,-63.03796875,79.52412071,46.57590637,1,1
139.6809452,9,1571997683,AUT,FALSE,TRUE,TRUE,646.4483841,262.5827009,158.0270419,-179.8537758,-0.46752842,-179.7441645,12.51814651,-0.322394398,-6.23396181,0.200166731,-0.921368519,-0.503603494,-4.108024975,73.88983383,66.28838653,-57.58732452,-63.16631103,80.29377136,47.49528694,1,1
139.7817311,9,1571997683,AUT,FALSE,TRUE,TRUE,646.4483841,262.5827009,158.0270419,-179.8537758,-0.46752842,-179.7441645,12.51814651,-0.322394398,-6.23396181,0.200166731,-0.921368519,-0.503603494,-4.72433395,72.17880592,67.17602691,-61.14076309,-62.70434692,80.56920891,50.23566856,1,1
139.8825221,9,1571997683,AUT,FALSE,TRUE,TRUE,627.5212096,270.8080934,170.2778799,-179.8824307,-0.665380935,-179.6794799,11.3769236,0.66195286,-3.377511115,0.784398745,-0.556505514,-0.353577911,-4.72433395,72.17880592,67.17602691,-61.14076309,-62.70434692,80.56920891,50.23566856,1,1
139.9830532,9,1571997683,AUT,FALSE,TRUE,TRUE,604.3971232,277.0210697,177.3572337,-179.9429753,-0.611693831,-179.6291475,5.748111839,-0.047567688,-0.131465239,0.810721846,0.212281938,-0.073261633,-5.757783506,70.23818436,67.66494255,-66.04587364,-62.13010803,79.73952484,53.571492,1,1
140.0835462,9,1571997683,AUT,FALSE,TRUE,TRUE,579.4867187,276.9352225,179.6064456,-179.9894344,-0.562199837,-179.583203,2.677980858,-3.157513334,1.203865926,0.16267819,0.528586748,-0.145568442,-7.357883831,68.20461159,67.76804581,-71.64610634,-61.40992675,78.13563079,56.74253425,1,1
140.1840632,9,1571997683,AUT,FALSE,TRUE,TRUE,554.8349493,272.1391176,177.3074839,-179.8553012,-0.44534506,-179.6143041,0.592115951,2.307103367,1.144982111,0.16267819,0.528586748,-0.145568442,-9.397461319,66.35563659,67.77287979,-77.50406113,-60.95865783,75.97712287,59.44563789,1,1
140.284574,9,1571997683,AUT,FALSE,TRUE,TRUE,554.8349493,272.1391176,177.3074839,-179.8553012,-0.44534506,-179.6143041,0.592115951,2.307103367,1.144982111,0.669222524,0.468469776,-0.598339781,-9.397461319,66.35563659,67.77287979,-77.50406113,-60.95865783,75.97712287,59.44563789,1,1
140.385133,9,1571997683,AUT,FALSE,TRUE,TRUE,524.9180182,264.5089456,171.8602992,-179.8049902,-0.392005156,-179.7571606,-1.01881457,5.590652329,0.864405386,0.736249954,0.724076171,-1.046988539,-11.88591614,64.43558006,67.91378631,-84.39085121,-60.77284057,73.22443657,62.67041359,1,1
140.4856541,9,1571997684,AUT,FALSE,TRUE,TRUE,504.6084811,260.4326842,168.0711384,-179.6746087,-0.312555078,-179.8434405,-3.835465422,11.48000741,1.075877672,1.594916342,1.182082934,-1.350535695,-13.33129806,63.26548462,68.10192718,-88.72860718,-60.86729553,71.4048603,64.8722866,1,1
140.5861831,9,1571997684,AUT,FALSE,TRUE,TRUE,504.6084811,260.4326842,168.0711384,-179.6746087,-0.312555078,-179.8434405,-3.835465422,11.48000741,1.075877672,1.594916342,1.182082934,-1.350535695,-13.33129806,63.26548462,68.10192718,-88.72860718,-60.86729553,71.4048603,64.8722866,1,1
140.6867051,9,1571997684,AUT,FALSE,TRUE,TRUE,488.7448941,259.5744314,165.6925349,-179.7343923,-0.207945261,-179.9200055,-6.115688876,11.97967354,2.16949918,1.661847816,1.609245382,-1.465963559,-14.0763668,62.37253646,68.23907089,-91.80142479,-60.97328613,70.09977379,66.80320244,1,1
140.7873082,9,1571997684,AUT,FALSE,TRUE,TRUE,482.3717295,261.4859511,165.5043611,-179.6490904,-0.002626347,-179.979594,-7.917831752,12.97652928,1.326264606,1.482723767,1.695572457,-1.800101138,-14.09566498,61.89903946,68.24114799,-92.96639099,-61.02938232,69.47698974,67.66843071,1,1
140.8878782,9,1571997684,AUT,FALSE,TRUE,TRUE,481.1265962,266.5640336,165.8188093,-179.6817719,-0.048131821,179.9236949,-2.053525887,9.317486382,1.864547441,0.705289819,0.543685331,-1.782620084,-13.51584091,61.9430294,68.23523598,-92.72445831,-60.92776977,69.5010498,68.04419746,1,1
148.1004541,10,1571997691,AUT,FALSE,FALSE,TRUE,471.9727741,-400.0046937,169.9961247,-179.9955576,-0.008643625,-179.9992573,-2.228793581,-0.805243274,1.044104416,-0.303017137,0.388042776,0.035365042,-76.33674659,67.38654899,68.45588608,-78.17825431,-62.5630902,75.35209694,-6.116064838,0.5,1
148.201122,10,1571997691,AUT,FALSE,TRUE,TRUE,471.9973741,-399.9125739,169.7873322,-179.9892163,-0.015461472,179.9768379,-3.443956075,-0.097433124,2.817649454,-0.108869015,0.723469532,0.092462756,-76.33267135,67.40424385,68.45517196,-78.17518844,-62.56543579,75.35394058,-6.11683045,1,1
148.3017602,10,1571997691,AUT,FALSE,TRUE,TRUE,477.0069392,-398.8955185,169.9654875,-179.9832969,0.478947307,179.9584206,-13.0647711,0.321402123,-1.92313014,-0.172571665,0.781021928,0.148454989,-75.96957664,67.59991379,68.54232788,-77.78945846,-62.61146301,75.08701744,-6.032520681,1,1
148.402498,10,1571997692,AUT,FALSE,TRUE,TRUE,490.5175285,-396.7077053,175.6717858,179.9444208,0.673384191,-179.992859,-14.64356137,-4.030624837,-1.807397558,-0.172571665,0.781021928,0.148454989,-74.39441184,67.96171074,69.00368843,-75.83276252,-62.72979125,76.0466938,-5.823663713,1,1
148.5030181,10,1571997692,AUT,FALSE,TRUE,TRUE,490.5175285,-396.7077053,175.6717858,179.9444208,0.673384191,-179.992859,-14.64356137,-4.030624837,-1.807397558,-0.619161521,0.743699529,0.286946741,-74.39441184,67.96171074,69.00368843,-75.83276252,-62.72979125,76.0466938,-5.823663713,1,1
148.6035292,10,1571997692,AUT,FALSE,TRUE,TRUE,510.922037,-394.9306806,183.3848115,179.9051039,0.698991655,-179.9110913,-12.78230167,-2.4621481,0.068096071,-0.170938635,0.82326919,0.426815789,-71.60122375,68.53568458,69.29409484,-72.23207931,-62.73998657,77.68153496,-6.005532075,1,1
148.704041,10,1571997692,AUT,FALSE,TRUE,TRUE,544.7737967,-392.7150707,191.5326631,179.940249,0.75011004,-179.8980172,-12.78230167,-2.4621481,0.068096071,-0.170938635,0.82326919,0.426815789,-66.68496551,69.76719703,69.20391083,-65.61899299,-62.73572387,80.01131973,-6.934741975,1,1
148.8045731,10,1571997692,AUT,FALSE,TRUE,TRUE,544.7737967,-392.7150707,191.5326631,179.940249,0.75011004,-179.8980172,-8.228661177,-4.729095249,-0.359454849,-0.424972978,-0.039515056,0.349777595,-66.68496551,69.76719703,69.20391083,-65.61899299,-62.73572387,80.01131973,-6.934741975,1,1
148.9051621,10,1571997692,AUT,FALSE,TRUE,TRUE,571.8222978,-391.8526008,195.5992757,179.9719107,0.651532581,-179.8933236,-6.340806717,-3.490579958,0.535923775,-0.551848936,-0.610480313,0.157129575,-62.38939704,71.01796989,68.76630134,-59.4323925,-62.76195373,81.89500122,-8.204105763,1,1
149.0056832,10,1571997692,AUT,FALSE,TRUE,TRUE,600.5143871,-393.638032,195.9201231,-179.9845903,0.233446348,-179.8688662,3.899058657,1.603920126,2.189298219,-0.551848936,-0.610480313,0.157129575,-57.23848801,72.83060417,67.84973259,-51.45310134,-62.87025146,84.12030601,-10.47178688,1,1
149.1061981,10,1571997692,AUT,FALSE,TRUE,TRUE,600.5143871,-393.638032,195.9201231,-179.9845903,0.233446348,-179.8688662,3.899058657,1.603920126,2.189298219,0.316440507,-0.378287354,-0.149647751,-57.23848801,72.83060417,67.84973259,-51.45310134,-62.87025146,84.12030601,-10.47178688,1,1
149.206702,10,1571997692,AUT,FALSE,TRUE,TRUE,615.6793672,-398.4345509,189.7167093,-179.9359567,-0.022567692,-179.9056824,13.94607826,1.67565552,2.118361019,0.275068276,-1.721397839,-0.43873712,-54.16676216,74.41911392,66.96500358,-46.11583671,-62.94434326,85.08156166,-12.52826271,1,1
149.3072381,10,1571997692,AUT,FALSE,TRUE,TRUE,623.5511429,-404.8648361,182.0067783,-179.8445392,-0.074482434,179.9961725,14.29796491,5.673231432,-1.30675136,0.653443728,-2.010892466,-0.703365614,-52.35001487,75.9191082,66.41328735,-42.21965218,-63.14025146,85.43423653,-14.33749809,1,1
149.4077411,10,1571997693,AUT,FALSE,TRUE,TRUE,627.571703,-407.2179391,178.5933498,-179.7611938,-0.069877791,179.8196117,12.16957306,10.31473451,-3.427183186,0.653443728,-2.010892466,-0.703365614,-51.48481407,76.76003608,66.50878944,-40.24709129,-63.4174475,85.76285133,-15.26142426,1,1
149.50827,10,1571997693,AUT,FALSE,TRUE,TRUE,627.571703,-407.2179391,178.5933498,-179.7611938,-0.069877791,179.8196117,12.16957306,10.31473451,-3.427183186,1.095339969,-2.060240081,-1.172094629,-51.48481407,76.76003608,66.50878944,-40.24709129,-63.4174475,85.76285133,-15.26142426,1,1
149.6087861,10,1571997693,AUT,FALSE,TRUE,TRUE,631.0117138,-399.6583281,180.4434575,-179.6103276,-0.133726357,179.655057,6.724956164,8.920294943,-2.000768686,0.477740989,-0.626445177,-1.761595859,-51.03080749,76.71929398,66.85564842,-40.36708259,-63.50931518,86.04486007,-14.71518059,1,1
149.7092862,10,1571997693,AUT,FALSE,TRUE,TRUE,635.688689,-382.6125525,184.5822807,-179.5866775,-0.162204203,179.611144,3.877572907,9.509438377,-3.981106919,0.67001845,-0.172677178,-1.823777063,-50.61682548,76.08920402,67.24637374,-42.10849113,-63.5010205,86.04758949,-12.66457214,1,1
149.8097942,10,1571997693,AUT,FALSE,TRUE,TRUE,635.688689,-382.6125525,184.5822807,-179.5866775,-0.162204203,179.611144,3.877572907,9.509438377,-3.981106919,0.67001845,-0.172677178,-1.823777063,-50.61682548,76.08920402,67.24637374,-42.10849113,-63.5010205,86.04758949,-12.66457214,1,1
149.9106262,10,1571997693,AUT,FALSE,TRUE,TRUE,642.7588881,-345.2279799,193.6180421,-179.5958746,-0.154318228,179.5155912,3.010754242,10.43727405,-4.427405801,0.933892445,-0.034819087,-1.715176787,-50.00542946,74.62282791,68.20798301,-46.3737957,-63.41787048,85.86907539,-7.97508545,1,1
150.0112152,10,1571997693,AUT,FALSE,TRUE,TRUE,646.266407,-304.6298183,202.0351269,-179.6507046,-0.192991918,179.5071547,4.011914605,8.593470929,-3.473771003,0.85880219,-0.216043963,-1.491583812,-49.44808959,72.99481887,69.07851562,-51.16193275,-63.17432556,85.49606895,-2.802602006,1,1
150.1120012,10,1571997693,AUT,FALSE,TRUE,TRUE,646.4395058,-258.0369556,207.2071785,-179.710076,-0.140012285,179.5032078,-0.296638747,6.944021386,-2.597416825,0.677257812,0.391953216,-1.106851589,-48.78248977,71.25742721,69.80073967,-56.82909622,-62.72818725,84.51198578,3.109721369,1,1
150.2126322,10,1571997693,AUT,FALSE,TRUE,TRUE,646.4395058,-258.0369556,207.2071785,-179.710076,-0.140012285,179.5032078,-0.296638747,6.944021386,-2.597416825,0.677257812,0.391953216,-1.106851589,-47.79509697,69.61132507,70.29598274,-62.54195594,-62.24891967,83.02712516,9.395854563,1,1
150.3132091,10,1571997693,AUT,FALSE,TRUE,TRUE,643.55772,-208.1139354,209.1242449,-179.7795809,0.01618397,179.5376,-6.695207633,5.272437821,-0.920494428,0.428059123,0.96855584,-0.849590008,-47.79509697,69.61132507,70.29598274,-62.54195594,-62.24891967,83.02712516,9.395854563,1,1
150.4136891,10,1571997694,AUT,FALSE,TRUE,TRUE,639.6871335,-160.5525819,208.1713825,-179.8419929,0.099082394,179.611011,-8.465117248,2.857883305,0.309977917,0.369679279,0.988790094,-0.670376873,-46.19039955,68.31666526,70.50543365,-67.21067504,-61.88040527,81.58359718,15.16874084,1,1
150.5142052,10,1571997694,AUT,FALSE,TRUE,TRUE,637.0971418,-118.6970483,205.082358,-179.8544771,0.117963182,179.6956717,-7.676883798,1.130728954,0.216356851,0.015120938,0.824823628,-0.638405815,-44.05782966,67.54870376,70.45317306,-70.28085594,-61.69962524,80.43678932,19.89318466,1,1
150.6147051,10,1571997694,AUT,FALSE,TRUE,TRUE,637.118178,-85.71344893,199.3421045,-179.8873003,0.040840123,179.7908107,-6.769927204,0.67296165,1.735807,0.015120938,0.824823628,-0.638405815,-41.61811981,67.37952804,70.05261497,-71.78119698,-61.68890258,79.54582901,23.51365012,1,1
150.7152262,10,1571997694,AUT,FALSE,TRUE,TRUE,637.118178,-85.71344893,199.3421045,-179.8873003,0.040840123,179.7908107,-6.769927204,0.67296165,1.735807,-0.136559526,1.001388557,-0.576734119,-41.61811981,67.37952804,70.05261497,-71.78119698,-61.68890258,79.54582901,23.51365012,1,1
150.815762,10,1571997694,AUT,FALSE,TRUE,TRUE,640.1142233,-60.46346448,186.4450018,-179.9344049,-0.141843478,-179.9478446,-1.246033966,-0.939132398,4.682438163,0.192940624,1.033803177,-0.349573994,-38.88364334,67.85010337,68.74900818,-72.00490951,-61.81539916,78.41785583,25.96070023,1,1
150.916285,10,1571997694,AUT,FALSE,TRUE,TRUE,640.1142233,-60.46346448,186.4450018,-179.9344049,-0.141843478,-179.9478446,-1.246033966,-0.939132398,4.682438163,0.192940624,1.033803177,-0.349573994,-37.83743934,68.56135826,67.6859539,-71.9912178,-62.02846252,77.37635193,26.60647316,1,1
151.016721,10,1571997694,AUT,FALSE,TRUE,TRUE,641.4676751,-53.60227392,173.651065,-179.934402,-0.289338865,-179.8978358,2.657996127,-0.827036384,2.176849267,-0.142862601,0.696118157,-0.497996332,-37.83743934,68.56135826,67.6859539,-71.9912178,-62.02846252,77.37635193,26.60647316,1,1
151.1172941,10,1571997694,AUT,FALSE,TRUE,TRUE,641.9741239,-53.80936179,161.9594965,-179.889552,-0.154616994,-179.9336324,2.657996127,-0.827036384,2.176849267,-0.142862601,0.696118157,-0.497996332,-37.72333946,69.43910064,67.14544716,-72.20238876,-62.68152832,76.35424919,26.78789863,1,1
151.2178621,10,1571997694,AUT,FALSE,TRUE,TRUE,641.9741239,-53.80936179,161.9594965,-179.889552,-0.154616994,-179.9336324,-0.981807334,1.756353348,-4.070523153,0.08764238,0.601241231,-0.550869428,-37.72333946,69.43910064,67.14544716,-72.20238876,-62.68152832,76.35424919,26.78789863,1,1
151.3184352,10,1571997694,AUT,FALSE,TRUE,TRUE,646.779609,-56.46604195,165.3706231,-179.9354972,0.293117188,179.9891348,-9.261182404,4.328256678,-4.366996919,0.351796959,0.431874932,-0.287838863,-37.76844864,69.72588844,67.63675232,-71.43374748,-63.11551025,76.61479683,26.36775398,1,1
151.4190001,10,1571997695,AUT,FALSE,TRUE,TRUE,646.779609,-56.46604195,165.3706231,-179.9354972,0.293117188,179.9891348,-9.261182404,4.328256678,-4.366996919,0.351796959,0.431874932,-0.287838863,-37.00850716,69.82045326,68.11675873,-68.88080291,-63.01946777,77.95946846,25.06952705,1,1
151.5195642,10,1571997695,AUT,FALSE,TRUE,TRUE,656.7388046,-59.71991003,174.8775298,-179.9265857,0.463379903,-179.9716489,-12.95802443,5.003468449,1.698438468,0.736056317,0.789165501,-0.520162872,-37.00850716,69.82045326,68.11675873,-68.88080291,-63.01946777,77.95946846,25.06952705,1,1
151.6201851,10,1571997695,AUT,FALSE,TRUE,TRUE,674.7626064,-61.50932858,180.3018488,-179.9568819,0.523456331,179.997458,-11.69159795,4.725818589,2.424560886,0.655251146,0.683660948,-0.486766554,-34.89912872,70.66782531,68.00142974,-64.13030433,-62.89543212,79.5286457,23.00300559,1,1
151.7207682,10,1571997695,AUT,FALSE,TRUE,TRUE,674.7626064,-61.50932858,180.3018488,-179.9568819,0.523456331,179.997458,-11.69159795,4.725818589,2.424560886,0.655251146,0.683660948,-0.486766554,-32.23728561,72.06124878,67.59434166,-58.68542518,-62.98749755,81.00673599,20.8253952,1,1
151.8214362,10,1571997695,AUT,FALSE,TRUE,TRUE,693.6798045,-62.11441401,180.415653,179.998917,0.386086488,-179.9954606,-7.209585271,5.971257099,2.771277727,1.02474063,0.841669762,-0.215897739,-32.23728561,72.06124878,67.59434166,-58.68542518,-62.98749755,81.00673599,20.8253952,1,1
151.922328,10,1571997695,AUT,FALSE,TRUE,TRUE,709.1460027,-62.74871982,177.5597247,-179.9732795,0.152643196,179.9927657,-0.505876974,5.07442499,1.422420473,-0.439614062,-1.024763603,-0.088345061,-29.83760376,73.51083297,67.15657081,-53.79650573,-63.13055603,82.22173118,18.76413345,1,1
152.022912,10,1571997695,AUT,FALSE,TRUE,TRUE,709.1460027,-62.74871982,177.5597247,-179.9732795,0.152643196,179.9927657,-0.505876974,5.07442499,1.422420473,-0.439614062,-1.024763603,-0.088345061,-27.67762642,74.96253548,66.77055931,-49.50070038,-63.35738525,83.08679466,17.01809349,1,1
152.123466,10,1571997695,AUT,FALSE,TRUE,TRUE,721.6386356,-62.3422904,172.3523855,-179.9377538,-0.05999099,179.9706479,8.231285837,4.060942177,-0.410760167,0.183362148,-1.070242174,-0.077259059,-27.67762642,74.96253548,66.77055931,-49.50070038,-63.35738525,83.08679466,17.01809349,1,1
152.2240031,10,1571997695,AUT,FALSE,TRUE,TRUE,726.9501044,-59.71712644,167.8301845,-179.9764035,-0.128563621,179.9585039,7.359745552,3.288738027,0.011893038,-0.11674044,-1.037835543,-0.085340916,-26.59706268,75.75317001,66.61233902,-47.74582329,-63.57832031,83.25133553,16.56726264,1,1
152.324574,10,1571997695,AUT,FALSE,TRUE,TRUE,728.6463632,-53.29695792,165.6822462,-179.8398818,-0.127338168,179.827452,6.584693937,5.748580956,-4.733344731,0.073931502,-0.928452601,-0.779592882,-25.94460869,76.10107269,66.67578506,-47.32053223,-63.6888153,83.21056251,16.75029488,1,1
152.4251502,10,1571997696,AUT,FALSE,TRUE,TRUE,728.8764983,-40.13318092,171.5660697,-179.7168649,0.055828286,179.7220656,-3.807262916,7.890768594,-5.509191419,0.244761886,0.220937658,-1.240557305,-25.21698418,75.7296627,67.11082649,-47.63132171,-63.70728881,83.42844543,17.76742286,1,1
152.5257261,10,1571997696,AUT,FALSE,TRUE,TRUE,728.8764983,-40.13318092,171.5660697,-179.7168649,0.055828286,179.7220656,-3.807262916,7.890768594,-5.509191419,0.244761886,0.220937658,-1.240557305,-25.21698418,75.7296627,67.11082649,-47.63132171,-63.70728881,83.42844543,17.76742286,1,1
152.6262951,10,1571997696,AUT,FALSE,TRUE,TRUE,728.0973548,-18.95701779,182.3006756,-179.7126436,0.075103151,179.7057797,-6.165142875,7.348805598,-1.441456348,0.560218305,0.74088945,-1.355642817,-23.86122322,74.96466408,67.67209396,-47.94420891,-63.6014685,84.19198151,19.55794716,1,1
152.72683,10,1571997696,AUT,FALSE,TRUE,TRUE,727.6742767,7.242126542,189.5528479,-179.6929332,0.141576758,179.7384874,-8.88907369,8.532047711,0.318880643,0.981534409,0.939007366,-1.245345568,-21.92546653,74.38383408,67.89766388,-48.04389953,-63.42487426,84.64438133,21.64626274,1,1
152.8273561,10,1571997696,AUT,FALSE,TRUE,TRUE,726.9912908,35.1721006,191.6582368,-179.7362767,0.126261446,179.7668987,-6.464298052,7.91361013,2.810018126,0.934694749,0.620926473,-1.189534509,-19.64962806,74.19676781,67.86094894,-47.91870689,-63.29236267,84.81433983,23.81470642,1,1
152.9279001,10,1571997696,AUT,FALSE,TRUE,TRUE,726.9912908,35.1721006,191.6582368,-179.7362767,0.126261446,179.7668987,-6.464298052,7.91361013,2.810018126,0.934694749,0.620926473,-1.189534509,-19.64962806,74.19676781,67.86094894,-47.91870689,-63.29236267,84.81433983,23.81470642,1,1
153.0284781,10,1571997696,AUT,FALSE,TRUE,TRUE,724.9932949,64.11696559,188.388557,-179.7423893,-0.007224094,179.7658409,-3.35690225,5.691590221,2.496612272,0.750878706,0.581048441,-1.13499904,-17.32254181,74.40108261,67.70311661,-47.87528686,-63.27941528,84.67824669,26.0695713,1,1
153.1291001,10,1571997696,AUT,FALSE,TRUE,TRUE,722.6422278,89.61091938,181.9370226,-179.834987,-0.065216353,179.895311,-3.431834265,4.136701917,2.648699776,0.671780322,0.898188143,-0.730943601,-15.17558326,74.82102813,67.40466614,-47.86925811,-63.44261718,84.28188743,28.22130546,1,1
153.2296612,10,1571997696,AUT,FALSE,TRUE,TRUE,721.3200399,105.6613985,173.7360446,-179.9598196,-0.116048644,-179.8827114,0.765259951,-1.678618499,0.893587681,0.097696482,0.259763155,-0.319328791,-13.60409889,75.34136467,66.86464004,-47.71151848,-63.55999511,83.75801468,29.60599136,1,1
153.3302212,10,1571997696,AUT,FALSE,TRUE,TRUE,721.3200399,105.6613985,173.7360446,-179.9598196,-0.116048644,-179.8827114,0.765259951,-1.678618499,0.893587681,0.097696482,0.259763155,-0.319328791,-13.60409889,75.34136467,66.86464004,-47.71151848,-63.55999511,83.75801468,29.60599136,1,1
153.431076,10,1571997697,AUT,FALSE,TRUE,TRUE,722.4826572,108.2447853,169.562193,-179.9273903,-0.141322815,-179.7779831,6.916336834,-1.888938217,-3.827269495,-0.199583353,-1.18024386,-0.289559071,-13.01771049,75.72279281,66.48699188,-47.22662658,-63.59750793,83.53756027,29.57921219,1,1
153.531836,10,1571997697,AUT,FALSE,TRUE,TRUE,720.7107906,104.9302732,173.8783147,-179.8624577,-0.432917075,-179.7219205,10.13847058,1.408214888,-3.20474626,0.792685126,-0.537335648,-0.516900458,-13.41537437,75.43768043,66.78938369,-47.47360954,-63.56007202,84.12143554,29.41849937,1,1
153.632452,10,1571997697,AUT,FALSE,TRUE,TRUE,713.1973386,104.1736091,179.2148422,-179.7932663,-0.728501316,-179.6907103,12.53344718,3.010877918,0.982094655,1.25022838,-0.137240648,-0.917586506,-14.36762809,74.61813125,67.16605339,-49.43892974,-63.3022998,84.36078987,30.23013839,1,1
153.7330561,10,1571997697,AUT,FALSE,TRUE,TRUE,713.1973386,104.1736091,179.2148422,-179.7932663,-0.728501316,-179.6907103,12.53344718,3.010877918,0.982094655,1.25022838,-0.137240648,-0.917586506,-14.36762809,74.61813125,67.16605339,-49.43892974,-63.3022998,84.36078987,30.23013839,1,1
153.8335881,10,1571997697,AUT,FALSE,TRUE,TRUE,690.6883313,108.9532026,179.2805025,-179.8549012,-0.683802899,-179.6629227,7.806907905,3.149279297,1.600076029,1.754146588,0.504633564,-0.441726478,-16.89741211,72.82040405,67.47578887,-56.35637512,-62.92874816,82.63189201,33.92426719,1,1
153.934123,10,1571997697,AUT,FALSE,TRUE,TRUE,690.6883313,108.9532026,179.2805025,-179.8549012,-0.683802899,-179.6629227,7.806907905,3.149279297,1.600076029,1.754146588,0.504633564,-0.441726478,-16.89741211,72.82040405,67.47578887,-56.35637512,-62.92874816,82.63189201,33.92426719,1,1
154.0346081,10,1571997697,AUT,FALSE,TRUE,TRUE,670.9118849,108.8088154,176.3858749,-179.9427111,-0.62751433,-179.6367629,4.007011909,3.478696466,1.447812164,1.570002183,0.807342248,-0.30247304,-19.22463226,71.47394371,67.59204483,-62.06240959,-62.72045837,80.88777809,36.68930969,1,1
154.1351321,10,1571997697,AUT,FALSE,TRUE,TRUE,649.2101367,104.6886398,172.6537662,-179.8893322,-0.540697425,-179.6914742,1.626697436,2.139412438,-0.458011035,0.978913018,0.507761875,-0.539675837,-21.99078712,70.06483383,67.73446197,-68.085046,-62.55429565,78.89028854,39.09091072,1,1
154.2356641,10,1571997697,AUT,FALSE,TRUE,TRUE,629.2633579,99.84254288,169.1121225,-179.8578493,-0.342297212,-179.7643119,-5.445240448,5.046702871,0.937364916,0.873488832,1.224127275,-0.727124449,-24.62621841,68.75552788,67.88437729,-73.45691414,-62.55002746,76.93380546,41.15118026,1,1
154.3361952,10,1571997697,AUT,FALSE,TRUE,TRUE,615.109748,94.9741117,165.3043909,-179.8463078,-0.110862078,-179.8529282,-5.445240448,5.046702871,0.937364916,0.873488832,1.224127275,-0.727124449,-26.55491294,67.8472126,67.8535366,-77.21932983,-62.59889465,75.27709121,42.45441628,1,1
154.436738,10,1571997698,AUT,FALSE,TRUE,TRUE,615.109748,94.9741117,165.3043909,-179.8463078,-0.110862078,-179.8529282,-12.81918046,6.392775701,2.977564167,0.766840028,2.008687086,-1.002649626,-26.55491294,67.8472126,67.8535366,-77.21932983,-62.59889465,75.27709121,42.45441628,1,1
154.5372651,10,1571997698,AUT,FALSE,TRUE,TRUE,609.7138351,90.94755063,161.3005789,-179.8037639,-0.067424286,-179.9012647,-11.94725122,9.15359054,2.912699389,1.017868349,2.212636679,-1.095289417,-27.49676399,67.62831688,67.66146812,-78.74725685,-62.70717041,74.42057304,42.74261856,1,1
154.6377411,10,1571997698,AUT,FALSE,TRUE,TRUE,610.7281186,92.17260303,160.6735647,-179.6905353,0.135933294,179.8650864,-6.2336524,11.15403303,-3.683238154,0.976362452,0.625883153,-1.35784102,-27.51959839,67.80100136,67.73956718,-78.71943741,-62.87327819,74.18374557,42.69327964,1,1
154.738265,10,1571997698,AUT,FALSE,TRUE,TRUE,610.7281186,92.17260303,160.6735647,-179.6905353,0.135933294,179.8650864,-6.2336524,11.15403303,-3.683238154,0.976362452,0.625883153,-1.35784102,-27.51959839,67.80100136,67.73956718,-78.71943741,-62.87327819,74.18374557,42.69327964,1,1
154.8388162,10,1571997698,AUT,FALSE,TRUE,TRUE,612.9416161,105.8341938,171.393,-179.6412509,0.205659518,179.6889753,-5.230779571,11.47991085,-3.600346518,0.823497151,0.105873629,-1.647904442,-26.34282188,67.77655334,68.91474724,-77.66157074,-62.88328125,75.51453666,43.39160499,1,1
154.9393911,10,1571997698,AUT,FALSE,TRUE,TRUE,615.445889,124.9726322,182.3893356,-179.6574916,0.241349148,179.6365337,-7.811086469,14.76150095,0.356948876,1.746774285,0.568776775,-1.536730751,-24.28399086,67.58256569,69.69802436,-76.10985145,-62.6172583,76.8968914,44.39280967,1,1
155.0399191,10,1571997698,AUT,FALSE,TRUE,TRUE,619.0398101,147.5916393,188.5665828,-179.7276531,0.237711449,179.6537631,-6.846537493,11.98103885,0.43461175,1.501148961,0.463234605,-1.422397366,-21.44474258,67.57792396,69.66564216,-74.02548408,-62.21832824,77.82010689,45.39997787,1,1
155.1407952,10,1571997698,AUT,FALSE,TRUE,TRUE,619.0398101,147.5916393,188.5665828,-179.7276531,0.237711449,179.6537631,-6.846537493,11.98103885,0.43461175,1.501148961,0.463234605,-1.422397366,-18.07683219,67.96281967,69.16822243,-71.45503006,-61.97022399,78.47294197,46.31360092,1,1
155.241482,10,1571997698,AUT,FALSE,TRUE,TRUE,623.5129764,172.3208197,190.0688603,-179.751301,0.239608406,179.6988207,-5.335378841,8.427863548,-0.092373246,1.054424908,0.413795901,-1.244840363,-18.07683219,67.96281967,69.16822243,-71.45503006,-61.97022399,78.47294197,46.31360092,1,1
155.342169,10,1571997698,AUT,FALSE,TRUE,TRUE,628.7334149,196.6512733,188.9192314,-179.7974237,0.187986604,179.7230369,-2.289074198,5.03279486,-1.151417395,0.308389452,0.046953899,-1.123048578,-14.64574013,68.74515266,68.62473907,-68.49634666,-61.94518066,79.10854225,47.02342414,1,1
155.442806,10,1571997699,AUT,FALSE,TRUE,TRUE,633.8325718,217.9110292,186.5497787,-179.8385618,0.073051387,179.8307219,0.462261863,-0.811567323,0.021902736,-0.424630156,0.03447829,-0.777996976,-11.50482101,69.66570396,68.10379829,-65.46872406,-62.01137329,79.80490723,47.39898834,1,1
155.5433822,10,1571997699,AUT,FALSE,TRUE,TRUE,638.7554418,234.0482815,183.9247525,-179.897883,0.04924809,179.9093372,0.462261863,-0.811567323,0.021902736,-0.424630156,0.03447829,-0.777996976,-8.940234375,70.52176208,67.63793678,-62.78598976,-62.1442749,80.30557479,47.52469596,1,1
155.6439431,10,1571997699,AUT,FALSE,TRUE,TRUE,638.7554418,234.0482815,183.9247525,-179.897883,0.04924809,179.9093372,1.304465706,1.567178543,-0.220031271,-0.307738572,-0.021940605,-0.605228385,-8.940234375,70.52176208,67.63793678,-62.78598976,-62.1442749,80.30557479,47.52469596,1,1
155.7445102,10,1571997699,AUT,FALSE,TRUE,TRUE,642.483886,245.4724319,181.4148903,-179.91585,-0.016205791,179.9499591,2.352342354,0.812660953,0.732762558,-0.4338321,-0.067517854,-0.409026036,-7.072994613,71.25290222,67.32905273,-60.65662651,-62.24843078,80.72200813,47.44977951,1,1
155.845046,10,1571997699,AUT,FALSE,TRUE,TRUE,644.9932511,253.6938395,177.8766133,-179.9069194,-0.059748637,-179.9897206,1.415227528,2.365527792,1.677717663,-0.074643422,0.073191377,-0.404159849,-5.721871944,71.92159194,67.09510574,-59.13458404,-62.44654174,80.9122055,47.41083298,1,1
155.9455931,10,1571997699,AUT,FALSE,TRUE,TRUE,645.9987289,257.1018013,172.3427518,-179.9614209,-0.238356554,-179.8181146,5.348284947,-1.680712577,1.379353103,-0.469745984,-0.166759676,-0.203919601,-4.994007106,72.51377906,66.80526924,-58.34504471,-62.62599792,80.94697723,47.42599754,1,1
156.0461421,10,1571997699,AUT,FALSE,TRUE,TRUE,645.9987289,257.1018013,172.3427518,-179.9614209,-0.238356554,-179.8181146,5.348284947,-1.680712577,1.379353103,-0.469745984,-0.166759676,-0.203919601,-4.994007106,72.51377906,66.80526924,-58.34504471,-62.62599792,80.94697723,47.42599754,1,1
156.1466601,10,1571997699,AUT,FALSE,TRUE,TRUE,645.6599056,256.5486977,168.1991223,-179.9173412,-0.316707581,-179.7679103,4.887734183,2.031430215,-3.459418957,0.533311481,0.307818343,-0.283674858,-5.016597744,72.84965858,66.70704803,-58.46025696,-62.83585876,80.72239609,47.45871276,1,1
156.2472382,10,1571997699,AUT,FALSE,TRUE,TRUE,637.7683461,258.13912,171.366503,-179.8417671,-0.542188468,-179.756734,11.20287036,3.625109808,-4.234744675,1.008907716,-0.264770472,-0.53020216,-5.532852169,72.38788604,67.22377281,-60.04602013,-62.82681701,80.83887176,48.43939361,1,1
156.34779,10,1571997699,AUT,FALSE,TRUE,TRUE,637.7683461,258.13912,171.366503,-179.8417671,-0.542188468,-179.756734,11.20287036,3.625109808,-4.234744675,1.008907716,-0.264770472,-0.53020216,-5.532852169,72.38788604,67.22377281,-60.04602013,-62.82681701,80.83887176,48.43939361,1,1
156.448333,10,1571997700,AUT,FALSE,TRUE,TRUE,620.5270661,264.8680725,176.4586155,-179.8913777,-0.637799931,-179.7366008,10.27741325,1.585832342,-2.472918644,1.02486995,-0.232074092,-0.345042192,-6.209496688,71.2534687,67.92418556,-63.46477318,-62.67435424,80.54109764,51.03265457,1,1
156.548907,10,1571997700,AUT,FALSE,TRUE,TRUE,589.3576278,272.7910365,178.8246116,-179.9190311,-0.596615096,-179.6687003,5.735508853,2.433060642,1.240201727,1.336411638,0.284774646,-0.116279869,-7.5298439,69.27547302,68.46926879,-69.9218193,-62.30151672,79.00235252,55.49389343,1,1
156.6495051,10,1571997700,AUT,FALSE,TRUE,TRUE,589.3576278,272.7910365,178.8246116,-179.9190311,-0.596615096,-179.6687003,5.735508853,2.433060642,1.240201727,1.336411638,0.284774646,-0.116279869,-7.5298439,69.27547302,68.46926879,-69.9218193,-62.30151672,79.00235252,55.49389343,1,1
156.7500582,10,1571997700,AUT,FALSE,TRUE,TRUE,561.4288687,274.636137,176.8361749,-179.9245749,-0.535168515,-179.6592342,3.213433807,3.299195697,-0.54306741,1.190413611,0.066932445,-0.212514163,-9.006983181,67.58874893,68.6606472,-75.84263992,-61.98318237,77.08314056,59.11841698,1,1
156.8510771,10,1571997700,AUT,FALSE,TRUE,TRUE,533.1799656,271.9676712,172.9507257,-179.8990416,-0.393910193,-179.6509267,-0.796808864,1.774125067,0.500445961,0.685859409,0.39300797,-0.455726652,-10.78320121,65.86769943,68.77658042,-81.97443237,-61.84512817,74.80250587,62.54903183,1,1
156.9518042,10,1571997700,AUT,FALSE,TRUE,TRUE,510.2985212,267.0272078,169.4451555,-179.8118533,-0.278349104,-179.7058769,-3.79346939,9.128266545,0.687405848,1.612884202,0.836269521,-0.821430796,-12.43920822,64.45795784,68.91682777,-86.96658211,-61.82836853,72.83714447,65.05974769,1,1
157.052351,10,1571997700,AUT,FALSE,TRUE,TRUE,510.2985212,267.0272078,169.4451555,-179.8118533,-0.278349104,-179.7058769,-3.79346939,9.128266545,0.687405848,1.612884202,0.836269521,-0.821430796,-13.78605651,63.34597664,69.02831154,-90.64657974,-61.82943969,71.29648018,66.82940139,1,1
157.152909,10,1571997700,AUT,FALSE,TRUE,TRUE,493.728626,261.9705603,166.8971323,-179.8032544,-0.180968767,-179.7831736,-5.63899455,6.993454595,1.706154077,1.00812601,1.191156081,-1.15018231,-13.78605651,63.34597664,69.02831154,-90.64657974,-61.82943969,71.29648018,66.82940139,1,1
157.253448,10,1571997700,AUT,FALSE,TRUE,TRUE,484.1256683,258.4544518,165.0879036,-179.6955382,-0.096780297,-179.8805603,-6.34257978,12.47679203,1.959358016,1.750775927,1.308781726,-1.569600849,-14.62721443,62.65432548,69.02918701,-92.82360992,-61.83148864,70.2593708,67.69460563,1,1
157.3539412,10,1571997700,AUT,FALSE,TRUE,TRUE,480.5633938,259.5532351,164.3661046,-179.6824253,-0.091712243,-179.9574173,-4.439490566,11.03067687,2.106816417,1.211536818,1.331226489,-1.747345796,-14.66031418,62.49426498,69.02922478,-93.41622276,-61.83522949,69.92962646,68.14746208,1,1
157.4544592,10,1571997701,AUT,FALSE,TRUE,TRUE,480.5633938,259.5532351,164.3661046,-179.6824253,-0.091712243,-179.9574173,-4.439490566,11.03067687,2.106816417,1.211536818,1.331226489,-1.747345796,-14.66031418,62.49426498,69.02922478,-93.41622276,-61.83522949,69.92962646,68.14746208,1,1
157.554991,10,1571997701,AUT,FALSE,TRUE,TRUE,479.5592558,264.4832748,163.0629111,-179.7263372,-0.078717892,-179.9782975,-1.47877603,6.827249215,0.277380913,0.533240308,0.738633389,-1.447063653,-14.02215958,62.70414505,68.94490814,-93.17500076,-61.97684326,69.92167168,68.64234123,1,1
163.9405122,11,1571997707,AUT,FALSE,FALSE,TRUE,471.9439137,-400.0112288,169.9550239,-179.9980033,-0.013576632,-179.9989602,-2.595708679,-1.081952254,3.484706174,-0.349060947,0.6986777,0.092485401,-76.50744323,67.79257278,69.05259819,-78.18018036,-63.15075988,75.73882599,-5.908794025,0.5,1
164.0414252,11,1571997707,AUT,FALSE,TRUE,TRUE,473.1180537,-399.3929186,169.5291954,-179.9654865,0.104485887,179.9263264,-7.690508934,-0.970387931,1.536280121,-0.328552237,0.661214165,0.180185865,-76.41619491,67.87765159,69.06942444,-78.10578918,-63.15130371,75.70031891,-5.90141945,1,1
164.1421602,11,1571997707,AUT,FALSE,TRUE,TRUE,486.7390938,-397.485264,174.6628409,179.9285816,0.694354041,179.937614,-19.04271953,-2.310024318,-2.082726795,-0.328552237,0.661214165,0.180185865,-75.03154335,68.22093658,69.45884857,-76.37231483,-63.15676391,76.10428619,-5.72191315,1,1
164.2426641,11,1571997707,AUT,FALSE,TRUE,TRUE,486.7390938,-397.485264,174.6628409,179.9285816,0.694354041,179.937614,-19.04271953,-2.310024318,-2.082726795,-0.350857581,1.214147856,0.37062819,-75.03154335,68.22093658,69.45884857,-76.37231483,-63.15676391,76.10428619,-5.72191315,1,1
164.3431811,11,1571997707,AUT,FALSE,TRUE,TRUE,512.2259008,-395.2730422,186.040706,179.8833741,0.81429883,-179.9188653,-14.83858135,-2.919362515,-3.77736806,-0.307844324,0.431772177,0.572337593,-71.67497291,68.78987732,69.94736251,-72.04354019,-63.18418579,78.12199058,-5.913044363,1,1
164.4437311,11,1571997708,AUT,FALSE,TRUE,TRUE,512.2259008,-395.2730422,186.040706,179.8833741,0.81429883,-179.9188653,-14.83858135,-2.919362515,-3.77736806,-0.307844324,0.431772177,0.572337593,-71.67497291,68.78987732,69.94736251,-72.04354019,-63.18418579,78.12199058,-5.913044363,1,1
164.5442531,11,1571997708,AUT,FALSE,TRUE,TRUE,552.2740034,-392.5998857,199.1520342,179.9323323,0.666596985,-179.9036199,-4.426906014,-5.219824393,1.159963812,-0.83697248,-0.322394373,0.364612284,-66.7977642,69.78758354,70.13977432,-65.30556335,-63.16468505,81.45373535,-7.188217169,1,1
164.6447711,11,1571997708,AUT,FALSE,TRUE,TRUE,552.2740034,-392.5998857,199.1520342,179.9323323,0.666596985,-179.9036199,-4.426906014,-5.219824393,1.159963812,-0.83697248,-0.322394373,0.364612284,-66.7977642,69.78758354,70.13977432,-65.30556335,-63.16468505,81.45373535,-7.188217169,1,1
164.7452831,11,1571997708,AUT,FALSE,TRUE,TRUE,592.4519318,-389.8265506,196.9061534,179.9292868,0.440588154,-179.9101599,1.886352014,-3.910371538,3.152531974,-0.728072366,-1.042525336,0.270830436,-60.18998909,71.79992523,68.80588303,-54.50475311,-63.27323547,83.59108429,-9.134407425,1,1
164.8457911,11,1571997708,AUT,FALSE,TRUE,TRUE,592.4519318,-389.8265506,196.9061534,179.9292868,0.440588154,-179.9101599,1.886352014,-3.910371538,3.152531974,-0.728072366,-1.042525336,0.270830436,-60.18998909,71.79992523,68.80588303,-54.50475311,-63.27323547,83.59108429,-9.134407425,1,1
164.9463241,11,1571997708,AUT,FALSE,TRUE,TRUE,618.1466523,-394.7705735,182.849112,179.9854366,-0.056087317,-179.8319219,15.16953182,0.182839226,0.855337276,0.178605468,-1.554317025,-0.054127541,-54.60482139,74.55772361,67.48166656,-47.70024032,-63.58211608,84.59094658,-11.25963364,1,1
165.0468681,11,1571997708,AUT,FALSE,TRUE,TRUE,618.1466523,-394.7705735,182.849112,179.9854366,-0.056087317,-179.8319219,15.16953182,0.182839226,0.855337276,0.178605468,-1.554317025,-0.054127541,-54.60482139,74.55772361,67.48166656,-47.70024032,-63.58211608,84.59094658,-11.25963364,1,1
165.1473851,11,1571997708,AUT,FALSE,TRUE,TRUE,623.9167195,-412.187139,176.740291,-179.8295142,-0.211869488,179.9622819,15.98496167,8.011904618,-3.025974431,0.99207508,-2.336274575,-0.819593818,-52.16515961,76.76115188,66.86698151,-41.27215347,-63.96912597,85.57004128,-14.83422776,1,1
165.2479022,11,1571997708,AUT,FALSE,TRUE,TRUE,623.9167195,-412.187139,176.740291,-179.8295142,-0.211869488,179.9622819,15.98496167,8.011904618,-3.025974431,0.99207508,-2.336274575,-0.819593818,-52.16515961,76.76115188,66.86698151,-41.27215347,-63.96912597,85.57004128,-14.83422776,1,1
165.3483982,11,1571997708,AUT,FALSE,TRUE,TRUE,621.942231,-418.7846607,179.0272755,-179.7531839,-0.213552842,179.8278016,4.774182469,7.273606796,-2.557218513,0.5916182,-0.119086922,-1.275290622,-52.07573089,77.16501274,67.10303993,-39.31749687,-64.0976715,86.31802826,-16.50811501,1,1
165.4489672,11,1571997709,AUT,FALSE,TRUE,TRUE,621.942231,-418.7846607,179.0272755,-179.7531839,-0.213552842,179.8278016,4.774182469,7.273606796,-2.557218513,0.5916182,-0.119086922,-1.275290622,-52.07573089,77.16501274,67.10303993,-39.31749687,-64.0976715,86.31802826,-16.50811501,1,1
165.5494862,11,1571997709,AUT,FALSE,TRUE,TRUE,624.5850834,-406.1180723,187.8118754,-179.6462218,-0.094810728,179.6396128,1.756337886,7.072762226,-4.314734554,0.441327291,-0.444842885,-1.663870715,-52.12428016,76.38014946,67.84292449,-40.8600151,-64.07683044,86.68245163,-15.02680779,1,1
165.6500342,11,1571997709,AUT,FALSE,TRUE,TRUE,624.5850834,-406.1180723,187.8118754,-179.6462218,-0.094810728,179.6396128,1.756337886,7.072762226,-4.314734554,0.441327291,-0.444842885,-1.663870715,-51.93145981,74.42065887,68.8844284,-45.25490684,-63.80482543,87.01872253,-10.62610703,1,1
165.7507381,11,1571997709,AUT,FALSE,TRUE,TRUE,629.6422585,-371.5281965,202.7060344,-179.6529791,-0.218114712,179.6205228,1.706329378,7.664701851,-1.814627462,0.856780884,-0.018880687,-1.502607589,-51.93145981,74.42065887,68.8844284,-45.25490684,-63.80482543,87.01872253,-10.62610703,1,1
165.8513381,11,1571997709,AUT,FALSE,TRUE,TRUE,629.6422585,-371.5281965,202.7060344,-179.6529791,-0.218114712,179.6205228,1.706329378,7.664701851,-1.814627462,0.856780884,-0.018880687,-1.502607589,-51.75806808,72.33995819,69.73691253,-52.45994339,-63.29219238,85.80711593,-3.706931306,1,1
165.952275,11,1571997709,AUT,FALSE,TRUE,TRUE,633.4723768,-320.8042746,208.8608047,-179.6982818,-0.145341561,179.6065252,-0.348260052,5.022873572,-1.261396,0.672574835,0.095739431,-1.236017504,-51.75806808,72.33995819,69.73691253,-52.45994339,-63.29219238,85.80711593,-3.706931306,1,1
166.052829,11,1571997709,AUT,FALSE,TRUE,TRUE,633.4723768,-320.8042746,208.8608047,-179.6982818,-0.145341561,179.6065252,-0.348260052,5.022873572,-1.261396,0.672574835,0.095739431,-1.236017504,-51.13762207,70.37323723,70.57367591,-60.38634567,-62.87139404,83.88115768,4.264906306,1,1
166.153372,11,1571997709,AUT,FALSE,TRUE,TRUE,632.9791298,-259.1167564,209.4380286,-179.7385832,-0.02057555,179.5918924,-2.950463443,3.941226563,-2.029110751,0.379261948,0.165033581,-1.062842838,-51.13762207,70.37323723,70.57367591,-60.38634567,-62.87139404,83.88115768,4.264906306,1,1
166.2539072,11,1571997709,AUT,FALSE,TRUE,TRUE,632.9791298,-259.1167564,209.4380286,-179.7385832,-0.02057555,179.5918924,-2.950463443,3.941226563,-2.029110751,0.379261948,0.165033581,-1.062842838,-49.59953613,68.64818802,71.23335342,-67.21790886,-62.49151428,82.11498528,12.02585449,1,1
166.3544862,11,1571997709,AUT,FALSE,TRUE,TRUE,628.9484765,-196.8331048,209.069215,-179.7663523,0.044335668,179.6441243,-7.3579794,6.200933673,-0.835816903,0.92506968,1.061961652,-0.956696381,-49.59953613,68.64818802,71.23335342,-67.21790886,-62.49151428,82.11498528,12.02585449,1,1
166.45506,11,1571997710,AUT,FALSE,TRUE,TRUE,628.9484765,-196.8331048,209.069215,-179.7663523,0.044335668,179.6441243,-7.3579794,6.200933673,-0.835816903,0.92506968,1.061961652,-0.956696381,-47.07944412,67.46247139,71.29480476,-71.96178131,-62.1990802,80.38706245,18.81460189,1,1
166.5555701,11,1571997710,AUT,FALSE,TRUE,TRUE,625.6241535,-139.5915618,205.3237834,-179.820333,0.110702693,179.7083314,-8.795899958,0.817917517,0.954682567,-0.13645167,0.892399436,-0.811941833,-47.07944412,67.46247139,71.29480476,-71.96178131,-62.1990802,80.38706245,18.81460189,1,1
166.6560841,11,1571997710,AUT,FALSE,TRUE,TRUE,625.6241535,-139.5915618,205.3237834,-179.820333,0.110702693,179.7083314,-8.795899958,0.817917517,0.954682567,-0.13645167,0.892399436,-0.811941833,-47.07944412,67.46247139,71.29480476,-71.96178131,-62.1990802,80.38706245,18.81460189,1,1
166.7565951,11,1571997710,AUT,FALSE,TRUE,TRUE,630.291275,-92.14615813,195.0213682,-179.845372,0.093226645,179.807653,-4.634935775,0.061755048,1.857507271,-0.28379287,0.528314901,-0.711841374,-43.70244255,67.38221283,70.58637542,-73.43778076,-62.20373291,78.99909782,23.60317497,1,1
166.857208,11,1571997710,AUT,FALSE,TRUE,TRUE,635.3689529,-70.93427851,186.51234,-179.9089848,-0.048470162,179.8828642,3.550491363,-1.71522796,-0.890117981,-0.28379287,0.528314901,-0.711841374,-40.59859543,68.06839141,69.60413246,-72.96201439,-62.41826293,78.45319748,25.48734741,1,1
166.957757,11,1571997710,AUT,FALSE,TRUE,TRUE,635.3689529,-70.93427851,186.51234,-179.9089848,-0.048470162,179.8828642,3.550491363,-1.71522796,-0.890117981,-0.718585511,0.643078668,-0.442469117,-40.59859543,68.06839141,69.60413246,-72.96201439,-62.41826293,78.45319748,25.48734741,1,1
167.0583291,11,1571997710,AUT,FALSE,TRUE,TRUE,637.7102729,-57.9577915,174.7905204,-179.9406964,-0.243207553,-179.9266059,3.550491363,-1.71522796,-0.890117981,-0.718585511,0.643078668,-0.442469117,-38.90691719,68.79002494,68.68885803,-72.81325264,-62.78572814,77.70652542,26.79262276,1,1
167.1588671,11,1571997710,AUT,FALSE,TRUE,TRUE,637.7102729,-57.9577915,174.7905204,-179.9406964,-0.243207553,-179.9266059,5.721901768,-3.52519277,-0.818247178,-0.677212614,-0.243462666,-0.318960888,-38.90691719,68.79002494,68.68885803,-72.81325264,-62.78572814,77.70652542,26.79262276,1,1
167.2594302,11,1571997710,AUT,FALSE,TRUE,TRUE,638.8796125,-59.18908606,171.2714378,-179.9609503,0.052010609,-179.9710992,-3.644508364,1.558916428,-4.303129633,-0.088465918,0.383501094,-0.226102555,-38.93092575,69.08254623,68.46081276,-72.86110153,-63.06874694,77.13321075,26.76913604,1,1
167.3602521,11,1571997710,AUT,FALSE,TRUE,TRUE,638.8796125,-59.18908606,171.2714378,-179.9609503,0.052010609,-179.9710992,-3.644508364,1.558916428,-4.303129633,-0.088465918,0.383501094,-0.226102555,-38.65169105,69.16615562,68.78370094,-71.30528641,-63.11489501,77.69364051,25.84996147,1,1
167.46106,11,1571997711,AUT,FALSE,TRUE,TRUE,646.2821672,-62.93452292,177.3394108,-179.9975809,0.468230494,179.9925219,-15.25993415,4.349649123,0.427921277,0.353751791,1.131089519,-0.1604564,-38.65169105,69.16615562,68.78370094,-71.30528641,-63.11489501,77.69364051,25.84996147,1,1
167.5618222,11,1571997711,AUT,FALSE,TRUE,TRUE,662.9237017,-66.86099545,180.9804463,-179.9472722,0.548406199,179.9302494,-16.92186257,4.529673044,3.904762309,0.391945,1.505431875,-0.413577747,-36.97679786,70.01241531,68.61935921,-67.10709457,-63.05959533,78.96218719,23.76139526,1,1
167.662549,11,1571997711,AUT,FALSE,TRUE,TRUE,662.9237017,-66.86099545,180.9804463,-179.9472722,0.548406199,179.9302494,-16.92186257,4.529673044,3.904762309,0.391945,1.505431875,-0.413577747,-36.97679786,70.01241531,68.61935921,-67.10709457,-63.05959533,78.96218719,23.76139526,1,1
167.7630422,11,1571997711,AUT,FALSE,TRUE,TRUE,687.5969747,-67.27061628,176.2263161,-179.9349593,0.474607362,179.9516035,-11.78568125,6.287209479,3.987213079,0.570375219,1.187956155,-0.359840979,-33.70575599,71.94461174,67.85004158,-60.67230262,-63.31192382,80.25862541,21.17550888,1,1
167.8635511,11,1571997711,AUT,FALSE,TRUE,TRUE,687.5969747,-67.27061628,176.2263161,-179.9349593,0.474607362,179.9516035,-11.78568125,6.287209479,3.987213079,0.570375219,1.187956155,-0.359840979,-33.70575599,71.94461174,67.85004158,-60.67230262,-63.31192382,80.25862541,21.17550888,1,1
167.964082,11,1571997711,AUT,FALSE,TRUE,TRUE,714.1489505,-63.4656436,166.0642177,-179.9383231,0.187565443,179.9443144,3.939679609,5.288250565,-2.004289816,0.413035663,-0.541379814,-0.407425166,-30.10647354,74.30143661,67.15304832,-53.87833328,-63.88777221,81.80622139,18.23752098,1,1
168.0646591,11,1571997711,AUT,FALSE,TRUE,TRUE,714.1489505,-63.4656436,166.0642177,-179.9383231,0.187565443,179.9443144,3.939679609,5.288250565,-2.004289816,0.413035663,-0.541379814,-0.407425166,-26.32404213,76.41676826,67.20724525,-47.62971839,-64.4085736,83.13883209,16.88585586,1,1
168.1652391,11,1571997711,AUT,FALSE,TRUE,TRUE,728.5633529,-54.74671838,163.3956683,-179.8903639,-0.018284324,179.862482,11.31588081,4.784431381,-5.443048183,0.491909271,-1.650544374,-0.5551133,-26.32404213,76.41676826,67.20724525,-47.62971839,-64.4085736,83.13883209,16.88585586,1,1
168.2658031,11,1571997711,AUT,FALSE,TRUE,TRUE,728.5633529,-54.74671838,163.3956683,-179.8903639,-0.018284324,179.862482,11.31588081,4.784431381,-5.443048183,0.491909271,-1.650544374,-0.5551133,-26.32404213,76.41676826,67.20724525,-47.62971839,-64.4085736,83.13883209,16.88585586,1,1
168.3663001,11,1571997711,AUT,FALSE,TRUE,TRUE,736.3508868,-28.39958284,179.8905162,-179.7780384,0.08717443,179.7916828,2.149592504,9.162946113,-4.586344508,1.079706041,-0.861277292,-0.90230148,-23.23307304,76.09197464,68.04208259,-44.96808471,-64.4734259,84.92608108,17.74333534,1,1
168.466861,11,1571997712,AUT,FALSE,TRUE,TRUE,736.3508868,-28.39958284,179.8905162,-179.7780384,0.08717443,179.7916828,2.149592504,9.162946113,-4.586344508,1.079706041,-0.861277292,-0.90230148,-23.23307304,76.09197464,68.04208259,-44.96808471,-64.4734259,84.92608108,17.74333534,1,1
168.5674052,11,1571997712,AUT,FALSE,TRUE,TRUE,735.0542725,9.008836763,196.3056233,-179.8569144,0.051490715,179.7558745,-2.164076903,4.604726514,-0.534379796,0.540878814,0.261652809,-0.715062249,-20.53470039,74.89281006,68.55425148,-44.98073272,-64.00539733,86.16065598,20.69475402,1,1
168.6679411,11,1571997712,AUT,FALSE,TRUE,TRUE,735.0542725,9.008836763,196.3056233,-179.8569144,0.051490715,179.7558745,-2.164076903,4.604726514,-0.534379796,0.540878814,0.261652809,-0.715062249,-20.53470039,74.89281006,68.55425148,-44.98073272,-64.00539733,86.16065598,20.69475402,1,1
168.7684691,11,1571997712,AUT,FALSE,TRUE,TRUE,732.7485469,47.66367962,199.9379456,-179.8444764,0.024370524,179.8428219,-5.48810032,5.016203286,2.726305573,0.406729676,0.531873452,-0.545337623,-17.54433517,74.44206504,68.45054398,-45.12568703,-63.71781372,86.37051201,23.7666378,1,1
168.8690922,11,1571997712,AUT,FALSE,TRUE,TRUE,732.7485469,47.66367962,199.9379456,-179.8444764,0.024370524,179.8428219,-5.48810032,5.016203286,2.726305573,0.406729676,0.531873452,-0.545337623,-17.54433517,74.44206504,68.45054398,-45.12568703,-63.71781372,86.37051201,23.7666378,1,1
168.9696462,11,1571997712,AUT,FALSE,TRUE,TRUE,731.7750758,74.55043774,191.9448546,-179.9377125,-0.058993666,179.9502669,0.217355837,-0.103276803,3.104018597,-0.119079781,0.206385603,-0.372775936,-15.13474846,74.95576171,67.97734222,-44.84354782,-63.77671691,85.90307808,25.83776664,1,1
169.0703681,11,1571997712,AUT,FALSE,TRUE,TRUE,731.9528718,83.70196154,179.6685006,-179.9000535,-0.132647702,-179.9650842,0.995980223,1.372434419,2.795677239,0.069646201,0.258493842,-0.414533093,-14.13375664,75.78870048,67.33697662,-44.71342163,-63.88221313,85.0359066,26.47181168,1,1
169.170995,11,1571997712,AUT,FALSE,TRUE,TRUE,731.9528718,83.70196154,179.6685006,-179.9000535,-0.132647702,-179.9650842,0.995980223,1.372434419,2.795677239,0.069646201,0.258493842,-0.414533093,-14.13375664,75.78870048,67.33697662,-44.71342163,-63.88221313,85.0359066,26.47181168,1,1
169.271661,11,1571997712,AUT,FALSE,TRUE,TRUE,732.2861629,86.75930516,166.4033636,-179.8724606,-0.192790517,-179.9377301,4.142626802,1.620861839,-4.790510373,-0.093771787,-0.319643499,-0.676885564,-13.79146041,76.6643795,66.97782326,-44.72385521,-64.17340576,84.19775963,26.71818351,1,1
169.3724351,11,1571997712,AUT,FALSE,TRUE,TRUE,732.2861629,86.75930516,166.4033636,-179.8724606,-0.192790517,-179.9377301,4.142626802,1.620861839,-4.790510373,-0.093771787,-0.319643499,-0.676885564,-13.79146041,76.6643795,66.97782326,-44.72385521,-64.17340576,84.19775963,26.71818351,1,1
169.4729822,11,1571997713,AUT,FALSE,TRUE,TRUE,729.8250091,85.9130004,172.3429118,-179.8536068,-0.5133351,-179.7759777,10.98578531,1.188917723,-5.199331834,0.678011015,-0.374186153,-0.642976087,-14.04155388,76.42368621,67.41248703,-45.13883629,-64.37902587,84.80833167,26.94496193,1,1
169.5734792,11,1571997713,AUT,FALSE,TRUE,TRUE,729.8250091,85.9130004,172.3429118,-179.8536068,-0.5133351,-179.7759777,10.98578531,1.188917723,-5.199331834,0.678011015,-0.374186153,-0.642976087,-14.04155388,76.42368621,67.41248703,-45.13883629,-64.37902587,84.80833167,26.94496193,1,1
169.6739872,11,1571997713,AUT,FALSE,TRUE,TRUE,713.4800644,88.67519273,189.0954272,-179.8608412,-0.816191537,-179.7625881,12.54576807,0.844794737,0.447498112,0.946646733,-0.025027712,-0.605261498,-15.50810165,74.54814148,68.07242203,-48.52037315,-63.71396301,85.43165817,29.18641319,1,1
169.774564,11,1571997713,AUT,FALSE,TRUE,TRUE,713.4800644,88.67519273,189.0954272,-179.8608412,-0.816191537,-179.7625881,12.54576807,0.844794737,0.447498112,0.946646733,-0.025027712,-0.605261498,-15.50810165,74.54814148,68.07242203,-48.52037315,-63.71396301,85.43165817,29.18641319,1,1
169.8751011,11,1571997713,AUT,FALSE,TRUE,TRUE,686.5608759,94.59090386,189.1551265,-179.9307547,-0.777878373,-179.7614793,7.954797493,0.597637247,1.928122921,0.644075158,0.344290194,-0.48012405,-18.89690323,71.93774528,68.36551666,-57.74081039,-62.79987854,83.24351463,33.48206062,1,1
169.9756262,11,1571997713,AUT,FALSE,TRUE,TRUE,662.2113763,97.16020895,183.1254754,-179.8648791,-0.571469296,-179.7769189,-0.49996842,3.973113428,1.467672596,1.048570893,1.07279014,-0.468884156,-21.56941338,70.44606285,68.44956207,-64.75538864,-62.60607971,80.77519569,36.87344398,1,1
170.0761602,11,1571997713,AUT,FALSE,TRUE,TRUE,662.2113763,97.16020895,183.1254754,-179.8648791,-0.571469296,-179.7769189,-0.49996842,3.973113428,1.467672596,1.048570893,1.07279014,-0.468884156,-24.05598335,69.28525772,68.44766693,-70.73147049,-62.61581909,78.44177169,39.62631912,1,1
170.1766441,11,1571997713,AUT,FALSE,TRUE,TRUE,640.0627214,96.50313265,175.6392551,-179.8860396,-0.436466552,-179.8367195,-5.763420637,1.702374101,2.755185346,0.275116554,1.207597871,-0.639591972,-24.05598335,69.28525772,68.44766693,-70.73147049,-62.61581909,78.44177169,39.62631912,1,1
170.2771931,11,1571997713,AUT,FALSE,TRUE,TRUE,622.418754,93.65482889,168.6785324,-179.8271756,-0.291128248,-179.8777989,-9.80160282,6.83834041,2.307497028,0.893775181,1.976892898,-0.758255645,-26.13659134,68.46829376,68.41321106,-75.34662437,-62.83721008,76.49753151,41.52386741,1,1
170.3777092,11,1571997713,AUT,FALSE,TRUE,TRUE,611.8142398,90.70631774,162.7644831,-179.8461803,-0.163966805,-179.9481312,-11.20043034,7.899438749,1.987161614,0.796542509,2.209748517,-0.943691015,-27.48770714,68.09651641,68.30310745,-78.14363365,-63.11095092,75.13241157,42.63484954,1,1
170.4782412,11,1571997714,AUT,FALSE,TRUE,TRUE,611.8142398,90.70631774,162.7644831,-179.8461803,-0.163966805,-179.9481312,-11.20043034,7.899438749,1.987161614,0.796542509,2.209748517,-0.943691015,-27.48770714,68.09651641,68.30310745,-78.14363365,-63.11095092,75.13241157,42.63484954,1,1
170.5787902,11,1571997714,AUT,FALSE,TRUE,TRUE,610.5077954,89.48347366,160.2025326,-179.8312242,0.089109292,179.9435536,-9.34917905,8.973180944,-1.42566966,0.629660872,1.250088765,-1.030607279,-27.90748787,68.14411125,68.23366356,-78.81780281,-63.40870239,74.52810859,42.83818931,1,1
170.6793132,11,1571997714,AUT,FALSE,TRUE,TRUE,613.7395366,94.68048643,165.7160392,-179.7137513,0.189351009,179.8210829,-4.165767652,9.47517453,-3.344584479,0.465347811,-0.067571041,-1.197999975,-27.3536705,68.20403824,68.75867614,-77.96799659,-63.40797729,75.21032867,42.75741234,1,1
170.7798901,11,1571997714,AUT,FALSE,TRUE,TRUE,616.2573468,107.3362778,174.9986057,-179.7149944,0.148137781,179.6819535,-3.632905289,8.534437057,-1.216608504,0.375632224,-0.001141137,-1.456868717,-26.06314773,68.17021408,69.65498199,-76.74075508,-63.256333,76.45958748,43.29483604,1,1
170.880532,11,1571997714,AUT,FALSE,TRUE,TRUE,616.2573468,107.3362778,174.9986057,-179.7149944,0.148137781,179.6819535,-3.632905289,8.534437057,-1.216608504,0.375632224,-0.001141137,-1.456868717,-26.06314773,68.17021408,69.65498199,-76.74075508,-63.256333,76.45958748,43.29483604,1,1
170.9814761,11,1571997714,AUT,FALSE,TRUE,TRUE,618.0827884,125.3586473,181.5894369,-179.6524147,0.166264076,179.6685286,-5.739755908,10.44190616,1.350591138,0.815880489,0.295345068,-1.387603699,-24.08976974,68.09832916,70.0203083,-75.44736213,-63.05787048,77.35292701,44.22741394,1,1
171.0820382,11,1571997714,AUT,FALSE,TRUE,TRUE,619.6294776,147.3391207,184.515505,-179.7564342,0.191233225,179.6444179,-5.860974302,10.73656808,1.153318783,1.046201318,0.382842153,-1.337131414,-21.47610168,68.18005714,69.89065246,-73.94637909,-62.8170227,77.84504928,45.53296051,1,1
171.182559,11,1571997714,AUT,FALSE,TRUE,TRUE,621.4088311,171.1664313,184.7973304,-179.7620236,0.182882045,179.6491407,-4.989287617,9.423511453,1.629105979,0.611019237,0.512941329,-1.202470264,-18.52017517,68.54864845,69.57247123,-72.12342796,-62.72265563,78.25790176,46.76351509,1,1
171.283092,11,1571997714,AUT,FALSE,TRUE,TRUE,623.9780461,194.4922821,183.0885603,-179.8316103,0.093650573,179.6908139,-2.590564667,8.604614387,2.555078951,0.800252336,0.397187887,-0.977488535,-15.47865486,69.19449005,69.14694671,-69.88943367,-62.72508911,78.73263816,47.78435783,1,1
171.383564,11,1571997714,AUT,FALSE,TRUE,TRUE,623.9780461,194.4922821,183.0885603,-179.8316103,0.093650573,179.6908139,-2.590564667,8.604614387,2.555078951,0.800252336,0.397187887,-0.977488535,-15.47865486,69.19449005,69.14694671,-69.88943367,-62.72508911,78.73263816,47.78435783,1,1
171.4840891,11,1571997715,AUT,FALSE,TRUE,TRUE,627.1864781,214.6108609,179.4516651,-179.8511761,0.085328377,179.7852675,-2.14997227,1.467052621,0.615862651,-0.280962725,0.322253313,-0.815095958,-12.59153023,69.9803524,68.58012428,-67.55684394,-62.83218383,79.02299652,48.43809585,1,1
171.5846002,11,1571997715,AUT,FALSE,TRUE,TRUE,630.8325801,231.4666011,175.495518,-179.8260103,-0.021414941,179.8084923,0.784293395,5.163832686,0.194156504,0.018668647,0.214538495,-0.991042282,-10.12241134,70.83635216,68.09300079,-65.19339638,-62.90835754,79.36437606,48.65740013,1,1
171.685168,11,1571997715,AUT,FALSE,TRUE,TRUE,633.6269538,245.9388385,171.0716,-179.8747207,-0.043195781,179.8851344,0.513425232,2.168841938,1.169748787,-0.509937883,0.369543716,-0.775225217,-7.9798027,71.68526916,67.72035828,-63.16264572,-63.14136108,79.59581337,48.96539154,1,1
171.7856991,11,1571997715,AUT,FALSE,TRUE,TRUE,633.6269538,245.9388385,171.0716,-179.8747207,-0.043195781,179.8851344,0.513425232,2.168841938,1.169748787,-0.509937883,0.369543716,-0.775225217,-7.9798027,71.68526916,67.72035828,-63.16264572,-63.14136108,79.59581337,48.96539154,1,1
171.8862181,11,1571997715,AUT,FALSE,TRUE,TRUE,636.6384707,255.240789,165.9457222,-179.9760059,-0.084480881,-179.9807685,0.553411934,3.833987063,2.241597649,0.047982472,0.453243561,-0.347517103,-6.39674835,72.46468048,67.30591278,-61.42793197,-63.35357299,79.74227142,49.04054146,1,1
171.986727,11,1571997715,AUT,FALSE,TRUE,TRUE,639.3387835,260.3380126,159.4953208,-179.9736278,-0.188140256,-179.8592254,3.736309443,1.012932607,1.392338864,-0.294026084,0.077423,-0.093295853,-5.356902694,73.26654854,66.95572014,-60.13717918,-63.61112548,79.74118996,48.86025581,1,1
172.0872381,11,1571997715,AUT,FALSE,TRUE,TRUE,638.642498,262.1033394,155.6178424,-179.940891,-0.373135557,-179.8128056,3.736309443,1.012932607,1.392338864,-0.294026084,0.077423,-0.093295853,-5.096197125,73.73977432,66.99935303,-59.94742469,-63.90052734,79.74127235,48.982901,1,1
172.1877682,11,1571997715,AUT,FALSE,TRUE,TRUE,638.642498,262.1033394,155.6178424,-179.940891,-0.373135557,-179.8128056,8.57170873,0.254300074,-3.503124381,-0.039372169,-0.292541684,-0.170665848,-5.096197125,73.73977432,66.99935303,-59.94742469,-63.90052734,79.74127235,48.982901,1,1
172.2882612,11,1571997715,AUT,FALSE,TRUE,TRUE,631.197605,263.9135851,158.5437659,-179.9306826,-0.50603534,-179.6931765,7.674562456,3.190667084,-2.168555871,0.859901946,0.263110333,-0.202336378,-5.465742869,73.28089599,67.38915481,-61.41061821,-63.91677612,79.85464783,50.02295608,1,1
172.3888021,11,1571997715,AUT,FALSE,TRUE,TRUE,617.4407733,267.3454821,163.7896124,-179.9379064,-0.467329021,-179.6763597,5.329783413,2.642684349,-1.8824845,0.967298188,0.145580047,-0.167718563,-6.222484588,72.18351631,67.89919509,-64.42344703,-63.78040832,79.53919601,52.05702324,1,1
172.4893191,11,1571997716,AUT,FALSE,TRUE,TRUE,617.4407733,267.3454821,163.7896124,-179.9379064,-0.467329021,-179.6763597,5.329783413,2.642684349,-1.8824845,0.967298188,0.145580047,-0.167718563,-6.222484588,72.18351631,67.89919509,-64.42344703,-63.78040832,79.53919601,52.05702324,1,1
172.589823,11,1571997716,AUT,FALSE,TRUE,TRUE,601.0998564,269.0919846,169.9052985,-179.949384,-0.462073558,-179.6799258,5.387976981,-0.345466374,-2.485938682,0.361778488,-0.011701902,-0.215166492,-7.288762663,70.82034988,68.43408508,-67.99370155,-63.4616455,79.0613903,54.27170219,1,1
172.6905682,11,1571997716,AUT,FALSE,TRUE,TRUE,601.0998564,269.0919846,169.9052985,-179.949384,-0.462073558,-179.6799258,5.387976981,-0.345466374,-2.485938682,0.361778488,-0.011701902,-0.215166492,-9.048961256,68.88824272,69.13282928,-73.29304275,-62.88406127,78.10342369,57.20201339,1,1
172.791481,11,1571997716,AUT,FALSE,TRUE,TRUE,576.7951748,268.8239938,176.7531516,-179.9084586,-0.476569783,-179.7190858,2.788874105,0.32198352,-0.96527775,0.162306113,0.329718698,-0.431662493,-9.048961256,68.88824272,69.13282928,-73.29304275,-62.88406127,78.10342369,57.20201339,1,1
172.892086,11,1571997716,AUT,FALSE,TRUE,TRUE,542.9938091,264.4449676,177.3577353,-179.8934101,-0.395857009,-179.752409,0.475674253,3.001403527,0.414925042,0.162306113,0.329718698,-0.431662493,-11.56421585,66.36383858,69.55846023,-80.74779167,-62.22220642,75.83877754,61.12218246,1,1
172.992655,11,1571997716,AUT,FALSE,TRUE,TRUE,542.9938091,264.4449676,177.3577353,-179.8934101,-0.395857009,-179.752409,0.475674253,3.001403527,0.414925042,0.490027982,0.521530039,-0.655406026,-11.56421585,66.36383858,69.55846023,-80.74779167,-62.22220642,75.83877754,61.12218246,1,1
173.0932431,11,1571997716,AUT,FALSE,TRUE,TRUE,513.243208,258.7239201,173.5025339,-179.7858645,-0.246655927,-179.8507182,-4.038326697,7.1223165,1.468346958,0.982211652,1.000577255,-1.117371119,-13.73791237,64.42466926,69.67946777,-87.11030044,-61.962583,73.24897728,64.32561035,1,1
173.1937921,11,1571997716,AUT,FALSE,TRUE,TRUE,513.243208,258.7239201,173.5025339,-179.7858645,-0.246655927,-179.8507182,-4.038326697,7.1223165,1.468346958,0.982211652,1.000577255,-1.117371119,-13.73791237,64.42466926,69.67946777,-87.11030044,-61.962583,73.24897728,64.32561035,1,1
173.2944012,11,1571997716,AUT,FALSE,TRUE,TRUE,497.4035794,257.1997099,170.0521001,-179.7201144,-0.191085944,-179.9660465,-5.194536411,11.37326861,1.742737391,1.270016995,1.369056371,-1.483904512,-14.64893646,63.52169266,69.68244781,-90.40365143,-61.96808166,71.7814579,66.08142814,1,1
173.394973,11,1571997717,AUT,FALSE,TRUE,TRUE,497.4035794,257.1997099,170.0521001,-179.7201144,-0.191085944,-179.9660465,-5.194536411,11.37326861,1.742737391,1.270016995,1.369056371,-1.483904512,-14.64893646,63.52169266,69.68244781,-90.40365143,-61.96808166,71.7814579,66.08142814,1,1
173.4955132,11,1571997717,AUT,FALSE,TRUE,TRUE,487.2423345,262.1069823,166.92093,-179.730959,-0.207610584,179.9945396,-3.097171405,9.227652526,1.568311862,0.789235828,1.494750547,-1.413072143,-14.51416168,63.27195282,69.66730041,-91.81014518,-62.1456372,71.06935501,67.62580376,1,1
173.596086,11,1571997717,AUT,FALSE,TRUE,TRUE,487.2423345,262.1069823,166.92093,-179.730959,-0.207610584,179.9945396,-3.097171405,9.227652526,1.568311862,0.789235828,1.494750547,-1.413072143,-14.51416168,63.27195282,69.66730041,-91.81014518,-62.1456372,71.06935501,67.62580376,1,1
173.696974,11,1571997717,AUT,FALSE,TRUE,TRUE,482.7674139,267.6906297,163.6476431,-179.8293716,-0.289012932,-179.9050656,-0.59396564,5.074080825,1.66754037,0.435776202,1.550202006,-0.906807763,-13.6373085,63.4748703,69.45593376,-92.11853141,-62.33101501,70.90506821,68.62957993,1,1
180.6303172,12,1571997724,AUT,FALSE,FALSE,TRUE,471.9467144,-400.0454208,169.981839,-179.9984043,-0.006761726,-179.9985721,-1.601016098,-1.384605953,2.126037281,-0.269606905,0.47161172,0.120642664,-76.5788887,67.95696945,69.29774093,-78.17897529,-63.38744384,75.89277534,-5.830883794,0.5,1
180.730978,12,1571997724,AUT,FALSE,TRUE,TRUE,472.6661393,-399.8514978,168.9149147,179.9841525,0.160834543,179.8888523,-6.302539717,0.080231359,-0.167595125,-0.148663684,0.568278566,0.227845866,-76.56082306,68.08981819,69.29961204,-78.13015136,-63.39120666,75.78033371,-5.8316288,1,1
180.8316522,12,1571997724,AUT,FALSE,TRUE,TRUE,481.9514554,-398.3036066,175.7625963,179.9474651,0.68566329,179.9499423,-15.03048492,-1.685969121,-6.51824468,-0.536825056,0.325172486,0.259848972,-75.78839492,68.18520012,69.93842583,-77.05723686,-63.44480895,76.23936653,-5.685328675,1,1
180.9322741,12,1571997724,AUT,FALSE,TRUE,TRUE,481.9514554,-398.3036066,175.7625963,179.9474651,0.68566329,179.9499423,-15.03048492,-1.685969121,-6.51824468,-0.536825056,0.325172486,0.259848972,-73.60362281,68.22197685,71.00653038,-73.91364669,-63.41903503,78.47651253,-5.817346575,1,1
181.032794,12,1571997724,AUT,FALSE,TRUE,TRUE,499.4577836,-397.0198889,191.4401721,179.9311713,0.737125951,-179.8740988,-15.39063131,-2.561386775,-1.703604874,-0.094859149,0.468848841,0.483776632,-73.60362281,68.22197685,71.00653038,-73.91364669,-63.41903503,78.47651253,-5.817346575,1,1
181.1332841,12,1571997724,AUT,FALSE,TRUE,TRUE,523.9847451,-394.6577784,202.9802422,179.9361464,0.688568957,-179.8507744,-10.55032745,-3.611384848,2.189829476,0.268042195,0.483370696,0.355254629,-70.15126876,68.62985115,71.24619713,-69.31316643,-63.20964111,80.60514106,-6.355995944,1,1
181.2338021,12,1571997724,AUT,FALSE,TRUE,TRUE,552.8778029,-390.509122,204.4038868,179.9347629,0.604711362,-179.873877,-5.265848725,-5.169069309,3.649312374,-0.363199863,0.142407812,0.3311679,-65.53248253,69.82313461,70.57268714,-63.62248878,-63.22931762,82.10957451,-6.987812806,1,1
181.3343241,12,1571997724,AUT,FALSE,TRUE,TRUE,552.8778029,-390.509122,204.4038868,179.9347629,0.604711362,-179.873877,-5.265848725,-5.169069309,3.649312374,-0.363199863,0.142407812,0.3311679,-65.53248253,69.82313461,70.57268714,-63.62248878,-63.22931762,82.10957451,-6.987812806,1,1
181.434885,12,1571997725,AUT,FALSE,TRUE,TRUE,578.6125189,-388.7207352,198.0525426,179.9375438,0.541364364,-179.8505624,-3.920708486,-1.982409441,0.628695114,-0.011146457,-0.178591608,0.220474182,-61.35413131,71.4373249,69.43711967,-58.17293358,-63.41241027,82.82976264,-8.000391775,1,1
181.535403,12,1571997725,AUT,FALSE,TRUE,TRUE,600.9436875,-389.8506929,190.5226135,179.9626531,0.472808018,-179.8443955,0.323845891,-3.166427557,-0.427398521,-0.297453802,-0.635855258,0.100117805,-57.52687225,73.26559753,68.45910644,-52.51271209,-63.67879028,83.55363121,-9.582258225,1,1
181.63592,12,1571997725,AUT,FALSE,TRUE,TRUE,618.30524,-394.329251,185.8031609,-179.960018,0.194652209,-179.8589459,9.029963483,-0.947584757,0.922790398,0.032966167,-1.408880516,-0.209262413,-54.14003791,75.04482307,67.90071601,-46.49020958,-64.06424011,84.82647629,-11.72761345,1,1
181.7363942,12,1571997725,AUT,FALSE,TRUE,TRUE,618.30524,-394.329251,185.8031609,-179.960018,0.194652209,-179.8589459,9.029963483,-0.947584757,0.922790398,0.032966167,-1.408880516,-0.209262413,-54.14003791,75.04482307,67.90071601,-46.49020958,-64.06424011,84.82647629,-11.72761345,1,1
181.8369231,12,1571997725,AUT,FALSE,TRUE,TRUE,627.7989184,-401.3397441,182.5707303,-179.855061,-0.074832368,179.9758338,16.65724095,7.456627743,-2.48387973,0.773510323,-2.193225663,-0.913217675,-51.83236999,76.45923042,67.59908638,-41.55370903,-64.32208374,86.0180603,-14.03581009,1,1
181.9374561,12,1571997725,AUT,FALSE,TRUE,TRUE,632.1477291,-406.062302,182.5275031,-179.7219648,-0.178083136,179.8654973,16.18016014,9.655800309,-2.798897246,1.132412991,-2.179985286,-1.280476608,-50.62660331,77.18455124,67.59754142,-38.66938591,-64.49384948,86.82085876,-15.5412529,1,1
182.037991,12,1571997725,AUT,FALSE,TRUE,TRUE,634.0619333,-403.550213,185.5629839,-179.5811543,-0.220264826,179.7630636,12.23108986,10.00594906,-3.384988349,0.916983578,-1.585733627,-1.811561806,-50.22229958,77.12935524,67.77662544,-38.20419731,-64.49116333,87.24808616,-15.65108185,1,1
182.1385081,12,1571997725,AUT,FALSE,TRUE,TRUE,634.0619333,-403.550213,185.5629839,-179.5811543,-0.220264826,179.7630636,12.23108986,10.00594906,-3.384988349,0.916983578,-1.585733627,-1.811561806,-50.21122398,76.35905228,68.35324287,-39.5079792,-64.4204718,87.62944564,-14.29881592,1,1
182.2390242,12,1571997725,AUT,FALSE,TRUE,TRUE,636.0123474,-392.9541037,194.0887938,-179.5761043,-0.169422257,179.6572638,6.588197975,10.26520727,-5.804080051,1.046063283,-0.726737164,-2.066033704,-50.21122398,76.35905228,68.35324287,-39.5079792,-64.4204718,87.62944564,-14.29881592,1,1
182.3395081,12,1571997725,AUT,FALSE,TRUE,TRUE,637.8961686,-371.6159063,204.9635352,-179.5387637,-0.327136242,179.6490905,6.548214649,9.782086591,-2.167770053,1.276206517,0.030446334,-2.10498232,-50.25901451,74.96129264,69.03614273,-42.51300087,-64.21816955,87.98339767,-11.48665238,1,1
182.4400871,12,1571997726,AUT,FALSE,TRUE,TRUE,639.1948148,-340.7955558,212.1595783,-179.5650286,-0.367023268,179.6098264,5.306034949,8.760756981,-0.51944962,1.158948041,0.564580203,-1.994915602,-50.44654426,73.36262741,69.61521835,-47.24907989,-63.70467956,87.51366348,-7.26450005,1,1
182.540755,12,1571997726,AUT,FALSE,TRUE,TRUE,638.3023782,-300.8334301,214.2898347,-179.6062071,-0.328448122,179.6148057,0.810794201,8.794018,-1.125680172,1.375723058,0.902625922,-1.69064146,-50.63528594,71.70749588,70.10445328,-53.41391373,-63.13872985,86.20051574,-1.768184281,1,1
182.6415212,12,1571997726,AUT,FALSE,TRUE,TRUE,638.3023782,-300.8334301,214.2898347,-179.6062071,-0.328448122,179.6148057,0.810794201,8.794018,-1.125680172,1.375723058,0.902625922,-1.69064146,-50.63528594,71.70749588,70.10445328,-53.41391373,-63.13872985,86.20051574,-1.768184281,1,1
182.7420912,12,1571997726,AUT,FALSE,TRUE,TRUE,634.0499191,-255.1788189,213.6334288,-179.6955183,-0.270370557,179.6253938,-0.822586398,6.106688747,-1.722998424,1.17191775,0.633726869,-1.309978093,-50.62791481,70.1102005,70.66752663,-60.0836483,-62.68436828,84.48528213,4.454108044,1,1
182.8426571,12,1571997726,AUT,FALSE,TRUE,TRUE,626.1254635,-209.8928792,211.7762787,-179.7593046,-0.127028546,179.6568678,-2.137847047,3.519635579,-1.080311831,0.449545044,0.58982502,-1.060695497,-50.4269783,68.6032299,71.24557571,-66.52059288,-62.37341125,82.64530906,10.61394653,1,1
182.94314,12,1571997726,AUT,FALSE,TRUE,TRUE,626.1254635,-209.8928792,211.7762787,-179.7593046,-0.127028546,179.6568678,-2.137847047,3.519635579,-1.080311831,0.449545044,0.58982502,-1.060695497,-50.4269783,68.6032299,71.24557571,-66.52059288,-62.37341125,82.64530906,10.61394653,1,1
183.043689,12,1571997726,AUT,FALSE,TRUE,TRUE,616.9284015,-164.008627,209.6265927,-179.8141898,0.1262673,179.7336751,-10.77662161,2.328394509,-1.415166213,0.744210228,1.0734267,-0.830167533,-49.66468506,67.14732513,71.76398964,-72.47400513,-62.17754699,80.70804176,16.7570343,1,1
183.1443081,12,1571997726,AUT,FALSE,TRUE,TRUE,613.7778061,-124.4713901,208.1804904,-179.7637692,0.29306617,179.7519351,-14.522118,4.813860192,-0.296284114,0.822527222,1.439155532,-1.025976148,-47.77041893,66.27363052,71.90001754,-75.60669822,-61.98278686,79.53285141,21.32633056,1,1
183.2448611,12,1571997726,AUT,FALSE,TRUE,TRUE,613.7778061,-124.4713901,208.1804904,-179.7637692,0.29306617,179.7519351,-14.522118,4.813860192,-0.296284114,0.822527222,1.439155532,-1.025976148,-47.77041893,66.27363052,71.90001754,-75.60669822,-61.98278686,79.53285141,21.32633056,1,1
183.3454061,12,1571997726,AUT,FALSE,TRUE,TRUE,618.7375366,-91.89898718,206.4665,-179.7789573,0.272814722,179.7851787,-7.197821072,3.452461009,-0.208518099,0.550015108,0.497695386,-1.034629871,-44.80060158,66.20200309,71.68090553,-75.88079338,-61.93679809,79.26424255,24.45809326,1,1
183.4459202,12,1571997727,AUT,FALSE,TRUE,TRUE,625.8481189,-66.533548,200.6283547,-179.9007975,0.072217729,179.8500114,-1.157811358,-0.498482558,3.128481883,0.033404146,0.275899369,-0.594365781,-41.75633468,66.65128898,70.96502266,-75.04011268,-61.9614569,79.05200729,26.58538971,1,1
183.5464051,12,1571997727,AUT,FALSE,TRUE,TRUE,625.8481189,-66.533548,200.6283547,-179.9007975,0.072217729,179.8500114,-1.157811358,-0.498482558,3.128481883,0.033404146,0.275899369,-0.594365781,-41.75633468,66.65128898,70.96502266,-75.04011268,-61.9614569,79.05200729,26.58538971,1,1
183.646981,12,1571997727,AUT,FALSE,TRUE,TRUE,631.289656,-53.24435616,189.8239177,179.9654564,-0.148549442,-179.8904991,6.747804024,-6.579210478,1.092651892,-0.734652256,-0.43587096,-0.012625752,-39.55533028,67.35052414,69.75512238,-74.18568878,-62.17999694,78.47895698,27.69977073,1,1
183.74755,12,1571997727,AUT,FALSE,TRUE,TRUE,634.654684,-52.93930314,176.7206328,179.9736152,-0.173111816,-179.8311214,5.910535955,-1.191332935,-0.47678978,-0.014577934,-0.343965545,0.041536175,-38.78538093,68.22197685,68.56847534,-73.68285484,-62.51863952,77.4270195,27.61153335,1,1
183.8480701,12,1571997727,AUT,FALSE,TRUE,TRUE,634.654684,-52.93930314,176.7206328,179.9736152,-0.173111816,-179.8311214,5.910535955,-1.191332935,-0.47678978,-0.014577934,-0.343965545,0.041536175,-38.78538093,68.22197685,68.56847534,-73.68285484,-62.51863952,77.4270195,27.61153335,1,1
183.948585,12,1571997727,AUT,FALSE,TRUE,TRUE,635.5405467,-55.35761044,172.1759257,-179.9592408,0.101847414,-179.9900147,-4.621810894,3.535554153,-5.07680394,0.373308273,0.490767366,-0.241692231,-39.07562599,68.77008819,68.59690589,-73.75918922,-63.02335144,76.93506889,27.44987297,1,1
184.0491562,12,1571997727,AUT,FALSE,TRUE,TRUE,643.0899478,-56.66585205,180.3263866,-179.9734778,0.562242514,179.9356498,-17.28176017,3.957551177,-1.236713889,0.284406165,1.151334682,-0.222260792,-38.74034386,68.89346466,69.31743049,-72.22993011,-63.24207275,77.73582115,26.78679313,1,1
184.1496601,12,1571997727,AUT,FALSE,TRUE,TRUE,643.0899478,-56.66585205,180.3263866,-179.9734778,0.562242514,179.9356498,-17.28176017,3.957551177,-1.236713889,0.284406165,1.151334682,-0.222260792,-38.74034386,68.89346466,69.31743049,-72.22993011,-63.24207275,77.73582115,26.78679313,1,1
184.2502272,12,1571997727,AUT,FALSE,TRUE,TRUE,661.4925719,-62.09246157,187.7412716,-179.9333442,0.576358242,-179.99866,-15.91549859,5.859770253,3.268848138,1.221099144,1.3235862,-0.429957696,-36.92479133,69.56544685,69.24299126,-67.46411247,-63.08931884,79.53249778,24.35145378,1,1
184.350955,12,1571997727,AUT,FALSE,TRUE,TRUE,686.1083796,-65.36754578,186.9640886,-179.9050449,0.505389961,179.9544793,-15.91549859,5.859770253,3.268848138,1.221099144,1.3235862,-0.429957696,-33.86131897,71.27905998,68.60404014,-60.88507004,-63.19990173,81.15840911,21.34956321,1,1
184.4530902,12,1571997728,AUT,FALSE,TRUE,TRUE,686.1083796,-65.36754578,186.9640886,-179.9050449,0.505389961,179.9544793,-6.775766751,5.580757787,-0.417149277,0.514832845,0.06963929,-0.580693881,-33.86131897,71.27905998,68.60404014,-60.88507004,-63.19990173,81.15840911,21.34956321,1,1
184.553658,12,1571997728,AUT,FALSE,TRUE,TRUE,707.6520451,-63.42832705,182.298746,-179.9071282,0.33186766,179.9237469,0.524710161,3.978687522,-0.372399224,0.230898107,-0.471028547,-0.574709046,-30.49187393,73.26416931,68.04913788,-54.35247917,-63.60501159,82.55007476,18.94050521,1,1
184.6542201,12,1571997728,AUT,FALSE,TRUE,TRUE,707.6520451,-63.42832705,182.298746,-179.9071282,0.33186766,179.9237469,0.524710161,3.978687522,-0.372399224,0.230898107,-0.471028547,-0.574709046,-30.49187393,73.26416931,68.04913788,-54.35247917,-63.60501159,82.55007476,18.94050521,1,1
184.754719,12,1571997728,AUT,FALSE,TRUE,TRUE,726.5562329,-57.8725954,175.4533395,-179.9623349,0.059397193,-179.9972199,8.245744853,0.106647482,0.066799866,-0.188070575,-1.210879588,-0.257227373,-27.38059387,75.40080414,67.61669197,-48.07454109,-64.1793988,83.86229553,16.94383621,1,1
184.8552852,12,1571997728,AUT,FALSE,TRUE,TRUE,734.2460328,-54.17526409,170.5841293,-179.9193808,-0.10520309,179.9737669,12.80652042,2.013206816,-1.999223104,-0.023334039,-1.838271946,-0.370659018,-25.13239288,76.46272888,67.41953888,-45.25980606,-64.41863159,84.32643699,16.02800559,1,1
184.9558311,12,1571997728,AUT,FALSE,TRUE,TRUE,734.2460328,-54.17526409,170.5841293,-179.9193808,-0.10520309,179.9737669,12.80652042,2.013206816,-1.999223104,-0.023334039,-1.838271946,-0.370659018,-25.13239288,76.46272888,67.41953888,-45.25980606,-64.41863159,84.32643699,16.02800559,1,1
185.0563371,12,1571997728,AUT,FALSE,TRUE,TRUE,737.3870347,-44.20983538,171.2941612,-179.8314937,-0.120113468,179.8384844,9.470210373,5.66204892,-5.413182029,0.432221095,-1.360974035,-0.803236792,-23.94928207,76.78587112,67.62003593,-44.21409645,-64.53357604,84.65070534,16.27684249,1,1
185.1569452,12,1571997728,AUT,FALSE,TRUE,TRUE,735.8619934,-25.49990806,181.7467784,-179.8120031,-0.063648575,179.8249924,9.470210373,5.66204892,-5.413182029,0.432221095,-1.360974035,-0.803236792,-22.93246994,75.97334633,68.16679115,-44.8765583,-64.46243408,85.28154373,17.99799843,1,1
185.2575181,12,1571997728,AUT,FALSE,TRUE,TRUE,735.8619934,-25.49990806,181.7467784,-179.8120031,-0.063648575,179.8249924,-0.824879492,6.183315,-2.883775423,0.68857584,0.184765866,-0.913789256,-22.93246994,75.97334633,68.16679115,-44.8765583,-64.46243408,85.28154373,17.99799843,1,1
185.358005,12,1571997728,AUT,FALSE,TRUE,TRUE,731.4981911,7.442143465,192.8534132,-179.7857741,0.01011909,179.8045436,-6.162624612,7.539560996,0.722865448,0.68857584,0.184765866,-0.913789256,-21.22621078,74.83376541,68.61831894,-46.31653976,-64.12051757,85.69265556,21.10576973,1,1
185.4585412,12,1571997729,AUT,FALSE,TRUE,TRUE,731.4981911,7.442143465,192.8534132,-179.7857741,0.01011909,179.8045436,-6.162624612,7.539560996,0.722865448,1.098016916,0.918721285,-0.870202091,-21.22621078,74.83376541,68.61831894,-46.31653976,-64.12051757,85.69265556,21.10576973,1,1
185.5590701,12,1571997729,AUT,FALSE,TRUE,TRUE,728.8638951,33.44936695,193.7791202,-179.8600004,0.053464622,179.7961416,-7.550973069,4.697037638,0.578841238,0.575350582,1.154173501,-0.772887188,-19.49372864,74.53015136,68.62544632,-47.08911209,-63.99951965,85.52879104,23.57177124,1,1
185.659574,12,1571997729,AUT,FALSE,TRUE,TRUE,728.8638951,33.44936695,193.7791202,-179.8600004,0.053464622,179.7961416,-7.550973069,4.697037638,0.578841238,0.575350582,1.154173501,-0.772887188,-17.77383613,74.65744858,68.46930313,-47.14122161,-64.00847351,85.26902618,25.73187561,1,1
185.7601161,12,1571997729,AUT,FALSE,TRUE,TRUE,727.3427764,60.54080672,189.8368088,-179.8944227,-0.001971103,179.8390364,-3.742228507,3.040512342,1.802308938,0.255575008,0.660831119,-0.547215018,-17.77383613,74.65744858,68.46930313,-47.14122161,-64.00847351,85.26902618,25.73187561,1,1
185.8609531,12,1571997729,AUT,FALSE,TRUE,TRUE,727.2363192,76.75782115,182.9366445,-179.9076031,-0.057767568,179.9550217,-0.856743006,0.724142185,2.104686651,0.006334769,0.346034278,-0.338577323,-15.7272274,75.26227341,68.01288299,-46.74313545,-64.13738708,84.87481956,26.92825241,1,1
185.961611,12,1571997729,AUT,FALSE,TRUE,TRUE,727.6746046,86.43949914,174.465531,-179.9010955,-0.128589168,-179.9919439,1.158426449,1.366666083,2.648363594,-0.090641661,0.157287272,-0.46183696,-14.66297493,75.90115585,67.56868858,-46.33966598,-64.24350952,84.38182869,27.48429107,1,1
186.0622761,12,1571997729,AUT,FALSE,TRUE,TRUE,727.6038495,92.13178978,166.4230103,-179.9108667,-0.184886642,-179.9581057,2.892403303,1.127801359,-1.162718691,-0.21761111,-0.075415978,-0.517512583,-14.07780876,76.50940704,67.27531586,-46.22813415,-64.42892578,83.86154365,27.92021828,1,1
186.1628711,12,1571997729,AUT,FALSE,TRUE,TRUE,727.6038495,92.13178978,166.4230103,-179.9108667,-0.184886642,-179.9581057,2.892403303,1.127801359,-1.162718691,-0.21761111,-0.075415978,-0.517512583,-14.07780876,76.50940704,67.27531586,-46.22813415,-64.42892578,83.86154365,27.92021828,1,1
186.2633631,12,1571997729,AUT,FALSE,TRUE,TRUE,727.0465187,93.70408577,166.0467693,-179.8892969,-0.259689339,-179.9189736,7.318142696,0.490741083,-7.094960858,-0.130329276,-0.756922063,-0.50676532,-13.95642013,76.62737274,67.38902778,-46.27040062,-64.58783752,83.91435013,28.08912964,1,1
186.3638921,12,1571997729,AUT,FALSE,TRUE,TRUE,722.4888665,93.47443507,172.7453965,-179.8448319,-0.639993578,-179.7804663,13.15858482,2.06314193,-2.116867267,0.850319373,-0.368545207,-0.609827113,-14.36541366,75.99615326,67.75484504,-47.14944076,-64.44575134,84.65315666,28.49459381,1,1
186.464406,12,1571997730,AUT,FALSE,TRUE,TRUE,711.7053678,96.36278064,176.7878303,-179.8611074,-0.887027932,-179.7121551,14.80857983,2.493414279,1.960304101,1.169372217,0.15573104,-0.578742815,-15.45050239,74.94990463,67.97597579,-50.18495293,-64.06817871,84.48858833,30.18278389,1,1
186.5649371,12,1571997730,AUT,FALSE,TRUE,TRUE,711.7053678,96.36278064,176.7878303,-179.8611074,-0.887027932,-179.7121551,14.80857983,2.493414279,1.960304101,1.169372217,0.15573104,-0.578742815,-15.45050239,74.94990463,67.97597579,-50.18495293,-64.06817871,84.48858833,30.18278389,1,1
186.6654732,12,1571997730,AUT,FALSE,TRUE,TRUE,693.5681328,100.8049373,173.8176598,-179.9536226,-0.900200267,-179.6357413,13.02718123,-2.84411361,2.64770682,0.346219588,-0.090575255,-0.201952542,-17.34741898,73.73680114,68.01392669,-55.67736168,-63.81132934,82.95144309,33.22054481,1,1
186.7660072,12,1571997730,AUT,FALSE,TRUE,TRUE,670.5632532,101.0040091,166.2405938,-179.9385137,-0.837321314,-179.6091755,8.595817288,0.042506918,0.953665699,0.628226964,0.229874591,-0.128043511,-20.10537872,72.50480118,67.98269463,-62.49401779,-63.77650817,80.61773071,36.49351616,1,1
186.866518,12,1571997730,AUT,FALSE,TRUE,TRUE,644.3509732,97.28515778,159.2847137,-179.9282631,-0.585723519,-179.6997821,1.675927783,4.441160726,-1.421165324,0.799029241,0.686062504,-0.429454233,-23.38787384,71.08168029,68.03858413,-69.75094757,-63.8928479,77.94782638,39.63590813,1,1
186.9670782,12,1571997730,AUT,FALSE,TRUE,TRUE,644.3509732,97.28515778,159.2847137,-179.9282631,-0.585723519,-179.6997821,1.675927783,4.441160726,-1.421165324,0.799029241,0.686062504,-0.429454233,-26.45288429,69.47701034,68.41508903,-76.00050659,-63.97238891,75.90891494,42.09426727,1,1
187.0676372,12,1571997730,AUT,FALSE,TRUE,TRUE,620.2963298,92.09736854,158.0305765,-179.8676036,-0.306061297,-179.8086672,-8.333095132,4.463807215,-1.250887122,0.529517936,1.625875209,-0.615976143,-26.45288429,69.47701034,68.41508903,-76.00050659,-63.97238891,75.90891494,42.09426727,1,1
187.1681921,12,1571997730,AUT,FALSE,TRUE,TRUE,604.7838727,84.51401511,161.1741898,-179.8457167,0.039866329,-179.8545021,-14.71428555,9.856095652,1.990327862,1.320003203,1.984000376,-1.052631877,-28.5661869,68.20864906,68.75223884,-79.64878463,-63.9527069,74.78166275,43.26671104,1,1
187.2687221,12,1571997730,AUT,FALSE,TRUE,TRUE,604.7838727,84.51401511,161.1741898,-179.8457167,0.039866329,-179.8545021,-14.71428555,9.856095652,1.990327862,1.320003203,1.984000376,-1.052631877,-29.520401,67.66806679,68.91744232,-80.64740409,-63.72037902,74.49632721,43.12535133,1,1
187.3692961,12,1571997730,AUT,FALSE,TRUE,TRUE,603.2391561,81.65243253,162.8125796,-179.8144825,0.142568098,-179.9354951,-10.87995081,9.525689357,1.570406344,1.199600727,1.227269273,-1.046277158,-29.520401,67.66806679,68.91744232,-80.64740409,-63.72037902,74.49632721,43.12535133,1,1
187.4698441,12,1571997731,AUT,FALSE,TRUE,TRUE,606.7609271,86.04555917,166.3451008,-179.7357948,0.314371537,179.8594134,-7.412437637,11.27970627,-2.870985751,0.960152911,-0.087216952,-1.217972308,-29.05029258,67.77965354,69.24593009,-79.89326477,-63.71543518,74.82835464,43.01913414,1,1
187.5708432,12,1571997731,AUT,FALSE,TRUE,TRUE,611.0408404,98.4777429,175.5652137,-179.6720683,0.276173611,179.7099741,-5.602366516,12.6525911,-2.769649022,1.287693735,-0.095891421,-1.392875271,-27.64803542,67.8904129,70.13035698,-78.35277557,-63.59829345,76.19449424,43.33707848,1,1
187.6719222,12,1571997731,AUT,FALSE,TRUE,TRUE,615.8639779,116.0858302,186.3462448,-179.7431871,0.283123282,179.6270808,-5.8136022,12.08087424,-1.655191154,1.435146292,0.140572658,-1.318348497,-25.52593002,67.84122505,70.87670287,-76.35740089,-63.3305017,77.67274589,44.04248314,1,1
187.7724042,12,1571997731,AUT,FALSE,TRUE,TRUE,615.8639779,116.0858302,186.3462448,-179.7431871,0.283123282,179.6270808,-5.8136022,12.08087424,-1.655191154,1.435146292,0.140572658,-1.318348497,-25.52593002,67.84122505,70.87670287,-76.35740089,-63.3305017,77.67274589,44.04248314,1,1
187.8729441,12,1571997731,AUT,FALSE,TRUE,TRUE,619.9169419,137.3520588,193.9048638,-179.7219567,0.194423972,179.6124097,-4.181736584,7.693402706,1.401456792,0.466625009,0.324633886,-1.280468846,-22.78583336,67.77355957,70.94889336,-74.16093178,-62.82397705,78.78938255,44.75756263,1,1
187.9735641,12,1571997731,AUT,FALSE,TRUE,TRUE,622.5215456,162.0315094,196.111472,-179.7385279,0.169280895,179.5851034,-2.866798249,8.983314191,2.060489197,0.360141039,0.325644573,-1.311388768,-19.6591896,67.9130928,70.48475189,-72.10546531,-62.42344299,79.26191826,45.89790916,1,1
188.0740671,12,1571997731,AUT,FALSE,TRUE,TRUE,622.5215456,162.0315094,196.111472,-179.7385279,0.169280895,179.5851034,-2.866798249,8.983314191,2.060489197,0.360141039,0.325644573,-1.311388768,-16.37959213,68.39991417,69.83414841,-70.10740242,-62.33580505,79.50457878,47.25567169,1,1
188.174592,12,1571997731,AUT,FALSE,TRUE,TRUE,623.9507034,187.8077646,192.4994852,-179.8629057,0.130518262,179.6861487,-3.756263673,6.070872149,2.570649558,0.59791669,0.567319105,-0.834273317,-16.37959213,68.39991417,69.83414841,-70.10740242,-62.33580505,79.50457878,47.25567169,1,1
188.2751291,12,1571997731,AUT,FALSE,TRUE,TRUE,628.4909203,214.3167732,185.640456,-179.9064947,0.112638621,179.8280815,-3.115135941,0.999755407,1.114735199,-0.094359411,0.488261142,-0.636492536,-12.50703849,69.52614669,68.68797913,-67.14101143,-62.45765441,79.5320446,48.17453384,1,1
188.3756111,12,1571997731,AUT,FALSE,TRUE,TRUE,634.5147691,227.6216932,178.3223817,-179.9190694,0.070632702,179.9097657,-1.273392605,1.761215227,1.144512254,-0.406329072,0.32632387,-0.437132642,-10.18914642,70.63381233,67.94533424,-64.61265564,-62.69980957,79.62360878,48.08263664,1,1
188.4761672,12,1571997732,AUT,FALSE,TRUE,TRUE,640.5083388,237.3347855,170.9581391,-179.9535554,-0.014280474,179.9791403,-1.273392605,1.761215227,1.144512254,-0.406329072,0.32632387,-0.437132642,-8.351665875,71.85725669,67.52229538,-62.22516517,-63.12474975,79.82770386,47.77920456,1,1
188.5767012,12,1571997732,AUT,FALSE,TRUE,TRUE,640.5083388,237.3347855,170.9581391,-179.9535554,-0.014280474,179.9791403,0.686459903,1.919327559,2.186511844,-0.320460519,0.177914209,-0.253543591,-8.351665875,71.85725669,67.52229538,-62.22516517,-63.12474975,79.82770386,47.77920456,1,1
188.6772091,12,1571997732,AUT,FALSE,TRUE,TRUE,644.9289078,243.7238809,164.9992945,-179.954762,-0.07733882,-179.9939836,2.83383171,1.974574317,0.643612198,-0.378233492,-0.114354455,-0.285484941,-7.112030406,72.89267006,67.41594086,-60.45881081,-63.62116699,80.00470047,47.52361106,1,1
188.7777562,12,1571997732,AUT,FALSE,TRUE,TRUE,647.2043868,247.7094958,160.9669917,-179.893091,-0.132577923,-179.9503546,3.875903327,3.362732994,-0.824238779,0.037704896,-0.366204383,-0.388035099,-6.37514305,73.57994728,67.42719154,-59.42731819,-64.01783935,80.13769684,47.3482521,1,1
188.878283,12,1571997732,AUT,FALSE,TRUE,TRUE,645.9236557,250.3334428,159.6786191,-179.8909995,-0.289750835,-179.8722613,7.146898426,0.761264186,-4.133425304,-0.234345935,-0.594488687,-0.5004294,-6.0716526,73.80037079,67.50441169,-59.29685554,-64.15066406,80.29492836,47.57116813,1,1
188.9787731,12,1571997732,AUT,FALSE,TRUE,TRUE,645.9236557,250.3334428,159.6786191,-179.8909995,-0.289750835,-179.8722613,7.146898426,0.761264186,-4.133425304,-0.234345935,-0.594488687,-0.5004294,-6.0716526,73.80037079,67.50441169,-59.29685554,-64.15066406,80.29492836,47.57116813,1,1
189.0792751,12,1571997732,AUT,FALSE,TRUE,TRUE,640.4503214,252.7540471,164.075888,-179.8801618,-0.406020304,-179.7835557,8.529352497,2.083575597,-4.246319348,0.54148341,-0.349323049,-0.500206539,-6.2230751,73.37222671,67.90285148,-60.22771683,-64.1279718,80.61379966,48.35688286,1,1
189.1798532,12,1571997732,AUT,FALSE,TRUE,TRUE,628.0066899,257.5795608,169.9918945,-179.8904308,-0.527128609,-179.7244171,7.078473836,3.273282754,-1.144277718,1.06834919,0.021298137,-0.366191243,-6.695384213,72.39233551,68.43652267,-62.63219833,-63.88908508,80.6483963,50.15788879,1,1
189.2803922,12,1571997732,AUT,FALSE,TRUE,TRUE,611.422342,262.1492226,173.1339473,-179.9383339,-0.494154706,-179.6991237,4.644860551,1.163107216,0.337055648,0.780626551,0.252901483,-0.259411922,-7.467335125,71.18139496,68.72820282,-66.18007164,-63.57865539,79.93956527,52.60515174,1,1
189.3812251,12,1571997732,AUT,FALSE,TRUE,TRUE,592.481607,264.4799949,172.2727421,-179.874491,-0.45555855,-179.7358009,4.644860551,1.163107216,0.337055648,0.780626551,0.252901483,-0.259411922,-8.545560831,69.98279686,68.77902145,-70.39628791,-63.24964233,78.613591,55.10669746,1,1
189.4820561,12,1571997733,AUT,FALSE,TRUE,TRUE,592.481607,264.4799949,172.2727421,-179.874491,-0.45555855,-179.7358009,2.603846623,2.73001329,0.547962315,0.72823607,0.558030683,-0.556433302,-8.545560831,69.98279686,68.77902145,-70.39628791,-63.24964233,78.613591,55.10669746,1,1
189.5825601,12,1571997733,AUT,FALSE,TRUE,TRUE,571.6676632,265.7148938,168.6048418,-179.8576157,-0.435378975,-179.7470718,0.894088445,3.967742021,0.843220074,0.81993914,0.718197076,-0.636663657,-9.726302719,68.88350143,68.79169349,-74.92475967,-63.13518676,77.00463638,57.84667396,1,1
189.6831362,12,1571997733,AUT,FALSE,TRUE,TRUE,551.4546969,265.4821982,164.1198221,-179.8505242,-0.434615446,-179.7486935,-0.400322224,5.042328035,0.895980722,0.833052403,0.910097348,-0.695803586,-10.86360397,67.91597328,68.79200592,-79.21803131,-63.15327026,75.40670929,60.41560364,1,1
189.7836492,12,1571997733,AUT,FALSE,TRUE,TRUE,532.7337198,264.3331196,159.6789286,-179.8189726,-0.430409132,-179.7686752,-0.506085142,5.902427674,1.745452233,0.70577219,1.212146279,-0.865548679,-11.91561012,67.05031586,68.79255867,-83.11430168,-63.25840942,73.89155731,62.71008796,1,1
189.8841522,12,1571997733,AUT,FALSE,TRUE,TRUE,532.7337198,264.3331196,159.6789286,-179.8189726,-0.430409132,-179.7686752,-0.506085142,5.902427674,1.745452233,0.70577219,1.212146279,-0.865548679,-11.91561012,67.05031586,68.79255867,-83.11430168,-63.25840942,73.89155731,62.71008796,1,1
189.9846742,12,1571997733,AUT,FALSE,TRUE,TRUE,515.4515206,264.1499285,155.3098674,-179.7772749,-0.403968366,-179.8310568,-1.494465384,7.616182391,1.549566134,0.850559835,1.362910587,-1.076353709,-12.70084076,66.33283309,68.79124374,-86.52260742,-63.45275207,72.4693325,64.85227775,1,1
190.0852242,12,1571997733,AUT,FALSE,TRUE,TRUE,499.4761375,265.7667767,151.4016744,-179.7836477,-0.389219842,-179.8329756,-1.873938574,7.830856392,1.398853557,0.862595723,1.48356879,-1.021594919,-13.07277603,65.75856056,68.79151497,-89.38028869,-63.7027185,71.31451149,66.98965416,1,1
190.185734,12,1571997733,AUT,FALSE,TRUE,TRUE,485.221121,268.9929042,148.2753183,-179.822913,-0.320911665,-179.8357569,-3.024711878,6.440781898,1.334211802,0.862595723,1.48356879,-1.021594919,-13.08881607,65.29360199,68.79220504,-91.64428596,-63.99070312,70.35278893,69.03040237,1,1
196.7406402,13,1571997740,AUT,FALSE,FALSE,TRUE,471.9616739,-399.9917499,169.9939508,-179.9960577,-0.00955171,-179.9996509,-0.434860193,-0.501954074,-0.105034128,-0.258243071,-0.023051935,0.048129016,-76.50113296,67.77507362,69.03253784,-78.18124466,-63.12606262,75.72372665,-5.91777535,0.5,1
196.841429,13,1571997740,AUT,FALSE,TRUE,TRUE,472.3715884,-399.7416986,170.0921507,-179.9649124,-0.004141174,-179.9930674,-1.136797771,0.141505554,0.422757997,-0.14271893,0.050153709,0.040524139,-76.45438957,67.77544784,69.03458404,-78.15982818,-63.12624389,75.73187713,-5.918060306,1,1
196.9421151,13,1571997740,AUT,FALSE,TRUE,TRUE,472.3715884,-399.7416986,170.0921507,-179.9649124,-0.004141174,-179.9930674,-1.136797771,0.141505554,0.422757997,-0.14271893,0.050153709,0.040524139,-76.45438957,67.77544784,69.03458404,-78.15982818,-63.12624389,75.73187713,-5.918060306,1,1
197.0426791,13,1571997740,AUT,FALSE,TRUE,TRUE,472.6507852,-399.8171974,170.2065516,-179.9791013,-0.034564736,-179.9930482,-0.328171364,-0.042166557,2.548565305,-0.147208254,0.057514764,0.069576069,-76.39350128,67.78042946,69.03317985,-78.07340354,-63.12625488,75.78652725,-5.9182457,1,1
197.1431971,13,1571997740,AUT,FALSE,TRUE,TRUE,474.281514,-399.8452914,168.0291291,-179.9519294,0.244152991,179.9665814,-8.595210236,-0.685235768,2.296999192,-0.345965854,0.727917721,0.214250917,-76.3203392,68.05674248,69.03259964,-77.96567573,-63.27915161,75.52410164,-5.916518788,1,1
197.2436962,13,1571997740,AUT,FALSE,TRUE,TRUE,474.281514,-399.8452914,168.0291291,-179.9519294,0.244152991,179.9665814,-8.595210236,-0.685235768,2.296999192,-0.345965854,0.727917721,0.214250917,-76.3203392,68.05674248,69.03259964,-77.96567573,-63.27915161,75.52410164,-5.916518788,1,1
197.3442271,13,1571997740,AUT,FALSE,TRUE,TRUE,489.0083481,-397.3711101,168.0575714,179.9738081,0.700443277,179.9883648,-17.08501173,-2.175464286,-2.606174291,-0.394888652,1.446234226,0.251220345,-74.70609397,68.77784042,69.13958244,-76.13299484,-63.61230102,75.71249313,-5.604246144,1,1
197.4447222,13,1571997741,AUT,FALSE,TRUE,TRUE,489.0083481,-397.3711101,168.0575714,179.9738081,0.700443277,179.9883648,-17.08501173,-2.175464286,-2.606174291,-0.394888652,1.446234226,0.251220345,-74.70609397,68.77784042,69.13958244,-76.13299484,-63.61230102,75.71249313,-5.604246144,1,1
197.5452142,13,1571997741,AUT,FALSE,TRUE,TRUE,525.0182677,-392.1829935,181.3455149,179.9129887,0.764763946,-179.9388205,-10.53778328,-3.979080244,-1.430694971,-0.139944035,0.598279744,0.44883181,-69.88945083,69.76035804,69.7704071,-70.00745773,-63.65002807,78.50493965,-5.783673481,1,1
197.6457071,13,1571997741,AUT,FALSE,TRUE,TRUE,525.0182677,-392.1829935,181.3455149,179.9129887,0.764763946,-179.9388205,-10.53778328,-3.979080244,-1.430694971,-0.139944035,0.598279744,0.44883181,-69.88945083,69.76035804,69.7704071,-70.00745773,-63.65002807,78.50493965,-5.783673481,1,1
197.7462182,13,1571997741,AUT,FALSE,TRUE,TRUE,564.4887147,-391.1609496,194.8445162,179.9598701,0.484993574,-179.8166039,-4.222739321,-1.681605994,2.155760097,0.05143511,-0.122532073,0.157616941,-63.80418205,70.96317901,69.65749855,-61.32601661,-63.54472412,81.83886108,-7.475392919,1,1
197.8466861,13,1571997741,AUT,FALSE,TRUE,TRUE,564.4887147,-391.1609496,194.8445162,179.9598701,0.484993574,-179.8166039,-4.222739321,-1.681605994,2.155760097,0.05143511,-0.122532073,0.157616941,-63.80418205,70.96317901,69.65749855,-61.32601661,-63.54472412,81.83886108,-7.475392919,1,1
197.9472182,13,1571997741,AUT,FALSE,TRUE,TRUE,596.4929968,-394.4435133,192.1758855,-179.9730894,0.179123991,-179.8535536,7.726518632,-0.654915861,2.924868489,0.263377406,-0.876368921,-0.116194518,-58.07930603,73.07031555,68.48360596,-52.46036224,-63.5985791,83.92967605,-10.10680733,1,1
198.047754,13,1571997741,AUT,FALSE,TRUE,TRUE,596.4929968,-394.4435133,192.1758855,-179.9730894,0.179123991,-179.8535536,7.726518632,-0.654915861,2.924868489,0.263377406,-0.876368921,-0.116194518,-58.07930603,73.07031555,68.48360596,-52.46036224,-63.5985791,83.92967605,-10.10680733,1,1
198.1483402,13,1571997741,AUT,FALSE,TRUE,TRUE,613.0821845,-399.6682813,177.7268457,-179.908238,-0.034312285,-179.9546457,5.993377894,4.548640344,2.546267285,0.574790606,-0.429640999,-0.394046977,-54.76258163,75.26028556,67.22384148,-46.98523979,-63.74164306,84.22891616,-12.23196488,1,1
198.2489831,13,1571997741,AUT,FALSE,TRUE,TRUE,622.2270072,-402.2646791,166.2393244,-179.8054483,-0.058434936,179.8765449,11.75373468,7.547832083,-2.442856671,0.764484672,-1.774003285,-0.832466918,-52.95936813,77.01415329,66.88337516,-43.6153244,-64.17625122,84.26568603,-13.53870621,1,1
198.3495622,13,1571997741,AUT,FALSE,TRUE,TRUE,622.2270072,-402.2646791,166.2393244,-179.8054483,-0.058434936,179.8765449,11.75373468,7.547832083,-2.442856671,0.764484672,-1.774003285,-0.832466918,-52.95936813,77.01415329,66.88337516,-43.6153244,-64.17625122,84.26568603,-13.53870621,1,1
198.4501691,13,1571997742,AUT,FALSE,TRUE,TRUE,628.2102247,-393.2021146,165.1053221,-179.6637346,-0.132252553,179.6461561,5.297728493,8.494250696,-3.115245032,0.416060187,-0.514705663,-1.571181994,-52.05182876,77.45926437,67.21382331,-43.16231689,-64.46690002,84.44551849,-13.00058556,1,1
198.5507972,13,1571997742,AUT,FALSE,TRUE,TRUE,628.2102247,-393.2021146,165.1053221,-179.6637346,-0.132252553,179.6461561,5.297728493,8.494250696,-3.115245032,0.416060187,-0.514705663,-1.571181994,-52.05182876,77.45926437,67.21382331,-43.16231689,-64.46690002,84.44551849,-13.00058556,1,1
198.6519232,13,1571997742,AUT,FALSE,TRUE,TRUE,634.091754,-368.4506278,171.9562072,-179.643057,-0.217109835,179.6452359,7.226543901,8.009903953,-3.39105347,0.65781185,-0.859037191,-1.600172787,-51.43593864,76.45084991,67.79809341,-45.71623649,-64.44826721,84.58325958,-9.965351488,1,1
198.7525282,13,1571997742,AUT,FALSE,TRUE,TRUE,636.3217662,-334.319904,182.3813607,-179.6887963,-0.259538133,179.6138423,7.226543901,8.009903953,-3.39105347,0.65781185,-0.859037191,-1.600172787,-51.33421211,74.72779541,68.64593582,-50.41110992,-64.21035827,84.41836853,-5.439265825,1,1
198.853111,13,1571997742,AUT,FALSE,TRUE,TRUE,636.3217662,-334.319904,182.3813607,-179.6887963,-0.259538133,179.6138423,4.380994722,7.566022492,-2.695316999,0.760137416,-0.041844381,-1.300959039,-51.33421211,74.72779541,68.64593582,-50.41110992,-64.21035827,84.41836853,-5.439265825,1,1
198.9536622,13,1571997742,AUT,FALSE,TRUE,TRUE,634.4445882,-279.1546906,192.9386833,-179.7568779,-0.156454314,179.5700194,0.414759457,5.523768385,-2.708912284,0.760137416,-0.041844381,-1.300959039,-51.28505859,72.25975113,69.80433769,-58.02587127,-63.71569335,83.42209053,1.787915038,1,1
199.054188,13,1571997742,AUT,FALSE,TRUE,TRUE,634.4445882,-279.1546906,192.9386833,-179.7568779,-0.156454314,179.5700194,0.414759457,5.523768385,-2.708912284,0.447632474,-0.026792089,-0.926997342,-51.28505859,72.25975113,69.80433769,-58.02587127,-63.71569335,83.42209053,1.787915038,1,1
199.154731,13,1571997742,AUT,FALSE,TRUE,TRUE,634.4445882,-279.1546906,192.9386833,-179.7568779,-0.156454314,179.5700194,0.414759457,5.523768385,-2.708912284,0.447632474,-0.026792089,-0.926997342,-50.50301399,69.86327247,70.76743698,-66.07751426,-63.18789367,81.64714966,10.10143433,1,1
199.2552991,13,1571997742,AUT,FALSE,TRUE,TRUE,628.6484157,-216.290019,198.2339212,-179.8244469,0.084650779,179.6080714,-9.042962531,5.106581755,-0.83726639,0.583183499,1.114599374,-0.628502615,-50.50301399,69.86327247,70.76743698,-66.07751426,-63.18789367,81.64714966,10.10143433,1,1
199.355823,13,1571997742,AUT,FALSE,TRUE,TRUE,628.6484157,-216.290019,198.2339212,-179.8244469,0.084650779,179.6080714,-9.042962531,5.106581755,-0.83726639,0.583183499,1.114599374,-0.628502615,-48.13403893,68.1586132,71.1907711,-71.37204895,-62.70043029,80.25340347,17.27970886,1,1
199.4563591,13,1571997743,AUT,FALSE,TRUE,TRUE,625.2693707,-155.0440751,200.4124766,-179.8848967,0.172417283,179.6863063,-10.59107675,1.42287436,0.73467389,0.16744839,1.167312541,-0.386827554,-48.13403893,68.1586132,71.1907711,-71.37204895,-62.70043029,80.25340347,17.27970886,1,1
199.556941,13,1571997743,AUT,FALSE,TRUE,TRUE,625.2693707,-155.0440751,200.4124766,-179.8848967,0.172417283,179.6863063,-10.59107675,1.42287436,0.73467389,0.16744839,1.167312541,-0.386827554,-44.50051689,67.71428833,70.79432602,-72.77866974,-62.48625732,79.45544586,21.96506538,1,1
199.6574521,13,1571997743,AUT,FALSE,TRUE,TRUE,630.1244126,-108.9170965,197.3722581,-179.8686186,0.167882466,179.7764239,-4.138478609,1.520630776,1.854115909,-0.224293728,0.47540122,-0.584090618,-44.50051689,67.71428833,70.79432602,-72.77866974,-62.48625732,79.45544586,21.96506538,1,1
199.7579942,13,1571997743,AUT,FALSE,TRUE,TRUE,635.274952,-76.64492546,183.7549914,-179.9065919,-0.254965075,179.9584524,-4.138478609,1.520630776,1.854115909,-0.224293728,0.47540122,-0.584090618,-40.96113396,68.33996315,69.49727669,-72.69153442,-62.56758361,78.57183609,24.94691276,1,1
199.8585851,13,1571997743,AUT,FALSE,TRUE,TRUE,635.274952,-76.64492546,183.7549914,-179.9065919,-0.254965075,179.9584524,3.429035014,-1.940646822,3.438893792,-0.212450701,0.61943551,-0.411081151,-40.96113396,68.33996315,69.49727669,-72.69153442,-62.56758361,78.57183609,24.94691276,1,1
199.9591081,13,1571997743,AUT,FALSE,TRUE,TRUE,635.274952,-76.64492546,183.7549914,-179.9065919,-0.254965075,179.9584524,3.429035014,-1.940646822,3.438893792,-0.212450701,0.61943551,-0.411081151,-40.96113396,68.33996315,69.49727669,-72.69153442,-62.56758361,78.57183609,24.94691276,1,1
200.0596662,13,1571997743,AUT,FALSE,TRUE,TRUE,635.9961749,-62.39015314,161.8748476,-179.8919676,-0.21447131,-179.952687,2.757531202,-1.273271248,-3.560819668,-0.574740473,0.294686117,-0.565809073,-39.37624626,69.34255142,67.98200111,-73.31431159,-63.26751708,76.45748634,26.66892356,1,1
200.1607261,13,1571997743,AUT,FALSE,TRUE,TRUE,635.9961749,-62.39015314,161.8748476,-179.8919676,-0.21447131,-179.952687,2.757531202,-1.273271248,-3.560819668,-0.574740473,0.294686117,-0.565809073,-39.25718536,69.74411888,68.30594329,-73.19223976,-63.67687316,76.63193893,26.67935028,1,1
200.261373,13,1571997743,AUT,FALSE,TRUE,TRUE,639.701146,-61.28754356,165.7220326,-179.8961321,0.26175783,179.9204079,-8.824573694,2.733488115,-2.33160533,-0.175214537,0.507091764,-0.471282368,-39.25718536,69.74411888,68.30594329,-73.19223976,-63.67687316,76.63193893,26.67935028,1,1
200.3622861,13,1571997743,AUT,FALSE,TRUE,TRUE,639.701146,-61.28754356,165.7220326,-179.8961321,0.26175783,179.9204079,-8.824573694,2.733488115,-2.33160533,-0.175214537,0.507091764,-0.471282368,-38.18237228,69.83567963,68.75585746,-69.4049057,-63.53087585,78.13994979,25.00924988,1,1
200.4628701,13,1571997744,AUT,FALSE,TRUE,TRUE,654.633289,-64.38649298,174.9585704,-179.9394888,0.48255126,-179.9551694,-14.31481864,5.42463466,2.29478752,0.846890824,1.021823703,-0.4059236,-38.18237228,69.83567963,68.75585746,-69.4049057,-63.53087585,78.13994979,25.00924988,1,1
200.5633812,13,1571997744,AUT,FALSE,TRUE,TRUE,654.633289,-64.38649298,174.9585704,-179.9394888,0.48255126,-179.9551694,-14.31481864,5.42463466,2.29478752,0.846890824,1.021823703,-0.4059236,-35.51546859,71.22623634,68.33038788,-64.20859566,-63.50574462,79.55222511,22.13159752,1,1
200.6639242,13,1571997744,AUT,FALSE,TRUE,TRUE,678.6537034,-68.06715807,175.5353755,-179.9775246,0.408060309,179.96773,-7.151762961,4.122248288,1.719391307,0.300474278,0.356358809,-0.389892628,-35.51546859,71.22623634,68.33038788,-64.20859566,-63.50574462,79.55222511,22.13159752,1,1
200.7644961,13,1571997744,AUT,FALSE,TRUE,TRUE,678.6537034,-68.06715807,175.5353755,-179.9775246,0.408060309,179.96773,-7.151762961,4.122248288,1.719391307,0.300474278,0.356358809,-0.389892628,-32.00260047,73.35295944,67.77685546,-57.0320652,-63.81089538,81.12153969,19.76115303,1,1
200.8650422,13,1571997744,AUT,FALSE,TRUE,TRUE,699.2731663,-68.42268977,171.8593191,-179.9674617,0.316197108,179.9499334,-0.232276654,0.379559027,-0.839987447,-0.518464839,-0.438828975,-0.140080217,-32.00260047,73.35295944,67.77685546,-57.0320652,-63.81089538,81.12153969,19.76115303,1,1
200.965661,13,1571997744,AUT,FALSE,TRUE,TRUE,718.6518073,-66.92407459,169.2402194,-179.9578207,-0.013772032,179.9952534,4.723527013,2.257506963,2.649488014,-0.518464839,-0.438828975,-0.140080217,-28.74038543,75.14957771,67.38751716,-50.71009254,-64.08849243,82.8171112,17.26187324,1,1
201.0662761,13,1571997744,AUT,FALSE,TRUE,TRUE,718.6518073,-66.92407459,169.2402194,-179.9578207,-0.013772032,179.9952534,4.723527013,2.257506963,2.649488014,-0.115358507,-0.980730507,-0.026166949,-28.74038543,75.14957771,67.38751716,-50.71009254,-64.08849243,82.8171112,17.26187324,1,1
201.16681,13,1571997744,AUT,FALSE,TRUE,TRUE,729.0671764,-64.74992633,161.8466555,-179.9347497,-0.064298985,179.9638687,5.167691664,3.810821769,-0.900631074,0.015600894,-0.824300527,-0.250393511,-26.76512947,76.50829811,66.93985863,-47.07646064,-64.31607421,83.11792373,15.97861862,1,1
201.2673922,13,1571997744,AUT,FALSE,TRUE,TRUE,729.0671764,-64.74992633,161.8466555,-179.9347497,-0.064298985,179.9638687,5.167691664,3.810821769,-0.900631074,0.015600894,-0.824300527,-0.250393511,-26.76512947,76.50829811,66.93985863,-47.07646064,-64.31607421,83.11792373,15.97861862,1,1
201.3679581,13,1571997744,AUT,FALSE,TRUE,TRUE,732.7536203,-49.56077192,165.4233478,-179.7033613,0.024613238,179.6869314,0.726090072,10.67244218,-4.78581359,0.738286438,-0.591858999,-1.275810276,-25.37020569,76.77816009,67.44714203,-46.14627227,-64.48588439,83.57879333,16.49609871,1,1
201.468513,13,1571997745,AUT,FALSE,TRUE,TRUE,732.7536203,-49.56077192,165.4233478,-179.7033613,0.024613238,179.6869314,0.726090072,10.67244218,-4.78581359,0.738286438,-0.591858999,-1.275810276,-25.37020569,76.77816009,67.44714203,-46.14627227,-64.48588439,83.57879333,16.49609871,1,1
201.5691121,13,1571997745,AUT,FALSE,TRUE,TRUE,731.8703771,-12.00585114,180.3881494,-179.7177824,0.083430696,179.683912,-6.850359731,7.038359764,0.172399364,0.465251654,0.700503443,-1.26081302,-23.41967239,75.84830131,68.14411811,-46.6105854,-64.40223999,84.43598099,19.64782905,1,1
201.6696751,13,1571997745,AUT,FALSE,TRUE,TRUE,731.8703771,-12.00585114,180.3881494,-179.7177824,0.083430696,179.683912,-6.850359731,7.038359764,0.172399364,0.465251654,0.700503443,-1.26081302,-23.41967239,75.84830131,68.14411811,-46.6105854,-64.40223999,84.43598099,19.64782905,1,1
201.7705302,13,1571997745,AUT,FALSE,TRUE,TRUE,730.5497742,26.70920004,185.6478446,-179.8149847,0.087660502,179.7500383,-8.065282002,9.374819873,1.378649376,0.517348857,0.454119353,-0.903344399,-19.91966171,75.1228878,68.25683098,-46.93362464,-64.09460632,84.87405052,22.89620132,1,1
201.8713381,13,1571997745,AUT,FALSE,TRUE,TRUE,730.5497742,26.70920004,185.6478446,-179.8149847,0.087660502,179.7500383,-8.065282002,9.374819873,1.378649376,0.517348857,0.454119353,-0.903344399,-19.91966171,75.1228878,68.25683098,-46.93362464,-64.09460632,84.87405052,22.89620132,1,1
201.972043,13,1571997745,AUT,FALSE,TRUE,TRUE,728.3508809,69.76933837,180.3148974,-179.8604896,-0.055934587,179.8855531,-2.616633628,1.382965104,4.633143587,0.194372149,0.623788334,-0.552822072,-16.35425491,75.44004936,67.88639603,-46.69032898,-64.09845703,84.64708671,26.24408913,1,1
202.0726831,13,1571997745,AUT,FALSE,TRUE,TRUE,727.9428863,90.3617029,169.919697,-179.8976766,-0.094230748,-179.9450812,0.665172076,0.490288448,1.554345341,0.043342298,0.074331818,-0.398530154,-14.2971199,76.17933311,67.28534088,-46.25205345,-64.26113708,84.01283913,27.7159687,1,1
202.1732531,13,1571997745,AUT,FALSE,TRUE,TRUE,727.9428863,90.3617029,169.919697,-179.8976766,-0.094230748,-179.9450812,0.665172076,0.490288448,1.554345341,0.043342298,0.074331818,-0.398530154,-14.2971199,76.17933311,67.28534088,-46.25205345,-64.26113708,84.01283913,27.7159687,1,1
202.273833,13,1571997745,AUT,FALSE,TRUE,TRUE,728.1330147,96.25890283,162.8217714,-179.89012,-0.281234414,-179.8509413,9.318374162,-1.123935347,-3.4042079,-0.161715163,-0.878797841,-0.507277393,-13.4577919,76.81468963,66.95176849,-45.77735137,-64.40291564,83.75212326,28.03179817,1,1
202.3743241,13,1571997745,AUT,FALSE,TRUE,TRUE,728.1330147,96.25890283,162.8217714,-179.89012,-0.281234414,-179.8509413,9.318374162,-1.123935347,-3.4042079,-0.161715163,-0.878797841,-0.507277393,-13.75649986,76.51955909,67.18908348,-46.56112289,-64.40853515,84.13437194,28.44454078,1,1
202.4748411,13,1571997746,AUT,FALSE,TRUE,TRUE,724.4030674,96.33346836,165.6670958,-179.8634352,-0.584528719,-179.7234021,12.33588305,-1.329943369,-3.272805224,0.196127396,-0.414874061,-0.593802251,-13.75649986,76.51955909,67.18908348,-46.56112289,-64.40853515,84.13437194,28.44454078,1,1
202.575387,13,1571997746,AUT,FALSE,TRUE,TRUE,724.4030674,96.33346836,165.6670958,-179.8634352,-0.584528719,-179.7234021,12.33588305,-1.329943369,-3.272805224,0.196127396,-0.414874061,-0.593802251,-15.35021782,75.15027466,67.62810058,-50.2690258,-64.05448974,84.11167831,30.2753643,1,1
202.6759131,13,1571997746,AUT,FALSE,TRUE,TRUE,707.4502703,97.1364379,173.8246098,-179.8303078,-0.87168509,-179.6345355,15.20122126,1.496719869,0.384318056,1.137321559,-0.350609976,-0.570728392,-15.35021782,75.15027466,67.62810058,-50.2690258,-64.05448974,84.11167831,30.2753643,1,1
202.7764342,13,1571997746,AUT,FALSE,TRUE,TRUE,707.4502703,97.1364379,173.8246098,-179.8303078,-0.87168509,-179.6345355,15.20122126,1.496719869,0.384318056,1.137321559,-0.350609976,-0.570728392,-19.10246773,72.70099639,68.05016098,-59.27935638,-63.53663818,81.92374076,34.59216728,1,1
202.8770721,13,1571997746,AUT,FALSE,TRUE,TRUE,682.0378805,98.04875788,174.4797412,-179.8775885,-0.770915211,-179.6595606,6.63047502,1.972582093,-0.026988649,0.853461397,0.315867935,-0.407623789,-19.10246773,72.70099639,68.05016098,-59.27935638,-63.53663818,81.92374076,34.59216728,1,1
202.9775581,13,1571997746,AUT,FALSE,TRUE,TRUE,643.7204186,95.56346003,169.6498972,-179.8389447,-0.450514175,-179.75633,-3.830693031,5.816052418,0.996293335,0.927284991,0.943991114,-0.740211642,-23.67011948,70.20531463,68.40463829,-69.75368385,-63.30922119,78.51629333,39.23703575,1,1
203.078073,13,1571997746,AUT,FALSE,TRUE,TRUE,643.7204186,95.56346003,169.6498972,-179.8389447,-0.450514175,-179.75633,-3.830693031,5.816052418,0.996293335,0.927284991,0.943991114,-0.740211642,-23.67011948,70.20531463,68.40463829,-69.75368385,-63.30922119,78.51629333,39.23703575,1,1
203.1786101,13,1571997746,AUT,FALSE,TRUE,TRUE,613.6704312,90.11329649,162.0682413,-179.8119489,-0.17041364,-179.8699045,-11.17512947,7.926953586,3.989040094,0.805904331,1.999588243,-1.060858763,-26.53520279,68.75305252,68.46544761,-75.99733086,-63.33715942,75.73745613,42.44603576,1,1
203.2791312,13,1571997746,AUT,FALSE,TRUE,TRUE,613.6704312,90.11329649,162.0682413,-179.8119489,-0.17041364,-179.8699045,-11.17512947,7.926953586,3.989040094,0.805904331,1.999588243,-1.060858763,-26.53520279,68.75305252,68.46544761,-75.99733086,-63.33715942,75.73745613,42.44603576,1,1
203.379652,13,1571997746,AUT,FALSE,TRUE,TRUE,606.5753762,87.82044792,155.9099823,-179.7500261,-0.110415898,-179.892794,-12.381399,10.27695409,2.817283517,1.30955855,2.338060273,-1.197028147,-28.22509231,68.23094444,68.08755913,-79.57469558,-63.60872497,74.25266075,43.09591827,1,1
203.4805031,13,1571997747,AUT,FALSE,TRUE,TRUE,607.7354179,90.78368154,151.7803738,-179.6936375,0.113860192,179.8552151,-5.798707188,11.6991196,-2.958678563,0.959670733,0.649698951,-1.488667328,-27.99876709,68.64603881,67.91080284,-79.54541016,-63.94641174,73.69306869,43.28260002,1,1
203.581321,13,1571997747,AUT,FALSE,TRUE,TRUE,607.7354179,90.78368154,151.7803738,-179.6936375,0.113860192,179.8552151,-5.798707188,11.6991196,-2.958678563,0.959670733,0.649698951,-1.488667328,-27.99876709,68.64603881,67.91080284,-79.54541016,-63.94641174,73.69306869,43.28260002,1,1
203.6820302,13,1571997747,AUT,FALSE,TRUE,TRUE,609.6968475,102.4262707,158.6233791,-179.6637733,0.12996769,179.7059803,-3.645310026,12.08375006,-3.748448094,0.920194997,0.155042791,-1.520642655,-26.94596786,68.77454453,68.73710518,-78.668787,-64.00190368,74.64919166,43.90287781,1,1
203.782547,13,1571997747,AUT,FALSE,TRUE,TRUE,611.4096879,120.7873147,169.2410293,-179.7132635,0.194313467,179.6863007,-5.946518718,9.099775736,-1.14370008,0.507353579,0.275386141,-1.29468357,-25.10426445,68.63991737,69.70368576,-77.42769928,-63.92054992,76.0228569,45.05610924,1,1
203.8830521,13,1571997747,AUT,FALSE,TRUE,TRUE,614.4790563,140.3287936,177.261527,-179.7295941,0.218719486,179.7191699,-5.961277366,7.869288295,1.108993188,0.710587246,0.407785809,-1.236984764,-22.70326423,68.46927909,69.96482734,-75.6896347,-63.52476745,77.05960579,45.94818878,1,1
203.9835491,13,1571997747,AUT,FALSE,TRUE,TRUE,618.4129094,162.0583688,182.1509172,-179.7508644,0.200209049,179.7246389,-4.922288922,10.5648321,1.884987162,0.710587246,0.407785809,-1.236984764,-19.85604057,68.51809959,69.73836136,-73.45408859,-63.06326477,77.86516456,46.71762314,1,1
204.0840912,13,1571997747,AUT,FALSE,TRUE,TRUE,618.4129094,162.0583688,182.1509172,-179.7508644,0.200209049,179.7246389,-4.922288922,10.5648321,1.884987162,1.12245098,0.534055204,-1.269149317,-19.85604057,68.51809959,69.73836136,-73.45408859,-63.06326477,77.86516456,46.71762314,1,1
204.1845682,13,1571997747,AUT,FALSE,TRUE,TRUE,623.0674803,189.6185076,182.8302253,-179.7602532,0.15283204,179.7622402,-3.181654656,3.582046024,1.825230985,-0.134234961,0.224033864,-1.141298516,-16.89364929,68.90742073,69.31355781,-71.09431114,-62.81786315,78.57043876,47.62798462,1,1
204.2851162,13,1571997747,AUT,FALSE,TRUE,TRUE,626.4107516,210.3264917,179.2430737,-179.8275674,0.030622834,179.8250381,-1.039482879,5.410200389,2.632864829,0.479609915,0.35459517,-0.889983615,-13.17344169,69.86472473,68.63064423,-68.05095062,-62.83167297,78.96782455,48.30817222,1,1
204.385648,13,1571997747,AUT,FALSE,TRUE,TRUE,626.4107516,210.3264917,179.2430737,-179.8275674,0.030622834,179.8250381,-1.039482879,5.410200389,2.632864829,0.479609915,0.35459517,-0.889983615,-13.17344169,69.86472473,68.63064423,-68.05095062,-62.83167297,78.96782455,48.30817222,1,1
204.486129,13,1571997748,AUT,FALSE,TRUE,TRUE,629.9671204,227.1841969,173.2927195,-179.8060082,0.003133305,179.8727784,-0.730741148,5.531619306,2.06873489,0.29528396,0.489627879,-0.917942092,-10.68447189,70.78944397,67.99303551,-65.84071426,-62.98598144,79.03738174,48.63826332,1,1
204.5866542,13,1571997748,AUT,FALSE,TRUE,TRUE,633.0460958,240.3752678,167.5561252,-179.8031445,-0.039399423,179.9148258,-0.04694187,7.372843747,0.887611621,0.839140969,0.387246646,-0.907746331,-8.687651819,71.68892898,67.5518898,-63.90809898,-63.2100476,79.14269256,48.82740669,1,1
204.68718,13,1571997748,AUT,FALSE,TRUE,TRUE,635.1504638,250.5651383,162.6319729,-179.9251175,-0.103159563,-179.9531718,1.928013101,-2.02481539,0.406246025,0.839140969,0.387246646,-0.907746331,-7.123349756,72.47350388,67.25695839,-62.3508728,-63.4936322,79.32007026,49.06786308,1,1
204.7876642,13,1571997748,AUT,FALSE,TRUE,TRUE,635.1504638,250.5651383,162.6319729,-179.9251175,-0.103159563,-179.9531718,1.928013101,-2.02481539,0.406246025,-0.949792305,0.15111786,-0.313993605,-7.123349756,72.47350388,67.25695839,-62.3508728,-63.4936322,79.32007026,49.06786308,1,1
204.8881991,13,1571997748,AUT,FALSE,TRUE,TRUE,637.7644129,256.7930501,153.9178234,-179.885507,-0.204718387,-179.8427338,3.302456745,1.707676538,1.321152481,-0.246243029,0.136290532,-0.507407338,-5.923666763,73.49231758,66.87831116,-60.97679214,-63.90221923,79.19448623,48.98789291,1,1
204.9887192,13,1571997748,AUT,FALSE,TRUE,TRUE,637.7644129,256.7930501,153.9178234,-179.885507,-0.204718387,-179.8427338,3.302456745,1.707676538,1.321152481,-0.246243029,0.136290532,-0.507407338,-5.923666763,73.49231758,66.87831116,-60.97679214,-63.90221923,79.19448623,48.98789291,1,1
205.0892072,13,1571997748,AUT,FALSE,TRUE,TRUE,636.7702594,257.6945805,147.3935681,-179.8546677,-0.32232419,-179.7456153,2.002587544,2.505449043,0.101043364,0.248312518,0.795249615,-0.66293212,-5.789681625,74.08610801,66.81711731,-61.04811401,-64.3462152,78.93724823,49.20222931,1,1
205.1897571,13,1571997748,AUT,FALSE,TRUE,TRUE,633.0885574,258.9074758,147.3354256,-179.8488886,-0.435374492,-179.7718159,6.264629015,4.676366256,-5.263088759,0.248312518,0.795249615,-0.66293212,-6.002802656,74.08895759,67.06867332,-61.77618141,-64.50713745,78.87129936,49.74669799,1,1
205.2905791,13,1571997748,AUT,FALSE,TRUE,TRUE,633.0885574,258.9074758,147.3354256,-179.8488886,-0.435374492,-179.7718159,6.264629015,4.676366256,-5.263088759,0.829495485,0.159400798,-0.548292381,-6.002802656,74.08895759,67.06867332,-61.77618141,-64.50713745,78.87129936,49.74669799,1,1
205.3912151,13,1571997748,AUT,FALSE,TRUE,TRUE,614.2023023,265.810627,158.3067772,-179.8962558,-0.534161722,-179.6455914,7.523844274,3.31920577,0.066362748,1.219247426,0.01613474,-0.346330614,-6.673037338,72.52785186,68.02190551,-65.3612709,-64.27142578,79.12763443,52.52852211,1,1
205.4920011,13,1571997749,AUT,FALSE,TRUE,TRUE,614.2023023,265.810627,158.3067772,-179.8962558,-0.534161722,-179.6455914,7.523844274,3.31920577,0.066362748,1.219247426,0.01613474,-0.346330614,-6.673037338,72.52785186,68.02190551,-65.3612709,-64.27142578,79.12763443,52.52852211,1,1
205.5925541,13,1571997749,AUT,FALSE,TRUE,TRUE,592.598719,270.3338008,163.6006691,-179.9024667,-0.521180301,-179.6471774,5.738974362,0.733025368,-0.325442206,0.695635495,0.103435028,-0.299562869,-7.7203125,70.8932476,68.46520042,-69.85023994,-63.84445312,78.29418754,55.52245102,1,1
205.6930511,13,1571997749,AUT,FALSE,TRUE,TRUE,570.8073376,271.2718547,165.5363563,-179.8634181,-0.46481679,-179.654279,3.087689854,5.300238728,0.339967781,1.236980906,0.490601266,-0.488523233,-9.010117719,69.32964248,68.72582359,-74.56934509,-63.47448852,77.0515274,58.29628258,1,1
205.7935801,13,1571997749,AUT,FALSE,TRUE,TRUE,548.7828496,270.1657987,166.0644459,-179.8573625,-0.402009089,-179.6964651,0.652572711,3.131370858,-0.335403053,0.681257832,0.391235371,-0.704640208,-10.41453781,67.84771385,68.98482628,-79.24912948,-63.19485351,75.6259346,60.97531242,1,1
205.8941031,13,1571997749,AUT,FALSE,TRUE,TRUE,548.7828496,270.1657987,166.0644459,-179.8573625,-0.402009089,-179.6964651,0.652572711,3.131370858,-0.335403053,0.681257832,0.391235371,-0.704640208,-10.41453781,67.84771385,68.98482628,-79.24912948,-63.19485351,75.6259346,60.97531242,1,1
205.9946072,13,1571997749,AUT,FALSE,TRUE,TRUE,527.5860245,267.3412854,165.9585424,-179.7947661,-0.342381528,-179.7095487,-1.167498036,4.504129004,0.403362003,0.699409003,0.662640534,-0.967392063,-11.84636879,66.41622963,69.26678352,-83.73522491,-62.99596801,74.20185585,63.39656181,1,1
206.095124,13,1571997749,AUT,FALSE,TRUE,TRUE,505.2695181,264.8792517,163.5018692,-179.7181927,-0.232630045,-179.8205777,-4.130996281,10.06775054,2.602001116,1.394203056,1.0479965,-1.425117997,-13.18432846,65.05138778,69.40783768,-88.3406044,-62.92556213,72.40477753,65.92952156,1,1
206.1956301,13,1571997749,AUT,FALSE,TRUE,TRUE,505.2695181,264.8792517,163.5018692,-179.7181927,-0.232630045,-179.8205777,-4.130996281,10.06775054,2.602001116,1.394203056,1.0479965,-1.425117997,-13.18432846,65.05138778,69.40783768,-88.3406044,-62.92556213,72.40477753,65.92952156,1,1
206.296138,13,1571997749,AUT,FALSE,TRUE,TRUE,492.1072173,264.0640738,159.4740081,-179.7662519,-0.276711036,-179.7984468,-4.163511158,8.703937827,4.230894558,1.248436247,1.517648554,-1.24329097,-13.67082023,64.46534958,69.27871742,-90.77374992,-62.98249328,71.30034599,67.54688072,1,1
206.3966432,13,1571997750,AUT,FALSE,TRUE,TRUE,485.6259736,263.5821022,153.7198745,-179.7471433,-0.154863111,-179.8396178,-6.762598046,9.680427524,3.387025252,1.180849052,2.058017015,-1.386146201,-13.80766182,64.30006714,68.80712929,-92.20561523,-63.29422485,70.18679924,68.45751686,1,1
213.000375,14,1571997756,AUT,FALSE,FALSE,TRUE,471.9122112,-400.0060741,169.8421875,-179.9965744,-0.018335715,179.9909586,-1.377112767,-1.138474815,4.500094151,-0.36358333,0.626885031,0.050463708,-76.41648331,67.58239059,68.72337913,-78.17984733,-62.832052,75.52777176,-6.024304963,0.5,1
213.1011171,14,1571997756,AUT,FALSE,TRUE,TRUE,471.6237333,-400.6932908,168.5644003,179.9472712,-0.011027693,-179.9371198,-4.013793891,-1.033539588,3.295432373,-0.441252212,0.5617214,0.112460872,-76.39451408,67.58387718,68.5168087,-78.17681236,-62.83237609,75.37236671,-6.024912644,1,1
213.202095,14,1571997756,AUT,FALSE,TRUE,TRUE,471.6237333,-400.6932908,168.5644003,179.9472712,-0.011027693,-179.9371198,-4.013793891,-1.033539588,3.295432373,-0.441252212,0.5617214,0.112460872,-75.86520653,67.58363342,68.86629066,-77.73794632,-62.83175537,75.29672584,-5.705780413,1,1
213.3026192,14,1571997756,AUT,FALSE,TRUE,TRUE,478.6929747,-397.7896238,172.4236062,179.9501983,0.544563312,-179.9064901,-15.03398211,-2.057235722,-3.085480393,-0.426866594,0.655906482,0.174386762,-75.86520653,67.58363342,68.86629066,-77.73794632,-62.83175537,75.29672584,-5.705780413,1,1
213.4031882,14,1571997757,AUT,FALSE,TRUE,TRUE,499.1855716,-391.0772973,187.0922484,179.962053,0.689815364,-179.6786471,-15.73674617,-6.231757463,1.322744906,-0.86621809,0.801790399,0.213818305,-73.35745697,67.59370651,69.89799957,-75.00148201,-62.82844299,77.29689674,-5.166131975,1,1
213.503669,14,1571997757,AUT,FALSE,TRUE,TRUE,521.812352,-386.361471,195.9589344,179.9461915,0.702252955,-179.8773912,-12.13861398,-4.438748046,0.801196566,-0.238498547,0.501716891,0.348335281,-70.21157684,68.17984428,70.28653793,-71.08212318,-62.6758374,79.18781891,-5.282377625,1,1
213.6042151,14,1571997757,AUT,FALSE,TRUE,TRUE,521.812352,-386.361471,195.9589344,179.9461915,0.702252955,-179.8773912,-12.13861398,-4.438748046,0.801196566,-0.238498547,0.501716891,0.348335281,-70.21157684,68.17984428,70.28653793,-71.08212318,-62.6758374,79.18781891,-5.282377625,1,1
213.7047331,14,1571997757,AUT,FALSE,TRUE,TRUE,555.7171593,-384.4753167,197.1703885,179.9314449,0.600204093,-179.8534869,-10.39998999,-0.87291337,2.168197699,0.203584861,0.973402481,0.343570164,-66.29648895,69.32594833,69.81854439,-66.00089493,-62.77385742,80.65130768,-6.310636144,1,1
213.805212,14,1571997757,AUT,FALSE,TRUE,TRUE,581.3049467,-385.8065642,192.3412023,179.9541423,0.481109192,-179.8616713,-10.39998999,-0.87291337,2.168197699,0.203584861,0.973402481,0.343570164,-60.78523178,71.53717689,68.5253334,-58.14743843,-62.95768066,82.13987617,-7.838731388,1,1
213.9057102,14,1571997757,AUT,FALSE,TRUE,TRUE,581.3049467,-385.8065642,192.3412023,179.9541423,0.481109192,-179.8616713,-3.193159655,-1.398538153,1.684191687,0.09611121,-0.159148326,0.079842936,-60.78523178,71.53717689,68.5253334,-58.14743843,-62.95768066,82.13987617,-7.838731388,1,1
214.0062201,14,1571997757,AUT,FALSE,TRUE,TRUE,607.2979273,-389.7642596,183.4327213,179.998528,0.313611136,-179.8727177,2.115512444,0.974460778,2.387220631,0.257016379,-0.499950403,-0.0604879,-56.19169006,73.93409156,67.44559021,-50.7082695,-63.321026,83.325634,-10.15267868,1,1
214.1067171,14,1571997757,AUT,FALSE,TRUE,TRUE,621.8695194,-393.7759968,176.1730712,-179.9250456,0.076739179,-179.9567154,8.810838516,1.803088863,-0.322466971,0.096022545,-1.715974311,-0.394127945,-53.32065696,75.74334068,66.95197792,-45.53732414,-63.69886779,84.27232246,-12.08993569,1,1
214.2072461,14,1571997757,AUT,FALSE,TRUE,TRUE,621.8695194,-393.7759968,176.1730712,-179.9250456,0.076739179,-179.9567154,8.810838516,1.803088863,-0.322466971,0.096022545,-1.715974311,-0.394127945,-51.51521186,76.93095932,66.90319862,-41.79101371,-63.97715148,85.15189133,-13.76244622,1,1
214.307791,14,1571997757,AUT,FALSE,TRUE,TRUE,630.1548325,-397.4729263,173.3052151,-179.7672175,-0.070105005,179.8668272,15.82076274,8.40438924,-2.942499082,0.799396389,-2.508830734,-1.023705939,-51.51521186,76.93095932,66.90319862,-41.79101371,-63.97715148,85.15189133,-13.76244622,1,1
214.408298,14,1571997758,AUT,FALSE,TRUE,TRUE,634.3279002,-394.4710764,177.4156689,-179.6119351,-0.227962653,179.7058444,18.23633731,12.76761534,-5.200876572,1.358652754,-2.580997165,-1.585703496,-50.57688674,77.06505089,67.17043419,-40.42192154,-64.03292358,86.00993728,-14.12320633,1,1
214.5088401,14,1571997758,AUT,FALSE,TRUE,TRUE,636.3072601,-383.8164685,186.6204985,-179.5886337,-0.350779006,179.6759587,11.31595127,9.459142238,-4.312578731,0.905236784,-0.828622444,-2.000520214,-50.33216286,76.25106354,67.64944153,-41.42814903,-63.96233093,86.64224166,-12.90037308,1,1
214.6094351,14,1571997758,AUT,FALSE,TRUE,TRUE,636.3072601,-383.8164685,186.6204985,-179.5886337,-0.350779006,179.6759587,11.31595127,9.459142238,-4.312578731,0.905236784,-0.828622444,-2.000520214,-50.33216286,76.25106354,67.64944153,-41.42814903,-63.96233093,86.64224166,-12.90037308,1,1
214.709954,14,1571997758,AUT,FALSE,TRUE,TRUE,638.0538426,-359.5456445,197.3680909,-179.5970141,-0.331844515,179.5946984,2.154751195,11.79632538,-2.121845315,1.471659465,0.720685724,-1.861176105,-50.49037971,74.70006179,68.32351456,-45.00576095,-63.58798278,86.66839942,-9.642339713,1,1
214.8113141,14,1571997758,AUT,FALSE,TRUE,TRUE,640.6399887,-315.0398445,203.2983959,-179.644849,-0.280719099,179.5411963,2.180954648,9.864060507,-0.875988581,1.110345227,0.480511263,-1.43800187,-50.38943596,72.8847187,69.16255073,-51.18790512,-63.19526,85.69724235,-3.704201894,1,1
214.912106,14,1571997758,AUT,FALSE,TRUE,TRUE,640.6399887,-315.0398445,203.2983959,-179.644849,-0.280719099,179.5411963,2.180954648,9.864060507,-0.875988581,1.110345227,0.480511263,-1.43800187,-50.38943596,72.8847187,69.16255073,-51.18790512,-63.19526,85.69724235,-3.704201894,1,1
215.0126202,14,1571997758,AUT,FALSE,TRUE,TRUE,639.7973127,-254.4223816,202.8429189,-179.7911609,-0.100117986,179.5444485,-2.789999877,5.049744556,-2.100804399,0.392934804,0.497392832,-0.816930126,-49.83552589,71.01683006,69.92312049,-59.19517364,-62.86911987,83.62176704,4.340633006,1,1
215.1131642,14,1571997758,AUT,FALSE,TRUE,TRUE,636.3269072,-203.8549494,201.9968916,-179.869615,0.074666933,179.6322468,-8.151976784,2.199735772,-1.40493286,0.244766286,0.8309912,-0.435948935,-48.78693237,69.58568573,70.44176101,-65.10615806,-62.70056213,81.93692436,10.83157883,1,1
215.2137001,14,1571997758,AUT,FALSE,TRUE,TRUE,636.3269072,-203.8549494,201.9968916,-179.869615,0.074666933,179.6322468,-8.151976784,2.199735772,-1.40493286,0.244766286,0.8309912,-0.435948935,-48.78693237,69.58568573,70.44176101,-65.10615806,-62.70056213,81.93692436,10.83157883,1,1
215.3142381,14,1571997758,AUT,FALSE,TRUE,TRUE,634.1802675,-163.2089205,201.5026287,-179.9011136,0.142248607,179.6934684,-10.19163052,3.109498754,0.24029593,0.364448333,1.223051799,-0.413283831,-47.18658485,68.57673912,70.61901169,-68.72676773,-62.46016479,80.84542236,15.64760399,1,1
215.4147911,14,1571997759,AUT,FALSE,TRUE,TRUE,634.7720638,-130.5549222,199.6092431,-179.8880763,0.099258492,179.7364719,-6.880014894,1.757428871,0.586605474,0.037791198,0.864616678,-0.582082771,-45.13555755,68.08811188,70.50515556,-70.50903854,-62.28493835,80.17449417,19.16150551,1,1
215.5153241,14,1571997759,AUT,FALSE,TRUE,TRUE,637.4628879,-103.4187083,194.4987599,-179.8892015,0.002361171,179.8110058,-4.614119026,0.197415841,1.143310268,-0.032957213,0.967112979,-0.494187977,-42.82765617,68.09765281,70.04368171,-71.18308411,-62.25567626,79.56975517,21.86851616,1,1
215.6158061,14,1571997759,AUT,FALSE,TRUE,TRUE,637.4628879,-103.4187083,194.4987599,-179.8892015,0.002361171,179.8110058,-4.614119026,0.197415841,1.143310268,-0.032957213,0.967112979,-0.494187977,-40.65982704,68.50676994,69.21565933,-71.13301391,-62.30615295,78.7607975,23.63767548,1,1
215.7163382,14,1571997759,AUT,FALSE,TRUE,TRUE,641.5711383,-82.71440804,185.7171595,-179.8580266,-0.048117966,179.8385123,0.220370687,1.162101453,1.118206913,-0.294367937,0.088276115,-0.733911776,-40.65982704,68.50676994,69.21565933,-71.13301391,-62.30615295,78.7607975,23.63767548,1,1
215.8168721,14,1571997759,AUT,FALSE,TRUE,TRUE,644.0124046,-66.16117471,174.8044551,-179.8208019,-0.207988694,179.9314542,0.866497255,2.178458822,2.183795323,0.011917646,0.615377754,-0.64920199,-38.84506416,69.17746468,68.41114082,-71.12357254,-62.60718933,77.98515586,25.1675148,1,1
215.9173572,14,1571997759,AUT,FALSE,TRUE,TRUE,645.1603929,-54.84744391,163.2853436,-179.8916982,-0.269449899,179.99338,1.898944164,0.160919524,0.767914256,-0.317477493,0.715872017,-0.719093342,-37.61359291,69.92363891,67.70469246,-71.27106743,-63.05347045,77.08166771,26.41612473,1,1
216.0179131,14,1571997759,AUT,FALSE,TRUE,TRUE,646.2223826,-49.05995194,157.3613529,-179.8611937,-0.100315502,179.985394,-0.550776382,0.772550094,-4.658635415,-0.283835296,0.402922048,-0.681097457,-37.05102081,70.44787559,67.52195892,-71.37840729,-63.53513305,76.53549614,27.07547951,1,1
216.1184392,14,1571997759,AUT,FALSE,TRUE,TRUE,646.2223826,-49.05995194,157.3613529,-179.8611937,-0.100315502,179.985394,-0.550776382,0.772550094,-4.658635415,-0.283835296,0.402922048,-0.681097457,-37.05102081,70.44787559,67.52195892,-71.37840729,-63.53513305,76.53549614,27.07547951,1,1
216.21895,14,1571997759,AUT,FALSE,TRUE,TRUE,650.2418745,-48.24402209,163.2559563,-179.9505816,0.261855027,179.9942002,-6.646301225,0.133588388,-5.592974353,-0.442675263,-0.106036616,-0.253341073,-36.7939888,70.4206192,68.02105064,-70.70966949,-63.74853698,76.96338958,27.01976166,1,1
216.31953,14,1571997759,AUT,FALSE,TRUE,TRUE,662.1080832,-55.55311377,178.9267785,-179.9731008,0.45961089,-179.9245226,-12.30859221,2.924188489,1.368840261,0.479332888,0.553043159,-0.265995903,-36.11748504,70.1782402,68.69117546,-67.52836189,-63.38888305,78.90194091,25.06890221,1,1
216.4201131,14,1571997760,AUT,FALSE,TRUE,TRUE,662.1080832,-55.55311377,178.9267785,-179.9731008,0.45961089,-179.9245226,-12.30859221,2.924188489,1.368840261,0.479332888,0.553043159,-0.265995903,-36.11748504,70.1782402,68.69117546,-67.52836189,-63.38888305,78.90194091,25.06890221,1,1
216.5208132,14,1571997760,AUT,FALSE,TRUE,TRUE,675.4462869,-62.77232664,185.8753584,-179.9547779,0.429567228,-179.9492885,-9.797651172,4.339563907,2.505994866,0.609887856,0.569481306,-0.406080657,-34.88492889,70.56210251,68.53206939,-63.6694107,-63.00191711,80.32851562,22.78122596,1,1
216.621484,14,1571997760,AUT,FALSE,TRUE,TRUE,690.3429044,-66.91382806,185.9897552,-179.9373911,0.414396972,179.9594451,-8.523701864,4.176451637,1.94028324,0.324390255,0.250968808,-0.325498027,-33.1085083,71.61073379,68.1370697,-59.39604835,-62.99266662,81.35604629,20.65093231,1,1
216.7220831,14,1571997760,AUT,FALSE,TRUE,TRUE,704.9503582,-68.21962853,183.0563689,-179.9515304,0.32804199,179.9117797,-7.951952757,8.439841116,1.749555144,0.88850506,0.673849259,-0.178644339,-31.03272743,72.95633239,67.77475433,-54.97076912,-63.22046264,82.28957519,18.81363373,1,1
216.822571,14,1571997760,AUT,FALSE,TRUE,TRUE,704.9503582,-68.21962853,183.0563689,-179.9515304,0.32804199,179.9117797,-7.951952757,8.439841116,1.749555144,0.88850506,0.673849259,-0.178644339,-28.90438385,74.29565849,67.41324921,-50.92803383,-63.4759552,83.14257774,17.32990951,1,1
216.923079,14,1571997760,AUT,FALSE,TRUE,TRUE,717.3127828,-67.08912527,178.5963308,179.9928149,0.135336364,179.9139581,-0.697351761,6.237584246,1.647320619,0.791046514,0.288266664,-0.058169638,-28.90438385,74.29565849,67.41324921,-50.92803383,-63.4759552,83.14257774,17.32990951,1,1
217.0235891,14,1571997760,AUT,FALSE,TRUE,TRUE,725.9827028,-64.81136422,172.6271935,179.9921135,-0.085737251,179.9630038,7.967967675,1.20461927,2.847282593,-0.208876546,-0.865391507,-0.063579943,-27.16403274,75.45815963,67.04093627,-47.89966277,-63.70964538,83.62478485,16.2799633,1,1
217.1240962,14,1571997760,AUT,FALSE,TRUE,TRUE,729.4563213,-61.17566059,164.2587185,-179.9174743,-0.392295421,179.9854928,13.43563067,2.804773918,1.575384093,0.030796502,-1.145339781,-0.297788805,-26.12012557,76.38921661,66.70148277,-46.50606422,-63.89286987,83.64316635,15.944664,1,1
217.2246301,14,1571997760,AUT,FALSE,TRUE,TRUE,730.0522045,-56.00927993,160.29396,-179.8651219,-0.218869644,179.9210622,5.153845406,2.727502466,-7.468747317,-0.021911003,-0.353862793,-0.659487498,-25.82463112,76.73154373,66.73937874,-46.73177833,-64.15929931,83.16959381,16.41065254,1,1
217.325211,14,1571997760,AUT,FALSE,TRUE,TRUE,730.0522045,-56.00927993,160.29396,-179.8651219,-0.218869644,179.9210622,5.153845406,2.727502466,-7.468747317,-0.021911003,-0.353862793,-0.659487498,-25.82463112,76.73154373,66.73937874,-46.73177833,-64.15929931,83.16959381,16.41065254,1,1
217.425698,14,1571997761,AUT,FALSE,TRUE,TRUE,729.9609183,-50.22778747,170.7937491,-179.7812868,-0.009336726,179.8735742,-2.682386944,5.497339261,-7.78525111,0.276020975,0.09752668,-1.033036487,-25.65885773,76.11303749,67.43843879,-46.97879219,-64.26519653,83.76839676,16.90675049,1,1
217.526196,14,1571997761,AUT,FALSE,TRUE,TRUE,728.9382687,-39.11803174,188.1107599,-179.69988,0.024746215,179.7775989,-5.519503661,8.715214054,-2.204498256,0.941484928,0.737020976,-1.40432983,-25.09205589,74.95668182,68.2831707,-47.10451698,-64.00249145,85.0584938,17.72466888,1,1
217.6267252,14,1571997761,AUT,FALSE,TRUE,TRUE,727.2897077,-18.85131834,199.5298428,-179.7088987,0.020751552,179.7338893,-5.503911848,7.760469719,1.360580822,0.919113777,0.876114269,-1.433788254,-23.84742851,73.95481796,68.59585189,-47.54243202,-63.52400939,85.76327018,19.43408661,1,1
217.7271941,14,1571997761,AUT,FALSE,TRUE,TRUE,727.2897077,-18.85131834,199.5298428,-179.7088987,0.020751552,179.7338893,-5.503911848,7.760469719,1.360580822,0.919113777,0.876114269,-1.433788254,-23.84742851,73.95481796,68.59585189,-47.54243202,-63.52400939,85.76327018,19.43408661,1,1
217.8277402,14,1571997761,AUT,FALSE,TRUE,TRUE,725.1676828,8.538906214,201.6503014,-179.7113271,0.002150044,179.7355287,-8.69560106,9.989208739,2.188725775,1.481439102,1.762447768,-1.219201006,-22.05002403,73.52130775,68.52431373,-48.23764686,-63.22592285,85.7227272,21.85918464,1,1
217.9282391,14,1571997761,AUT,FALSE,TRUE,TRUE,723.8316114,38.53017448,198.2851138,-179.799662,0.024059795,179.7328334,-10.04801338,8.570121137,2.193429775,0.881254575,1.747692896,-0.916943085,-19.84643783,73.62342567,68.36044921,-48.57678451,-63.22190185,85.32965011,24.45972061,1,1
218.0287292,14,1571997761,AUT,FALSE,TRUE,TRUE,723.8316114,38.53017448,198.2851138,-179.799662,0.024059795,179.7328334,-10.04801338,8.570121137,2.193429775,0.881254575,1.747692896,-0.916943085,-19.84643783,73.62342567,68.36044921,-48.57678451,-63.22190185,85.32965011,24.45972061,1,1
218.1293061,14,1571997761,AUT,FALSE,TRUE,TRUE,722.9396135,66.64536703,191.2106613,-179.7966715,-0.058260472,179.8182418,-0.51282206,1.738577396,1.926567567,-0.057227432,0.16603048,-0.828774556,-17.39914398,74.12042656,67.95163421,-48.34080162,-63.31390136,84.89990959,26.56957626,1,1
218.2300372,14,1571997761,AUT,FALSE,TRUE,TRUE,721.6536932,87.36830345,182.2323297,-179.8199458,-0.140579368,179.9063946,0.294454902,2.599471305,2.498996575,0.021193404,0.390525623,-0.636285592,-15.45889663,74.73846931,67.4858242,-48.19432296,-63.44584716,84.32110519,28.20346298,1,1
218.3308871,14,1571997761,AUT,FALSE,TRUE,TRUE,721.6536932,87.36830345,182.2323297,-179.8199458,-0.140579368,179.9063946,0.294454902,2.599471305,2.498996575,0.021193404,0.390525623,-0.636285592,-15.45889663,74.73846931,67.4858242,-48.19432296,-63.44584716,84.32110519,28.20346298,1,1
218.431627,14,1571997762,AUT,FALSE,TRUE,TRUE,720.6507722,101.94556,169.7158543,-179.9279503,-0.160248458,-179.8619083,3.32926458,-3.578057897,-0.801705932,-0.334844195,-0.216256347,-0.367599833,-14.02818489,75.54610863,66.80512161,-48.15929374,-63.71333129,83.42927971,29.52299995,1,1
218.532279,14,1571997762,AUT,FALSE,TRUE,TRUE,721.4594712,101.8292264,166.3172964,-179.972801,-0.134601517,-179.8210891,4.671372992,-0.286866745,-3.929033429,0.101261141,-0.668153341,-0.287874395,-13.88118095,75.86618156,66.66512489,-47.98927688,-63.87107299,83.20174255,29.52057609,1,1
218.6327651,14,1571997762,AUT,FALSE,TRUE,TRUE,719.8782329,98.9213371,171.2231715,-179.8662144,-0.386911291,-179.7705077,8.489019112,2.581572805,-4.368220064,0.788629756,-0.458034364,-0.428355273,-14.24579315,75.57643089,67.00728378,-48.20382614,-63.85988891,83.79858856,29.32583313,1,1
218.7332711,14,1571997762,AUT,FALSE,TRUE,TRUE,719.8782329,98.9213371,171.2231715,-179.8662144,-0.386911291,-179.7705077,8.489019112,2.581572805,-4.368220064,0.788629756,-0.458034364,-0.428355273,-15.01581116,74.70192261,67.49386825,-49.8201828,-63.61788208,84.24844093,30.08908081,1,1
218.8337991,14,1571997762,AUT,FALSE,TRUE,TRUE,713.3530305,99.17612822,178.6921029,-179.8442242,-0.630172006,-179.7511555,11.73104126,2.161660948,-1.2203211,0.890755589,-0.315311449,-0.76006255,-15.01581116,74.70192261,67.49386825,-49.8201828,-63.61788208,84.24844093,30.08908081,1,1
218.9342871,14,1571997762,AUT,FALSE,TRUE,TRUE,700.8312345,101.0470113,182.9966373,-179.869564,-0.717570811,-179.7094076,11.44234253,-0.987050642,-0.852660626,0.761410145,0.038178827,-0.557573874,-16.36599998,73.43434066,67.77210388,-53.48430519,-63.21410156,83.75909958,31.97426948,1,1
219.0348601,14,1571997762,AUT,FALSE,TRUE,TRUE,684.9110688,102.0231623,183.9876007,-179.9051304,-0.657177065,-179.6831351,6.692461877,-3.280026402,0.239996378,0.079826121,0.191516971,-0.385133457,-18.33396721,72.10512543,67.95374221,-58.22691421,-62.85599121,82.5715805,34.27753257,1,1
219.13538,14,1571997762,AUT,FALSE,TRUE,TRUE,666.4554894,99.36192426,183.4814297,-179.8925298,-0.589870489,-179.6883585,3.176376703,-1.549211493,-1.076557677,0.352225357,0.46147483,-0.377930887,-20.81190948,70.63783264,68.16086883,-63.54476051,-62.5196173,81.05333862,36.51127281,1,1
219.2359202,14,1571997762,AUT,FALSE,TRUE,TRUE,666.4554894,99.36192426,183.4814297,-179.8925298,-0.589870489,-179.6883585,3.176376703,-1.549211493,-1.076557677,0.352225357,0.46147483,-0.377930887,-20.81190948,70.63783264,68.16086883,-63.54476051,-62.5196173,81.05333862,36.51127281,1,1
219.3364651,14,1571997762,AUT,FALSE,TRUE,TRUE,646.7044233,94.89527898,181.473654,-179.8412798,-0.462485738,-179.7687012,-2.570168559,6.394188794,1.095899459,1.261056934,1.044320394,-0.748732557,-23.49403953,69.22178764,68.38511696,-69.02985306,-62.2744519,79.27476539,38.57853584,1,1
219.4370012,14,1571997763,AUT,FALSE,TRUE,TRUE,628.0414398,91.39341349,176.3371885,-179.8459634,-0.359038123,-179.8616808,-8.250171246,6.534851653,5.197925119,1.161788975,1.874157543,-0.882636275,-25.78882942,68.15298271,68.44695625,-73.88290558,-62.21786682,77.38261757,40.49770317,1,1
219.5374832,14,1571997763,AUT,FALSE,TRUE,TRUE,614.6887944,88.46240501,167.5762526,-179.8275775,-0.242937851,-179.8947186,-9.207688641,7.349383326,3.949759579,0.64554674,2.132367604,-1.053190527,-27.35353317,67.67754249,68.12849006,-77.38219184,-62.46975585,75.55963211,41.86074943,1,1
219.638005,14,1571997763,AUT,FALSE,TRUE,TRUE,614.6887944,88.46240501,167.5762526,-179.8275775,-0.242937851,-179.8947186,-9.207688641,7.349383326,3.949759579,0.64554674,2.132367604,-1.053190527,-27.35353317,67.67754249,68.12849006,-77.38219184,-62.46975585,75.55963211,41.86074943,1,1
219.7385302,14,1571997763,AUT,FALSE,TRUE,TRUE,607.9243767,86.72389456,158.7254618,-179.7964523,-0.070543822,-179.9296151,-10.74481402,7.719206568,0.301950735,0.687468963,2.075721157,-1.078328529,-28.13648414,67.74683876,67.71303177,-79.31290169,-62.95488464,74.15057373,42.67798462,1,1
219.8390141,14,1571997763,AUT,FALSE,TRUE,TRUE,608.9748733,89.48266831,159.5484883,-179.7317227,0.090119695,179.8770662,-4.824233891,9.275633209,-4.309465717,0.66457785,0.274498881,-1.274336298,-28.04393806,67.99768409,68.06205711,-79.19042473,-63.25523986,74.20853004,42.83087311,1,1
219.9395142,14,1571997763,AUT,FALSE,TRUE,TRUE,608.9748733,89.48266831,159.5484883,-179.7317227,0.090119695,179.8770662,-4.824233891,9.275633209,-4.309465717,0.66457785,0.274498881,-1.274336298,-28.04393806,67.99768409,68.06205711,-79.19042473,-63.25523986,74.20853004,42.83087311,1,1
220.0401592,14,1571997763,AUT,FALSE,TRUE,TRUE,611.2907447,98.6181058,169.0039276,-179.6961244,0.168080231,179.7463296,-3.670804887,9.399877987,-2.585185771,0.407008455,-0.012704632,-1.541959329,-27.25478324,67.9185585,69.05073738,-78.29462699,-63.22413208,75.36983986,43.21062927,1,1
220.140758,14,1571997763,AUT,FALSE,TRUE,TRUE,612.9943787,113.3345485,178.3671775,-179.6910578,0.168980727,179.7082984,-4.669407836,10.87557313,0.184240354,1.023085583,0.238387151,-1.448239917,-25.72361869,67.71828804,69.77976608,-77.16666756,-62.98463012,76.53052139,43.99287643,1,1
220.2417161,14,1571997763,AUT,FALSE,TRUE,TRUE,615.6839092,132.236044,184.0979491,-179.7689108,0.234955172,179.6949094,-5.95607381,7.168012492,0.653547885,0.218478021,0.360953134,-1.357210894,-23.47203941,67.6340332,69.85740166,-75.66574974,-62.675354,77.25632286,44.98222618,1,1
220.342324,14,1571997763,AUT,FALSE,TRUE,TRUE,619.7906565,152.5807643,187.4592617,-179.7168458,0.19934796,179.6825716,-5.091562649,8.458345973,-0.20971786,0.44019031,0.36781103,-1.330690846,-20.78845711,67.81122208,69.60333595,-73.57451934,-62.33671691,77.95039101,45.65459976,1,1
220.4428232,14,1571997764,AUT,FALSE,TRUE,TRUE,619.7906565,152.5807643,187.4592617,-179.7168458,0.19934796,179.6825716,-5.091562649,8.458345973,-0.20971786,0.44019031,0.36781103,-1.330690846,-20.78845711,67.81122208,69.60333595,-73.57451934,-62.33671691,77.95039101,45.65459976,1,1
220.5433671,14,1571997764,AUT,FALSE,TRUE,TRUE,624.1055349,173.6466116,189.1109367,-179.7475162,0.165668938,179.6697119,-3.017016397,7.840821305,0.541667457,0.441329607,0.194455517,-1.33165184,-17.89587708,68.26894684,69.34000396,-71.20941696,-62.2108081,78.64547882,46.38092308,1,1
220.6438782,14,1571997764,AUT,FALSE,TRUE,TRUE,626.8171855,196.5577483,188.7778755,-179.7604969,0.067559051,179.6511979,-1.783735836,3.451484757,0.760101115,-0.182432514,0.133656703,-1.200108646,-14.90778122,68.90919571,69.07717323,-68.87682037,-62.20939086,79.25877342,47.24260826,1,1
220.7443962,14,1571997764,AUT,FALSE,TRUE,TRUE,626.8171855,196.5577483,188.7778755,-179.7604969,0.067559051,179.6511979,-1.783735836,3.451484757,0.760101115,-0.182432514,0.133656703,-1.200108646,-14.90778122,68.90919571,69.07717323,-68.87682037,-62.20939086,79.25877342,47.24260826,1,1
220.844974,14,1571997764,AUT,FALSE,TRUE,TRUE,628.7830182,222.9916856,184.7520532,-179.8316525,0.017779288,179.7564765,-1.353188987,4.203532726,1.497555769,0.293751063,0.332230607,-0.887385102,-11.3991291,69.7747158,68.45366821,-66.27910309,-62.31405761,79.63131294,48.37015228,1,1
220.945492,14,1571997764,AUT,FALSE,TRUE,TRUE,631.1140244,239.7160405,179.2005533,-179.9219217,0.01111733,179.8988185,-1.509658225,2.020798324,2.021388254,-0.259806702,0.524541616,-0.605129167,-8.954846188,70.58218689,67.78762207,-64.26580009,-62.4586267,79.71248817,48.92544594,1,1
221.0459991,14,1571997764,AUT,FALSE,TRUE,TRUE,635.0778297,250.0055099,172.0368288,-179.902661,-0.065870983,179.9906252,-0.520052535,0.733823531,2.311606809,-0.495974352,0.487696366,-0.401596281,-7.125605387,71.52732009,67.11862335,-62.27361488,-62.60379455,79.70828247,48.78466644,1,1
221.1465132,14,1571997764,AUT,FALSE,TRUE,TRUE,635.0778297,250.0055099,172.0368288,-179.902661,-0.065870983,179.9906252,-0.520052535,0.733823531,2.311606809,-0.495974352,0.487696366,-0.401596281,-5.820615,72.60803146,66.72875289,-60.63265914,-63.01315612,79.63319091,48.62352791,1,1
221.247087,14,1571997764,AUT,FALSE,TRUE,TRUE,638.8563436,256.980087,163.5811458,-179.9172547,-0.146578901,-179.9439176,1.960426444,1.946255859,2.762721218,-0.146649595,0.233748122,-0.453381674,-5.820615,72.60803146,66.72875289,-60.63265914,-63.01315612,79.63319091,48.62352791,1,1
221.3475642,14,1571997764,AUT,FALSE,TRUE,TRUE,640.2597085,262.3700891,154.9089138,-179.8810728,-0.203246871,-179.8726958,2.267802023,2.080249892,2.033371352,-0.149408803,0.348291484,-0.644865987,-4.967533488,73.60829201,66.58029327,-59.72735481,-63.59133911,79.41957893,48.7059597,1,1
221.4480872,14,1571997765,AUT,FALSE,TRUE,TRUE,640.475071,264.0273018,147.5423956,-179.9385335,-0.263589871,-179.7634484,4.316656093,0.424678482,-1.983418562,-0.110280304,0.034184301,-0.375427324,-4.634091563,74.34369278,66.48630867,-59.45485611,-64.11365112,79.16902542,48.89393921,1,1
221.5486062,14,1571997765,AUT,FALSE,TRUE,TRUE,639.2133567,263.2206897,148.0274006,-179.9196286,-0.382735154,-179.7189915,5.940914634,1.660106564,-5.040489131,0.323747541,0.068199964,-0.367160664,-4.825662231,74.40217781,66.73241272,-59.72626647,-64.28955322,79.32958717,49.03213005,1,1
221.6491282,14,1571997765,AUT,FALSE,TRUE,TRUE,639.2133567,263.2206897,148.0274006,-179.9196286,-0.382735154,-179.7189915,5.940914634,1.660106564,-5.040489131,0.323747541,0.068199964,-0.367160664,-4.825662231,74.40217781,66.73241272,-59.72626647,-64.28955322,79.32958717,49.03213005,1,1
221.7496681,14,1571997765,AUT,FALSE,TRUE,TRUE,629.8403091,265.8716382,157.8566867,-179.9125812,-0.456230599,-179.7329824,7.163333513,2.7292733,-4.553548283,0.819760076,-0.273744797,-0.391990868,-5.411085888,73.39192314,67.54815444,-61.63091469,-64.13950195,79.78148918,50.33866882,1,1
221.8504672,14,1571997765,AUT,FALSE,TRUE,TRUE,614.7693653,269.5899723,167.4769608,-179.9061684,-0.599895573,-179.667435,7.878119574,0.189893324,-1.718275947,0.536228711,-0.139673127,-0.266582874,-6.133055875,71.95384369,68.16961669,-64.58373756,-63.64733093,79.88014984,52.34971275,1,1
221.9510882,14,1571997765,AUT,FALSE,TRUE,TRUE,614.7693653,269.5899723,167.4769608,-179.9061684,-0.599895573,-179.667435,7.878119574,0.189893324,-1.718275947,0.536228711,-0.139673127,-0.266582874,-6.133055875,71.95384369,68.16961669,-64.58373756,-63.64733093,79.88014984,52.34971275,1,1
222.0517442,14,1571997765,AUT,FALSE,TRUE,TRUE,594.3696838,272.7981347,171.9268994,-179.9176334,-0.606701333,-179.6508198,5.023263595,2.399450589,1.683605101,0.871361898,0.434894339,-0.280939064,-7.224980163,70.28577919,68.44931831,-68.97632217,-63.04811462,78.98164673,55.07089576,1,1
222.1523321,14,1571997765,AUT,FALSE,TRUE,TRUE,569.7293795,273.6806301,170.3854862,-179.9416611,-0.547564518,-179.625453,4.037188566,1.762182264,2.149944702,0.937874746,0.534575892,-0.268046486,-8.622018813,68.68923568,68.46227531,-74.33024139,-62.65402954,77.2192234,58.29112587,1,1
222.252866,14,1571997765,AUT,FALSE,TRUE,TRUE,545.1554263,271.7203988,166.2110818,-179.8618582,-0.483383892,-179.6563091,1.27315346,5.937137924,1.532763543,1.35702037,0.555178445,-0.48055912,-10.20722579,67.28401222,68.48640403,-79.75682831,-62.55707519,75.20003586,61.27430191,1,1
222.3533831,14,1571997765,AUT,FALSE,TRUE,TRUE,545.1554263,271.7203988,166.2110818,-179.8618582,-0.483383892,-179.6563091,1.27315346,5.937137924,1.532763543,1.35702037,0.555178445,-0.48055912,-11.72430725,66.00470238,68.54516716,-84.68789406,-62.59645568,73.21900863,63.99035224,1,1
222.453932,14,1571997766,AUT,FALSE,TRUE,TRUE,522.101121,268.283885,161.9767513,-179.8591981,-0.37945198,-179.7387379,-3.88026577,5.592376225,0.720846088,0.650413507,1.367050477,-0.804933356,-11.72430725,66.00470238,68.54516716,-84.68789406,-62.59645568,73.21900863,63.99035224,1,1
222.5544171,14,1571997766,AUT,FALSE,TRUE,TRUE,505.4845914,264.337537,158.4902948,-179.793313,-0.292384828,-179.7646662,-5.61728991,8.19380054,2.51645609,1.041253395,1.622190586,-1.028342476,-12.90858879,65.01973343,68.53583907,-88.36875686,-62.71313049,71.68891182,65.85203704,1,1
222.6549191,14,1571997766,AUT,FALSE,TRUE,TRUE,495.8249283,261.9078054,155.9926363,-179.7594791,-0.222048694,-179.8682459,-5.990509178,11.55723838,1.99821345,1.404515842,1.862929768,-1.361519917,-13.61733055,64.48125229,68.50906677,-90.48082008,-62.82557006,70.68136253,66.92541847,1,1
222.7554231,14,1571997766,AUT,FALSE,TRUE,TRUE,490.0664304,263.2143906,154.4019064,-179.7047765,-0.288054955,-179.9364265,-2.649089929,10.81394417,2.119696253,1.164040221,1.601784983,-1.451666742,-13.68976478,64.32827797,68.52192421,-91.40338325,-62.87639831,70.25963172,67.61157989,1,1
229.6308842,15,1571997773,AUT,FALSE,FALSE,TRUE,471.9404724,-399.9855098,169.8963543,-179.9960007,-0.014957299,179.9958023,-1.906982925,0.444729553,4.246231873,-0.010412999,0.83126917,0.046717888,-76.37496872,67.47988128,68.5837532,-78.18240509,-62.69453613,75.43503341,-6.068178181,0.5,1
229.7315731,15,1571997773,AUT,FALSE,TRUE,TRUE,470.8541606,-400.5035842,167.180042,179.9361409,-0.191578385,179.9270245,-3.042848949,-0.582050182,6.160137829,-0.187346897,1.002353305,0.20523609,-76.36461754,67.60029488,68.34604683,-78.17941131,-62.69562377,75.38152656,-6.085454181,1,1
229.8322291,15,1571997773,AUT,FALSE,TRUE,TRUE,478.0287291,-399.4135169,165.0945792,179.955651,0.628276286,179.9581436,-12.81362439,-0.291270453,-6.945924531,-0.348923635,0.207673236,0.07978143,-75.89434776,68.10314254,68.40054588,-77.73449936,-63.04196777,74.68114128,-5.8824543,1,1
229.9327581,15,1571997773,AUT,FALSE,TRUE,TRUE,478.0287291,-399.4135169,165.0945792,179.955651,0.628276286,179.9581436,-12.81362439,-0.291270453,-6.945924531,-0.348923635,0.207673236,0.07978143,-75.89434776,68.10314254,68.40054588,-77.73449936,-63.04196777,74.68114128,-5.8824543,1,1
230.0333071,15,1571997773,AUT,FALSE,TRUE,TRUE,505.0592674,-394.247731,182.8523985,179.9207268,0.789093685,-179.9237084,-18.79657306,-3.194078153,-0.104531028,-0.095362996,1.43875414,0.320887845,-73.50352363,68.45811081,69.86989174,-73.54749984,-63.19015136,77.53174667,-5.634122088,1,1
230.1337821,15,1571997773,AUT,FALSE,TRUE,TRUE,505.0592674,-394.247731,182.8523985,179.9207268,0.789093685,-179.9237084,-18.79657306,-3.194078153,-0.104531028,-0.095362996,1.43875414,0.320887845,-73.50352363,68.45811081,69.86989174,-73.54749984,-63.19015136,77.53174667,-5.634122088,1,1
230.2342932,15,1571997773,AUT,FALSE,TRUE,TRUE,545.3345314,-391.5349218,192.9050005,179.9584779,0.634511682,-179.7924669,-6.838641696,-5.607803448,3.726011932,0.037531243,0.305613312,0.181356927,-67.78573036,69.48285369,69.59085617,-65.69914513,-63.07896423,80.36615753,-6.705035025,1,1
230.3348532,15,1571997773,AUT,FALSE,TRUE,TRUE,545.3345314,-391.5349218,192.9050005,179.9584779,0.634511682,-179.7924669,-6.838641696,-5.607803448,3.726011932,0.037531243,0.305613312,0.181356927,-67.78573036,69.48285369,69.59085617,-65.69914513,-63.07896423,80.36615753,-6.705035025,1,1
230.435354,15,1571997774,AUT,FALSE,TRUE,TRUE,584.0151378,-389.8485719,185.2873284,-179.9906151,0.377415129,-179.8460204,0.22787018,-2.348259397,2.80449084,-0.157509417,-0.859695305,-0.097359356,-61.30214882,71.81321182,68.41474228,-58.41394958,-63.17439697,81.99965973,-8.517463306,1,1
230.5358701,15,1571997774,AUT,FALSE,TRUE,TRUE,584.0151378,-389.8485719,185.2873284,-179.9906151,0.377415129,-179.8460204,0.22787018,-2.348259397,2.80449084,-0.157509417,-0.859695305,-0.097359356,-61.30214882,71.81321182,68.41474228,-58.41394958,-63.17439697,81.99965973,-8.517463306,1,1
230.6364231,15,1571997774,AUT,FALSE,TRUE,TRUE,609.0036228,-395.962738,171.0315787,-179.8684626,-0.060116912,-179.8471479,15.92155942,-0.180495541,-0.128929935,-0.005984894,-2.328259575,-0.626037271,-56.07648468,75.10934028,66.69797058,-49.08636131,-63.58704895,83.07076149,-11.270644,1,1
230.7369452,15,1571997774,AUT,FALSE,TRUE,TRUE,609.0036228,-395.962738,171.0315787,-179.8684626,-0.060116912,-179.8471479,15.92155942,-0.180495541,-0.128929935,-0.005984894,-2.328259575,-0.626037271,-56.07648468,75.10934028,66.69797058,-49.08636131,-63.58704895,83.07076149,-11.270644,1,1
230.8374901,15,1571997774,AUT,FALSE,TRUE,TRUE,614.6441457,-408.9842692,167.9792573,-179.7609624,-0.179891414,179.869244,13.1408358,9.78747906,-1.929028531,1.195497916,-1.888279714,-1.230691172,-54.10543098,76.58358536,66.53680801,-44.40702667,-63.73857788,84.17069549,-14.03120613,1,1
230.9380231,15,1571997774,AUT,FALSE,TRUE,TRUE,614.6441457,-408.9842692,167.9792573,-179.7609624,-0.179891414,179.869244,13.1408358,9.78747906,-1.929028531,1.195497916,-1.888279714,-1.230691172,-54.10543098,76.58358536,66.53680801,-44.40702667,-63.73857788,84.17069549,-14.03120613,1,1
231.0385041,15,1571997774,AUT,FALSE,TRUE,TRUE,618.4479594,-400.2443345,172.941366,-179.6000707,-0.021500941,179.6190906,3.011403372,8.604472628,-6.823635516,0.392637276,-0.716150987,-1.818658125,-53.69048424,76.54213943,67.10886268,-44.72605934,-63.75880371,84.47887916,-13.35228196,1,1
231.1390181,15,1571997774,AUT,FALSE,TRUE,TRUE,618.4479594,-400.2443345,172.941366,-179.6000707,-0.021500941,179.6190906,3.011403372,8.604472628,-6.823635516,0.392637276,-0.716150987,-1.818658125,-53.69048424,76.54213943,67.10886268,-44.72605934,-63.75880371,84.47887916,-13.35228196,1,1
231.2395492,15,1571997774,AUT,FALSE,TRUE,TRUE,618.4479594,-400.2443345,172.941366,-179.6000707,-0.021500941,179.6190906,3.011403372,8.604472628,-6.823635516,0.392637276,-0.716150987,-1.818658125,-53.22584495,74.45961571,68.3772789,-49.07541618,-63.52853576,85.2738533,-8.344981388,1,1
231.3400691,15,1571997774,AUT,FALSE,TRUE,TRUE,626.0743317,-360.0024929,194.6197002,-179.636787,-0.049527,179.6098281,1.158912302,8.059129587,-1.85428698,0.952173046,-0.197835694,-1.61544458,-53.22584495,74.45961571,68.3772789,-49.07541618,-63.52853576,85.2738533,-8.344981388,1,1
231.4406621,15,1571997775,AUT,FALSE,TRUE,TRUE,631.4696297,-302.0405705,204.851789,-179.7114999,-0.132933505,179.5785129,-0.64812131,6.719161213,-0.201302736,0.952173046,-0.197835694,-1.61544458,-52.21470108,72.05973129,69.41132583,-54.40052032,-63.00950866,84.58582077,-1.105420306,1,1
231.5417471,15,1571997775,AUT,FALSE,TRUE,TRUE,631.4696297,-302.0405705,204.851789,-179.7114999,-0.132933505,179.5785129,-0.64812131,6.719161213,-0.201302736,0.768807197,0.41177763,-1.213386047,-52.21470108,72.05973129,69.41132583,-54.40052032,-63.00950866,84.58582077,-1.105420306,1,1
231.642338,15,1571997775,AUT,FALSE,TRUE,TRUE,632.8850665,-231.9298123,205.7052225,-179.7963998,-0.014213235,179.5630769,-5.215532026,5.688627948,-2.666614306,0.768807197,0.41177763,-1.213386047,-50.69370574,70.02173309,70.12281761,-61.9463253,-62.46550964,82.98506813,6.092897413,1,1
231.7430031,15,1571997775,AUT,FALSE,TRUE,TRUE,632.8850665,-231.9298123,205.7052225,-179.7963998,-0.014213235,179.5630769,-5.215532026,5.688627948,-2.666614306,0.723998159,0.657444805,-0.737734579,-50.69370574,70.02173309,70.12281761,-61.9463253,-62.46550964,82.98506813,6.092897413,1,1
231.8435502,15,1571997775,AUT,FALSE,TRUE,TRUE,629.9466202,-165.8281102,204.6326366,-179.8370296,-0.006057769,179.6332432,-5.519523926,3.539339535,0.204374445,0.380647369,0.751137232,-0.542829658,-48.28534813,68.30450821,70.61147575,-68.41276474,-62.07691223,81.22074623,14.21739349,1,1
231.9440532,15,1571997775,AUT,FALSE,TRUE,TRUE,629.9466202,-165.8281102,204.6326366,-179.8370296,-0.006057769,179.6332432,-5.519523926,3.539339535,0.204374445,0.380647369,0.751137232,-0.542829658,-48.28534813,68.30450821,70.61147575,-68.41276474,-62.07691223,81.22074623,14.21739349,1,1
232.044569,15,1571997775,AUT,FALSE,TRUE,TRUE,627.1885167,-109.8723788,200.3326837,-179.8651014,0.014062537,179.6862752,-6.55921847,4.943223718,1.92565194,0.803566484,1.234689793,-0.765758986,-45.28637238,67.2490242,70.63228454,-72.63484497,-61.81130126,79.69139099,20.76179466,1,1
232.1451342,15,1571997775,AUT,FALSE,TRUE,TRUE,627.1885167,-109.8723788,200.3326837,-179.8651014,0.014062537,179.6862752,-6.55921847,4.943223718,1.92565194,0.803566484,1.234689793,-0.765758986,-45.28637238,67.2490242,70.63228454,-72.63484497,-61.81130126,79.69139099,20.76179466,1,1
232.2456191,15,1571997775,AUT,FALSE,TRUE,TRUE,627.1885167,-109.8723788,200.3326837,-179.8651014,0.014062537,179.6862752,-6.55921847,4.943223718,1.92565194,0.803566484,1.234689793,-0.765758986,-41.86998138,67.09249306,70.02010231,-74.91117439,-61.90803588,78.31829223,25.95445861,1,1
232.3461461,15,1571997775,AUT,FALSE,TRUE,TRUE,625.9149461,-60.42369683,186.4409454,-179.9173819,-0.198058401,179.9436624,-0.646348973,-2.607232239,1.953752887,-0.388668196,0.693499959,-0.412053215,-41.86998138,67.09249306,70.02010231,-74.91117439,-61.90803588,78.31829223,25.95445861,1,1
232.4466832,15,1571997776,AUT,FALSE,TRUE,TRUE,626.7072429,-48.20525601,173.7150142,-179.9328085,-0.227792642,-179.8859325,-0.646348973,-2.607232239,1.953752887,-0.388668196,0.693499959,-0.412053215,-39.26549721,67.64113311,68.24234276,-75.6432415,-62.17092224,76.45404968,28.56574745,1,1
232.5471842,15,1571997776,AUT,FALSE,TRUE,TRUE,626.7072429,-48.20525601,173.7150142,-179.9328085,-0.227792642,-179.8859325,1.164886037,-2.109473235,0.532892817,-0.099455571,0.478129309,-0.517557596,-39.26549721,67.64113311,68.24234276,-75.6432415,-62.17092224,76.45404968,28.56574745,1,1
232.647716,15,1571997776,AUT,FALSE,TRUE,TRUE,626.7072429,-48.20525601,173.7150142,-179.9328085,-0.227792642,-179.8859325,1.164886037,-2.109473235,0.532892817,-0.099455571,0.478129309,-0.517557596,-39.01990471,68.42542304,67.57967491,-75.63202171,-62.67317871,75.64694938,28.65173263,1,1
232.7482202,15,1571997776,AUT,FALSE,TRUE,TRUE,627.5434912,-48.90185695,163.1989935,-179.9375418,-0.231110775,-179.8784175,-0.291745866,1.907009957,-1.547989211,0.369857161,0.689161879,-0.378177151,-39.01990471,68.42542304,67.57967491,-75.63202171,-62.67317871,75.64694938,28.65173263,1,1
232.8487091,15,1571997776,AUT,FALSE,TRUE,TRUE,627.5434912,-48.90185695,163.1989935,-179.9375418,-0.231110775,-179.8784175,-0.291745866,1.907009957,-1.547989211,0.369857161,0.689161879,-0.378177151,-39.26646538,68.65933571,68.0818325,-74.89111061,-63.10427124,75.81137008,28.10839348,1,1
232.9492831,15,1571997776,AUT,FALSE,TRUE,TRUE,632.5102519,-53.36532671,167.1969747,179.9947394,0.356830016,-179.9308081,-12.69267016,3.415895994,-4.259724102,0.497643835,0.590643909,-0.010615474,-39.26646538,68.65933571,68.0818325,-74.89111061,-63.10427124,75.81137008,28.10839348,1,1
233.0498362,15,1571997776,AUT,FALSE,TRUE,TRUE,632.5102519,-53.36532671,167.1969747,179.9947394,0.356830016,-179.9308081,-12.69267016,3.415895994,-4.259724102,0.497643835,0.590643909,-0.010615474,-39.26646538,68.65933571,68.0818325,-74.89111061,-63.10427124,75.81137008,28.10839348,1,1
233.1505711,15,1571997776,AUT,FALSE,TRUE,TRUE,656.0665032,-65.30307788,185.2846344,-179.949511,0.543332814,-179.9547537,-14.09801111,4.898370429,3.820616152,0.715504292,0.940397164,-0.39864033,-38.07611732,68.91465111,68.71589469,-69.96266441,-62.71194396,78.31136398,24.51094093,1,1
233.2512832,15,1571997776,AUT,FALSE,TRUE,TRUE,673.368004,-68.67858873,186.5634991,-179.9300284,0.457519799,179.9187963,-11.27339775,10.10893735,1.788042014,0.865486118,0.304581963,-0.579029812,-35.68539963,70.18739319,68.34325218,-64.20664558,-62.57960815,80.02640533,22.27731056,1,1
233.351943,15,1571997776,AUT,FALSE,TRUE,TRUE,673.368004,-68.67858873,186.5634991,-179.9300284,0.457519799,179.9187963,-11.27339775,10.10893735,1.788042014,0.865486118,0.304581963,-0.579029812,-35.68539963,70.18739319,68.34325218,-64.20664558,-62.57960815,80.02640533,22.27731056,1,1
233.4524181,15,1571997777,AUT,FALSE,TRUE,TRUE,697.6705224,-64.95328149,178.5677936,-179.94152,0.199321001,179.9465555,-0.246766984,2.11152096,3.598422446,0.071794206,-0.176134044,-0.337725531,-31.79449883,72.56817856,67.49488792,-57.27913398,-63.00991516,81.41328506,19.9352108,1,1
233.5529902,15,1571997777,AUT,FALSE,TRUE,TRUE,697.6705224,-64.95328149,178.5677936,-179.94152,0.199321001,179.9465555,-0.246766984,2.11152096,3.598422446,0.071794206,-0.176134044,-0.337725531,-31.79449883,72.56817856,67.49488792,-57.27913398,-63.00991516,81.41328506,19.9352108,1,1
233.6535571,15,1571997777,AUT,FALSE,TRUE,TRUE,714.2239759,-57.12011243,164.8875479,-179.9472674,-0.038083133,-179.9942001,8.369214582,0.582127807,-0.121682638,-0.138746129,-1.134748714,-0.104675813,-29.07749748,74.81286392,66.74274673,-52.3351799,-63.59845825,81.87800331,18.66862449,1,1
233.754117,15,1571997777,AUT,FALSE,TRUE,TRUE,719.8573235,-53.12653843,158.8829022,-179.9868118,-0.125024334,-179.9785282,9.606952277,0.254011165,-1.633499116,-0.308092468,-1.561801131,-0.051308345,-27.34740486,75.76951217,66.57536316,-50.55121651,-63.93985839,81.98967247,18.36603698,1,1
233.85464,15,1571997777,AUT,FALSE,TRUE,TRUE,719.8573235,-53.12653843,158.8829022,-179.9868118,-0.125024334,-179.9785282,9.606952277,0.254011165,-1.633499116,-0.308092468,-1.561801131,-0.051308345,-26.87362976,75.97682762,66.74601173,-49.90809059,-64.09031616,82.16253548,18.25251045,1,1
233.955183,15,1571997777,AUT,FALSE,TRUE,TRUE,722.1863161,-50.51672634,159.9019392,-179.9210772,-0.025352632,179.9487433,9.159483911,3.68914071,-8.982944394,0.339560349,-2.152075769,-0.260398697,-26.87362976,75.97682762,66.74601173,-49.90809059,-64.09031616,82.16253548,18.25251045,1,1
234.0556581,15,1571997777,AUT,FALSE,TRUE,TRUE,721.6806365,-44.31477237,172.7775078,-179.7685185,0.000211118,179.8752541,0.637516978,7.648093162,-5.749278774,0.813330582,-0.557116326,-0.989878644,-26.63577232,75.24823151,67.55470504,-49.95858307,-64.06428405,83.16390495,18.60490722,1,1
234.1561561,15,1571997777,AUT,FALSE,TRUE,TRUE,719.7001988,-30.17671488,186.1859417,-179.7525125,0.006490415,179.8075934,-5.535471484,8.085101665,-0.242782246,0.993120844,0.6996219,-1.209834353,-25.96375236,74.21218643,68.24946327,-50.46306496,-63.76112731,84.10914803,19.87754974,1,1
234.2566862,15,1571997777,AUT,FALSE,TRUE,TRUE,719.7001988,-30.17671488,186.1859417,-179.7525125,0.006490415,179.8075934,-5.535471484,8.085101665,-0.242782246,0.993120844,0.6996219,-1.209834353,-25.96375236,74.21218643,68.24946327,-50.46306496,-63.76112731,84.10914803,19.87754974,1,1
234.3572252,15,1571997777,AUT,FALSE,TRUE,TRUE,717.0934986,-2.63316188,192.6730653,-179.7633127,0.001649092,179.7789968,-8.906815919,10.30671981,1.367526465,1.435221183,1.427221047,-1.054093413,-24.25790176,73.40304336,68.33438072,-51.32443771,-63.28926452,84.30415534,22.36980171,1,1
234.4577451,15,1571997778,AUT,FALSE,TRUE,TRUE,715.9227861,23.02822404,191.4565844,-179.8600913,0.021352219,179.7647618,-8.498896577,6.416310687,1.834098963,0.825084769,1.594861276,-0.863045779,-22.38663139,73.35076218,68.24365425,-51.68381767,-63.23027343,84.08084449,24.65976448,1,1
234.558326,15,1571997778,AUT,FALSE,TRUE,TRUE,715.6863559,47.90006362,187.9420092,-179.890751,0.034132781,179.7722797,-3.384403561,4.317831589,0.43195437,0.402519995,0.586158779,-0.631706897,-20.24472313,73.60756416,68.03443679,-51.51170998,-63.27953063,83.8209938,26.57909317,1,1
234.6588192,15,1571997778,AUT,FALSE,TRUE,TRUE,715.6863559,47.90006362,187.9420092,-179.890751,0.034132781,179.7722797,-3.384403561,4.317831589,0.43195437,0.402519995,0.586158779,-0.631706897,-20.24472313,73.60756416,68.03443679,-51.51170998,-63.27953063,83.8209938,26.57909317,1,1
234.75933,15,1571997778,AUT,FALSE,TRUE,TRUE,715.5721941,68.81310597,183.1594497,-179.9388353,-0.038374468,179.8688754,0.531244487,-1.329155062,1.187139951,-0.637893379,-0.064673736,-0.366158332,-18.24728164,74.00640564,67.71893692,-51.05040436,-63.36865173,83.62639846,28.12213325,1,1
234.8599792,15,1571997778,AUT,FALSE,TRUE,TRUE,716.0217231,82.98965283,176.4772049,-179.9130923,-0.105686027,179.9707749,-0.327508199,-0.377203953,3.302674236,-0.305150204,0.382560813,-0.314927595,-16.71764144,74.51574211,67.23138428,-50.50436325,-63.41132812,83.2725151,29.0108551,1,1
234.9609621,15,1571997778,AUT,FALSE,TRUE,TRUE,716.0217231,82.98965283,176.4772049,-179.9130923,-0.105686027,179.9707749,-0.327508199,-0.377203953,3.302674236,-0.305150204,0.382560813,-0.314927595,-15.42151565,75.43561363,66.48011513,-49.765979,-63.54589965,82.51116256,29.45942344,1,1
235.0617082,15,1571997778,AUT,FALSE,TRUE,TRUE,717.7949276,92.37383423,161.9586092,-179.9250599,-0.160516416,-179.9379178,1.06813544,1.598740324,2.361654649,-0.145621684,0.190032435,-0.415273179,-15.42151565,75.43561363,66.48011513,-49.765979,-63.54589965,82.51116256,29.45942344,1,1
235.1623721,15,1571997778,AUT,FALSE,TRUE,TRUE,718.6639929,95.04968762,153.3722819,-179.9005269,-0.289430574,-179.870305,7.465666382,0.743345121,-5.273689536,-0.069545389,-0.701889791,-0.513456056,-14.91941986,76.42432136,66.20894851,-49.33761177,-63.99195007,82.00096779,29.52122841,1,1
235.262886,15,1571997778,AUT,FALSE,TRUE,TRUE,718.6639929,95.04968762,153.3722819,-179.9005269,-0.289430574,-179.870305,7.465666382,0.743345121,-5.273689536,-0.069545389,-0.701889791,-0.513456056,-14.91941986,76.42432136,66.20894851,-49.33761177,-63.99195007,82.00096779,29.52122841,1,1
235.3634231,15,1571997778,AUT,FALSE,TRUE,TRUE,714.5570912,94.00900656,160.7061572,-179.8756356,-0.606453983,-179.7088569,13.1779626,1.679743708,-3.803533762,-0.069545389,-0.701889791,-0.513456056,-15.39429359,75.88956871,66.79470176,-50.15813942,-64.088432,82.78951149,29.9076416,1,1
235.463994,15,1571997779,AUT,FALSE,TRUE,TRUE,714.5570912,94.00900656,160.7061572,-179.8756356,-0.606453983,-179.7088569,13.1779626,1.679743708,-3.803533762,0.884193849,-0.727010853,-0.641399417,-15.39429359,75.88956871,66.79470176,-50.15813942,-64.088432,82.78951149,29.9076416,1,1
235.564502,15,1571997779,AUT,FALSE,TRUE,TRUE,695.4655623,97.81046752,172.6962058,-179.8759873,-0.837527178,-179.7022976,12.76607775,-0.334138907,0.888012946,0.624995326,-0.302082206,-0.584725397,-17.38354339,73.78577957,67.51426506,-55.23055801,-63.46820983,82.67142219,32.64638901,1,1
235.6650522,15,1571997779,AUT,FALSE,TRUE,TRUE,695.4655623,97.81046752,172.6962058,-179.8759873,-0.837527178,-179.7022976,12.76607775,-0.334138907,0.888012946,0.624995326,-0.302082206,-0.584725397,-19.99523048,71.81973495,67.71036071,-62.22241859,-62.98230651,80.80286751,36.14917373,1,1
235.7655721,15,1571997779,AUT,FALSE,TRUE,TRUE,671.2443435,101.0242891,173.0112329,-179.9391944,-0.761406239,-179.6871935,7.055861698,0.838773627,1.254521714,0.71960202,0.284469925,-0.441568504,-19.99523048,71.81973495,67.71036071,-62.22241859,-62.98230651,80.80286751,36.14917373,1,1
235.8661351,15,1571997779,AUT,FALSE,TRUE,TRUE,647.2013889,101.8477826,168.1477355,-179.8226048,-0.565256742,-179.753947,-1.285958063,6.810509975,4.367397453,1.384049973,1.258983516,-0.714754876,-22.58988533,70.28334503,67.75385971,-68.76431351,-62.84509826,78.45407981,39.15679779,1,1
235.9666631,15,1571997779,AUT,FALSE,TRUE,TRUE,625.3074863,101.0603476,160.4995558,-179.9040392,-0.38675857,-179.7817968,-8.700572109,7.913534989,4.439154883,1.171844501,2.145466697,-0.629034137,-24.82980194,69.17234916,67.63770332,-74.44859848,-63.00900878,76.11311989,41.89184074,1,1
236.0671902,15,1571997779,AUT,FALSE,TRUE,TRUE,610.312957,97.20558336,152.3418987,-179.9149902,-0.248504863,-179.8260328,-10.03010708,4.908791815,2.80249979,0.414020741,2.160184877,-0.687279539,-26.54564666,68.58519859,67.33615608,-78.284729,-63.33061157,74.20382652,43.45233879,1,1
236.1676781,15,1571997779,AUT,FALSE,TRUE,TRUE,610.312957,97.20558336,152.3418987,-179.9149902,-0.248504863,-179.8260328,-10.03010708,4.908791815,2.80249979,0.414020741,2.160184877,-0.687279539,-26.54564666,68.58519859,67.33615608,-78.284729,-63.33061157,74.20382652,43.45233879,1,1
236.2682502,15,1571997779,AUT,FALSE,TRUE,TRUE,605.498658,92.80757647,148.5875684,-179.8880131,7.09E-05,-179.918477,-12.62823875,7.946400215,-1.05757365,0.737703989,1.989309125,-0.811291059,-27.57548789,68.45646972,67.25744247,-79.84984818,-63.70887634,73.26249046,43.81359673,1,1
236.3687961,15,1571997779,AUT,FALSE,TRUE,TRUE,608.3314812,92.73894849,152.923659,-179.7764855,0.210344437,179.910194,-6.987411242,11.68753214,-4.23891641,0.793778212,0.1935585,-1.060637356,-27.68697509,68.46121788,67.71035728,-79.43230934,-63.7795404,73.58797073,43.45334473,1,1
236.46928,15,1571997780,AUT,FALSE,TRUE,TRUE,611.7091139,102.4637717,165.2075115,-179.7191862,0.169825251,179.6991985,-5.110686623,12.44597754,-2.393151168,0.89197697,0.060070214,-1.362250336,-26.83375282,68.38926086,69.00050239,-78.162537,-63.6062091,75.19564133,43.60686149,1,1
236.569792,15,1571997780,AUT,FALSE,TRUE,TRUE,611.7091139,102.4637717,165.2075115,-179.7191862,0.169825251,179.6991985,-5.110686623,12.44597754,-2.393151168,0.89197697,0.060070214,-1.362250336,-26.83375282,68.38926086,69.00050239,-78.162537,-63.6062091,75.19564133,43.60686149,1,1
236.6704292,15,1571997780,AUT,FALSE,TRUE,TRUE,614.243352,119.3062468,177.0059537,-179.7294377,0.138058827,179.6515224,-4.424077994,9.526959993,0.715864233,0.593051101,0.131500189,-1.275378748,-25.02356987,68.13425789,69.89528046,-76.66675186,-63.25846984,76.7097702,44.38624191,1,1
236.7713692,15,1571997780,AUT,FALSE,TRUE,TRUE,616.5762887,139.7328061,183.103396,-179.7445074,0.150518265,179.6402993,-4.786196404,9.904036417,0.842556289,0.700886782,0.274127428,-1.181812076,-22.59293403,67.96315269,69.87677536,-75.06134033,-62.78330566,77.44103393,45.36381225,1,1
236.872118,15,1571997780,AUT,FALSE,TRUE,TRUE,618.5244607,162.6680239,185.121057,-179.7607936,0.139968632,179.6021012,-4.161765221,10.477325,1.677963465,0.588132176,0.372991037,-1.216780895,-19.73153114,68.07111053,69.47966079,-73.28808861,-62.38630371,77.84598312,46.47271728,1,1
236.9726472,15,1571997780,AUT,FALSE,TRUE,TRUE,620.2990993,186.5828385,184.2236605,-179.8022446,0.130934504,179.6460598,-3.915356953,8.088161334,2.694342963,0.463049378,0.481330285,-1.068747789,-16.65553436,68.51745758,68.98787155,-71.31770439,-62.27612731,78.18227119,47.65321541,1,1
237.0731931,15,1571997780,AUT,FALSE,TRUE,TRUE,620.2990993,186.5828385,184.2236605,-179.8022446,0.130934504,179.6460598,-3.915356953,8.088161334,2.694342963,0.463049378,0.481330285,-1.068747789,-16.65553436,68.51745758,68.98787155,-71.31770439,-62.27612731,78.18227119,47.65321541,1,1
237.1737251,15,1571997780,AUT,FALSE,TRUE,TRUE,622.8510981,208.8421422,180.5457479,-179.8140662,0.094646951,179.6544057,-4.279291148,4.438418483,0.840438726,-0.188275414,0.559488727,-1.000243428,-13.68405533,69.25883216,68.40139046,-69.11380577,-62.29033264,78.39879112,48.50734405,1,1
237.2742932,15,1571997780,AUT,FALSE,TRUE,TRUE,626.7428633,228.5633165,175.4465993,-179.8812132,0.019379899,179.785261,-1.943595072,5.491610077,2.333827789,0.025129465,0.613790005,-0.612625133,-10.77841873,70.22220611,67.74296951,-66.52609978,-62.43410522,78.72898178,49.02997398,1,1
237.374783,15,1571997780,AUT,FALSE,TRUE,TRUE,626.7428633,228.5633165,175.4465993,-179.8812132,0.019379899,179.785261,-1.943595072,5.491610077,2.333827789,0.025129465,0.613790005,-0.612625133,-10.77841873,70.22220611,67.74296951,-66.52609978,-62.43410522,78.72898178,49.02997398,1,1
237.4753022,15,1571997781,AUT,FALSE,TRUE,TRUE,632.9844884,246.2213615,164.8536284,-179.9391471,-0.075607429,179.9590325,0.010635571,1.772431162,3.532817375,-0.451825534,0.600911441,-0.436626535,-7.783806606,71.71879806,66.80255699,-63.3644165,-62.74409545,78.83312187,49.05372848,1,1
237.5758491,15,1571997781,AUT,FALSE,TRUE,TRUE,637.1643738,255.1490897,155.1924273,-179.9604363,-0.15650168,-179.9238099,1.579425461,0.10570313,3.293578627,-0.617439605,0.411207971,-0.19772758,-6.155811306,72.95928497,66.33115768,-61.41316223,-63.21938049,78.78132133,48.92071495,1,1
237.6763561,15,1571997781,AUT,FALSE,TRUE,TRUE,637.1643738,255.1490897,155.1924273,-179.9604363,-0.15650168,-179.9238099,1.579425461,0.10570313,3.293578627,-0.617439605,0.411207971,-0.19772758,-6.155811306,72.95928497,66.33115768,-61.41316223,-63.21938049,78.78132133,48.92071495,1,1
237.776911,15,1571997781,AUT,FALSE,TRUE,TRUE,641.6460602,260.082455,146.1003997,-179.9752637,-0.209602056,-179.8074311,8.151638666,-0.732644217,-2.401286149,-0.587337976,-0.821866369,-0.089630856,-5.049436569,74.25667763,66.19258575,-59.72276802,-63.93018493,78.77150917,48.64918785,1,1
237.8774571,15,1571997781,AUT,FALSE,TRUE,TRUE,641.6460602,260.082455,146.1003997,-179.9752637,-0.209602056,-179.8074311,8.151638666,-0.732644217,-2.401286149,-0.587337976,-0.821866369,-0.089630856,-5.049436569,74.25667763,66.19258575,-59.72276802,-63.93018493,78.77150917,48.64918785,1,1
237.9779391,15,1571997781,AUT,FALSE,TRUE,TRUE,637.2576856,263.0413849,148.5546669,-179.8887017,-0.448176953,-179.765724,8.02950195,2.272805726,-3.686015176,0.361915185,-0.180164871,-0.459304142,-5.022842787,74.22642059,66.72730064,-60.18214416,-64.12963623,79.24050178,49.1819458,1,1
238.0784652,15,1571997781,AUT,FALSE,TRUE,TRUE,622.9643087,268.505527,155.3161461,-179.9154449,-0.600649818,-179.6686472,9.019461002,2.176363001,-0.472485436,0.811467859,-0.150739149,-0.332240605,-5.507930369,73.12802124,67.29545173,-62.90933189,-63.92399963,79.30826682,51.27317619,1,1
238.1789732,15,1571997781,AUT,FALSE,TRUE,TRUE,622.9643087,268.505527,155.3161461,-179.9154449,-0.600649818,-179.6686472,9.019461002,2.176363001,-0.472485436,0.811467859,-0.150739149,-0.332240605,-5.507930369,73.12802124,67.29545173,-62.90933189,-63.92399963,79.30826682,51.27317619,1,1
238.2794662,15,1571997781,AUT,FALSE,TRUE,TRUE,600.0973106,274.5530951,160.254694,-179.9129657,-0.509971958,-179.6534728,3.182651839,3.207195288,-0.085777384,1.031489674,0.274707085,-0.21370389,-6.515864181,71.44814987,67.74558906,-67.76008415,-63.63268615,78.33987007,54.61536827,1,1
238.380069,15,1571997781,AUT,FALSE,TRUE,TRUE,600.0973106,274.5530951,160.254694,-179.9129657,-0.509971958,-179.6534728,3.182651839,3.207195288,-0.085777384,1.031489674,0.274707085,-0.21370389,-8.051673888,69.60043831,68.00352745,-73.22037163,-63.23078979,76.91012306,57.85813064,1,1
238.4807541,15,1571997782,AUT,FALSE,TRUE,TRUE,575.4819143,275.1584742,162.8320982,-179.9327381,-0.42208521,-179.6178064,1.89488538,1.177169431,-1.008538369,0.531201425,0.281960045,-0.33916264,-8.051673888,69.60043831,68.00352745,-73.22037163,-63.23078979,76.91012306,57.85813064,1,1
238.5816331,15,1571997782,AUT,FALSE,TRUE,TRUE,544.1904066,269.3919607,164.736773,-179.8654259,-0.454734317,-179.7039634,1.571862117,2.035959755,0.827942706,0.531201425,0.281960045,-0.33916264,-10.52910461,67.29664649,68.47449417,-80.22671699,-62.68445617,74.92373314,61.33912811,1,1
238.6824472,15,1571997782,AUT,FALSE,TRUE,TRUE,544.1904066,269.3919607,164.736773,-179.8654259,-0.454734317,-179.7039634,1.571862117,2.035959755,0.827942706,0.169745524,0.553713502,-0.746064465,-10.52910461,67.29664649,68.47449417,-80.22671699,-62.68445617,74.92373314,61.33912811,1,1
238.7829762,15,1571997782,AUT,FALSE,TRUE,TRUE,517.431375,265.3252131,161.308873,-179.7994784,-0.440498296,-179.8119179,-1.295496914,7.859037359,3.481381907,0.976458874,1.036579893,-1.136181138,-12.41006355,65.72682381,68.71909103,-85.88276367,-62.62019165,72.85852661,64.3358242,1,1
238.8834631,15,1571997782,AUT,FALSE,TRUE,TRUE,517.431375,265.3252131,161.308873,-179.7994784,-0.440498296,-179.8119179,-1.295496914,7.859037359,3.481381907,0.976458874,1.036579893,-1.136181138,-12.41006355,65.72682381,68.71909103,-85.88276367,-62.62019165,72.85852661,64.3358242,1,1
238.9839931,15,1571997782,AUT,FALSE,TRUE,TRUE,494.0775977,263.0048459,154.0327049,-179.8058576,-0.366548984,-179.8267254,-3.17649267,8.637156987,3.368289632,1.021046601,1.720421227,-1.066377197,-13.45989303,64.71616744,68.52045822,-90.54026641,-62.94655151,70.71901817,67.22060394,1,1