Time/Second,Task_No,Time Stamp,OperationMode,isCollision,isCompliance,isReadyToMove,ToolPosition_x,ToolPosition_y,ToolPosition_z,ToolPosition_A,ToolPosition_b,ToolPosition_c,ToolForce_x,ToolForce_y,ToolForce_z,ToolTorque_x,ToolTorque_y,ToolTorque_z,JointPosition,JointPosition,JointPosition,JointPosition,JointPosition,JointPosition,JointPosition,Tool_Velocity,Tool_Acceleration
0,1,1572446442,AUT,FALSE,FALSE,TRUE,472.5355838,-399.7769012,170.4733924,-179.9642238,0.050341074,-179.9782307,-28.01872019,-0.11510686,6.491111885,-0.036725148,2.451262623,0.342762247,-69.71809501,57.33499603,51.06037788,-78.15631599,-45.80542968,65.92604713,-13.2977417,0.5,1
0.100279808,1,1572446442,AUT,FALSE,FALSE,TRUE,472.5355838,-399.7769012,170.4733924,-179.9642238,0.050341074,-179.9782307,-28.01872019,-0.11510686,6.491111885,-0.036725148,2.451262623,0.342762247,-69.71809501,57.33499603,51.06037788,-78.15631599,-45.80542968,65.92604713,-13.2977417,0.5,1
0.200955868,1,1572446442,AUT,FALSE,TRUE,TRUE,482.4498673,-396.1125572,169.7117285,-179.9762441,0.701854597,179.9553431,-24.55899005,-4.952232517,5.586987957,-0.909642203,1.442219964,0.643432681,-68.94552612,57.77863769,51.18262138,-77.46280746,-45.85346191,65.57311821,-12.80978051,1,1
0.301651001,1,1572446442,AUT,FALSE,TRUE,TRUE,505.4771773,-388.6553388,165.8457913,179.9797274,0.781993176,-179.975864,-17.57823106,-1.929885011,3.06853344,-0.198840811,1.271957131,0.443858987,-66.11983566,59.49574928,51.19804001,-74.55598297,-46.59762634,66.58278923,-11.54268265,1,1
0.402216911,1,1572446442,AUT,FALSE,TRUE,TRUE,535.0931256,-382.0926382,161.4431329,-179.9622699,0.79112602,-179.9652622,-9.697469793,-3.64677996,4.649624463,-1.061263719,0.121622891,0.147851161,-62.33946419,61.90532569,51.00865288,-69.89085846,-47.20578002,68.15394401,-10.83564377,1,1
0.502767801,1,1572446443,AUT,FALSE,TRUE,TRUE,535.0931256,-382.0926382,161.4431329,-179.9622699,0.79112602,-179.9652622,-9.697469793,-3.64677996,4.649624463,-1.061263719,0.121622891,0.147851161,-62.33946419,61.90532569,51.00865288,-69.89085846,-47.20578002,68.15394401,-10.83564377,1,1
0.603302956,1,1572446443,AUT,FALSE,TRUE,TRUE,565.6311896,-376.9309377,159.7144232,-179.8488179,0.733864689,179.9533661,-7.102969159,2.732565806,-2.029304131,0.203343706,0.149779854,-0.341529086,-58.34331436,64.44374428,50.82089996,-64.13767891,-47.52283447,70.33485374,-10.94024735,1,1
0.703833818,1,1572446443,AUT,FALSE,TRUE,TRUE,593.3635421,-369.5832047,164.4299516,-179.702631,0.494142416,179.8485448,4.908439993,4.563416689,-4.883257241,-0.104252918,-1.797030056,-1.081518832,-54.44298591,66.458218,50.88305854,-58.27420692,-47.61101074,73.16879425,-11.24254647,1,1
0.804349899,1,1572446443,AUT,FALSE,TRUE,TRUE,613.2924866,-358.4563863,174.0248008,-179.5313331,0.005528616,179.7512991,15.52544618,11.90370675,-6.084031916,1.477801578,-1.95462115,-1.936474137,-51.2381813,67.41412124,51.05787163,-53.99467163,-47.5244989,75.95133591,-11.23966599,1,1
0.904890776,1,1572446443,AUT,FALSE,TRUE,TRUE,613.2924866,-358.4563863,174.0248008,-179.5313331,0.005528616,179.7512991,15.52544618,11.90370675,-6.084031916,1.477801578,-1.95462115,-1.936474137,-51.2381813,67.41412124,51.05787163,-53.99467163,-47.5244989,75.95133591,-11.23966599,1,1
1.005429983,1,1572446443,AUT,FALSE,TRUE,TRUE,625.1823392,-337.6636133,190.6012589,-179.5269597,-0.44666797,179.6690638,20.59829192,7.8187286,-3.717560642,0.349780157,-2.048791174,-2.224368629,-49.03323554,66.86702957,51.25533714,-52.81007423,-46.86420959,77.98889122,-9.81514435,1,1
1.105904818,1,1572446443,AUT,FALSE,TRUE,TRUE,625.1823392,-337.6636133,190.6012589,-179.5269597,-0.44666797,179.6690638,20.59829192,7.8187286,-3.717560642,0.349780157,-2.048791174,-2.224368629,-49.03323554,66.86702957,51.25533714,-52.81007423,-46.86420959,77.98889122,-9.81514435,1,1
1.206429005,1,1572446443,AUT,FALSE,TRUE,TRUE,622.3173488,-320.0273378,199.0885533,-179.5461287,-0.493276837,179.6144739,11.72525045,9.480614965,-2.441301486,0.710746828,-0.183113152,-1.830223573,-48.85813064,64.68745193,51.43020515,-55.67882423,-46.16267761,77.57627563,-7.830158619,1,1
1.307006836,1,1572446443,AUT,FALSE,TRUE,TRUE,617.4666296,-294.08375,202.6700469,-179.6712628,-0.226561754,179.5585466,-1.145912401,7.857667736,-1.668793963,0.541524216,0.873231335,-1.307356762,-49.15278396,62.54702339,51.88347358,-60.44226608,-45.67053405,75.83942985,-4.537734606,1,1
1.40752697,1,1572446443,AUT,FALSE,TRUE,TRUE,611.6801762,-258.4471339,204.2876209,-179.7710404,-0.127630481,179.526572,-2.354540285,7.958672832,-1.447104527,0.703881968,0.761059416,-0.764783371,-49.01341553,60.40415726,52.75788574,-65.81407241,-45.59298706,74.00944061,-0.153228381,1,1
1.508075953,1,1572446444,AUT,FALSE,TRUE,TRUE,604.8876373,-219.5526757,204.6359185,-179.9040743,-0.052548537,179.5748608,-3.56929814,4.622452473,0.821971204,0.703881968,0.761059416,-0.764783371,-48.42279396,58.37085571,53.62074852,-71.03273277,-45.59486572,72.12410774,4.5788166,1,1
1.608631849,1,1572446444,AUT,FALSE,TRUE,TRUE,604.8876373,-219.5526757,204.6359185,-179.9040743,-0.052548537,179.5748608,-3.56929814,4.622452473,0.821971204,0.282558756,0.82531314,-0.141921699,-48.42279396,58.37085571,53.62074852,-71.03273277,-45.59486572,72.12410774,4.5788166,1,1
1.709110975,1,1572446444,AUT,FALSE,TRUE,TRUE,598.0343322,-183.7339511,202.8705351,-179.9741072,0.064036927,179.7007494,-5.860879442,1.88067216,0.499182336,0.019799489,0.682313233,0.201623493,-47.38297577,56.58705024,54.08573799,-75.59799156,-45.56928405,70.17087249,9.026634975,1,1
1.809778929,1,1572446444,AUT,FALSE,TRUE,TRUE,593.6294616,-153.9239414,200.3884084,-179.9748727,0.164286297,179.740616,-9.03727619,1.385902847,0.360189642,-0.212048009,0.946277492,0.243453658,-45.9940567,55.3855236,54.15936699,-78.64704437,-45.41816162,68.64305191,12.43714485,1,1
1.91059494,1,1572446444,AUT,FALSE,TRUE,TRUE,593.1428293,-128.8597481,197.9392719,-179.9357093,0.195363942,179.688477,-8.846023861,4.635585502,1.999252544,0.002463334,1.016554005,0.067353536,-44.31542816,54.87177543,54.15475273,-80.16711959,-45.3605603,67.77436294,15.09082718,1,1
2.011229992,1,1572446444,AUT,FALSE,TRUE,TRUE,593.1428293,-128.8597481,197.9392719,-179.9357093,0.195363942,179.688477,-8.846023861,4.635585502,1.999252544,0.002463334,1.016554005,0.067353536,-42.08220291,54.9291481,54.06679344,-80.68350448,-45.4648645,67.19335098,17.65858612,1,1
2.111881971,1,1572446444,AUT,FALSE,TRUE,TRUE,596.6906255,-103.9168245,194.660871,-179.9610172,0.299892989,179.5994763,-12.01922206,4.798424744,3.232315477,-0.361485736,1.492508661,0.223800446,-42.08220291,54.9291481,54.06679344,-80.68350448,-45.4648645,67.19335098,17.65858612,1,1
2.212433815,1,1572446444,AUT,FALSE,TRUE,TRUE,605.3378527,-80.49310722,190.5502979,179.8546978,0.44997191,179.6684117,-11.5765514,3.525725961,1.762738516,-0.291387824,1.182843937,0.7559789,-39.24269371,55.56378021,53.67270012,-79.89285621,-45.78818664,67.02038498,20.01499557,1,1
2.312922955,1,1572446444,AUT,FALSE,TRUE,TRUE,621.04247,-66.83166136,185.8838663,179.7304704,0.542592289,179.9420577,-10.85193573,-1.838562171,2.377772283,-0.445861415,1.024911938,1.354295857,-36.12199974,56.92000122,52.60503502,-77.06612892,-46.00979187,67.52029724,20.8220375,1,1
2.413446903,1,1572446444,AUT,FALSE,TRUE,TRUE,640.6479827,-60.42141434,180.2658687,179.7788722,0.497547577,179.881104,-10.85193573,-1.838562171,2.377772283,-0.445861415,1.024911938,1.354295857,-33.40108451,58.90940895,51.53183555,-72.88557358,-46.00787475,68.61347465,20.12196464,1,1
2.513979912,1,1572446445,AUT,FALSE,TRUE,TRUE,640.6479827,-60.42141434,180.2658687,179.7788722,0.497547577,179.881104,-5.967284438,2.828689448,0.991196395,-0.29753985,0.343040599,1.151050481,-33.40108451,58.90940895,51.53183555,-72.88557358,-46.00787475,68.61347465,20.12196464,1,1
2.614464998,1,1572446445,AUT,FALSE,TRUE,TRUE,660.4794917,-52.96184697,175.1918389,179.8952036,0.475791737,179.8081752,-4.336570537,3.526467753,0.392371005,-0.598181065,0.068618775,0.896881623,-30.66068229,61.34161377,50.99838066,-68.11603775,-46.35389465,69.99715118,19.39233513,1,1
2.714989901,1,1572446445,AUT,FALSE,TRUE,TRUE,678.6830635,-40.4907567,172.5739354,179.9041665,0.468637334,179.7204415,-2.804994013,5.253347321,-1.535075537,-0.207709783,-0.111135878,0.888717888,-27.88785324,63.5418045,50.99265747,-63.60719375,-46.87840942,71.61844482,19.24273567,1,1
2.81553483,1,1572446445,AUT,FALSE,TRUE,TRUE,694.2634125,-23.0244465,172.5664426,-179.9562372,0.353505605,179.6338797,-1.877825592,7.449412554,-1.182819099,0.283697761,-0.241148251,0.371542575,-24.87844391,65.29959297,51.0196598,-59.40923881,-47.13779113,73.32360878,19.24742546,1,1
2.916042805,1,1572446445,AUT,FALSE,TRUE,TRUE,694.2634125,-23.0244465,172.5664426,-179.9562372,0.353505605,179.6338797,-1.877825592,7.449412554,-1.182819099,0.283697761,-0.241148251,0.371542575,-24.87844391,65.29959297,51.0196598,-59.40923881,-47.13779113,73.32360878,19.24742546,1,1
3.016594887,1,1572446445,AUT,FALSE,TRUE,TRUE,706.3139637,0.978485543,173.9063968,-179.8869312,0.268797555,179.5900341,2.243668873,3.879426572,-1.082421367,-0.580000329,-0.595720271,-0.0944239,-21.56247139,66.67172012,51.00975494,-55.75141639,-47.26449645,74.85577926,19.95762634,1,1
3.117121935,1,1572446445,AUT,FALSE,TRUE,TRUE,713.0700485,30.34323387,175.1707612,-179.8748555,0.00963076,179.5817525,8.283316098,4.861533023,-0.244172389,-0.448537051,-1.20599946,-0.260045543,-18.23758621,67.60745315,50.99833946,-53.06850013,-47.29688964,76.16200218,21.40237999,1,1
3.217612982,1,1572446445,AUT,FALSE,TRUE,TRUE,712.49699,64.85768036,175.1538236,-179.9386291,-0.251672047,179.7028929,12.71216319,1.671835195,-0.917751021,-0.67802143,-1.315545,0.249230616,-15.08007088,67.96533279,50.96511612,-52.14269599,-47.33625915,76.75589561,23.94901084,1,1
3.318138838,1,1572446445,AUT,FALSE,TRUE,TRUE,712.49699,64.85768036,175.1538236,-179.9386291,-0.251672047,179.7028929,12.71216319,1.671835195,-0.917751021,-0.67802143,-1.315545,0.249230616,-12.88468666,67.69966278,50.84193191,-52.86246185,-47.34073059,76.69937096,26.75875053,1,1
3.418673992,1,1572446445,AUT,FALSE,TRUE,TRUE,706.1095816,93.26305006,174.6325473,179.9080042,-0.458024269,179.9806707,13.24466872,-4.979487651,-2.927110364,-0.774500468,-0.56977946,0.903493832,-12.88468666,67.69966278,50.84193191,-52.86246185,-47.34073059,76.69937096,26.75875053,1,1
3.519195795,1,1572446446,AUT,FALSE,TRUE,TRUE,693.2421359,113.7850384,176.3619517,179.8610561,-0.561592581,-179.7470718,12.34636195,-5.220899777,-2.741155481,-0.465010708,-0.501093948,1.013787973,-11.94615211,66.46668091,50.81820831,-55.62884331,-47.18469177,75.97047615,29.60712776,1,1
3.619960785,1,1572446446,AUT,FALSE,TRUE,TRUE,693.2421359,113.7850384,176.3619517,179.8610561,-0.561592581,-179.7470718,12.34636195,-5.220899777,-2.741155481,-0.465010708,-0.501093948,1.013787973,-11.94615211,66.46668091,50.81820831,-55.62884331,-47.18469177,75.97047615,29.60712776,1,1
3.720799923,1,1572446446,AUT,FALSE,TRUE,TRUE,676.4431854,120.7573815,176.5436517,179.9340493,-0.627489167,-179.6904725,9.953584253,-0.161056559,-0.9261327,0.490687225,0.015488842,0.738926192,-12.70412979,64.66618652,50.82745056,-60.00192718,-46.80077453,74.40211258,31.74394454,1,1
3.821868896,1,1572446446,AUT,FALSE,TRUE,TRUE,651.4504691,125.1485006,171.3492244,-179.9321663,-0.516998997,-179.7995894,1.573055708,6.52651878,2.118240503,1.420426235,0.686136071,0.308775594,-14.37193336,62.35344429,50.90090103,-66.66968422,-46.57000122,71.3119503,34.50285186,1,1
3.922415972,1,1572446446,AUT,FALSE,TRUE,TRUE,651.4504691,125.1485006,171.3492244,-179.9321663,-0.516998997,-179.7995894,1.573055708,6.52651878,2.118240503,1.420426235,0.686136071,0.308775594,-14.37193336,62.35344429,50.90090103,-66.66968422,-46.57000122,71.3119503,34.50285186,1,1
4.022967815,1,1572446446,AUT,FALSE,TRUE,TRUE,626.4692529,132.2487252,163.4433244,-179.8313766,-0.19628963,179.9897476,-9.980794347,10.43988115,3.085914153,1.14531977,1.592855163,-0.394126249,-15.67693748,60.42832374,50.94754486,-72.82444496,-46.67222351,67.95386581,37.48450012,1,1
4.123543978,1,1572446446,AUT,FALSE,TRUE,TRUE,611.0449263,144.7520268,159.9456571,-179.8157182,0.083019388,179.8284905,-9.980794347,10.43988115,3.085914153,1.14531977,1.592855163,-0.394126249,-15.58810959,59.29177093,51.0089653,-76.30571708,-46.85184448,65.95664749,39.95297699,1,1
4.224075794,1,1572446446,AUT,FALSE,TRUE,TRUE,611.0449263,144.7520268,159.9456571,-179.8157182,0.083019388,179.8284905,-14.64421367,11.4050567,1.62713548,0.658349742,2.076761239,-0.712107491,-15.58810959,59.29177093,51.0089653,-76.30571708,-46.85184448,65.95664749,39.95297699,1,1
4.324621916,1,1572446446,AUT,FALSE,TRUE,TRUE,607.291014,168.7868115,161.6681575,-179.7894202,0.157300411,179.7514822,-7.765704232,11.68534785,2.90001311,0.71108722,0.85054136,-0.70174821,-13.86861191,59.23995323,51.13039513,-76.19421959,-46.85186096,65.99513397,41.95484733,1,1
4.425125837,1,1572446446,AUT,FALSE,TRUE,TRUE,607.291014,168.7868115,161.6681575,-179.7894202,0.157300411,179.7514822,-7.765704232,11.68534785,2.90001311,0.71108722,0.85054136,-0.70174821,-13.86861191,59.23995323,51.13039513,-76.19421959,-46.85186096,65.99513397,41.95484733,1,1
4.525660992,1,1572446447,AUT,FALSE,TRUE,TRUE,605.0765545,202.2717303,160.5656059,-179.9473945,-0.111670116,179.8325261,-7.765704232,11.68534785,2.90001311,0.71108722,0.85054136,-0.70174821,-10.40702248,60.09230003,51.11393966,-74.17710914,-46.85682128,67.06781158,44.39776726,1,1
4.626221895,1,1572446447,AUT,FALSE,TRUE,TRUE,605.0765545,202.2717303,160.5656059,-179.9473945,-0.111670116,179.8325261,1.804125239,6.613666438,1.871910004,0.233541242,0.274340248,0.032228912,-10.40702248,60.09230003,51.11393966,-74.17710914,-46.85682128,67.06781158,44.39776726,1,1
4.726711988,1,1572446447,AUT,FALSE,TRUE,TRUE,598.9625016,223.9788292,155.9473243,-179.9609504,-0.212106953,179.9927304,4.25255239,2.298716112,0.300184013,-0.145322347,0.078020514,0.285877292,-7.305018994,60.85613136,50.79456024,-73.39840851,-47.13290222,67.18979416,46.46896476,1,1
4.827276945,1,1572446447,AUT,FALSE,TRUE,TRUE,598.9625016,223.9788292,155.9473243,-179.9609504,-0.212106953,179.9927304,4.25255239,2.298716112,0.300184013,-0.145322347,0.078020514,0.285877292,-7.305018994,60.85613136,50.79456024,-73.39840851,-47.13290222,67.18979416,46.46896476,1,1
4.927804947,1,1572446447,AUT,FALSE,TRUE,TRUE,588.8427219,240.4056251,154.2222327,-179.979368,-0.363640044,-179.8491103,6.460843799,0.367830216,-2.477827314,-0.291490023,0.11189097,0.444014135,-5.788627619,60.80940857,50.85242729,-74.04915962,-47.29896606,67.00515174,48.51244926,1,1
5.028292894,1,1572446447,AUT,FALSE,TRUE,TRUE,573.3530842,251.4726819,155.6413467,179.9475252,-0.41217641,-179.7465544,7.657936588,-1.566798359,-3.220975157,-0.272412655,-0.120260496,0.638497553,-5.122533413,59.87117957,51.12440414,-76.16555557,-47.29599426,66.43416481,50.81953354,1,1
5.128862858,1,1572446447,AUT,FALSE,TRUE,TRUE,573.3530842,251.4726819,155.6413467,179.9475252,-0.41217641,-179.7465544,7.657936588,-1.566798359,-3.220975157,-0.272412655,-0.120260496,0.638497553,-5.122533413,59.87117957,51.12440414,-76.16555557,-47.29599426,66.43416481,50.81953354,1,1
5.229400873,1,1572446447,AUT,FALSE,TRUE,TRUE,551.0680185,256.5645554,157.1107175,179.9826174,-0.421521822,-179.6797309,5.307596261,2.964771037,-0.902177655,0.632428747,-0.094035002,0.504909341,-5.323634719,58.00389175,51.39615783,-80.25390472,-47.08411743,64.9307167,53.2891159,1,1
5.330143929,1,1572446447,AUT,FALSE,TRUE,TRUE,551.0680185,256.5645554,157.1107175,179.9826174,-0.421521822,-179.6797309,5.307596261,2.964771037,-0.902177655,0.632428747,-0.094035002,0.504909341,-5.827714919,55.74489326,51.71426696,-85.28869171,-46.9652124,62.73987808,56.15222854,1,1
5.431070805,1,1572446447,AUT,FALSE,TRUE,TRUE,524.4475107,259.6270653,157.6324451,-179.9771538,-0.216950716,-179.7109875,-1.229480538,4.249103673,0.504470626,0.57783075,0.398279863,0.268210507,-5.827714919,55.74489326,51.71426696,-85.28869171,-46.9652124,62.73987808,56.15222854,1,1
5.531848907,1,1572446448,AUT,FALSE,TRUE,TRUE,498.5228488,260.156167,158.5317768,-179.9281312,-0.153805533,-179.8217567,-1.026647036,8.807810108,1.696874229,1.05119884,0.522970735,-0.216731385,-6.425007244,53.29371643,51.97953529,-90.12966957,-46.59325378,60.55189247,58.56951256,1,1
5.632339954,1,1572446448,AUT,FALSE,TRUE,TRUE,498.5228488,260.156167,158.5317768,-179.9281312,-0.153805533,-179.8217567,-1.026647036,8.807810108,1.696874229,1.05119884,0.522970735,-0.216731385,-6.425007244,53.29371643,51.97953529,-90.12966957,-46.59325378,60.55189247,58.56951256,1,1
5.73286581,1,1572446448,AUT,FALSE,TRUE,TRUE,482.1530725,263.223247,158.8342815,-179.8757268,-0.133830525,-179.8975919,-2.705200292,8.687717422,2.062119413,0.851025054,0.72162554,-0.339159748,-6.4654438,52.07507858,52.30132484,-92.76571884,-46.48219299,59.38830299,60.29491539,1,1
13.07017684,2,1572446455,AUT,FALSE,FALSE,TRUE,472.9518308,-399.3101138,170.3614166,-179.9088893,0.066846311,-179.9952081,-30.31199675,-1.519050402,4.684476983,-0.191127108,2.748687548,0.492859218,-70.29113159,58.01288681,52.43799819,-78.15563278,-47.0978833,66.52322616,-12.66815644,0.5,1
13.17111492,2,1572446455,AUT,FALSE,TRUE,TRUE,481.4808298,-398.4029537,170.6823592,179.947597,0.995743883,-179.8935062,-29.332788,-5.283557187,3.732188418,-0.416324764,2.197111967,0.954991709,-69.84167061,58.24836502,52.49142952,-77.62901001,-47.11062744,65.81480026,-12.32108116,1,1
13.27174592,2,1572446455,AUT,FALSE,TRUE,TRUE,481.4808298,-398.4029537,170.6823592,179.947597,0.995743883,-179.8935062,-29.332788,-5.283557187,3.732188418,-0.416324764,2.197111967,0.954991709,-69.84167061,58.24836502,52.49142952,-77.62901001,-47.11062744,65.81480026,-12.32108116,1,1
13.3723228,2,1572446455,AUT,FALSE,TRUE,TRUE,521.5134641,-392.6333105,170.2867838,179.9663537,0.966737307,-179.844794,-14.55814883,-6.251886694,2.104643362,-1.027179255,0.305149215,0.592656812,-64.97259178,61.14962768,52.56499328,-71.30120429,-47.9011267,68.62708397,-11.49723702,1,1
13.47290087,2,1572446455,AUT,FALSE,TRUE,TRUE,559.8588325,-394.0251144,168.3044713,-179.9261969,0.779902307,-179.9214975,-6.759096094,0.358481131,0.501611321,0.005309718,0.313400852,-0.085572176,-59.85566483,64.63936271,52.14465637,-62.97056351,-48.35242858,71.87133293,-12.43247566,1,1
13.57344484,2,1572446456,AUT,FALSE,TRUE,TRUE,559.8588325,-394.0251144,168.3044713,-179.9261969,0.779902307,-179.9214975,-6.759096094,0.358481131,0.501611321,0.005309718,0.313400852,-0.085572176,-59.85566483,64.63936271,52.14465637,-62.97056351,-48.35242858,71.87133293,-12.43247566,1,1
13.67399693,2,1572446456,AUT,FALSE,TRUE,TRUE,599.1469645,-388.5387763,166.5095735,-179.5573775,0.213027929,179.7389524,14.18541856,10.41324378,-1.605324771,0.663184177,-1.871024355,-1.599100055,-54.76989098,68.08210029,51.893787,-54.57152252,-48.71926208,75.81770096,-13.80003319,1,1
13.7745738,2,1572446456,AUT,FALSE,TRUE,TRUE,599.1469645,-388.5387763,166.5095735,-179.5573775,0.213027929,179.7389524,14.18541856,10.41324378,-1.605324771,0.663184177,-1.871024355,-1.599100055,-54.76989098,68.08210029,51.893787,-54.57152252,-48.71926208,75.81770096,-13.80003319,1,1
13.87514687,2,1572446456,AUT,FALSE,TRUE,TRUE,616.2488505,-373.8573221,167.4830788,-179.3493308,-0.229663279,179.5939233,25.43734587,11.78291765,-3.149814162,0.663184177,-1.871024355,-1.599100055,-51.01231956,69.62611198,51.86478653,-50.30829162,-48.7967926,77.41995735,-13.28109741,1,1
13.9757669,2,1572446456,AUT,FALSE,TRUE,TRUE,616.2488505,-373.8573221,167.4830788,-179.3493308,-0.229663279,179.5939233,25.43734587,11.78291765,-3.149814162,0.591054927,-2.132944312,-2.719070522,-51.01231956,69.62611198,51.86478653,-50.30829162,-48.7967926,77.41995735,-13.28109741,1,1
14.07635593,2,1572446456,AUT,FALSE,TRUE,TRUE,620.7814056,-344.5165424,171.8997906,-179.3432078,-0.405260976,179.4589163,14.74662428,12.15526456,-3.441868025,0.62893024,-0.929486758,-2.619635247,-50.0202301,68.28341103,52.25497284,-53.31948623,-48.62190673,76.91067238,-9.98292275,1,1
14.17687488,2,1572446456,AUT,FALSE,TRUE,TRUE,618.3487246,-313.6637302,176.7060364,-179.4509937,-0.297997447,179.3874448,9.118492528,11.82934428,-2.628748209,0.808424308,-0.544494487,-2.215560315,-50.06252746,66.20462951,52.91166687,-58.26530456,-48.43404052,75.48917541,-6.087562181,1,1
14.27743387,2,1572446456,AUT,FALSE,TRUE,TRUE,618.3487246,-313.6637302,176.7060364,-179.4509937,-0.297997447,179.3874448,9.118492528,11.82934428,-2.628748209,0.808424308,-0.544494487,-2.215560315,-50.06252746,66.20462951,52.91166687,-58.26530456,-48.43404052,75.48917541,-6.087562181,1,1
14.37801099,2,1572446456,AUT,FALSE,TRUE,TRUE,609.1892379,-256.8072626,180.3532574,-179.7031902,-0.09359026,179.504392,9.118492528,11.82934428,-2.628748209,0.808424308,-0.544494487,-2.215560315,-49.87342529,62.72689704,53.99499778,-67.01202507,-48.36129455,72.56175156,1.066744994,1,1
14.47858977,2,1572446456,AUT,FALSE,TRUE,TRUE,609.1892379,-256.8072626,180.3532574,-179.7031902,-0.09359026,179.504392,-2.085339818,4.737519235,1.062739653,0.070381537,0.408301125,-0.774711752,-49.87342529,62.72689704,53.99499778,-67.01202507,-48.36129455,72.56175156,1.066744994,1,1
14.57914591,2,1572446457,AUT,FALSE,TRUE,TRUE,593.7749973,-185.7747327,178.6906822,-179.8160364,0.111329208,179.6334607,-8.965377195,3.675111481,1.511580594,0.15695318,0.996470875,-0.23211871,-48.49584961,58.87865409,54.81524048,-76.96711464,-48.29243774,68.47333374,10.03871956,1,1
14.67976999,2,1572446457,AUT,FALSE,TRUE,TRUE,593.7749973,-185.7747327,178.6906822,-179.8160364,0.111329208,179.6334607,-8.965377195,3.675111481,1.511580594,0.15695318,0.996470875,-0.23211871,-48.49584961,58.87865409,54.81524048,-76.96711464,-48.29243774,68.47333374,10.03871956,1,1
14.78061581,2,1572446457,AUT,FALSE,TRUE,TRUE,586.8279853,-136.9555061,177.2206968,-179.9233843,0.366761781,179.7237532,-13.56069261,2.070064065,2.139463481,-0.118098307,1.334313083,-0.051972133,-46.11283951,56.90853767,55.02703628,-81.70917091,-48.19789489,66.20720787,15.91454086,1,1
14.88146281,2,1572446457,AUT,FALSE,TRUE,TRUE,590.7698315,-103.1499889,177.3604732,-179.9109345,0.49368148,179.7735115,-13.01993688,0.81437034,3.908870861,-0.392923449,1.219728387,-0.066914688,-43.09475784,56.42347755,54.96660118,-82.61273803,-48.1366571,65.68408699,19.45112915,1,1
14.98207498,2,1572446457,AUT,FALSE,TRUE,TRUE,590.7698315,-103.1499889,177.3604732,-179.9109345,0.49368148,179.7735115,-13.01993688,0.81437034,3.908870861,-0.392923449,1.219728387,-0.066914688,-39.94212799,56.90637817,54.54961853,-81.51447601,-48.12334167,65.90576706,21.63329201,1,1
15.08263278,2,1572446457,AUT,FALSE,TRUE,TRUE,600.0604375,-78.08852365,175.5606961,-179.9557535,0.480059005,179.7967637,-9.818777549,2.767746859,4.423228783,-0.035458808,0.761390776,0.104778942,-39.94212799,56.90637817,54.54961853,-81.51447601,-48.12334167,65.90576706,21.63329201,1,1
15.1831758,2,1572446457,AUT,FALSE,TRUE,TRUE,615.0403816,-61.51362179,170.6161164,179.9855781,0.641129773,179.9527331,-12.38257925,1.882561506,5.031193049,-0.115910936,1.213591155,0.434834379,-36.76694869,58.12222824,53.56707001,-78.9596672,-48.24312011,66.18525238,22.6263977,1,1
15.28373384,2,1572446457,AUT,FALSE,TRUE,TRUE,635.9976243,-52.25645421,165.0138417,179.8782521,0.731334708,179.9504155,-11.04070547,4.358609712,2.406069822,0.290659621,0.713204404,0.6973251,-33.62479706,60.17524681,52.46443405,-74.58113479,-48.24537231,67.1657238,22.23965835,1,1
15.38429284,2,1572446457,AUT,FALSE,TRUE,TRUE,635.9976243,-52.25645421,165.0138417,179.8782521,0.731334708,179.9504155,-11.04070547,4.358609712,2.406069822,0.290659621,0.713204404,0.6973251,-30.19094124,62.90588493,51.99559249,-68.50228271,-48.35105529,69.35663795,21.11796112,1,1
15.48481798,2,1572446458,AUT,FALSE,TRUE,TRUE,661.143986,-41.77540155,161.8709738,-179.9461717,0.543880808,179.7650863,-3.70334218,9.308981709,0.397360474,0.658023431,-0.071208528,0.248454437,-30.19094124,62.90588493,51.99559249,-68.50228271,-48.35105529,69.35663795,21.11796112,1,1
15.58535194,2,1572446458,AUT,FALSE,TRUE,TRUE,681.8234524,-22.18535185,160.6428499,-179.8754027,0.410022133,179.6337358,-0.980996313,11.22305224,2.764543573,0.632924338,-0.080834344,-0.045924743,-26.69076232,65.23512726,52.09263268,-63.27508049,-48.74701354,71.47303734,21.08273964,1,1
15.68595195,2,1572446458,AUT,FALSE,TRUE,TRUE,681.8234524,-22.18535185,160.6428499,-179.8754027,0.410022133,179.6337358,-0.980996313,11.22305224,2.764543573,0.632924338,-0.080834344,-0.045924743,-26.69076232,65.23512726,52.09263268,-63.27508049,-48.74701354,71.47303734,21.08273964,1,1
15.78653193,2,1572446458,AUT,FALSE,TRUE,TRUE,702.3115551,19.53508687,161.2883582,-179.8512324,0.25938664,179.6360168,1.432363357,8.542191949,-1.20924054,0.253150544,-0.261284181,-0.103025458,-21.96629104,67.27397689,52.07098618,-57.24392967,-49.01147094,73.89483948,22.49452057,1,1
15.88709378,2,1572446458,AUT,FALSE,TRUE,TRUE,702.3115551,19.53508687,161.2883582,-179.8512324,0.25938664,179.6360168,1.432363357,8.542191949,-1.20924054,0.253150544,-0.261284181,-0.103025458,-21.96629104,67.27397689,52.07098618,-57.24392967,-49.01147094,73.89483948,22.49452057,1,1
15.98769498,2,1572446458,AUT,FALSE,TRUE,TRUE,708.532496,56.64415585,164.7095632,-179.9658116,-0.125743004,179.8604207,13.28635637,3.071402847,-0.864659756,0.232493974,-1.412500351,0.348345546,-16.74678955,68.48850517,52.01300239,-54.09066467,-49.01320129,75.6085556,24.56722526,1,1
16.08824897,2,1572446458,AUT,FALSE,TRUE,TRUE,702.5855915,86.81612853,166.4663907,179.9148284,-0.502165264,-179.8990266,15.55626716,-2.506943614,-2.628683174,-0.361002272,-1.012355836,1.104817199,-14.26651268,68.22153739,52.01118965,-54.39374313,-48.915401,76.05018883,27.26595497,1,1
16.18878078,2,1572446458,AUT,FALSE,TRUE,TRUE,702.5855915,86.81612853,166.4663907,179.9148284,-0.502165264,-179.8990266,15.55626716,-2.506943614,-2.628683174,-0.361002272,-1.012355836,1.104817199,-14.26651268,68.22153739,52.01118965,-54.39374313,-48.915401,76.05018883,27.26595497,1,1
16.28933883,2,1572446458,AUT,FALSE,TRUE,TRUE,687.2506988,102.9565364,168.1049312,179.8501183,-0.627959516,-179.6947981,14.8809022,-4.554967311,-2.12856176,-0.070725062,-0.512409085,1.431891683,-13.93926429,66.72824821,52.01824836,-57.98273277,-48.66583007,75.05205688,30.15534553,1,1
16.39036083,2,1572446458,AUT,FALSE,TRUE,TRUE,665.1744035,109.3501713,168.4327412,179.9567999,-0.506497336,-179.7346943,6.897381434,2.604370725,-0.544942285,0.891077724,0.087556536,0.880806657,-15.37142143,64.31473388,52.11216087,-63.94111633,-48.26279663,72.73300094,32.78626899,1,1
16.49123478,2,1572446459,AUT,FALSE,TRUE,TRUE,665.1744035,109.3501713,168.4327412,179.9567999,-0.506497336,-179.7346943,6.897381434,2.604370725,-0.544942285,0.891077724,0.087556536,0.880806657,-15.37142143,64.31473388,52.11216087,-63.94111633,-48.26279663,72.73300094,32.78626899,1,1
16.59193897,2,1572446459,AUT,FALSE,TRUE,TRUE,639.0464747,114.7940677,166.9382505,-179.8901916,-0.082555773,-179.9590883,-6.759643085,8.47869545,1.690360762,1.085489966,1.037720329,-0.094798457,-17.18046112,61.66094513,52.35367126,-70.80077018,-48.07322753,69.57231674,35.71185608,1,1
16.69246984,2,1572446459,AUT,FALSE,TRUE,TRUE,639.0464747,114.7940677,166.9382505,-179.8901916,-0.082555773,-179.9590883,-6.759643085,8.47869545,1.690360762,1.085489966,1.037720329,-0.094798457,-17.72401657,60.30462456,52.66414146,-74.29717254,-48.04302062,67.90814896,37.61973839,1,1
16.79300284,2,1572446459,AUT,FALSE,TRUE,TRUE,624.0712963,126.4853551,166.4613767,-179.7773746,0.147700465,179.7698678,-15.65337042,16.21541615,4.450516323,1.875725453,2.077970295,-0.760354681,-17.72401657,60.30462456,52.66414146,-74.29717254,-48.04302062,67.90814896,37.61973839,1,1
16.89356589,2,1572446459,AUT,FALSE,TRUE,TRUE,614.090314,147.9950602,165.2999564,-179.7925489,0.249035723,179.6732287,-11.21039825,11.87508493,3.538818665,0.479437205,1.431832644,-0.735418099,-16.01422119,59.88759384,52.83508529,-75.60703125,-48.1423645,67.17199287,40.42913818,1,1
16.99416184,2,1572446459,AUT,FALSE,TRUE,TRUE,614.090314,147.9950602,165.2999564,-179.7925489,0.249035723,179.6732287,-11.21039825,11.87508493,3.538818665,0.479437205,1.431832644,-0.735418099,-16.01422119,59.88759384,52.83508529,-75.60703125,-48.1423645,67.17199287,40.42913818,1,1
17.0946908,2,1572446459,AUT,FALSE,TRUE,TRUE,613.2388167,174.0678353,161.438544,-179.8875515,0.144456216,179.7482525,-3.715214527,9.365507435,1.822602836,0.139761836,0.663256271,-0.188808544,-13.14592438,60.76126785,52.62708664,-74.27060623,-48.41453979,67.52555694,42.52761268,1,1
17.19522285,2,1572446459,AUT,FALSE,TRUE,TRUE,613.2388167,174.0678353,161.438544,-179.8875515,0.144456216,179.7482525,-3.715214527,9.365507435,1.822602836,0.139761836,0.663256271,-0.188808544,-10.01262359,61.72583313,52.51272583,-72.67203369,-48.56582153,68.22197685,44.57339744,1,1
17.29577589,2,1572446459,AUT,FALSE,TRUE,TRUE,610.4923308,207.067294,158.3445453,-179.9291126,-0.23497947,179.8942288,9.25678443,2.433266836,-1.68252516,-0.429728948,-0.581153121,0.438380282,-10.01262359,61.72583313,52.51272583,-72.67203369,-48.56582153,68.22197685,44.57339744,1,1
17.39631987,2,1572446459,AUT,FALSE,TRUE,TRUE,610.4923308,207.067294,158.3445453,-179.9291126,-0.23497947,179.8942288,9.25678443,2.433266836,-1.68252516,-0.429728948,-0.581153121,0.438380282,-7.349688719,61.2615612,52.77486648,-74.02228775,-48.61097534,68.11766166,48.4635807,1,1
17.49689698,2,1572446460,AUT,FALSE,TRUE,TRUE,591.0089441,233.4929571,158.9186026,179.9744378,-0.420672066,-179.9469351,9.99125744,0.271674847,-2.649258691,-0.282344707,-0.355586419,0.938845221,-7.349688719,61.2615612,52.77486648,-74.02228775,-48.61097534,68.11766166,48.4635807,1,1
17.59748578,2,1572446460,AUT,FALSE,TRUE,TRUE,566.7793734,249.5192264,161.4218913,179.928794,-0.427629152,-179.7061188,9.364680274,-3.226584415,-2.86361232,-0.271057841,-0.559971684,1.099141059,-6.411164469,59.58468018,53.02567406,-77.54739532,-48.4420111,67.04158516,51.95761757,1,1
17.69804978,2,1572446460,AUT,FALSE,TRUE,TRUE,566.7793734,249.5192264,161.4218913,179.928794,-0.427629152,-179.7061188,9.364680274,-3.226584415,-2.86361232,-0.271057841,-0.559971684,1.099141059,-6.411164469,59.58468018,53.02567406,-77.54739532,-48.4420111,67.04158516,51.95761757,1,1
17.79854393,2,1572446460,AUT,FALSE,TRUE,TRUE,528.4514127,257.5178434,162.784511,-179.9992722,-0.285733434,-179.6914452,2.892757545,4.196209793,0.847742015,0.940017709,0.052378578,0.578178468,-6.659781644,56.89767151,53.34818458,-84.47471466,-48.01664794,64.21098861,56.16789779,1,1
17.89906883,2,1572446460,AUT,FALSE,TRUE,TRUE,528.4514127,257.5178434,162.784511,-179.9992722,-0.285733434,-179.6914452,2.892757545,4.196209793,0.847742015,0.940017709,0.052378578,0.578178468,-6.659781644,56.89767151,53.34818458,-84.47471466,-48.01664794,64.21098861,56.16789779,1,1
17.999681,2,1572446460,AUT,FALSE,TRUE,TRUE,499.79671,256.1694579,160.8129354,-179.9235611,-0.162437961,-179.6867595,-0.579158448,5.536033347,2.530238057,0.832461176,0.408708393,0.014055424,-7.548283763,53.86305198,53.44898758,-90.16226806,-47.73448608,61.51673241,58.85173416,1,1
18.10070086,2,1572446460,AUT,FALSE,TRUE,TRUE,499.79671,256.1694579,160.8129354,-179.9235611,-0.162437961,-179.6867595,-0.579158448,5.536033347,2.530238057,0.832461176,0.408708393,0.014055424,-7.548283763,53.86305198,53.44898758,-90.16226806,-47.73448608,61.51673241,58.85173416,1,1
18.20155787,2,1572446460,AUT,FALSE,TRUE,TRUE,473.1396937,252.0759998,157.6685161,-179.9014192,0.00923595,-179.7450308,-5.508033077,6.348403255,1.357252055,0.705160883,0.988638349,-0.08257185,-8.446532819,51.48347168,53.48058357,-95.39070968,-47.62726501,58.73406715,61.26556091,1,1
24.99995899,3,1572446467,AUT,FALSE,FALSE,TRUE,473.2960578,-399.2787804,170.465398,-179.8999547,0.141134944,-179.9869668,-31.98067763,-0.194920646,5.005657629,-0.07445988,2.82589827,0.466201246,-71.02141685,58.84741173,54.11708679,-78.15059967,-48.67591003,67.2414608,-11.90985947,0.5,1
25.10057187,3,1572446467,AUT,FALSE,TRUE,TRUE,484.1842803,-395.7811015,171.0635915,-179.9123795,0.86734008,179.9798778,-27.27047019,-5.858482163,4.621406488,-1.118032757,1.643808953,0.734545058,-70.1544136,59.26119461,54.28903656,-77.29410896,-48.71896545,67.01465835,-11.45623741,0.5,1
25.20110989,3,1572446467,AUT,FALSE,TRUE,TRUE,484.1842803,-395.7811015,171.0635915,-179.9123795,0.86734008,179.9798778,-27.27047019,-5.858482163,4.621406488,-1.118032757,1.643808953,0.734545058,-70.1544136,59.26119461,54.28903656,-77.29410896,-48.71896545,67.01465835,-11.45623741,1,1
25.30180097,3,1572446467,AUT,FALSE,TRUE,TRUE,522.4775838,-389.8384897,170.6530556,179.9858157,0.902998908,-179.8214905,-11.51172698,-6.613846038,2.731997177,-0.568380894,0.327343406,0.556267562,-65.31136551,61.92216567,54.26962509,-71.24935569,-49.5439508,69.39929581,-10.49494057,1,1
25.40236282,3,1572446467,AUT,FALSE,TRUE,TRUE,550.0991089,-392.8115953,169.6182633,-179.8884725,0.762439405,-179.827289,-7.527236213,-1.627114061,1.220590441,0.045327353,0.213203408,0.169385676,-61.54557838,64.36069793,53.76839447,-65.0811058,-49.75394897,71.70484543,-11.47389794,1,1
25.50285196,3,1572446468,AUT,FALSE,TRUE,TRUE,550.0991089,-392.8115953,169.6182633,-179.8884725,0.762439405,-179.827289,-7.527236213,-1.627114061,1.220590441,0.045327353,0.213203408,0.169385676,-57.96571769,66.85003509,53.45346107,-58.79770203,-49.85965393,74.09014549,-12.76487389,1,1
25.60343599,3,1572446468,AUT,FALSE,TRUE,TRUE,575.0241461,-394.4860425,168.4117337,-179.7236988,0.581040282,179.9620295,4.051401138,7.500824232,0.301926918,0.732122395,-0.66810116,-0.960932029,-57.96571769,66.85003509,53.45346107,-58.79770203,-49.85965393,74.09014549,-12.76487389,1,1
25.70398498,3,1572446468,AUT,FALSE,TRUE,TRUE,599.3984397,-385.4817169,167.4088971,-179.3930946,0.103290604,179.6554948,17.95310998,10.51946129,-1.170432705,0.731890495,-2.252838101,-2.054392032,-54.19510345,68.98840026,53.47192154,-53.45721016,-50.1261383,76.48327674,-13.21599656,1,1
25.80447388,3,1572446468,AUT,FALSE,TRUE,TRUE,609.646979,-368.8234431,166.1592304,-179.245048,-0.287232596,179.4785532,22.08437982,13.81264288,-3.512317302,0.813397116,-2.214077773,-3.034875141,-52.36582832,69.33885727,53.47163658,-52.86639633,-50.14335937,77.01175346,-11.96709137,1,1
25.90509796,3,1572446468,AUT,FALSE,TRUE,TRUE,609.646979,-368.8234431,166.1592304,-179.245048,-0.287232596,179.4785532,22.08437982,13.81264288,-3.512317302,0.813397116,-2.214077773,-3.034875141,-51.65618019,68.50030174,53.70107231,-55.50554237,-50.13250488,76.25303077,-9.168231588,1,1
26.0056529,3,1572446468,AUT,FALSE,TRUE,TRUE,612.7093459,-344.9368762,165.7100825,-179.2647158,-0.438020503,179.3862597,17.34583406,12.54263077,-3.803793748,0.525658264,-1.467761627,-2.925322639,-51.65618019,68.50030174,53.70107231,-55.50554237,-50.13250488,76.25303077,-9.168231588,1,1
26.10618782,3,1572446468,AUT,FALSE,TRUE,TRUE,610.4220119,-309.3312361,166.8939706,-179.3915743,-0.286552422,179.304196,8.29417021,11.47455139,-1.067314598,0.401510156,-0.525041559,-2.164878336,-51.56965599,66.55605125,54.32590942,-61.02865104,-50.11248779,74.35963325,-4.587420275,1,1
26.20675898,3,1572446468,AUT,FALSE,TRUE,TRUE,603.478655,-263.3314258,169.2723305,-179.575274,-0.081918606,179.3307712,0.121387113,8.716734185,-1.498740537,0.348595009,0.117998375,-1.185729301,-51.36869544,63.88976898,55.16096992,-68.10120277,-50.12229858,71.89451408,1.397361369,1,1
26.30728698,3,1572446468,AUT,FALSE,TRUE,TRUE,603.478655,-263.3314258,169.2723305,-179.575274,-0.081918606,179.3307712,0.121387113,8.716734185,-1.498740537,0.348595009,0.117998375,-1.185729301,-50.53905601,61.1826416,55.90927276,-74.72201042,-50.12239196,69.55743026,7.503953931,1,1
26.40777588,3,1572446468,AUT,FALSE,TRUE,TRUE,594.3278809,-214.8278456,171.81489,-179.6881435,0.07191367,179.4960981,-8.741557132,4.957417725,0.4954103,0.224467655,0.866840205,-0.481076582,-50.53905601,61.1826416,55.90927276,-74.72201042,-50.12239196,69.55743026,7.503953931,1,1
26.508322,3,1572446469,AUT,FALSE,TRUE,TRUE,584.8643774,-156.4048938,174.6242455,-179.8595149,0.285730409,179.6376111,-10.18980086,2.217543514,1.68727099,-0.060288629,0.790553792,-0.171411011,-48.3436203,58.40280876,56.6036087,-81.06821479,-49.95331237,67.18824921,14.71083755,1,1
26.60885191,3,1572446469,AUT,FALSE,TRUE,TRUE,584.8643774,-156.4048938,174.6242455,-179.8595149,0.285730409,179.6376111,-10.18980086,2.217543514,1.68727099,-0.060288629,0.790553792,-0.171411011,-45.76660881,57.17414245,56.64783211,-83.431604,-49.7638916,66.11868553,18.87516403,1,1
26.70941877,3,1572446469,AUT,FALSE,TRUE,TRUE,583.5667966,-119.0040863,175.5889986,-179.8776002,0.437492667,179.7436611,-13.81341063,2.368629148,2.65907133,0.155326974,1.431435178,-0.01510044,-45.76660881,57.17414245,56.64783211,-83.431604,-49.7638916,66.11868553,18.87516403,1,1
26.81002688,3,1572446469,AUT,FALSE,TRUE,TRUE,590.0092712,-89.11012072,175.736892,-179.829453,0.567962439,179.740697,-12.55547121,4.776222051,4.554334265,0.085927257,1.0067201,-0.239242982,-42.73111381,57.04199066,56.44135093,-83.37375068,-49.62643066,65.93079872,21.672472,1,1
26.911134,3,1572446469,AUT,FALSE,TRUE,TRUE,602.4347076,-64.43816878,173.861247,-179.9849773,0.690760899,179.7705592,-14.22070269,3.216000855,3.573010958,-0.11519129,1.17571486,0.235544495,-39.26651344,57.78611869,55.88594055,-81.58048667,-49.63769714,66.23681602,23.70977669,1,1
27.01181293,3,1572446469,AUT,FALSE,TRUE,TRUE,623.7793966,-51.0545459,170.7557777,179.888392,0.839985992,-179.9720822,-17.15641919,2.452106774,5.166934658,0.292040251,1.459599248,0.911824969,-35.63392181,59.41919861,54.75433502,-77.3944622,-49.71799072,67.27108955,23.96304244,1,1
27.112396,3,1572446469,AUT,FALSE,TRUE,TRUE,623.7793966,-51.0545459,170.7557777,179.888392,0.839985992,-179.9720822,-17.15641919,2.452106774,5.166934658,0.292040251,1.459599248,0.911824969,-35.63392181,59.41919861,54.75433502,-77.3944622,-49.71799072,67.27108955,23.96304244,1,1
27.21295381,3,1572446469,AUT,FALSE,TRUE,TRUE,649.8641979,-44.65817404,166.3490087,-179.9870433,0.696267222,179.9286445,-7.066647837,6.213505198,3.512358474,0.642345712,0.176035174,0.339928592,-32.19125633,62.04170722,53.73313179,-71.32600937,-49.63704345,69.15865402,22.42073364,1,1
27.31344795,3,1572446469,AUT,FALSE,TRUE,TRUE,672.4323188,-29.86152598,162.1670373,-179.72215,0.439250911,179.6458088,2.977612702,12.60742437,0.622861251,0.811563766,-0.91438025,-0.424615436,-28.75189704,64.79826622,53.64779548,-65.60739555,-49.97751525,71.25642814,21.58920593,1,1
27.41399884,3,1572446469,AUT,FALSE,TRUE,TRUE,672.4323188,-29.86152598,162.1670373,-179.72215,0.439250911,179.6458088,2.977612702,12.60742437,0.622861251,0.811563766,-0.91438025,-0.424615436,-28.75189704,64.79826622,53.64779548,-65.60739555,-49.97751525,71.25642814,21.58920593,1,1
27.51454377,3,1572446470,AUT,FALSE,TRUE,TRUE,689.7578127,6.662049168,158.2519499,-179.7882228,0.352178959,179.5504085,2.431279525,7.106343561,0.733194522,-0.118256185,-0.637718539,-0.294212444,-24.02789611,67.10449562,53.89255371,-61.00410347,-50.68934143,72.85830688,23.33759765,1,1
27.61502981,3,1572446470,AUT,FALSE,TRUE,TRUE,696.4054249,40.87639214,157.1757775,-179.8181656,0.156337865,179.6708436,5.931152658,8.360407591,-2.738729246,0.686742185,-0.773401074,-0.001567031,-20.19237671,68.10462913,53.77878341,-58.55477371,-50.85242248,73.83671493,25.3674694,1,1
27.71564198,3,1572446470,AUT,FALSE,TRUE,TRUE,696.0306699,72.26104458,158.8007042,179.9766515,-0.25112959,179.9894145,18.50981235,-4.771631963,-3.324418699,-0.84618357,-2.166861367,0.630771837,-17.00004501,68.37992935,53.64474334,-57.35343246,-50.80912536,74.81735458,27.77503395,1,1
27.81617689,3,1572446470,AUT,FALSE,TRUE,TRUE,696.0306699,72.26104458,158.8007042,179.9766515,-0.25112959,179.9894145,18.50981235,-4.771631963,-3.324418699,-0.84618357,-2.166861367,0.630771837,-15.48296356,67.74783439,53.64740409,-58.58318023,-50.60323059,74.97357673,30.09759521,1,1
27.91665077,3,1572446470,AUT,FALSE,TRUE,TRUE,687.0294086,93.92816489,160.8368368,179.982567,-0.659871477,-179.7558647,21.19603251,-5.332632476,-2.053695339,-0.294101504,-1.497615308,1.054320132,-15.48296356,67.74783439,53.64740409,-58.58318023,-50.60323059,74.97357673,30.09759521,1,1
28.01718497,3,1572446470,AUT,FALSE,TRUE,TRUE,671.1360365,106.9133398,161.3227614,179.9213289,-0.629606676,-179.6758188,15.47123327,-4.435526574,-1.581569552,-0.139150226,-0.543864403,1.046107893,-15.64127998,66.21244011,53.66537361,-62.46256256,-50.37376464,73.59881973,32.83482856,1,1
28.1177578,3,1572446470,AUT,FALSE,TRUE,TRUE,650.3903005,115.9236326,158.8633572,-179.8155264,-0.303345201,-179.8798594,-1.450830681,7.618819533,1.149776988,1.20455722,0.559037833,0.027323192,-16.68300704,64.28661575,53.7078598,-67.87867469,-50.20484436,71.00929069,35.44181556,1,1
28.21830297,3,1572446470,AUT,FALSE,TRUE,TRUE,630.7419453,128.4131389,156.8542545,-179.7301003,0.062504514,179.8558166,-13.17831552,12.462518,1.592605819,1.23944665,1.687444131,-0.598924968,-17.19835853,62.66058083,53.90607032,-72.50428276,-50.21869262,68.70177383,38.30294036,1,1
28.31885386,3,1572446470,AUT,FALSE,TRUE,TRUE,630.7419453,128.4131389,156.8542545,-179.7301003,0.062504514,179.8558166,-13.17831552,12.462518,1.592605819,1.23944665,1.687444131,-0.598924968,-17.19835853,62.66058083,53.90607032,-72.50428276,-50.21869262,68.70177383,38.30294036,1,1
28.41942096,3,1572446470,AUT,FALSE,TRUE,TRUE,621.7093911,144.7217728,158.5368225,-179.7335216,0.438222139,179.7720665,-18.80520945,15.21007959,3.36845868,1.206728362,2.056537078,-0.859975684,-16.37478904,61.80740661,54.04812355,-74.27785034,-50.28499511,67.81599083,40.47532539,1,1
28.52010393,3,1572446471,AUT,FALSE,TRUE,TRUE,621.1954501,163.3709305,160.7247032,-179.7146875,0.362330256,179.6853927,-9.733894539,12.51996179,5.509401146,0.827581254,0.918902137,-0.918514169,-14.44570999,62.00191612,54.08995743,-73.29023438,-50.09296508,68.37503013,41.65468368,1,1
28.62083983,3,1572446471,AUT,FALSE,TRUE,TRUE,620.8539666,188.0682417,159.8667215,-179.7675577,0.159445586,179.6702739,-2.584862163,7.933598951,3.221384471,-0.029270795,0.332468394,-0.502252595,-11.70930404,62.77930526,54.06097069,-71.58655357,-50.11738769,69.11181449,43.2042469,1,1
28.72157598,3,1572446471,AUT,FALSE,TRUE,TRUE,620.8539666,188.0682417,159.8667215,-179.7675577,0.159445586,179.6702739,-2.584862163,7.933598951,3.221384471,-0.029270795,0.332468394,-0.502252595,-8.877176281,63.66731987,53.81260414,-70.07978554,-50.33834472,69.57933426,45.01532936,1,1
28.82363296,3,1572446471,AUT,FALSE,TRUE,TRUE,618.8189854,212.6208572,155.9534122,-179.8538176,0.007774115,179.8217386,2.434638051,3.59306258,2.698019753,-0.558732249,0.153495854,0.014916877,-8.877176281,63.66731987,53.81260414,-70.07978554,-50.33834472,69.57933426,45.01532936,1,1
28.92420483,3,1572446471,AUT,FALSE,TRUE,TRUE,611.0533093,235.3970564,150.4836908,-179.9392191,-0.340043987,179.962578,10.89170624,2.060703296,-0.245546856,-0.218143469,-0.510148405,0.379408557,-6.488813781,64.30762367,53.60145721,-69.61455574,-50.47225158,69.67830734,47.11124611,1,1
29.02473497,3,1572446471,AUT,FALSE,TRUE,TRUE,595.3533091,257.2236946,148.1743672,179.9679848,-0.465926543,-179.8973484,12.79392609,-3.580213049,-5.00284194,-0.923825114,-0.627564706,0.989959887,-4.741386794,64.09292679,53.78722572,-71.01480789,-50.75231506,69.24900627,50.12453499,1,1
29.1252358,3,1572446471,AUT,FALSE,TRUE,TRUE,574.1430132,272.7720679,150.8352309,179.9239113,-0.388073888,-179.6665079,8.902325448,-3.607075084,-2.915612476,-0.322666422,-0.239307594,1.332156894,-3.8443634,62.75286598,54.07656784,-74.01748809,-50.80008361,68.44009666,53.38608055,1,1
29.22578382,3,1572446471,AUT,FALSE,TRUE,TRUE,574.1430132,272.7720679,150.8352309,179.9239113,-0.388073888,-179.6665079,8.902325448,-3.607075084,-2.915612476,-0.322666422,-0.239307594,1.332156894,-3.8443634,62.75286598,54.07656784,-74.01748809,-50.80008361,68.44009666,53.38608055,1,1
29.32632589,3,1572446471,AUT,FALSE,TRUE,TRUE,551.6307806,278.6641843,154.0185992,179.8372415,-0.275546984,-179.5233355,4.354490557,-2.039009059,-1.828942719,0.308143675,-0.167771025,1.39110695,-3.888892363,60.72886848,54.19093894,-78.08590736,-50.46094665,67.05488891,56.21648483,1,1
29.42682195,3,1572446471,AUT,FALSE,TRUE,TRUE,528.8690219,276.2404381,155.4288869,179.957681,-0.213960727,-179.529709,2.141511474,1.892875508,1.007216164,0.748024823,0.291198153,0.81829377,-4.767750544,58.49460639,54.1892189,-82.69220695,-49.94697326,65.09916114,58.23986434,1,1
29.52738881,3,1572446472,AUT,FALSE,TRUE,TRUE,528.8690219,276.2404381,155.4288869,179.957681,-0.213960727,-179.529709,2.141511474,1.892875508,1.007216164,0.748024823,0.291198153,0.81829377,-4.767750544,58.49460639,54.1892189,-82.69220695,-49.94697326,65.09916114,58.23986434,1,1
29.62794685,3,1572446472,AUT,FALSE,TRUE,TRUE,503.7042474,270.1761321,153.8096827,-179.905497,-0.212365489,-179.6668937,0.077881468,5.52865501,2.049890583,0.638011795,0.530424176,0.065356696,-6.165918731,56.15844612,54.31043586,-88.17194366,-49.63486816,62.57593803,60.2977478,1,1
29.72843194,3,1572446472,AUT,FALSE,TRUE,TRUE,482.5237827,265.2747513,151.1369393,-179.8450809,-0.086841124,-179.7263921,-3.807535899,6.706510173,2.780521227,0.732817705,1.108381184,-0.06263228,-7.200078963,54.39388389,54.44697533,-92.53730278,-49.73814514,60.39599648,62.27529029,1,1
36.66992879,4,1572446479,AUT,FALSE,FALSE,TRUE,472.7509452,-399.5972719,170.3066722,-179.9404371,0.076266058,-179.9922091,-24.87777252,-2.142314462,4.542849871,-0.205083242,2.380656449,0.446740401,-71.29365119,59.10111351,54.57537803,-78.15260124,-49.14050537,67.51991615,-11.69008484,1,1
36.77071881,4,1572446479,AUT,FALSE,TRUE,TRUE,487.2922171,-398.0329061,172.1983813,179.9490157,0.938423368,-179.8694856,-21.79177494,-6.06460444,2.507759018,-0.205083242,2.380656449,0.446740401,-70.07940444,59.66205826,54.73785209,-76.63561592,-49.24478759,67.55461921,-11.30344849,1,1
36.87153983,4,1572446479,AUT,FALSE,TRUE,TRUE,487.2922171,-398.0329061,172.1983813,179.9490157,0.938423368,-179.8694856,-21.79177494,-6.06460444,2.507759018,-0.408814996,1.245822886,0.848776499,-70.07940444,59.66205826,54.73785209,-76.63561592,-49.24478759,67.55461921,-11.30344849,1,1
36.97224689,4,1572446479,AUT,FALSE,TRUE,TRUE,525.6049897,-398.6817228,173.2810187,-179.9802949,0.826292749,-179.8412362,-9.82129556,-0.773453039,2.11239847,-0.49303541,-0.023344403,0.297798909,-65.21893959,62.60012855,54.58789558,-69.38837814,-49.82414611,70.60338363,-11.56177826,1,1
37.0727818,4,1572446479,AUT,FALSE,TRUE,TRUE,525.6049897,-398.6817228,173.2810187,-179.9802949,0.826292749,-179.8412362,-9.82129556,-0.773453039,2.11239847,-0.49303541,-0.023344403,0.297798909,-65.21893959,62.60012855,54.58789558,-69.38837814,-49.82414611,70.60338363,-11.56177826,1,1
37.17327881,4,1572446479,AUT,FALSE,TRUE,TRUE,564.2453218,-396.3976345,171.1648404,-179.7631586,0.58809163,179.9402627,4.16928534,6.118149907,-0.192707898,0.855687311,-0.685020816,-0.626708309,-59.80403594,66.10470543,54.37228546,-61.02484016,-50.35648315,73.79055519,-12.42419472,1,1
37.27380085,4,1572446479,AUT,FALSE,TRUE,TRUE,585.882375,-385.413951,169.3861789,-179.4844537,0.235644444,179.674654,15.44330919,9.442918278,-1.843303178,0.655491276,-2.292553548,-1.902310377,-56.50718994,67.80765838,54.38047714,-57.05036773,-50.60591125,75.50980224,-12.28033219,1,1
37.37434077,4,1572446479,AUT,FALSE,TRUE,TRUE,585.882375,-385.413951,169.3861789,-179.4844537,0.235644444,179.674654,15.44330919,9.442918278,-1.843303178,0.655491276,-2.292553548,-1.902310377,-54.01353034,68.31934661,54.38876152,-56.14729499,-50.66931884,76.04199028,-10.47369233,1,1
37.47485781,4,1572446479,AUT,FALSE,TRUE,TRUE,601.2500156,-363.4893395,167.7115376,-179.3590987,-0.076601862,179.4865578,18.15049657,12.87406734,-3.471758564,0.895699947,-2.002446113,-2.592493721,-54.01353034,68.31934661,54.38876152,-56.14729499,-50.66931884,76.04199028,-10.47369233,1,1
37.57541299,4,1572446480,AUT,FALSE,TRUE,TRUE,601.2500156,-363.4893395,167.7115376,-179.3590987,-0.076601862,179.4865578,18.15049657,12.87406734,-3.471758564,0.895699947,-2.002446113,-2.592493721,-52.04309463,67.22922821,54.80811996,-59.28015289,-50.66530334,75.20710144,-6.014207844,1,1
37.67596984,4,1572446480,AUT,FALSE,TRUE,TRUE,611.1158732,-323.1707234,169.7231082,-179.4188912,-0.129253562,179.4044645,9.612323136,10.94779777,-3.451421431,0.803101838,-0.72385741,-2.049006529,-52.04309463,67.22922821,54.80811996,-59.28015289,-50.66530334,75.20710144,-6.014207844,1,1
37.77645683,4,1572446480,AUT,FALSE,TRUE,TRUE,612.1400114,-255.115437,174.2191882,-179.6178082,-0.031831423,179.471647,1.571914191,7.010037995,-2.737840907,0.419868797,-0.1150605,-1.116482141,-50.24678879,64.18292198,55.81263771,-66.93364791,-50.60710327,72.88071556,2.18868255,1,1
37.87698078,4,1572446480,AUT,FALSE,TRUE,TRUE,612.1400114,-255.115437,174.2191882,-179.6178082,-0.031831423,179.471647,1.571914191,7.010037995,-2.737840907,0.419868797,-0.1150605,-1.116482141,-50.24678879,64.18292198,55.81263771,-66.93364791,-50.60710327,72.88071556,2.18868255,1,1
37.97750783,4,1572446480,AUT,FALSE,TRUE,TRUE,606.9623142,-197.3452637,177.4081056,-179.7516596,0.120270829,179.568886,-5.632661788,5.977042127,1.219652091,0.661521468,0.728317624,-0.593872087,-48.36819534,61.57317123,56.56449738,-73.29225311,-50.48444641,70.70563888,9.160640713,1,1
38.077986,4,1572446480,AUT,FALSE,TRUE,TRUE,606.9623142,-197.3452637,177.4081056,-179.7516596,0.120270829,179.568886,-5.632661788,5.977042127,1.219652091,0.661521468,0.728317624,-0.593872087,-48.36819534,61.57317123,56.56449738,-73.29225311,-50.48444641,70.70563888,9.160640713,1,1
38.17854786,4,1572446480,AUT,FALSE,TRUE,TRUE,600.5028469,-127.0130643,178.0220215,-179.8028411,0.296801923,179.6628347,-9.498839095,3.547170113,0.242676392,0.287087659,0.81394982,-0.309490753,-45.61843758,59.44496497,57.03155708,-78.42127533,-50.30965942,68.36748046,17.22558059,1,1
38.27907801,4,1572446480,AUT,FALSE,TRUE,TRUE,602.125362,-89.77716972,177.4887881,-179.9261311,0.466131521,179.7588395,-14.52940495,0.313087974,3.035894304,-0.024424882,1.562969234,0.083471839,-41.77834854,58.45817299,56.96860199,-80.59546966,-50.27803527,67.58509254,21.27155342,1,1
38.37960601,4,1572446480,AUT,FALSE,TRUE,TRUE,611.853484,-64.55718536,175.6454935,179.9146441,0.671592156,-179.9865531,-15.0000908,-4.884836913,5.440573821,-0.607763512,1.394725378,0.739689481,-38.46669502,58.75710754,56.26498604,-79.49020386,-50.27776062,67.52606849,23.56334609,1,1
38.48046279,4,1572446480,AUT,FALSE,TRUE,TRUE,630.5556977,-56.27591965,171.4966011,179.8787287,0.735495784,-179.7796382,-15.0000908,-4.884836913,5.440573821,-0.607763512,1.394725378,0.739689481,-35.3595314,60.19558181,54.88847465,-75.66902847,-50.09832641,68.27623558,23.17473907,1,1
38.58113098,4,1572446481,AUT,FALSE,TRUE,TRUE,630.5556977,-56.27591965,171.4966011,179.8787287,0.735495784,-179.7796382,-12.17073636,-3.126884793,3.333990927,-0.136975482,0.679428998,1.008099175,-35.3595314,60.19558181,54.88847465,-75.66902847,-50.09832641,68.27623558,23.17473907,1,1
38.68202877,4,1572446481,AUT,FALSE,TRUE,TRUE,653.1002123,-53.42962025,167.0640106,-179.9715135,0.655554789,179.9291063,-5.420271934,5.735752344,-0.792714518,0.414555594,-0.292303902,0.08713719,-32.67837639,62.5477375,54.05698471,-70.34359474,-49.95683898,69.76844673,21.44259681,1,1
38.78252292,4,1572446481,AUT,FALSE,TRUE,TRUE,673.7963685,-42.25243936,165.3283995,-179.8066758,0.57334711,179.7030974,-3.314364416,12.30855128,-0.498347391,0.876969651,-0.257752507,-0.226632775,-29.77382469,64.94163437,54.18665084,-65.16659317,-50.3990277,71.71995506,20.64234924,1,1
38.88309479,4,1572446481,AUT,FALSE,TRUE,TRUE,691.2992455,-18.58519475,164.9144366,-179.7371276,0.49878252,179.5729456,0.422691429,7.096424202,-2.08967014,0.136615393,-0.697952562,-0.462591338,-26.11021041,66.89161491,54.41935157,-60.56823463,-50.83210327,73.52812271,21.07131386,1,1
38.98362279,4,1572446481,AUT,FALSE,TRUE,TRUE,691.2992455,-18.58519475,164.9144366,-179.7371276,0.49878252,179.5729456,0.422691429,7.096424202,-2.08967014,0.136615393,-0.697952562,-0.462591338,-26.11021041,66.89161491,54.41935157,-60.56823463,-50.83210327,73.52812271,21.07131386,1,1
39.08418989,4,1572446481,AUT,FALSE,TRUE,TRUE,703.0284955,15.48724263,164.8023432,-179.7262504,0.269137074,179.5006763,2.038224268,10.00890935,1.103558378,0.026853628,-0.439670027,-0.589400411,-21.97455482,68.28007049,54.39276809,-56.90119056,-50.94590515,75.02016563,22.55802154,1,1
39.18472481,4,1572446481,AUT,FALSE,TRUE,TRUE,707.5645047,57.39891164,163.5480248,-179.8969187,0.009732861,179.6500184,8.220540184,8.436602636,-0.711520398,0.679522245,-0.769152873,0.253333334,-17.58517341,69.20721359,54.23527908,-54.54999275,-51.05883911,75.99391823,25.30300712,1,1
39.28522182,4,1572446481,AUT,FALSE,TRUE,TRUE,704.9372806,91.23084885,162.8684449,179.7904711,-0.274157914,-179.8904117,18.44109083,-4.8259064,-3.332048561,-0.178080027,-1.781750313,1.70394972,-14.22131767,69.41053963,53.86801643,-53.83423004,-51.06819396,76.4955162,28.24956779,1,1
39.38586688,4,1572446481,AUT,FALSE,TRUE,TRUE,704.9372806,91.23084885,162.8684449,179.7904711,-0.274157914,-179.8904117,18.44109083,-4.8259064,-3.332048561,-0.178080027,-1.781750313,1.70394972,-14.22131767,69.41053963,53.86801643,-53.83423004,-51.06819396,76.4955162,28.24956779,1,1
39.48642898,4,1572446482,AUT,FALSE,TRUE,TRUE,695.5555998,112.6818042,165.8921066,179.7881925,-0.489298737,-179.6278494,16.34770326,-7.209335392,-2.684665423,-0.312949804,-0.838662022,1.789907699,-12.79552231,68.59638748,53.78084678,-55.32469024,-50.82614318,76.42993469,30.66295509,1,1
39.58692288,4,1572446482,AUT,FALSE,TRUE,TRUE,683.8424573,117.5487357,169.4722658,179.8287687,-0.552505137,-179.5968215,11.85687463,-0.933628066,-0.88264761,0.877054704,-0.199868996,1.405424246,-13.3734169,67.16159363,53.83350906,-58.32821846,-50.40950866,75.66455841,32.15889129,1,1
39.68751097,4,1572446482,AUT,FALSE,TRUE,TRUE,666.7417854,120.0091006,171.0684522,179.9653762,-0.482721556,-179.6997719,11.85687463,-0.933628066,-0.88264761,0.877054704,-0.199868996,1.405424246,-14.78178177,65.26125412,54.00244446,-62.96622734,-50.01061706,74.00677986,34.01058197,1,1
39.78803897,4,1572446482,AUT,FALSE,TRUE,TRUE,666.7417854,120.0091006,171.0684522,179.9653762,-0.482721556,-179.6997719,8.15489248,2.208148488,0.316246461,0.970708069,-0.101731321,0.825161283,-14.78178177,65.26125412,54.00244446,-62.96622734,-50.01061706,74.00677986,34.01058197,1,1
39.88852382,4,1572446482,AUT,FALSE,TRUE,TRUE,646.3123403,125.3851209,169.3505884,-179.8614789,-0.248792292,-179.9697534,-4.828333141,9.288898168,2.190571187,1.257935101,1.185065272,-0.030660749,-16.23501549,63.35006218,54.28088264,-68.26646804,-49.81944396,71.59909858,36.38052864,1,1
39.98912692,4,1572446482,AUT,FALSE,TRUE,TRUE,628.3092278,137.0644749,166.4927052,-179.7989777,0.138668802,179.8222885,-15.17986583,14.19164925,2.275415964,1.483699785,2.09095856,-0.445159117,-16.72463836,61.93119163,54.52493362,-72.61243973,-49.96196411,69.41609459,39.10712585,1,1
40.08965397,4,1572446482,AUT,FALSE,TRUE,TRUE,628.3092278,137.0644749,166.4927052,-179.7989777,0.138668802,179.8222885,-15.17986583,14.19164925,2.275415964,1.483699785,2.09095856,-0.445159117,-16.72463836,61.93119163,54.52493362,-72.61243973,-49.96196411,69.41609459,39.10712585,1,1
40.19025779,4,1572446482,AUT,FALSE,TRUE,TRUE,619.1395202,156.7869178,166.3054485,-179.7843221,0.370558949,179.7224108,-16.36303039,16.06395451,4.239005056,1.665438217,2.102098277,-0.536377799,-15.42241516,61.37679405,54.60959701,-74.02119255,-50.03813781,68.64505691,41.46948853,1,1
40.29106498,4,1572446482,AUT,FALSE,TRUE,TRUE,618.7096621,177.4521465,166.1514057,-179.8435649,0.277707484,179.6271316,-6.862071694,12.83825753,3.40933214,0.88328235,0.869192599,-0.521517767,-13.29228286,61.87686081,54.5959877,-72.82154045,-50.03414428,69.12917976,42.85684547,1,1
40.39193177,4,1572446482,AUT,FALSE,TRUE,TRUE,616.0309249,202.7719303,164.1631903,-179.8535021,0.005734321,179.6920922,3.303674155,6.035329349,0.437389991,-0.396108324,-0.085602997,0.063122612,-10.52823601,62.67037926,54.58945427,-71.41827736,-50.17336853,69.77808036,44.63994713,1,1
40.4924469,4,1572446483,AUT,FALSE,TRUE,TRUE,606.6437999,230.4396191,161.8010369,-179.9570108,-0.274323083,179.8438558,10.29170579,2.46691886,-1.257369047,-0.396108324,-0.085602997,0.063122612,-7.787638088,63.10063476,54.62173347,-71.02689285,-50.3482434,70.1025341,47.29862136,1,1
40.59305,4,1572446483,AUT,FALSE,TRUE,TRUE,606.6437999,230.4396191,161.8010369,-179.9570108,-0.274323083,179.8438558,10.29170579,2.46691886,-1.257369047,-0.313745725,-0.630596832,0.520336134,-7.787638088,63.10063476,54.62173347,-71.02689285,-50.3482434,70.1025341,47.29862136,1,1
40.6936028,4,1572446483,AUT,FALSE,TRUE,TRUE,591.1739032,254.8131247,161.8327476,179.9164802,-0.313736581,-179.9138914,10.46646023,-1.930490146,-3.410795502,-0.192020221,-0.475251454,1.159265341,-5.599728006,62.69792404,54.69476166,-72.14301109,-50.45414611,69.88974953,50.44139442,1,1
40.79408789,4,1572446483,AUT,FALSE,TRUE,TRUE,567.0076402,274.2402942,165.4997255,179.7505207,-0.291410706,-179.6263013,6.195188823,-6.63690107,-2.639556711,-0.559298167,-0.142173388,1.815884546,-4.239091869,61.12045211,54.93086471,-75.22626571,-50.23788024,69.15968742,54.21070404,1,1
40.89462781,4,1572446483,AUT,FALSE,TRUE,TRUE,567.0076402,274.2402942,165.4997255,179.7505207,-0.291410706,-179.6263013,6.195188823,-6.63690107,-2.639556711,-0.559298167,-0.142173388,1.815884546,-4.239091869,61.12045211,54.93086471,-75.22626571,-50.23788024,69.15968742,54.21070404,1,1
40.99521995,4,1572446483,AUT,FALSE,TRUE,TRUE,548.1797458,277.3927556,166.714413,179.7805798,-0.291295957,-179.5797761,4.131462166,-2.019603951,0.636352395,0.260982103,0.196165899,1.609669869,-4.455471038,59.43270836,54.92542304,-78.72965812,-49.76162841,67.80114555,56.22226639,1,1
41.0957458,4,1572446483,AUT,FALSE,TRUE,TRUE,522.539819,274.9337012,163.5406243,179.9833706,-0.287060607,-179.7610602,1.740888882,5.11924071,2.10176209,0.595649509,0.373546279,0.602856191,-5.581315613,57.33424415,54.98266868,-84.02628021,-49.44520568,65.24868851,58.51541176,1,1
41.1963098,4,1572446483,AUT,FALSE,TRUE,TRUE,522.539819,274.9337012,163.5406243,179.9833706,-0.287060607,-179.7610602,1.740888882,5.11924071,2.10176209,0.595649509,0.373546279,0.602856191,-5.581315613,57.33424415,54.98266868,-84.02628021,-49.44520568,65.24868851,58.51541176,1,1
41.29685593,4,1572446483,AUT,FALSE,TRUE,TRUE,494.7679647,272.9265529,157.9699413,-179.9774745,-0.130355208,-179.8024796,-4.198598517,6.692776525,1.382796857,0.643709337,1.270800888,0.39320521,-6.444683069,55.43984069,55.09170456,-89.40133781,-49.66193298,62.53496589,61.422789,1,1
41.39735198,4,1572446483,AUT,FALSE,TRUE,TRUE,494.7679647,272.9265529,157.9699413,-179.9774745,-0.130355208,-179.8024796,-4.198598517,6.692776525,1.382796857,0.643709337,1.270800888,0.39320521,-6.444683069,55.43984069,55.09170456,-89.40133781,-49.66193298,62.53496589,61.422789,1,1
41.49790096,4,1572446484,AUT,FALSE,TRUE,TRUE,476.2376534,268.9183567,154.8376972,-179.8933706,0.049976521,-179.7981982,-4.938458067,8.728495875,1.953964822,0.784878804,1.304764534,-0.14515521,-7.160188288,53.80168991,55.00319938,-93.3987236,-49.76928588,60.35013199,63.27953682,1,1
47.68999195,5,1572446490,AUT,FALSE,FALSE,TRUE,472.626339,-399.7428072,170.335394,-179.9570441,0.052725526,-179.9874233,-27.00196205,-4.399744028,6.755826333,-0.42539269,2.691090797,0.666743943,-71.50774383,59.39253959,55.13414611,-78.14175911,-49.6807965,67.81060409,-11.43560372,0.5,1
47.79068899,5,1572446490,AUT,FALSE,TRUE,TRUE,481.852445,-398.4060231,170.8871395,179.9411362,0.834033964,-179.8918089,-27.91546854,-5.685546524,2.474333994,-0.257127641,1.978929311,1.012527125,-70.91911011,59.63777504,55.17972221,-77.49773025,-49.69595214,67.32048339,-11.10531006,1,1
47.89155698,5,1572446490,AUT,FALSE,TRUE,TRUE,510.3813359,-395.6115999,169.3175138,179.9567055,0.975932126,-179.8767892,-20.116735,-4.162766109,5.685734236,-0.461458396,1.852545769,0.507181632,-67.2922142,61.81748657,55.12071876,-72.74270324,-50.27422302,69.08824539,-10.70282936,1,1
47.99219298,5,1572446490,AUT,FALSE,TRUE,TRUE,510.3813359,-395.6115999,169.3175138,179.9567055,0.975932126,-179.8767892,-20.116735,-4.162766109,5.685734236,-0.461458396,1.852545769,0.507181632,-67.2922142,61.81748657,55.12071876,-72.74270324,-50.27422302,69.08824539,-10.70282936,1,1
48.09273195,5,1572446490,AUT,FALSE,TRUE,TRUE,553.1473879,-396.2530138,164.2098074,-179.8469207,0.645430934,-179.9723233,-2.533209852,2.92969213,-1.093487996,0.062202117,-0.505329491,-0.405542037,-62.52114029,65.02980308,54.73638268,-65.53222847,-51.00671997,72.32100677,-11.5918808,1,1
48.19321179,5,1572446490,AUT,FALSE,TRUE,TRUE,553.1473879,-396.2530138,164.2098074,-179.8469207,0.645430934,-179.9723233,-2.533209852,2.92969213,-1.093487996,0.062202117,-0.505329491,-0.405542037,-62.52114029,65.02980308,54.73638268,-65.53222847,-51.00671997,72.32100677,-11.5918808,1,1
48.29373598,5,1572446490,AUT,FALSE,TRUE,TRUE,583.4023094,-387.0992931,162.6317679,-179.4928134,0.165617528,179.7054958,18.13487185,12.18083773,-2.950127987,0.940389994,-2.571725855,-2.159136129,-57.0211441,68.32760696,54.66070747,-57.49650535,-51.34709289,75.09959335,-12.09282303,1,1
48.39428186,5,1572446490,AUT,FALSE,TRUE,TRUE,583.4023094,-387.0992931,162.6317679,-179.4928134,0.165617528,179.7054958,18.13487185,12.18083773,-2.950127987,0.940389994,-2.571725855,-2.159136129,-57.0211441,68.32760696,54.66070747,-57.49650535,-51.34709289,75.09959335,-12.09282303,1,1
48.49478197,5,1572446491,AUT,FALSE,TRUE,TRUE,603.515238,-353.259064,161.8688694,-179.3816031,-0.306962716,179.4550993,15.25963163,11.96362393,-1.031573486,0.569403468,-1.366090653,-2.407445502,-53.57837906,68.73703651,54.76176796,-56.83608284,-51.36350646,75.79464683,-9.264979938,1,1
48.59531093,5,1572446491,AUT,FALSE,TRUE,TRUE,603.515238,-353.259064,161.8688694,-179.3816031,-0.306962716,179.4550993,15.25963163,11.96362393,-1.031573486,0.569403468,-1.366090653,-2.407445502,-53.57837906,68.73703651,54.76176796,-56.83608284,-51.36350646,75.79464683,-9.264979938,1,1
48.69584584,5,1572446491,AUT,FALSE,TRUE,TRUE,609.1781999,-308.051255,163.1344624,-179.4608338,-0.280994306,179.3671744,9.707756909,10.21462868,-0.90939073,0.752250631,-0.589483924,-1.887999619,-52.11626014,67.11869201,55.31883316,-61.53462295,-51.35914489,74.27031784,-3.76938515,1,1
48.79633379,5,1572446491,AUT,FALSE,TRUE,TRUE,609.1781999,-308.051255,163.1344624,-179.4608338,-0.280994306,179.3671744,9.707756909,10.21462868,-0.90939073,0.752250631,-0.589483924,-1.887999619,-50.80403594,64.31037712,56.01515007,-69.51345062,-51.36076538,71.41683883,3.911678694,1,1
48.89688277,5,1572446491,AUT,FALSE,TRUE,TRUE,605.0755882,-233.0578815,163.1535511,-179.7127188,-0.088171758,179.3995517,-3.649973202,6.959364661,1.205853944,0.527343736,0.723928798,-0.576927359,-50.80403594,64.31037712,56.01515007,-69.51345062,-51.36076538,71.41683883,3.911678694,1,1
48.99739981,5,1572446491,AUT,FALSE,TRUE,TRUE,597.5198576,-186.5104052,163.5576125,-179.8133037,0.105473623,179.5249903,-7.440697177,4.659776624,1.582760086,0.12382759,0.843252663,-0.259055422,-48.84735718,61.64172592,56.51672744,-76.44445724,-51.37248229,68.67536544,11.27007408,1,1
49.09789085,5,1572446491,AUT,FALSE,TRUE,TRUE,593.0309378,-129.5202826,166.2129098,-179.8806645,0.267324795,179.6244651,-7.440697177,4.659776624,1.582760086,0.12382759,0.843252663,-0.259055422,-45.85714988,59.67427711,56.98696976,-80.8593338,-51.29809936,67.03382949,17.94685707,1,1
49.19842196,5,1572446491,AUT,FALSE,TRUE,TRUE,593.0309378,-129.5202826,166.2129098,-179.8806645,0.267324795,179.6244651,-10.50297401,4.492631814,1.036877894,0.731132789,1.196692759,-0.041496425,-45.85714988,59.67427711,56.98696976,-80.8593338,-51.29809936,67.03382949,17.94685707,1,1
49.29896379,5,1572446491,AUT,FALSE,TRUE,TRUE,600.4493394,-70.86644084,170.5352096,179.9381686,0.612852291,179.8776565,-10.50297401,4.492631814,1.036877894,0.731132789,1.196692759,-0.041496425,-41.44837418,58.69302978,57.11646423,-82.13066826,-51.14736145,66.63906326,23.93369865,1,1
49.39959979,5,1572446491,AUT,FALSE,TRUE,TRUE,600.4493394,-70.86644084,170.5352096,179.9381686,0.612852291,179.8776565,-16.84922642,0.36343231,4.519201385,-0.017139582,1.589921046,0.538787259,-41.44837418,58.69302978,57.11646423,-82.13066826,-51.14736145,66.63906326,23.93369865,1,1
49.50064778,5,1572446492,AUT,FALSE,TRUE,TRUE,624.8211134,-51.21438324,170.2169959,179.8008436,0.841303379,-179.8039449,-18.8253218,0.472998466,5.220317754,-0.017139582,1.589921046,0.538787259,-35.95910683,60.00207481,55.68504181,-77.35235023,-50.81744201,67.83011856,24.51477241,1,1
49.60134983,5,1572446492,AUT,FALSE,TRUE,TRUE,624.8211134,-51.21438324,170.2169959,179.8008436,0.841303379,-179.8039449,-18.8253218,0.472998466,5.220317754,0.362634179,1.451351017,0.988851325,-35.95910683,60.00207481,55.68504181,-77.35235023,-50.81744201,67.83011856,24.51477241,1,1
49.70202279,5,1572446492,AUT,FALSE,TRUE,TRUE,667.3906065,-43.44189797,166.9103963,-179.8831745,0.556986368,179.7967483,-2.744679114,5.397500901,-0.364686919,0.569342156,-0.506803289,-0.103718823,-30.71672973,64.15897522,54.50186576,-66.97719154,-50.51629028,71.31518783,21.24166717,1,1
49.8025558,5,1572446492,AUT,FALSE,TRUE,TRUE,667.3906065,-43.44189797,166.9103963,-179.8831745,0.556986368,179.7967483,-2.744679114,5.397500901,-0.364686919,0.569342156,-0.506803289,-0.103718823,-26.64216499,67.00372696,54.74548759,-60.77082253,-51.11417175,73.66264686,20.90230293,1,1
49.90310788,5,1572446492,AUT,FALSE,TRUE,TRUE,690.0098708,-22.25598738,164.042739,-179.7164711,0.358336035,179.5288541,1.80104493,17.41626313,0.601538833,1.814473068,-0.442111209,-0.560418968,-26.64216499,67.00372696,54.74548759,-60.77082253,-51.11417175,73.66264686,20.90230293,1,1
50.00362492,5,1572446492,AUT,FALSE,TRUE,TRUE,702.3699691,14.2464029,159.7040876,-179.7852331,0.133377406,179.5012091,5.041142329,14.73644048,-1.499967635,1.804921402,-0.621158508,-0.341220753,-22.21592445,68.85505714,54.85758591,-57.03812141,-51.64382812,74.94490585,22.76998901,1,1
50.10417795,5,1572446492,AUT,FALSE,TRUE,TRUE,702.3699691,14.2464029,159.7040876,-179.7852331,0.133377406,179.5012091,5.041142329,14.73644048,-1.499967635,1.804921402,-0.621158508,-0.341220753,-18.05528869,69.79368095,54.61981773,-55.20672798,-51.91924987,75.66798477,25.7732254,1,1
50.20474291,5,1572446492,AUT,FALSE,TRUE,TRUE,705.1074602,54.27378788,155.666118,179.9540895,-0.240462436,179.846276,18.76351088,-5.642037622,-2.340771127,-0.828140491,-2.069024345,1.200619662,-18.05528869,69.79368095,54.61981773,-55.20672798,-51.91924987,75.66798477,25.7732254,1,1
50.30523396,5,1572446492,AUT,FALSE,TRUE,TRUE,697.0558223,89.55892032,154.6054289,179.7589061,-0.646368198,-179.7330466,18.40639495,-8.888278635,-2.616835456,-1.055625511,-1.17285101,1.765287328,-15.08446198,69.50998306,54.22683678,-55.93308219,-51.76164001,75.76585579,29.25280494,1,1
50.40581489,5,1572446492,AUT,FALSE,TRUE,TRUE,697.0558223,89.55892032,154.6054289,179.7589061,-0.646368198,-179.7330466,18.40639495,-8.888278635,-2.616835456,-1.055625511,-1.17285101,1.765287328,-15.08446198,69.50998306,54.22683678,-55.93308219,-51.76164001,75.76585579,29.25280494,1,1
50.50635195,5,1572446493,AUT,FALSE,TRUE,TRUE,680.7214746,102.7958229,156.6242864,179.8262603,-0.715047696,-179.6526855,13.57180955,-2.509397566,-1.27406633,0.345570479,-0.504752998,1.455363176,-15.31005936,67.85376663,54.25071831,-59.95813636,-51.42782043,74.53458366,31.90158119,1,1
50.60682893,5,1572446493,AUT,FALSE,TRUE,TRUE,655.21075,111.8071406,156.0633835,-179.9210562,-0.469617299,-179.836517,1.806577912,7.591220316,0.496020111,1.392085131,0.327583233,0.301856922,-16.90668182,65.39568901,54.45262642,-66.65414886,-51.18373718,71.81037941,35.06174698,1,1
50.70741796,5,1572446493,AUT,FALSE,TRUE,TRUE,655.21075,111.8071406,156.0633835,-179.9210562,-0.469617299,-179.836517,1.806577912,7.591220316,0.496020111,1.392085131,0.327583233,0.301856922,-16.90668182,65.39568901,54.45262642,-66.65414886,-51.18373718,71.81037941,35.06174698,1,1
50.80794287,5,1572446493,AUT,FALSE,TRUE,TRUE,630.4877983,127.2818969,154.5599342,-179.7385397,0.003972307,179.8241069,-14.7674954,15.14385021,2.27444056,1.605961911,1.928641157,-0.647069547,-17.7284523,63.29939804,54.84233551,-72.63680534,-51.26306396,68.97711524,38.6664093,1,1
50.90842581,5,1572446493,AUT,FALSE,TRUE,TRUE,619.73189,145.4742427,154.2180775,-179.7445473,0.255467612,179.7423547,-19.39782219,14.53563936,4.246296157,1.041254933,2.447240179,-0.766959031,-16.73953857,62.53719406,54.90851784,-74.58638076,-51.34160522,67.97176323,41.16268844,1,1
51.008955,5,1572446493,AUT,FALSE,TRUE,TRUE,618.466241,166.423169,154.5925213,-179.8076794,0.242331826,179.728121,-9.409410327,13.28965146,4.803045786,1.041254933,2.447240179,-0.766959031,-14.57872696,62.82774811,54.8697052,-73.70450478,-51.33689208,68.33632392,42.7477787,1,1
51.10948491,5,1572446493,AUT,FALSE,TRUE,TRUE,618.466241,166.423169,154.5925213,-179.8076794,0.242331826,179.728121,-9.409410327,13.28965146,4.803045786,0.679416337,1.097417017,-0.78572493,-14.57872696,62.82774811,54.8697052,-73.70450478,-51.33689208,68.33632392,42.7477787,1,1
51.210186,5,1572446493,AUT,FALSE,TRUE,TRUE,617.1634925,192.5810833,153.6522921,-179.7933503,-0.046020029,179.724279,0.442392153,9.314198232,3.465947146,0.581670947,-0.243213485,-0.086808725,-11.73278389,63.62120476,54.88502083,-72.03386536,-51.34175354,69.13959618,44.36831703,1,1
51.31107187,5,1572446493,AUT,FALSE,TRUE,TRUE,604.5583001,227.4334255,150.1575327,-179.9522722,-0.538811632,-179.9777329,13.45399804,-0.334799694,-1.444286586,-0.205915455,-0.625416293,0.661423674,-8.217371744,64.15163498,54.88924026,-71.63562813,-51.51041015,69.61929359,47.7875473,1,1
51.41184497,5,1572446493,AUT,FALSE,TRUE,TRUE,604.5583001,227.4334255,150.1575327,-179.9522722,-0.538811632,-179.9777329,13.45399804,-0.334799694,-1.444286586,-0.205915455,-0.625416293,0.661423674,-8.217371744,64.15163498,54.88924026,-71.63562813,-51.51041015,69.61929359,47.7875473,1,1
51.51234388,5,1572446494,AUT,FALSE,TRUE,TRUE,584.5722955,251.2187065,148.063266,179.9782466,-0.570297268,-179.8202072,10.91481686,0.134661031,-2.065554831,0.273392603,-0.281585467,0.878831227,-6.369907375,63.51379966,54.9474369,-73.82606849,-51.67015136,68.79107894,51.42045822,1,1
51.6128788,5,1572446494,AUT,FALSE,TRUE,TRUE,554.5188985,269.6840791,149.2127322,179.9550618,-0.383515119,-179.6301857,4.945601277,-2.509269498,-0.652649977,-0.065193683,0.04398843,0.873770754,-5.3316822,61.57937507,55.0675827,-78.37732658,-51.63096313,67.07744179,55.81849823,1,1
51.71343184,5,1572446494,AUT,FALSE,TRUE,TRUE,554.5188985,269.6840791,149.2127322,179.9550618,-0.383515119,-179.6301857,4.945601277,-2.509269498,-0.652649977,-0.065193683,0.04398843,0.873770754,-5.412908931,59.68210831,55.15670929,-82.51944694,-51.35529418,65.42427406,58.50908432,1,1
51.81391096,5,1572446494,AUT,FALSE,TRUE,TRUE,531.4230282,274.9891014,150.2772534,-179.9901528,-0.289970445,-179.6138292,0.508233015,2.446735638,0.180606625,0.546631332,0.641102254,0.400612599,-5.412908931,59.68210831,55.15670929,-82.51944694,-51.35529418,65.42427406,58.50908432,1,1
51.91444778,5,1572446494,AUT,FALSE,TRUE,TRUE,507.0543116,274.8593845,149.5109331,-179.951423,-0.140368063,-179.6172183,-3.109499907,3.82473644,1.773256674,0.724481896,0.643283432,0.078375404,-5.975752256,57.60018539,55.1595417,-87.22664566,-51.17523376,63.2843605,61.08429336,1,1
52.01496577,5,1572446494,AUT,FALSE,TRUE,TRUE,507.0543116,274.8593845,149.5109331,-179.951423,-0.140368063,-179.6172183,-3.109499907,3.82473644,1.773256674,0.724481896,0.643283432,0.078375404,-5.975752256,57.60018539,55.1595417,-87.22664566,-51.17523376,63.2843605,61.08429336,1,1
52.11547399,5,1572446494,AUT,FALSE,TRUE,TRUE,491.5480152,272.2289548,147.3862345,-179.8787473,-0.171732931,-179.6633218,0.07017757,7.124344682,2.822779035,1.112304082,0.480577273,-0.163952024,-6.561203381,56.42044944,55.16083603,-90.21177864,-51.11865417,61.80921249,62.46766777,1,1
58.77996683,6,1572446501,AUT,FALSE,FALSE,TRUE,472.1398612,-399.9506873,170.0825967,-179.9858107,0.006368328,-179.9933581,-11.31801242,-3.031212546,5.916080694,-0.479779835,1.237929627,0.311907703,-71.56016922,59.42387466,55.16448211,-78.16772118,-49.73298706,67.84667015,-11.41188011,0.5,1
58.88065696,6,1572446501,AUT,FALSE,TRUE,TRUE,485.2894797,-396.574994,172.1012631,-179.9842439,0.751711343,179.9940426,-29.10139891,-4.953471737,7.808921057,-0.561024732,2.866956521,0.553127268,-70.42187919,59.87884597,55.37830009,-76.88984642,-49.73743652,67.89930839,-11.02170754,0.5,1
58.98129487,6,1572446501,AUT,FALSE,TRUE,TRUE,508.9651657,-395.0293311,172.7113152,179.8841285,0.88424434,-179.8165094,-18.79570506,-5.668867491,4.603838435,-0.420161006,1.582985803,0.657630914,-67.5031414,61.46085662,55.3260807,-73.04753265,-50.20927185,69.31521263,-10.56240692,1,1
59.08195877,6,1572446501,AUT,FALSE,TRUE,TRUE,508.9651657,-395.0293311,172.7113152,179.8841285,0.88424434,-179.8165094,-18.79570506,-5.668867491,4.603838435,-0.420161006,1.582985803,0.657630914,-67.5031414,61.46085662,55.3260807,-73.04753265,-50.20927185,69.31521263,-10.56240692,1,1
59.18253994,6,1572446501,AUT,FALSE,TRUE,TRUE,536.0526147,-396.8979387,171.4348319,179.9367778,0.751194833,-179.8250551,-8.51875531,-2.681433381,2.321062052,-0.055712669,0.283947883,0.45282008,-63.83807831,63.82187347,55.00941696,-67.32911453,-50.60272521,71.45983658,-11.13175278,1,1
59.28305578,6,1572446501,AUT,FALSE,TRUE,TRUE,563.0354256,-398.0854674,169.2007008,-179.8467819,0.536296566,-179.9935497,1.987309179,3.71955784,0.222824785,0.245371826,-1.098263104,-0.425019232,-60.05832481,66.42273216,54.73380432,-61.04775352,-50.91999938,73.85058174,-12.27196198,1,1
59.38368297,6,1572446501,AUT,FALSE,TRUE,TRUE,585.8339214,-391.6861604,168.1846423,-179.6490606,0.317207766,179.773186,5.939471758,11.79811968,-0.955009527,1.313875609,-1.147697745,-1.153767046,-56.68296432,68.38303642,54.74945297,-56.18538322,-51.19451477,75.79817276,-12.64750214,1,1
59.48425484,6,1572446502,AUT,FALSE,TRUE,TRUE,585.8339214,-391.6861604,168.1846423,-179.6490606,0.317207766,179.773186,5.939471758,11.79811968,-0.955009527,1.313875609,-1.147697745,-1.153767046,-53.86018867,69.22812538,54.80207405,-53.97008285,-51.25870788,77.01269416,-11.64488297,1,1
59.58477879,6,1572446502,AUT,FALSE,TRUE,TRUE,603.2208741,-373.8895609,168.3567313,-179.4913955,-0.093403042,179.5544383,17.99097042,13.9302142,-3.31056098,1.261684333,-2.322726225,-2.01591554,-53.86018867,69.22812538,54.80207405,-53.97008285,-51.25870788,77.01269416,-11.64488297,1,1
59.68542695,6,1572446502,AUT,FALSE,TRUE,TRUE,613.6544887,-347.0709177,168.8214515,-179.4986321,-0.412957411,179.458815,19.28205153,10.27651568,-2.36166973,0.498827528,-1.555304179,-2.173602303,-51.94851264,68.88683509,54.95001183,-54.99783668,-51.24459045,77.07226066,-8.896079638,1,1
59.78600287,6,1572446502,AUT,FALSE,TRUE,TRUE,617.8791315,-313.3306338,168.6394784,-179.5463276,-0.353683334,179.4111499,12.91684244,11.42123542,-0.616580584,0.810864516,-0.76657127,-1.802129434,-50.91577721,67.6805191,55.27365532,-58.64558601,-51.20246337,75.78802757,-4.929410938,1,1
59.88653684,6,1572446502,AUT,FALSE,TRUE,TRUE,616.7215135,-269.3707877,167.6855397,-179.6438798,-0.208612608,179.3855326,2.066864569,9.687255995,1.453813028,0.693124431,0.363441605,-1.04745449,-50.09123954,65.82564926,55.74420318,-64.24340858,-51.2021997,73.68166351,0.425448987,1,1
59.98717999,6,1572446502,AUT,FALSE,TRUE,TRUE,616.7215135,-269.3707877,167.6855397,-179.6438798,-0.208612608,179.3855326,2.066864569,9.687255995,1.453813028,0.693124431,0.363441605,-1.04745449,-50.09123954,65.82564926,55.74420318,-64.24340858,-51.2021997,73.68166351,0.425448987,1,1
60.08775496,6,1572446502,AUT,FALSE,TRUE,TRUE,611.6962531,-220.6030944,167.7422079,-179.7847806,-0.075153478,179.4400111,-4.205040931,7.279517841,-0.735685195,0.334623581,0.788226262,-0.515831608,-48.90192146,63.66181984,56.28663597,-70.30802307,-51.23454895,71.41668777,6.58591575,1,1
60.18826699,6,1572446502,AUT,FALSE,TRUE,TRUE,606.0215189,-171.7306435,169.9131064,-179.871458,0.103506546,179.5574233,-7.670410815,5.652885131,1.438028727,0.342844292,1.091710374,-0.258258094,-47.09795608,61.57684135,56.86162262,-75.45504226,-51.2312091,69.57740135,12.53855896,1,1
60.28883886,6,1572446502,AUT,FALSE,TRUE,TRUE,603.0321595,-125.333289,173.2381678,-179.9342924,0.250767462,179.5975606,-11.23422629,5.925911441,1.135938965,0.754935571,1.288566659,-0.045916864,-44.59015503,60.01455116,57.34447861,-78.79613571,-51.09368774,68.47414054,17.73351288,1,1
60.38940597,6,1572446502,AUT,FALSE,TRUE,TRUE,603.0321595,-125.333289,173.2381678,-179.9342924,0.250767462,179.5975606,-11.23422629,5.925911441,1.135938965,0.754935571,1.288566659,-0.045916864,-44.59015503,60.01455116,57.34447861,-78.79613571,-51.09368774,68.47414054,17.73351288,1,1
60.48999786,6,1572446503,AUT,FALSE,TRUE,TRUE,604.5711953,-85.39509242,176.1472072,-179.9353148,0.279836437,179.6916427,-11.28777719,3.417356653,2.866978213,0.218710149,1.437930563,0.047701767,-41.36054191,59.15389938,57.46935883,-80.06043892,-50.86597961,68.14772301,21.81363601,1,1
60.59098697,6,1572446503,AUT,FALSE,TRUE,TRUE,612.3066988,-54.4984228,176.6552851,179.8324735,0.52245077,179.9139597,-14.41587361,-0.040107549,3.306073868,0.114476332,1.298494243,0.861406875,-37.89794311,59.13344078,57.05744018,-79.42695007,-50.80189636,68.10937729,24.79239349,1,1
60.691818,6,1572446503,AUT,FALSE,TRUE,TRUE,635.7982078,-43.16785703,174.7720627,179.77967,0.72727263,-179.780888,-16.34357385,-2.472893606,5.871930552,0.114476332,1.298494243,0.861406875,-33.99804039,60.58768043,55.44875679,-74.58966636,-50.44097351,69.17061538,24.27491341,1,1
60.79229498,6,1572446503,AUT,FALSE,TRUE,TRUE,635.7982078,-43.16785703,174.7720627,179.77967,0.72727263,-179.780888,-16.34357385,-2.472893606,5.871930552,0.386070038,1.45350051,1.248802685,-33.99804039,60.58768043,55.44875679,-74.58966636,-50.44097351,69.17061538,24.27491341,1,1
60.89282799,6,1572446503,AUT,FALSE,TRUE,TRUE,671.842229,-37.20792257,168.8433581,-179.8768197,0.427691026,179.7307593,-0.592513909,8.754545531,2.268463381,0.43880092,-0.203460863,-0.299847484,-30.46583976,63.78367195,54.49512291,-67.11788521,-50.24270324,71.55008926,21.52528267,1,1
60.99340081,6,1572446503,AUT,FALSE,TRUE,TRUE,671.842229,-37.20792257,168.8433581,-179.8768197,0.427691026,179.7307593,-0.592513909,8.754545531,2.268463381,0.43880092,-0.203460863,-0.299847484,-30.46583976,63.78367195,54.49512291,-67.11788521,-50.24270324,71.55008926,21.52528267,1,1
61.09390378,6,1572446503,AUT,FALSE,TRUE,TRUE,692.322734,-1.935128621,159.6068381,-179.8076064,0.195614281,179.5413606,2.172417339,13.36897481,0.994755974,1.413865478,-0.181366385,-0.31352471,-24.80639763,67.63991432,54.8219593,-60.13571663,-51.43156127,73.79653931,22.456707,1,1
61.19445395,6,1572446503,AUT,FALSE,TRUE,TRUE,692.322734,-1.935128621,159.6068381,-179.8076064,0.195614281,179.5413606,2.172417339,13.36897481,0.994755974,1.413865478,-0.181366385,-0.31352471,-24.80639763,67.63991432,54.8219593,-60.13571663,-51.43156127,73.79653931,22.456707,1,1
61.29500198,6,1572446503,AUT,FALSE,TRUE,TRUE,699.3778469,41.94017582,152.3011712,179.9968358,-0.049877664,179.7227767,7.357146213,7.504256184,-1.99852497,0.845465207,-0.968724708,0.59124783,-20.01865883,69.28495216,54.7117218,-57.48434486,-52.08671447,74.48622665,25.62829856,1,1
61.3955729,6,1572446503,AUT,FALSE,TRUE,TRUE,697.0755832,73.98508972,152.6074881,179.7138903,-0.474366727,-179.9098143,22.71773244,-5.294391326,-6.133480516,-0.520354791,-2.258682182,1.670157137,-16.88417701,69.51114006,54.57521667,-56.80258484,-52.12299682,75.21929969,28.42382469,1,1
61.49615598,6,1572446504,AUT,FALSE,TRUE,TRUE,687.2346312,93.87000811,158.4395053,179.7385027,-0.758035452,-179.6913273,20.55559626,-5.987226931,-3.613160237,-0.216398352,-1.42464453,2.010074801,-15.72741623,68.43544464,54.64780884,-58.47379074,-51.74575927,75.35244026,30.69717064,1,1
61.5967288,6,1572446504,AUT,FALSE,TRUE,TRUE,687.2346312,93.87000811,158.4395053,179.7385027,-0.758035452,-179.6913273,20.55559626,-5.987226931,-3.613160237,-0.216398352,-1.42464453,2.010074801,-16.15746574,66.37429619,54.74276161,-62.58979797,-51.11842346,74.28473396,33.24021378,1,1
61.69721699,6,1572446504,AUT,FALSE,TRUE,TRUE,669.9626683,105.4306361,164.3338584,179.7269651,-0.776638929,-179.6713668,16.07847842,-5.625170895,-2.201575689,-0.42243142,-0.652775289,1.695404665,-16.15746574,66.37429619,54.74276161,-62.58979797,-51.11842346,74.28473396,33.24021378,1,1
61.79779792,6,1572446504,AUT,FALSE,TRUE,TRUE,648.6154503,113.6435185,166.491192,-179.9703852,-0.36652985,-179.8823199,-1.686433612,5.510926664,0.471623314,0.971685423,0.663474442,0.492717631,-17.40119362,63.99574241,54.87449798,-68.14889717,-50.63794189,71.94930153,35.73024444,1,1
61.8983438,6,1572446504,AUT,FALSE,TRUE,TRUE,625.8301651,127.3204709,167.3899657,-179.8080945,0.082320506,179.8581555,-1.686433612,5.510926664,0.471623314,0.971685423,0.663474442,0.492717631,-18.18141174,61.8077877,55.23032799,-73.53253098,-50.4826831,69.4849308,38.91155548,1,1
61.99883699,6,1572446504,AUT,FALSE,TRUE,TRUE,625.8301651,127.3204709,167.3899657,-179.8080945,0.082320506,179.8581555,-16.82795245,16.87273753,5.303591517,2.024582296,2.245785749,-0.818461233,-18.18141174,61.8077877,55.23032799,-73.53253098,-50.4826831,69.4849308,38.91155548,1,1
62.09940791,6,1572446504,AUT,FALSE,TRUE,TRUE,615.1931771,154.1801166,167.6745709,-179.733294,0.305885023,179.600347,-16.80104755,16.81456371,5.475384723,1.266144157,2.084802364,-0.901247635,-16.46534729,61.26389579,55.54171143,-75.01166496,-50.55842834,68.74040108,41.82517433,1,1
62.2002759,6,1572446504,AUT,FALSE,TRUE,TRUE,615.1931771,154.1801166,167.6745709,-179.733294,0.305885023,179.600347,-16.80104755,16.81456371,5.475384723,1.266144157,2.084802364,-0.901247635,-16.46534729,61.26389579,55.54171143,-75.01166496,-50.55842834,68.74040108,41.82517433,1,1
62.30103278,6,1572446504,AUT,FALSE,TRUE,TRUE,614.7045065,184.8907294,164.032252,-179.8580951,-0.014661269,179.6773041,-1.77244948,7.07693132,2.51834522,-0.45649726,0.561568981,-0.246847706,-12.88734398,62.33988304,55.29876594,-73.02577972,-50.6972406,69.46542663,43.96995277,1,1
62.40189886,6,1572446504,AUT,FALSE,TRUE,TRUE,608.1817623,219.6998785,160.3079883,179.9780918,-0.284393986,179.7788953,11.4485324,-0.359375795,-4.799453555,-0.72128032,-1.157879129,0.765793079,-9.423928069,63.32163505,55.31010246,-71.64280014,-51.04826477,70.05282783,46.89549866,1,1
62.5024538,6,1572446505,AUT,FALSE,TRUE,TRUE,608.1817623,219.6998785,160.3079883,179.9780918,-0.284393986,179.7788953,11.4485324,-0.359375795,-4.799453555,-0.72128032,-1.157879129,0.765793079,-9.423928069,63.32163505,55.31010246,-71.64280014,-51.04826477,70.05282783,46.89549866,1,1
62.60295296,6,1572446505,AUT,FALSE,TRUE,TRUE,588.0721332,250.6658185,163.2244452,179.7501917,-0.519161052,-179.8459845,12.43946224,-2.727174009,-2.820988914,-0.175498701,-0.664617835,1.79911112,-6.640555569,62.7705677,55.69522476,-72.89521751,-51.11398498,70.28200607,50.9397583,1,1
62.70350599,6,1572446505,AUT,FALSE,TRUE,TRUE,588.0721332,250.6658185,163.2244452,179.7501917,-0.519161052,-179.8459845,12.43946224,-2.727174009,-2.820988914,-0.175498701,-0.664617835,1.79911112,-6.640555569,62.7705677,55.69522476,-72.89521751,-51.11398498,70.28200607,50.9397583,1,1
62.80406094,6,1572446505,AUT,FALSE,TRUE,TRUE,559.3481567,269.8652053,167.5706131,179.7410963,-0.432142222,-179.7665745,7.075777515,-4.281960308,-2.888796208,-0.465321106,-0.138899202,1.609316717,-5.557945631,60.72107162,56.03418388,-77.01792641,-50.7050299,69.02779999,54.90731964,1,1
62.9045558,6,1572446505,AUT,FALSE,TRUE,TRUE,533.5944587,274.6226062,169.2642105,179.819334,-0.351135575,-179.6658267,2.398584319,0.392370856,-0.049746267,0.320751205,0.246863756,1.246354499,-5.798031231,58.40975074,56.12268219,-81.78014946,-50.16919921,67.19179229,57.79721146,1,1
63.00508499,6,1572446505,AUT,FALSE,TRUE,TRUE,510.5677277,274.8511194,168.2805378,-179.9922754,-0.346495903,-179.764647,1.237241031,5.701190565,1.328439715,0.886868411,0.360376253,0.50078215,-6.424959181,56.45829048,56.17762756,-86.14814529,-49.69594116,65.17882233,59.87842369,1,1
63.10563087,6,1572446505,AUT,FALSE,TRUE,TRUE,510.5677277,274.8511194,168.2805378,-179.9922754,-0.346495903,-179.764647,1.237241031,5.701190565,1.328439715,0.886868411,0.360376253,0.50078215,-6.424959181,56.45829048,56.17762756,-86.14814529,-49.69594116,65.17882233,59.87842369,1,1
63.20610094,6,1572446505,AUT,FALSE,TRUE,TRUE,478.8381734,274.535287,164.4075919,-179.9629091,-0.155236245,-179.8261405,-3.791171049,7.458453686,1.586786013,0.922330425,0.921902933,-0.017691972,-7.036180113,54.07465553,56.33619804,-92.06024894,-49.64884826,62.21113358,63.23956031,1,1
69.34976077,7,1572446511,AUT,FALSE,FALSE,TRUE,472.6186787,-400.0190259,170.3415237,-179.9892707,0.091445013,-179.9618054,-22.19436336,-5.660414965,5.744426952,-0.441678312,2.149821443,0.824452114,-72.0442543,60.04563217,56.36477966,-78.14197197,-50.8739392,68.37847709,-10.8748066,0.5,1
69.4507668,7,1572446511,AUT,FALSE,TRUE,TRUE,481.2978974,-400.0750094,171.1659478,179.8933757,0.677546567,-179.7598898,-24.44831969,-7.297854199,6.906453266,-0.671144313,1.93022458,1.112723397,-71.36387443,60.34499244,56.37149505,-77.2777359,-50.9906195,68.13873138,-10.63202248,1,1
69.55153584,7,1572446512,AUT,FALSE,TRUE,TRUE,507.2212086,-403.2274031,170.3143119,179.824354,0.983351425,-179.7635493,-24.44831969,-7.297854199,6.906453266,-0.671144313,1.93022458,1.112723397,-68.24565239,62.47602767,56.25719604,-72.31380386,-51.42021789,69.80825157,-10.93797799,1,1
69.65215993,7,1572446512,AUT,FALSE,TRUE,TRUE,507.2212086,-403.2274031,170.3143119,179.824354,0.983351425,-179.7635493,-14.5987732,-3.638789446,3.463165798,0.010834344,0.919487563,0.845285933,-68.24565239,62.47602767,56.25719604,-72.31380386,-51.42021789,69.80825157,-10.93797799,1,1
69.75274301,7,1572446512,AUT,FALSE,TRUE,TRUE,539.4543718,-404.868854,164.5606887,-179.8281511,0.692999617,179.9619335,-4.918265024,6.076315601,2.737943499,0.010834344,0.919487563,0.845285933,-63.79589081,65.71863213,55.99277229,-65.34821091,-52.12834716,72.32576523,-11.91278801,1,1
69.85328293,7,1572446512,AUT,FALSE,TRUE,TRUE,539.4543718,-404.868854,164.5606887,-179.8281511,0.692999617,179.9619335,-4.918265024,6.076315601,2.737943499,0.810064399,0.101445074,-0.621526758,-63.79589081,65.71863213,55.99277229,-65.34821091,-52.12834716,72.32576523,-11.91278801,1,1
69.95386887,7,1572446512,AUT,FALSE,TRUE,TRUE,577.315353,-386.8782117,157.7309499,-179.5600345,0.277922245,179.6672947,10.88054499,11.99928054,-2.302584035,0.810064399,0.101445074,-0.621526758,-58.30237656,68.75526352,56.04663963,-59.13757782,-52.84273315,74.66937904,-11.23686791,1,1
70.05439782,7,1572446512,AUT,FALSE,TRUE,TRUE,577.315353,-386.8782117,157.7309499,-179.5600345,0.277922245,179.6672947,10.88054499,11.99928054,-2.302584035,1.229078009,-1.715632464,-1.789470614,-58.30237656,68.75526352,56.04663963,-59.13757782,-52.84273315,74.66937904,-11.23686791,1,1
70.15488601,7,1572446512,AUT,FALSE,TRUE,TRUE,602.1678438,-344.2696043,156.6604572,-179.4761852,-0.169859543,179.5032616,16.92102768,9.723779526,-4.432227224,0.575978952,-1.872283303,-2.094761998,-54.22733459,69.03295326,56.14967766,-58.86833381,-52.9363092,75.12672271,-7.24602585,1,1
70.25544977,7,1572446512,AUT,FALSE,TRUE,TRUE,602.1678438,-344.2696043,156.6604572,-179.4761852,-0.169859543,179.5032616,16.92102768,9.723779526,-4.432227224,0.575978952,-1.872283303,-2.094761998,-54.22733459,69.03295326,56.14967766,-58.86833381,-52.9363092,75.12672271,-7.24602585,1,1
70.35599089,7,1572446512,AUT,FALSE,TRUE,TRUE,610.2952012,-295.8726593,161.1467646,-179.5653917,-0.146746244,179.4570946,8.770839642,11.46972493,-0.787246747,1.082876108,-0.459580188,-1.706880425,-52.21349258,67.40934906,56.6944416,-62.92556762,-52.83245544,74.11018867,-1.873869325,1,1
70.45649195,7,1572446512,AUT,FALSE,TRUE,TRUE,609.1270772,-238.8316292,164.9343324,-179.6841864,-0.050159227,179.526133,-0.116030602,6.424877358,1.935803627,0.653431534,0.208408349,-0.940629779,-50.51138076,64.890699,57.48733177,-69.39330482,-52.80907104,72.17577781,5.208164975,1,1
70.5570209,7,1572446513,AUT,FALSE,TRUE,TRUE,609.1270772,-238.8316292,164.9343324,-179.6841864,-0.050159227,179.526133,-0.116030602,6.424877358,1.935803627,0.653431534,0.208408349,-0.940629779,-50.51138076,64.890699,57.48733177,-69.39330482,-52.80907104,72.17577781,5.208164975,1,1
70.65757298,7,1572446513,AUT,FALSE,TRUE,TRUE,603.1053017,-177.2292866,164.1192897,-179.7898259,0.100855349,179.5484078,-7.98328852,5.374294721,3.544575367,0.2451714,0.563121994,-0.452227235,-48.22200508,62.58673896,57.96480789,-75.80605888,-52.79964477,69.68892974,12.65364074,1,1
70.75808382,7,1572446513,AUT,FALSE,TRUE,TRUE,603.1053017,-177.2292866,164.1192897,-179.7898259,0.100855349,179.5484078,-7.98328852,5.374294721,3.544575367,0.2451714,0.563121994,-0.452227235,-48.22200508,62.58673896,57.96480789,-75.80605888,-52.79964477,69.68892974,12.65364074,1,1
70.85861778,7,1572446513,AUT,FALSE,TRUE,TRUE,597.7054295,-104.6370287,161.2398082,-179.9127372,0.280053192,179.6646464,-10.86608814,4.489268529,1.812645045,0.125273016,1.338658514,-0.130190619,-43.96065216,60.70373383,58.0227745,-81.08471832,-52.84313964,67.25779609,21.09269943,1,1
70.95917892,7,1572446513,AUT,FALSE,TRUE,TRUE,603.9295367,-61.13149716,163.1859964,179.9216965,0.577901842,179.944291,-10.86608814,4.489268529,1.812645045,0.125273016,1.338658514,-0.130190619,-39.61808624,60.19686928,57.82274437,-81.42008285,-52.81739318,66.95004501,25.57633667,1,1
71.05970693,7,1572446513,AUT,FALSE,TRUE,TRUE,603.9295367,-61.13149716,163.1859964,179.9216965,0.577901842,179.944291,-12.5115836,-2.729776787,1.340614927,-0.244329548,0.942146404,0.582168973,-39.61808624,60.19686928,57.82274437,-81.42008285,-52.81739318,66.95004501,25.57633667,1,1
71.16092181,7,1572446513,AUT,FALSE,TRUE,TRUE,623.1798244,-44.82836538,166.65627,179.7704785,0.791432188,-179.7286072,-15.61601325,-2.847510004,3.474439348,-0.080650794,0.957644175,1.132628107,-35.93325806,60.8732769,56.82481842,-77.71861381,-52.33423095,68.09871025,25.98315353,1,1
71.26175594,7,1572446513,AUT,FALSE,TRUE,TRUE,623.1798244,-44.82836538,166.65627,179.7704785,0.791432188,-179.7286072,-15.61601325,-2.847510004,3.474439348,-0.080650794,0.957644175,1.132628107,-35.93325806,60.8732769,56.82481842,-77.71861381,-52.33423095,68.09871025,25.98315353,1,1
71.36229992,7,1572446513,AUT,FALSE,TRUE,TRUE,655.0988343,-48.39171591,169.673333,179.9878574,0.640427372,-179.8521949,-5.021870597,3.180863454,0.877140582,0.334270004,-0.000278185,0.242321094,-32.5654541,63.25235596,55.69811211,-69.92543793,-51.65457275,70.89260216,22.66824188,1,1
71.46285701,7,1572446513,AUT,FALSE,TRUE,TRUE,655.0988343,-48.39171591,169.673333,179.9878574,0.640427372,-179.8521949,-5.021870597,3.180863454,0.877140582,0.334270004,-0.000278185,0.242321094,-32.5654541,63.25235596,55.69811211,-69.92543793,-51.65457275,70.89260216,22.66824188,1,1
71.56352997,7,1572446514,AUT,FALSE,TRUE,TRUE,686.9610268,-41.09017877,171.3415958,-179.7129591,0.428674132,179.6565351,1.203455379,12.93026298,-1.033847593,0.851635918,-1.019861698,-0.817380634,-28.71379509,66.67060089,55.94842873,-61.29746933,-51.86830078,74.37816238,19.85959739,1,1
71.66403794,7,1572446514,AUT,FALSE,TRUE,TRUE,701.0106419,-5.573945928,169.9326702,-179.8208502,0.326708735,179.5432797,-0.650255344,15.91639942,0.051612514,1.723823082,-0.160955537,-0.544718237,-24.58287048,68.38922653,56.34893531,-57.46561661,-52.50643066,75.85358848,21.63826675,1,1
71.76459289,7,1572446514,AUT,FALSE,TRUE,TRUE,701.0106419,-5.573945928,169.9326702,-179.8208502,0.326708735,179.5432797,-0.650255344,15.91639942,0.051612514,1.723823082,-0.160955537,-0.544718237,-24.58287048,68.38922653,56.34893531,-57.46561661,-52.50643066,75.85358848,21.63826675,1,1
71.86518478,7,1572446514,AUT,FALSE,TRUE,TRUE,707.0510915,43.63217272,167.6771103,-179.952575,0.112538415,179.7006572,6.808049431,-1.00947616,-1.2132554,-0.501632964,-1.177175117,0.227936789,-19.51242943,69.39905548,56.18363914,-55.05994377,-52.72600891,76.68539085,24.96706237,1,1
71.96577477,7,1572446514,AUT,FALSE,TRUE,TRUE,707.0510915,43.63217272,167.6771103,-179.952575,0.112538415,179.7006572,6.808049431,-1.00947616,-1.2132554,-0.501632964,-1.177175117,0.227936789,-15.71384124,69.4610424,55.98094139,-54.67266197,-52.61507446,77.49151611,28.56839103,1,1
72.06636882,7,1572446514,AUT,FALSE,TRUE,TRUE,701.7290666,84.82423098,168.2182842,179.7792108,-0.50155248,-179.7972533,20.19920857,-5.118816125,-2.149510353,-0.276025385,-1.395690353,1.544727302,-15.71384124,69.4610424,55.98094139,-54.67266197,-52.61507446,77.49151611,28.56839103,1,1
72.16694093,7,1572446514,AUT,FALSE,TRUE,TRUE,679.3179179,114.2405729,169.1335911,179.8337317,-0.649704185,-179.7265536,20.19920857,-5.118816125,-2.149510353,-0.276025385,-1.395690353,1.544727302,-14.88243713,67.56129341,56.03236771,-59.66015968,-52.24357727,76.04501838,33.02146568,1,1
72.26748586,7,1572446514,AUT,FALSE,TRUE,TRUE,679.3179179,114.2405729,169.1335911,179.8337317,-0.649704185,-179.7265536,14.66440581,-1.437295295,0.194480038,0.493126104,-0.384248424,1.378538189,-14.88243713,67.56129341,56.03236771,-59.66015968,-52.24357727,76.04501838,33.02146568,1,1
72.36804581,7,1572446514,AUT,FALSE,TRUE,TRUE,651.7361687,130.0584335,165.2911164,179.9685869,-0.321541417,-179.8371119,-1.381963338,4.589475763,0.357332126,0.845585717,0.932946853,0.47949606,-15.91733208,65.22472801,56.07160263,-66.65898628,-52.04403259,72.95542259,37.14588432,1,1
72.46866798,7,1572446514,AUT,FALSE,TRUE,TRUE,651.7361687,130.0584335,165.2911164,179.9685869,-0.321541417,-179.8371119,-1.381963338,4.589475763,0.357332126,0.845585717,0.932946853,0.47949606,-15.91733208,65.22472801,56.07160263,-66.65898628,-52.04403259,72.95542259,37.14588432,1,1
72.56918979,7,1572446515,AUT,FALSE,TRUE,TRUE,629.3958597,144.2934349,160.9079967,-179.8739726,0.082679026,179.9025866,-15.69022482,13.17019597,4.57846938,1.530357632,2.207094626,-0.519680246,-16.44109153,63.5266674,56.08417854,-72.00739174,-52.05458496,70.18094902,40.45016327,1,1
72.6697669,7,1572446515,AUT,FALSE,TRUE,TRUE,621.3586029,158.713378,158.0084792,-179.7644335,0.259267835,179.7778765,-18.47714457,14.95170703,6.523369067,1.048872918,2.771130108,-0.864376525,-15.58959274,63.18916397,56.03813553,-73.40700874,-52.20308166,69.23906021,42.26153068,1,1
72.77095389,7,1572446515,AUT,FALSE,TRUE,TRUE,620.7252883,177.0302249,154.2402909,-179.7962509,0.21689899,179.6783932,-9.69787196,11.81304975,4.219401897,0.101378835,1.354126928,-0.878336752,-13.66299934,63.86215553,55.90611762,-72.50377464,-52.38480651,69.27929077,43.56086311,1,1
72.87176681,7,1572446515,AUT,FALSE,TRUE,TRUE,620.7252883,177.0302249,154.2402909,-179.7962509,0.21689899,179.6783932,-9.69787196,11.81304975,4.219401897,0.101378835,1.354126928,-0.878336752,-13.66299934,63.86215553,55.90611762,-72.50377464,-52.38480651,69.27929077,43.56086311,1,1
72.97231483,7,1572446515,AUT,FALSE,TRUE,TRUE,620.5688342,200.1555486,149.5955841,-179.862808,-0.017663325,179.7865199,2.171680453,8.536895728,1.641438803,0.272766159,0.100467491,-0.08560251,-10.98885154,64.9989006,55.81571731,-70.73451919,-52.75669921,69.89399986,45.11384926,1,1
73.07285285,7,1572446515,AUT,FALSE,TRUE,TRUE,613.4862745,225.8135941,147.9116271,-179.9772507,-0.311413682,179.9198217,11.88049832,3.755939807,-1.976898147,0.031082706,-0.723212588,0.523159245,-8.406916806,65.56287346,55.94134598,-69.98503532,-52.96206115,70.41478614,47.38092613,1,1
73.17333889,7,1572446515,AUT,FALSE,TRUE,TRUE,597.7888923,249.4033041,150.1844231,179.870848,-0.520360109,-179.8491987,14.16680573,-0.946650792,-4.249621045,0.227943084,-0.930457873,1.227482526,-6.460987469,65.07815323,56.26513023,-71.11707687,-52.97652465,70.53569755,50.45511016,1,1
73.27389789,7,1572446515,AUT,FALSE,TRUE,TRUE,574.2473339,268.3330812,154.3603164,179.8629172,-0.560160945,-179.6941797,12.41903325,-3.376917176,-2.553989551,-0.08399371,-0.801965958,1.260909755,-5.354907988,63.59280166,56.61729011,-74.24559173,-52.77435424,69.87031059,53.98136444,1,1
73.3744328,7,1572446515,AUT,FALSE,TRUE,TRUE,574.2473339,268.3330812,154.3603164,179.8629172,-0.560160945,-179.6941797,12.41903325,-3.376917176,-2.553989551,-0.08399371,-0.801965958,1.260909755,-5.354907988,63.59280166,56.61729011,-74.24559173,-52.77435424,69.87031059,53.98136444,1,1
73.47491789,7,1572446515,AUT,FALSE,TRUE,TRUE,546.2008393,279.2211394,156.7640741,179.9027078,-0.393901389,-179.5905536,5.478806475,-2.442941941,1.577818406,-0.117845984,0.221766483,0.954553044,-5.161023325,61.46194153,56.8729763,-78.96484794,-52.53408874,68.20645523,57.65912361,1,1
73.57549095,7,1572446516,AUT,FALSE,TRUE,TRUE,519.6357093,281.4018804,156.3175813,179.9014459,-0.237965641,-179.5656442,-0.912691415,3.003890465,3.106990027,0.73469601,0.876837641,0.716021289,-5.6443634,59.29674568,56.87491264,-83.99446106,-52.24246765,66.03108329,60.67865409,1,1
73.67603397,7,1572446516,AUT,FALSE,TRUE,TRUE,498.993818,277.4041411,154.5052721,179.9596466,-0.090768879,-179.580828,-2.180900742,3.800126559,0.590502602,0.571227491,0.625534947,0.415509944,-6.551840969,57.43658867,56.80651588,-88.34082413,-52.0913562,63.93480949,62.68759003,1,1
73.77653193,7,1572446516,AUT,FALSE,TRUE,TRUE,498.993818,277.4041411,154.5052721,179.9596466,-0.090768879,-179.580828,-2.180900742,3.800126559,0.590502602,0.571227491,0.625534947,0.415509944,-7.4854145,56.08389015,56.86028709,-91.70762214,-51.95159362,62.29966621,63.96402969,1,1
73.87709093,7,1572446516,AUT,FALSE,TRUE,TRUE,483.0317617,272.3977255,152.6609554,-179.9425279,-0.120931128,-179.6701874,-1.125476989,7.210891457,1.261368088,0.97041787,0.456209948,-0.004362059,-7.4854145,56.08389015,56.86028709,-91.70762214,-51.95159362,62.29966621,63.96402969,1,1
79.64080191,8,1572446522,AUT,FALSE,FALSE,TRUE,471.7480224,-400.4122166,169.8939038,179.9335846,-0.014867456,-179.9931955,-6.246593832,-6.388543122,6.650406378,-0.784548773,0.924578059,0.568656287,-72.43282356,60.51968193,57.16886215,-78.15809097,-51.67018981,68.85901222,-10.49794808,0.5,1
79.74151278,8,1572446522,AUT,FALSE,TRUE,TRUE,480.2070923,-400.1280675,171.4544244,179.7564959,0.714765709,-179.8204956,-23.1246166,-6.806112512,2.226997634,-0.263846253,1.7114727,1.174886584,-71.78869514,60.70882187,57.18958168,-77.37271957,-51.67423278,68.50519753,-10.21513939,1,1
79.8421998,8,1572446522,AUT,FALSE,TRUE,TRUE,498.9130374,-401.9331585,172.4022459,179.7747852,0.763196895,-179.710566,-20.57325775,-7.330181744,6.703110828,-0.623964507,1.717230772,1.083807547,-69.47664986,62.02516937,57.09392852,-73.88879356,-51.97808715,69.89323425,-10.40162888,1,1
79.94271684,8,1572446522,AUT,FALSE,TRUE,TRUE,525.2609099,-404.1759491,169.8093144,179.8779724,0.714710148,-179.7998469,-11.4748123,-0.896978885,2.919047087,0.353440325,0.730071717,0.564785067,-65.97512169,64.4287754,56.89533004,-68.44380798,-52.45727783,71.85601043,-11.02895165,1,1
80.04327488,8,1572446522,AUT,FALSE,TRUE,TRUE,525.2609099,-404.1759491,169.8093144,179.8779724,0.714710148,-179.7998469,-11.4748123,-0.896978885,2.919047087,0.353440325,0.730071717,0.564785067,-65.97512169,64.4287754,56.89533004,-68.44380798,-52.45727783,71.85601043,-11.02895165,1,1
80.14379787,8,1572446522,AUT,FALSE,TRUE,TRUE,553.0647061,-404.4089027,165.0991571,-179.955161,0.603005436,-179.9448496,1.969782565,-0.234573556,-1.360396009,0.054735967,-1.325271441,-0.160750698,-62.11563835,67.11921386,56.6913311,-62.39781532,-53.01798156,73.82076073,-11.84445305,1,1
80.2443378,8,1572446522,AUT,FALSE,TRUE,TRUE,576.5728894,-397.301024,163.6764054,-179.6701981,0.201839293,179.7644208,15.22405917,10.95774037,-3.219301983,1.211947874,-2.218809705,-1.478982791,-58.58640747,69.08736648,56.74381484,-57.55436554,-53.33568969,75.89659653,-12.24970093,1,1
80.34491301,8,1572446522,AUT,FALSE,TRUE,TRUE,593.33645,-378.415232,164.8699793,-179.4733554,-0.162089275,179.5454917,17.94023387,16.51183713,-2.868681543,1.945628697,-1.757800645,-2.604181649,-55.89926147,69.68483047,56.85627708,-55.79568786,-53.35243835,77.01195259,-11.07491226,1,1
80.44539785,8,1572446522,AUT,FALSE,TRUE,TRUE,604.2185415,-347.4842176,166.6115879,-179.5194187,-0.26115797,179.4013751,17.94023387,16.51183713,-2.868681543,1.945628697,-1.757800645,-2.604181649,-54.08966217,69.07303962,57.2429718,-57.55060615,-53.33162475,76.77741165,-7.681633762,1,1
80.54592896,8,1572446523,AUT,FALSE,TRUE,TRUE,604.2185415,-347.4842176,166.6115879,-179.5194187,-0.26115797,179.4013751,12.86332671,13.20185055,0.468619547,1.038036673,-0.683797743,-2.477191488,-54.08966217,69.07303962,57.2429718,-57.55060615,-53.33162475,76.77741165,-7.681633762,1,1
80.6464529,8,1572446523,AUT,FALSE,TRUE,TRUE,609.704755,-305.2681047,166.7970181,-179.5446272,-0.24987789,179.3533326,8.51007459,11.74408721,0.132492813,1.10770038,-0.475214686,-1.898726436,-52.70707741,67.68268203,57.67947235,-61.85592842,-53.31807861,75.38527908,-2.71586495,1,1
80.746984,8,1572446523,AUT,FALSE,TRUE,TRUE,610.1138647,-250.4394184,164.4555323,-179.7246248,-0.14436356,179.3203634,-1.991578096,8.446782095,1.405195328,0.633602914,0.488220367,-1.154500811,-51.12322654,65.82753753,58.0953701,-67.79077377,-53.33217956,73.11126366,3.825202556,1,1
80.84755278,8,1572446523,AUT,FALSE,TRUE,TRUE,607.0748877,-193.4135164,162.6799343,-179.8298082,0.064110698,179.4216662,-8.556362454,7.434951624,-0.708016317,0.344771663,1.161599616,-0.525653737,-48.9200695,63.85610618,58.41679573,-73.7718029,-53.42952941,70.67865715,10.86606559,1,1
80.94807386,8,1572446523,AUT,FALSE,TRUE,TRUE,607.0748877,-193.4135164,162.6799343,-179.8298082,0.064110698,179.4216662,-8.556362454,7.434951624,-0.708016317,0.344771663,1.161599616,-0.525653737,-48.9200695,63.85610618,58.41679573,-73.7718029,-53.42952941,70.67865715,10.86606559,1,1
81.04857779,8,1572446523,AUT,FALSE,TRUE,TRUE,605.5318431,-142.6808488,166.8828247,179.9683838,0.325598756,179.7183579,-13.20951783,1.715930763,-1.943584852,0.140820168,0.972338804,0.093637242,-46.11108856,62.05316734,58.80966682,-77.6065052,-53.42594238,69.36813583,16.92622719,1,1
81.14909792,8,1572446523,AUT,FALSE,TRUE,TRUE,611.0719018,-105.4939268,175.4460151,179.8665875,0.552143366,179.8727531,-16.75991482,-2.88937584,1.914160112,-0.307039946,1.208558661,0.399710083,-42.94278603,60.9261795,58.96801758,-78.23214569,-52.87995483,69.44954796,20.53415451,1,1
81.24966478,8,1572446523,AUT,FALSE,TRUE,TRUE,611.0719018,-105.4939268,175.4460151,179.8665875,0.552143366,179.8727531,-16.75991482,-2.88937584,1.914160112,-0.307039946,1.208558661,0.399710083,-39.52734604,60.93884124,58.54562416,-75.75584449,-52.26550048,70.55451508,21.68582725,1,1
81.350775,8,1572446523,AUT,FALSE,TRUE,TRUE,625.7439858,-83.46855181,182.7881797,179.8177961,0.701711636,-179.9706759,-17.50686533,-3.969772228,4.605370348,-0.518046722,1.125868537,0.596639784,-39.52734604,60.93884124,58.54562416,-75.75584449,-52.26550048,70.55451508,21.68582725,1,1
81.45146084,8,1572446523,AUT,FALSE,TRUE,TRUE,655.7088372,-69.53074147,184.7040289,179.8877162,0.724601872,179.9896436,-13.99338039,4.960481077,3.563828622,0.97464057,0.855442005,0.3606051,-34.85148239,63.00708961,57.44900665,-68.95449371,-51.87510131,72.80087929,20.54609871,1,1
81.55208683,8,1572446524,AUT,FALSE,TRUE,TRUE,680.1204484,-53.96705467,181.0655863,-179.9192026,0.562044822,179.6442825,-6.133506195,11.11409544,3.495533969,0.737339317,0.059992872,-0.474170907,-30.93993759,65.61709442,57.10982094,-62.87776336,-52.12369995,74.76043167,19.62237854,1,1
81.65258384,8,1572446524,AUT,FALSE,TRUE,TRUE,698.3384399,-24.40701387,175.4187787,-179.7755581,0.362854485,179.3934847,-0.977073821,19.27139617,-0.910536327,0.737339317,0.059992872,-0.474170907,-26.64281044,67.98015747,57.20852623,-58.14252204,-52.75660034,76.23437118,20.34486351,1,1
81.75310898,8,1572446524,AUT,FALSE,TRUE,TRUE,698.3384399,-24.40701387,175.4187787,-179.7755581,0.362854485,179.3934847,-0.977073821,19.27139617,-0.910536327,1.982267329,-0.08572667,-1.009834539,-26.64281044,67.98015747,57.20852623,-58.14252204,-52.75660034,76.23437118,20.34486351,1,1
81.85367084,8,1572446524,AUT,FALSE,TRUE,TRUE,709.9217327,18.00540123,169.5372098,-179.8953702,0.117425702,179.5280864,5.141203022,2.018231558,1.035405107,-0.926173121,-0.956795727,-0.354160668,-21.61506843,69.81883278,57.19229736,-54.49678459,-53.45629211,77.34609146,22.77723999,1,1
81.9542098,8,1572446524,AUT,FALSE,TRUE,TRUE,713.2346602,57.2881522,166.7904107,179.8500302,-0.292123252,179.9308353,19.482887,-7.585072813,-2.519700654,-1.306736458,-2.283851427,0.979270015,-17.30885696,70.70592728,56.79423179,-52.27989807,-53.60256408,78.27776641,25.4942173,1,1
82.05474401,8,1572446524,AUT,FALSE,TRUE,TRUE,709.1169311,82.89491942,168.9920082,179.7118557,-0.592095603,-179.8150601,20.12687216,-7.252706725,-3.321098613,-0.533741137,-1.76412227,1.432031659,-15.02822227,70.48753967,56.60709342,-52.26930313,-53.39931701,78.72898178,27.7550457,1,1
82.15528989,8,1572446524,AUT,FALSE,TRUE,TRUE,709.1169311,82.89491942,168.9920082,179.7118557,-0.592095603,-179.8150601,20.12687216,-7.252706725,-3.321098613,-0.533741137,-1.76412227,1.432031659,-15.02822227,70.48753967,56.60709342,-52.26930313,-53.39931701,78.72898178,27.7550457,1,1
82.2557838,8,1572446524,AUT,FALSE,TRUE,TRUE,698.9578421,94.95672437,172.008918,179.7461212,-0.799057349,-179.6565369,18.17028865,-4.826790794,-1.17617058,0.230725138,-0.707648011,1.422625454,-14.78182296,69.40905647,56.60988807,-54.55447998,-53.06191589,78.38309784,29.65002251,1,1
82.35637283,8,1572446524,AUT,FALSE,TRUE,TRUE,678.9353854,99.90429119,171.1750174,179.7762333,-0.821421699,-179.664512,14.19055118,-5.670428892,-0.161352737,-0.453126332,-0.440102186,0.968598651,-16.34393119,67.42913475,56.61266212,-60.16886101,-52.59283813,76.40352287,32.26850738,1,1
82.4569068,8,1572446524,AUT,FALSE,TRUE,TRUE,678.9353854,99.90429119,171.1750174,179.7762333,-0.821421699,-179.664512,14.19055118,-5.670428892,-0.161352737,-0.453126332,-0.440102186,0.968598651,-16.34393119,67.42913475,56.61266212,-60.16886101,-52.59283813,76.40352287,32.26850738,1,1
82.55747986,8,1572446525,AUT,FALSE,TRUE,TRUE,648.757605,104.9514655,162.7461891,-179.9416209,-0.400377856,-179.9932233,-4.936888274,11.31266689,3.748077191,1.552224265,1.542275173,-0.36083659,-18.97130127,65.00611381,56.69591102,-68.55312538,-52.51689514,72.33857116,35.82382393,1,1
82.65802789,8,1572446525,AUT,FALSE,TRUE,TRUE,648.757605,104.9514655,162.7461891,-179.9416209,-0.400377856,-179.9932233,-4.936888274,11.31266689,3.748077191,1.552224265,1.542275173,-0.36083659,-18.97130127,65.00611381,56.69591102,-68.55312538,-52.51689514,72.33857116,35.82382393,1,1
82.75854778,8,1572446525,AUT,FALSE,TRUE,TRUE,624.5277122,118.9486961,158.7539782,-179.867505,0.031947259,179.71701,-16.81243995,16.6940194,2.260896252,1.504897604,2.308967692,-0.889341599,-19.93747329,63.25545273,57.05278473,-74.43232498,-52.81459167,69.4989727,39.45460281,1,1
82.85903001,8,1572446525,AUT,FALSE,TRUE,TRUE,615.4987877,137.7069395,160.5410479,-179.8414484,0.223919966,179.665448,-18.0377475,18.29214675,4.108092215,1.935873485,2.322090099,-0.841239246,-18.82625084,62.6180397,57.33170356,-75.85291214,-52.89268798,68.99280853,41.75129814,1,1
82.95958495,8,1572446525,AUT,FALSE,TRUE,TRUE,614.4436034,160.4472161,161.784301,-179.8712711,0.213836577,179.6067393,-9.826313321,15.01757254,4.599429763,1.048695817,1.081102593,-0.877559756,-16.46636696,62.87021026,57.32216263,-74.88846359,-52.82690734,69.41424408,43.41556549,1,1
83.06036091,8,1572446525,AUT,FALSE,TRUE,TRUE,614.4436034,160.4472161,161.784301,-179.8712711,0.213836577,179.6067393,-9.826313321,15.01757254,4.599429763,1.048695817,1.081102593,-0.877559756,-16.46636696,62.87021026,57.32216263,-74.88846359,-52.82690734,69.41424408,43.41556549,1,1
83.16129899,8,1572446525,AUT,FALSE,TRUE,TRUE,613.6226048,195.9423516,159.8251802,-179.9618364,-0.2007571,179.7322743,6.257064065,1.121538358,0.327203168,-1.026094455,-0.360818155,0.017574681,-12.49883308,63.90495758,57.21776161,-72.50214386,-52.89377014,70.49787712,45.72062416,1,1
83.26199698,8,1572446525,AUT,FALSE,TRUE,TRUE,613.6226048,195.9423516,159.8251802,-179.9618364,-0.2007571,179.7322743,6.257064065,1.121538358,0.327203168,-1.026094455,-0.360818155,0.017574681,-12.49883308,63.90495758,57.21776161,-72.50214386,-52.89377014,70.49787712,45.72062416,1,1
83.36254191,8,1572446525,AUT,FALSE,TRUE,TRUE,597.6625428,238.1222945,156.1432312,179.8872144,-0.613703835,-179.9965311,14.32521575,-2.372370275,-2.744231608,-0.52767819,-0.710972268,0.798702821,-8.291835019,64.49461784,57.21465797,-72.17567482,-53.09045288,70.89808159,49.86642151,1,1
83.46304393,8,1572446525,AUT,FALSE,TRUE,TRUE,574.140547,261.2837909,153.8071027,179.8710684,-0.661819364,-179.8461638,11.48984228,-1.966350879,-1.945243947,-0.03339546,-0.245596512,0.979351394,-6.546340938,63.67850533,57.28639869,-74.96089783,-53.20065673,69.8449974,53.80114746,1,1
83.56362081,8,1572446526,AUT,FALSE,TRUE,TRUE,574.140547,261.2837909,153.8071027,179.8710684,-0.661819364,-179.8461638,11.48984228,-1.966350879,-1.945243947,-0.03339546,-0.245596512,0.979351394,-6.546340938,63.67850533,57.28639869,-74.96089783,-53.20065673,69.8449974,53.80114746,1,1
83.66417098,8,1572446526,AUT,FALSE,TRUE,TRUE,540.2376946,279.3458028,153.1867642,179.9292368,-0.445389725,-179.78325,2.50886128,0.197635834,-2.330015326,-0.135137581,0.384534948,0.388603603,-5.804149244,62.14163131,57.39897422,-79.06733665,-53.20568298,68.17613983,57.62928199,1,1
83.76469994,8,1572446526,AUT,FALSE,TRUE,TRUE,515.9312241,284.9563602,155.1354984,179.918728,-0.249142502,-179.6435835,-0.999572396,1.747258937,-1.213156705,0.490945687,0.246291612,0.25525986,-5.69677505,59.69772263,57.62553291,-84.4322113,-53.02856689,66.15145569,61.61044921,1,1
83.8652339,8,1572446526,AUT,FALSE,TRUE,TRUE,498.8118599,284.8438506,157.8728869,-179.9978894,-0.121170142,-179.6476256,-3.223001825,5.45570774,0.42055105,1.100200953,0.572479946,-0.05564152,-6.086913294,57.92099991,57.68128166,-87.63312606,-52.5325122,64.8583168,63.25822334,1,1
83.96576381,8,1572446526,AUT,FALSE,TRUE,TRUE,498.8118599,284.8438506,157.8728869,-179.9978894,-0.121170142,-179.6476256,-3.223001825,5.45570774,0.42055105,1.100200953,0.572479946,-0.05564152,-6.086913294,57.92099991,57.68128166,-87.63312606,-52.5325122,64.8583168,63.25822334,1,1
84.06629395,8,1572446526,AUT,FALSE,TRUE,TRUE,486.0014646,283.0156528,160.4985916,179.9756414,-0.126558578,-179.686418,-1.034834541,4.819239689,0.221315258,0.876174536,0.406744287,-0.154195535,-6.603648375,56.50410347,57.80963631,-90.05200309,-51.99748901,63.92977294,64.3196743,1,1
90.28001881,9,1572446532,AUT,FALSE,FALSE,TRUE,472.5608043,-399.7242824,170.341291,-179.953108,0.048510506,-179.9874485,-20.58358284,-4.077584413,6.703511122,-0.479125539,2.078700221,0.57348506,-72.89753494,61.22993431,58.53084754,-78.15346298,-52.92534484,69.52780837,-9.963706975,0.5,1
90.38076496,9,1572446532,AUT,FALSE,TRUE,TRUE,481.5247387,-398.1288702,171.2545683,179.9744087,0.729906114,-179.8984107,-23.83992662,-5.332091467,2.810969716,-0.44218435,1.576283858,0.71479058,-72.17877159,61.47515945,58.55662765,-77.37868996,-52.92966247,69.19071693,-9.669112019,1,1
90.48164678,9,1572446533,AUT,FALSE,TRUE,TRUE,502.9943869,-396.0431937,170.7252074,179.9666253,0.913919874,-179.8203659,-21.52857363,-4.301771198,3.261726294,-0.305866955,1.780073697,0.575696932,-69.46935424,62.8830265,58.49608955,-74.01750183,-53.36752807,70.33852386,-9.378485875,1,1
90.58218884,9,1572446533,AUT,FALSE,TRUE,TRUE,534.5077904,-395.4019262,169.4164633,-179.9931174,0.842841861,-179.8230682,-21.52857363,-4.301771198,3.261726294,-0.305866955,1.780073697,0.575696932,-65.29856643,65.34187317,58.36990814,-68.041856,-53.9365155,72.50914764,-9.700625613,1,1
90.68290091,9,1572446533,AUT,FALSE,TRUE,TRUE,534.5077904,-395.4019262,169.4164633,-179.9931174,0.842841861,-179.8230682,-10.76404006,-3.631742494,1.856121963,-0.198292149,0.6088386,0.362282234,-65.29856643,65.34187317,58.36990814,-68.041856,-53.9365155,72.50914764,-9.700625613,1,1
90.78349495,9,1572446533,AUT,FALSE,TRUE,TRUE,562.9344277,-391.4912185,167.8710521,-179.7060838,0.563730421,179.8858865,3.61285844,6.420765545,-0.910038339,0.390687352,-1.559552776,-0.770340403,-61.21150131,67.70456199,58.2867691,-62.09390602,-54.24302307,74.84205322,-10.47251473,1,1
90.88404989,9,1572446533,AUT,FALSE,TRUE,TRUE,586.6177287,-378.0949244,167.6519431,-179.5247607,0.218398804,179.6607193,14.17482035,10.90778253,-1.742478789,1.014082908,-1.988073894,-1.734894477,-57.52894249,69.23133544,58.32816009,-58.01379318,-54.45908569,76.60903931,-10.12759896,1,1
90.98459387,9,1572446533,AUT,FALSE,TRUE,TRUE,602.8674257,-354.6660798,167.3504877,-179.451492,-0.163959699,179.5277259,17.25499706,14.24089059,-2.749873787,1.455994834,-1.558669578,-2.156246684,-54.74479751,69.60976982,58.33210831,-57.05893364,-54.48127807,77.29736366,-8.173079688,1,1
91.08512497,9,1572446533,AUT,FALSE,TRUE,TRUE,602.8674257,-354.6660798,167.3504877,-179.451492,-0.163959699,179.5277259,17.25499706,14.24089059,-2.749873787,1.455994834,-1.558669578,-2.156246684,-54.74479751,69.60976982,58.33210831,-57.05893364,-54.48127807,77.29736366,-8.173079688,1,1
91.18567586,9,1572446533,AUT,FALSE,TRUE,TRUE,612.2716843,-322.4393457,166.5789858,-179.4942466,-0.225019759,179.4295557,12.50202304,10.42301197,-1.466013938,0.419072283,-0.880639492,-2.030502454,-52.98526153,69.07201653,58.5421051,-59.08453445,-54.47618041,76.6806324,-4.651377869,1,1
91.28628683,9,1572446533,AUT,FALSE,TRUE,TRUE,616.068489,-278.9154573,165.0186253,-179.5684551,-0.175798124,179.3825944,4.54121745,10.29934134,-1.618807658,0.856475839,-0.140977943,-1.354944464,-51.55055351,67.80415306,58.85660248,-63.40613708,-54.47520263,75.14823875,0.415482325,1,1
91.38686395,9,1572446533,AUT,FALSE,TRUE,TRUE,615.4317952,-229.7273596,162.9823361,-179.7387511,-0.029735125,179.416104,-1.787547107,6.427975551,1.916006806,0.041413293,0.590787612,-0.750125349,-49.92134628,66.13898277,59.12087516,-68.77544059,-54.48863891,73.02830658,6.556132506,1,1
91.48746085,9,1572446534,AUT,FALSE,TRUE,TRUE,615.4317952,-229.7273596,162.9823361,-179.7387511,-0.029735125,179.416104,-1.787547107,6.427975551,1.916006806,0.041413293,0.590787612,-0.750125349,-49.92134628,66.13898277,59.12087516,-68.77544059,-54.48863891,73.02830658,6.556132506,1,1
91.58803201,9,1572446534,AUT,FALSE,TRUE,TRUE,612.170265,-177.7035974,162.806827,-179.7460776,0.083749572,179.5514433,-6.859983367,4.440285363,0.004668511,-0.046666544,0.556141084,-0.379292251,-47.80752868,64.40278587,59.37451858,-73.67074928,-54.50026794,71.19676208,12.59975624,1,1
91.68852997,9,1572446534,AUT,FALSE,TRUE,TRUE,612.170265,-177.7035974,162.806827,-179.7460776,0.083749572,179.5514433,-6.859983367,4.440285363,0.004668511,-0.046666544,0.556141084,-0.379292251,-47.80752868,64.40278587,59.37451858,-73.67074928,-54.50026794,71.19676208,12.59975624,1,1
91.78908396,9,1572446534,AUT,FALSE,TRUE,TRUE,609.5395605,-109.2506363,166.3420094,-179.8635254,0.223186723,179.6354716,-9.915105111,4.665337345,2.17606266,0.183484042,1.146272197,-0.335960105,-44.54495315,62.47367248,59.86451912,-78.16182289,-54.35052978,69.7434391,20.46855239,1,1
91.88971591,9,1572446534,AUT,FALSE,TRUE,TRUE,609.5395605,-109.2506363,166.3420094,-179.8635254,0.223186723,179.6354716,-9.915105111,4.665337345,2.17606266,0.183484042,1.146272197,-0.335960105,-39.78089333,61.93577843,59.80107994,-78.68326836,-54.30633728,69.46584892,24.85863075,1,1
91.99024677,9,1572446534,AUT,FALSE,TRUE,TRUE,615.0470161,-65.9326403,168.4862783,179.9719035,0.476923554,179.8535065,-17.44746188,-2.105877874,5.282242544,-0.704438084,1.456744827,0.747688755,-39.78089333,61.93577843,59.80107994,-78.68326836,-54.30633728,69.46584892,24.85863075,1,1
92.09103298,9,1572446534,AUT,FALSE,TRUE,TRUE,651.1089838,-50.16317044,169.0021515,179.8711912,0.734753076,-179.7825993,-17.44746188,-2.105877874,5.282242544,-0.704438084,1.456744827,0.747688755,-34.07773933,63.96398506,57.99130211,-71.16008148,-53.79823059,71.39988899,23.73356552,1,1
92.19190598,9,1572446534,AUT,FALSE,TRUE,TRUE,651.1089838,-50.16317044,169.0021515,179.8711912,0.734753076,-179.7825993,-12.22066968,-1.409975057,5.070749949,0.37123175,0.813490812,0.76419062,-34.07773933,63.96398506,57.99130211,-71.16008148,-53.79823059,71.39988899,23.73356552,1,1
92.29239392,9,1572446534,AUT,FALSE,TRUE,TRUE,677.9798707,-44.85840577,167.7630282,-179.8382606,0.473436282,179.7666928,-0.699638772,8.883270945,2.021879444,0.748364861,-0.483189529,-0.344072667,-30.61166611,66.75868378,57.66995887,-63.82780266,-53.67938598,73.96927185,21.20564231,1,1
92.39294982,9,1572446534,AUT,FALSE,TRUE,TRUE,677.9798707,-44.85840577,167.7630282,-179.8382606,0.473436282,179.7666928,-0.699638772,8.883270945,2.021879444,0.748364861,-0.483189529,-0.344072667,-30.61166611,66.75868378,57.66995887,-63.82780266,-53.67938598,73.96927185,21.20564231,1,1
92.493541,9,1572446535,AUT,FALSE,TRUE,TRUE,698.804952,-14.02912267,163.2360288,-179.7323082,0.292233573,179.5588702,3.265304099,11.68927018,-0.355610877,1.062808455,-0.702251124,-0.665504988,-27.0712326,68.87400169,57.91881294,-59.23360863,-54.40797729,75.83567047,21.68731041,1,1
92.59404588,9,1572446535,AUT,FALSE,TRUE,TRUE,707.524906,24.42927573,158.5578071,-179.8710452,0.200989076,179.5965758,4.158046855,2.697654092,-0.129253939,-0.09908346,-0.862045897,-0.107187485,-21.59053802,70.73075981,57.88609085,-55.46003494,-54.86612365,76.55238075,24.0618473,1,1
92.69456887,9,1572446535,AUT,FALSE,TRUE,TRUE,709.3899928,57.92849947,156.8302681,179.8949298,-0.238948055,-179.9623557,17.38719667,-5.108501921,-4.310254147,-0.791301313,-2.228366692,1.060261562,-17.92863006,71.37914543,57.584729,-53.73564148,-55.0160321,77.45684394,26.51878166,1,1
92.79510093,9,1572446535,AUT,FALSE,TRUE,TRUE,709.3899928,57.92849947,156.8302681,179.8949298,-0.238948055,-179.9623557,17.38719667,-5.108501921,-4.310254147,-0.791301313,-2.228366692,1.060261562,-16.15726318,71.12712249,57.49866485,-53.94067383,-54.81215881,77.93086281,28.41337738,1,1
92.89561582,9,1572446535,AUT,FALSE,TRUE,TRUE,704.7722997,78.65250899,158.7908387,179.7925021,-0.639260368,-179.7433505,22.94800422,-10.31254968,-3.80687871,-1.052380998,-2.061993648,1.457080854,-16.15726318,71.12712249,57.49866485,-53.94067383,-54.81215881,77.93086281,28.41337738,1,1
92.99615479,9,1572446535,AUT,FALSE,TRUE,TRUE,693.2134918,89.71953435,160.1740553,179.8436605,-0.879658086,-179.610527,19.47288156,-3.928526547,-0.574795819,0.11403249,-0.715873161,1.346501475,-16.33637123,70.04338646,57.51664123,-56.71377411,-54.5149237,77.37911568,30.32130089,1,1
93.09675193,9,1572446535,AUT,FALSE,TRUE,TRUE,693.2134918,89.71953435,160.1740553,179.8436605,-0.879658086,-179.610527,19.47288156,-3.928526547,-0.574795819,0.11403249,-0.715873161,1.346501475,-18.42053261,67.76200333,57.55786743,-64.03519706,-54.3386975,74.42978439,33.83512687,1,1
93.19724679,9,1572446535,AUT,FALSE,TRUE,TRUE,667.1382027,95.06305097,156.672499,179.9295472,-0.652832831,-179.6915779,7.3774936,-0.06308142,0.943771984,0.374965898,0.374936201,0.616722829,-18.42053261,67.76200333,57.55786743,-64.03519706,-54.3386975,74.42978439,33.83512687,1,1
93.29777598,9,1572446535,AUT,FALSE,TRUE,TRUE,638.1600075,101.414649,151.4118611,-179.8973715,-0.130319058,-179.9500665,-10.70363675,7.446274922,0.046995872,0.465977715,1.308329351,-0.308514232,-20.67684288,65.39510536,57.64682922,-71.72956809,-54.44033203,70.80055733,37.47127189,1,1
93.39833379,9,1572446535,AUT,FALSE,TRUE,TRUE,624.2821623,111.2399476,151.9825467,-179.6702258,0.219800008,179.7993524,-18.62460485,16.69409692,1.088301572,1.612707482,2.145025246,-0.975295839,-21.1509716,64.18017196,57.92740974,-75.09062576,-54.48794677,69.23846283,39.51577606,1,1
93.49881697,9,1572446536,AUT,FALSE,TRUE,TRUE,624.2821623,111.2399476,151.9825467,-179.6702258,0.219800008,179.7993524,-18.62460485,16.69409692,1.088301572,1.612707482,2.145025246,-0.975295839,-21.1509716,64.18017196,57.92740974,-75.09062576,-54.48794677,69.23846283,39.51577606,1,1
93.59937,9,1572446536,AUT,FALSE,TRUE,TRUE,619.6154948,129.2813722,155.8049804,-179.793776,0.280203797,179.7099201,-15.12224815,19.13357831,3.731877203,2.225567161,1.575430351,-0.747998257,-19.89227486,63.85001564,58.3722805,-75.4690567,-54.4830249,69.40857239,41.39256019,1,1
93.70061779,9,1572446536,AUT,FALSE,TRUE,TRUE,619.9133007,152.9879311,157.8242016,-179.7936187,0.230180236,179.7402132,-7.37169008,10.39416788,2.18247921,0.605270252,0.525564816,-0.491843347,-17.30334663,64.18581963,58.41738968,-74.11486816,-54.43645385,70.11233253,42.9706604,1,1
93.80145884,9,1572446536,AUT,FALSE,TRUE,TRUE,620.3676059,180.148244,158.0963046,-179.9193882,0.069117987,179.7462719,0.083234693,10.67588865,2.890020741,0.997636931,-0.044881891,-0.094814525,-14.20586471,64.89983139,58.38445816,-72.17675285,-54.4285437,70.98284798,44.69236564,1,1
93.90219784,9,1572446536,AUT,FALSE,TRUE,TRUE,620.3676059,180.148244,158.0963046,-179.9193882,0.069117987,179.7462719,0.083234693,10.67588865,2.890020741,0.997636931,-0.044881891,-0.094814525,-14.20586471,64.89983139,58.38445816,-72.17675285,-54.4285437,70.98284798,44.69236564,1,1
94.00277495,9,1572446536,AUT,FALSE,TRUE,TRUE,612.761469,213.5587529,156.9167759,179.9695946,-0.340169801,179.99502,13.17283001,0.840274855,-1.384907491,-0.129658689,-1.012037977,0.827928563,-11.32278786,65.44107971,58.36253013,-70.99072036,-54.48186035,71.71010856,47.44273109,1,1
94.10330391,9,1572446536,AUT,FALSE,TRUE,TRUE,612.761469,213.5587529,156.9167759,179.9695946,-0.340169801,179.99502,13.17283001,0.840274855,-1.384907491,-0.129658689,-1.012037977,0.827928563,-8.520590969,64.822649,58.50210456,-73.18651657,-54.48208557,71.22845421,51.35219879,1,1
94.20387983,9,1572446536,AUT,FALSE,TRUE,TRUE,591.217736,241.5972983,155.9146638,179.9378428,-0.537587264,-179.8081088,13.47014711,0.79063658,-0.704771379,0.472054087,-0.764007254,1.086617656,-8.520590969,64.822649,58.50210456,-73.18651657,-54.48208557,71.22845421,51.35219879,1,1
94.30451679,9,1572446536,AUT,FALSE,TRUE,TRUE,564.8418746,258.9788473,156.3340435,179.9661057,-0.517325674,-179.7892841,7.848772026,-0.092025629,-1.772183124,0.133427616,-0.187714585,0.723484413,-7.799736781,63.37996902,58.84557151,-77.17586174,-54.4506372,69.89065933,55.22828865,1,1
94.40499997,9,1572446536,AUT,FALSE,TRUE,TRUE,537.332472,269.5918625,157.2625449,-179.9442976,-0.347515922,-179.7341354,1.379053541,0.497683105,0.467049705,0.126758872,0.30666732,0.280928249,-7.670115275,61.55177193,59.18363113,-81.76024704,-54.41365722,68.23426781,58.88951339,1,1
94.50553489,9,1572446537,AUT,FALSE,TRUE,TRUE,537.332472,269.5918625,157.2625449,-179.9442976,-0.347515922,-179.7341354,1.379053541,0.497683105,0.467049705,0.126758872,0.30666732,0.280928249,-7.670115275,61.55177193,59.18363113,-81.76024704,-54.41365722,68.23426781,58.88951339,1,1
94.60609484,9,1572446537,AUT,FALSE,TRUE,TRUE,504.9138948,272.6526609,158.425537,-179.9053435,-0.090474353,-179.6495523,-4.398286237,3.606277054,-0.054335753,0.52822308,0.689994066,-0.197477566,-8.034346388,59.19397201,59.22814979,-87.70649414,-53.97077636,65.71686401,62.57052383,1,1
94.70658493,9,1572446537,AUT,FALSE,TRUE,TRUE,504.9138948,272.6526609,158.425537,-179.9053435,-0.090474353,-179.6495523,-4.398286237,3.606277054,-0.054335753,0.52822308,0.689994066,-0.197477566,-8.034346388,59.19397201,59.22814979,-87.70649414,-53.97077636,65.71686401,62.57052383,1,1
94.80713201,9,1572446537,AUT,FALSE,TRUE,TRUE,489.5390303,269.0081775,159.8835203,-179.8415747,-0.115993163,-179.73265,0.035309592,7.35542887,1.86853871,1.126436942,0.445776189,-0.465608586,-8.939125438,57.15994949,59.25042114,-90.75609283,-53.41667541,64.42326164,63.72921066,1,1
100.560365,10,1572446543,AUT,FALSE,FALSE,TRUE,472.3353448,-399.9202165,170.1818837,-179.9816347,0.020263583,-179.9812741,-21.20844762,-4.234067363,7.249250049,-0.451783883,2.251808888,0.55198537,-73.38743934,61.94429283,59.75285339,-78.15357284,-54.12566711,70.19728431,-9.433324819,0.5,1
100.6612799,10,1572446543,AUT,FALSE,TRUE,TRUE,479.8871665,-399.1336366,170.9410343,179.8944128,0.701087678,-179.8735929,-23.55374098,-4.52437262,2.648692473,-0.159688767,1.756280535,0.996082696,-72.86771393,62.11244544,59.78698997,-77.58026504,-54.14260253,69.67917251,-9.137679294,1,1
100.761894,10,1572446543,AUT,FALSE,TRUE,TRUE,479.8871665,-399.1336366,170.9410343,179.8944128,0.701087678,-179.8735929,-23.55374098,-4.52437262,2.648692473,-0.159688767,1.756280535,0.996082696,-72.86771393,62.11244544,59.78698997,-77.58026504,-54.14260253,69.67917251,-9.137679294,1,1
100.8624158,10,1572446543,AUT,FALSE,TRUE,TRUE,511.3167135,-398.6401164,169.0540849,179.9306523,0.726264547,-179.8075135,-11.74906512,-6.043202038,4.558249013,-0.568938292,0.730035534,0.645458476,-69.66098671,63.89650497,59.69239769,-73.33477707,-54.65154968,71.27997322,-9.200376894,1,1
100.9629378,10,1572446543,AUT,FALSE,TRUE,TRUE,511.3167135,-398.6401164,169.0540849,179.9306523,0.726264547,-179.8075135,-11.74906512,-6.043202038,4.558249013,-0.568938292,0.730035534,0.645458476,-64.41481933,67.23360558,59.28026962,-65.39911194,-55.34182617,73.85627746,-10.12523346,1,1
101.0635018,10,1572446543,AUT,FALSE,TRUE,TRUE,543.2825096,-399.0174739,163.8876172,-179.8813166,0.591952356,179.9549882,2.773349501,3.398063551,-1.380379885,0.179840767,-1.445413124,-0.568178219,-64.41481933,67.23360558,59.28026962,-65.39911194,-55.34182617,73.85627746,-10.12523346,1,1
101.1640389,10,1572446543,AUT,FALSE,TRUE,TRUE,577.5178603,-383.0386657,160.7706039,-179.5514398,0.243095919,179.6711319,7.019513461,12.37657038,-2.483864312,1.237544265,-1.262899306,-1.759199083,-59.29337425,69.72748833,59.3284584,-59.63403282,-55.8094812,76.05496788,-9.809774781,1,1
101.2645779,10,1572446543,AUT,FALSE,TRUE,TRUE,577.5178603,-383.0386657,160.7706039,-179.5514398,0.243095919,179.6711319,7.019513461,12.37657038,-2.483864312,1.237544265,-1.262899306,-1.759199083,-59.29337425,69.72748833,59.3284584,-59.63403282,-55.8094812,76.05496788,-9.809774781,1,1
101.3650649,10,1572446543,AUT,FALSE,TRUE,TRUE,596.1543247,-344.2759403,161.7302665,-179.4050833,-0.163767494,179.4648061,10.88107416,10.35772147,-0.985622463,0.525091985,-1.146552837,-2.353300246,-56.14635773,69.9197319,59.49725303,-59.17307739,-55.83205261,76.611343,-7.140254975,1,1
101.4655888,10,1572446543,AUT,FALSE,TRUE,TRUE,596.1543247,-344.2759403,161.7302665,-179.4050833,-0.163767494,179.4648061,10.88107416,10.35772147,-0.985622463,0.525091985,-1.146552837,-2.353300246,-56.14635773,69.9197319,59.49725303,-59.17307739,-55.83205261,76.611343,-7.140254975,1,1
101.5661159,10,1572446544,AUT,FALSE,TRUE,TRUE,609.4761433,-291.4829718,162.1268456,-179.5585359,-0.125552677,179.4605596,3.090754934,8.707601643,0.619122219,0.696212846,-0.006585724,-1.559917297,-53.21602936,68.50733986,59.94945373,-63.68236427,-55.82795471,75.36381798,-0.298982625,1,1
101.6666508,10,1572446544,AUT,FALSE,TRUE,TRUE,609.4761433,-291.4829718,162.1268456,-179.5585359,-0.125552677,179.4605596,3.090754934,8.707601643,0.619122219,0.696212846,-0.006585724,-1.559917297,-53.21602936,68.50733986,59.94945373,-63.68236427,-55.82795471,75.36381798,-0.298982625,1,1
101.7671919,10,1572446544,AUT,FALSE,TRUE,TRUE,611.0265122,-202.2743172,160.5879077,-179.7355071,0.005830859,179.51832,3.090754934,8.707601643,0.619122219,0.696212846,-0.006585724,-1.559917297,-50.33849716,66.17196922,60.4447689,-72.1471138,-55.82345031,72.27126961,10.5044918,1,1
101.8677599,10,1572446544,AUT,FALSE,TRUE,TRUE,611.0265122,-202.2743172,160.5879077,-179.7355071,0.005830859,179.51832,-3.662325004,8.212128237,3.115036885,0.517566154,1.218023487,-0.783141748,-50.33849716,66.17196922,60.4447689,-72.1471138,-55.82345031,72.27126961,10.5044918,1,1
101.9682479,10,1572446544,AUT,FALSE,TRUE,TRUE,609.705318,-129.0220366,159.9453558,-179.787781,0.16302041,179.5904761,-8.136752935,2.078736194,1.719158642,-0.411474684,0.977510348,-0.5848783,-45.51925849,64.00641632,60.68697281,-77.30359153,-55.82135192,70.27810249,18.85580406,1,1
102.068779,10,1572446544,AUT,FALSE,TRUE,TRUE,609.705318,-129.0220366,159.9453558,-179.787781,0.16302041,179.5904761,-8.136752935,2.078736194,1.719158642,-0.411474684,0.977510348,-0.5848783,-45.51925849,64.00641632,60.68697281,-77.30359153,-55.82135192,70.27810249,18.85580406,1,1
102.1693749,10,1572446544,AUT,FALSE,TRUE,TRUE,613.3653262,-78.60508721,160.495113,-179.9295981,0.281931635,179.7449602,-11.2616879,3.020698915,2.833516271,0.022109737,1.40202254,-0.156163463,-41.38587226,63.34784088,60.64672164,-78.63469505,-55.81776489,69.70336647,24.07066383,1,1
102.2702448,10,1572446544,AUT,FALSE,TRUE,TRUE,625.6570685,-50.19458854,161.2509298,179.8779356,0.559214489,-179.9154835,-13.73126333,-5.068214034,2.359971785,-0.590307937,0.998265491,0.548634178,-37.36089019,63.61062698,60.02849006,-76.8450016,-55.74756774,69.99178848,26.44944076,1,1
102.3712978,10,1572446544,AUT,FALSE,TRUE,TRUE,625.6570685,-50.19458854,161.2509298,179.8779356,0.559214489,-179.9154835,-13.73126333,-5.068214034,2.359971785,-0.590307937,0.998265491,0.548634178,-37.36089019,63.61062698,60.02849006,-76.8450016,-55.74756774,69.99178848,26.44944076,1,1
102.4720109,10,1572446544,AUT,FALSE,TRUE,TRUE,659.3752671,-45.32915874,161.5174165,179.9199162,0.64732414,-179.8364353,-8.80427307,1.006111044,2.845465936,0.142352792,0.068937347,0.331391616,-33.75500908,65.27430038,58.84691391,-70.88728752,-55.28515319,71.59254455,24.61760444,1,1
102.5725,10,1572446545,AUT,FALSE,TRUE,TRUE,659.3752671,-45.32915874,161.5174165,179.9199162,0.64732414,-179.8364353,-8.80427307,1.006111044,2.845465936,0.142352792,0.068937347,0.331391616,-33.75500908,65.27430038,58.84691391,-70.88728752,-55.28515319,71.59254455,24.61760444,1,1
102.6731088,10,1572446545,AUT,FALSE,TRUE,TRUE,687.5145628,-40.33593487,160.9075379,-179.7774086,0.428660912,179.7682643,-1.924896295,10.39256985,-1.467881567,0.655057036,-1.030090657,-0.744423019,-29.45479202,68.76798706,58.65306015,-61.40633354,-55.3556195,74.89901733,21.15886116,1,1
102.773659,10,1572446545,AUT,FALSE,TRUE,TRUE,687.5145628,-40.33593487,160.9075379,-179.7774086,0.428660912,179.7682643,-1.924896295,10.39256985,-1.467881567,0.655057036,-1.030090657,-0.744423019,-29.45479202,68.76798706,58.65306015,-61.40633354,-55.3556195,74.89901733,21.15886116,1,1
102.8741958,10,1572446545,AUT,FALSE,TRUE,TRUE,707.9147803,2.047375545,160.7236956,-179.7411399,0.224047042,179.5425556,2.89691603,9.520225457,-0.266828733,0.661185511,-0.71833663,-0.890732671,-23.86784248,71.07784881,59.16716881,-55.44137191,-55.95044128,77.17197876,22.32202148,1,1
102.9747229,10,1572446545,AUT,FALSE,TRUE,TRUE,707.9147803,2.047375545,160.7236956,-179.7411399,0.224047042,179.5425556,2.89691603,9.520225457,-0.266828733,0.661185511,-0.71833663,-0.890732671,-23.86784248,71.07784881,59.16716881,-55.44137191,-55.95044128,77.17197876,22.32202148,1,1
103.0752409,10,1572446545,AUT,FALSE,TRUE,TRUE,712.7965352,47.75459563,161.8458418,-179.8538674,-0.054645529,179.771199,9.690951291,3.864671205,-1.917967339,0.140445315,-1.282829534,-0.36707007,-19.08795204,71.74642181,59.05080643,-53.10187111,-56.01834777,78.26819458,25.34571991,1,1
103.1757588,10,1572446545,AUT,FALSE,TRUE,TRUE,707.9363784,83.31291477,164.9743862,179.9517338,-0.486220813,-179.9037446,18.84761635,-6.550880455,-2.214896416,-0.865123881,-1.672052999,0.490578164,-15.90929489,71.53686104,58.98249549,-52.86805114,-55.86012268,79.0115982,28.44105949,1,1
103.2763,10,1572446545,AUT,FALSE,TRUE,TRUE,707.9363784,83.31291477,164.9743862,179.9517338,-0.486220813,-179.9037446,18.84761635,-6.550880455,-2.214896416,-0.865123881,-1.672052999,0.490578164,-15.90929489,71.53686104,58.98249549,-52.86805114,-55.86012268,79.0115982,28.44105949,1,1
103.3768158,10,1572446545,AUT,FALSE,TRUE,TRUE,693.0161873,103.6394172,167.3137206,179.9386794,-0.786699337,-179.686532,15.64769102,-2.616484714,1.307227429,0.211542091,-0.471414134,0.533288139,-15.29465789,70.24248962,58.98601799,-56.09072571,-55.48028137,78.46517601,31.51016578,1,1
103.4773619,10,1572446545,AUT,FALSE,TRUE,TRUE,693.0161873,103.6394172,167.3137206,179.9386794,-0.786699337,-179.686532,15.64769102,-2.616484714,1.307227429,0.211542091,-0.471414134,0.533288139,-15.29465789,70.24248962,58.98601799,-56.09072571,-55.48028137,78.46517601,31.51016578,1,1
103.5778818,10,1572446546,AUT,FALSE,TRUE,TRUE,662.9941162,116.3695862,160.2194061,-179.9738644,-0.552992579,-179.7415169,3.516175767,1.841621634,-0.346963087,0.211542091,-0.471414134,0.533288139,-17.14888229,67.88670158,58.99275398,-64.15629043,-55.29878723,75.28044204,35.88879089,1,1
103.6783988,10,1572446546,AUT,FALSE,TRUE,TRUE,662.9941162,116.3695862,160.2194061,-179.9738644,-0.552992579,-179.7415169,3.516175767,1.841621634,-0.346963087,0.440496297,0.634237702,-0.197982562,-17.14888229,67.88670158,58.99275398,-64.15629043,-55.29878723,75.28044204,35.88879089,1,1
103.7788949,10,1572446546,AUT,FALSE,TRUE,TRUE,625.4636705,126.4596612,154.3992297,-179.6334546,-0.119167169,179.8833341,-11.35377719,15.9949473,2.43707482,1.658295591,1.79973366,-1.324314067,-19.7144268,65.16179008,59.16804084,-73.61974525,-55.39135803,70.84305725,40.69136467,1,1
103.8794608,10,1572446546,AUT,FALSE,TRUE,TRUE,625.4636705,126.4596612,154.3992297,-179.6334546,-0.119167169,179.8833341,-11.35377719,15.9949473,2.43707482,1.658295591,1.79973366,-1.324314067,-19.7144268,65.16179008,59.16804084,-73.61974525,-55.39135803,70.84305725,40.69136467,1,1
103.9803259,10,1572446546,AUT,FALSE,TRUE,TRUE,610.1232189,150.1496902,153.1962773,-179.6602627,0.15010251,179.6553317,-17.20747853,18.85460625,4.549641745,1.780690396,2.483428536,-1.339979529,-18.67771911,64.35694542,59.51863174,-76.45373039,-55.65807312,69.576828,44.12937469,1,1
104.081218,10,1572446546,AUT,FALSE,TRUE,TRUE,606.115228,180.7763584,152.0991868,-179.6674245,0.099424859,179.6669518,-5.998187428,14.45262535,2.264077469,0.912912145,0.793229425,-1.176252726,-15.56115875,64.77422676,59.41587524,-75.51666183,-55.72969299,69.86252059,46.585746,1,1
104.1819339,10,1572446546,AUT,FALSE,TRUE,TRUE,606.115228,180.7763584,152.0991868,-179.6674245,0.099424859,179.6669518,-5.998187428,14.45262535,2.264077469,0.912912145,0.793229425,-1.176252726,-15.56115875,64.77422676,59.41587524,-75.51666183,-55.72969299,69.86252059,46.585746,1,1
104.2824619,10,1572446546,AUT,FALSE,TRUE,TRUE,601.0574332,219.0092072,151.7918287,-179.8271012,-0.177482363,179.7884372,8.25214143,-0.301653551,-1.509893362,0.912912145,0.793229425,-1.176252726,-11.44786033,65.57785262,59.41999168,-73.57850189,-55.77937866,70.81940231,49.41055069,1,1
104.3827379,10,1572446546,AUT,FALSE,TRUE,TRUE,601.0574332,219.0092072,151.7918287,-179.8271012,-0.177482363,179.7884372,8.25214143,-0.301653551,-1.509893362,-0.911513443,-0.606448093,-0.210534671,-11.44786033,65.57785262,59.41999168,-73.57850189,-55.77937866,70.81940231,49.41055069,1,1
104.4833028,10,1572446547,AUT,FALSE,TRUE,TRUE,580.905896,257.3294222,152.3164442,179.8900631,-0.434777339,-179.7340135,9.777692541,-4.184942,-1.466702292,-0.243218486,-0.154965846,0.930250755,-7.542210387,65.36858711,59.43749428,-74.11165809,-55.77949951,71.18827171,53.96186371,1,1
104.583849,10,1572446547,AUT,FALSE,TRUE,TRUE,580.905896,257.3294222,152.3164442,179.8900631,-0.434777339,-179.7340135,9.777692541,-4.184942,-1.466702292,-0.243218486,-0.154965846,0.930250755,-7.542210387,65.36858711,59.43749428,-74.11165809,-55.77949951,71.18827171,53.96186371,1,1
104.6844158,10,1572446547,AUT,FALSE,TRUE,TRUE,559.5256946,271.0649513,153.2438174,179.9586308,-0.494336311,-179.6425868,9.568868909,-2.839362017,-0.446801696,-0.110533647,-0.335799518,0.56221764,-6.743133544,64.15807228,59.54312096,-77.03106536,-55.55182983,70.25116196,56.94826011,1,1
104.7849629,10,1572446547,AUT,FALSE,TRUE,TRUE,559.5256946,271.0649513,153.2438174,179.9586308,-0.494336311,-179.6425868,9.568868909,-2.839362017,-0.446801696,-0.110533647,-0.335799518,0.56221764,-6.743133544,64.15807228,59.54312096,-77.03106536,-55.55182983,70.25116196,56.94826011,1,1
104.885489,10,1572446547,AUT,FALSE,TRUE,TRUE,523.2900038,277.5721465,152.1622691,-179.9140794,-0.335837313,-179.6431036,1.546656824,1.73701631,-0.445329343,0.538060796,0.259104395,-0.044266821,-7.1435749,61.70959739,59.83093528,-83.72119331,-55.4972113,67.63492241,61.38029938,1,1
104.9860339,10,1572446547,AUT,FALSE,TRUE,TRUE,498.0091127,276.6411199,151.0854703,-179.8729647,-0.08056726,-179.6597553,1.546656824,1.73701631,-0.445329343,0.538060796,0.259104395,-0.044266821,-8.117523188,59.6779953,59.90050621,-88.67184906,-55.46771301,65.4142353,64.27165718,1,1
105.0865879,10,1572446547,AUT,FALSE,TRUE,TRUE,498.0091127,276.6411199,151.0854703,-179.8729647,-0.08056726,-179.6597553,-3.644849902,6.234434045,1.956668014,1.122597644,0.487991844,-0.479430711,-8.117523188,59.6779953,59.90050621,-88.67184906,-55.46771301,65.4142353,64.27165718,1,1
105.1871309,10,1572446547,AUT,FALSE,TRUE,TRUE,478.0904073,273.1102618,151.8520549,-179.8518461,-0.119678642,-179.6873174,-0.483488418,6.918612336,1.164172492,1.059081178,0.437958368,-0.457462531,-9.039234919,57.92503395,60.07252121,-92.4759819,-55.10237365,63.85634994,66.11747017,1,1
111.349957,11,1572446553,AUT,FALSE,FALSE,TRUE,472.9786684,-399.6466911,170.5396748,-179.9443422,0.117705076,-179.9630244,-30.69388461,-5.882217441,5.104719751,-0.445123914,2.750807567,1.101416184,-73.69940299,62.45818519,60.70901069,-78.14556999,-55.00853942,70.64612045,-9.052833944,0.5,1
111.4506669,11,1572446553,AUT,FALSE,TRUE,TRUE,488.05428,-401.5258395,172.1526956,179.7441731,1.037946895,-179.7151617,-21.7787723,-8.854745463,4.144229577,-0.823602227,1.241429015,1.332549744,-72.98365745,62.74414901,60.64915924,-76.15928306,-55.14802185,70.58438072,-8.893618013,1,1
111.5512788,11,1572446554,AUT,FALSE,TRUE,TRUE,488.05428,-401.5258395,172.1526956,179.7441731,1.037946895,-179.7151617,-21.7787723,-8.854745463,4.144229577,-0.823602227,1.241429015,1.332549744,-72.98365745,62.74414901,60.64915924,-76.15928306,-55.14802185,70.58438072,-8.893618013,1,1
111.651886,11,1572446554,AUT,FALSE,TRUE,TRUE,515.8572503,-405.2532199,172.8087311,179.9359177,0.822004394,-179.7215026,-15.01910959,-4.155059066,3.857596045,0.011921396,0.943315509,0.734008184,-68.63388519,65.23248711,60.57560577,-70.40006446,-55.62789916,72.96551971,-9.792584612,1,1
111.7524059,11,1572446554,AUT,FALSE,TRUE,TRUE,515.8572503,-405.2532199,172.8087311,179.9359177,0.822004394,-179.7215026,-15.01910959,-4.155059066,3.857596045,0.011921396,0.943315509,0.734008184,-68.63388519,65.23248711,60.57560577,-70.40006446,-55.62789916,72.96551971,-9.792584612,1,1
111.852922,11,1572446554,AUT,FALSE,TRUE,TRUE,551.8965144,-406.3104242,170.0994755,-179.6732345,0.635143571,179.8921963,2.61075923,6.539561868,-0.200017626,0.219358797,-1.763475609,-1.073021409,-63.64364089,68.26031914,60.34328613,-62.53367157,-56.072807,75.52041435,-11.20491829,1,1
111.9534609,11,1572446554,AUT,FALSE,TRUE,TRUE,551.8965144,-406.3104242,170.0994755,-179.6732345,0.635143571,179.8921963,2.61075923,6.539561868,-0.200017626,0.219358797,-1.763475609,-1.073021409,-63.64364089,68.26031914,60.34328613,-62.53367157,-56.072807,75.52041435,-11.20491829,1,1
112.053983,11,1572446554,AUT,FALSE,TRUE,TRUE,589.9078697,-380.9087651,167.2317798,-179.3887417,0.189123267,179.537354,14.65239162,14.1222254,-0.977924428,1.264435899,-1.844881282,-2.61186383,-57.60575409,70.63686104,60.4460083,-56.65479469,-56.52132934,77.93605384,-10.26127854,1,1
112.1544678,11,1572446554,AUT,FALSE,TRUE,TRUE,608.0921602,-344.1898479,166.4100539,-179.3387092,-0.094823377,179.3851304,12.04616239,13.17457719,-1.07912874,0.641094018,-0.791055736,-2.685269867,-54.54070587,70.59704933,60.56232261,-57.21763801,-56.54271423,78.03974762,-6.693406681,1,1
112.255008,11,1572446554,AUT,FALSE,TRUE,TRUE,617.8227209,-301.1070096,167.4265594,-179.4964231,-0.171259354,179.459678,7.645585374,11.23665999,-1.017174838,0.918280903,-0.153540919,-1.894458517,-52.43530654,69.54937934,60.83458099,-60.47582588,-56.53990722,77.17449188,-1.644948581,1,1
112.3555648,11,1572446554,AUT,FALSE,TRUE,TRUE,617.8227209,-301.1070096,167.4265594,-179.4964231,-0.171259354,179.459678,7.645585374,11.23665999,-1.017174838,0.918280903,-0.153540919,-1.894458517,-52.43530654,69.54937934,60.83458099,-60.47582588,-56.53990722,77.17449188,-1.644948581,1,1
112.4561229,11,1572446554,AUT,FALSE,TRUE,TRUE,619.691222,-249.2313828,168.5860886,-179.6493864,-0.177335005,179.5016977,5.804584957,6.781171033,-1.793171447,0.522877245,-0.414142775,-1.205355365,-50.70890464,67.80792961,61.27540054,-65.7009407,-56.45123107,75.63715439,4.6103096,1,1
112.5566509,11,1572446555,AUT,FALSE,TRUE,TRUE,615.1920203,-200.4140614,168.4220574,-179.7554129,-0.022031857,179.5988508,-3.85436973,5.975713709,1.668835777,0.581766965,0.81369821,-0.587963972,-49.27795944,65.98126373,61.64494285,-71.21678123,-56.41727233,73.69281807,10.72372741,1,1
112.657182,11,1572446555,AUT,FALSE,TRUE,TRUE,608.9123964,-151.6991092,166.5152817,-179.9113566,0.188056238,179.6331635,-9.228009962,3.321203789,2.212297047,0.072200182,0.947854327,-0.170997304,-47.3872776,64.39316253,61.85833511,-76.16584053,-56.41148803,71.67280998,16.79464874,1,1
112.7576849,11,1572446555,AUT,FALSE,TRUE,TRUE,608.9123964,-151.6991092,166.5152817,-179.9113566,0.188056238,179.6331635,-9.228009962,3.321203789,2.212297047,0.072200182,0.947854327,-0.170997304,-47.3872776,64.39316253,61.85833511,-76.16584053,-56.41148803,71.67280998,16.79464874,1,1
112.858217,11,1572446555,AUT,FALSE,TRUE,TRUE,606.2710068,-110.0415669,164.3152282,-179.90503,0.303537401,179.6431064,-11.85352968,4.480491847,1.846742435,-0.103276545,1.295752946,-0.041510012,-44.87636604,63.48954391,61.84254913,-78.96854209,-56.42430908,70.37740173,21.47921219,1,1
112.9587739,11,1572446555,AUT,FALSE,TRUE,TRUE,610.9003334,-78.40240232,163.4406314,179.8830286,0.546829887,179.8242075,-15.93914068,-3.602681722,3.589226734,-1.21718491,1.646000611,0.712034586,-41.85948601,63.28324127,61.63110694,-79.38862838,-56.55197021,69.89668121,24.95138626,1,1
113.0593388,11,1572446555,AUT,FALSE,TRUE,TRUE,627.4404523,-63.51724774,164.1380452,179.6867824,0.800433497,-179.8023236,-17.80912734,-4.996724719,4.602219027,-0.670335196,1.360236098,1.279697614,-38.61818619,63.85183868,60.72930107,-76.45542297,-56.40735717,70.50401916,25.58970222,1,1
113.160111,11,1572446555,AUT,FALSE,TRUE,TRUE,651.7525458,-61.00643247,164.4668885,179.9207708,0.782286493,-179.8875113,-10.86365019,4.550851549,1.514033509,-0.670335196,1.360236098,1.279697614,-35.49296036,65.58375434,59.83387413,-70.66687431,-55.96555297,72.17817421,23.40190544,1,1
113.261081,11,1572446555,AUT,FALSE,TRUE,TRUE,651.7525458,-61.00643247,164.4668885,179.9207708,0.782286493,-179.8875113,-10.86365019,4.550851549,1.514033509,0.739321287,0.241221274,0.631425872,-35.49296036,65.58375434,59.83387413,-70.66687431,-55.96555297,72.17817421,23.40190544,1,1
113.3617809,11,1572446555,AUT,FALSE,TRUE,TRUE,675.7769423,-54.10915395,164.8937593,-179.8568947,0.576029725,179.8056625,-2.03013634,10.92160669,0.846758969,0.995789969,-0.57724225,-0.268670484,-32.26266746,67.83328056,59.78703804,-64.44793281,-56.00251098,74.48955688,21.44600601,1,1
113.4622889,11,1572446555,AUT,FALSE,TRUE,TRUE,693.3828509,-31.11281362,164.3617968,-179.6731263,0.367513821,179.5116569,2.042996774,12.54803601,3.562748509,0.377734547,-0.838712832,-0.931617824,-28.52081337,69.73108978,60.12196312,-59.64841804,-56.37159118,76.28802223,21.41625366,1,1
113.56282,11,1572446556,AUT,FALSE,TRUE,TRUE,702.9621938,6.659347624,162.4286702,-179.7710098,0.192881926,179.559955,4.330659268,11.30152076,0.507275023,0.55792957,-0.671967639,-0.531875146,-24.35468101,70.86584014,60.18158111,-56.90602798,-56.74619201,77.25158844,23.62934646,1,1
113.6633029,11,1572446556,AUT,FALSE,TRUE,TRUE,702.9621938,6.659347624,162.4286702,-179.7710098,0.192881926,179.559955,4.330659268,11.30152076,0.507275023,0.55792957,-0.671967639,-0.531875146,-24.35468101,70.86584014,60.18158111,-56.90602798,-56.74619201,77.25158844,23.62934646,1,1
113.7638528,11,1572446556,AUT,FALSE,TRUE,TRUE,704.4662962,44.56872828,160.452363,-179.977058,-0.167415307,179.9119589,15.26858342,-2.983494701,-1.642715663,-0.596691133,-1.862128722,0.337557877,-20.41082268,71.37374839,59.90367851,-55.58658714,-56.84281677,77.86368484,26.54339447,1,1
113.8643718,11,1572446556,AUT,FALSE,TRUE,TRUE,699.1336373,70.44298643,160.4888064,179.822301,-0.50570812,-179.7725074,20.43101703,-8.353355482,-4.054793138,-0.95691863,-1.812265872,1.17816806,-18.27990417,71.15994758,59.72039909,-56.06985855,-56.76771423,78.07896538,29.15711059,1,1
113.9648979,11,1572446556,AUT,FALSE,TRUE,TRUE,687.7954172,83.05420501,162.4987136,179.8607533,-0.691835969,-179.5949059,17.83570982,-3.29046451,-0.830679033,0.482233995,-0.746573863,1.289838283,-18.1339508,70.11708069,59.74202499,-58.69149169,-56.50870056,77.60375175,31.31198959,1,1
114.0654378,11,1572446556,AUT,FALSE,TRUE,TRUE,687.7954172,83.05420501,162.4987136,179.8607533,-0.691835969,-179.5949059,17.83570982,-3.29046451,-0.830679033,0.482233995,-0.746573863,1.289838283,-18.1339508,70.11708069,59.74202499,-58.69149169,-56.50870056,77.60375175,31.31198959,1,1
114.1659799,11,1572446556,AUT,FALSE,TRUE,TRUE,669.5825018,88.82996809,162.5833582,179.9151691,-0.596362303,-179.6430819,10.86366605,-1.706479194,-0.36057,0.208443059,-0.299688729,0.718518005,-19.48032531,68.42313995,59.79707336,-63.55139351,-56.17040954,75.91198082,33.77632942,1,1
114.2665348,11,1572446556,AUT,FALSE,TRUE,TRUE,646.5691748,93.67989061,160.4578505,-179.8591092,-0.159440536,-179.8641562,-5.590792477,9.26177931,1.02656883,1.433659009,0.930777286,-0.216951791,-21.47740631,66.43589516,59.97082901,-69.81689644,-56.07782226,73.20634002,36.57862243,1,1
114.3670828,11,1572446556,AUT,FALSE,TRUE,TRUE,646.5691748,93.67989061,160.4578505,-179.8591092,-0.159440536,-179.8641562,-5.590792477,9.26177931,1.02656883,1.433659009,0.930777286,-0.216951791,-21.47740631,66.43589516,59.97082901,-69.81689644,-56.07782226,73.20634002,36.57862243,1,1
114.467629,11,1572446556,AUT,FALSE,TRUE,TRUE,628.1560422,105.2556141,159.2177112,-179.6240145,0.165121538,179.7700848,-15.7757383,18.18495674,3.825406521,1.90263724,1.870193221,-1.323196689,-22.31204453,65.03183555,60.29658394,-74.25535926,-56.0794757,71.22065734,39.20684394,1,1
114.5681489,11,1572446557,AUT,FALSE,TRUE,TRUE,619.36039,136.3515625,157.0716726,-179.6818719,0.285898396,179.5306497,-15.18866061,17.74919408,6.548007974,1.267325241,2.143988578,-1.233136886,-20.0422657,64.98450164,60.51333046,-75.20192413,-56.32269104,70.6142498,42.49957351,1,1
114.6686759,11,1572446557,AUT,FALSE,TRUE,TRUE,619.36039,136.3515625,157.0716726,-179.6818719,0.285898396,179.5306497,-15.18866061,17.74919408,6.548007974,1.267325241,2.143988578,-1.233136886,-20.0422657,64.98450164,60.51333046,-75.20192413,-56.32269104,70.6142498,42.49957351,1,1
114.769249,11,1572446557,AUT,FALSE,TRUE,TRUE,617.9142422,174.851524,152.872169,-179.8036734,0.144663722,179.6960342,-0.423254163,8.770335192,-1.333755777,0.176081369,0.125606517,-0.563960831,-16.73953857,65.75211639,60.238171,-73.82822799,-56.61503173,70.90309753,44.83882369,1,1
114.869797,11,1572446557,AUT,FALSE,TRUE,TRUE,613.9747508,204.7650312,155.0088334,-179.9377302,-0.041918405,179.9007875,9.051731641,1.057407771,-5.08158106,-0.331933137,-1.062671905,0.030291205,-12.41904144,66.45639496,60.33772773,-71.77586174,-56.68983764,72.13343239,47.67735099,1,1
114.9705179,11,1572446557,AUT,FALSE,TRUE,TRUE,603.6326496,231.4983037,160.8031977,-179.9405533,-0.194856654,-179.946892,10.07490994,-3.147697775,-2.581299101,-0.331933137,-1.062671905,0.030291205,-9.945455931,66.15225563,60.72906418,-71.62277756,-56.53556213,72.89838981,50.18738365,1,1
115.0711319,11,1572446557,AUT,FALSE,TRUE,TRUE,603.6326496,231.4983037,160.8031977,-179.9405533,-0.194856654,-179.946892,10.07490994,-3.147697775,-2.581299101,-0.794206055,-1.058052007,0.323827987,-9.945455931,66.15225563,60.72906418,-71.62277756,-56.53556213,72.89838981,50.18738365,1,1
115.1717148,11,1572446557,AUT,FALSE,TRUE,TRUE,587.1726611,251.8327633,165.5689504,179.9787635,-0.408376526,-179.8103522,10.4112863,-2.476159532,-0.544073745,-0.674473647,-0.733909181,0.40979854,-8.370627594,65.22203293,60.98769264,-73.0957798,-56.0903247,72.96218605,52.94972419,1,1
115.2723739,11,1572446557,AUT,FALSE,TRUE,TRUE,564.4797149,266.5053816,166.6933481,-179.9285585,-0.409469068,-179.7388626,7.929764642,-0.466274426,1.082190692,0.145773587,-0.224621155,0.241411869,-7.697697825,63.84519882,61.14306679,-76.46324043,-55.78862365,71.90286026,56.13620911,1,1
115.372967,11,1572446557,AUT,FALSE,TRUE,TRUE,539.5594436,274.3155295,164.8059777,-179.9487878,-0.272468052,-179.654361,2.282300378,0.892110047,0.211966623,0.558501322,0.139548859,0.125673958,-7.732757944,62.28530159,61.17372894,-80.78028373,-55.68622558,70.13251304,59.46031151,1,1
115.473552,11,1572446557,AUT,FALSE,TRUE,TRUE,539.5594436,274.3155295,164.8059777,-179.9487878,-0.272468052,-179.654361,2.282300378,0.892110047,0.211966623,0.558501322,0.139548859,0.125673958,-7.732757944,62.28530159,61.17372894,-80.78028373,-55.68622558,70.13251304,59.46031151,1,1
115.5740809,11,1572446558,AUT,FALSE,TRUE,TRUE,517.3894323,275.8027573,162.2712427,-179.9260379,-0.195158906,-179.6563042,0.048702878,1.044408999,0.204130084,0.157096659,0.63761173,-0.215730017,-8.269570538,60.76142577,61.16380004,-84.98036041,-55.55235168,68.26375923,62.06129036,1,1
115.6746149,11,1572446558,AUT,FALSE,TRUE,TRUE,495.3232264,272.4974841,159.209198,-179.8733527,-0.107505142,-179.6654337,-1.034400929,5.344404875,1.395243122,0.793619339,0.417373222,-0.447994341,-9.277833938,59.11146469,61.17956199,-89.48011322,-55.51445983,66.19323806,64.36997795,1,1
115.775106,11,1572446558,AUT,FALSE,TRUE,TRUE,495.3232264,272.4974841,159.209198,-179.8733527,-0.107505142,-179.6654337,-1.034400929,5.344404875,1.395243122,0.793619339,0.417373222,-0.447994341,-9.277833938,59.11146469,61.17956199,-89.48011322,-55.51445983,66.19323806,64.36997795,1,1
115.8756559,11,1572446558,AUT,FALSE,TRUE,TRUE,480.2897244,269.3170781,157.3754128,-179.8556418,-0.097212797,-179.6802817,0.386045838,6.708550042,1.740998265,1.094514893,0.30761335,-0.419294844,-10.03291397,58.01539306,61.27596703,-92.45005073,-55.50427001,64.85776062,65.87758712,1,1
122.1098928,12,1572446564,AUT,FALSE,FALSE,TRUE,472.0881367,-400.2127079,170.1131235,179.9851047,0.019646663,-179.9843612,-13.78249642,-6.303900113,6.684548534,-0.73715229,1.574746612,0.691192888,-74.26877289,63.30353851,62.05053062,-78.1505413,-56.34563598,71.46901703,-8.498793413,0.5,1
122.2112248,12,1572446564,AUT,FALSE,TRUE,TRUE,480.0871957,-402.7283382,173.0552238,179.820447,0.647960112,-179.5653275,-25.22956167,-7.346778059,3.589283963,-0.420492092,2.004675262,1.267080753,-73.58066139,63.3341938,61.89611778,-77.10898933,-56.34851989,71.26561203,-8.526321031,1,1
122.3120139,12,1572446564,AUT,FALSE,TRUE,TRUE,498.2082094,-406.1618254,177.3310708,179.7866562,0.832695035,-179.6869699,-18.93060421,-5.251733501,4.084397516,-0.328119771,1.344243453,1.013513019,-71.33622322,64.43570709,62.01341743,-73.29700126,-56.35001403,72.82355575,-9.189479831,1,1
122.4125688,12,1572446564,AUT,FALSE,TRUE,TRUE,498.2082094,-406.1618254,177.3310708,179.7866562,0.832695035,-179.6869699,-18.93060421,-5.251733501,4.084397516,-0.328119771,1.344243453,1.013513019,-68.11461639,66.32573661,61.9365097,-67.94953307,-56.63939941,74.79605827,-10.38228608,1,1
122.5131259,12,1572446565,AUT,FALSE,TRUE,TRUE,521.7179572,-410.7406612,178.2417223,179.9940263,0.769496887,-179.8091944,-9.450206521,-0.834244261,1.166659992,0.15375155,0.191389543,0.328872614,-68.11461639,66.32573661,61.9365097,-67.94953307,-56.63939941,74.79605827,-10.38228608,1,1
122.6136758,12,1572446565,AUT,FALSE,TRUE,TRUE,546.7784007,-410.6862134,177.7677049,-179.8564595,0.562079167,-179.9957092,0.818286733,3.594799875,-0.714703025,0.292686944,-0.994189642,-0.454917914,-64.46713829,68.34522629,61.8900753,-62.42335853,-57.04209777,76.89150123,-11.32103691,1,1
122.714232,12,1572446565,AUT,FALSE,TRUE,TRUE,568.8820165,-401.36111,176.8116418,-179.6047211,0.30560058,179.7639434,7.891108737,9.901028987,-0.803112015,1.057732034,-1.435675006,-1.462705551,-61.06630325,69.80975876,61.91679268,-58.45842361,-57.33967346,78.43016739,-11.36704216,1,1
122.8148048,12,1572446565,AUT,FALSE,TRUE,TRUE,586.9674959,-380.8746754,174.944252,-179.5529324,0.076354265,179.6440988,13.71226998,9.994221805,-1.022455163,1.057732034,-1.435675006,-1.462705551,-58.29464149,70.42908211,61.90089683,-57.11172981,-57.49733276,78.97413826,-9.668246844,1,1
122.9153099,12,1572446565,AUT,FALSE,TRUE,TRUE,586.9674959,-380.8746754,174.944252,-179.5529324,0.076354265,179.6440988,13.71226998,9.994221805,-1.022455163,0.89048414,-1.627449185,-1.967927544,-58.29464149,70.42908211,61.90089683,-57.11172981,-57.49733276,78.97413826,-9.668246844,1,1
123.015878,12,1572446565,AUT,FALSE,TRUE,TRUE,599.5872536,-352.71989,173.4720457,-179.5875404,-0.033147385,179.5459474,10.3831068,8.406243482,-4.049618649,0.616051285,-0.732156743,-1.913133242,-56.20065422,70.28008003,61.98936768,-58.15470314,-57.50785766,78.69016571,-6.704269413,1,1
123.1164348,12,1572446565,AUT,FALSE,TRUE,TRUE,607.0853866,-318.8089479,174.5283393,-179.5497937,-0.146839349,179.5866948,8.361010293,9.647489438,-1.045699392,0.860389426,-0.455529158,-1.849476687,-54.65542373,69.40094719,62.23560905,-60.88207282,-57.48201232,78.05742187,-2.853691869,1,1
123.217032,12,1572446565,AUT,FALSE,TRUE,TRUE,609.9358658,-277.7249607,175.7133434,-179.6430213,-0.069137413,179.5421171,1.318213922,8.421493236,0.662124514,0.856627277,0.129700895,-1.484346899,-53.44484367,68.0753025,62.71552619,-65.07889824,-57.38401428,76.86349983,2.111987681,1,1
123.3175838,12,1572446565,AUT,FALSE,TRUE,TRUE,609.9358658,-277.7249607,175.7133434,-179.6430213,-0.069137413,179.5421171,1.318213922,8.421493236,0.662124514,0.856627277,0.129700895,-1.484346899,-53.44484367,68.0753025,62.71552619,-65.07889824,-57.38401428,76.86349983,2.111987681,1,1
123.4181499,12,1572446565,AUT,FALSE,TRUE,TRUE,609.1718575,-232.0579315,175.1828774,-179.7170928,-0.000432388,179.518977,-1.620465153,6.361379733,1.56084993,0.37981912,0.334652843,-1.121120549,-52.05961532,66.64700431,63.219524,-69.90930862,-57.37961975,75.32016792,7.704763406,1,1
123.5186598,12,1572446566,AUT,FALSE,TRUE,TRUE,605.5640482,-183.3904351,172.5347571,-179.7199335,0.020212494,179.5089731,-6.205430859,8.438792325,1.219017085,0.950090751,0.959902663,-0.887294286,-50.20680542,65.30642166,63.52067642,-74.64958648,-57.39127075,73.59406128,13.56459617,1,1
123.6192329,12,1572446566,AUT,FALSE,TRUE,TRUE,601.1858517,-135.4585365,168.800479,-179.8399061,0.104233565,179.556054,-8.895818981,6.177142095,2.498445467,0.281955298,1.409042609,-0.578667107,-47.79605484,64.18782462,63.57973823,-78.62996749,-57.46933959,71.86845932,19.40124435,1,1
123.7200279,12,1572446566,AUT,FALSE,TRUE,TRUE,601.1858517,-135.4585365,168.800479,-179.8399061,0.104233565,179.556054,-8.895818981,6.177142095,2.498445467,0.281955298,1.409042609,-0.578667107,-47.79605484,64.18782462,63.57973823,-78.62996749,-57.46933959,71.86845932,19.40124435,1,1
123.8208308,12,1572446566,AUT,FALSE,TRUE,TRUE,599.9894774,-84.35845831,165.8499583,-179.9033958,0.256484497,179.6710771,-10.37593972,-0.347411067,1.507546587,-0.867162094,1.367903225,-0.270654512,-44.91240806,63.47395706,63.48514938,-80.9934597,-57.56028991,70.52968941,25.19079551,1,1
123.921479,12,1572446566,AUT,FALSE,TRUE,TRUE,606.7063429,-55.89247708,165.5214111,179.9393162,0.441986699,179.9168833,-11.17713599,-3.759962519,2.743454531,-1.041311059,1.013629194,0.248812692,-40.84460677,63.31881294,62.99594536,-80.78347664,-57.55740051,70.38846703,27.96882591,1,1
124.0220339,12,1572446566,AUT,FALSE,TRUE,TRUE,622.2645905,-44.01143008,165.3086578,179.7763289,0.71567475,-179.8220544,-16.315717,-2.473099842,3.833218245,-0.12533378,1.282940434,0.836171467,-37.93825607,63.96213798,62.08844719,-77.83873558,-57.40916198,70.87617073,28.22640038,1,1
124.1225338,12,1572446566,AUT,FALSE,TRUE,TRUE,622.2645905,-44.01143008,165.3086578,179.7763289,0.71567475,-179.8220544,-16.315717,-2.473099842,3.833218245,-0.12533378,1.282940434,0.836171467,-37.93825607,63.96213798,62.08844719,-77.83873558,-57.40916198,70.87617073,28.22640038,1,1
124.2230828,12,1572446566,AUT,FALSE,TRUE,TRUE,646.9978558,-45.46138461,165.5987248,179.811834,0.75415204,-179.7961747,-11.20703687,-1.057189941,2.414356373,-0.100996289,0.505852998,0.695653019,-35.17168922,65.62125549,61.17738532,-72.16287231,-57.09965515,72.47111778,25.84603386,1,1
124.3236518,12,1572446566,AUT,FALSE,TRUE,TRUE,671.9586228,-48.02908435,165.9639234,-179.9395837,0.470840631,179.8254872,-0.790844991,9.571034048,1.615711397,0.92308207,-0.502626041,-0.445159726,-32.49902458,67.91565742,60.94167022,-65.50320396,-57.05618225,74.79966659,22.84706154,1,1
124.424171,12,1572446566,AUT,FALSE,TRUE,TRUE,671.9586228,-48.02908435,165.9639234,-179.9395837,0.470840631,179.8254872,-0.790844991,9.571034048,1.615711397,0.92308207,-0.502626041,-0.445159726,-32.49902458,67.91565742,60.94167022,-65.50320396,-57.05618225,74.79966659,22.84706154,1,1
124.5246918,12,1572446567,AUT,FALSE,TRUE,TRUE,695.1699554,-29.42277279,164.7809324,-179.7020067,0.300737132,179.5493038,4.601003643,9.814429198,-0.025836324,0.429257788,-0.711346078,-0.85908811,-28.40660019,70.43129997,61.31808586,-59.07208557,-57.55249511,77.09568901,21.73170891,1,1
124.6252398,12,1572446567,AUT,FALSE,TRUE,TRUE,705.7903806,3.024707899,162.453967,-179.8644782,0.255517564,179.5770457,1.118039754,11.42707517,-1.337185674,0.877757391,-0.320152071,-0.460783894,-24.61623459,71.63592682,61.35277176,-56.10493927,-57.98167053,77.92562027,23.48480072,1,1
124.7257209,12,1572446567,AUT,FALSE,TRUE,TRUE,705.7903806,3.024707899,162.453967,-179.8644782,0.255517564,179.5770457,1.118039754,11.42707517,-1.337185674,0.877757391,-0.320152071,-0.460783894,-20.10624046,72.31657104,61.08963546,-53.84357872,-58.06151367,78.92268448,26.11882095,1,1
124.8262448,12,1572446567,AUT,FALSE,TRUE,TRUE,710.3396121,43.41022454,161.8524769,179.9484366,-0.105330719,179.9055492,12.59516264,0.387810705,-1.318120243,-0.187107448,-1.442016978,0.460986169,-20.10624046,72.31657104,61.08963546,-53.84357872,-58.06151367,78.92268448,26.11882095,1,1
124.9267669,12,1572446567,AUT,FALSE,TRUE,TRUE,710.3396121,43.41022454,161.8524769,179.9484366,-0.105330719,179.9055492,12.59516264,0.387810705,-1.318120243,-0.187107448,-1.442016978,0.460986169,-17.53671684,72.0378479,61.0852478,-54.17823601,-57.89969055,79.40065841,29.00362129,1,1
125.0272939,12,1572446567,AUT,FALSE,TRUE,TRUE,702.0313456,80.0936703,164.4870277,179.7627072,-0.617749312,-179.8261964,17.59667833,-4.503909134,-1.159971255,-0.38677455,-1.131707402,1.314600869,-17.53671684,72.0378479,61.0852478,-54.17823601,-57.89969055,79.40065841,29.00362129,1,1
125.1278849,12,1572446567,AUT,FALSE,TRUE,TRUE,702.0313456,80.0936703,164.4870277,179.7627072,-0.617749312,-179.8261964,17.59667833,-4.503909134,-1.159971255,-0.38677455,-1.131707402,1.314600869,-17.55832558,70.39794616,61.13891944,-59.04773369,-57.56834289,78.16631355,32.96766014,1,1
125.228483,12,1572446567,AUT,FALSE,TRUE,TRUE,679.4488251,98.82220775,164.268016,179.7787102,-0.664644982,-179.6804593,10.71251227,-2.574661108,1.53822657,0.195352676,-0.169367372,1.284818259,-17.55832558,70.39794616,61.13891944,-59.04773369,-57.56834289,78.16631355,32.96766014,1,1
125.32897,12,1572446567,AUT,FALSE,TRUE,TRUE,648.6443352,105.777559,158.888069,-179.9906231,-0.30045456,-179.8206375,10.71251227,-2.574661108,1.53822657,0.195352676,-0.169367372,1.284818259,-20.32039489,67.64951019,61.15169449,-68.58585434,-57.38850219,74.25410614,37.78275146,1,1
125.429518,12,1572446567,AUT,FALSE,TRUE,TRUE,648.6443352,105.777559,158.888069,-179.9906231,-0.30045456,-179.8206375,-2.794494942,7.386032707,1.723968578,1.035351306,1.104341737,0.259868372,-20.32039489,67.64951019,61.15169449,-68.58585434,-57.38850219,74.25410614,37.78275146,1,1
125.5304089,12,1572446568,AUT,FALSE,TRUE,TRUE,626.6855217,114.462104,156.3818673,-179.8004633,0.110949851,179.8225959,-15.48675495,15.20229946,2.911758948,1.373172681,1.981596234,-1.053115345,-21.77202186,65.96878051,61.37365264,-74.20064049,-57.428031,71.77878684,40.71796874,1,1
125.6311889,12,1572446568,AUT,FALSE,TRUE,TRUE,626.6855217,114.462104,156.3818673,-179.8004633,0.110949851,179.8225959,-15.48675495,15.20229946,2.911758948,1.373172681,1.981596234,-1.053115345,-21.77202186,65.96878051,61.37365264,-74.20064049,-57.428031,71.77878684,40.71796874,1,1
125.731818,12,1572446568,AUT,FALSE,TRUE,TRUE,620.5790568,134.0382787,158.0543496,-179.7276102,0.324018808,179.6214941,-15.50048689,15.55239918,4.763673678,0.798900791,1.800651327,-1.330503564,-20.58970413,65.66395454,61.72484092,-75.04831123,-57.52709472,71.41812286,42.71017456,1,1
125.8324189,12,1572446568,AUT,FALSE,TRUE,TRUE,620.6839069,160.7166171,159.1142871,-179.7127068,0.266164563,179.6057917,-8.110085116,15.7487848,3.352618624,1.225955015,0.76699522,-1.240726802,-17.91444397,66.057938,61.73482475,-73.69641953,-57.52377136,71.98313598,44.46897583,1,1
125.9329259,12,1572446568,AUT,FALSE,TRUE,TRUE,620.6839069,160.7166171,159.1142871,-179.7127068,0.266164563,179.6057917,-8.110085116,15.7487848,3.352618624,1.225955015,0.76699522,-1.240726802,-14.33574714,66.79823456,61.69785576,-71.47795715,-57.54243713,72.94818191,46.22503738,1,1
126.0334959,12,1572446568,AUT,FALSE,TRUE,TRUE,620.8737832,189.0460022,159.7458072,-179.8196736,0.109945494,179.6876542,-0.916031667,9.415351581,0.77582112,0.470427171,0.237194259,-0.803339287,-14.33574714,66.79823456,61.69785576,-71.47795715,-57.54243713,72.94818191,46.22503738,1,1
126.1339669,12,1572446568,AUT,FALSE,TRUE,TRUE,618.9727551,215.8193776,161.2565364,-179.9230263,-0.052529301,179.9166827,6.298799211,1.731409648,-0.958813229,-0.276383502,-0.504536425,-0.269523388,-11.18944473,67.30606041,61.65210113,-69.6254116,-57.5555548,73.93119736,47.9346096,1,1
126.2345078,12,1572446568,AUT,FALSE,TRUE,TRUE,611.2754473,237.3630407,161.9593356,179.9991884,-0.290534026,-179.9188176,11.38048511,-4.89644258,-1.492351188,-1.015055495,-0.935839674,0.193035544,-8.952992244,67.38336296,61.66451225,-69.22349739,-57.45364013,74.37800102,49.89162483,1,1
126.3350348,12,1572446568,AUT,FALSE,TRUE,TRUE,598.7142175,251.7858726,160.7881607,-179.9631326,-0.413441161,-179.7882798,10.40351485,-1.569222002,-1.097586613,-1.015055495,-0.935839674,0.193035544,-7.90149765,67.00507965,61.68277359,-70.61491241,-57.43962158,74.00846901,52.02097778,1,1
126.4355888,12,1572446568,AUT,FALSE,TRUE,TRUE,598.7142175,251.7858726,160.7881607,-179.9631326,-0.413441161,-179.7882798,10.40351485,-1.569222002,-1.097586613,-0.160779159,-0.492393366,0.219679547,-7.90149765,67.00507965,61.68277359,-70.61491241,-57.43962158,74.00846901,52.02097778,1,1
126.5360768,12,1572446569,AUT,FALSE,TRUE,TRUE,578.9669019,262.4754089,158.4391997,-179.9286454,-0.535057147,-179.8036143,8.821376396,1.086311493,0.882094686,0.004540394,-0.087661683,-0.033548595,-7.722094344,66.14840698,61.83083153,-73.81419983,-57.39828552,72.87634506,54.81518211,1,1
126.6366239,12,1572446569,AUT,FALSE,TRUE,TRUE,549.0522129,273.693561,155.2328962,-179.9387203,-0.428627347,-179.7880625,1.839147513,4.009239501,-0.79851685,0.353790204,0.294401516,-0.045907201,-7.827048106,64.6430809,62.00331001,-78.89655418,-57.52031066,70.87235641,59.00791511,1,1
126.7371979,12,1572446569,AUT,FALSE,TRUE,TRUE,549.0522129,273.693561,155.2328962,-179.9387203,-0.428627347,-179.7880625,1.839147513,4.009239501,-0.79851685,0.353790204,0.294401516,-0.045907201,-7.827048106,64.6430809,62.00331001,-78.89655418,-57.52031066,70.87235641,59.00791511,1,1
126.8377559,12,1572446569,AUT,FALSE,TRUE,TRUE,521.6781758,278.1637348,154.8133454,-179.9625479,-0.213005238,-179.6395503,-0.77227868,2.923034886,-0.052807893,0.751908122,0.396449034,-0.081191841,-8.193627544,62.68524169,62.05469856,-84.04024314,-57.44037414,68.91397132,62.56152534,1,1
126.9383409,12,1572446569,AUT,FALSE,TRUE,TRUE,498.7873888,276.6059524,155.666427,-179.9296297,-0.16615492,-179.6330449,-0.346118114,3.977228615,0.929429815,0.784827384,0.329762953,-0.31349174,-9.082280725,60.74345283,62.19969062,-88.43274193,-57.06574035,67.21916885,64.97572975,1,1
127.0388639,12,1572446569,AUT,FALSE,TRUE,TRUE,498.7873888,276.6059524,155.666427,-179.9296297,-0.16615492,-179.6330449,-0.346118114,3.977228615,0.929429815,0.784827384,0.329762953,-0.31349174,-9.082280725,60.74345283,62.19969062,-88.43274193,-57.06574035,67.21916885,64.97572975,1,1
127.13936,12,1572446569,AUT,FALSE,TRUE,TRUE,476.1474747,271.2307199,156.352767,-179.90028,-0.063097381,-179.6339052,-1.507300072,3.845073552,-0.198666597,0.682916765,0.352969779,-0.338893745,-10.16026268,58.81156196,62.56473197,-93.01407509,-56.89129943,65.45842437,67.23688431,1,1
133.6900249,13,1572446576,AUT,FALSE,FALSE,TRUE,472.7518198,-399.8722259,170.4652844,-179.9695387,0.101342843,-179.9621801,-28.324236,-7.040241724,3.018233956,-0.663516862,2.442033313,1.162087448,-74.63098182,63.98119926,63.22974472,-78.14623947,-57.45422241,72.07686653,-8.04439545,0.5,1
133.7907939,13,1572446576,AUT,FALSE,TRUE,TRUE,479.7927056,-401.6712133,171.5037575,179.8464992,0.72967552,-179.7596156,-25.32270954,-7.085935634,1.676176829,-0.47079693,1.615398347,1.398259176,-74.13393974,64.19686432,63.21017532,-77.30836029,-57.54317321,71.69399299,-7.979826738,1,1
133.8916268,13,1572446576,AUT,FALSE,TRUE,TRUE,479.7927056,-401.6712133,171.5037575,179.8464992,0.72967552,-179.7596156,-25.32270954,-7.085935634,1.676176829,-0.47079693,1.615398347,1.398259176,-70.85391311,65.73305511,63.22916794,-72.27244034,-57.65634887,73.62195625,-8.662414175,1,1
133.992193,13,1572446576,AUT,FALSE,TRUE,TRUE,505.5592399,-404.5661097,175.2751605,179.8067535,0.96814006,-179.8257534,-13.7196921,-3.476888326,2.800543384,-0.228086353,0.911712354,0.835287285,-70.85391311,65.73305511,63.22916794,-72.27244034,-57.65634887,73.62195625,-8.662414175,1,1
134.0927439,13,1572446576,AUT,FALSE,TRUE,TRUE,547.7165728,-402.4103025,175.9470323,-179.8949898,0.754845412,-179.9926534,-6.315692954,2.978562346,1.090485571,-0.119147527,-0.531062415,-0.103449217,-64.91311454,68.62131958,63.0939228,-63.80177879,-58.20782409,76.70004387,-9.782734681,1,1
134.1932318,13,1572446576,AUT,FALSE,TRUE,TRUE,547.7165728,-402.4103025,175.9470323,-179.8949898,0.754845412,-179.9926534,-6.315692954,2.978562346,1.090485571,-0.119147527,-0.531062415,-0.103449217,-64.91311454,68.62131958,63.0939228,-63.80177879,-58.20782409,76.70004387,-9.782734681,1,1
134.2937589,13,1572446576,AUT,FALSE,TRUE,TRUE,576.5148046,-390.66919,174.7438487,-179.5841058,0.367890749,179.7298894,8.298229971,11.88476078,-1.428046599,1.026360685,-1.635908483,-1.701133614,-60.32736969,70.47730179,63.01281624,-58.55523376,-58.51395263,78.68008575,-9.960884862,1,1
134.3942878,13,1572446576,AUT,FALSE,TRUE,TRUE,600.1007216,-360.417803,172.8691841,-179.4014673,-0.079178894,179.5165091,17.17537301,11.7875111,-0.302206423,1.026360685,-1.635908483,-1.701133614,-56.46702461,71.20362854,63.02422485,-56.84254761,-58.64844726,79.55876198,-7.612718588,1,1
134.494782,13,1572446577,AUT,FALSE,TRUE,TRUE,600.1007216,-360.417803,172.8691841,-179.4014673,-0.079178894,179.5165091,17.17537301,11.7875111,-0.302206423,0.786064474,-1.80578602,-2.645626949,-56.46702461,71.20362854,63.02422485,-56.84254761,-58.64844726,79.55876198,-7.612718588,1,1
134.5952978,13,1572446577,AUT,FALSE,TRUE,TRUE,600.1007216,-360.417803,172.8691841,-179.4014673,-0.079178894,179.5165091,17.17537301,11.7875111,-0.302206423,0.786064474,-1.80578602,-2.645626949,-56.46702461,71.20362854,63.02422485,-56.84254761,-58.64844726,79.55876198,-7.612718588,1,1
134.695833,13,1572446577,AUT,FALSE,TRUE,TRUE,615.7969152,-295.1724149,170.4207048,-179.5463281,-0.229900332,179.4393911,11.00399849,9.256385844,-1.075706786,0.485233636,-0.877225557,-2.033233615,-53.76791038,70.50191459,63.27120781,-60.00797653,-58.65425354,78.64882965,-0.276216894,1,1
134.7963259,13,1572446577,AUT,FALSE,TRUE,TRUE,615.7969152,-295.1724149,170.4207048,-179.5463281,-0.229900332,179.4393911,11.00399849,9.256385844,-1.075706786,0.485233636,-0.877225557,-2.033233615,-51.48029251,68.21369591,63.79691391,-68.42261467,-58.64499206,75.91070023,7.594570537,1,1
134.896868,13,1572446577,AUT,FALSE,TRUE,TRUE,614.5901332,-231.3747105,167.8933555,-179.6809535,-0.164868313,179.4528971,-2.368461624,4.687807203,0.950549302,0.194549938,0.445138659,-0.725062377,-51.48029251,68.21369591,63.79691391,-68.42261467,-58.64499206,75.91070023,7.594570537,1,1
134.997407,13,1572446577,AUT,FALSE,TRUE,TRUE,614.5901332,-231.3747105,167.8933555,-179.6809535,-0.164868313,179.4528971,-2.368461624,4.687807203,0.950549302,0.194549938,0.445138659,-0.725062377,-51.48029251,68.21369591,63.79691391,-68.42261467,-58.64499206,75.91070023,7.594570537,1,1
135.097919,13,1572446577,AUT,FALSE,TRUE,TRUE,604.2455423,-137.5093212,164.3293269,-179.8584114,0.174882742,179.5184202,-12.50100556,7.903028125,2.096808308,0.413701908,1.702800144,-0.368071548,-47.918367,65.39998054,64.21958198,-77.86204033,-58.66218017,72.2551712,19.36215706,1,1
135.1984439,13,1572446577,AUT,FALSE,TRUE,TRUE,604.2455423,-137.5093212,164.3293269,-179.8584114,0.174882742,179.5184202,-12.50100556,7.903028125,2.096808308,0.413701908,1.702800144,-0.368071548,-43.99009552,64.27356605,64.33827209,-80.95448227,-58.65912048,71.10854187,25.83249664,1,1
135.29898,13,1572446577,AUT,FALSE,TRUE,TRUE,601.9428897,-80.94420119,164.4808769,-179.9443271,0.304207903,179.6785552,-12.95617072,1.400394675,3.270256141,-0.188910031,1.771075989,-0.051841303,-43.99009552,64.27356605,64.33827209,-80.95448227,-58.65912048,71.10854187,25.83249664,1,1
135.3995068,13,1572446577,AUT,FALSE,TRUE,TRUE,618.0054038,-38.89703358,165.1114763,179.7012245,0.744040522,-179.7330661,-17.49692502,-6.315420055,2.811831124,-0.510552091,1.467144246,1.114562482,-38.45569153,64.31160964,63.40678596,-79.06892624,-58.64789794,71.16930999,29.63909797,1,1
135.500525,13,1572446578,AUT,FALSE,TRUE,TRUE,618.0054038,-38.89703358,165.1114763,179.7012245,0.744040522,-179.7330661,-17.49692502,-6.315420055,2.811831124,-0.510552091,1.467144246,1.114562482,-38.45569153,64.31160964,63.40678596,-79.06892624,-58.64789794,71.16930999,29.63909797,1,1
135.6011288,13,1572446578,AUT,FALSE,TRUE,TRUE,656.7373878,-41.50661126,165.9676044,179.9166837,0.642826191,-179.8179107,-5.824633261,1.785162815,1.719355783,0.43610314,-0.221750366,0.282501628,-34.72732658,66.18199424,61.91321869,-69.72301826,-57.83179504,73.76888123,25.45495834,1,1
135.70169,13,1572446578,AUT,FALSE,TRUE,TRUE,656.7373878,-41.50661126,165.9676044,179.9166837,0.642826191,-179.8179107,-5.824633261,1.785162815,1.719355783,0.43610314,-0.221750366,0.282501628,-34.72732658,66.18199424,61.91321869,-69.72301826,-57.83179504,73.76888123,25.45495834,1,1
135.8022149,13,1572446578,AUT,FALSE,TRUE,TRUE,684.122666,-34.66630474,165.6871878,-179.7800382,0.357232323,179.6811901,2.259645448,15.65494803,2.370643569,1.359406039,-0.316794916,-0.929637556,-30.45546798,69.5649971,62.03231392,-62.23954696,-58.12952453,76.45964927,22.84193229,1,1
135.902802,13,1572446578,AUT,FALSE,TRUE,TRUE,684.122666,-34.66630474,165.6871878,-179.7800382,0.357232323,179.6811901,2.259645448,15.65494803,2.370643569,1.359406039,-0.316794916,-0.929637556,-30.45546798,69.5649971,62.03231392,-62.23954696,-58.12952453,76.45964927,22.84193229,1,1
136.003299,13,1572446578,AUT,FALSE,TRUE,TRUE,699.9786377,10.01777087,161.753024,-179.8418377,0.253464884,179.5861456,1.582866763,7.363815057,-0.614261069,0.577630399,-0.587791736,-0.534130693,-24.97872505,71.61846886,62.49508553,-57.86001892,-59.00558532,77.84437294,24.99870643,1,1
136.1038148,13,1572446578,AUT,FALSE,TRUE,TRUE,702.9792943,50.46155061,160.5769139,179.9656656,-0.149500682,179.9629448,13.90369387,-3.949815987,-2.350090768,-0.872587162,-1.755791512,0.452325876,-20.66360092,72.26644935,62.26675186,-55.94958916,-59.17513183,78.74326057,27.86710281,1,1
136.204366,13,1572446578,AUT,FALSE,TRUE,TRUE,702.9792943,50.46155061,160.5769139,179.9656656,-0.149500682,179.9629448,13.90369387,-3.949815987,-2.350090768,-0.872587162,-1.755791512,0.452325876,-20.66360092,72.26644935,62.26675186,-55.94958916,-59.17513183,78.74326057,27.86710281,1,1
136.3048708,13,1572446578,AUT,FALSE,TRUE,TRUE,696.8831267,78.06007199,165.0418917,179.8040763,-0.518551292,-179.7480465,18.51854809,-4.849502855,-2.350632941,0.108781443,-1.251034211,1.2756383,-18.40395012,71.77444038,62.25320091,-56.35063819,-58.9248468,79.30067253,30.50615959,1,1
136.4053848,13,1572446578,AUT,FALSE,TRUE,TRUE,696.8831267,78.06007199,165.0418917,179.8040763,-0.518551292,-179.7480465,18.51854809,-4.849502855,-2.350632941,0.108781443,-1.251034211,1.2756383,-18.40395012,71.77444038,62.25320091,-56.35063819,-58.9248468,79.30067253,30.50615959,1,1
136.5059218,13,1572446579,AUT,FALSE,TRUE,TRUE,676.0824616,92.44358398,171.364396,179.8627601,-0.644016248,-179.6957384,12.02864601,-0.394139296,0.428918624,0.749723293,-0.196463575,0.954632442,-19.14908409,69.67770996,62.46577263,-61.31604996,-58.19662902,78.33437347,33.85409546,1,1
136.6064188,13,1572446579,AUT,FALSE,TRUE,TRUE,676.0824616,92.44358398,171.364396,179.8627601,-0.644016248,-179.6957384,12.02864601,-0.394139296,0.428918624,0.749723293,-0.196463575,0.954632442,-20.932481,67.61664734,62.57287559,-67.60897064,-57.83230041,76.09571342,37.05662727,1,1
136.7069588,13,1572446579,AUT,FALSE,TRUE,TRUE,652.4638094,99.85752862,170.0926751,179.9533816,-0.448364898,-179.7504431,1.754471621,3.171609684,1.473997598,0.9991675,0.446019503,0.419575248,-20.932481,67.61664734,62.57287559,-67.60897064,-57.83230041,76.09571342,37.05662727,1,1
136.8075428,13,1572446579,AUT,FALSE,TRUE,TRUE,633.2997727,105.4582737,164.7989736,-179.8733908,-0.070945102,-179.9938415,-11.72818589,10.2067793,3.353557631,1.187872604,1.829398379,-0.601420553,-22.3072895,66.24509353,62.58486786,-72.52330971,-57.80347778,73.83713722,39.51351699,1,1
136.9080119,13,1572446579,AUT,FALSE,TRUE,TRUE,633.2997727,105.4582737,164.7989736,-179.8733908,-0.070945102,-179.9938415,-11.72818589,10.2067793,3.353557631,1.187872604,1.829398379,-0.601420553,-22.3072895,66.24509353,62.58486786,-72.52330971,-57.80347778,73.83713722,39.51351699,1,1
137.0085599,13,1572446579,AUT,FALSE,TRUE,TRUE,615.6575414,122.3250861,160.1369092,-179.7046008,0.202911267,179.7041196,-16.4802635,17.53353735,2.015589328,1.548550618,2.156664478,-1.509426523,-22.42011223,65.38810844,62.6300148,-76.52408409,-58.02816467,71.6395935,42.56892128,1,1
137.1090958,13,1572446579,AUT,FALSE,TRUE,TRUE,613.3146886,148.2126884,159.0443682,-179.6773207,0.216972819,179.5695329,-9.762989352,18.26038078,2.988282862,1.409572267,1.258414283,-1.575915744,-19.88787346,65.78810691,62.69418526,-75.89805564,-58.19832092,71.71666946,44.67799415,1,1
137.209646,13,1572446579,AUT,FALSE,TRUE,TRUE,613.3146886,148.2126884,159.0443682,-179.6773207,0.216972819,179.5695329,-9.762989352,18.26038078,2.988282862,1.409572267,1.258414283,-1.575915744,-19.88787346,65.78810691,62.69418526,-75.89805564,-58.19832092,71.71666946,44.67799415,1,1
137.3104188,13,1572446579,AUT,FALSE,TRUE,TRUE,611.0975122,182.6429338,158.231488,-179.7780319,0.027130118,179.737907,-0.362749035,4.601087044,0.73018695,-0.133578177,0.208902599,-0.870770627,-16.06338844,66.53023681,62.68471641,-74.12766723,-58.39380065,72.53988189,47.21484031,1,1
137.4111819,13,1572446579,AUT,FALSE,TRUE,TRUE,611.0975122,182.6429338,158.231488,-179.7780319,0.027130118,179.737907,-0.362749035,4.601087044,0.73018695,-0.133578177,0.208902599,-0.870770627,-12.35581856,66.99025841,62.57620926,-72.64887314,-58.50718505,73.41751785,49.86558036,1,1
137.5117629,13,1572446580,AUT,FALSE,TRUE,TRUE,605.717958,215.4932693,158.535062,-179.9465498,-0.150485172,-179.8996415,9.013541334,-1.698762696,-0.253244392,-0.385076998,-0.626050106,-0.009776292,-12.35581856,66.99025841,62.57620926,-72.64887314,-58.50718505,73.41751785,49.86558036,1,1
137.6123478,13,1572446580,AUT,FALSE,TRUE,TRUE,586.6274399,241.4296496,157.044575,-179.9131073,-0.491792304,-179.8076287,10.15538676,-0.971775578,-0.638562845,-0.142209909,-0.325668002,0.006019242,-10.22229766,66.63054199,62.71089821,-74.26429939,-58.40417724,73.11623497,53.30951614,1,1
137.7128968,13,1572446580,AUT,FALSE,TRUE,TRUE,586.6274399,241.4296496,157.044575,-179.9131073,-0.491792304,-179.8076287,10.15538676,-0.971775578,-0.638562845,-0.142209909,-0.325668002,0.006019242,-10.22229766,66.63054199,62.71089821,-74.26429939,-58.40417724,73.11623497,53.30951614,1,1
137.81338,13,1572446580,AUT,FALSE,TRUE,TRUE,560.9733411,256.0688563,155.515769,-179.932887,-0.493083041,-179.760085,8.197565179,-1.156518887,-1.784792049,-0.205321694,0.003306169,0.032098355,-9.796072769,65.48437958,62.93279457,-78.15583534,-58.45947692,71.79710312,57.03139572,1,1
137.9139259,13,1572446580,AUT,FALSE,TRUE,TRUE,560.9733411,256.0688563,155.515769,-179.932887,-0.493083041,-179.760085,8.197565179,-1.156518887,-1.784792049,-0.205321694,0.003306169,0.032098355,-9.796072769,65.48437958,62.93279457,-78.15583534,-58.45947692,71.79710312,57.03139572,1,1
138.0144839,13,1572446580,AUT,FALSE,TRUE,TRUE,528.0802834,266.2957191,155.0578636,-179.8961188,-0.279523425,-179.7335423,-0.523154346,3.888014336,0.721879368,0.61212875,0.670286206,-0.374878416,-10.02822761,63.48773117,63.289888,-83.93216171,-58.45670837,69.71441803,61.5102745,1,1
138.1149819,13,1572446580,AUT,FALSE,TRUE,TRUE,498.0288983,271.0308826,154.5846486,-179.8718308,-0.100433867,-179.7106801,-0.523154346,3.888014336,0.721879368,0.61212875,0.670286206,-0.374878416,-10.3747673,61.36759987,63.38887138,-89.21179962,-58.31685241,67.55862923,65.31642952,1,1
138.2156539,13,1572446580,AUT,FALSE,TRUE,TRUE,498.0288983,271.0308826,154.5846486,-179.8718308,-0.100433867,-179.7106801,-4.121951128,6.938565945,1.185475008,0.972130756,0.818409243,-0.654765981,-10.3747673,61.36759987,63.38887138,-89.21179962,-58.31685241,67.55862923,65.31642952,1,1
138.3162189,13,1572446580,AUT,FALSE,TRUE,TRUE,481.6609921,273.0683947,154.7447463,-179.8590463,-0.033752617,-179.7558487,-3.496588571,7.484077876,2.006261909,1.008751526,0.737169344,-0.711327766,-10.54411811,60.14479751,63.42686348,-91.94756012,-58.0766748,66.33365364,67.21629524,1,1
144.390476,14,1572446586,AUT,FALSE,FALSE,TRUE,472.5615512,-399.8302997,170.4761502,-179.9700585,0.048126052,-179.9717029,-22.90429315,-5.671698056,5.137388209,-0.329658192,2.222028153,1.101066219,-74.73358726,64.16512756,63.52603226,-78.14483871,-57.74171813,72.30401573,-7.926244356,0.5,1
144.4911568,14,1572446587,AUT,FALSE,TRUE,TRUE,481.8958202,-401.1521221,171.4776338,179.8019434,0.714186422,-179.7363577,-28.84976836,-6.034410679,5.413922461,-0.269500248,2.691362755,1.425204926,-73.93154068,64.49429855,63.50962143,-76.96547699,-57.92458557,72.12263832,-7.759217838,1,1
144.5917959,14,1572446587,AUT,FALSE,TRUE,TRUE,503.7511092,-402.1887748,171.7573038,179.7986721,0.935006996,-179.8249622,-18.74271724,-5.201209192,4.692200636,-0.465651168,1.182113415,1.115077828,-71.14584045,65.96959419,63.48349456,-72.97509155,-58.16644958,73.36876259,-8.132468037,1,1
144.6923258,14,1572446587,AUT,FALSE,TRUE,TRUE,503.7511092,-402.1887748,171.7573038,179.7986721,0.935006996,-179.8249622,-18.74271724,-5.201209192,4.692200636,-0.465651168,1.182113415,1.115077828,-67.27610549,67.99243813,63.28487549,-67.5334877,-58.65327575,75.17849235,-8.827308656,1,1
144.7928808,14,1572446587,AUT,FALSE,TRUE,TRUE,531.1003858,-402.780462,170.2658093,179.905919,0.804361641,-179.8351937,-10.16890999,-1.139491726,1.220062786,0.079065116,0.414742136,0.737365038,-67.27610549,67.99243813,63.28487549,-67.5334877,-58.65327575,75.17849235,-8.827308656,1,1
144.8933868,14,1572446587,AUT,FALSE,TRUE,TRUE,565.1136216,-399.9930062,168.6679659,-179.8110839,0.528094963,179.901157,4.82063853,3.850873284,-1.256872725,0.110339479,-1.432355296,-0.490328714,-62.18385314,70.52413444,63.07368049,-60.17090378,-59.01063354,77.68539047,-10.11603584,1,1
144.9939179,14,1572446587,AUT,FALSE,TRUE,TRUE,565.1136216,-399.9930062,168.6679659,-179.8110839,0.528094963,179.901157,4.82063853,3.850873284,-1.256872725,0.110339479,-1.432355296,-0.490328714,-58.69109344,71.71712608,63.10410919,-56.26434059,-59.15390075,79.31793823,-10.17975998,1,1
145.0944688,14,1572446587,AUT,FALSE,TRUE,TRUE,586.801747,-388.5477975,169.6157685,-179.5058334,0.178179612,179.6990438,13.83245245,14.00349955,-2.44067734,1.417333368,-2.023959367,-2.094984839,-58.69109344,71.71712608,63.10410919,-56.26434059,-59.15390075,79.31793823,-10.17975998,1,1
145.194958,14,1572446587,AUT,FALSE,TRUE,TRUE,605.5053275,-355.9229215,170.9920498,-179.3563466,-0.225975069,179.5161128,15.81812844,11.39800108,-1.232090275,0.78223495,-1.708316419,-2.656190188,-55.53606376,71.76335449,63.27094001,-56.00791969,-59.11555297,79.94182091,-7.310707856,1,1
145.2955339,14,1572446587,AUT,FALSE,TRUE,TRUE,613.2346087,-317.0326205,170.6453204,-179.4236649,-0.282705346,179.4041227,12.37134421,11.44716258,-0.05588072,0.78223495,-1.708316419,-2.656190188,-54.0236721,70.90087967,63.62696228,-59.37870712,-59.06510375,79.08787765,-2.747587969,1,1
145.3961079,14,1572446587,AUT,FALSE,TRUE,TRUE,613.2346087,-317.0326205,170.6453204,-179.4236649,-0.282705346,179.4041227,12.37134421,11.44716258,-0.05588072,0.800215461,-1.026202195,-2.457410959,-54.0236721,70.90087967,63.62696228,-59.37870712,-59.06510375,79.08787765,-2.747587969,1,1
145.4966149,14,1572446588,AUT,FALSE,TRUE,TRUE,614.3580078,-264.8406855,167.5379571,-179.5320006,-0.224126228,179.3297228,4.27031442,12.06247658,2.454599305,1.003981479,0.320391578,-1.648356214,-52.78754196,69.47348785,64.02766113,-65.22621459,-59.07039367,77.12309646,3.733593744,1,1
145.5971429,14,1572446588,AUT,FALSE,TRUE,TRUE,609.7796824,-207.3841682,162.6555354,-179.7024734,-0.045067797,179.373792,-5.623903694,8.326007905,2.125639414,0.354233473,0.820697618,-0.88813129,-51.21717338,67.79534683,64.27217559,-71.94947662,-59.20882141,74.56079635,11.12498932,1,1
145.697675,14,1572446588,AUT,FALSE,TRUE,TRUE,603.7529003,-149.9759784,159.91556,-179.7985286,0.190621072,179.4443459,-12.8290085,6.762799527,1.59030138,0.091559292,1.419747543,-0.418323902,-48.86212005,66.21974601,64.48974953,-77.49115219,-59.36497558,72.3363533,18.30390243,1,1
145.7981639,14,1572446588,AUT,FALSE,TRUE,TRUE,603.7529003,-149.9759784,159.91556,-179.7985286,0.190621072,179.4443459,-12.8290085,6.762799527,1.59030138,0.091559292,1.419747543,-0.418323902,-48.86212005,66.21974601,64.48974953,-77.49115219,-59.36497558,72.3363533,18.30390243,1,1
145.8987169,14,1572446588,AUT,FALSE,TRUE,TRUE,601.768896,-101.8481044,161.534316,-179.947057,0.36763692,179.6776446,-15.85528495,4.144115133,2.007615209,0.20246011,1.822800479,0.02953,-45.80699386,65.03999977,64.64135055,-80.41760101,-59.38703063,71.32269287,24.01221656,1,1
145.9992609,14,1572446588,AUT,FALSE,TRUE,TRUE,609.1313304,-66.24505301,164.9155868,179.9075412,0.628031518,179.9068098,-16.83924276,-2.230188915,4.206995195,-0.887736546,1.438925471,0.630467613,-42.0803318,64.57855682,64.44202079,-80.18020363,-59.19643432,71.29970398,27.45926284,1,1
146.1002638,14,1572446588,AUT,FALSE,TRUE,TRUE,609.1313304,-66.24505301,164.9155868,179.9075412,0.628031518,179.9068098,-16.83924276,-2.230188915,4.206995195,-0.887736546,1.438925471,0.630467613,-42.0803318,64.57855682,64.44202079,-80.18020363,-59.19643432,71.29970398,27.45926284,1,1
146.2009819,14,1572446588,AUT,FALSE,TRUE,TRUE,638.753738,-48.3158458,168.3034877,179.719688,0.942040957,-179.7990031,-19.28866445,-1.149840867,2.432732846,0.228714075,1.117735915,1.23110237,-37.0490879,65.73399582,63.19313964,-74.16123733,-58.68741577,72.78487014,27.01077003,1,1
146.301595,14,1572446588,AUT,FALSE,TRUE,TRUE,675.14678,-44.56628949,170.8797533,-179.8856932,0.618259475,179.8562613,-3.536399549,13.61356033,-0.840449982,1.720318226,-0.187129414,-0.310248248,-32.53616867,68.45355834,62.54941291,-64.96631241,-58.29330322,75.90933036,23.24469795,1,1
146.4021778,14,1572446588,AUT,FALSE,TRUE,TRUE,675.14678,-44.56628949,170.8797533,-179.8856932,0.618259475,179.8562613,-3.536399549,13.61356033,-0.840449982,1.720318226,-0.187129414,-0.310248248,-32.53616867,68.45355834,62.54941291,-64.96631241,-58.29330322,75.90933036,23.24469795,1,1
146.5027318,14,1572446589,AUT,FALSE,TRUE,TRUE,699.1912614,-14.20045607,171.4055656,-179.6820226,0.239291049,179.4409963,7.892018737,9.770429787,1.702620128,0.590316156,-1.218063755,-1.098940678,-27.21637573,71.01520271,63.09460601,-57.88083801,-58.7844635,78.62351303,22.79597168,1,1
146.6032739,14,1572446589,AUT,FALSE,TRUE,TRUE,699.1912614,-14.20045607,171.4055656,-179.6820226,0.239291049,179.4409963,7.892018737,9.770429787,1.702620128,0.590316156,-1.218063755,-1.098940678,-21.50043296,72.25902671,63.09699554,-54.83021621,-59.33413146,79.77553596,26.50897979,1,1
146.703774,14,1572446589,AUT,FALSE,TRUE,TRUE,706.9478583,41.59395102,168.4514593,179.9762321,-0.13005723,179.7307058,14.89806989,3.732688634,-4.807298146,0.669142517,-1.713954267,0.383171284,-21.50043296,72.25902671,63.09699554,-54.83021621,-59.33413146,79.77553596,26.50897979,1,1
146.8043089,14,1572446589,AUT,FALSE,TRUE,TRUE,700.6307107,83.05349192,169.3561815,179.7867135,-0.51516545,-179.9088141,16.43276996,-4.86848819,-3.136433455,-0.127252532,-0.979500828,1.350833599,-17.66842575,72.05122375,62.86977081,-55.02668609,-59.17960876,80.18109626,30.40550079,1,1
146.9048629,14,1572446589,AUT,FALSE,TRUE,TRUE,700.6307107,83.05349192,169.3561815,179.7867135,-0.51516545,-179.9088141,16.43276996,-4.86848819,-3.136433455,-0.127252532,-0.979500828,1.350833599,-17.12587623,71.15301933,62.87672653,-57.25327148,-58.94775329,79.83566208,32.77589035,1,1
147.005348,14,1572446589,AUT,FALSE,TRUE,TRUE,690.3281176,98.7676492,171.7510044,179.7710358,-0.617167721,-179.6951837,15.12343811,-7.604108865,-2.00645198,-0.47533656,-0.680717545,1.445554742,-17.12587623,71.15301933,62.87672653,-57.25327148,-58.94775329,79.83566208,32.77589035,1,1
147.105927,14,1572446589,AUT,FALSE,TRUE,TRUE,676.1091587,104.2760461,172.1846431,179.8415474,-0.62217808,-179.6707463,10.51788742,-0.549145623,-0.204198913,0.442770667,-0.005923752,1.037986514,-18.09246025,69.87268638,62.88148155,-61.01588974,-58.58249633,78.72031631,34.78245048,1,1
147.206471,14,1572446589,AUT,FALSE,TRUE,TRUE,657.2876611,107.1873227,168.9402674,-179.9641795,-0.444905363,-179.804044,3.023984877,2.575595891,1.375393762,0.443680625,0.462718787,0.163940927,-19.82571831,68.44799995,62.91183128,-66.13386039,-58.37098754,76.65689506,37.10501174,1,1
147.3069649,14,1572446589,AUT,FALSE,TRUE,TRUE,657.2876611,107.1873227,168.9402674,-179.9641795,-0.444905363,-179.804044,3.023984877,2.575595891,1.375393762,0.443680625,0.462718787,0.163940927,-19.82571831,68.44799995,62.91183128,-66.13386039,-58.37098754,76.65689506,37.10501174,1,1
147.407553,14,1572446589,AUT,FALSE,TRUE,TRUE,633.6827321,120.1214458,164.1153536,-179.7456728,-0.022137152,179.735849,-14.34668865,17.19672828,3.692780173,1.531165871,2.17235085,-1.181828928,-21.17860565,66.99539451,63.20944748,-72.04503708,-58.44972106,73.94279479,40.59092903,1,1
147.5081029,14,1572446590,AUT,FALSE,TRUE,TRUE,633.6827321,120.1214458,164.1153536,-179.7456728,-0.022137152,179.735849,-14.34668865,17.19672828,3.692780173,1.531165871,2.17235085,-1.181828928,-19.57686424,66.54133644,63.36784973,-74.27276229,-58.74534667,72.80309028,44.11012115,1,1
147.608598,14,1572446590,AUT,FALSE,TRUE,TRUE,620.083812,148.0715904,161.4006842,-179.6772562,0.21902766,179.5674053,-13.44779533,17.37346137,3.192437387,1.592947738,1.664601022,-1.341096204,-19.57686424,66.54133644,63.36784973,-74.27276229,-58.74534667,72.80309028,44.11012115,1,1
147.709173,14,1572446590,AUT,FALSE,TRUE,TRUE,615.3753706,192.7808267,159.3058036,-179.7841279,0.134776711,179.6848824,-13.44779533,17.37346137,3.192437387,1.592947738,1.664601022,-1.341096204,-14.88885727,67.2284317,63.12972793,-72.58379974,-58.89738098,73.30109024,47.52287636,1,1
147.8097038,14,1572446590,AUT,FALSE,TRUE,TRUE,615.3753706,192.7808267,159.3058036,-179.7841279,0.134776711,179.6848824,-4.612247233,7.549002909,-0.371603361,0.106276235,0.545192493,-0.799895559,-14.88885727,67.2284317,63.12972793,-72.58379974,-58.89738098,73.30109024,47.52287636,1,1
147.910537,14,1572446590,AUT,FALSE,TRUE,TRUE,611.5919249,225.9577894,159.3807873,-179.8620966,-0.105915628,179.838935,6.010567046,5.247664406,0.401519597,0.273673468,-0.504399378,-0.368329042,-11.03839645,67.91501198,63.02231941,-70.53724251,-58.90053405,74.21453133,49.73516922,1,1
148.0111618,14,1572446590,AUT,FALSE,TRUE,TRUE,611.5919249,225.9577894,159.3807873,-179.8620966,-0.105915628,179.838935,6.010567046,5.247664406,0.401519597,0.273673468,-0.504399378,-0.368329042,-11.03839645,67.91501198,63.02231941,-70.53724251,-58.90053405,74.21453133,49.73516922,1,1
148.1118538,14,1572446590,AUT,FALSE,TRUE,TRUE,594.9673766,259.194907,160.335283,-179.9922784,-0.422055476,-179.8306019,10.02625666,-1.574439676,-0.393686661,-0.175514302,-0.367911169,0.477897734,-7.730248256,67.79909248,63.12194138,-70.77297821,-58.82867797,74.66520767,53.32149467,1,1
148.2123418,14,1572446590,AUT,FALSE,TRUE,TRUE,577.0773486,274.0517521,159.4892162,179.9811491,-0.436617713,-179.7068543,8.634045802,-3.747855322,-0.274041376,-0.3758039,-0.346126433,0.378999943,-6.823532863,67.05545883,63.15392189,-73.12272033,-58.77297729,73.94381446,56.14220695,1,1
148.3128729,14,1572446590,AUT,FALSE,TRUE,TRUE,577.0773486,274.0517521,159.4892162,179.9811491,-0.436617713,-179.7068543,8.634045802,-3.747855322,-0.274041376,-0.3758039,-0.346126433,0.378999943,-6.823532863,67.05545883,63.15392189,-73.12272033,-58.77297729,73.94381446,56.14220695,1,1
148.4134169,14,1572446590,AUT,FALSE,TRUE,TRUE,557.2101569,280.5216852,157.5397602,-179.9602697,-0.365564383,-179.6148638,4.515322663,0.820017309,0.650836064,0.681826975,0.233965112,0.207876661,-6.9229454,65.94935188,63.15670624,-76.689188,-58.75379516,72.59398956,58.89173812,1,1
148.513907,14,1572446591,AUT,FALSE,TRUE,TRUE,537.3368337,281.0529762,155.3611029,-179.8999839,-0.323985473,-179.6066267,2.347879808,2.723837,1.322611857,0.686275276,0.227532873,-0.142044629,-7.673469538,64.67275772,63.17530059,-80.66860084,-58.69214538,71.01917152,61.27979851,1,1
148.6144538,14,1572446591,AUT,FALSE,TRUE,TRUE,516.9643992,279.7917392,153.0558468,-179.8380143,-0.306475762,-179.6972093,1.130845829,6.723747564,-0.093930108,0.957108656,0.386350373,-0.541759922,-8.616388319,63.39373626,63.29644889,-84.72835808,-58.68034606,69.36448288,63.5699398,1,1
148.7149749,14,1572446591,AUT,FALSE,TRUE,TRUE,498.0932555,279.2076122,152.320736,-179.8201118,-0.179897195,-179.7561662,1.130845829,6.723747564,-0.093930108,0.957108656,0.386350373,-0.541759922,-9.377806088,62.13283195,63.53138466,-88.37741203,-58.74335815,67.91983566,65.81748848,1,1
148.8154998,14,1572446591,AUT,FALSE,TRUE,TRUE,498.0932555,279.2076122,152.320736,-179.8201118,-0.179897195,-179.7561662,-1.701174346,6.497225073,-0.462904996,0.742418756,0.619816551,-0.6465815,-9.377806088,62.13283195,63.53138466,-88.37741203,-58.74335815,67.91983566,65.81748848,1,1
148.9160278,14,1572446591,AUT,FALSE,TRUE,TRUE,485.0932985,277.616671,153.6307289,-179.8468564,-0.02161702,-179.6915766,-3.832357094,6.14239957,-0.178791317,0.72506433,0.727895538,-0.647718733,-9.947567363,60.97177963,63.71695747,-90.94938354,-58.6765393,67.00615768,67.34772949,1,1
154.9599478,15,1572446597,AUT,FALSE,FALSE,TRUE,472.7063121,-399.8916953,170.3884163,-179.9739283,0.100207238,-179.9732336,-28.07074348,-8.04723601,6.220825073,-0.830167232,2.81798428,1.0584314,-75.02536697,64.70078316,64.36777725,-78.14290581,-58.56046325,72.75222702,-7.605031587,0.5,1
155.0607789,15,1572446597,AUT,FALSE,TRUE,TRUE,480.8399634,-399.8884648,171.3256026,179.8418013,0.738473094,-179.8460975,-30.54042864,-6.842637996,8.034666625,-0.605373737,2.641030653,1.357676008,-74.38034934,64.88012809,64.32378731,-77.36483688,-58.56425354,72.38768692,-7.405952456,1,1
155.1616919,15,1572446597,AUT,FALSE,TRUE,TRUE,480.8399634,-399.8884648,171.3256026,179.8418013,0.738473094,-179.8460975,-30.54042864,-6.842637996,8.034666625,-0.605373737,2.641030653,1.357676008,-74.38034934,64.88012809,64.32378731,-77.36483688,-58.56425354,72.38768692,-7.405952456,1,1
155.2622938,15,1572446597,AUT,FALSE,TRUE,TRUE,515.2159256,-404.6880311,171.8746832,179.8827095,0.925470424,-179.754325,-15.32951745,-4.114144669,3.360115431,-0.41569296,1.073010529,0.911996376,-69.90137786,67.10092849,64.03652229,-70.53224716,-59.01368774,74.49964714,-8.448599625,1,1
155.362834,15,1572446597,AUT,FALSE,TRUE,TRUE,550.6712986,-408.2170823,169.7570404,-179.8447407,0.808715041,-179.9687653,-4.320390466,0.103931106,-0.579875614,-0.33240298,-1.548351851,-0.246289921,-64.75570449,69.96476211,63.80519485,-62.43883209,-59.53357177,77.08725357,-10.27915879,1,1
155.463378,15,1572446597,AUT,FALSE,TRUE,TRUE,550.6712986,-408.2170823,169.7570404,-179.8447407,0.808715041,-179.9687653,-4.320390466,0.103931106,-0.579875614,-0.33240298,-1.548351851,-0.246289921,-64.75570449,69.96476211,63.80519485,-62.43883209,-59.53357177,77.08725357,-10.27915879,1,1
155.5639119,15,1572446598,AUT,FALSE,TRUE,TRUE,581.3306571,-397.9492208,167.2161913,-179.4565871,0.314618465,179.6985582,12.31310718,12.46761831,-0.790383106,1.23007305,-1.767282508,-1.970177152,-59.82783164,72.20288314,63.80859718,-56.30438576,-59.96719665,79.35621528,-10.93779259,1,1
155.6644499,15,1572446598,AUT,FALSE,TRUE,TRUE,581.3306571,-397.9492208,167.2161913,-179.4565871,0.314618465,179.6985582,12.31310718,12.46761831,-0.790383106,1.23007305,-1.767282508,-1.970177152,-56.09335213,73.01058426,63.78230896,-54.80363273,-60.15905639,80.02129669,-8.612563706,1,1
155.7649348,15,1572446598,AUT,FALSE,TRUE,TRUE,603.8226276,-367.4119585,163.2985871,-179.2875771,-0.171202934,179.4594396,19.30737099,12.6929806,-0.476096005,0.740607944,-1.709782559,-3.089407072,-56.09335213,73.01058426,63.78230896,-54.80363273,-60.15905639,80.02129669,-8.612563706,1,1
155.8654659,15,1572446598,AUT,FALSE,TRUE,TRUE,614.8193475,-324.1294405,159.5135707,-179.4059273,-0.232504815,179.3491215,12.858909,11.93704075,-0.127649202,0.515007423,-0.914062955,-2.512384765,-54.07855224,72.39398346,63.89744911,-58.20962448,-60.16863647,78.90563507,-3.495344925,1,1
155.9659939,15,1572446598,AUT,FALSE,TRUE,TRUE,614.8193475,-324.1294405,159.5135707,-179.4059273,-0.232504815,179.3491215,12.858909,11.93704075,-0.127649202,0.515007423,-0.914062955,-2.512384765,-54.07855224,72.39398346,63.89744911,-58.20962448,-60.16863647,78.90563507,-3.495344925,1,1
156.0665858,15,1572446598,AUT,FALSE,TRUE,TRUE,617.0258053,-266.0494794,157.6661187,-179.6347727,-0.080918646,179.2999288,-0.372865383,9.010927478,0.277443212,0.267524361,0.445237782,-1.073238091,-52.62236938,70.73010063,64.27176361,-64.78795967,-60.17570068,76.75595398,3.869587325,1,1
156.1671178,15,1572446598,AUT,FALSE,TRUE,TRUE,617.0258053,-266.0494794,157.6661187,-179.6347727,-0.080918646,179.2999288,-0.372865383,9.010927478,0.277443212,0.267524361,0.445237782,-1.073238091,-50.02067299,67.82527428,65.04721641,-74.11481666,-60.216828,73.91962738,14.88305168,1,1
156.2676728,15,1572446598,AUT,FALSE,TRUE,TRUE,610.1785732,-179.6128575,159.6965943,-179.8680872,0.194119057,179.5084896,-8.383850214,5.847305025,0.913922792,-0.030701386,1.096946275,0.124899064,-50.02067299,67.82527428,65.04721641,-74.11481666,-60.216828,73.91962738,14.88305168,1,1
156.3681848,15,1572446598,AUT,FALSE,TRUE,TRUE,610.1785732,-179.6128575,159.6965943,-179.8680872,0.194119057,179.5084896,-8.383850214,5.847305025,0.913922792,-0.030701386,1.096946275,0.124899064,-45.96453094,65.59863396,65.58369941,-79.49782562,-60.05220336,72.39727592,23.83972778,1,1
156.4687328,15,1572446598,AUT,FALSE,TRUE,TRUE,605.0645474,-105.7392836,165.0704778,179.8667795,0.369795239,179.7317762,-14.31564637,1.086240292,3.008670607,-0.166389972,1.527738407,1.018686455,-45.96453094,65.59863396,65.58369941,-79.49782562,-60.05220336,72.39727592,23.83972778,1,1
156.5692589,15,1572446599,AUT,FALSE,TRUE,TRUE,614.2503317,-69.60725817,167.7851179,179.6678123,0.765870726,179.9927073,-18.26757387,-6.261606968,4.956612998,-1.213348677,1.274116399,1.739111152,-42.16279449,65.15104751,65.17174988,-79.03619384,-59.84065063,72.22466354,27.25804138,1,1
156.6699688,15,1572446599,AUT,FALSE,TRUE,TRUE,614.2503317,-69.60725817,167.7851179,179.6678123,0.765870726,179.9927073,-18.26757387,-6.261606968,4.956612998,-1.213348677,1.274116399,1.739111152,-38.10205879,66.26745414,64.08371887,-73.63103714,-59.37732421,73.63053245,26.09288978,1,1
156.7708139,15,1572446599,AUT,FALSE,TRUE,TRUE,640.5552046,-59.25630374,170.1319303,179.6115107,0.916073348,-179.8515503,-17.65198943,1.732243931,4.040162292,0.486990413,1.22810085,1.562455147,-38.10205879,66.26745414,64.08371887,-73.63103714,-59.37732421,73.63053245,26.09288978,1,1
156.8714929,15,1572446599,AUT,FALSE,TRUE,TRUE,678.8253611,-52.07802603,172.6289026,-179.9619399,0.586960993,179.7613203,0.860858143,8.381804472,-1.294484441,0.486990413,1.22810085,1.562455147,-32.93819274,69.26918678,63.63039894,-63.58960533,-59.15935546,76.96599197,22.38882179,1,1
156.9721098,15,1572446599,AUT,FALSE,TRUE,TRUE,678.8253611,-52.07802603,172.6289026,-179.9619399,0.586960993,179.7613203,0.860858143,8.381804472,-1.294484441,1.066411072,-1.00501455,0.289676374,-32.93819274,69.26918678,63.63039894,-63.58960533,-59.15935546,76.96599197,22.38882179,1,1
157.072665,15,1572446599,AUT,FALSE,TRUE,TRUE,699.7617713,-17.91600423,169.7311617,-179.7748468,0.319556298,179.4445818,2.207545921,16.16725274,2.112760106,0.410798673,-0.772118887,-0.581833782,-27.7907341,71.501231,63.83776245,-57.76337356,-59.66092529,78.8376194,22.81408882,1,1
157.1732359,15,1572446599,AUT,FALSE,TRUE,TRUE,699.7617713,-17.91600423,169.7311617,-179.7748468,0.319556298,179.4445818,2.207545921,16.16725274,2.112760106,0.410798673,-0.772118887,-0.581833782,-27.7907341,71.501231,63.83776245,-57.76337356,-59.66092529,78.8376194,22.81408882,1,1
157.273788,15,1572446599,AUT,FALSE,TRUE,TRUE,706.7208206,45.10704864,162.0930492,179.8859117,-0.108822993,179.8414969,14.4607045,-1.852234568,-2.519361802,-0.620849574,-1.719704485,1.087738435,-21.15485115,72.96296196,63.53601264,-54.96928939,-60.28463562,79.57750053,27.35863838,1,1
157.374367,15,1572446599,AUT,FALSE,TRUE,TRUE,706.7208206,45.10704864,162.0930492,179.8859117,-0.108822993,179.8414969,14.4607045,-1.852234568,-2.519361802,-0.620849574,-1.719704485,1.087738435,-21.15485115,72.96296196,63.53601264,-54.96928939,-60.28463562,79.57750053,27.35863838,1,1
157.474942,15,1572446599,AUT,FALSE,TRUE,TRUE,698.3711773,80.39673324,164.2551769,179.6483732,-0.57043489,-179.6875186,19.92248644,-8.97954822,-2.736770422,-0.713577349,-1.453916485,2.351921638,-18.19013901,72.51143417,63.34793701,-55.74350624,-60.09424804,79.99393386,30.94414329,1,1
157.5754888,15,1572446600,AUT,FALSE,TRUE,TRUE,698.3711773,80.39673324,164.2551769,179.6483732,-0.57043489,-179.6875186,19.92248644,-8.97954822,-2.736770422,-0.713577349,-1.453916485,2.351921638,-19.07090263,70.94706344,63.39872818,-59.76229477,-59.54227844,79.2389328,33.21454353,1,1
157.6760788,15,1572446600,AUT,FALSE,TRUE,TRUE,682.9226508,87.13299809,168.3540907,179.7182123,-0.710643086,-179.5713725,14.83236114,-2.064830103,-0.098901643,0.580067886,-0.221431904,1.874942264,-19.07090263,70.94706344,63.39872818,-59.76229477,-59.54227844,79.2389328,33.21454353,1,1
157.7766678,15,1572446600,AUT,FALSE,TRUE,TRUE,658.8227006,91.1951103,165.753421,-179.9162712,-0.361816968,-179.9162431,-1.452513598,9.586001623,3.610646198,1.192126321,1.120486842,0.290747099,-21.50079346,68.96756401,63.47200355,-66.31228179,-59.1272644,76.57186775,36.03700676,1,1
157.8771989,15,1572446600,AUT,FALSE,TRUE,TRUE,658.8227006,91.1951103,165.753421,-179.9162712,-0.361816968,-179.9162431,-1.452513598,9.586001623,3.610646198,1.192126321,1.120486842,0.290747099,-21.50079346,68.96756401,63.47200355,-66.31228179,-59.1272644,76.57186775,36.03700676,1,1
157.9777329,15,1572446600,AUT,FALSE,TRUE,TRUE,630.0986122,113.9082221,159.1970212,-179.6741031,0.133990293,179.5849942,-17.80221358,19.94740362,4.556251312,1.683201009,2.569553096,-1.460135142,-22.67834587,67.39840049,63.87501983,-73.40982742,-59.46377563,73.37452011,40.89457397,1,1
158.07827,15,1572446600,AUT,FALSE,TRUE,TRUE,630.0986122,113.9082221,159.1970212,-179.6741031,0.133990293,179.5849942,-17.80221358,19.94740362,4.556251312,1.683201009,2.569553096,-1.460135142,-22.67834587,67.39840049,63.87501983,-73.40982742,-59.46377563,73.37452011,40.89457397,1,1
158.1787589,15,1572446600,AUT,FALSE,TRUE,TRUE,618.6551873,155.6723792,155.8645218,-179.710304,0.390397865,179.5700149,-13.83511615,13.6328866,1.684624876,0.671393603,1.473207285,-1.16030997,-19.98028221,67.28555374,63.98491401,-74.82924728,-59.91890625,72.59085846,44.78103561,1,1
158.279315,15,1572446600,AUT,FALSE,TRUE,TRUE,618.6551873,155.6723792,155.8645218,-179.710304,0.390397865,179.5700149,-13.83511615,13.6328866,1.684624876,0.671393603,1.473207285,-1.16030997,-19.98028221,67.28555374,63.98491401,-74.82924728,-59.91890625,72.59085846,44.78103561,1,1
158.3799219,15,1572446600,AUT,FALSE,TRUE,TRUE,618.3350248,190.9888146,157.271232,-179.8052306,0.154022219,179.7760073,1.583379834,1.662773713,-1.341624001,-0.791536201,-0.434060408,-0.560183775,-14.94710884,68.064608,63.81925049,-72.00038795,-59.92108154,73.81335182,47.51363411,1,1
158.4807839,15,1572446600,AUT,FALSE,TRUE,TRUE,612.6252084,223.1120389,160.8066465,-179.8610033,-0.089980982,179.8804703,9.165646259,-0.108328463,-2.358509718,-0.564791433,-1.292289087,-0.252974519,-11.58261795,68.37510566,64.04106445,-70.46885261,-59.81149291,74.86162948,49.76637382,1,1
158.5817149,15,1572446601,AUT,FALSE,TRUE,TRUE,612.6252084,223.1120389,160.8066465,-179.8610033,-0.089980982,179.8804703,9.165646259,-0.108328463,-2.358509718,-0.564791433,-1.292289087,-0.252974519,-11.58261795,68.37510566,64.04106445,-70.46885261,-59.81149291,74.86162948,49.76637382,1,1
158.6824419,15,1572446601,AUT,FALSE,TRUE,TRUE,595.2747753,253.2636914,163.7690165,179.987182,-0.320850529,-179.8515584,10.55520325,-2.311990516,-2.034358031,-0.080590401,-0.659462888,0.535949444,-8.919065094,67.94835548,64.30735931,-71.29748611,-59.70242065,75.19360199,53.26945724,1,1
158.7829258,15,1572446601,AUT,FALSE,TRUE,TRUE,568.9747668,272.6358746,165.2458551,179.9668697,-0.344945763,-179.7141549,8.409176896,-3.618246663,-1.360581485,-0.295685832,-0.471555677,0.501327877,-7.83424415,66.56365585,64.46549721,-74.96228485,-59.37921386,74.22148361,57.37828559,1,1
158.8834848,15,1572446601,AUT,FALSE,TRUE,TRUE,568.9747668,272.6358746,165.2458551,179.9668697,-0.344945763,-179.7141549,8.409176896,-3.618246663,-1.360581485,-0.295685832,-0.471555677,0.501327877,-7.83424415,66.56365585,64.46549721,-74.96228485,-59.37921386,74.22148361,57.37828559,1,1
158.9840209,15,1572446601,AUT,FALSE,TRUE,TRUE,545.0027228,279.219438,164.1144453,-179.978698,-0.324685495,-179.6569866,3.342717833,0.061698604,-0.076437138,0.327489692,0.115444657,0.366650241,-8.083444975,65.10572548,64.51047592,-79.18202362,-59.11989807,72.71891784,60.4611763,1,1
159.0845728,15,1572446601,AUT,FALSE,TRUE,TRUE,521.3381242,281.181611,160.9101945,-179.8582252,-0.253721865,-179.7054547,0.685082074,5.282356611,0.981750018,0.799091245,0.284216703,-0.204229927,-8.769572063,63.67581367,64.50983047,-83.68745842,-59.0369458,70.80470809,63.29210929,1,1
159.1851008,15,1572446601,AUT,FALSE,TRUE,TRUE,499.4215717,281.4157538,157.4502495,-179.8727229,-0.198040242,-179.7246468,-1.424688583,4.905515579,0.889339275,0.590889235,0.651950459,-0.299952558,-9.427117538,62.386623,64.51270408,-87.83040619,-59.05559509,69.00210914,65.95322113,1,1
159.2856328,15,1572446601,AUT,FALSE,TRUE,TRUE,482.2591472,278.87821,155.8379067,-179.913942,-0.053763756,-179.6587061,-1.424688583,4.905515579,0.889339275,0.590889235,0.651950459,-0.299952558,-10.13914146,61.15217171,64.53552131,-91.20629196,-59.09681579,67.57005157,67.99692192,1,1