Time/Second,Task_No,Time Stamp,OperationMode,isCollision,isCompliance,isReadyToMove,ToolPosition_x,ToolPosition_y,ToolPosition_z,ToolPosition_A,ToolPosition_b,ToolPosition_c,ToolForce_x,ToolForce_y,ToolForce_z,ToolTorque_x,ToolTorque_y,ToolTorque_z,JointPosition,JointPosition,JointPosition,JointPosition,JointPosition,JointPosition,JointPosition,Tool_Velocity,Tool_Acceleration
0,1,1572439276,AUT,FALSE,FALSE,TRUE,471.961756,-400.0234605,169.9635634,-179.9939476,-0.008659938,-179.9978189,-2.636645433,-1.793631052,2.100270795,-0.445719498,0.651474796,0.137952274,-70.91905861,58.64495429,53.64172554,-78.17865944,-48.29108642,67.1201271,-12.09678841,0.5,1
0.100430965,1,1572439276,AUT,FALSE,FALSE,TRUE,471.961756,-400.0234605,169.9635634,-179.9939476,-0.008659938,-179.9978189,-2.636645433,-1.793631052,2.100270795,-0.445719498,0.651474796,0.137952274,-70.91905861,58.64495429,53.64172554,-78.17865944,-48.29108642,67.1201271,-12.09678841,0.5,1
0.201264858,1,1572439276,AUT,FALSE,TRUE,TRUE,471.7619784,-399.7988489,169.324389,-179.9886892,-0.069359459,179.925941,-0.425743642,-0.09427267,3.094776617,-0.348275417,0.397760075,0.036621032,-70.91728706,58.69441338,53.64055481,-78.17837104,-48.29156982,67.1580265,-12.10058556,1,1
0.301817894,1,1572439276,AUT,FALSE,TRUE,TRUE,471.7619784,-399.7988489,169.324389,-179.9886892,-0.069359459,179.925941,-0.425743642,-0.09427267,3.094776617,-0.348275417,0.397760075,0.036621032,-70.91728706,58.69441338,53.64055481,-78.17837104,-48.29156982,67.1580265,-12.10058556,1,1
0.402298927,1,1572439276,AUT,FALSE,TRUE,TRUE,471.2502701,-401.1545095,162.9764482,-179.9498893,-0.066491541,179.9256177,0.085919317,-0.05790708,2.680084436,-0.436695289,0.226462645,-0.16425318,-70.91001892,59.22713013,53.42141189,-78.17724494,-48.68418823,66.73122482,-12.10087052,1,1
0.502760887,1,1572439276,AUT,FALSE,TRUE,TRUE,471.2502701,-401.1545095,162.9764482,-179.9498893,-0.066491541,179.9256177,0.085919317,-0.05790708,2.680084436,-0.436695289,0.226462645,-0.16425318,-70.91001892,59.22713013,53.42141189,-78.17724494,-48.68418823,66.73122482,-12.10087052,1,1
0.60322094,1,1572439277,AUT,FALSE,TRUE,TRUE,471.0513838,-402.6381318,153.8085675,-179.8689575,0.027706101,179.8737795,-0.315896772,0.543569387,1.061716122,-0.505713881,0.02900501,-0.300342793,-70.90303573,60.07076683,53.12439651,-78.16864814,-49.24249694,65.99607124,-12.0970974,1,1
0.703719854,1,1572439277,AUT,FALSE,TRUE,TRUE,471.0513838,-402.6381318,153.8085675,-179.8689575,0.027706101,179.8737795,-0.315896772,0.543569387,1.061716122,-0.505713881,0.02900501,-0.300342793,-70.90303573,60.07076683,53.12439651,-78.16864814,-49.24249694,65.99607124,-12.0970974,1,1
0.804255009,1,1572439277,AUT,FALSE,TRUE,TRUE,472.6536073,-402.8640589,147.2702571,-179.9051613,0.223228301,179.8529326,-3.764243062,0.820286056,-0.626159063,-0.467486057,-0.088075646,-0.395880019,-70.86073151,60.77869834,52.99909058,-78.10588188,-49.76345764,65.46666756,-11.90914879,1,1
0.904768944,1,1572439277,AUT,FALSE,TRUE,TRUE,472.6536073,-402.8640589,147.2702571,-179.9051613,0.223228301,179.8529326,-3.764243062,0.820286056,-0.626159063,-0.467486057,-0.088075646,-0.395880019,-70.86073151,60.77869834,52.99909058,-78.10588188,-49.76345764,65.46666756,-11.90914879,1,1
1.005254984,1,1572439277,AUT,FALSE,TRUE,TRUE,480.4270695,-398.9643347,149.6908137,-179.9373572,0.256448955,179.9155404,-3.94912931,-0.706238445,1.974382722,-0.334411891,0.090023101,-0.186115991,-69.94128227,61.03294258,53.30708541,-77.32384757,-49.91591491,65.95914344,-11.26458779,1,1
1.105690956,1,1572439277,AUT,FALSE,TRUE,TRUE,480.4270695,-398.9643347,149.6908137,-179.9373572,0.256448955,179.9155404,-3.94912931,-0.706238445,1.974382722,-0.334411891,0.090023101,-0.186115991,-69.94128227,61.03294258,53.30708541,-77.32384757,-49.91591491,65.95914344,-11.26458779,1,1
1.206167936,1,1572439277,AUT,FALSE,TRUE,TRUE,494.5717305,-394.6994412,151.1930648,-179.9870486,0.294537114,-179.9755793,-5.368332892,-0.833072738,2.570311903,-0.138273248,0.19999697,-0.09438733,-68.49880829,61.44551696,53.20604553,-75.50348167,-49.91330566,66.701548,-10.70560341,1,1
1.306638002,1,1572439277,AUT,FALSE,TRUE,TRUE,494.5717305,-394.6994412,151.1930648,-179.9870486,0.294537114,-179.9755793,-5.368332892,-0.833072738,2.570311903,-0.138273248,0.19999697,-0.09438733,-68.49880829,61.44551696,53.20604553,-75.50348167,-49.91330566,66.701548,-10.70560341,1,1
1.407202005,1,1572439277,AUT,FALSE,TRUE,TRUE,512.8414231,-392.7960098,152.3745992,179.9664653,0.335661041,-179.9960261,-5.526199371,-1.795696217,1.748802878,-0.598275482,-0.017592876,0.102695148,-66.27718734,62.52327232,53.15444069,-72.39835739,-49.91676086,67.95991516,-10.60111313,1,1
1.507698059,1,1572439277,AUT,FALSE,TRUE,TRUE,512.8414231,-392.7960098,152.3745992,179.9664653,0.335661041,-179.9960261,-5.526199371,-1.795696217,1.748802878,-0.598275482,-0.017592876,0.102695148,-66.27718734,62.52327232,53.15444069,-72.39835739,-49.91676086,67.95991516,-10.60111313,1,1
1.608167887,1,1572439278,AUT,FALSE,TRUE,TRUE,531.9771693,-395.0948564,152.9447101,179.9633883,0.293924693,-179.956075,-1.17745235,-1.688764384,1.653811146,-0.508074007,-0.571714062,0.156993448,-63.75196953,63.99519653,52.92080269,-69.02635116,-49.92595642,69.3096508,-11.16799393,1,1
1.7086339,1,1572439278,AUT,FALSE,TRUE,TRUE,531.9771693,-395.0948564,152.9447101,179.9633883,0.293924693,-179.956075,-1.17745235,-1.688764384,1.653811146,-0.508074007,-0.571714062,0.156993448,-63.75196953,63.99519653,52.92080269,-69.02635116,-49.92595642,69.3096508,-11.16799393,1,1
1.809149981,1,1572439278,AUT,FALSE,TRUE,TRUE,550.5844392,-398.1387133,153.3302231,179.9423817,0.344558109,179.9907566,-2.558153602,-0.733561947,0.789283902,-0.356981816,-0.240753908,0.207898386,-61.35952835,65.68639412,52.75173339,-64.66133194,-49.9657489,71.19899368,-11.98431588,1,1
1.909739971,1,1572439278,AUT,FALSE,TRUE,TRUE,550.5844392,-398.1387133,153.3302231,179.9423817,0.344558109,179.9907566,-2.558153602,-0.733561947,0.789283902,-0.356981816,-0.240753908,0.207898386,-58.92110939,67.23821296,52.74389877,-60.20048789,-50.04404296,72.68527221,-12.63840409,1,1
2.010388851,1,1572439278,AUT,FALSE,TRUE,TRUE,565.6604504,-399.491516,155.232117,179.9503976,0.352604559,179.9877424,-3.760013984,-0.338061918,0.238599419,-0.288215092,-0.202309966,0.334204849,-58.92110939,67.23821296,52.74389877,-60.20048789,-50.04404296,72.68527221,-12.63840409,1,1
2.111063957,1,1572439278,AUT,FALSE,TRUE,TRUE,565.6604504,-399.491516,155.232117,179.9503976,0.352604559,179.9877424,-3.760013984,-0.338061918,0.238599419,-0.288215092,-0.202309966,0.334204849,-56.33984069,68.74321632,52.67067146,-55.45000991,-50.05916564,74.70080681,-13.48720436,1,1
2.211750984,1,1572439278,AUT,FALSE,TRUE,TRUE,583.9262864,-400.4991053,158.3844092,179.9029558,0.252070944,179.995093,-0.305032346,-0.400959987,1.602372484,-0.200689036,-0.542807127,0.365797867,-56.33984069,68.74321632,52.67067146,-55.45000991,-50.05916564,74.70080681,-13.48720436,1,1
2.312201977,1,1572439278,AUT,FALSE,TRUE,TRUE,583.9262864,-400.4991053,158.3844092,179.9029558,0.252070944,179.995093,-0.305032346,-0.400959987,1.602372484,-0.200689036,-0.542807127,0.365797867,-56.33984069,68.74321632,52.67067146,-55.45000991,-50.05916564,74.70080681,-13.48720436,1,1
2.412672997,1,1572439278,AUT,FALSE,TRUE,TRUE,595.6514178,-404.1142051,157.6134656,-179.9977536,-0.03386282,179.9826155,8.46871191,1.997240332,0.28947146,0.051988818,-1.460266738,0.026985152,-54.29919891,70.16161994,52.33216896,-51.45579986,-50.05672668,76.24493179,-14.68704186,1,1
2.513164043,1,1572439278,AUT,FALSE,TRUE,TRUE,598.4096401,-405.8552434,155.3663499,-179.9554375,-0.077704345,179.8442579,7.943348848,5.042440676,-0.40595252,0.25499622,-1.480982285,-0.215182537,-53.78756218,70.81534767,52.26138954,-50.14743804,-50.06011047,76.61814766,-15.22206574,1,1
2.613703966,1,1572439279,AUT,FALSE,TRUE,TRUE,598.4096401,-405.8552434,155.3663499,-179.9554375,-0.077704345,179.8442579,7.943348848,5.042440676,-0.40595252,0.25499622,-1.480982285,-0.215182537,-53.78756218,70.81534767,52.26138954,-50.14743804,-50.06011047,76.61814766,-15.22206574,1,1
2.714159012,1,1572439279,AUT,FALSE,TRUE,TRUE,598.3596249,-403.6198813,154.9555039,-179.861716,-0.151783575,179.778652,1.686237409,2.70978141,-0.962543338,-0.446583431,0.057901265,-0.643671903,-53.76549339,70.78406067,52.30126648,-50.42702636,-50.06340637,76.59185257,-15.05685539,1,1
2.814633846,1,1572439279,AUT,FALSE,TRUE,TRUE,598.3596249,-403.6198813,154.9555039,-179.861716,-0.151783575,179.778652,1.686237409,2.70978141,-0.962543338,-0.446583431,0.057901265,-0.643671903,-53.76425399,70.35476303,52.40639877,-51.34485855,-50.0390332,76.4241497,-14.31863938,1,1
2.915113926,1,1572439279,AUT,FALSE,TRUE,TRUE,598.5461255,-397.7185808,156.5833119,-179.8585439,-0.198026979,179.7758057,1.242468619,3.351277345,0.214679913,-0.110611268,0.319636985,-0.628079084,-53.76425399,70.35476303,52.40639877,-51.34485855,-50.0390332,76.4241497,-14.31863938,1,1
3.015563965,1,1572439279,AUT,FALSE,TRUE,TRUE,598.3790167,-386.1433043,156.9788734,-179.8629937,-0.266914046,179.7678391,1.631435597,3.467662224,0.179315061,0.090058058,0.482546821,-0.537697636,-53.77039604,69.61248207,52.48228683,-53.28734093,-49.97775695,75.84380378,-12.83616829,1,1
3.11596489,1,1572439279,AUT,FALSE,TRUE,TRUE,598.3790167,-386.1433043,156.9788734,-179.8629937,-0.266914046,179.7678391,1.631435597,3.467662224,0.179315061,0.090058058,0.482546821,-0.537697636,-53.76815414,68.78062477,52.54810867,-56.08678093,-49.9454956,74.70697631,-10.74032708,1,1
3.216526985,1,1572439279,AUT,FALSE,TRUE,TRUE,598.1351443,-369.9522949,154.8785243,-179.9000161,-0.243801431,179.7150045,1.626151996,3.632276743,0.373904509,-0.058631506,0.328754723,-0.357685303,-53.76815414,68.78062477,52.54810867,-56.08678093,-49.9454956,74.70697631,-10.74032708,1,1
3.31704402,1,1572439279,AUT,FALSE,TRUE,TRUE,597.1056142,-349.1920605,154.0891076,-179.936888,-0.183437545,179.6952114,0.814423985,3.03235019,-0.949220931,-0.142422968,0.117132512,-0.16960449,-53.75049019,67.64126358,52.72589149,-59.49736633,-49.94950012,73.36767769,-8.029924394,1,1
3.417509079,1,1572439279,AUT,FALSE,TRUE,TRUE,597.1056142,-349.1920605,154.0891076,-179.936888,-0.183437545,179.6952114,0.814423985,3.03235019,-0.949220931,-0.142422968,0.117132512,-0.16960449,-53.75049019,67.64126358,52.72589149,-59.49736633,-49.94950012,73.36767769,-8.029924394,1,1
3.517986059,1,1572439279,AUT,FALSE,TRUE,TRUE,594.9606112,-326.5291672,157.4631193,-179.9486502,-0.202215331,179.7437521,-0.125578238,3.395454656,0.291425579,-0.060797559,0.44824155,-0.080952975,-53.68750076,66.08256798,53.14923591,-63.16927528,-49.94656127,72.39276466,-5.16049805,1,1
3.618490934,1,1572439280,AUT,FALSE,TRUE,TRUE,594.9606112,-326.5291672,157.4631193,-179.9486502,-0.202215331,179.7437521,-0.125578238,3.395454656,0.291425579,-0.060797559,0.44824155,-0.080952975,-53.57573204,64.47474289,53.67401161,-66.9287899,-49.89360717,71.33483963,-2.092387394,1,1
3.719007015,1,1572439280,AUT,FALSE,TRUE,TRUE,591.9729325,-301.8962191,160.9285185,-179.9653362,-0.148793248,179.7396852,-1.377282479,3.078449628,1.036892206,0.008060963,0.501340205,0.025702305,-53.57573204,64.47474289,53.67401161,-66.9287899,-49.89360717,71.33483963,-2.092387394,1,1
3.819540977,1,1572439280,AUT,FALSE,TRUE,TRUE,588.5250059,-270.9819813,162.6324171,179.9838125,-0.121083213,179.7697728,-3.973377371,2.742504616,1.785831348,0.020379061,0.917794378,0.272759334,-53.04525718,62.73671608,54.11635551,-71.15540543,-49.861604,69.90970344,1.732238388,1,1
3.92108798,1,1572439280,AUT,FALSE,TRUE,TRUE,588.5250059,-270.9819813,162.6324171,179.9838125,-0.121083213,179.7697728,-3.973377371,2.742504616,1.785831348,0.020379061,0.917794378,0.272759334,-53.04525718,62.73671608,54.11635551,-71.15540543,-49.861604,69.90970344,1.732238388,1,1
4.021839857,1,1572439280,AUT,FALSE,TRUE,TRUE,587.1471673,-239.6692592,160.0671721,179.9529826,-0.063119202,179.7721321,-4.272851602,2.746440449,1.011903824,-0.140208138,0.772006633,0.397435659,-51.87876319,61.57744903,54.17548942,-74.52443161,-49.85386413,68.36931038,5.442129131,1,1
4.12232995,1,1572439280,AUT,FALSE,TRUE,TRUE,587.1471673,-239.6692592,160.0671721,179.9529826,-0.063119202,179.7721321,-4.272851602,2.746440449,1.011903824,-0.140208138,0.772006633,0.397435659,-51.87876319,61.57744903,54.17548942,-74.52443161,-49.85386413,68.36931038,5.442129131,1,1
4.222789049,1,1572439280,AUT,FALSE,TRUE,TRUE,588.2018849,-214.2887913,157.9801406,179.9747603,-0.056903177,179.7620497,-3.184060746,2.904029523,0.961521947,-0.138688291,0.709084604,0.364082226,-50.43703766,60.94558754,54.17637519,-76.50360832,-49.87644653,67.42799492,8.271372981,1,1
4.323304892,1,1572439280,AUT,FALSE,TRUE,TRUE,588.2018849,-214.2887913,157.9801406,179.9747603,-0.056903177,179.7620497,-3.184060746,2.904029523,0.961521947,-0.138688291,0.709084604,0.364082226,-50.43703766,60.94558754,54.17637519,-76.50360832,-49.87644653,67.42799492,8.271372981,1,1
4.423819065,1,1572439280,AUT,FALSE,TRUE,TRUE,590.4357891,-189.594002,156.8885871,179.96843,-0.071554443,179.7301976,-2.02568478,3.484434389,1.384585127,-0.315951597,0.606583583,0.296518919,-48.76956024,60.48358841,54.22158394,-77.87426605,-49.8781604,66.81098556,10.93918304,1,1
4.524306059,1,1572439280,AUT,FALSE,TRUE,TRUE,592.6340097,-162.4558699,156.0422069,179.9985018,-0.128709285,179.7222711,-1.769973124,4.788294859,1.285716237,-0.061594212,0.793879372,0.293412711,-46.73033294,60.04499359,54.27519722,-79.14050903,-49.88692749,66.30593033,13.80536156,1,1
4.624773026,1,1572439281,AUT,FALSE,TRUE,TRUE,592.6340097,-162.4558699,156.0422069,179.9985018,-0.128709285,179.7222711,-1.769973124,4.788294859,1.285716237,-0.061594212,0.793879372,0.293412711,-46.73033294,60.04499359,54.27519722,-79.14050903,-49.88692749,66.30593033,13.80536156,1,1
4.725267887,1,1572439281,AUT,FALSE,TRUE,TRUE,593.8047786,-127.8998314,154.4891545,179.947103,-0.139359962,179.7229483,0.044443459,2.095631126,0.711065154,-0.707460768,0.514701215,0.306501068,-44.66628341,59.60708541,54.29337273,-80.71200371,-49.91743103,65.54704284,17.55320663,1,1
4.825759888,1,1572439281,AUT,FALSE,TRUE,TRUE,593.8047786,-127.8998314,154.4891545,179.947103,-0.139359962,179.7229483,0.044443459,2.095631126,0.711065154,-0.707460768,0.514701215,0.306501068,-44.66628341,59.60708541,54.29337273,-80.71200371,-49.91743103,65.54704284,17.55320663,1,1
4.926228046,1,1572439281,AUT,FALSE,TRUE,TRUE,593.8254304,-101.2305533,153.611422,179.971455,-0.131044322,179.746304,-1.265192041,3.777018377,0.207151022,-0.368952406,0.879570696,0.315295051,-42.15138244,59.10584792,54.29815864,-81.85964928,-49.94690185,64.99688186,20.41850281,1,1
5.026757956,1,1572439281,AUT,FALSE,TRUE,TRUE,593.8254304,-101.2305533,153.611422,179.971455,-0.131044322,179.746304,-1.265192041,3.777018377,0.207151022,-0.368952406,0.879570696,0.315295051,-42.15138244,59.10584792,54.29815864,-81.85964928,-49.94690185,64.99688186,20.41850281,1,1
5.127253056,1,1572439281,AUT,FALSE,TRUE,TRUE,594.0396836,-72.65271289,154.0685942,179.8856489,-0.095068739,179.8588305,-1.682173673,-0.073398382,0.428824726,-0.974723738,0.737759677,0.41354484,-39.65795288,58.63000946,54.29938431,-82.79897689,-49.94302368,64.6236454,23.54511909,1,1
5.227725029,1,1572439281,AUT,FALSE,TRUE,TRUE,596.0922709,-58.8369743,155.4309679,179.8860031,0.024083893,-179.9961801,-3.055422393,-0.521164983,0.704925249,-0.328445289,0.556179693,0.691368962,-38.22591247,58.4381607,54.24042206,-82.80540733,-49.92301757,64.61338005,24.92620353,1,1
5.328191996,1,1572439281,AUT,FALSE,TRUE,TRUE,600.5585248,-54.44281,157.0918698,179.7914503,0.164861261,-179.8778402,-3.955008984,-1.952354053,0.171696142,-0.328445289,0.556179693,0.691368962,-37.3119461,58.46330909,53.9911766,-82.05970688,-49.76776977,64.82212371,25.18326301,1,1
5.428663969,1,1572439281,AUT,FALSE,TRUE,TRUE,600.5585248,-54.44281,157.0918698,179.7914503,0.164861261,-179.8778402,-3.955008984,-1.952354053,0.171696142,-0.586494127,0.080580604,0.636884037,-37.3119461,58.46330909,53.9911766,-82.05970688,-49.76776977,64.82212371,25.18326301,1,1
5.529151917,1,1572439281,AUT,FALSE,TRUE,TRUE,607.5416797,-56.19795889,159.3686888,179.8678717,0.195515802,-179.8625071,-4.530906765,0.555116164,1.440705123,-0.032418038,0.052723128,0.665016527,-36.78072624,58.85309372,53.87347183,-80.51923484,-49.59831115,65.52912139,24.42843018,1,1
5.629761934,1,1572439282,AUT,FALSE,TRUE,TRUE,616.1765343,-60.51565152,160.6341397,179.8607822,0.204150433,-179.9246132,-4.471947491,1.744638178,1.507551573,-0.103478628,0.104686226,0.573592418,-36.38298339,59.61308326,53.85575294,-78.49491119,-49.57243835,66.42566757,23.39504928,1,1
5.730705023,1,1572439282,AUT,FALSE,TRUE,TRUE,625.5539672,-65.60814516,161.0137264,179.900357,0.205630064,179.9969654,-4.870229226,3.072748949,1.497267749,-0.181584862,0.255753042,0.529247257,-35.94782524,60.54688682,53.80576515,-76.23875541,-49.60619934,67.33191604,22.20538444,1,1
5.831436872,1,1572439282,AUT,FALSE,TRUE,TRUE,625.5539672,-65.60814516,161.0137264,179.900357,0.205630064,179.9969654,-4.870229226,3.072748949,1.497267749,-0.181584862,0.255753042,0.529247257,-35.26561202,61.58843879,53.7619194,-73.75990677,-49.71618347,68.31860847,21.14735984,1,1
5.932024002,1,1572439282,AUT,FALSE,TRUE,TRUE,635.8866401,-69.09596109,161.1031465,179.910855,0.208587978,179.9400064,-4.440758401,4.140696685,1.834252077,-0.245485073,0.322744347,0.46217513,-35.26561202,61.58843879,53.7619194,-73.75990677,-49.71618347,68.31860847,21.14735984,1,1
6.032481909,1,1572439282,AUT,FALSE,TRUE,TRUE,646.4691587,-70.62921551,160.9244979,179.9007205,0.211018588,179.9211014,-4.669330451,4.062308222,0.89436027,-0.087968223,0.309332919,0.601487023,-34.30154114,62.66765327,53.65560951,-71.15444755,-49.81573059,69.29881897,20.26034774,1,1
6.132972956,1,1572439282,AUT,FALSE,TRUE,TRUE,657.4944235,-70.48156799,160.7737316,179.875983,0.227850585,179.9095279,-4.874755076,3.671694227,1.184041607,-0.302610585,0.30263733,0.653252688,-33.12014008,63.74738617,53.49185143,-68.41889648,-49.87863281,70.27187805,19.47174911,1,1
6.233512878,1,1572439282,AUT,FALSE,TRUE,TRUE,668.9020351,-69.74275569,160.9627282,179.8506569,0.23696534,179.9328233,-3.565961847,1.929983883,0.360516496,-0.474939529,0.021134982,0.730277761,-31.77408828,64.82378196,53.27416076,-65.50818558,-49.88999267,71.33285179,18.64127197,1,1
6.333983898,1,1572439282,AUT,FALSE,TRUE,TRUE,668.9020351,-69.74275569,160.9627282,179.8506569,0.23696534,179.9328233,-3.565961847,1.929983883,0.360516496,-0.474939529,0.021134982,0.730277761,-31.77408828,64.82378196,53.27416076,-65.50818558,-49.88999267,71.33285179,18.64127197,1,1
6.434453964,1,1572439282,AUT,FALSE,TRUE,TRUE,682.852494,-68.18643305,161.4894961,179.8647295,0.236636969,179.938522,-5.022089955,5.552579297,1.054058089,0.270236956,0.395893632,0.756316625,-30.04107399,66.14989013,53.03684921,-61.80515098,-49.89119567,72.68391609,17.55365295,1,1
6.534936905,1,1572439283,AUT,FALSE,TRUE,TRUE,693.8020048,-66.48949541,162.7144619,179.8731251,0.19433936,179.9361508,-1.771290021,2.771576182,1.411321197,-0.416332333,-0.101220623,0.628736666,-28.59053192,67.23104095,52.91934356,-58.67467918,-49.89349182,73.92537117,16.65355682,1,1
6.6354599,1,1572439283,AUT,FALSE,TRUE,TRUE,693.8020048,-66.48949541,162.7144619,179.8731251,0.19433936,179.9361508,-1.771290021,2.771576182,1.411321197,-0.416332333,-0.101220623,0.628736666,-28.59053192,67.23104095,52.91934356,-58.67467918,-49.89349182,73.92537117,16.65355682,1,1
6.735944986,1,1572439283,AUT,FALSE,TRUE,TRUE,702.9263654,-63.4615759,163.8151292,179.928002,0.107593406,179.8779101,1.173251399,3.142654398,-0.025443903,-0.380007539,-0.587674306,0.455518285,-27.23516922,68.18069229,52.88639831,-55.90463104,-49.8935083,75.05987434,15.91070251,1,1
6.836503029,1,1572439283,AUT,FALSE,TRUE,TRUE,709.1476546,-55.79457974,163.4319646,-179.9957958,-0.020097224,179.7863939,3.08724,6.623300123,0.484243856,0.02996435,-0.436173919,0.254361219,-25.91279983,68.91538925,52.88146133,-53.99160233,-49.90574707,75.82709083,15.78390312,1,1
6.93700695,1,1572439283,AUT,FALSE,TRUE,TRUE,712.3113268,-43.37061459,162.0710189,179.9937899,-0.079247155,179.7577228,3.405247817,5.296503339,-0.082799407,-0.223239769,-0.460615543,0.227344533,-24.57552681,69.34363975,52.87020721,-53.18755416,-49.97128601,76.06665802,16.53519974,1,1
7.037486076,1,1572439283,AUT,FALSE,TRUE,TRUE,712.3113268,-43.37061459,162.0710189,179.9937899,-0.079247155,179.7577228,3.405247817,5.296503339,-0.082799407,-0.223239769,-0.460615543,0.227344533,-23.32456856,69.41305274,52.86982613,-53.14780083,-50.01031494,76.06994018,17.79680443,1,1
7.137950897,1,1572439283,AUT,FALSE,TRUE,TRUE,713.1195855,-27.9203786,161.5856298,179.9686511,-0.104630748,179.7703835,0.82900093,4.961332794,-1.557557349,-0.143676982,0.05221691,0.315906966,-23.32456856,69.41305274,52.86982613,-53.14780083,-50.01031494,76.06994018,17.79680443,1,1
7.238420963,1,1572439283,AUT,FALSE,TRUE,TRUE,713.5871432,-12.94779959,162.910024,179.983194,-0.043237887,179.8238456,-2.051036264,5.73832411,-0.782619988,-0.051403724,0.363750376,0.213727466,-22.12046699,69.28828239,52.87568321,-53.19610634,-50.00816162,76.08956451,19.02999573,1,1
7.338885069,1,1572439283,AUT,FALSE,TRUE,TRUE,713.1065006,3.017597594,164.8587504,-179.9641216,-0.103116674,179.8163572,-2.051036264,5.73832411,-0.782619988,-0.051403724,0.363750376,0.213727466,-20.90798836,69.12238541,52.92435608,-53.28560371,-49.92968078,76.23097229,20.26709061,1,1
7.439396858,1,1572439283,AUT,FALSE,TRUE,TRUE,713.1065006,3.017597594,164.8587504,-179.9641216,-0.103116674,179.8163572,-2.110773308,5.281884434,0.79985705,0.039220213,0.603684835,-0.06489697,-20.90798836,69.12238541,52.92435608,-53.28560371,-49.92968078,76.23097229,20.26709061,1,1
7.540323019,1,1572439284,AUT,FALSE,TRUE,TRUE,711.4785954,26.25316482,164.6179564,-179.9755862,-0.171103531,179.7973673,-2.995898157,6.144142054,1.256305396,0.311665172,1.081438132,-0.041731362,-19.16472588,69.02840423,52.97637977,-53.56262054,-49.90855957,76.21073684,22.23416519,1,1
7.641041994,1,1572439284,AUT,FALSE,TRUE,TRUE,710.2064267,46.06610819,163.6286238,-179.966109,-0.154023807,179.7901476,-5.104256054,8.01280636,0.983432095,0.574087032,1.539564722,0.053047266,-17.62943802,69.04610939,52.93747444,-53.70513382,-49.91590393,76.05445633,23.86490021,1,1
7.742079973,1,1572439284,AUT,FALSE,TRUE,TRUE,708.9577131,64.70314937,163.0815492,179.9812699,-0.148208492,179.8079419,-1.187031966,3.306488315,0.063310515,-0.39789783,0.67349927,0.072222101,-16.10461464,69.10177574,52.9180767,-53.66854934,-49.94830261,76.01894989,25.4140583,1,1
7.842563868,1,1572439284,AUT,FALSE,TRUE,TRUE,708.9577131,64.70314937,163.0815492,179.9812699,-0.148208492,179.8079419,-1.187031966,3.306488315,0.063310515,-0.39789783,0.67349927,0.072222101,-16.10461464,69.10177574,52.9180767,-53.66854934,-49.94830261,76.01894989,25.4140583,1,1
7.943024874,1,1572439284,AUT,FALSE,TRUE,TRUE,707.1887572,80.91199856,162.6950391,179.9854478,-0.2008562,179.8870053,0.670079095,2.673700737,0.266856627,-0.374335582,0.502457439,0.176958851,-14.71602173,69.12405395,52.86111603,-53.64275894,-49.96144775,76.04987297,26.75033569,1,1
8.043482065,1,1572439284,AUT,FALSE,TRUE,TRUE,704.0481124,93.42252428,161.3420002,179.9109522,-0.424832061,-179.9835483,4.1645902,-0.287591774,1.071747498,-0.560299827,0.568249399,0.469823652,-13.68456688,69.12173996,52.78559189,-53.86809539,-49.95885498,76.10575904,27.96619606,1,1
8.143934011,1,1572439284,AUT,FALSE,TRUE,TRUE,699.4440639,100.831885,157.7642664,179.9011008,-0.534664401,-179.9166642,6.215160676,-0.547968945,0.603040293,-0.546473811,0.648146702,0.58796742,-13.32946129,69.00433044,52.64435921,-54.87346801,-49.96640258,75.59013633,29.01087226,1,1
8.244385958,1,1572439284,AUT,FALSE,TRUE,TRUE,699.4440639,100.831885,157.7642664,179.9011008,-0.534664401,-179.9166642,6.215160676,-0.547968945,0.603040293,-0.546473811,0.648146702,0.58796742,-13.67690048,68.52289238,52.50102539,-56.72241211,-49.97002258,74.78280258,29.98808555,1,1
8.344842911,1,1572439284,AUT,FALSE,TRUE,TRUE,692.6203194,102.9855914,154.8260304,179.8927651,-0.606244717,-179.8019093,7.573605959,-0.192502663,-1.660224434,-0.301295152,0.44573323,0.628569976,-13.67690048,68.52289238,52.50102539,-56.72241211,-49.97002258,74.78280258,29.98808555,1,1
8.445365906,1,1572439284,AUT,FALSE,TRUE,TRUE,682.7873613,103.1295037,153.8797491,179.9145983,-0.621816691,-179.7663006,7.430422862,2.024178629,-1.546630732,0.278285154,0.201934878,0.502160037,-14.60268402,67.54504738,52.53668976,-59.57765236,-49.92826354,73.71849861,31.11831093,1,1
8.545831919,1,1572439285,AUT,FALSE,TRUE,TRUE,668.6268778,102.6958712,153.7132608,179.9397968,-0.631250859,-179.7384041,5.937346827,1.195104057,-1.659859535,0.2511342,0.172442891,0.482544028,-15.94044113,66.09351997,52.65189171,-63.4347084,-49.83312194,72.30967026,32.60860977,1,1
8.646287918,1,1572439285,AUT,FALSE,TRUE,TRUE,668.6268778,102.6958712,153.7132608,179.9397968,-0.631250859,-179.7384041,5.937346827,1.195104057,-1.659859535,0.2511342,0.172442891,0.482544028,-15.94044113,66.09351997,52.65189171,-63.4347084,-49.83312194,72.30967026,32.60860977,1,1
8.746748924,1,1572439285,AUT,FALSE,TRUE,TRUE,647.5481933,99.45262215,153.2635531,179.9667045,-0.509978905,-179.6883965,0.665190798,3.662596951,-0.580654791,0.963318773,0.700572708,0.34992662,-17.56217766,64.37050666,52.73627701,-69.11561851,-49.70529602,70.04532966,34.56280632,1,1
8.847234964,1,1572439285,AUT,FALSE,TRUE,TRUE,630.2893462,94.76537718,152.0252604,179.9495958,-0.398425399,-179.7117415,-1.390542039,2.681728628,-0.624437791,0.596216936,0.758717621,0.095997077,-19.87002068,62.13855514,52.78879509,-73.63187484,-49.57794799,68.07840958,35.89505996,1,1
8.947721958,1,1572439285,AUT,FALSE,TRUE,TRUE,630.2893462,94.76537718,152.0252604,179.9495958,-0.398425399,-179.7117415,-1.390542039,2.681728628,-0.624437791,0.596216936,0.758717621,0.095997077,-19.87002068,62.13855514,52.78879509,-73.63187484,-49.57794799,68.07840958,35.89505996,1,1
9.048184872,1,1572439285,AUT,FALSE,TRUE,TRUE,612.5227239,88.85434164,150.5156444,-179.9955255,-0.27298288,-179.7765604,-5.927204675,3.749738222,1.084573612,0.295181289,1.159551396,-0.172542288,-21.85118866,60.41059799,52.9041481,-78.06900215,-49.54640625,66.07043838,37.02049255,1,1
9.148649931,1,1572439285,AUT,FALSE,TRUE,TRUE,603.3252882,85.30258393,149.9115306,-179.9024631,-0.146323659,-179.8394476,-7.417740969,6.263782015,2.019228891,0.777932864,1.417095529,-0.346470979,-22.94595566,59.48527107,52.97961388,-80.39857406,-49.547406,64.96671753,37.47248039,1,1
9.249139071,1,1572439285,AUT,FALSE,TRUE,TRUE,598.5524039,86.61720059,150.5333473,-179.8965288,-0.087133197,179.9891918,-7.992953701,9.632389331,2.173399126,0.878146705,1.527479179,-0.573193052,-23.36487121,59.05663948,53.22427597,-81.48909759,-49.5473291,64.50508575,37.95759888,1,1
9.349930048,1,1572439285,AUT,FALSE,TRUE,TRUE,598.5524039,86.61720059,150.5333473,-179.8965288,-0.087133197,179.9891918,-7.992953701,9.632389331,2.173399126,0.878146705,1.527479179,-0.573193052,-23.36487121,59.05663948,53.22427597,-81.48909759,-49.5473291,64.50508575,37.95759888,1,1
9.450572968,1,1572439285,AUT,FALSE,TRUE,TRUE,596.9351882,93.57454762,151.5240534,-179.9013022,-0.096382328,179.8856361,-5.516058496,8.745535452,3.01532961,0.433203963,1.190211851,-0.367045026,-22.94754868,59.02103347,53.51255722,-81.62687301,-49.59119201,64.5792778,38.65180435,1,1
9.551159859,1,1572439286,AUT,FALSE,TRUE,TRUE,596.7264629,104.289473,151.4115794,-179.9284753,-0.056667289,179.8448545,-4.151021405,7.974830771,2.677609353,0.200871321,0.787092913,-0.231555218,-21.89304657,59.1728302,53.55151748,-81.34582214,-49.65261657,64.65058937,39.60750846,1,1
9.651654005,1,1572439286,AUT,FALSE,TRUE,TRUE,596.8085397,117.7076931,150.7095788,-179.9772759,-0.041759069,179.8116868,-2.840864367,5.694188653,1.764245561,-0.323204877,0.681743475,-0.094767686,-20.4770668,59.47535934,53.53590316,-80.82320937,-49.73708496,64.79813232,40.74619674,1,1
9.75216794,1,1572439286,AUT,FALSE,TRUE,TRUE,596.9787244,133.4768705,150.1219357,-179.9096742,-0.037969483,179.7805562,-2.974836779,10.59324124,1.465811843,-0.323204877,0.681743475,-0.094767686,-18.77535324,59.86815147,53.52857322,-80.09460296,-49.82623901,65.04716835,41.91368637,1,1
9.852632046,1,1572439286,AUT,FALSE,TRUE,TRUE,596.9787244,133.4768705,150.1219357,-179.9096742,-0.037969483,179.7805562,-2.974836779,10.59324124,1.465811843,0.745904739,0.625350204,-0.108860637,-18.77535324,59.86815147,53.52857322,-80.09460296,-49.82623901,65.04716835,41.91368637,1,1
9.953146935,1,1572439286,AUT,FALSE,TRUE,TRUE,597.1840606,152.3965078,150.1341038,179.9972911,-0.039700232,179.7465547,-2.636110854,6.26658614,1.511521522,-0.390269527,0.748538955,-0.129304581,-16.71975288,60.31709061,53.53019028,-79.08026276,-49.87998413,65.44634971,43.38471451,1,1
10.05361795,1,1572439286,AUT,FALSE,TRUE,TRUE,597.7122677,173.5691434,150.9063783,179.9866621,-0.024894349,179.766333,-2.027415147,7.002449314,1.343050929,0.260771401,0.561518526,0.063560188,-14.39819412,60.80905494,53.50785369,-77.75987091,-49.91042724,66.03649749,44.82604179,1,1
10.15407991,1,1572439286,AUT,FALSE,TRUE,TRUE,597.7122677,173.5691434,150.9063783,179.9866621,-0.024894349,179.766333,-2.027415147,7.002449314,1.343050929,0.260771401,0.561518526,0.063560188,-14.39819412,60.80905494,53.50785369,-77.75987091,-49.91042724,66.03649749,44.82604179,1,1
10.25455403,1,1572439286,AUT,FALSE,TRUE,TRUE,598.953917,196.9499217,152.5271971,179.9881803,-0.015324744,179.8326085,-1.133068704,4.379465011,1.052310957,-0.363524535,0.436328305,0.174600005,-11.67421303,61.43731498,53.47436943,-75.8909008,-49.90686218,66.91386909,46.16793594,1,1
10.35503006,1,1572439286,AUT,FALSE,TRUE,TRUE,598.953917,196.9499217,152.5271971,179.9881803,-0.015324744,179.8326085,-1.133068704,4.379465011,1.052310957,-0.363524535,0.436328305,0.174600005,-11.67421303,61.43731498,53.47436943,-75.8909008,-49.90686218,66.91386909,46.16793594,1,1
10.45549798,1,1572439286,AUT,FALSE,TRUE,TRUE,600.6915665,222.5950124,153.5404715,-179.9721135,-0.071450379,179.8289277,-0.646727967,7.904394833,1.296344496,0.214099021,0.482197146,0.086269974,-8.58935165,62.34228286,53.40557441,-73.43960724,-49.88856445,67.98048706,47.46829491,1,1
10.55595994,1,1572439287,AUT,FALSE,TRUE,TRUE,600.5476414,241.1364796,153.5741336,-179.9715647,-0.125455684,179.8552155,-0.377438996,7.76843347,1.512016767,0.214099021,0.482197146,0.086269974,-6.422229763,62.98940849,53.3379261,-71.79888153,-49.89761718,68.66556701,48.4538063,1,1
10.65644407,1,1572439287,AUT,FALSE,TRUE,TRUE,600.5476414,241.1364796,153.5741336,-179.9715647,-0.125455684,179.8552155,-0.377438996,7.76843347,1.512016767,0.166249263,0.521630202,0.19923144,-6.422229763,62.98940849,53.3379261,-71.79888153,-49.89761718,68.66556701,48.4538063,1,1
10.7569499,1,1572439287,AUT,FALSE,TRUE,TRUE,598.4085438,256.6813876,153.1810697,179.9399774,-0.259746564,-179.9868807,-0.377438996,7.76843347,1.512016767,0.166249263,0.521630202,0.19923144,-4.525127788,63.45804405,53.21910552,-70.61671829,-49.89983093,69.21458129,49.52204475,1,1
10.85743284,1,1572439287,AUT,FALSE,TRUE,TRUE,598.4085438,256.6813876,153.1810697,179.9399774,-0.259746564,-179.9868807,4.46398185,1.842133544,1.176654313,-0.779351289,0.201948525,0.584369917,-4.525127788,63.45804405,53.21910552,-70.61671829,-49.89983093,69.21458129,49.52204475,1,1
10.95790601,1,1572439287,AUT,FALSE,TRUE,TRUE,590.9630742,267.3553968,150.7160028,179.8867123,-0.439520186,-179.8900447,3.732763637,1.614581182,0.403759452,-0.579808743,0.875690325,0.645888263,-3.446424863,63.49809951,53.13030509,-71.01809349,-49.90542846,69.08096008,50.84864388,1,1
11.058429,1,1572439287,AUT,FALSE,TRUE,TRUE,590.9630742,267.3553968,150.7160028,179.8867123,-0.439520186,-179.8900447,3.732763637,1.614581182,0.403759452,-0.579808743,0.875690325,0.645888263,-3.446424863,63.49809951,53.13030509,-71.01809349,-49.90542846,69.08096008,50.84864388,1,1
11.15889907,1,1572439287,AUT,FALSE,TRUE,TRUE,581.7821055,270.2352721,148.1702042,179.906601,-0.497141049,-179.837436,3.833857619,3.025503339,0.645698295,-0.157342931,0.99128771,0.656960796,-3.431840513,63.07668457,53.10272941,-72.62676315,-49.97687255,68.34012794,52.02903556,1,1
11.2595799,1,1572439287,AUT,FALSE,TRUE,TRUE,581.7821055,270.2352721,148.1702042,179.906601,-0.497141049,-179.837436,3.833857619,3.025503339,0.645698295,-0.157342931,0.99128771,0.656960796,-3.78010025,62.11731033,53.07153511,-75.56805381,-50.02692626,66.98999404,53.78273163,1,1
11.36029291,1,1572439287,AUT,FALSE,TRUE,TRUE,567.0285407,271.9211927,145.3856328,179.9083429,-0.514778279,-179.7827635,3.527240166,4.35870347,-0.112143088,0.179348846,0.883037375,0.638111464,-3.78010025,62.11731033,53.07153511,-75.56805381,-50.02692626,66.98999404,53.78273163,1,1
11.46092606,1,1572439287,AUT,FALSE,TRUE,TRUE,545.0189549,273.1393762,144.8354928,179.8795731,-0.425685611,-179.6816204,2.366492572,4.28510913,0.20865024,0.179348846,0.883037375,0.638111464,-4.365431213,60.29364853,53.15173874,-80.05523071,-50.02385009,65.18374557,56.3613018,1,1
11.56149888,1,1572439288,AUT,FALSE,TRUE,TRUE,545.0189549,273.1393762,144.8354928,179.8795731,-0.425685611,-179.6816204,2.366492572,4.28510913,0.20865024,0.566325101,0.914450317,0.833350092,-4.365431213,60.29364853,53.15173874,-80.05523071,-50.02385009,65.18374557,56.3613018,1,1
11.66198087,1,1572439288,AUT,FALSE,TRUE,TRUE,526.2658017,270.5106307,145.0480329,179.8704913,-0.355118928,-179.612023,1.144625808,2.023511396,1.558965599,0.239579743,0.679819256,0.758987837,-5.134117125,58.5551239,53.21945228,-83.94554443,-49.90035827,63.57192421,58.2468029,1,1
11.76245594,1,1572439288,AUT,FALSE,TRUE,TRUE,526.2658017,270.5106307,145.0480329,179.8704913,-0.355118928,-179.612023,1.144625808,2.023511396,1.558965599,0.239579743,0.679819256,0.758987837,-5.134117125,58.5551239,53.21945228,-83.94554443,-49.90035827,63.57192421,58.2468029,1,1
11.86291695,1,1572439288,AUT,FALSE,TRUE,TRUE,502.9829942,264.4718581,141.5656608,179.9493223,-0.393641134,-179.7110284,0.326981694,6.605558614,2.590591653,0.721207867,0.928407071,0.331650747,-6.189796825,56.96743469,53.24372177,-88.01297149,-49.86848144,61.18243904,60.24266166,1,1
11.963377,1,1572439288,AUT,FALSE,TRUE,TRUE,502.9829942,264.4718581,141.5656608,179.9493223,-0.393641134,-179.7110284,0.326981694,6.605558614,2.590591653,0.721207867,0.928407071,0.331650747,-6.189796825,56.96743469,53.24372177,-88.01297149,-49.86848144,61.18243904,60.24266166,1,1
12.06384087,1,1572439288,AUT,FALSE,TRUE,TRUE,486.7377229,261.6824045,139.8367151,179.983191,-0.254545154,-179.785662,-3.16805042,7.786263541,-0.193664354,0.698186317,1.352296934,0.154833495,-7.050980756,55.35557213,53.3400547,-92.21186028,-50.06915771,59.46221351,61.90234566,1,1
19.02018785,2,1572439295,AUT,FALSE,FALSE,TRUE,471.9011973,-400.0532493,169.8912182,179.9951423,-0.010014605,179.9927203,-1.718831373,-1.921542788,3.063924122,-0.431344138,0.716539732,0.239744544,-70.93223877,58.65876617,53.65286979,-78.17973747,-48.29924926,67.12457656,-12.08907051,0.5,1
19.12133098,2,1572439295,AUT,FALSE,TRUE,TRUE,471.9635132,-399.3910542,169.9085435,-179.931911,-0.120279927,179.9719643,-0.496751189,-0.265063376,4.552653905,-0.403839363,0.463260845,0.058998389,-70.86588821,58.65427551,53.65150337,-78.18270378,-48.29927124,67.22861023,-12.09060173,1,1
19.22190094,2,1572439295,AUT,FALSE,TRUE,TRUE,471.0699038,-399.6070574,168.8267726,-179.9512784,-0.230824392,179.9954813,-0.386611866,-0.108871353,6.489894461,-0.365002921,0.762823781,-0.043556197,-70.85775489,58.65528831,53.51943054,-78.24901657,-48.29933166,67.19000015,-12.09150811,1,1
19.32241106,2,1572439295,AUT,FALSE,TRUE,TRUE,468.5902613,-399.2320214,160.8181213,-179.9244728,-0.220468084,179.9127811,-2.328912551,-2.473437591,8.716792011,-0.998610198,1.190437719,-0.172879632,-70.86558266,58.86354446,52.82879219,-78.82401352,-48.29994689,66.20284767,-12.09093476,1,1
19.42287207,2,1572439295,AUT,FALSE,TRUE,TRUE,468.5902613,-399.2320214,160.8181213,-179.9244728,-0.220468084,179.9127811,-2.328912551,-2.473437591,8.716792011,-0.998610198,1.190437719,-0.172879632,-70.86558266,58.86354446,52.82879219,-78.82401352,-48.29994689,66.20284767,-12.09093476,1,1
19.52334404,2,1572439295,AUT,FALSE,TRUE,TRUE,467.3679227,-399.7273934,148.5549873,-179.935287,-0.072569976,179.9447499,-4.287088967,0.888475962,3.34151329,-0.256231994,1.089790247,-0.326807874,-70.81396751,59.64274978,52.13842849,-79.24977493,-48.81363464,64.85403556,-11.88809968,1,1
19.62381887,2,1572439296,AUT,FALSE,TRUE,TRUE,468.5942461,-400.2367966,140.4134248,-179.9445464,0.049916787,179.8740499,-1.536642214,-0.874829825,1.71219232,-0.786597057,0.088519606,-0.410539456,-70.75205955,60.59568672,52.12386131,-79.11255913,-49.57298217,64.34070282,-11.57091751,1,1
19.72433901,2,1572439296,AUT,FALSE,TRUE,TRUE,470.1446412,-401.1951443,136.2337601,-179.912606,0.113817279,179.8983602,-1.051398307,1.046348964,0.184956128,-0.23754683,4.31E-05,-0.302246667,-70.67862281,61.27696266,52.27324791,-78.78823585,-50.19429199,64.26352386,-11.41628151,1,1
19.82479692,2,1572439296,AUT,FALSE,TRUE,TRUE,470.1446412,-401.1951443,136.2337601,-179.912606,0.113817279,179.8983602,-1.051398307,1.046348964,0.184956128,-0.23754683,4.31E-05,-0.302246667,-70.38090362,61.65877876,52.4779953,-78.26511841,-50.38371276,64.41488456,-11.27429009,1,1
19.92530203,2,1572439296,AUT,FALSE,TRUE,TRUE,474.0734081,-400.7620773,136.0062947,-179.9307413,0.256542816,179.8661801,-5.017637883,1.173129937,-0.125787198,-0.225257865,0.143673745,-0.226245697,-70.38090362,61.65877876,52.4779953,-78.26511841,-50.38371276,64.41488456,-11.27429009,1,1
20.02576685,2,1572439296,AUT,FALSE,TRUE,TRUE,481.3268682,-399.0739669,138.9374003,-179.9485181,0.27876808,179.9635378,-4.931841029,-0.0981953,1.291962597,-0.129630508,0.171764315,-0.095342551,-69.57763824,61.85663566,52.65620728,-77.30933876,-50.40358703,65.02632179,-11.01306267,1,1
20.12621689,2,1572439296,AUT,FALSE,TRUE,TRUE,481.3268682,-399.0739669,138.9374003,-179.9485181,0.27876808,179.9635378,-4.931841029,-0.0981953,1.291962597,-0.129630508,0.171764315,-0.095342551,-67.94917946,62.27801971,52.77003593,-75.47469406,-50.30510559,66.04346694,-10.63448754,1,1
20.22669101,2,1572439296,AUT,FALSE,TRUE,TRUE,494.5970385,-395.4775033,142.7882352,-179.965921,0.273503518,-179.9693954,-4.116570935,-0.848950729,3.417645801,-0.018459592,0.201675487,-0.129245447,-67.94917946,62.27801971,52.77003593,-75.47469406,-50.30510559,66.04346694,-10.63448754,1,1
20.32720399,2,1572439296,AUT,FALSE,TRUE,TRUE,509.3721144,-391.9553265,143.0022316,-179.9873851,0.263256899,-179.986963,-4.769235371,-0.432821274,4.005381707,0.06529288,0.376767437,-0.03087087,-66.45029411,62.92522773,52.72705879,-73.73572311,-50.29798645,66.94871292,-10.32358132,1,1
20.42767501,2,1572439296,AUT,FALSE,TRUE,TRUE,509.3721144,-391.9553265,143.0022316,-179.9873851,0.263256899,-179.986963,-4.769235371,-0.432821274,4.005381707,0.06529288,0.376767437,-0.03087087,-64.36693954,64.12561111,52.49164581,-71.03004799,-50.35389587,67.62033463,-10.26298829,1,1
20.52815485,2,1572439296,AUT,FALSE,TRUE,TRUE,521.9483657,-390.4678947,141.2467922,179.9782922,0.281131632,-179.9938078,-1.910977789,-1.780578994,3.059153292,-0.57592422,-0.250085668,0.012002748,-64.36693954,64.12561111,52.49164581,-71.03004799,-50.35389587,67.62033463,-10.26298829,1,1
20.62864184,2,1572439297,AUT,FALSE,TRUE,TRUE,534.6523243,-390.0436058,140.5123502,179.9773989,0.311555323,179.9777614,-3.376235255,-0.363040616,1.463933434,-0.361750726,-0.087946294,0.215810875,-62.75843124,65.169841,52.41589851,-68.55726585,-50.4183142,68.49770622,-10.42277756,1,1
20.72915387,2,1572439297,AUT,FALSE,TRUE,TRUE,548.2842875,-389.8814357,141.8985702,179.9341939,0.284838507,179.9822041,-1.001194519,-1.874248114,0.707471132,-0.712947061,-0.473326895,0.277421185,-61.06383819,66.15127029,52.41685981,-65.79437256,-50.43351928,69.6600666,-10.70289116,1,1
20.82962894,2,1572439297,AUT,FALSE,TRUE,TRUE,548.2842875,-389.8814357,141.8985702,179.9341939,0.284838507,179.9822041,-1.001194519,-1.874248114,0.707471132,-0.712947061,-0.473326895,0.277421185,-61.06383819,66.15127029,52.41685981,-65.79437256,-50.43351928,69.6600666,-10.70289116,1,1
20.93057489,2,1572439297,AUT,FALSE,TRUE,TRUE,566.1091977,-390.3443148,144.0060018,179.9147865,0.251011319,179.9853451,-0.913525505,-0.906139239,1.289924663,-0.369077444,-0.45591596,0.331368941,-59.08841056,67.29612808,52.39901046,-62.38526688,-50.43187133,71.39274444,-11.29283982,1,1
21.03118086,2,1572439297,AUT,FALSE,TRUE,TRUE,566.1091977,-390.3443148,144.0060018,179.9147865,0.251011319,179.9853451,-0.913525505,-0.906139239,1.289924663,-0.369077444,-0.45591596,0.331368941,-59.08841056,67.29612808,52.39901046,-62.38526688,-50.43187133,71.39274444,-11.29283982,1,1
21.13194704,2,1572439297,AUT,FALSE,TRUE,TRUE,580.5358207,-390.2588114,144.0923521,179.9227918,0.244354157,179.978739,-1.789979093,0.252767848,1.526609857,-0.195271504,-0.230572558,0.37490649,-56.69668693,68.77770653,52.28059158,-58.27246628,-50.43523315,72.63289489,-11.86629181,1,1
21.23241305,2,1572439297,AUT,FALSE,TRUE,TRUE,593.0400659,-390.1545339,143.056661,179.9283717,0.141912354,179.9607223,-1.789979093,0.252767848,1.526609857,-0.195271504,-0.230572558,0.37490649,-54.77135009,70.03701782,52.08056488,-54.96715736,-50.43712829,73.78866348,-12.46986694,1,1
21.33289886,2,1572439297,AUT,FALSE,TRUE,TRUE,593.0400659,-390.1545339,143.056661,179.9283717,0.141912354,179.9607223,-0.062760478,1.36276346,1.672620764,-0.15808607,-0.354052156,0.408865371,-54.77135009,70.03701782,52.08056488,-54.96715736,-50.43712829,73.78866348,-12.46986694,1,1
21.43338299,2,1572439297,AUT,FALSE,TRUE,TRUE,600.1132565,-389.4595085,142.9144059,-179.9992288,0.029183703,179.8900382,5.201968349,4.801525679,-1.241240183,0.291251233,-0.956975759,0.019603732,-53.66362609,70.75690727,52.03603935,-53.01661033,-50.43401367,74.58936768,-12.883461,1,1
21.53390884,2,1572439298,AUT,FALSE,TRUE,TRUE,605.1026329,-384.478792,144.7365861,-179.8778477,-0.133008304,179.8090761,7.325788498,5.425075236,-0.335070979,0.387619902,-0.827571831,-0.485390817,-52.83789024,70.92913856,52.12106323,-52.24036102,-50.39754455,75.17867431,-12.73639527,1,1
21.63439894,2,1572439298,AUT,FALSE,TRUE,TRUE,605.1026329,-384.478792,144.7365861,-179.8778477,-0.133008304,179.8090761,7.325788498,5.425075236,-0.335070979,0.387619902,-0.827571831,-0.485390817,-52.83789024,70.92913856,52.12106323,-52.24036102,-50.39754455,75.17867431,-12.73639527,1,1
21.7349,2,1572439298,AUT,FALSE,TRUE,TRUE,606.7816852,-375.0245445,145.8070205,-179.838388,-0.259765496,179.7443542,3.129962804,4.316016441,1.414556216,0.387619902,-0.827571831,-0.485390817,-52.49947014,70.53465042,52.1868267,-53.16568108,-50.32115112,75.07292061,-11.73747711,1,1
21.83536291,2,1572439298,AUT,FALSE,TRUE,TRUE,606.7816852,-375.0245445,145.8070205,-179.838388,-0.259765496,179.7443542,3.129962804,4.316016441,1.414556216,-0.090778771,0.208930986,-0.709874858,-52.49947014,70.53465042,52.1868267,-53.16568108,-50.32115112,75.07292061,-11.73747711,1,1
21.9358449,2,1572439298,AUT,FALSE,TRUE,TRUE,606.6004058,-355.9367266,144.1979376,-179.8871928,-0.256660012,179.6825271,1.807624162,4.020982754,1.029539566,-0.218884601,0.308571082,-0.484624617,-52.38906441,69.5897026,52.28438186,-56.14525223,-50.31190063,73.93652229,-9.347095875,1,1
22.03631997,2,1572439298,AUT,FALSE,TRUE,TRUE,606.6004058,-355.9367266,144.1979376,-179.8871928,-0.256660012,179.6825271,1.807624162,4.020982754,1.029539566,-0.218884601,0.308571082,-0.484624617,-52.30911484,68.52565269,52.40737038,-59.29584617,-50.31888244,72.70853576,-6.831566625,1,1
22.13685393,2,1572439298,AUT,FALSE,TRUE,TRUE,605.5543212,-336.7469932,143.5970639,-179.9277055,-0.201056755,179.6734347,0.023691812,3.755684861,-0.335436733,-0.256637483,0.34644925,-0.230428603,-52.30911484,68.52565269,52.40737038,-59.29584617,-50.31888244,72.70853576,-6.831566625,1,1
22.23733187,2,1572439298,AUT,FALSE,TRUE,TRUE,605.5543212,-336.7469932,143.5970639,-179.9277055,-0.201056755,179.6734347,0.023691812,3.755684861,-0.335436733,-0.256637483,0.34644925,-0.230428603,-52.06968498,67.09712448,52.68205261,-62.77903747,-50.31446044,71.39978256,-3.184438706,1,1
22.33783603,2,1572439298,AUT,FALSE,TRUE,TRUE,603.584117,-308.3850388,146.5140948,-179.973873,-0.192230806,179.7327479,-1.130979982,2.149313065,0.978723489,-0.28078482,0.57932198,0.010413583,-52.06968498,67.09712448,52.68205261,-62.77903747,-50.31446044,71.39978256,-3.184438706,1,1
22.43831205,2,1572439298,AUT,FALSE,TRUE,TRUE,601.3727312,-285.9107687,147.1969396,-179.9940174,-0.187923402,179.7718555,-2.265353993,1.36083379,1.406510133,-0.319735327,0.586829895,0.148967392,-51.61378326,65.52119064,52.9182518,-66.69315376,-50.28633544,70.30426712,-0.462246325,1,1
22.53878999,2,1572439299,AUT,FALSE,TRUE,TRUE,601.3727312,-285.9107687,147.1969396,-179.9940174,-0.187923402,179.7718555,-2.265353993,1.36083379,1.406510133,-0.319735327,0.586829895,0.148967392,-51.61378326,65.52119064,52.9182518,-66.69315376,-50.28633544,70.30426712,-0.462246325,1,1
22.63925385,2,1572439299,AUT,FALSE,TRUE,TRUE,599.2800192,-264.41702,144.7510649,179.998421,-0.167028547,179.7278964,-1.865799743,1.811982309,1.953231368,-0.450323755,0.690594715,0.102458371,-51.04224701,64.58400879,52.92468567,-69.5907978,-50.29153747,69.00417938,2.205725094,1,1
22.74003601,2,1572439299,AUT,FALSE,TRUE,TRUE,597.7942188,-245.7737551,142.5153258,179.9921633,-0.153388566,179.7266477,-2.56357964,2.048653533,1.624691399,-0.535428132,0.759370803,0.129866206,-50.39360733,63.91462898,52.92378959,-71.79793396,-50.36812866,67.98394775,4.475366588,1,1
22.84087586,2,1572439299,AUT,FALSE,TRUE,TRUE,597.0764544,-226.8546132,140.9322673,-179.98666,-0.131447934,179.7269365,-3.004274083,2.827358529,1.191155161,-0.484334003,0.869653214,0.104630316,-49.5560852,63.30463028,52.92539978,-73.67366409,-50.42144531,67.10561485,6.653807825,1,1
22.94140291,2,1572439299,AUT,FALSE,TRUE,TRUE,597.0764544,-226.8546132,140.9322673,-179.98666,-0.131447934,179.7269365,-3.004274083,2.827358529,1.191155161,-0.484334003,0.869653214,0.104630316,-48.50914649,62.73375664,52.95794334,-75.18149299,-50.42382934,66.48648719,8.793398663,1,1
23.04188895,2,1572439299,AUT,FALSE,TRUE,TRUE,597.255155,-208.0175129,140.537755,-179.9880223,-0.143167295,179.7386893,-2.701567503,4.190812183,1.986147538,-0.234376344,0.933832637,0.034585364,-48.50914649,62.73375664,52.95794334,-75.18149299,-50.42382934,66.48648719,8.793398663,1,1
23.14235592,2,1572439299,AUT,FALSE,TRUE,TRUE,598.1337134,-182.489508,140.3476104,-179.9607516,-0.166377458,179.7383704,-2.710760293,5.127810748,2.252159409,0.066428282,1.103524525,-0.044577065,-46.91828842,62.09705086,53.02423553,-76.81251983,-50.4235437,65.85426864,11.54777412,1,1
23.24287105,2,1572439299,AUT,FALSE,TRUE,TRUE,598.7826483,-161.3786118,139.7370601,-179.9581943,-0.180928757,179.725242,-1.749349739,3.68262276,2.078420151,-0.318432305,0.960247081,-0.044068528,-45.49054985,61.6650238,53.05414581,-77.99975395,-50.42801513,65.34686851,13.83084984,1,1
23.34341002,2,1572439299,AUT,FALSE,TRUE,TRUE,598.7826483,-161.3786118,139.7370601,-179.9581943,-0.180928757,179.725242,-1.749349739,3.68262276,2.078420151,-0.318432305,0.960247081,-0.044068528,-43.97537384,61.30625839,53.06204567,-79.03407211,-50.47274047,64.84607391,16.13352584,1,1
23.44387293,2,1572439299,AUT,FALSE,TRUE,TRUE,599.5329121,-140.3637726,139.0109133,-179.9796382,-0.157532375,179.7370047,-1.81579786,3.427569096,1.745431524,-0.37710313,0.927160626,-0.036482655,-43.97537384,61.30625839,53.06204567,-79.03407211,-50.47274047,64.84607391,16.13352584,1,1
23.54434991,2,1572439300,AUT,FALSE,TRUE,TRUE,600.7197463,-118.7104515,139.1799079,-179.9348231,-0.151511183,179.74987,-3.684052961,5.956195955,0.895325412,0.093081294,1.139897491,-0.053763844,-42.26677322,60.9782341,53.11736183,-79.83108558,-50.49228515,64.54097328,18.35667458,1,1
23.64481306,2,1572439300,AUT,FALSE,TRUE,TRUE,602.5276848,-97.49781036,140.3680937,179.9903708,-0.140927736,179.813413,-2.667826762,2.925837794,2.143341516,-0.341392292,1.20843281,-0.045667617,-40.45923042,60.69065323,53.20388259,-80.29556007,-50.49028015,64.45199432,20.60367393,1,1
23.74531388,2,1572439300,AUT,FALSE,TRUE,TRUE,605.3786645,-79.03987132,141.259086,179.9845618,-0.056612536,179.8891806,-3.656517385,1.320170071,2.05504474,-0.341392292,1.20843281,-0.045667617,-38.71961403,60.55932198,53.19626426,-80.35231476,-50.48901123,64.42784156,22.39302063,1,1
23.8457799,2,1572439300,AUT,FALSE,TRUE,TRUE,605.3786645,-79.03987132,141.259086,179.9845618,-0.056612536,179.8891806,-3.656517385,1.320170071,2.05504474,-0.492957525,0.895244426,0.166556385,-38.71961403,60.55932198,53.19626426,-80.35231476,-50.48901123,64.42784156,22.39302063,1,1
23.94629407,2,1572439300,AUT,FALSE,TRUE,TRUE,611.8673997,-64.66942568,142.7022476,179.9198966,0.093585991,-179.9345588,-4.741094732,1.373680708,2.553308384,-0.492957525,0.895244426,0.166556385,-36.81417274,60.68301773,52.98110046,-79.44815368,-50.43385986,64.71180381,23.57918358,1,1
24.0467689,2,1572439300,AUT,FALSE,TRUE,TRUE,611.8673997,-64.66942568,142.7022476,179.9198966,0.093585991,-179.9345588,-4.741094732,1.373680708,2.553308384,-0.742218324,0.58627278,0.340508133,-36.81417274,60.68301773,52.98110046,-79.44815368,-50.43385986,64.71180381,23.57918358,1,1
24.14723897,2,1572439300,AUT,FALSE,TRUE,TRUE,625.5239267,-60.94652712,144.9883672,179.8964094,0.208491116,-179.8822854,-6.067832657,1.179861788,3.087475069,-0.128710737,0.393605894,0.392303928,-35.16665954,61.60683059,52.84035186,-76.56116638,-50.33613098,65.88948326,23.05375213,1,1
24.24775791,2,1572439300,AUT,FALSE,TRUE,TRUE,625.5239267,-60.94652712,144.9883672,179.8964094,0.208491116,-179.8822854,-6.067832657,1.179861788,3.087475069,-0.128710737,0.393605894,0.392303928,-34.11547394,62.81550178,52.8207344,-73.54092864,-50.34756774,67.11680031,21.95759468,1,1
24.34826398,2,1572439300,AUT,FALSE,TRUE,TRUE,638.2762585,-62.46375784,145.5185932,179.9061848,0.212028096,-179.960318,-5.994974333,1.893398129,1.796659765,-0.308520279,0.525741101,0.414339162,-34.11547394,62.81550178,52.8207344,-73.54092864,-50.34756774,67.11680031,21.95759468,1,1
24.44876099,2,1572439300,AUT,FALSE,TRUE,TRUE,651.4308938,-65.69701613,146.4318636,179.919144,0.248837435,-179.9594343,-5.814961566,2.203870829,1.575618534,-0.376443225,0.447578807,0.413496081,-33.09047012,64.04073486,52.76594696,-70.31454277,-50.4031311,68.39275932,20.67464561,1,1
24.54930091,2,1572439301,AUT,FALSE,TRUE,TRUE,664.7184191,-69.79212461,148.4167222,179.9285642,0.18828121,-179.9909481,-5.814961566,2.203870829,1.575618534,-0.376443225,0.447578807,0.413496081,-31.9779705,65.29882736,52.75546874,-66.7978672,-50.40111511,69.88924828,19.22104111,1,1
24.64992785,2,1572439301,AUT,FALSE,TRUE,TRUE,664.7184191,-69.79212461,148.4167222,179.9285642,0.18828121,-179.9909481,-1.934481625,2.454711694,1.450267349,-0.321088149,0.080510137,0.280570582,-31.9779705,65.29882736,52.75546874,-66.7978672,-50.40111511,69.88924828,19.22104111,1,1
24.7506299,2,1572439301,AUT,FALSE,TRUE,TRUE,680.4684631,-71.00963138,148.7391052,179.9333488,0.155093993,179.9738129,-2.203355865,3.691560992,1.722788929,-0.097722964,0.220637979,0.373684544,-30.38318138,66.90749359,52.67714309,-62.4742321,-50.41575988,71.58713722,17.66416168,1,1
24.85147905,2,1572439301,AUT,FALSE,TRUE,TRUE,691.7419361,-70.29849393,147.8966252,179.9305339,0.172315876,179.9664457,-3.816257002,3.925301143,1.446986927,-0.012066229,0.216154766,0.445882016,-29.00769996,68.11311264,52.49858779,-59.35075378,-50.44439575,72.60987167,16.69361915,1,1
24.95199895,2,1572439301,AUT,FALSE,TRUE,TRUE,701.5874023,-68.11801277,147.1051709,179.9406019,0.112992464,179.952576,-1.463193255,4.894595576,2.116235547,0.059991355,-0.036481704,0.331770489,-27.61583176,69.22222023,52.34330635,-56.45286941,-50.45165222,73.61344184,15.88344955,1,1
25.05247092,2,1572439301,AUT,FALSE,TRUE,TRUE,701.5874023,-68.11801277,147.1051709,179.9406019,0.112992464,179.952576,-1.463193255,4.894595576,2.116235547,0.059991355,-0.036481704,0.331770489,-27.61583176,69.22222023,52.34330635,-56.45286941,-50.45165222,73.61344184,15.88344955,1,1
25.15303993,2,1572439301,AUT,FALSE,TRUE,TRUE,701.5874023,-68.11801277,147.1051709,179.9406019,0.112992464,179.952576,-1.463193255,4.894595576,2.116235547,0.059991355,-0.036481704,0.331770489,-25.80904769,70.36638794,52.32691955,-53.52105103,-50.46205078,74.75578994,15.45724182,1,1
25.25350595,2,1572439301,AUT,FALSE,TRUE,TRUE,712.356516,-57.25593172,146.3988663,-179.9310296,-0.061134866,179.8286122,4.147661651,5.182298427,-0.162933765,-0.310087036,-0.699553426,-0.151838215,-25.80904769,70.36638794,52.32691955,-53.52105103,-50.46205078,74.75578994,15.45724182,1,1
25.35397506,2,1572439301,AUT,FALSE,TRUE,TRUE,716.0152537,-35.87949619,146.7407482,-179.9307634,-0.121205889,179.8064036,3.019267015,5.986105874,-1.198707812,0.167849094,-0.409867573,-0.144505001,-23.46889801,70.81063385,52.37446976,-52.32480469,-50.45965576,75.26070442,16.87753372,1,1
25.45445395,2,1572439301,AUT,FALSE,TRUE,TRUE,716.0152537,-35.87949619,146.7407482,-179.9307634,-0.121205889,179.8064036,3.019267015,5.986105874,-1.198707812,0.167849094,-0.409867573,-0.144505001,-23.46889801,70.81063385,52.37446976,-52.32480469,-50.45965576,75.26070442,16.87753372,1,1
25.55493498,2,1572439302,AUT,FALSE,TRUE,TRUE,715.7246031,-7.365386762,149.4605025,-179.9312788,-0.150085183,179.857794,-2.516176646,5.483576922,0.950451249,0.279603042,0.851174244,-0.14105093,-21.70499839,70.57557449,52.43549194,-52.57111129,-50.414057,75.37576218,19.26636314,1,1
25.65542293,2,1572439302,AUT,FALSE,TRUE,TRUE,715.7246031,-7.365386762,149.4605025,-179.9312788,-0.150085183,179.857794,-2.516176646,5.483576922,0.950451249,0.279603042,0.851174244,-0.14105093,-21.70499839,70.57557449,52.43549194,-52.57111129,-50.414057,75.37576218,19.26636314,1,1
25.75598788,2,1572439302,AUT,FALSE,TRUE,TRUE,714.4087357,17.36964243,151.3500176,-179.9406924,-0.19492786,179.878083,-3.310162965,5.965113802,2.51650987,0.546954978,1.237265857,-0.313797305,-19.50330048,70.23304138,52.46579018,-52.91653175,-50.29055419,75.45090179,21.35362816,1,1
25.85646486,2,1572439302,AUT,FALSE,TRUE,TRUE,714.4087357,17.36964243,151.3500176,-179.9406924,-0.19492786,179.878083,-3.310162965,5.965113802,2.51650987,0.546954978,1.237265857,-0.313797305,-19.50330048,70.23304138,52.46579018,-52.91653175,-50.29055419,75.45090179,21.35362816,1,1
25.95693707,2,1572439302,AUT,FALSE,TRUE,TRUE,711.9871061,47.47895206,149.9746883,-179.9414751,-0.239571743,179.8632194,-2.414528013,2.529582823,2.203397305,-0.407105469,1.245594475,-0.296189614,-17.22075004,70.21304969,52.44762497,-53.22828598,-50.2915924,75.28207626,23.87205162,1,1
26.05741096,2,1572439302,AUT,FALSE,TRUE,TRUE,710.3665809,68.03169496,148.3196597,-179.9646158,-0.23367452,179.9161306,-2.031116745,5.30129968,1.052787233,-0.407105469,1.245594475,-0.296189614,-15.48145637,70.31354026,52.35464286,-53.25913009,-50.34518371,75.13679924,25.59369163,1,1
26.15787601,2,1572439302,AUT,FALSE,TRUE,TRUE,710.3665809,68.03169496,148.3196597,-179.9646158,-0.23367452,179.9161306,-2.031116745,5.30129968,1.052787233,0.208142838,1.074827743,-0.148702249,-15.48145637,70.31354026,52.35464286,-53.25913009,-50.34518371,75.13679924,25.59369163,1,1
26.25834298,2,1572439302,AUT,FALSE,TRUE,TRUE,708.0532203,82.52079738,147.6525634,-179.9810078,-0.404862698,-179.9067831,4.604358351,-0.486804343,0.661875035,-0.49140558,0.465869565,-0.028621113,-14.18606873,70.32850571,52.24916038,-53.28901291,-50.36169067,75.26184082,26.84802131,1,1
26.35885286,2,1572439302,AUT,FALSE,TRUE,TRUE,708.0532203,82.52079738,147.6525634,-179.9810078,-0.404862698,-179.9067831,4.604358351,-0.486804343,0.661875035,-0.49140558,0.465869565,-0.028621113,-14.18606873,70.32850571,52.24916038,-53.28901291,-50.36169067,75.26184082,26.84802131,1,1
26.45933795,2,1572439302,AUT,FALSE,TRUE,TRUE,702.1073552,90.62655727,146.2303596,-179.9554689,-0.64468006,-179.8600573,9.321479366,0.964381754,0.350502396,-0.058295718,0.224268962,-0.134842796,-13.88713073,70.01886291,52.26252594,-54.50444755,-50.32717163,74.97311668,27.99525833,1,1
26.55984187,2,1572439303,AUT,FALSE,TRUE,TRUE,685.954016,98.39919295,142.2889213,179.9679002,-0.73088778,-179.7705537,7.915149389,-0.924235424,-1.211144142,-0.058295718,0.224268962,-0.134842796,-14.43077201,69.04307098,52.21810684,-58.86420021,-50.35680725,73.21321334,30.51852608,1,1
26.66070485,2,1572439303,AUT,FALSE,TRUE,TRUE,685.954016,98.39919295,142.2889213,179.9679002,-0.73088778,-179.7705537,7.915149389,-0.924235424,-1.211144142,-0.319941717,0.524190552,0.250896854,-14.43077201,69.04307098,52.21810684,-58.86420021,-50.35680725,73.21321334,30.51852608,1,1
26.76129198,2,1572439303,AUT,FALSE,TRUE,TRUE,671.4536365,98.89649176,141.5733428,179.9739063,-0.669950581,-179.6772699,6.577998773,1.556315303,-0.305149778,0.255454741,0.471927484,0.190429126,-15.89903984,67.2467411,52.21773605,-62.92719154,-50.35404968,71.64043464,32.22516289,1,1
26.86185193,2,1572439303,AUT,FALSE,TRUE,TRUE,654.0753303,97.82433176,141.6221262,-179.984821,-0.592298309,-179.7449988,3.731947283,1.947150333,0.679614302,0.216335507,0.618933463,-0.132718849,-17.53768158,65.48221664,52.35592689,-67.59495964,-50.25995178,69.81183243,33.9360157,1,1
26.96232891,2,1572439303,AUT,FALSE,TRUE,TRUE,636.1470019,96.55758682,141.8300247,-179.9141931,-0.453881166,-179.7499094,-2.702174727,7.559716387,2.314431294,1.25605571,1.305320859,-0.14623791,-19.18040199,63.64441681,52.51873054,-72.21007576,-50.2581665,67.95525284,35.60567321,1,1
27.06282187,2,1572439303,AUT,FALSE,TRUE,TRUE,636.1470019,96.55758682,141.8300247,-179.9141931,-0.453881166,-179.7499094,-2.702174727,7.559716387,2.314431294,1.25605571,1.305320859,-0.14623791,-19.18040199,63.64441681,52.51873054,-72.21007576,-50.2581665,67.95525284,35.60567321,1,1
27.16328692,2,1572439303,AUT,FALSE,TRUE,TRUE,621.0236459,94.51965094,142.2374905,-179.9784726,-0.268733096,-179.7686498,-6.280731573,3.363232704,2.101399266,0.350400704,1.351580332,-0.332973653,-20.56380043,62.04014168,52.59971351,-76.03274803,-50.20141113,66.31134796,36.99195899,1,1
27.26375294,2,1572439303,AUT,FALSE,TRUE,TRUE,611.6064135,92.6465081,142.6967393,-179.855872,-0.120540005,-179.8416762,-9.802353017,9.442843103,3.132120218,1.271964435,1.688417354,-0.643470699,-21.51868744,60.9728199,52.64620628,-78.41645164,-50.11618469,65.21711998,37.57719726,1,1
27.36421704,2,1572439303,AUT,FALSE,TRUE,TRUE,607.1152178,96.25806431,142.7380081,-179.8112685,-0.099476198,179.9672507,-9.000823556,11.55263483,3.81788211,1.240234116,1.675846571,-0.97098694,-21.65035858,60.62668876,52.82134895,-79.37665329,-50.08992736,64.77680168,38.16571083,1,1
27.4647069,2,1572439303,AUT,FALSE,TRUE,TRUE,607.1152178,96.25806431,142.7380081,-179.8112685,-0.099476198,179.9672507,-9.000823556,11.55263483,3.81788211,1.240234116,1.675846571,-0.97098694,-21.65035858,60.62668876,52.82134895,-79.37665329,-50.08992736,64.77680168,38.16571083,1,1
27.56521392,2,1572439304,AUT,FALSE,TRUE,TRUE,605.3944346,107.2540502,142.4718887,-179.8114093,-0.078526683,179.8295418,-6.533208335,11.69744614,3.49344084,0.948270281,1.381854202,-0.835915934,-20.82833404,60.75464172,53.0555294,-79.40995903,-50.22003845,64.76508751,39.21110801,1,1
27.66567397,2,1572439304,AUT,FALSE,TRUE,TRUE,604.7626545,124.887037,141.5513784,-179.8835143,-0.074141907,179.758325,-3.918500403,10.11091748,2.97782392,0.401698107,0.927073187,-0.467619601,-19.12513046,61.11221924,53.10926284,-78.86681213,-50.338927,64.91684989,40.74077568,1,1
27.76618695,2,1572439304,AUT,FALSE,TRUE,TRUE,604.7626545,124.887037,141.5513784,-179.8835143,-0.074141907,179.758325,-3.918500403,10.11091748,2.97782392,0.401698107,0.927073187,-0.467619601,-16.49676475,61.66221542,53.07588844,-77.67358703,-50.4330249,65.33202667,42.66063995,1,1
27.86666298,2,1572439304,AUT,FALSE,TRUE,TRUE,604.6999622,149.5613163,141.0186787,-179.9423609,-0.05946429,179.7454277,-3.466492527,10.76172472,2.28271555,0.476070939,1.049896309,-0.280460889,-16.49676475,61.66221542,53.07588844,-77.67358703,-50.4330249,65.33202667,42.66063995,1,1
27.96713495,2,1572439304,AUT,FALSE,TRUE,TRUE,604.7661073,176.1069934,141.4781841,-179.9544785,-0.094618933,179.7687397,-1.699025718,8.171552865,2.544008289,-0.031584282,0.836437205,-0.300653793,-13.48312225,62.30557479,53.04908867,-76.03992348,-50.44498901,66.05175819,44.46317024,1,1
28.06759501,2,1572439304,AUT,FALSE,TRUE,TRUE,604.7661073,176.1069934,141.4781841,-179.9544785,-0.094618933,179.7687397,-1.699025718,8.171552865,2.544008289,-0.031584282,0.836437205,-0.300653793,-13.48312225,62.30557479,53.04908867,-76.03992348,-50.44498901,66.05175819,44.46317024,1,1
28.16806006,2,1572439304,AUT,FALSE,TRUE,TRUE,603.4633655,203.1621435,141.6871705,-179.9341245,-0.146929278,179.7974918,-1.140314164,4.26544798,2.618395633,-0.577673731,0.831765039,-0.176770556,-10.59312057,62.94053306,53.01788406,-74.38207969,-50.44604919,66.76596908,46.23895225,1,1
28.26851797,2,1572439304,AUT,FALSE,TRUE,TRUE,603.4633655,203.1621435,141.6871705,-179.9341245,-0.146929278,179.7974918,-1.140314164,4.26544798,2.618395633,-0.577673731,0.831765039,-0.176770556,-7.596740337,63.58362808,52.85056228,-72.75709877,-50.44987243,67.39591827,47.95481414,1,1
28.36901593,2,1572439304,AUT,FALSE,TRUE,TRUE,601.4496274,229.2681861,141.2890317,-179.9651607,-0.17063323,179.8853996,0.751593983,5.662097502,1.577797324,-0.136195197,0.545005144,-0.161081935,-7.596740337,63.58362808,52.85056228,-72.75709877,-50.44987243,67.39591827,47.95481414,1,1
28.46949506,2,1572439304,AUT,FALSE,TRUE,TRUE,597.3830732,255.107508,140.6681921,179.9476865,-0.268828289,179.9848815,2.423103701,-0.706583012,0.236636694,-1.308097237,0.453775551,0.079315066,-4.5928997,64.27258072,52.73772926,-71.13079605,-50.45123474,68.07456093,49.77346001,1,1
28.57013607,2,1572439305,AUT,FALSE,TRUE,TRUE,592.8758269,264.7003757,139.6354548,179.9385862,-0.401510566,-179.7787039,6.534539961,-3.146229045,-0.836905831,-1.163902825,0.215592453,0.568976146,-3.441278456,64.37716369,52.58824653,-70.96279106,-50.45138305,68.27476273,50.73656616,1,1
28.67102289,2,1572439305,AUT,FALSE,TRUE,TRUE,592.8758269,264.7003757,139.6354548,179.9385862,-0.401510566,-179.7787039,6.534539961,-3.146229045,-0.836905831,-1.163902825,0.215592453,0.568976146,-3.441278456,64.37716369,52.58824653,-70.96279106,-50.45138305,68.27476273,50.73656616,1,1
28.77163291,2,1572439305,AUT,FALSE,TRUE,TRUE,585.7879533,268.2354646,138.6838514,179.9439203,-0.499968916,-179.7107252,5.39790739,0.784261622,0.266750079,-0.350973035,0.670112789,0.387736317,-3.251393506,64.03811188,52.58487854,-72.0419918,-50.44658203,67.89860801,51.67696495,1,1
28.872293,2,1572439305,AUT,FALSE,TRUE,TRUE,575.3589867,270.0635179,137.312099,179.9446444,-0.552194393,-179.7357873,3.327550067,2.999959767,1.391901186,0.158872055,1.058608142,0.353775209,-3.477705,63.35533561,52.61902885,-74.07801246,-50.44100097,67.03061943,52.91182136,1,1
28.97280788,2,1572439305,AUT,FALSE,TRUE,TRUE,562.5737157,270.4864198,135.6103477,179.9312055,-0.522274387,-179.7003216,2.624597771,3.472407518,1.054130474,0.158872055,1.058608142,0.353775209,-3.851370619,62.38894386,52.5546627,-76.74286308,-50.46561584,65.82125816,54.40540581,1,1
29.07329202,2,1572439305,AUT,FALSE,TRUE,TRUE,562.5737157,270.4864198,135.6103477,179.9312055,-0.522274387,-179.7003216,2.624597771,3.472407518,1.054130474,0.183105487,1.145773957,0.461205682,-3.851370619,62.38894386,52.5546627,-76.74286308,-50.46561584,65.82125816,54.40540581,1,1
29.17373896,2,1572439305,AUT,FALSE,TRUE,TRUE,549.5543948,269.9264316,135.0094984,179.9657939,-0.465520053,-179.7050911,1.251653875,5.467658191,1.209902394,0.478855053,1.135972832,0.212315471,-4.354537581,61.28994026,52.56554603,-79.50857506,-50.46953796,64.60424423,55.80690078,1,1
29.27420688,2,1572439305,AUT,FALSE,TRUE,TRUE,531.36283,270.3293991,135.1576627,-179.9912179,-0.471887601,-179.7135853,1.652326199,6.209943261,0.386856515,0.773030608,1.058822306,0.102133119,-4.899181363,59.84623718,52.75631676,-83.03908996,-50.46578613,63.18599166,57.75746497,1,1
29.37469101,2,1572439305,AUT,FALSE,TRUE,TRUE,531.36283,270.3293991,135.1576627,-179.9912179,-0.471887601,-179.7135853,1.652326199,6.209943261,0.386856515,0.773030608,1.058822306,0.102133119,-4.899181363,59.84623718,52.75631676,-83.03908996,-50.46578613,63.18599166,57.75746497,1,1
29.47514606,2,1572439305,AUT,FALSE,TRUE,TRUE,516.9289673,270.8816219,135.3251484,179.9574227,-0.405836577,-179.6535872,0.062819185,4.376532079,1.219411179,0.589440911,1.20161202,0.272181793,-5.164823913,58.65503769,52.83180312,-85.75115089,-50.46609924,62.0663681,59.43014374,1,1
29.57560992,2,1572439306,AUT,FALSE,TRUE,TRUE,504.2975646,270.1674757,135.1641519,179.9772003,-0.354170035,-179.6253228,-0.41467322,4.834047508,1.073806336,0.723835743,1.102050407,0.243048739,-5.451618575,57.55075378,52.83075256,-88.17104416,-50.4267517,60.99181594,60.73504143,1,1
29.6760819,2,1572439306,AUT,FALSE,TRUE,TRUE,492.28648,269.589478,134.0589923,179.9954758,-0.368945482,-179.6801747,-0.354158173,6.55354735,2.065662051,0.931553631,1.174034217,0.058038659,-5.721954344,56.63352584,52.84129257,-90.41900139,-50.41068969,59.88281822,61.93445663,1,1
36.92992687,3,1572439313,AUT,FALSE,TRUE,TRUE,471.8597793,-400.0587269,169.897734,179.9976304,-0.024755393,-179.9954807,-2.052186202,-0.859116036,5.097439701,-0.35335302,0.69901687,-0.060235419,-70.56363716,58.23884811,52.82342262,-78.18332519,-47.52495483,66.74848709,-12.4604702,1,1
37.03101301,3,1572439313,AUT,FALSE,TRUE,TRUE,471.0744291,-399.9851819,167.0352733,179.9845765,-0.174871369,179.8232952,-0.760356402,-0.430436091,5.247978508,-0.451487714,0.41087588,-0.098310298,-70.54949569,58.43794098,52.70460205,-78.18136825,-47.52712463,66.72180747,-12.50013085,1,1
37.13150787,3,1572439313,AUT,FALSE,TRUE,TRUE,471.0744291,-399.9851819,167.0352733,179.9845765,-0.174871369,179.8232952,-0.760356402,-0.430436091,5.247978508,-0.451487714,0.41087588,-0.098310298,-70.54949569,58.43794098,52.70460205,-78.18136825,-47.52712463,66.72180747,-12.50013085,1,1
37.23217607,3,1572439313,AUT,FALSE,TRUE,TRUE,471.0692086,-401.9109447,156.1693291,-179.9667749,-0.061746194,179.889427,-0.952413645,0.484183517,3.611187124,-0.655074223,0.149753075,-0.386574129,-70.42811737,59.30652351,52.20965423,-78.18157768,-48.12796691,65.80519066,-12.42929306,1,1
37.33273602,3,1572439313,AUT,FALSE,TRUE,TRUE,471.0692086,-401.9109447,156.1693291,-179.9667749,-0.061746194,179.889427,-0.952413645,0.484183517,3.611187124,-0.655074223,0.149753075,-0.386574129,-70.42811737,59.30652351,52.20965423,-78.18157768,-48.12796691,65.80519066,-12.42929306,1,1
37.43327093,3,1572439313,AUT,FALSE,TRUE,TRUE,471.8247188,-402.9835387,140.8005601,-179.8817932,0.112196728,179.8498013,-0.652228216,1.001460038,-0.102455603,-0.668355542,-0.300997865,-0.603913491,-70.30442848,60.79121933,51.82663994,-78.16779671,-49.25104431,64.56933174,-12.12095146,1,1
37.53376389,3,1572439314,AUT,FALSE,TRUE,TRUE,473.5686814,-402.817644,136.7292305,-179.8905544,0.120877216,179.860166,-0.652228216,1.001460038,-0.102455603,-0.668355542,-0.300997865,-0.603913491,-70.15286865,61.44042892,51.93991241,-77.93788719,-49.80347534,64.46810646,-11.82596169,1,1
37.634233,3,1572439314,AUT,FALSE,TRUE,TRUE,473.5686814,-402.817644,136.7292305,-179.8905544,0.120877216,179.860166,0.84487721,1.640240735,0.374616737,-0.240950363,-0.303080578,-0.454778126,-70.15286865,61.44042892,51.93991241,-77.93788719,-49.80347534,64.46810646,-11.82596169,1,1
37.73469806,3,1572439314,AUT,FALSE,TRUE,TRUE,479.3853464,-400.0526822,138.2011441,-179.9294938,0.313127222,179.9021704,-6.931090702,0.174808843,1.549237326,-0.264612939,0.201658191,-0.306902336,-69.57758674,61.56667556,52.07087631,-77.47572326,-49.82505249,64.61031418,-11.43996048,1,1
37.83509207,3,1572439314,AUT,FALSE,TRUE,TRUE,479.3853464,-400.0526822,138.2011441,-179.9294938,0.313127222,179.9021704,-6.931090702,0.174808843,1.549237326,-0.264612939,0.201658191,-0.306902336,-69.57758674,61.56667556,52.07087631,-77.47572326,-49.82505249,64.61031418,-11.43996048,1,1
37.93567991,3,1572439314,AUT,FALSE,TRUE,TRUE,492.4709511,-393.9779362,140.9014137,-179.9609776,0.334247847,179.9849154,-6.886008623,-1.901093282,3.816237724,-0.389133295,0.276255779,-0.198671747,-68.0245903,61.91415252,52.1825798,-76.10190353,-49.81368164,65.35378303,-10.68656273,1,1
38.03615594,3,1572439314,AUT,FALSE,TRUE,TRUE,492.4709511,-393.9779362,140.9014137,-179.9609776,0.334247847,179.9849154,-6.886008623,-1.901093282,3.816237724,-0.389133295,0.276255779,-0.198671747,-68.0245903,61.91415252,52.1825798,-76.10190353,-49.81368164,65.35378303,-10.68656273,1,1
38.136621,3,1572439314,AUT,FALSE,TRUE,TRUE,515.1560691,-388.322606,141.6890936,-179.9994982,0.353140259,-179.967601,-6.129337087,-2.244720486,3.892420855,-0.250475597,0.569497846,-0.112669758,-65.09967269,63.12674446,52.0440731,-72.84469414,-49.80584289,66.67429161,-10.13959466,1,1
38.23712897,3,1572439314,AUT,FALSE,TRUE,TRUE,515.1560691,-388.322606,141.6890936,-179.9994982,0.353140259,-179.967601,-6.129337087,-2.244720486,3.892420855,-0.250475597,0.569497846,-0.112669758,-62.60830307,64.5565773,51.8830204,-69.15837936,-49.80750732,68.07802162,-10.3295517,1,1
38.33759594,3,1572439314,AUT,FALSE,TRUE,TRUE,534.7127776,-387.3248447,141.8327665,179.9957623,0.369913522,-179.9810418,-3.183503898,-1.538541994,1.456030855,-0.43274055,-0.142913908,0.023117275,-62.60830307,64.5565773,51.8830204,-69.15837936,-49.80750732,68.07802162,-10.3295517,1,1
38.43810487,3,1572439314,AUT,FALSE,TRUE,TRUE,534.7127776,-387.3248447,141.8327665,179.9957623,0.369913522,-179.9810418,-3.183503898,-1.538541994,1.456030855,-0.43274055,-0.142913908,0.023117275,-62.60830307,64.5565773,51.8830204,-69.15837936,-49.80750732,68.07802162,-10.3295517,1,1
38.53865194,3,1572439315,AUT,FALSE,TRUE,TRUE,564.7494268,-387.9306961,144.1790932,179.9870709,0.357587614,-179.9925828,-0.45847388,-1.843545355,0.173156031,-0.631369869,-0.745584977,0.02443615,-59.28972816,66.62323608,51.81968765,-62.5184349,-49.8248767,70.76949691,-11.22120896,1,1
38.63918805,3,1572439315,AUT,FALSE,TRUE,TRUE,564.7494268,-387.9306961,144.1790932,179.9870709,0.357587614,-179.9925828,-0.45847388,-1.843545355,0.173156031,-0.631369869,-0.745584977,0.02443615,-59.28972816,66.62323608,51.81968765,-62.5184349,-49.8248767,70.76949691,-11.22120896,1,1
38.739784,3,1572439315,AUT,FALSE,TRUE,TRUE,583.754335,-388.3670573,145.8661068,-179.9991166,0.215515473,179.9768018,-0.993440135,0.070220596,2.86222759,0.048575631,0.131255726,-0.041563214,-56.10596237,68.57582931,51.74508705,-57.78506813,-49.82409667,72.77221527,-12.05271607,1,1
38.84042001,3,1572439315,AUT,FALSE,TRUE,TRUE,583.754335,-388.3670573,145.8661068,-179.9991166,0.215515473,179.9768018,-0.993440135,0.070220596,2.86222759,0.048575631,0.131255726,-0.041563214,-53.6580059,70.31666107,51.44813346,-53.57262153,-49.82285522,74.28003731,-12.92205391,1,1
38.94108105,3,1572439315,AUT,FALSE,TRUE,TRUE,598.8945805,-387.9709237,142.9745576,-179.9083905,-0.043001346,179.8669065,7.255976963,4.816256031,0.48274231,0.013351385,-1.27068442,-0.360615756,-53.6580059,70.31666107,51.44813346,-53.57262153,-49.82285522,74.28003731,-12.92205391,1,1
39.04184008,3,1572439315,AUT,FALSE,TRUE,TRUE,604.1406191,-383.4617302,141.4347178,-179.8379099,-0.172760003,179.7343037,7.70542488,6.520700989,-1.317340688,0.110907141,-1.116554682,-0.905759662,-52.76059456,70.81779213,51.43257408,-52.62585411,-49.82446472,74.64669914,-12.79842339,1,1
39.14274096,3,1572439315,AUT,FALSE,TRUE,TRUE,604.1406191,-383.4617302,141.4347178,-179.8379099,-0.172760003,179.7343037,7.70542488,6.520700989,-1.317340688,0.110907141,-1.116554682,-0.905759662,-52.76059456,70.81779213,51.43257408,-52.62585411,-49.82446472,74.64669914,-12.79842339,1,1
39.24322391,3,1572439315,AUT,FALSE,TRUE,TRUE,605.0018814,-375.4386063,143.1600506,-179.7846498,-0.267921269,179.7292231,4.571036796,4.371562777,-1.120042859,-0.227019372,-0.056814723,-1.057987206,-52.55718956,70.36820068,51.54102974,-53.59514351,-49.81261596,74.52855491,-11.89230538,1,1
39.34368992,3,1572439315,AUT,FALSE,TRUE,TRUE,605.0018814,-375.4386063,143.1600506,-179.7846498,-0.267921269,179.7292231,4.571036796,4.371562777,-1.120042859,-0.227019372,-0.056814723,-1.057987206,-52.60475006,69.31481781,51.60510749,-55.9589756,-49.66381713,73.88966903,-10.19566956,1,1
39.44416189,3,1572439315,AUT,FALSE,TRUE,TRUE,603.6652048,-361.7633945,145.2586206,-179.8014952,-0.332432252,179.7305151,0.936730254,4.258727238,1.202956002,0.081404537,0.601804895,-0.971667429,-52.60475006,69.31481781,51.60510749,-55.9589756,-49.66381713,73.88966903,-10.19566956,1,1
39.54462886,3,1572439316,AUT,FALSE,TRUE,TRUE,602.0817236,-334.6363114,142.7452426,-179.8151027,-0.232981626,179.6366605,0.936730254,4.258727238,1.202956002,0.081404537,0.601804895,-0.971667429,-52.49172477,67.89053993,51.71067238,-60.48673324,-49.61223083,71.99047623,-6.7306366,1,1
39.64511585,3,1572439316,AUT,FALSE,TRUE,TRUE,602.0817236,-334.6363114,142.7452426,-179.8151027,-0.232981626,179.6366605,-0.662375567,4.587071876,0.833045446,0.000601324,0.551382189,-0.856024049,-52.49172477,67.89053993,51.71067238,-60.48673324,-49.61223083,71.99047623,-6.7306366,1,1
39.74563789,3,1572439316,AUT,FALSE,TRUE,TRUE,600.0582851,-302.2100747,141.9785311,-179.8354031,-0.200197178,179.6736172,-1.125792276,3.004024543,0.729360952,-0.273780315,0.432530455,-0.719427085,-51.97193756,66.18375549,51.90961418,-65.18008232,-49.68450988,70.16138306,-2.685189063,1,1
39.84612203,3,1572439316,AUT,FALSE,TRUE,TRUE,600.0582851,-302.2100747,141.9785311,-179.8354031,-0.200197178,179.6736172,-1.125792276,3.004024543,0.729360952,-0.273780315,0.432530455,-0.719427085,-51.97193756,66.18375549,51.90961418,-65.18008232,-49.68450988,70.16138306,-2.685189063,1,1
39.94659996,3,1572439316,AUT,FALSE,TRUE,TRUE,598.2208569,-271.4348159,143.3535358,-179.8693297,-0.160163613,179.7061618,-3.422108171,2.9602978,-0.077583956,-0.257757544,0.680214934,-0.506313146,-51.21325607,64.6278923,52.15687179,-69.02985992,-49.68113159,68.80555343,1.039128112,1,1
40.04707098,3,1572439316,AUT,FALSE,TRUE,TRUE,598.2208569,-271.4348159,143.3535358,-179.8693297,-0.160163613,179.7061618,-3.422108171,2.9602978,-0.077583956,-0.257757544,0.680214934,-0.506313146,-51.21325607,64.6278923,52.15687179,-69.02985992,-49.68113159,68.80555343,1.039128112,1,1
40.14754105,3,1572439316,AUT,FALSE,TRUE,TRUE,597.175064,-226.6489252,143.8860312,-179.9009233,-0.158581861,179.6982589,-3.422108171,2.9602978,-0.077583956,-0.257757544,0.680214934,-0.506313146,-49.38734894,62.84481124,52.47491226,-73.52248535,-49.68331237,67.11742859,6.241432569,1,1
40.24805307,3,1572439316,AUT,FALSE,TRUE,TRUE,597.175064,-226.6489252,143.8860312,-179.9009233,-0.158581861,179.6982589,-3.773429782,2.669383777,1.753868566,-0.325910981,0.807145685,-0.295404421,-49.38734894,62.84481124,52.47491226,-73.52248535,-49.68331237,67.11742859,6.241432569,1,1
40.34864998,3,1572439316,AUT,FALSE,TRUE,TRUE,597.1469566,-199.0355374,142.6260332,-179.941505,-0.159502957,179.7275953,-3.049489862,2.160814563,2.472704651,-0.617253856,0.901910667,-0.236389392,-47.82486992,62.01223297,52.49364738,-75.80497398,-49.71510131,66.15075187,9.381881331,1,1
40.44924307,3,1572439316,AUT,FALSE,TRUE,TRUE,597.1469566,-199.0355374,142.6260332,-179.941505,-0.159502957,179.7275953,-3.049489862,2.160814563,2.472704651,-0.617253856,0.901910667,-0.236389392,-47.82486992,62.01223297,52.49364738,-75.80497398,-49.71510131,66.15075187,9.381881331,1,1
40.54981208,3,1572439317,AUT,FALSE,TRUE,TRUE,597.7805439,-169.9829717,140.6409704,-179.9224949,-0.144400582,179.7395182,-2.812118004,3.743987662,2.013491725,-0.322054195,0.905114588,-0.242010788,-45.984272,61.41240005,52.48034362,-77.69305,-49.81175354,65.20722885,12.62903824,1,1
40.65050387,3,1572439317,AUT,FALSE,TRUE,TRUE,597.7805439,-169.9829717,140.6409704,-179.9224949,-0.144400582,179.7395182,-2.812118004,3.743987662,2.013491725,-0.322054195,0.905114588,-0.242010788,-43.52955894,60.87962494,52.4974308,-79.17703171,-49.85202941,64.55478515,16.10058403,1,1
40.75136399,3,1572439317,AUT,FALSE,TRUE,TRUE,599.4553608,-137.3542859,139.6786975,-179.914282,-0.174885169,179.7481805,-2.47188152,5.147681493,1.781128099,-0.737550266,0.884645034,-0.284339764,-43.52955894,60.87962494,52.4974308,-79.17703171,-49.85202941,64.55478515,16.10058403,1,1
40.8519249,3,1572439317,AUT,FALSE,TRUE,TRUE,599.4553608,-137.3542859,139.6786975,-179.914282,-0.174885169,179.7481805,-2.47188152,5.147681493,1.781128099,-0.737550266,0.884645034,-0.284339764,-40.85219764,60.46825904,52.49662056,-80.30067901,-49.86862426,64.0676136,19.51851654,1,1
40.95248103,3,1572439317,AUT,FALSE,TRUE,TRUE,600.9567292,-104.799002,138.9161618,-179.9517076,-0.209562358,179.7601628,-0.747875823,2.180851236,1.632807772,-0.805568924,0.868138565,-0.343639736,-40.85219764,60.46825904,52.49662056,-80.30067901,-49.86862426,64.0676136,19.51851654,1,1
41.05299592,3,1572439317,AUT,FALSE,TRUE,TRUE,601.849431,-80.08743155,138.4306237,-179.9854889,-0.190669191,179.8232387,-0.747875823,2.180851236,1.632807772,-0.805568924,0.868138565,-0.343639736,-38.78843307,60.21985817,52.46927833,-80.97845649,-49.92013916,63.73529778,22.12967148,1,1
41.15345597,3,1572439317,AUT,FALSE,TRUE,TRUE,601.849431,-80.08743155,138.4306237,-179.9854889,-0.190669191,179.8232387,-1.826183293,-0.481776601,1.492143701,-0.934109746,1.2224847,0.066148911,-38.78843307,60.21985817,52.46927833,-80.97845649,-49.92013916,63.73529778,22.12967148,1,1
41.25392008,3,1572439317,AUT,FALSE,TRUE,TRUE,601.849431,-80.08743155,138.4306237,-179.9854889,-0.190669191,179.8232387,-1.826183293,-0.481776601,1.492143701,-0.934109746,1.2224847,0.066148911,-36.81883506,60.05265999,52.24196777,-80.57403946,-49.8915747,63.83126335,23.71809539,1,1
41.35436988,3,1572439317,AUT,FALSE,TRUE,TRUE,606.6215336,-64.11249894,140.5328743,179.9353476,0.023471827,-179.8908657,-2.90056701,-0.140572509,0.902351305,-0.430274305,0.17891,0.120747949,-36.81883506,60.05265999,52.24196777,-80.57403946,-49.8915747,63.83126335,23.71809539,1,1
41.45483804,3,1572439317,AUT,FALSE,TRUE,TRUE,615.1760438,-62.6436084,143.897486,179.9519856,0.109422425,-179.8496116,-4.176452399,1.742785067,2.844730846,0.091604497,0.26334851,0.187709745,-35.92911071,60.43329163,52.22575264,-78.84410133,-49.70806457,64.67537384,23.2701004,1,1
41.55534291,3,1572439318,AUT,FALSE,TRUE,TRUE,615.1760438,-62.6436084,143.897486,179.9519856,0.109422425,-179.8496116,-4.176452399,1.742785067,2.844730846,0.091604497,0.26334851,0.187709745,-35.92911071,60.43329163,52.22575264,-78.84410133,-49.70806457,64.67537384,23.2701004,1,1
41.65581799,3,1572439318,AUT,FALSE,TRUE,TRUE,624.947756,-65.17723595,144.4702026,179.9697248,0.183206137,-179.9497104,-5.107147345,1.791182148,2.226199727,-0.144609957,0.226774975,0.061249672,-35.31459388,61.32731438,52.22164649,-76.62820701,-49.69643005,65.55079536,22.30243149,1,1
41.75628495,3,1572439318,AUT,FALSE,TRUE,TRUE,635.8560231,-68.09535236,145.2723116,179.9668666,0.176258767,-179.9823756,-5.646851683,3.31283635,2.346373671,-0.021242174,0.373731895,0.060058498,-34.53499718,62.37903556,52.21415176,-73.95962104,-49.72381896,66.67196731,21.24523773,1,1
41.85675001,3,1572439318,AUT,FALSE,TRUE,TRUE,635.8560231,-68.09535236,145.2723116,179.9668666,0.176258767,-179.9823756,-5.646851683,3.31283635,2.346373671,-0.021242174,0.373731895,0.060058498,-34.53499718,62.37903556,52.21415176,-73.95962104,-49.72381896,66.67196731,21.24523773,1,1
41.95724607,3,1572439318,AUT,FALSE,TRUE,TRUE,647.1245246,-69.36086363,145.1908622,179.9890866,0.207659995,179.9871447,-5.42965295,3.180077946,1.077185544,-0.177704455,0.40660079,0.086060915,-33.55965499,63.50234642,52.15814552,-71.24876861,-49.78890197,67.70191841,20.29189224,1,1
42.05770493,3,1572439318,AUT,FALSE,TRUE,TRUE,658.9850828,-69.32795573,144.2942999,179.9890895,0.183766619,179.9701848,-4.948513626,4.153313416,3.040605643,0.050006512,0.42827394,0.108726127,-32.32992783,64.73742943,52.02436638,-68.26376266,-49.84656372,68.78856926,19.3791584,1,1
42.15823984,3,1572439318,AUT,FALSE,TRUE,TRUE,671.0568266,-68.18071002,142.1008186,179.9520246,0.186920473,179.9715877,-4.650777343,3.97242367,2.700674595,-0.218896605,0.401027358,0.197642324,-30.91109848,66.05821266,51.76559028,-65.21757316,-49.89891906,69.73308792,18.56308021,1,1
42.25869894,3,1572439318,AUT,FALSE,TRUE,TRUE,671.0568266,-68.18071002,142.1008186,179.9520246,0.186920473,179.9715877,-4.650777343,3.97242367,2.700674595,-0.218896605,0.401027358,0.197642324,-30.91109848,66.05821266,51.76559028,-65.21757316,-49.89891906,69.73308792,18.56308021,1,1
42.35916591,3,1572439318,AUT,FALSE,TRUE,TRUE,682.9774565,-66.66267551,140.4045423,179.9426004,0.154251897,179.9721773,-2.826309427,2.67939026,2.927064382,-0.488740187,0.160781212,0.184046029,-29.43437118,67.37284698,51.53531341,-62.02253265,-49.91260803,70.78434563,17.66771507,1,1
42.45987701,3,1572439318,AUT,FALSE,TRUE,TRUE,693.2765425,-63.42635813,139.8254577,-179.9981659,0.052885148,179.9271309,0.008230371,4.916558805,0.716611458,-0.082389254,-0.172129201,0.101235573,-27.99458885,68.5449131,51.47144508,-59.06223564,-49.92212219,71.91901703,16.89312057,1,1
42.56046796,3,1572439319,AUT,FALSE,TRUE,TRUE,700.7978571,-55.46509987,140.3700415,-179.881026,-0.06862147,179.862073,3.354875014,8.291925746,1.070577946,0.392895283,-0.48551591,-0.184291804,-26.54770317,69.36505966,51.52745132,-56.85910606,-49.92341857,72.88339348,16.67811126,1,1
42.66117597,3,1572439319,AUT,FALSE,TRUE,TRUE,704.6141838,-41.05772183,140.5562232,-179.9723246,-0.129737064,179.8379406,3.354875014,8.291925746,1.070577946,0.392895283,-0.48551591,-0.184291804,-25.00733757,69.72457351,51.56123771,-55.89592094,-49.91974365,73.29953842,17.59321746,1,1
42.76176786,3,1572439319,AUT,FALSE,TRUE,TRUE,704.6141838,-41.05772183,140.5562232,-179.9723246,-0.129737064,179.8379406,3.960780326,4.524298717,0.694149489,0.122378984,-0.272908723,-0.158271061,-25.00733757,69.72457351,51.56123771,-55.89592094,-49.91974365,73.29953842,17.59321746,1,1
42.86227894,3,1572439319,AUT,FALSE,TRUE,TRUE,705.4830121,-18.00174528,140.1069716,-179.9511373,-0.190397666,179.8444486,-1.275416133,5.989329014,1.030762823,0.117007146,0.551976471,-0.139789386,-23.12039794,69.7780117,51.54855881,-55.85205459,-49.91968872,73.33348961,19.43183098,1,1
42.96278906,3,1572439319,AUT,FALSE,TRUE,TRUE,705.6216204,0.349433635,139.9968448,-179.975586,-0.191697569,179.8588536,-1.564131576,3.182797595,1.708979098,0.117007146,0.551976471,-0.139789386,-21.63000298,69.76951446,51.53636398,-55.88763656,-49.92030395,73.31102256,20.96837539,1,1
43.06325293,3,1572439319,AUT,FALSE,TRUE,TRUE,705.6216204,0.349433635,139.9968448,-179.975586,-0.191697569,179.8588536,-1.564131576,3.182797595,1.708979098,-0.597883818,0.657802703,-0.188599795,-21.63000298,69.76951446,51.53636398,-55.88763656,-49.92030395,73.31102256,20.96837539,1,1
43.16371608,3,1572439319,AUT,FALSE,TRUE,TRUE,705.1117813,19.02846,139.7077221,-179.9179238,-0.225041778,179.8688588,-2.366834581,6.254482185,1.76334066,0.051315985,0.977082238,-0.291081835,-20.14654655,69.77321891,51.52317695,-55.92903442,-49.91966674,73.30406341,22.44004211,1,1
43.2641809,3,1572439319,AUT,FALSE,TRUE,TRUE,704.0557728,37.66430909,139.1505881,-179.9076947,-0.251003435,179.8495003,-2.233680206,3.999154767,1.718492089,-0.417416177,1.114146889,-0.363039487,-18.65272178,69.79259948,51.52452964,-56.00519371,-49.91982055,73.25333404,23.96520881,1,1
43.36469507,3,1572439319,AUT,FALSE,TRUE,TRUE,704.0557728,37.66430909,139.1505881,-179.9076947,-0.251003435,179.8495003,-2.233680206,3.999154767,1.718492089,-0.417416177,1.114146889,-0.363039487,-18.65272178,69.79259948,51.52452964,-56.00519371,-49.91982055,73.25333404,23.96520881,1,1
43.46521401,3,1572439319,AUT,FALSE,TRUE,TRUE,702.4251914,62.10927871,138.5277416,-179.92844,-0.249981737,179.8872775,-1.761812997,4.191408803,1.320452772,-0.214681842,0.989424318,-0.158105059,-16.63955612,69.8396656,51.48447761,-55.98918457,-49.93794799,73.20637779,25.98792228,1,1
43.56569004,3,1572439320,AUT,FALSE,TRUE,TRUE,700.3589157,77.41641471,138.0827103,179.9456629,-0.387065142,-179.9415366,3.242984534,0.156799097,1.566545022,-0.643447855,0.49363184,0.162173437,-15.26901169,69.83538093,51.36317825,-55.98045387,-49.93893676,73.3228878,27.41019859,1,1
43.66615486,3,1572439320,AUT,FALSE,TRUE,TRUE,696.3205219,86.1328201,136.3859744,179.9660496,-0.650516889,-179.8466114,8.662725042,-0.790278344,2.390745173,-0.690054282,0.387030005,0.175915334,-14.65721054,69.74914856,51.30109863,-56.53059082,-49.92361083,73.27797088,28.3725151,1,1
43.76662707,3,1572439320,AUT,FALSE,TRUE,TRUE,696.3205219,86.1328201,136.3859744,179.9660496,-0.650516889,-179.8466114,8.662725042,-0.790278344,2.390745173,-0.690054282,0.387030005,0.175915334,-14.65721054,69.74914856,51.30109863,-56.53059082,-49.92361083,73.27797088,28.3725151,1,1
43.86709595,3,1572439320,AUT,FALSE,TRUE,TRUE,688.3709039,91.53714622,133.1048756,179.9574924,-0.784260154,-179.8195356,10.01080078,-0.240322447,0.905300836,-0.486197201,0.371186288,0.298645194,-14.81067581,69.27225609,51.22686538,-58.50046005,-49.93636596,72.42338218,29.62764129,1,1
43.96769404,3,1572439320,AUT,FALSE,TRUE,TRUE,676.2357705,93.95780495,131.1369001,179.9760279,-0.768345261,-179.7567359,8.17043159,2.21667061,-1.028180576,0.15624727,0.32144792,0.258184292,-15.62487259,68.16742973,51.13861771,-61.84955291,-49.95954711,71.02153015,31.17423477,1,1
44.06816602,3,1572439320,AUT,FALSE,TRUE,TRUE,659.7587953,95.7400636,132.5865817,179.9939095,-0.684716916,-179.7196098,6.529372098,2.649687944,-1.919097108,0.31060264,0.22479449,0.125426921,-16.88671074,66.42451057,51.27045364,-66.19919815,-49.94555603,69.43348732,33.07068099,1,1
44.16868091,3,1572439320,AUT,FALSE,TRUE,TRUE,659.7587953,95.7400636,132.5865817,179.9939095,-0.684716916,-179.7196098,6.529372098,2.649687944,-1.919097108,0.31060264,0.22479449,0.125426921,-16.88671074,66.42451057,51.27045364,-66.19919815,-49.94555603,69.43348732,33.07068099,1,1
44.26931405,3,1572439320,AUT,FALSE,TRUE,TRUE,640.7236129,97.08494892,136.250011,179.9936127,-0.592307605,-179.7095929,2.318495804,2.648555132,-0.240358861,0.33025578,0.595922228,0.06690803,-18.36880416,64.28266411,51.5681076,-70.98429679,-49.82779907,67.81613503,35.07463531,1,1
44.36985803,3,1572439320,AUT,FALSE,TRUE,TRUE,623.2510207,96.00387578,139.6399185,179.9882384,-0.431166393,-179.660511,-3.624954733,3.499614487,2.395810605,0.795964824,1.120563754,0.040979837,-19.79334984,62.21092414,51.73624649,-75.30292969,-49.6412677,66.23503074,36.657518,1,1
44.47042704,3,1572439320,AUT,FALSE,TRUE,TRUE,609.6853335,93.14128096,142.247004,-179.9546472,-0.229273311,-179.7338202,-9.219299135,7.35444682,4.504639968,1.078071467,1.780842791,-0.342569382,-21.11075478,60.50081291,51.81199722,-78.68692818,-49.36305541,64.81951446,37.52541046,1,1
44.57110596,3,1572439321,AUT,FALSE,TRUE,TRUE,602.3704489,92.21499241,143.077796,-179.8774251,-0.08397087,-179.8532234,-11.35801699,9.957672151,5.250961727,1.218900997,2.037064241,-0.763007265,-21.83149223,59.60256386,51.87481498,-80.52310409,-49.22490783,63.93236503,37.96938858,1,1
44.67166996,3,1572439321,AUT,FALSE,TRUE,TRUE,602.3704489,92.21499241,143.077796,-179.8774251,-0.08397087,-179.8532234,-11.35801699,9.957672151,5.250961727,1.218900997,2.037064241,-0.763007265,-21.83149223,59.60256386,51.87481498,-80.52310409,-49.22490783,63.93236503,37.96938858,1,1
44.77217984,3,1572439321,AUT,FALSE,TRUE,TRUE,599.9731936,98.53334861,142.9135842,-179.7863319,-0.090009398,179.8673841,-8.226488246,11.72746311,3.202945089,0.933225343,1.489277426,-1.006176613,-21.60484085,59.56523094,52.10892677,-80.89881591,-49.20747253,63.72405395,38.49989776,1,1
44.87264585,3,1572439321,AUT,FALSE,TRUE,TRUE,599.6018898,112.9564135,142.806318,-179.8452141,-0.057381897,179.7519168,-4.550468738,11.05957331,2.022840557,0.608731911,0.870173465,-0.717853366,-20.32692146,59.90359268,52.39969367,-80.48983268,-49.44338745,63.92860221,39.833535,1,1
44.97317195,3,1572439321,AUT,FALSE,TRUE,TRUE,599.7028752,133.7441763,143.3001018,-179.8854933,-0.042905952,179.72886,-4.095325762,9.228847832,1.62175816,0.304285742,0.746689765,-0.458130471,-18.25179634,60.34125366,52.56976547,-79.57808418,-49.59844848,64.39333419,41.50995598,1,1
45.07358789,3,1572439321,AUT,FALSE,TRUE,TRUE,599.7028752,133.7441763,143.3001018,-179.8854933,-0.042905952,179.72886,-4.095325762,9.228847832,1.62175816,0.304285742,0.746689765,-0.458130471,-18.25179634,60.34125366,52.56976547,-79.57808418,-49.59844848,64.39333419,41.50995598,1,1
45.17405605,3,1572439321,AUT,FALSE,TRUE,TRUE,600.5256094,162.3058277,145.4973181,-179.9290799,-0.0114625,179.7955395,-2.84272625,6.517817062,1.172868071,-0.167923563,0.605514843,-0.269731125,-15.07825813,60.88015709,52.60479469,-77.86930504,-49.5944934,65.26798667,43.55999107,1,1
45.27452993,3,1572439321,AUT,FALSE,TRUE,TRUE,600.5256094,162.3058277,145.4973181,-179.9290799,-0.0114625,179.7955395,-2.84272625,6.517817062,1.172868071,-0.167923563,0.605514843,-0.269731125,-15.07825813,60.88015709,52.60479469,-77.86930504,-49.5944934,65.26798667,43.55999107,1,1
45.37500095,3,1572439321,AUT,FALSE,TRUE,TRUE,600.8000934,199.6078353,147.0242742,-179.9333071,-0.062072506,179.7695525,-1.053481003,9.312258901,2.398629072,0.473656533,0.545387359,-0.332129837,-10.96664886,61.79496116,52.58480301,-75.29038124,-49.53354675,66.42546157,45.92225074,1,1
45.47548699,3,1572439321,AUT,FALSE,TRUE,TRUE,600.8000934,199.6078353,147.0242742,-179.9333071,-0.062072506,179.7695525,-1.053481003,9.312258901,2.398629072,0.473656533,0.545387359,-0.332129837,-10.96664886,61.79496116,52.58480301,-75.29038124,-49.53354675,66.42546157,45.92225074,1,1
45.57595897,3,1572439322,AUT,FALSE,TRUE,TRUE,599.1596911,234.9561572,146.6571887,-179.9743248,-0.1198912,179.8561769,0.047895643,6.083468492,1.305290686,-0.125435096,0.568601653,-0.156735025,-6.821912381,62.86620369,52.43150596,-72.72095031,-49.57267456,67.46405411,48.13896561,1,1
45.67642689,3,1572439322,AUT,FALSE,TRUE,TRUE,599.1596911,234.9561572,146.6571887,-179.9743248,-0.1198912,179.8561769,0.047895643,6.083468492,1.305290686,-0.125435096,0.568601653,-0.156735025,-4.3116909,63.51322288,52.27055969,-70.92952995,-49.56857666,68.22199401,49.35468177,1,1
45.77691889,3,1572439322,AUT,FALSE,TRUE,TRUE,598.2976839,255.9019842,146.9734032,179.9884515,-0.171557451,-179.9800253,1.844977144,1.189219122,0.601006765,-0.654676319,0.325238105,0.12269757,-4.3116909,63.51322288,52.27055969,-70.92952995,-49.56857666,68.22199401,49.35468177,1,1
45.87739897,3,1572439322,AUT,FALSE,TRUE,TRUE,595.5795817,269.4650963,147.3360397,179.8600765,-0.326171189,-179.7303164,7.129304527,-5.660022763,0.13270512,-1.199846664,-0.195197041,0.66083206,-2.558060069,63.87543869,52.15535431,-69.84411506,-49.52360412,68.97148132,50.36721954,1,1
45.97787595,3,1572439322,AUT,FALSE,TRUE,TRUE,589.9331384,271.606101,146.1554924,179.9081485,-0.485035339,-179.6777672,7.058143236,-0.485433959,-0.521742234,-0.051175131,0.385589567,0.432735337,-2.44829635,63.64378509,52.12753829,-70.65418854,-49.45111083,68.70713997,50.97032776,1,1
46.07839394,3,1572439322,AUT,FALSE,TRUE,TRUE,589.9331384,271.606101,146.1554924,179.9081485,-0.485035339,-179.6777672,7.058143236,-0.485433959,-0.521742234,-0.051175131,0.385589567,0.432735337,-2.44829635,63.64378509,52.12753829,-70.65418854,-49.45111083,68.70713997,50.97032776,1,1
46.17890692,3,1572439322,AUT,FALSE,TRUE,TRUE,576.7336568,272.0053129,143.8170731,179.9926712,-0.581647954,-179.7192336,5.592310925,4.525781513,0.799977954,0.641894048,0.427944949,0.196723897,-2.993204494,62.70831985,52.2151165,-73.48114586,-49.45237976,67.51060524,52.37477531,1,1
46.27939606,3,1572439322,AUT,FALSE,TRUE,TRUE,576.7336568,272.0053129,143.8170731,179.9926712,-0.581647954,-179.7192336,5.592310925,4.525781513,0.799977954,0.641894048,0.427944949,0.196723897,-3.551457594,61.23382072,52.28420677,-77.34633178,-49.48436096,65.86647033,54.57291298,1,1
46.38011098,3,1572439322,AUT,FALSE,TRUE,TRUE,557.9447169,273.1651592,142.9476328,179.9510693,-0.508730712,-179.6533704,3.258839557,4.060516618,-0.244504052,0.634290536,0.689922087,0.379500325,-3.551457594,61.23382072,52.28420677,-77.34633178,-49.48436096,65.86647033,54.57291298,1,1
46.48067999,3,1572439322,AUT,FALSE,TRUE,TRUE,539.016398,272.0647655,143.4119272,179.9715789,-0.442273586,-179.604495,2.137697758,3.860300084,0.532994528,0.77597708,0.630291866,0.304225723,-4.251066969,59.49781952,52.37677688,-81.30466804,-49.38838989,64.25434684,56.56615562,1,1
46.58140302,3,1572439323,AUT,FALSE,TRUE,TRUE,521.1795093,270.328993,143.2614342,179.9876664,-0.442933756,-179.6202312,0.50046191,5.021632213,1.98421153,0.923605011,0.761753524,0.054626493,-4.967773819,57.96093864,52.55076942,-84.89886246,-49.30265808,62.76676025,58.3073616,1,1
46.68221498,3,1572439323,AUT,FALSE,TRUE,TRUE,521.1795093,270.328993,143.2614342,179.9876664,-0.442933756,-179.6202312,0.50046191,5.021632213,1.98421153,0.923605011,0.761753524,0.054626493,-5.620196913,56.55276603,52.58982239,-88.36630554,-49.30748107,61.10184059,59.9763771,1,1
46.7826879,3,1572439323,AUT,FALSE,TRUE,TRUE,503.9419327,267.6920297,141.583272,-179.9841367,-0.40884584,-179.642037,-0.471550032,5.391751922,1.972803194,0.889315879,1.004682973,-0.036140755,-5.620196913,56.55276603,52.58982239,-88.36630554,-49.30748107,61.10184059,59.9763771,1,1
46.88316798,3,1572439323,AUT,FALSE,TRUE,TRUE,490.0753731,265.3508191,140.1538999,-179.938446,-0.294412387,-179.7256017,-3.063924058,8.791539736,1.789754372,1.100463917,1.304847445,-0.386676171,-6.147853088,55.351054,52.58829803,-91.23323593,-49.3525415,59.59222298,61.29529953,1,1
53.27976894,4,1572439329,AUT,FALSE,FALSE,TRUE,471.9467639,-399.9937861,169.8931463,-179.9987798,-0.009007451,179.9920295,-2.316813695,-1.959613363,2.61947092,-0.486985159,0.688556474,0.121458914,-70.51247177,58.18756943,52.71419105,-78.18104896,-47.40767578,66.68806915,-12.51701203,0.5,1
53.38040495,4,1572439329,AUT,FALSE,TRUE,TRUE,472.4304268,-399.314594,169.924594,-179.9792176,-0.037608966,179.9940045,-1.244346285,-1.192036458,3.8401218,-0.507779848,0.378109431,-0.008422677,-70.43995514,58.18051414,52.71151314,-78.17898559,-47.40769226,66.70019531,-12.49448662,0.5,1
53.48109984,4,1572439329,AUT,FALSE,TRUE,TRUE,472.4304268,-399.314594,169.924594,-179.9792176,-0.037608966,179.9940045,-1.244346285,-1.192036458,3.8401218,-0.507779848,0.378109431,-0.008422677,-70.43995514,58.18051414,52.71151314,-78.17898559,-47.40769226,66.70019531,-12.49448662,1,1
53.58168697,4,1572439330,AUT,FALSE,TRUE,TRUE,471.7763454,-400.1514912,167.3563345,179.9678315,-0.10410735,-179.9800262,0.109142606,-0.246652076,3.738067793,-0.401974348,0.378896901,-0.002334918,-70.34779701,58.27504463,52.40440063,-78.18301964,-47.40785156,66.51508941,-12.48542977,1,1
53.68222189,4,1572439330,AUT,FALSE,TRUE,TRUE,471.3977816,-400.942559,161.4887179,-179.9578131,-0.107807119,179.933063,0.247484633,-0.557601004,4.355363634,-0.65490396,0.315041176,-0.107365212,-70.34159317,58.79160118,52.20286331,-78.18060951,-47.67033691,66.09429588,-12.54291573,1,1
53.78270006,4,1572439330,AUT,FALSE,TRUE,TRUE,471.3723585,-401.8907235,153.557158,-179.9396545,-0.038224449,179.8829487,-0.487250522,0.382707795,2.478712309,-0.517451299,0.386399139,-0.28658072,-70.34795151,59.56523781,52.06106071,-78.17927055,-48.26326904,65.52873001,-12.40321427,1,1
53.88323307,4,1572439330,AUT,FALSE,TRUE,TRUE,471.3723585,-401.8907235,153.557158,-179.9396545,-0.038224449,179.8829487,-0.487250522,0.382707795,2.478712309,-0.517451299,0.386399139,-0.28658072,-70.3481369,60.30978126,51.96699371,-78.17089347,-48.89235717,65.04563026,-12.19607048,1,1
53.98371506,4,1572439330,AUT,FALSE,TRUE,TRUE,471.360776,-402.6771813,146.1907311,-179.9310589,-0.006541577,179.8723304,-0.067427051,-0.032642595,1.654955342,-0.66002535,0.112236003,-0.354622852,-70.3481369,60.30978126,51.96699371,-78.17089347,-48.89235717,65.04563026,-12.19607048,1,1
54.08417201,4,1572439330,AUT,FALSE,TRUE,TRUE,471.7541686,-402.9081443,141.5938121,-179.9133392,0.014906603,179.8385422,0.351727496,0.700610928,0.544657274,-0.591832363,-0.119092425,-0.319928777,-70.32396698,60.83861503,51.95504264,-78.11418343,-49.31408935,64.78100738,-12.06124764,1,1
54.184623,4,1572439330,AUT,FALSE,TRUE,TRUE,473.0352997,-402.7236152,139.9259213,-179.926758,0.137256424,179.8392331,-3.08985288,0.92494231,1.047140499,-0.549584097,0.150140022,-0.28831701,-70.23546867,61.07972374,51.96205673,-78.01479835,-49.48131225,64.61957703,-11.94598733,1,1
54.285115,4,1572439330,AUT,FALSE,TRUE,TRUE,477.9892009,-400.4858337,139.7316553,-179.9697954,0.293341439,179.8630869,-8.616096175,-0.107958922,3.885805134,-0.549584097,0.150140022,-0.28831701,-69.71794739,61.29203796,52.00080414,-77.61070404,-49.54625244,64.62911109,-11.60075226,1,1
54.38558006,4,1572439330,AUT,FALSE,TRUE,TRUE,477.9892009,-400.4858337,139.7316553,-179.9697954,0.293341439,179.8630869,-8.616096175,-0.107958922,3.885805134,-0.540687664,0.725596968,-0.042920036,-69.71794739,61.29203796,52.00080414,-77.61070404,-49.54625244,64.62911109,-11.60075226,1,1
54.48608088,4,1572439330,AUT,FALSE,TRUE,TRUE,487.7155865,-397.1280748,139.6983391,-179.9768604,0.340557556,179.9125363,-8.085623699,-1.603813225,2.724680123,-0.665090246,0.519460082,0.014946183,-68.53587684,61.76452217,51.97764015,-76.49388199,-49.62911682,65.03219948,-11.13427277,1,1
54.58653688,4,1572439331,AUT,FALSE,TRUE,TRUE,502.0638138,-394.5959658,140.6421901,-179.9726428,0.357246091,179.9632859,-5.507990562,-2.417189546,2.725950753,-0.830003666,0.069110478,-0.128031106,-66.70951652,62.57848205,51.91694412,-74.27120704,-49.63562072,65.94790306,-10.89518281,1,1
54.68702388,4,1572439331,AUT,FALSE,TRUE,TRUE,517.1171248,-393.4366554,141.7927058,-179.9745813,0.357042288,179.978935,-5.985705928,0.333518449,1.996921333,-0.136980792,0.369895477,0.011688196,-64.82670021,63.56393165,51.87265892,-71.58730888,-49.63559875,67.08487473,-10.90128021,1,1
54.78741693,4,1572439331,AUT,FALSE,TRUE,TRUE,517.1171248,-393.4366554,141.7927058,-179.9745813,0.357042288,179.978935,-5.985705928,0.333518449,1.996921333,-0.136980792,0.369895477,0.011688196,-64.82670021,63.56393165,51.87265892,-71.58730888,-49.63559875,67.08487473,-10.90128021,1,1
54.88779593,4,1572439331,AUT,FALSE,TRUE,TRUE,533.1149921,-392.6382342,142.9215869,179.986381,0.360087063,179.9736716,-4.040774535,-0.71638095,2.01330415,-0.437832138,0.16560031,0.128668763,-62.80691871,64.69582901,51.83720054,-68.50951996,-49.63638977,68.36026382,-11.03931999,1,1
54.98828697,4,1572439331,AUT,FALSE,TRUE,TRUE,553.5833075,-391.9157589,144.910264,-179.9877006,0.366617691,179.9916273,-5.299063435,0.822619033,1.626605463,-0.231255617,0.026600545,0.091229021,-60.72908821,65.87644043,51.78018837,-65.19937706,-49.63752685,69.67770309,-11.32985688,1,1
55.08881092,4,1572439331,AUT,FALSE,TRUE,TRUE,553.5833075,-391.9157589,144.910264,-179.9877006,0.366617691,179.9916273,-5.299063435,0.822619033,1.626605463,-0.231255617,0.026600545,0.091229021,-60.72908821,65.87644043,51.78018837,-65.19937706,-49.63752685,69.67770309,-11.32985688,1,1
55.18934393,4,1572439331,AUT,FALSE,TRUE,TRUE,569.1279384,-391.8457859,147.602272,-179.9859866,0.295455173,-179.9822379,-4.787964927,-0.803948558,0.627419164,-0.306465916,-0.758605629,-0.003647813,-58.07189026,67.33746414,51.76925011,-60.70126876,-49.63566467,71.6830513,-11.96785355,1,1
55.28982091,4,1572439331,AUT,FALSE,TRUE,TRUE,569.1279384,-391.8457859,147.602272,-179.9859866,0.295455173,-179.9822379,-4.787964927,-0.803948558,0.627419164,-0.306465916,-0.758605629,-0.003647813,-58.07189026,67.33746414,51.76925011,-60.70126876,-49.63566467,71.6830513,-11.96785355,1,1
55.3903079,4,1572439331,AUT,FALSE,TRUE,TRUE,588.0014301,-393.0074561,148.7924174,179.988497,0.116158555,-179.980244,3.962527697,-0.716521473,2.538854457,-0.328876395,-0.784296152,-0.025127417,-55.32381134,69.05652923,51.58847694,-55.73532142,-49.63259948,73.7156044,-12.90442086,1,1
55.49120498,4,1572439331,AUT,FALSE,TRUE,TRUE,595.1766192,-394.8520007,146.5182382,-179.9596171,-0.031049254,179.98234,6.747339591,2.345991443,0.254615996,0.112513041,-1.08618142,-0.186595632,-54.1275547,70.04843673,51.33613472,-53.37555428,-49.62307434,74.49314461,-13.58341027,1,1
55.5920229,4,1572439332,AUT,FALSE,TRUE,TRUE,599.0648845,-395.2801202,144.7899591,-179.912788,-0.062373027,179.8604391,7.158684519,5.098973066,-0.893695439,0.373800004,-1.227116512,-0.397676198,-53.51938591,70.66666832,51.29606895,-52.11360283,-49.62351928,74.88021354,-13.96762962,1,1
55.69253492,4,1572439332,AUT,FALSE,TRUE,TRUE,601.0161938,-392.0438412,144.7229722,-179.8439139,-0.084361802,179.7864982,7.158684519,5.098973066,-0.893695439,0.373800004,-1.227116512,-0.397676198,-53.23429756,70.72799949,51.35250434,-52.05419426,-49.62312377,74.94639244,-13.76029701,1,1
55.79303598,4,1572439332,AUT,FALSE,TRUE,TRUE,601.0161938,-392.0438412,144.7229722,-179.8439139,-0.084361802,179.7864982,4.211890468,4.778672443,-0.954492363,0.130153387,-0.653541604,-0.747254858,-53.23429756,70.72799949,51.35250434,-52.05419426,-49.62312377,74.94639244,-13.76029701,1,1
55.89350104,4,1572439332,AUT,FALSE,TRUE,TRUE,602.1096776,-385.5071021,145.7873848,-179.8072156,-0.197853847,179.7577767,1.576565853,3.746330565,0.711673015,-0.128791721,0.254863536,-0.861869662,-53.01979637,70.41934204,51.4393547,-52.73485565,-49.61118164,74.91571312,-13.0587925,1,1
55.99396396,4,1572439332,AUT,FALSE,TRUE,TRUE,603.1766247,-375.6265558,146.5550897,-179.8127939,-0.211034092,179.7444932,1.283946899,3.479051652,1.483579051,-0.147448667,0.380953823,-0.848882169,-52.82965393,69.87484588,51.49330444,-54.07371139,-49.5466864,74.5063076,-11.86209984,1,1
56.09446406,4,1572439332,AUT,FALSE,TRUE,TRUE,604.0288749,-362.0231867,146.0250157,-179.8439641,-0.204561982,179.7195582,-0.017771285,4.165713669,1.382048517,-0.089643984,0.532813412,-0.711304471,-52.62320366,69.21321487,51.54490928,-55.99391899,-49.51412292,73.77839126,-10.21167526,1,1
56.19504189,4,1572439332,AUT,FALSE,TRUE,TRUE,604.0288749,-362.0231867,146.0250157,-179.8439641,-0.204561982,179.7195582,-0.017771285,4.165713669,1.382048517,-0.089643984,0.532813412,-0.711304471,-52.62320366,69.21321487,51.54490928,-55.99391899,-49.51412292,73.77839126,-10.21167526,1,1
56.29555988,4,1572439332,AUT,FALSE,TRUE,TRUE,604.8954692,-344.6711602,144.7082828,-179.8525868,-0.200236602,179.675185,-0.252138884,3.401010554,1.138118149,-0.200760405,0.471662457,-0.589325874,-52.28973083,68.4420845,51.61877861,-58.40966148,-49.51419433,72.81534347,-8.074336625,1,1
56.39604807,4,1572439332,AUT,FALSE,TRUE,TRUE,605.5986794,-325.6555531,143.6513826,-179.8553719,-0.17922111,179.6840774,-0.888332933,3.409954292,1.619004887,-0.190963832,0.571184288,-0.571681276,-51.83821678,67.59210663,51.66106911,-60.91959457,-49.51690246,71.78769264,-5.775004581,1,1
56.49652004,4,1572439332,AUT,FALSE,TRUE,TRUE,606.0250736,-304.2709552,143.4757145,-179.8581101,-0.183637534,179.6867721,-1.090138639,3.615237261,-0.669135897,0.034844226,0.578107469,-0.55906019,-51.25038642,66.64587822,51.75932808,-63.50569381,-49.51749023,70.82691764,-3.238148119,1,1
56.59716201,4,1572439333,AUT,FALSE,TRUE,TRUE,606.0250736,-304.2709552,143.4757145,-179.8581101,-0.183637534,179.6867721,-1.090138639,3.615237261,-0.669135897,0.034844226,0.578107469,-0.55906019,-50.55253486,65.60653724,51.93647575,-66.15217666,-49.51778686,69.92908058,-0.5765934,1,1
56.69772601,4,1572439333,AUT,FALSE,TRUE,TRUE,605.9118344,-281.6744163,144.153436,-179.8625629,-0.213409062,179.6915996,-1.103098296,3.644218521,0.979834326,-0.047612261,0.728947786,-0.511799172,-50.55253486,65.60653724,51.93647575,-66.15217666,-49.51778686,69.92908058,-0.5765934,1,1
56.79827499,4,1572439333,AUT,FALSE,TRUE,TRUE,604.9563907,-254.9213367,143.8594393,-179.8836749,-0.189681315,179.6952356,-1.600967655,3.52290154,2.133115504,-0.209319004,0.698194865,-0.46253001,-49.66218223,64.48743209,52.07706642,-69.19113235,-49.52196716,68.75092392,2.580849837,1,1
56.89879704,4,1572439333,AUT,FALSE,TRUE,TRUE,604.9563907,-254.9213367,143.8594393,-179.8836749,-0.189681315,179.6952356,-1.600967655,3.52290154,2.133115504,-0.209319004,0.698194865,-0.46253001,-48.49230651,63.37980423,52.18566284,-72.16912422,-49.5419458,67.51440582,5.924827194,1,1
56.99928904,4,1572439333,AUT,FALSE,TRUE,TRUE,603.6382039,-226.1779163,143.0375944,-179.8900908,-0.164752221,179.6902103,-2.90838618,3.574902704,1.517374441,-0.279589221,0.742396432,-0.423762204,-48.49230651,63.37980423,52.18566284,-72.16912422,-49.5419458,67.51440582,5.924827194,1,1
57.09996891,4,1572439333,AUT,FALSE,TRUE,TRUE,602.4949659,-195.6362561,142.8434493,-179.8685684,-0.173180045,179.6957247,-2.90838618,3.574902704,1.517374441,-0.279589221,0.742396432,-0.423762204,-47.00193558,62.34834251,52.32144699,-74.79662475,-49.55398681,66.46739158,9.368416213,1,1
57.200665,4,1572439333,AUT,FALSE,TRUE,TRUE,602.4949659,-195.6362561,142.8434493,-179.8685684,-0.173180045,179.6957247,-2.964393154,4.500400581,2.038855793,-0.257301163,0.868173519,-0.460144838,-47.00193558,62.34834251,52.32144699,-74.79662475,-49.55398681,66.46739158,9.368416213,1,1
57.30127406,4,1572439333,AUT,FALSE,TRUE,TRUE,601.2286671,-158.8637929,141.7930006,-179.8888949,-0.16892129,179.7212621,-2.889979759,4.832774784,2.007798422,0.032217788,1.168115897,-0.328879171,-44.76682891,61.28457756,52.38569298,-77.59732132,-49.58256774,65.28569526,13.53828392,1,1
57.40216899,4,1572439333,AUT,FALSE,TRUE,TRUE,601.2286671,-158.8637929,141.7930006,-179.8888949,-0.16892129,179.7212621,-2.889979759,4.832774784,2.007798422,0.032217788,1.168115897,-0.328879171,-44.76682891,61.28457756,52.38569298,-77.59732132,-49.58256774,65.28569526,13.53828392,1,1
57.50263786,4,1572439333,AUT,FALSE,TRUE,TRUE,601.0624832,-129.5348027,141.3884261,-179.9255928,-0.134701589,179.7597023,-3.374991526,3.327445307,1.981965584,-0.29332138,1.149612494,-0.307259159,-42.76781158,60.63506584,52.40653267,-79.22285156,-49.60785278,64.53962746,16.76888923,1,1
57.6031189,4,1572439334,AUT,FALSE,TRUE,TRUE,602.0197198,-104.3935237,141.7070625,-179.9585021,-0.137198127,179.8214124,-1.911430026,1.958501345,1.81328428,-0.635200475,0.97023951,-0.379898708,-40.73049659,60.20841522,52.42616729,-80.12905197,-49.60539184,64.20921707,19.42628974,1,1
57.70358086,4,1572439334,AUT,FALSE,TRUE,TRUE,602.0197198,-104.3935237,141.7070625,-179.9585021,-0.137198127,179.8214124,-1.911430026,1.958501345,1.81328428,-0.635200475,0.97023951,-0.379898708,-40.73049659,60.20841522,52.42616729,-80.12905197,-49.60539184,64.20921707,19.42628974,1,1
57.80402803,4,1572439334,AUT,FALSE,TRUE,TRUE,603.2454349,-84.34438871,141.4547438,-179.9111822,-0.191226994,179.8450968,-3.341623777,4.630276906,2.628930888,0.091665232,1.32876166,-0.234067761,-38.94621734,60.04620208,52.41610107,-80.53014221,-49.60126098,64.07111893,21.39879913,1,1
57.90449286,4,1572439334,AUT,FALSE,TRUE,TRUE,605.3486354,-70.49899026,140.609223,179.9796247,-0.125820231,179.9428593,-1.058676745,-1.214390824,1.46283043,-1.127206768,0.79078073,-0.110342377,-37.47788429,60.03672981,52.22971115,-80.53981361,-49.61713073,63.9096817,22.86799393,1,1
58.00502706,4,1572439334,AUT,FALSE,TRUE,TRUE,608.7738521,-63.71412961,140.8847034,-179.9969609,0.057038863,-179.9456196,-2.288117084,-0.450656967,0.261711677,-0.634102308,0.33760167,0.001775896,-36.50270004,60.08819046,52.02511482,-80.13305168,-49.61604858,63.8783535,23.41089706,1,1
58.10549498,4,1572439334,AUT,FALSE,TRUE,TRUE,614.2670659,-63.11764108,143.2178689,179.9644377,0.146800574,-179.8581524,-2.288117084,-0.450656967,0.261711677,-0.634102308,0.33760167,0.001775896,-35.94328994,60.32764434,52.00824394,-79.0171669,-49.56289672,64.42424011,23.18031807,1,1
58.20596099,4,1572439334,AUT,FALSE,TRUE,TRUE,614.2670659,-63.11764108,143.2178689,179.9644377,0.146800574,-179.8581524,-4.955244799,0.348593949,1.642319738,-0.257659196,0.358425043,0.154881528,-35.94328994,60.32764434,52.00824394,-79.0171669,-49.56289672,64.42424011,23.18031807,1,1
58.3064239,4,1572439334,AUT,FALSE,TRUE,TRUE,622.165109,-65.75341735,145.6980213,179.9617606,0.210249002,-179.8812877,-5.693541526,1.847664839,2.475913624,-0.098550333,0.243954947,0.081279653,-35.4948143,60.86082115,52.02957801,-77.20302543,-49.44275573,65.27133408,22.34483528,1,1
58.40688205,4,1572439334,AUT,FALSE,TRUE,TRUE,632.4772257,-70.05965746,147.6124341,179.9841568,0.246769728,-179.8922291,-7.188677847,2.614160459,2.812141741,0.066899012,0.475635331,0.054004349,-34.93165512,61.71880188,52.04609871,-74.757304,-49.41880554,66.36597061,21.18785133,1,1
58.50736403,4,1572439334,AUT,FALSE,TRUE,TRUE,643.9346725,-73.39921195,147.821872,179.9854032,0.233145142,-179.993409,-6.589321595,3.363316734,3.450593076,-0.155544914,0.482696969,-0.025142352,-34.1372303,62.86310348,52.01848526,-71.95014953,-49.42211242,67.49795723,19.99902763,1,1
58.60788703,4,1572439335,AUT,FALSE,TRUE,TRUE,643.9346725,-73.39921195,147.821872,179.9854032,0.233145142,-179.993409,-6.589321595,3.363316734,3.450593076,-0.155544914,0.482696969,-0.025142352,-34.1372303,62.86310348,52.01848526,-71.95014953,-49.42211242,67.49795723,19.99902763,1,1
58.70836997,4,1572439335,AUT,FALSE,TRUE,TRUE,659.9275534,-76.55508367,145.4995166,-179.9846151,0.215945195,179.956033,-6.302079072,4.858912915,2.62300739,0.129064325,0.682902224,0.042133423,-32.71628608,64.63190574,51.83570366,-67.91053161,-49.54961975,68.90713577,18.54654236,1,1
58.80885005,4,1572439335,AUT,FALSE,TRUE,TRUE,659.9275534,-76.55508367,145.4995166,-179.9846151,0.215945195,179.956033,-6.302079072,4.858912915,2.62300739,0.129064325,0.682902224,0.042133423,-32.71628608,64.63190574,51.83570366,-67.91053161,-49.54961975,68.90713577,18.54654236,1,1
58.90939999,4,1572439335,AUT,FALSE,TRUE,TRUE,679.9659909,-75.42990724,143.6257229,179.9694984,0.202811333,179.925917,-2.473292933,2.464098034,1.162515375,-0.432003751,0.235690677,0.119104769,-30.48963546,66.84400634,51.60996551,-62.69504012,-49.69194213,70.70115852,17.03214912,1,1
59.01019096,4,1572439335,AUT,FALSE,TRUE,TRUE,693.6537788,-73.00485065,143.027151,-179.9938772,0.153100304,179.9545857,-2.086354622,3.396072123,1.624100436,-0.388207223,0.057048657,0.022765995,-28.64366798,68.35917206,51.42790833,-58.75456695,-49.72792785,72.13574295,15.93048477,1,1
59.11111498,4,1572439335,AUT,FALSE,TRUE,TRUE,693.6537788,-73.00485065,143.027151,-179.9938772,0.153100304,179.9545857,-2.086354622,3.396072123,1.624100436,-0.388207223,0.057048657,0.022765995,-28.64366798,68.35917206,51.42790833,-58.75456695,-49.72792785,72.13574295,15.93048477,1,1
59.21197486,4,1572439335,AUT,FALSE,TRUE,TRUE,703.8752102,-69.62542478,142.6805384,179.9985272,0.029004779,179.9469669,1.043137688,3.215199592,2.376304695,-0.292501147,-0.20406615,0.004664998,-27.11248626,69.51525306,51.33030853,-55.68773689,-49.72808715,73.31747703,15.20901947,1,1
59.31248689,4,1572439335,AUT,FALSE,TRUE,TRUE,710.427244,-62.53862528,141.0627523,-179.8979406,-0.114221638,179.8533393,4.611481054,6.292976124,0.856730059,0.010384331,-0.502717915,-0.163209662,-25.7645153,70.41166878,51.30803375,-53.64564972,-49.74038085,74.06980362,14.96915359,1,1
59.41298389,4,1572439335,AUT,FALSE,TRUE,TRUE,713.7791409,-50.82685774,139.5296809,-179.8990627,-0.129226397,179.8137737,3.829380014,5.978899184,-0.359260444,-0.108949186,-0.517295118,-0.386613144,-24.52546692,70.85478515,51.30377655,-52.82850036,-49.80238769,74.26331062,15.62085571,1,1
59.51346302,4,1572439335,AUT,FALSE,TRUE,TRUE,713.7791409,-50.82685774,139.5296809,-179.8990627,-0.129226397,179.8137737,3.829380014,5.978899184,-0.359260444,-0.108949186,-0.517295118,-0.386613144,-24.52546692,70.85478515,51.30377655,-52.82850036,-49.80238769,74.26331062,15.62085571,1,1
59.61393404,4,1572439336,AUT,FALSE,TRUE,TRUE,714.9147734,-36.12641195,140.1059054,-179.8977895,-0.118817178,179.8298266,-0.191041514,5.239328286,0.072402983,-0.013935791,0.161481414,-0.344004636,-23.31995086,70.85245056,51.32860565,-52.76214638,-49.81569213,74.31506653,16.80616379,1,1
59.71440792,4,1572439336,AUT,FALSE,TRUE,TRUE,715.2060855,-20.29515599,142.6372634,-179.8930357,-0.127374908,179.8924939,-1.657518418,6.183624685,0.997967642,0.274054415,0.508906928,-0.433018535,-22.08683166,70.63765411,51.38872146,-52.83418579,-49.79441711,74.49789962,18.09816284,1,1
59.81496,4,1572439336,AUT,FALSE,TRUE,TRUE,715.2060855,-20.29515599,142.6372634,-179.8930357,-0.127374908,179.8924939,-1.657518418,6.183624685,0.997967642,0.274054415,0.508906928,-0.433018535,-22.08683166,70.63765411,51.38872146,-52.83418579,-49.79441711,74.49789962,18.09816284,1,1
59.91543388,4,1572439336,AUT,FALSE,TRUE,TRUE,714.4148032,1.940107623,145.0289,-179.8868414,-0.167146539,179.8923649,-2.037270499,4.221972361,1.59606578,0.103563722,0.708520741,-0.549291331,-20.80642662,70.34071083,51.43526573,-53.1074295,-49.6701892,74.60109214,19.93263588,1,1
60.01591587,4,1572439336,AUT,FALSE,TRUE,TRUE,713.3422585,20.91862841,145.5527118,-179.8589503,-0.194417653,179.8939149,-4.041896987,6.210911526,2.195526678,0.387012984,1.230484147,-0.531149685,-19.00682144,70.21887931,51.45040626,-53.31470718,-49.63155029,74.59522476,21.50148353,1,1
60.11637497,4,1572439336,AUT,FALSE,TRUE,TRUE,712.3480109,41.41637045,145.4277406,-179.869259,-0.184263499,179.878878,-3.500595782,5.277814527,1.808323225,0.090931156,1.099945402,-0.542770554,-17.4027111,70.20986023,51.46115913,-53.37254676,-49.63139648,74.54898948,23.15589065,1,1
60.21684194,4,1572439336,AUT,FALSE,TRUE,TRUE,712.3480109,41.41637045,145.4277406,-179.869259,-0.184263499,179.878878,-3.500595782,5.277814527,1.808323225,0.090931156,1.099945402,-0.542770554,-15.69908867,70.22229194,51.44995308,-53.35619774,-49.63681823,74.52642288,24.90627365,1,1
60.31732392,4,1572439336,AUT,FALSE,TRUE,TRUE,710.9575495,62.30514115,145.3025862,-179.9202665,-0.170714029,179.8916327,-2.486818388,4.752537767,1.543242534,0.303382394,0.885342545,-0.299829861,-15.69908867,70.22229194,51.44995308,-53.35619774,-49.63681823,74.52642288,24.90627365,1,1
60.41786194,4,1572439336,AUT,FALSE,TRUE,TRUE,709.976144,78.54802288,145.8471448,-179.9730061,-0.126604573,-179.99443,-0.570574427,3.158862484,0.176826168,-0.103402048,0.308198331,-0.113229401,-14.26319274,70.21489677,51.37626228,-53.20003395,-49.6673767,74.60025787,26.22022819,1,1
60.51833701,4,1572439336,AUT,FALSE,TRUE,TRUE,708.8048389,87.79171776,147.077213,-179.9706534,-0.224582116,-179.8782609,3.183817945,0.447873085,1.019134388,-0.103402048,0.308198331,-0.113229401,-13.38196907,70.15107651,51.35568008,-53.06782722,-49.64583251,74.85049553,26.97595711,1,1
60.61882091,4,1572439337,AUT,FALSE,TRUE,TRUE,708.8048389,87.79171776,147.077213,-179.9706534,-0.224582116,-179.8782609,3.183817945,0.447873085,1.019134388,-0.307108353,-0.05801823,-0.134133569,-13.38196907,70.15107651,51.35568008,-53.06782722,-49.64583251,74.85049553,26.97595711,1,1
60.71927595,4,1572439337,AUT,FALSE,TRUE,TRUE,704.1689143,92.74138603,146.2544089,-179.9503847,-0.555390723,-179.7941817,6.204260889,0.904976789,2.054452831,0.018623285,0.576932758,-0.244117468,-13.19876518,69.91245689,51.35829963,-53.87535667,-49.57365783,74.84326171,27.69867897,1,1
60.81995606,4,1572439337,AUT,FALSE,TRUE,TRUE,697.2746434,95.33688463,143.6017125,-179.9450277,-0.657584522,-179.8060877,7.676888069,2.377069078,1.107418967,0.397005494,0.586592861,-0.198836857,-13.61374283,69.43553009,51.35043411,-55.76589775,-49.57674499,74.05430946,28.65298919,1,1
60.92051506,4,1572439337,AUT,FALSE,TRUE,TRUE,687.3610918,97.52967473,141.4465376,-179.9538141,-0.651579409,-179.7896799,6.478822987,2.999047563,0.898875465,0.239887498,0.631092388,-0.145839503,-14.36599044,68.54602203,51.33801956,-58.60692444,-49.5968225,72.84960365,29.99036522,1,1
61.02135706,4,1572439337,AUT,FALSE,TRUE,TRUE,687.3610918,97.52967473,141.4465376,-179.9538141,-0.651579409,-179.7896799,6.478822987,2.999047563,0.898875465,0.239887498,0.631092388,-0.145839503,-15.40475464,67.24114494,51.35856743,-62.30252609,-49.59540527,71.38482399,31.63210029,1,1
61.12199998,4,1572439337,AUT,FALSE,TRUE,TRUE,674.02734,99.14886471,140.3536987,-179.9597751,-0.62082951,-179.7442301,4.021302873,2.588655097,-0.86732555,0.417526135,0.648977169,-0.053820107,-15.40475464,67.24114494,51.35856743,-62.30252609,-49.59540527,71.38482399,31.63210029,1,1
61.22251201,4,1572439337,AUT,FALSE,TRUE,TRUE,658.8510171,99.27891773,140.0481212,-179.9594747,-0.57486527,-179.7035349,1.981063744,2.845171418,1.080103861,0.6056355,0.773497783,-0.047824076,-16.68043556,65.69071998,51.41269226,-66.36460762,-49.5667694,69.80150871,33.2576271,1,1
61.32305193,4,1572439337,AUT,FALSE,TRUE,TRUE,643.1090742,97.60943788,139.7417962,-179.968457,-0.498883913,-179.7006132,-0.121406881,3.2147778,1.842883936,0.454988903,0.997676635,-0.180833248,-18.07399978,64.10077858,51.45148086,-70.40352516,-49.49803344,68.11735611,34.74659386,1,1
61.42351103,4,1572439337,AUT,FALSE,TRUE,TRUE,627.8778865,95.10590211,139.0221159,-179.9225556,-0.402856754,-179.7294115,-2.428707248,4.675254256,2.298204138,0.454988903,0.997676635,-0.180833248,-19.51423187,62.56291237,51.51406173,-74.31439361,-49.47852172,66.45182876,35.98563881,1,1
61.52400684,4,1572439337,AUT,FALSE,TRUE,TRUE,627.8778865,95.10590211,139.0221159,-179.9225556,-0.402856754,-179.7294115,-2.428707248,4.675254256,2.298204138,0.503249711,1.094182704,-0.365726349,-19.51423187,62.56291237,51.51406173,-74.31439361,-49.47852172,66.45182876,35.98563881,1,1
61.62448001,4,1572439338,AUT,FALSE,TRUE,TRUE,615.9998963,92.61148007,138.5567646,-179.9004159,-0.211812067,-179.7823895,-8.079977137,5.470696147,1.964746386,0.515737037,1.681051026,-0.510170653,-20.67231788,61.32071228,51.53479156,-77.35011863,-49.47948852,64.99878044,36.91760559,1,1
61.72493696,4,1572439338,AUT,FALSE,TRUE,TRUE,610.5781443,91.66262422,140.0583755,-179.82721,-0.085165875,-179.8736436,-10.30328023,10.48894906,3.259358313,1.396680854,1.784236402,-0.85146608,-21.28747672,60.60028381,51.64858246,-78.77461281,-49.41308166,64.38592873,37.2374897,1,1
61.82543397,4,1572439338,AUT,FALSE,TRUE,TRUE,610.5781443,91.66262422,140.0583755,-179.82721,-0.085165875,-179.8736436,-10.30328023,10.48894906,3.259358313,1.396680854,1.784236402,-0.85146608,-21.28747672,60.60028381,51.64858246,-78.77461281,-49.41308166,64.38592873,37.2374897,1,1
61.92597294,4,1572439338,AUT,FALSE,TRUE,TRUE,608.1812366,100.3054554,142.0295058,-179.7734603,-0.134520907,179.8825203,-5.485537104,12.13156931,3.64742233,1.206991624,1.195778178,-0.974235993,-20.87784118,60.48441925,52.0636322,-78.99675636,-49.33964904,64.50311164,37.95796623,1,1
62.02649593,4,1572439338,AUT,FALSE,TRUE,TRUE,607.0096529,114.0060113,141.8839718,-179.8350714,-0.086072571,179.8204502,-4.68902531,9.200514105,3.735244434,0.38376639,1.047135045,-0.744956919,-19.64730377,60.64813614,52.19765167,-78.78852081,-49.46176757,64.56334419,39.25083389,1,1
62.12698102,4,1572439338,AUT,FALSE,TRUE,TRUE,606.0826792,130.9843343,140.8634993,-179.8587201,-0.077928294,179.7960644,-3.185313448,8.873868558,3.082160165,0.217192689,0.857503297,-0.622157971,-17.91467056,60.96863823,52.17509536,-78.27008629,-49.5553656,64.68985863,40.69116898,1,1
62.22746897,4,1572439338,AUT,FALSE,TRUE,TRUE,606.0826792,130.9843343,140.8634993,-179.8587201,-0.077928294,179.7960644,-3.185313448,8.873868558,3.082160165,0.217192689,0.857503297,-0.622157971,-17.91467056,60.96863823,52.17509536,-78.27008629,-49.5553656,64.68985863,40.69116898,1,1
62.32793999,4,1572439338,AUT,FALSE,TRUE,TRUE,605.0436855,156.1506365,139.960273,-179.8582285,-0.079185841,179.7688889,-3.16946559,10.66489434,2.546290545,0.680720078,0.86773116,-0.564815847,-15.84587288,61.39839592,52.15466766,-77.45308113,-49.66248229,65.05268211,42.6536705,1,1
62.42841005,4,1572439338,AUT,FALSE,TRUE,TRUE,604.0103557,179.0778814,139.7983609,-179.8854725,-0.098653625,179.7745017,-2.471865858,7.580004536,2.126895693,0.010636403,0.786186453,-0.495656556,-12.82301216,62.03405113,52.1414051,-76.02760162,-49.71316772,65.53086548,44.31620407,1,1
62.52889705,4,1572439338,AUT,FALSE,TRUE,TRUE,604.0103557,179.0778814,139.7983609,-179.8854725,-0.098653625,179.7745017,-2.471865858,7.580004536,2.126895693,0.010636403,0.786186453,-0.495656556,-10.34601745,62.55353622,52.11106224,-74.61611938,-49.73540405,66.15268478,45.80634155,1,1
62.62936807,4,1572439339,AUT,FALSE,TRUE,TRUE,603.3884134,201.2519833,140.4638306,-179.9008269,-0.082717051,179.8214757,-2.373891471,5.001203907,1.283946333,-0.422224521,0.78160011,-0.418356593,-10.34601745,62.55353622,52.11106224,-74.61611938,-49.73540405,66.15268478,45.80634155,1,1
62.72989297,4,1572439339,AUT,FALSE,TRUE,TRUE,603.1813619,221.9178274,141.4227507,-179.9209612,-0.085113971,179.8980256,-0.906131995,5.1164718,1.358978977,-0.310281503,0.657856568,-0.373458004,-7.959471125,63.10310669,52.05896988,-73.00770034,-49.73073486,66.89015579,47.0520401,1,1
62.83049893,4,1572439339,AUT,FALSE,TRUE,TRUE,602.8637063,239.5198491,141.6777525,-179.9390889,-0.129696284,179.9390932,-0.253758479,3.478069294,2.662616312,-0.583142232,0.577576076,-0.291604397,-5.911774063,63.66466255,52.00046081,-71.51221733,-49.71217895,67.53905639,48.02356796,1,1
62.93114495,4,1572439339,AUT,FALSE,TRUE,TRUE,601.4389815,254.7666788,140.8812906,-179.9329459,-0.20033076,179.9567015,1.595490833,6.47277208,1.720372074,0.213429912,0.376896437,-0.138238817,-4.137876888,64.20506973,51.92348099,-70.30839043,-49.71379943,67.99996719,48.91335068,1,1
63.03183103,4,1572439339,AUT,FALSE,TRUE,TRUE,601.4389815,254.7666788,140.8812906,-179.9329459,-0.20033076,179.9567015,1.595490833,6.47277208,1.720372074,0.213429912,0.376896437,-0.138238817,-4.137876888,64.20506973,51.92348099,-70.30839043,-49.71379943,67.99996719,48.91335068,1,1
63.13229108,4,1572439339,AUT,FALSE,TRUE,TRUE,598.6584627,266.1312479,139.676869,179.951495,-0.282270907,-179.8959665,4.893068631,-1.283924058,-0.196060777,-1.168704169,0.096574883,0.133746424,-2.776375575,64.51808395,51.7747879,-69.67535133,-49.7228247,68.26078606,49.85224914,1,1
63.23275185,4,1572439339,AUT,FALSE,TRUE,TRUE,593.9415199,270.9901197,138.7338314,179.9528436,-0.441073615,-179.7242618,5.854492157,-1.218115855,-0.956070924,-0.663168851,0.474060629,0.296643211,-2.242223738,64.45637169,51.71151008,-70.0074028,-49.71984191,68.28633613,50.57110519,1,1
63.33324599,4,1572439339,AUT,FALSE,TRUE,TRUE,586.5528486,272.5712422,138.4840306,179.9975612,-0.540059626,-179.7190889,7.225540129,2.377530934,-1.034053585,0.16851756,0.277020198,0.155630717,-2.370193863,63.94938354,51.77401886,-71.38161049,-49.67013977,67.80847206,51.37474823,1,1
63.43370986,4,1572439339,AUT,FALSE,TRUE,TRUE,586.5528486,272.5712422,138.4840306,179.9975612,-0.540059626,-179.7190889,7.225540129,2.377530934,-1.034053585,0.16851756,0.277020198,0.155630717,-2.370193863,63.94938354,51.77401886,-71.38161049,-49.67013977,67.80847206,51.37474823,1,1
63.5342319,4,1572439340,AUT,FALSE,TRUE,TRUE,573.3824325,274.4402012,138.5870159,179.9522402,-0.556220499,-179.6683302,6.069381284,1.454439147,-1.409964288,0.117291704,0.356494766,0.364767569,-2.696837994,62.92934074,51.89495429,-73.99525451,-49.65611572,66.83965301,52.98806991,1,1
63.63470507,4,1572439340,AUT,FALSE,TRUE,TRUE,556.150205,274.3208415,139.5114372,179.9505737,-0.493428188,-179.5934514,4.093822582,2.865868416,0.256277618,0.625802262,0.38932778,0.382147512,-3.272521588,61.38407592,51.96269531,-77.49783668,-49.58207336,65.49202538,54.89498405,1,1
63.73517203,4,1572439340,AUT,FALSE,TRUE,TRUE,556.150205,274.3208415,139.5114372,179.9505737,-0.493428188,-179.5934514,4.093822582,2.865868416,0.256277618,0.625802262,0.38932778,0.382147512,-3.272521588,61.38407592,51.96269531,-77.49783668,-49.58207336,65.49202538,54.89498405,1,1
63.835639,4,1572439340,AUT,FALSE,TRUE,TRUE,532.0386726,272.7450838,139.6581677,-179.9989868,-0.484130525,-179.6252148,1.489226834,6.100977586,1.523116707,1.038374613,0.637996719,0.156224336,-4.2066925,59.28869476,52.13355674,-82.39501991,-49.42232116,63.46275444,57.22860718,1,1
63.936131,4,1572439340,AUT,FALSE,TRUE,TRUE,508.0148685,269.1203253,138.5065246,-179.9937455,-0.391164623,-179.6072329,-1.239193178,4.42107575,2.332811294,0.620772496,1.186371322,0.071381649,-5.150723644,57.19042968,52.23475456,-87.38160095,-49.43566406,61.22460594,59.6811985,1,1
64.03661489,4,1572439340,AUT,FALSE,TRUE,TRUE,508.0148685,269.1203253,138.5065246,-179.9937455,-0.391164623,-179.6072329,-1.239193178,4.42107575,2.332811294,0.620772496,1.186371322,0.071381649,-5.150723644,57.19042968,52.23475456,-87.38160095,-49.43566406,61.22460594,59.6811985,1,1
64.13713408,4,1572439340,AUT,FALSE,TRUE,TRUE,488.0093516,265.7856117,137.1899472,-179.9026889,-0.327475838,-179.7517383,-2.761046927,9.381496997,2.112489129,1.059623819,1.316254475,-0.528664138,-5.971821213,55.46303558,52.31714516,-91.4386322,-49.43573547,59.19284248,61.520018,1,1
70.78014898,5,1572439347,AUT,FALSE,TRUE,TRUE,471.9679684,-399.9726584,169.9700699,-179.9918028,-0.010116375,179.9987907,-2.507670865,-0.140235942,1.571745444,-0.122076059,0.574088316,0.016253824,-70.39450607,58.05155868,52.4563694,-78.18213729,-47.16320251,66.57373238,-12.63750801,1,1
70.88108087,5,1572439347,AUT,FALSE,TRUE,TRUE,472.088348,-400.5113475,169.9719939,179.9450133,-0.00472229,179.9886257,-0.465628333,-0.108401859,1.094706197,0.001144897,0.17366055,0.203384488,-70.39568023,58.07321891,52.45419273,-78.12281799,-47.16366394,66.60959244,-12.63945809,1,1
70.98174691,5,1572439347,AUT,FALSE,TRUE,TRUE,472.088348,-400.5113475,169.9719939,179.9450133,-0.00472229,179.9886257,-0.465628333,-0.108401859,1.094706197,0.001144897,0.17366055,0.203384488,-70.39568023,58.07321891,52.45419273,-78.12281799,-47.16366394,66.60959244,-12.63945809,1,1
71.08210087,5,1572439347,AUT,FALSE,TRUE,TRUE,472.0840596,-399.346352,166.8453581,-179.9032961,-0.101464126,179.7818261,-0.583149453,0.460041364,4.482139507,-0.526843334,0.610285821,-0.206728286,-70.3588932,58.37724838,52.45265464,-78.11698151,-47.22039184,66.54714889,-12.67772484,1,1
71.18262005,5,1572439347,AUT,FALSE,TRUE,TRUE,472.0840596,-399.346352,166.8453581,-179.9032961,-0.101464126,179.7818261,-0.583149453,0.460041364,4.482139507,-0.526843334,0.610285821,-0.206728286,-70.3588932,58.37724838,52.45265464,-78.11698151,-47.22039184,66.54714889,-12.67772484,1,1
71.28308892,5,1572439347,AUT,FALSE,TRUE,TRUE,470.7029748,-401.0821154,153.7229442,-179.9280259,-0.055879137,179.9129112,-1.930119505,-1.445092442,3.08709007,-0.994632909,0.755835309,-0.44769294,-70.31002464,59.07966614,52.03198814,-78.40135231,-47.8979187,65.69080581,-12.41022835,1,1
71.38355494,5,1572439347,AUT,FALSE,TRUE,TRUE,470.7029748,-401.0821154,153.7229442,-179.9280259,-0.055879137,179.9129112,-1.930119505,-1.445092442,3.08709007,-0.994632909,0.755835309,-0.44769294,-70.31002464,59.07966614,52.03198814,-78.40135231,-47.8979187,65.69080581,-12.41022835,1,1
71.48401999,5,1572439347,AUT,FALSE,TRUE,TRUE,469.569498,-403.9126679,142.0672357,-179.9106829,-0.004770552,179.9055409,-0.811338866,0.32884361,1.087448982,-0.627253143,0.288594184,-0.477314375,-70.32341766,60.35244255,51.39067497,-78.36461678,-48.76286682,64.45005455,-12.41441346,1,1
71.58449101,5,1572439348,AUT,FALSE,TRUE,TRUE,469.9944364,-404.7368389,136.6739259,-179.8857161,-0.002002928,179.8389751,1.020845562,1.112718271,0.41973879,-0.548427817,-0.140349664,-0.470521435,-70.29562225,61.03895416,51.35875625,-78.17682609,-49.22232055,64.21418838,-12.34415932,1,1
71.68498087,5,1572439348,AUT,FALSE,TRUE,TRUE,469.9944364,-404.7368389,136.6739259,-179.8857161,-0.002002928,179.8389751,1.020845562,1.112718271,0.41973879,-0.548427817,-0.140349664,-0.470521435,-70.29562225,61.03895416,51.35875625,-78.17682609,-49.22232055,64.21418838,-12.34415932,1,1
71.78549004,5,1572439348,AUT,FALSE,TRUE,TRUE,473.60751,-403.8127637,137.2445536,-179.8930644,0.278430565,179.8606078,-4.556459541,0.803054727,-0.293688405,-0.378884859,-0.076972361,-0.404746564,-70.08830338,61.21811371,51.51735763,-77.90611267,-49.32468566,64.15523986,-12.17202073,1,1
71.88596106,5,1572439348,AUT,FALSE,TRUE,TRUE,473.60751,-403.8127637,137.2445536,-179.8930644,0.278430565,179.8606078,-4.556459541,0.803054727,-0.293688405,-0.378884859,-0.076972361,-0.404746564,-70.08830338,61.21811371,51.51735763,-77.90611267,-49.32468566,64.15523986,-12.17202073,1,1
71.98646188,5,1572439348,AUT,FALSE,TRUE,TRUE,484.6948531,-399.9551451,142.9657391,-179.9810513,0.396756913,-179.9857231,-8.446910149,-2.509714957,2.463803733,-0.474133336,0.313199276,-0.094432709,-68.91997604,61.32141266,51.87559432,-76.65908889,-49.31142517,65.01609764,-11.57417221,1,1
72.08692288,5,1572439348,AUT,FALSE,TRUE,TRUE,503.6962209,-396.8983242,148.2183266,-179.9932669,0.435590849,-179.9015304,-8.446910149,-2.509714957,2.463803733,-0.474133336,0.313199276,-0.094432709,-66.62994117,62.06825294,51.96659546,-73.76296234,-49.16082458,66.51136436,-11.33468399,1,1
72.18739295,5,1572439348,AUT,FALSE,TRUE,TRUE,503.6962209,-396.8983242,148.2183266,-179.9932669,0.435590849,-179.9015304,-7.409897863,-4.235589102,2.291409397,-0.323800843,0.36608333,0.004473041,-66.62994117,62.06825294,51.96659546,-73.76296234,-49.16082458,66.51136436,-11.33468399,1,1
72.28786802,5,1572439348,AUT,FALSE,TRUE,TRUE,503.6962209,-396.8983242,148.2183266,-179.9932669,0.435590849,-179.9015304,-7.409897863,-4.235589102,2.291409397,-0.323800843,0.36608333,0.004473041,-62.89081306,64.06620597,51.94644241,-68.08382034,-49.12836547,69.00152549,-11.50718651,1,1
72.38837099,5,1572439348,AUT,FALSE,TRUE,TRUE,534.0344137,-394.6977814,151.7929343,-179.9972245,0.469622733,-179.9393991,-6.883719183,-1.690519692,1.408020464,0.257101696,0.559895872,0.022750475,-62.89081306,64.06620597,51.94644241,-68.08382034,-49.12836547,69.00152549,-11.50718651,1,1
72.48888588,5,1572439348,AUT,FALSE,TRUE,TRUE,559.8594418,-392.6553512,153.3075625,-179.9858753,0.385856225,-179.9555052,-1.778981195,-0.806770558,0.593532744,-0.170271947,-0.164045347,0.011753335,-59.50133171,65.96046524,51.82517738,-62.76678772,-49.191427,71.18439559,-11.90504609,1,1
72.58937192,5,1572439349,AUT,FALSE,TRUE,TRUE,559.8594418,-392.6553512,153.3075625,-179.9858753,0.385856225,-179.9555052,-1.778981195,-0.806770558,0.593532744,-0.170271947,-0.164045347,0.011753335,-59.50133171,65.96046524,51.82517738,-62.76678772,-49.191427,71.18439559,-11.90504609,1,1
72.69014287,5,1572439349,AUT,FALSE,TRUE,TRUE,584.9314,-392.9863755,154.6325685,-179.9409291,0.08472248,-179.978891,4.803567607,1.800290079,1.969862078,0.04204681,-0.894034685,-0.13117089,-56.28249206,67.89759521,51.59355468,-57.51675109,-49.19339904,73.41125564,-12.97978363,1,1
72.79077601,5,1572439349,AUT,FALSE,TRUE,TRUE,593.0404331,-395.5893824,155.0891284,-179.9426018,-0.048792914,-179.9983081,9.310469198,3.288359858,0.084115935,0.04204681,-0.894034685,-0.13117089,-54.40530968,69.21217117,51.37417831,-53.71758957,-49.18517028,74.94227256,-13.74686623,1,1
72.89134598,5,1572439349,AUT,FALSE,TRUE,TRUE,593.0404331,-395.5893824,155.0891284,-179.9426018,-0.048792914,-179.9983081,9.310469198,3.288359858,0.084115935,0.277002009,-1.344663951,-0.383892306,-54.40530968,69.21217117,51.37417831,-53.71758957,-49.18517028,74.94227256,-13.74686623,1,1
72.99195004,5,1572439349,AUT,FALSE,TRUE,TRUE,597.4206853,-397.2101882,155.4567437,-179.8690597,-0.103288722,179.9004026,7.673547606,6.492886019,-0.310693043,0.818030963,-1.256391946,-0.571274245,-53.70746498,69.83483162,51.39379921,-52.02169876,-49.17971557,75.67204628,-14.3427372,1,1
73.09243107,5,1572439349,AUT,FALSE,TRUE,TRUE,598.8157315,-392.3310006,155.2399426,-179.7615266,-0.160929395,179.7421273,0.938331959,4.304852856,1.229916927,0.060630664,0.233479219,-1.041231445,-53.51892586,69.78664627,51.52792854,-52.32531624,-49.16117614,75.67604256,-13.98214874,1,1
73.19286203,5,1572439349,AUT,FALSE,TRUE,TRUE,598.8157315,-392.3310006,155.2399426,-179.7615266,-0.160929395,179.7421273,0.938331959,4.304852856,1.229916927,0.060630664,0.233479219,-1.041231445,-53.51892586,69.78664627,51.52792854,-52.32531624,-49.16117614,75.67604256,-13.98214874,1,1
73.29332685,5,1572439349,AUT,FALSE,TRUE,TRUE,600.5123409,-382.3586001,153.9183637,-179.7620049,-0.229533227,179.7100932,1.726889495,5.260239069,1.536272898,0.051978496,0.463473115,-1.102671001,-53.22713928,69.46797066,51.54384842,-53.48789291,-49.16242309,75.2514862,-12.8175808,1,1
73.39378905,5,1572439349,AUT,FALSE,TRUE,TRUE,601.8158089,-368.0377042,151.2625964,-179.7827491,-0.255264561,179.6567214,2.91747354,4.401652363,-0.362092805,-0.13318463,0.18454515,-0.936162394,-52.94806594,68.94196929,51.54592552,-55.49101639,-49.16476318,74.36482429,-11.04951668,1,1
73.49425602,5,1572439349,AUT,FALSE,TRUE,TRUE,601.8158089,-368.0377042,151.2625964,-179.7827491,-0.255264561,179.6567214,2.91747354,4.401652363,-0.362092805,-0.13318463,0.18454515,-0.936162394,-52.94806594,68.94196929,51.54592552,-55.49101639,-49.16476318,74.36482429,-11.04951668,1,1
73.59476185,5,1572439350,AUT,FALSE,TRUE,TRUE,601.9990985,-343.2545694,149.4117919,-179.823487,-0.252668563,179.6315819,2.514839134,4.402834665,-1.602883031,-0.080872703,-0.008582994,-0.783546595,-52.62666778,67.78117447,51.64797134,-59.09705886,-49.16705932,72.89815979,-7.9487114,1,1
73.69523501,5,1572439350,AUT,FALSE,TRUE,TRUE,600.0725837,-313.28192,150.375216,-179.8092739,-0.244510235,179.6224771,1.864676601,4.677207356,-0.177916699,-0.128632056,0.213134157,-0.735620005,-52.2896141,66.04492607,51.97514763,-63.64217148,-49.16590576,71.35173798,-4.269108588,1,1
73.79569793,5,1572439350,AUT,FALSE,TRUE,TRUE,600.0725837,-313.28192,150.375216,-179.8092739,-0.244510235,179.6224771,1.864676601,4.677207356,-0.177916699,-0.128632056,0.213134157,-0.735620005,-52.2896141,66.04492607,51.97514763,-63.64217148,-49.16590576,71.35173798,-4.269108588,1,1
73.89616299,5,1572439350,AUT,FALSE,TRUE,TRUE,597.475068,-286.0079811,151.399708,-179.8429694,-0.212783172,179.5999867,-1.875393127,5.282725028,1.159271769,0.184557488,0.637587686,-0.577316502,-51.87505531,64.54832382,52.32675133,-67.47749519,-49.16581787,70.0203083,-0.923871231,1,1
73.99666786,5,1572439350,AUT,FALSE,TRUE,TRUE,594.8914111,-256.2938779,151.3469714,-179.8786733,-0.134544684,179.6150789,-4.746380902,3.238819168,1.230798769,-0.314635743,0.946969229,-0.363367151,-51.12953682,63.11873817,52.57614784,-71.22605781,-49.17484313,68.53916244,2.677577588,1,1
74.09717393,5,1572439350,AUT,FALSE,TRUE,TRUE,593.237818,-226.6894383,150.3452199,-179.9071527,-0.107223239,179.6407499,-4.372325891,3.181243126,3.0912989,-0.275213799,0.928527207,-0.27810591,-49.91303444,61.91676521,52.6833744,-74.38987312,-49.18337402,67.19687347,6.160415262,1,1
74.19774103,5,1572439350,AUT,FALSE,TRUE,TRUE,593.237818,-226.6894383,150.3452199,-179.9071527,-0.107223239,179.6407499,-4.372325891,3.181243126,3.0912989,-0.275213799,0.928527207,-0.27810591,-48.37962112,61.01516533,52.71072349,-76.79707031,-49.19358032,66.10848198,9.423279188,1,1
74.29819798,5,1572439350,AUT,FALSE,TRUE,TRUE,592.7876132,-198.3425772,149.1360723,-179.936789,-0.086499877,179.6718209,-4.167590467,2.780352958,1.708950756,-0.314561423,1.061675829,-0.176252671,-48.37962112,61.01516533,52.71072349,-76.79707031,-49.19358032,66.10848198,9.423279188,1,1
74.3986609,5,1572439350,AUT,FALSE,TRUE,TRUE,593.7817107,-170.494016,148.5300225,-179.9007618,-0.075261939,179.7158985,-4.147183921,2.841639571,1.896059708,-0.358718217,0.956039266,-0.266903235,-46.53402443,60.33275299,52.72532501,-78.53825912,-49.20437988,65.34563255,12.43845978,1,1
74.49911404,5,1572439350,AUT,FALSE,TRUE,TRUE,595.7445456,-144.2029854,148.0269843,-179.8931638,-0.098430659,179.7226064,-5.427344472,6.00196929,2.985439978,0.369416922,1.472592594,-0.251315182,-44.51100196,59.89911232,52.74728393,-79.63876648,-49.20401184,64.86409836,15.25366173,1,1
74.59970689,5,1572439351,AUT,FALSE,TRUE,TRUE,597.8486841,-117.9167596,147.1029424,-179.9357424,-0.140168633,179.7061685,-4.142846454,5.981538492,3.415657576,0.300733238,1.53812494,-0.242274918,-42.35556679,59.65094146,52.74934387,-80.4102642,-49.21132324,64.51171874,17.95316391,1,1
74.70023584,5,1572439351,AUT,FALSE,TRUE,TRUE,597.8486841,-117.9167596,147.1029424,-179.9357424,-0.140168633,179.7061685,-4.142846454,5.981538492,3.415657576,0.300733238,1.53812494,-0.242274918,-42.35556679,59.65094146,52.74934387,-80.4102642,-49.21132324,64.51171874,17.95316391,1,1
74.80120087,5,1572439351,AUT,FALSE,TRUE,TRUE,599.4978399,-94.47201426,145.5861729,-179.9724059,-0.185556497,179.7578914,-1.119165024,0.838434088,2.489401331,-0.766473682,1.29011037,-0.161119099,-40.25915909,59.53425979,52.68028793,-80.96120452,-49.29726928,64.21165123,20.44136123,1,1
74.90188289,5,1572439351,AUT,FALSE,TRUE,TRUE,601.4655135,-77.38683837,144.1081172,179.9415907,-0.175085844,179.9456278,1.539551893,-3.437677862,-1.065738317,-1.444712061,0.450690517,0.198208855,-38.47460174,59.49095649,52.41959953,-81.12764396,-49.37086669,63.98257599,22.28625755,1,1
75.00237799,5,1572439351,AUT,FALSE,TRUE,TRUE,603.9410143,-69.23043123,143.7470614,179.969675,-0.079803521,-179.8809183,0.314811901,-2.637578638,0.274846915,-0.992430719,0.160440598,0.142427777,-37.35644416,59.46574287,52.10568924,-80.9154911,-49.35034973,63.878302,23.05553054,1,1
75.10286093,5,1572439351,AUT,FALSE,TRUE,TRUE,608.4674907,-67.37172842,145.7630873,179.9487877,0.209864718,-179.8693175,0.314811901,-2.637578638,0.274846915,-0.992430719,0.160440598,0.142427777,-36.85442734,59.53492241,52.03574066,-80.21620102,-49.26121765,63.99574928,23.00985145,1,1
75.20335007,5,1572439351,AUT,FALSE,TRUE,TRUE,608.4674907,-67.37172842,145.7630873,179.9487877,0.209864718,-179.8693175,-6.947635635,1.410032547,0.105148274,-0.087001726,0.406016459,0.056718955,-36.85442734,59.53492241,52.03574066,-80.21620102,-49.26121765,63.99574928,23.00985145,1,1
75.30383086,5,1572439351,AUT,FALSE,TRUE,TRUE,616.9319066,-69.20933337,149.7700823,179.9641394,0.301892632,-179.8475516,-9.060880886,1.641306787,2.235537408,0.182717711,0.490357524,0.103930947,-36.33050308,59.95706176,52.1154808,-78.37070389,-49.12158142,64.97154808,22.22268791,1,1
75.40434194,5,1572439351,AUT,FALSE,TRUE,TRUE,628.5961955,-72.62731899,152.5716601,179.9930022,0.327293141,-179.8959931,-8.725176019,3.075129213,4.068953957,0.357770315,0.558637486,-0.032554388,-35.5650444,60.88196296,52.12509041,-75.62129288,-49.00380798,66.25686607,21.01393089,1,1
75.50482702,5,1572439351,AUT,FALSE,TRUE,TRUE,642.5178048,-75.13228896,153.31482,-179.9920452,0.320028862,-179.9902304,-7.155573803,4.304870365,2.118252161,0.334667078,0.522373368,-0.136841141,-34.46590347,62.21705589,52.07145653,-72.25004539,-49.01028442,67.62924385,19.74441261,1,1
75.60531592,5,1572439352,AUT,FALSE,TRUE,TRUE,642.5178048,-75.13228896,153.31482,-179.9920452,0.320028862,-179.9902304,-7.155573803,4.304870365,2.118252161,0.334667078,0.522373368,-0.136841141,-34.46590347,62.21705589,52.07145653,-72.25004539,-49.01028442,67.62924385,19.74441261,1,1
75.70578194,5,1572439352,AUT,FALSE,TRUE,TRUE,657.7715443,-75.7048894,152.588866,-179.9806113,0.283100426,179.955532,-5.050117227,3.476807878,1.981146654,-0.172147344,0.374989841,-0.070085677,-32.96506119,63.82860603,51.95976677,-68.43977394,-49.1249707,69.09298667,18.55831489,1,1
75.80624604,5,1572439352,AUT,FALSE,TRUE,TRUE,672.4047601,-74.2354706,151.2865465,-179.9891452,0.238340052,179.9162496,-4.199862771,3.551200364,0.460464918,-0.019817084,0.296493023,0.090024622,-31.27275123,65.42749786,51.79813041,-64.65508003,-49.22649536,70.45938377,17.54323654,1,1
75.90670586,5,1572439352,AUT,FALSE,TRUE,TRUE,686.7506608,-71.04047625,151.0402181,179.9619539,0.216520866,179.9134841,-0.704091253,2.311946265,0.582678533,-0.516928496,-0.194018245,0.000750548,-29.38112869,66.93282394,51.61885757,-60.76949386,-49.27087463,71.87073211,16.63057479,1,1
76.00726986,5,1572439352,AUT,FALSE,TRUE,TRUE,686.7506608,-71.04047625,151.0402181,179.9619539,0.216520866,179.9134841,-0.704091253,2.311946265,0.582678533,-0.516928496,-0.194018245,0.000750548,-29.38112869,66.93282394,51.61885757,-60.76949386,-49.27087463,71.87073211,16.63057479,1,1
76.10777497,5,1572439352,AUT,FALSE,TRUE,TRUE,698.9019485,-66.63536219,151.5177485,-179.9378925,0.097084974,179.9429783,0.854540097,5.002270143,0.056750792,0.016237148,-0.274246448,0.030712686,-27.55900497,68.20788002,51.48126754,-57.25463448,-49.27737304,73.29566574,15.75363922,1,1
76.20826697,5,1572439352,AUT,FALSE,TRUE,TRUE,707.8649013,-60.94636518,152.0738102,179.9807935,-0.0168989,179.9232152,5.064791846,2.629714607,-0.832977247,-0.297326549,-0.746904249,0.016215637,-26.01031036,69.18378181,51.42770919,-54.52539024,-49.27486816,74.42996635,15.38863563,1,1
76.30873704,5,1572439352,AUT,FALSE,TRUE,TRUE,712.9119112,-51.80384033,152.198502,-179.8771498,-0.101076526,179.8578907,5.356226847,6.186038479,0.134468306,0.26569919,-0.681303635,-0.439874532,-24.70300941,69.76326942,51.44292183,-52.98686485,-49.26708435,75.05968894,15.45482483,1,1
76.40925598,5,1572439352,AUT,FALSE,TRUE,TRUE,714.1250377,-37.10577878,151.7129544,-179.8541302,-0.17553586,179.8127925,1.350138232,7.168543897,1.266059277,0.26569919,-0.681303635,-0.439874532,-23.48300514,69.89667434,51.47584991,-52.77682343,-49.26379394,75.16487617,16.52063598,1,1
76.50981498,5,1572439352,AUT,FALSE,TRUE,TRUE,714.1250377,-37.10577878,151.7129544,-179.8541302,-0.17553586,179.8127925,1.350138232,7.168543897,1.266059277,0.282063315,0.098494962,-0.517275219,-23.48300514,69.89667434,51.47584991,-52.77682343,-49.26379394,75.16487617,16.52063598,1,1
76.61055589,5,1572439353,AUT,FALSE,TRUE,TRUE,713.9337437,-19.00081263,150.6097213,-179.8797639,-0.19542089,179.7744763,-4.147446741,8.083728425,1.218178369,0.524000459,1.414748077,-0.437739156,-22.14882889,69.88433189,51.47522506,-53.06069641,-49.26466186,74.99546013,18.08838501,1,1
76.7111969,5,1572439353,AUT,FALSE,TRUE,TRUE,713.5848414,0.379310482,149.4965675,-179.8810018,-0.215374121,179.7776447,-4.070211071,5.194264163,2.083097474,-0.271315755,1.498064383,-0.504304767,-20.6588253,69.88987656,51.42934684,-53.25187568,-49.2669635,74.85345154,19.69676628,1,1
76.81181407,5,1572439353,AUT,FALSE,TRUE,TRUE,713.5848414,0.379310482,149.4965675,-179.8810018,-0.215374121,179.7776447,-4.070211071,5.194264163,2.083097474,-0.271315755,1.498064383,-0.504304767,-20.6588253,69.88987656,51.42934684,-53.25187568,-49.2669635,74.85345154,19.69676628,1,1
76.91229391,5,1572439353,AUT,FALSE,TRUE,TRUE,713.0549515,27.27837478,147.6967913,-179.844495,-0.205680864,179.7525535,-4.206001154,7.396141101,1.94193809,-0.101414934,1.382985001,-0.471269854,-18.53047485,70.0106369,51.39739379,-53.30872306,-49.31307312,74.67620429,21.85749549,1,1
77.01276994,5,1572439353,AUT,FALSE,TRUE,TRUE,712.0854009,50.80825962,146.2690323,-179.8854137,-0.196236886,179.7823259,-2.435812396,5.719746284,1.435951375,0.135626858,1.099187907,-0.302552441,-16.65267105,70.14113044,51.36945076,-53.25396309,-49.38295166,74.58038635,23.80098724,1,1
77.11328006,5,1572439353,AUT,FALSE,TRUE,TRUE,712.0854009,50.80825962,146.2690323,-179.8854137,-0.196236886,179.7823259,-2.435812396,5.719746284,1.435951375,0.135626858,1.099187907,-0.302552441,-16.65267105,70.14113044,51.36945076,-53.25396309,-49.38295166,74.58038635,23.80098724,1,1
77.21379685,5,1572439353,AUT,FALSE,TRUE,TRUE,710.1004178,75.35906528,145.119759,-179.9434206,-0.243878531,-179.9510973,1.931995567,0.495444714,0.910290434,-0.523684032,0.325119622,-0.01361158,-14.44525337,70.20247192,51.13245849,-53.14170684,-49.41331237,74.58611641,25.85887413,1,1
77.31428289,5,1572439353,AUT,FALSE,TRUE,TRUE,710.1004178,75.35906528,145.119759,-179.9434206,-0.243878531,-179.9510973,1.931995567,0.495444714,0.910290434,-0.523684032,0.325119622,-0.01361158,-14.44525337,70.20247192,51.13245849,-53.14170684,-49.41331237,74.58611641,25.85887413,1,1
77.41475296,5,1572439353,AUT,FALSE,TRUE,TRUE,705.1220413,88.40285227,142.7069881,-179.9890905,-0.653419236,-179.838589,9.213980042,-0.278609811,2.404276374,-0.430215742,0.395948717,-0.018109895,-13.40075569,70.1458477,50.98695144,-53.69213905,-49.34481262,74.61515808,27.21372184,1,1
77.51522088,5,1572439353,AUT,FALSE,TRUE,TRUE,694.6744187,93.1430306,136.5160739,-179.9854433,-0.769203987,-179.8212441,9.190466011,0.936960049,-0.38389032,-0.430215742,0.395948717,-0.018109895,-13.89295349,69.54322014,50.81370391,-56.57953834,-49.38057312,73.20051727,28.75728378,1,1
77.61568594,5,1572439354,AUT,FALSE,TRUE,TRUE,694.6744187,93.1430306,136.5160739,-179.9854433,-0.769203987,-179.8212441,9.190466011,0.936960049,-0.38389032,-0.375718429,0.464421704,0.041298542,-13.89295349,69.54322014,50.81370391,-56.57953834,-49.38057312,73.20051727,28.75728378,1,1
77.71617293,5,1572439354,AUT,FALSE,TRUE,TRUE,680.1799151,96.54658807,134.1597112,-179.9590946,-0.725859137,-179.806161,7.682013696,1.659406599,-2.733965219,-0.047928458,0.321895347,0.055458282,-14.92963714,68.21455421,50.79207458,-60.67826271,-49.42072265,71.44748726,30.66952286,1,1
77.81670785,5,1572439354,AUT,FALSE,TRUE,TRUE,664.0196881,98.86928696,139.64073,-179.9487951,-0.638558999,-179.7116695,7.682013696,1.659406599,-2.733965219,-0.047928458,0.321895347,0.055458282,-16.14474907,66.29576111,51.02638206,-64.98408623,-49.36744995,70.09035988,32.67109794,1,1
77.91726398,5,1572439354,AUT,FALSE,TRUE,TRUE,664.0196881,98.86928696,139.64073,-179.9487951,-0.638558999,-179.7116695,3.9515038,3.127624427,-0.685898909,0.773693748,0.419642889,0.117856721,-16.14474907,66.29576111,51.02638206,-64.98408623,-49.36744995,70.09035988,32.67109794,1,1
78.0177629,5,1572439354,AUT,FALSE,TRUE,TRUE,639.9946783,99.87166096,143.5710126,-179.9749582,-0.545818866,-179.6956335,-0.644487043,5.744807208,4.510389318,1.17521985,1.297672197,-0.088532634,-18.05424156,63.41197014,51.35362358,-71.07451172,-49.02581909,68.08775482,35.00984688,1,1
78.11826086,5,1572439354,AUT,FALSE,TRUE,TRUE,621.5505634,99.18869075,143.4291634,-179.9581159,-0.356127369,-179.7193911,-4.652524383,5.300533756,3.961334667,0.8081429,1.429313624,-0.283816264,-19.48103599,61.50319176,51.40732613,-75.6182064,-48.92850219,66.08340911,36.68810462,1,1
78.21874285,5,1572439354,AUT,FALSE,TRUE,TRUE,608.4286767,97.72707827,143.258614,-179.914309,-0.103488007,-179.7852537,-10.05618137,6.989845204,1.701544096,0.8081429,1.429313624,-0.283816264,-20.62024612,60.1019886,51.45790786,-78.92347755,-48.92785949,64.47867736,37.78055076,1,1
78.31920886,5,1572439354,AUT,FALSE,TRUE,TRUE,608.4286767,97.72707827,143.258614,-179.914309,-0.103488007,-179.7852537,-10.05618137,6.989845204,1.701544096,0.896938965,1.484284379,-0.485338679,-20.62024612,60.1019886,51.45790786,-78.92347755,-48.92785949,64.47867736,37.78055076,1,1
78.42006493,5,1572439354,AUT,FALSE,TRUE,TRUE,603.5327016,98.61987784,147.5975827,-179.8049039,0.039450596,-179.990502,-9.888414343,10.84279697,2.257980899,1.332011487,1.445909164,-0.983673624,-21.18006477,59.28197937,51.83747177,-80.16084709,-48.73560424,64.1379364,38.07500839,1,1
78.52072692,5,1572439354,AUT,FALSE,TRUE,TRUE,602.8473178,107.2584528,150.4292226,-179.7638047,-0.030802991,179.8206017,-4.568478865,10.98959204,3.594322221,0.859223882,0.641173138,-1.11096246,-20.64437141,59.29345664,52.32019386,-79.93168258,-48.69371337,64.57126808,38.66957817,1,1
78.62147784,5,1572439355,AUT,FALSE,TRUE,TRUE,602.8473178,107.2584528,150.4292226,-179.7638047,-0.030802991,179.8206017,-4.568478865,10.98959204,3.594322221,0.859223882,0.641173138,-1.11096246,-20.64437141,59.29345664,52.32019386,-79.93168258,-48.69371337,64.57126808,38.66957817,1,1
78.72196698,5,1572439355,AUT,FALSE,TRUE,TRUE,601.4346626,123.2274969,149.4166911,-179.8185528,-0.047241119,179.7300154,-3.831395717,10.03103584,3.445110384,0.391938318,0.693101842,-0.836029654,-19.19159431,59.62640419,52.50378914,-79.59258613,-48.88053039,64.69957466,40.15294533,1,1
78.82243299,5,1572439355,AUT,FALSE,TRUE,TRUE,600.2360062,143.8165074,147.169395,-179.8359873,-0.016109669,179.6988692,-5.020679433,8.555404944,2.140058143,-0.044744648,0.881394319,-0.599736519,-17.08978958,60.13721351,52.46957703,-78.93870048,-49.12455322,64.78990288,41.93277511,1,1
78.92294192,5,1572439355,AUT,FALSE,TRUE,TRUE,600.3868741,167.160287,146.3705328,-179.8679676,-0.02854586,179.6724589,-5.020679433,8.555404944,2.140058143,-0.044744648,0.881394319,-0.599736519,-14.50040817,60.77287559,52.37875099,-77.61642379,-49.19432189,65.23958702,43.63853302,1,1
79.02341485,5,1572439355,AUT,FALSE,TRUE,TRUE,600.3868741,167.160287,146.3705328,-179.8679676,-0.02854586,179.6724589,-3.671818864,9.001831124,1.062637028,-0.48877748,0.839610502,-0.525718672,-14.50040817,60.77287559,52.37875099,-77.61642379,-49.19432189,65.23958702,43.63853302,1,1
79.12388301,5,1572439355,AUT,FALSE,TRUE,TRUE,601.0367084,199.0237992,147.8383334,-179.9079568,-0.043119751,179.6992364,-1.776811866,8.724857664,1.576071132,0.055399568,0.596847895,-0.372864563,-10.88222236,61.62507476,52.36928901,-75.30044059,-49.20433593,66.29563751,45.68555717,1,1
79.22432995,5,1572439355,AUT,FALSE,TRUE,TRUE,601.6885699,222.5309478,149.8002752,-179.9097057,-0.034341175,179.7874217,-0.812349195,2.887812531,0.494679984,-0.856849431,0.447300818,-0.30358605,-8.120036312,62.27681121,52.33516616,-73.28036728,-49.19249267,67.26885452,46.99111748,1,1
79.32480288,5,1572439355,AUT,FALSE,TRUE,TRUE,601.6885699,222.5309478,149.8002752,-179.9097057,-0.034341175,179.7874217,-0.812349195,2.887812531,0.494679984,-0.856849431,0.447300818,-0.30358605,-5.862545013,62.81929206,52.31475563,-71.50077781,-49.1223999,68.18626098,48.00588684,1,1
79.42528391,5,1572439355,AUT,FALSE,TRUE,TRUE,601.7955124,241.8338166,151.816435,-179.9521118,-0.084448094,179.8609115,0.484848028,3.03455658,1.05935814,-0.683203761,0.268881225,-0.205916717,-5.862545013,62.81929206,52.31475563,-71.50077781,-49.1223999,68.18626098,48.00588684,1,1
79.52576685,5,1572439355,AUT,FALSE,TRUE,TRUE,600.8338443,257.610667,152.6458902,-179.9653538,-0.147880657,179.9466334,1.939951468,3.033319472,1.734174239,-0.428821082,0.241532553,-0.013010629,-3.960955806,63.29113426,52.25001526,-70.09495697,-49.08375,68.87999268,48.87589416,1,1
79.62623191,5,1572439356,AUT,FALSE,TRUE,TRUE,598.6704113,266.7054654,150.7893955,179.9153879,-0.267175794,-179.8467214,5.337571963,-3.28111107,0.44223384,-1.181754264,-0.084753184,0.357116254,-2.741854475,63.6110527,52.01700897,-69.48323822,-49.08163513,69.1310955,49.64319648,1,1
79.72670794,5,1572439356,AUT,FALSE,TRUE,TRUE,594.1377817,269.0588524,146.7489797,179.9900022,-0.492717746,-179.7735572,7.758134212,-0.500528766,-0.288165969,-1.181754264,-0.084753184,0.357116254,-2.479497525,63.67000808,51.79332733,-70.05412903,-49.04979125,68.76965218,50.1099163,1,1
79.82716203,5,1572439356,AUT,FALSE,TRUE,TRUE,594.1377817,269.0588524,146.7489797,179.9900022,-0.492717746,-179.7735572,7.758134212,-0.500528766,-0.288165969,-0.600030623,0.18653031,0.160322394,-2.479497525,63.67000808,51.79332733,-70.05412903,-49.04979125,68.76965218,50.1099163,1,1
79.92765403,5,1572439356,AUT,FALSE,TRUE,TRUE,584.3898582,270.8814022,142.2083308,-179.9911679,-0.576805553,-179.7942308,7.08403805,3.287395694,-0.463775051,-0.067422379,0.517607207,0.109563126,-2.690548319,63.32239379,51.79073868,-71.98607139,-49.22441894,67.75357132,51.30692138,1,1
80.02812696,5,1572439356,AUT,FALSE,TRUE,TRUE,569.0698114,273.5454906,139.7425372,179.9991366,-0.626773555,-179.7733798,5.003295074,4.124808683,0.041256032,0.275230221,0.799394964,0.274008828,-2.975774,62.35338592,51.82433968,-74.97407112,-49.30329528,66.43457336,53.17884063,1,1
80.12859392,5,1572439356,AUT,FALSE,TRUE,TRUE,569.0698114,273.5454906,139.7425372,179.9991366,-0.626773555,-179.7733798,5.003295074,4.124808683,0.041256032,0.275230221,0.799394964,0.274008828,-3.303853225,60.82518081,51.83146019,-78.76422042,-49.30678894,64.8118927,55.48120422,1,1
80.22915006,5,1572439356,AUT,FALSE,TRUE,TRUE,549.8350773,275.8581698,138.9054423,179.971242,-0.547885642,-179.6945772,3.387329533,2.210270311,0.080244732,0.034129861,0.859320563,0.315392792,-3.303853225,60.82518081,51.83146019,-78.76422042,-49.30678894,64.8118927,55.48120422,1,1
80.32960987,5,1572439356,AUT,FALSE,TRUE,TRUE,524.8026368,275.6092353,137.0491399,179.9677934,-0.51963794,-179.6276005,-0.200141285,3.234634034,1.61536753,0.144016067,1.383927298,0.257222469,-3.899882125,58.84956779,51.82201194,-83.62869873,-49.29299011,62.64873276,58.17761993,1,1
80.43079185,5,1572439356,AUT,FALSE,TRUE,TRUE,524.8026368,275.6092353,137.0491399,179.9677934,-0.51963794,-179.6276005,-0.200141285,3.234634034,1.61536753,0.144016067,1.383927298,0.257222469,-3.899882125,58.84956779,51.82201194,-83.62869873,-49.29299011,62.64873276,58.17761993,1,1
80.53140688,5,1572439357,AUT,FALSE,TRUE,TRUE,503.9451447,272.2004356,134.1668312,-179.9426372,-0.470388676,-179.6923701,-0.562716122,7.190516678,3.049073684,0.645985741,1.674136446,-0.18207456,-4.676608656,57.16916428,51.76435432,-87.96066628,-49.35582092,60.46012573,60.17712822,1,1
80.63190508,5,1572439357,AUT,FALSE,TRUE,TRUE,488.7315736,269.4926504,133.0099926,-179.9203043,-0.344999581,-179.7154033,-2.928450898,8.366061238,2.098237723,0.892176116,1.713016266,-0.376407945,-5.220854181,55.85784645,51.77972831,-91.07965049,-49.4786975,58.90457496,61.71306839,1,1
87.46024299,6,1572439363,AUT,FALSE,FALSE,TRUE,471.9222859,-399.9804197,169.8835519,-179.9952121,-0.018264967,179.9921056,-2.759752419,-1.458744336,3.670316841,-0.416528387,0.807755433,0.164270369,-70.22153663,57.86836509,52.06416092,-78.18152275,-46.79547912,66.40064621,-12.8164959,0.5,1
87.56121707,6,1572439364,AUT,FALSE,TRUE,TRUE,472.2392107,-398.994505,168.4282097,-179.9197057,-0.077614446,179.8424094,-1.920297382,-0.768865665,5.760295807,-0.537458638,0.523492433,0.012295146,-70.15753098,58.00239143,52.06115684,-78.18119659,-46.79704467,66.40213622,-12.81999779,1,1
87.66193891,6,1572439364,AUT,FALSE,TRUE,TRUE,472.2533443,-399.9537514,161.4341997,-179.8630551,-0.096918175,179.9113192,0.270171207,0.11114237,6.031967542,-0.380131183,0.499266682,-0.179468478,-70.01635322,58.54192657,51.7413208,-78.17911606,-47.19112426,65.89156722,-12.7862114,1,1
87.76242304,6,1572439364,AUT,FALSE,TRUE,TRUE,471.7381393,-402.0188505,150.2187976,-179.9152671,-0.019321884,179.919684,-1.426286242,-0.447453178,4.083423212,-0.810948332,0.23877185,-0.374084112,-69.91802215,59.47174415,51.18215446,-78.175597,-47.773927,64.91634178,-12.65353776,1,1
87.86289001,6,1572439364,AUT,FALSE,TRUE,TRUE,471.7381393,-402.0188505,150.2187976,-179.9152671,-0.019321884,179.919684,-1.426286242,-0.447453178,4.083423212,-0.810948332,0.23877185,-0.374084112,-69.91802215,59.47174415,51.18215446,-78.175597,-47.773927,64.91634178,-12.65353776,1,1
87.963377,6,1572439364,AUT,FALSE,TRUE,TRUE,472.3989433,-402.2580466,141.9593856,-179.8939552,0.00882628,179.843582,1.365885005,0.966747982,1.082847404,-0.544988859,-0.367760588,-0.46880501,-69.86047439,60.38509941,51.1256401,-78.09490242,-48.46474731,64.41735992,-12.39673577,1,1
88.06390285,6,1572439364,AUT,FALSE,TRUE,TRUE,472.9243902,-402.5627795,136.5566607,-179.9019347,0.128406348,179.8475065,-0.526027654,0.521838417,0.044663486,-0.600525079,-0.356465469,-0.426866152,-69.83893433,60.95356979,51.09460373,-78.07595787,-48.96527893,64.00847626,-12.18284913,1,1
88.16438007,6,1572439364,AUT,FALSE,TRUE,TRUE,477.2357325,-401.4691241,136.6520667,-179.9183726,0.362653424,179.8367059,-6.962700398,0.767305896,-1.151717153,-0.410020275,-0.023045043,-0.305269582,-69.55744743,61.28261718,51.32942963,-77.66176986,-49.16459289,64.05168686,-11.95700455,1,1
88.26485491,6,1572439364,AUT,FALSE,TRUE,TRUE,477.2357325,-401.4691241,136.6520667,-179.9183726,0.362653424,179.8367059,-6.962700398,0.767305896,-1.151717153,-0.410020275,-0.023045043,-0.305269582,-69.55744743,61.28261718,51.32942963,-77.66176986,-49.16459289,64.05168686,-11.95700455,1,1
88.36531997,6,1572439364,AUT,FALSE,TRUE,TRUE,486.858577,-399.328441,140.6706032,-179.9495419,0.402977703,-179.9964528,-9.130313815,-1.5912634,2.220974366,-0.228093119,0.533028755,-0.015679972,-68.48955917,61.50078849,51.51986732,-76.39995918,-49.17060791,64.82762031,-11.59466515,1,1
88.46578789,6,1572439364,AUT,FALSE,TRUE,TRUE,501.4705797,-396.9115639,143.5351466,-179.9762241,0.429706343,-179.9414801,-8.573411387,-3.705089107,4.581795271,-0.50406503,0.316456565,-0.079288664,-66.69633293,62.13853454,51.50043869,-74.1481533,-49.05393859,65.89123421,-11.38907318,1,1
88.56625605,6,1572439365,AUT,FALSE,TRUE,TRUE,520.1959167,-394.8451249,143.8420916,-179.9812429,0.480115424,-179.9511288,-5.633743511,-3.688350835,3.591854983,-0.513044718,-0.156455007,-0.119572426,-64.38225517,63.38331299,51.38698425,-70.96361503,-49.05293884,67.110466,-11.32776948,1,1
88.66678786,6,1572439365,AUT,FALSE,TRUE,TRUE,539.7805669,-393.504374,143.1910962,179.9828879,0.464963779,-179.9694136,-5.070438776,-0.937201242,0.96253442,-0.513044718,-0.156455007,-0.119572426,-61.82337799,64.95084228,51.2339241,-67.1364109,-49.12225708,68.53725013,-11.45861321,1,1
88.76725888,6,1572439365,AUT,FALSE,TRUE,TRUE,539.7805669,-393.504374,143.1910962,179.9828879,0.464963779,-179.9694136,-5.070438776,-0.937201242,0.96253442,-0.333774774,-0.333988048,0.064483953,-61.82337799,64.95084228,51.2339241,-67.1364109,-49.12225708,68.53725013,-11.45861321,1,1
88.86774397,6,1572439365,AUT,FALSE,TRUE,TRUE,565.3097891,-392.7269233,143.2409043,179.9863251,0.37037064,179.9956222,-1.360099605,0.322443327,-0.457548831,-0.266066959,-0.524154369,0.062960103,-58.43220405,67.09176521,51.06214599,-61.59796943,-49.16285705,70.73159752,-12.07176705,1,1
88.96821904,6,1572439365,AUT,FALSE,TRUE,TRUE,581.5677347,-393.5437584,144.7389809,-179.9969939,0.295642716,-179.9832991,1.23075407,0.955057058,0.700782061,-0.189570423,-0.751116038,-0.031784432,-56.15876541,68.50966415,50.95085449,-57.51704635,-49.15974792,72.39965858,-12.81060448,1,1
89.06870389,6,1572439365,AUT,FALSE,TRUE,TRUE,581.5677347,-393.5437584,144.7389809,-179.9969939,0.295642716,-179.9832991,1.23075407,0.955057058,0.700782061,-0.189570423,-0.751116038,-0.031784432,-56.15876541,68.50966415,50.95085449,-57.51704635,-49.15974792,72.39965858,-12.81060448,1,1
89.16919494,6,1572439365,AUT,FALSE,TRUE,TRUE,594.4071096,-394.5097684,146.781925,-179.9960235,0.08096373,179.9953068,7.875925105,0.830931331,-0.471356207,-0.133707293,-1.427019628,-0.129758101,-54.19982757,69.73494186,50.89917411,-53.77948036,-49.15430419,74.10023231,-13.60202866,1,1
89.26975608,6,1572439365,AUT,FALSE,TRUE,TRUE,601.7104339,-396.3500522,147.1120873,-179.934398,-0.124816381,179.9375173,10.36143859,4.353261737,1.640098744,0.324292197,-1.454381754,-0.288351355,-52.96415748,70.62963066,50.78585701,-51.19574318,-49.11957641,75.23825454,-14.35939179,1,1
89.37042189,6,1572439365,AUT,FALSE,TRUE,TRUE,604.6796618,-395.3505757,144.8083977,-179.8510555,-0.201369916,179.7899592,9.155331152,5.999156901,1.331579799,0.316256679,-1.172631118,-0.576135364,-52.45173111,71.13419151,50.75028534,-50.3294918,-49.11898864,75.4939373,-14.5688736,1,1
89.47106791,6,1572439365,AUT,FALSE,TRUE,TRUE,605.9926029,-390.0584754,141.8224167,-179.7727389,-0.219745303,179.6660003,2.795200848,5.898895689,-0.535193017,0.316256679,-1.172631118,-0.576135364,-52.26288299,71.21404152,50.75746765,-50.81724014,-49.14667419,75.17014961,-14.08395081,1,1
89.57160902,6,1572439366,AUT,FALSE,TRUE,TRUE,605.9926029,-390.0584754,141.8224167,-179.7727389,-0.219745303,179.6660003,2.795200848,5.898895689,-0.535193017,-0.132839359,0.112647745,-0.988946742,-52.26288299,71.21404152,50.75746765,-50.81724014,-49.14667419,75.17014961,-14.08395081,1,1
89.672086,6,1572439366,AUT,FALSE,TRUE,TRUE,607.5673836,-380.1919096,140.2372882,-179.7562886,-0.236733317,179.598436,2.367655635,5.659722808,-0.942786911,-0.184083494,0.016447261,-1.118793274,-52.02416725,70.91041374,50.78482361,-52.05939903,-49.15144226,74.64331054,-12.9278183,1,1
89.77254295,6,1572439366,AUT,FALSE,TRUE,TRUE,609.7644929,-358.5631966,141.2422925,-179.7288169,-0.269294102,179.5599854,3.85919535,6.705626873,-1.511385935,-0.025351686,-0.00309531,-1.125226353,-51.59893799,69.84494247,50.98424606,-54.92930603,-49.14862426,73.74736175,-10.36982003,1,1
89.87311888,6,1572439366,AUT,FALSE,TRUE,TRUE,609.7644929,-358.5631966,141.2422925,-179.7288169,-0.269294102,179.5599854,3.85919535,6.705626873,-1.511385935,-0.025351686,-0.00309531,-1.125226353,-51.59893799,69.84494247,50.98424606,-54.92930603,-49.14862426,73.74736175,-10.36982003,1,1
89.97360301,6,1572439366,AUT,FALSE,TRUE,TRUE,610.1405793,-335.003253,143.6508623,-179.7565014,-0.325668447,179.5772894,3.520146007,6.23936395,0.75764678,0.206363141,0.18469612,-0.997107014,-51.22054138,68.4701168,51.22138595,-58.22228622,-49.12021911,72.79120445,-7.458728031,1,1
90.07407689,6,1572439366,AUT,FALSE,TRUE,TRUE,608.3687031,-307.1835089,144.3588991,-179.7915426,-0.324273626,179.6160872,0.803172678,4.764737883,1.007080824,0.25058127,0.443132326,-0.806546126,-50.83506546,66.88625564,51.40071716,-62.31690444,-49.0859143,71.35002479,-3.997437288,1,1
90.17453599,6,1572439366,AUT,FALSE,TRUE,TRUE,605.3011099,-277.5107377,143.1447752,-179.8791709,-0.230396148,179.6278817,-2.60597732,3.211522536,2.032170287,-0.129130489,0.805200691,-0.480968331,-50.30360527,65.30073967,51.51329956,-66.69487381,-49.08335449,69.49204788,-0.260375981,1,1
90.27500796,6,1572439366,AUT,FALSE,TRUE,TRUE,605.3011099,-277.5107377,143.1447752,-179.8791709,-0.230396148,179.6278817,-2.60597732,3.211522536,2.032170287,-0.129130489,0.805200691,-0.480968331,-50.30360527,65.30073967,51.51329956,-66.69487381,-49.08335449,69.49204788,-0.260375981,1,1
90.37546301,6,1572439366,AUT,FALSE,TRUE,TRUE,602.222207,-247.1507701,142.2909749,-179.8722348,-0.15782681,179.6464454,-4.552710487,4.155650246,1.246311887,0.147282466,0.994636103,-0.357357207,-49.45489769,63.8533802,51.63032455,-70.58484077,-49.10127868,67.85593643,3.380867381,1,1
90.47598195,6,1572439366,AUT,FALSE,TRUE,TRUE,599.958122,-208.4307858,143.8131793,-179.8863513,-0.121405852,179.685912,-5.562072002,4.221297816,1.907084588,0.010257338,1.147582861,-0.376650755,-47.88674698,62.22985839,51.92464141,-74.46596718,-49.10426696,66.44979629,7.878690719,1,1
90.57647705,6,1572439367,AUT,FALSE,TRUE,TRUE,599.958122,-208.4307858,143.8131793,-179.8863513,-0.121405852,179.685912,-5.562072002,4.221297816,1.907084588,0.010257338,1.147582861,-0.376650755,-47.88674698,62.22985839,51.92464141,-74.46596718,-49.10426696,66.44979629,7.878690719,1,1
90.67694187,6,1572439367,AUT,FALSE,TRUE,TRUE,599.6123405,-169.9436888,144.7655771,-179.8575418,-0.116423701,179.7146249,-5.87379405,5.264881872,2.562917678,0.040207381,1.218307844,-0.456280181,-45.6586132,61.00162811,52.15430031,-77.28126526,-49.09948791,65.42238922,12.12760849,1,1
90.77741194,6,1572439367,AUT,FALSE,TRUE,TRUE,599.6123405,-169.9436888,144.7655771,-179.8575418,-0.116423701,179.7146249,-5.87379405,5.264881872,2.562917678,0.040207381,1.218307844,-0.456280181,-45.6586132,61.00162811,52.15430031,-77.28126526,-49.09948791,65.42238922,12.12760849,1,1
90.87789297,6,1572439367,AUT,FALSE,TRUE,TRUE,601.8542261,-128.8114042,143.2972625,-179.924594,-0.108239335,179.7039042,-4.937103117,3.996257519,3.191123343,-0.081155452,1.517338867,-0.388473233,-43.1641571,60.41539764,52.16926231,-78.8710041,-49.11402282,64.66788254,16.50270424,1,1
90.97837687,6,1572439367,AUT,FALSE,TRUE,TRUE,601.8542261,-128.8114042,143.2972625,-179.924594,-0.108239335,179.7039042,-4.937103117,3.996257519,3.191123343,-0.081155452,1.517338867,-0.388473233,-43.1641571,60.41539764,52.16926231,-78.8710041,-49.11402282,64.66788254,16.50270424,1,1
91.07894301,6,1572439367,AUT,FALSE,TRUE,TRUE,605.3468014,-97.76415767,141.8497513,-179.9275429,-0.18233969,179.7459623,-1.635718773,2.46259519,2.242238535,-0.455091156,1.370372437,-0.364595938,-39.75719032,60.24209518,52.11157036,-79.61183624,-49.18307189,64.28796158,19.60884476,1,1
91.17942286,6,1572439367,AUT,FALSE,TRUE,TRUE,605.3468014,-97.76415767,141.8497513,-179.9275429,-0.18233969,179.7459623,-1.635718773,2.46259519,2.242238535,-0.455091156,1.370372437,-0.364595938,-39.75719032,60.24209518,52.11157036,-79.61183624,-49.18307189,64.28796158,19.60884476,1,1
91.28004003,6,1572439367,AUT,FALSE,TRUE,TRUE,609.6846895,-67.9112523,139.4858306,-179.9793802,-0.144935216,179.885541,-2.79176779,2.723085785,2.308721919,-1.462277013,0.473954683,-0.012700851,-36.75361061,60.29211388,51.74380302,-79.63733482,-49.20954895,63.99098739,22.55737266,1,1
91.38065004,6,1572439367,AUT,FALSE,TRUE,TRUE,609.6846895,-67.9112523,139.4858306,-179.9793802,-0.144935216,179.885541,-2.79176779,2.723085785,2.308721919,-1.462277013,0.473954683,-0.012700851,-34.74190063,60.55063934,51.24571724,-78.1851963,-49.17928161,64.21424674,23.37071113,1,1
91.48145795,6,1572439367,AUT,FALSE,TRUE,TRUE,619.2483177,-57.3583615,141.0413707,179.9035422,0.228389227,-179.8041197,-9.237563084,-1.205480033,2.146000574,-0.524863006,0.867375145,0.294863467,-34.74190063,60.55063934,51.24571724,-78.1851963,-49.17928161,64.21424674,23.37071113,1,1
91.58211589,6,1572439368,AUT,FALSE,TRUE,TRUE,619.2483177,-57.3583615,141.0413707,179.9035422,0.228389227,-179.8041197,-9.237563084,-1.205480033,2.146000574,-0.524863006,0.867375145,0.294863467,-33.34120216,62.01573143,51.19539642,-73.87056656,-48.96142822,66.15371818,21.54766388,1,1
91.68269205,6,1572439368,AUT,FALSE,TRUE,TRUE,637.9424138,-60.45561587,144.4255144,179.9969073,0.266753245,-179.8819589,-6.574531651,3.326407642,3.653001502,0.406704798,0.574007888,-0.035174925,-33.34120216,62.01573143,51.19539642,-73.87056656,-48.96142822,66.15371818,21.54766388,1,1
91.78315997,6,1572439368,AUT,FALSE,TRUE,TRUE,654.806014,-63.77917569,144.5909844,-179.9939598,0.309232796,-179.9705802,-7.638269254,4.441034504,3.179397867,-0.045431307,0.60524889,-0.064167142,-32.06191291,63.73792076,51.19027404,-69.72342338,-49.05670166,67.76914101,19.96477775,1,1
91.88361406,6,1572439368,AUT,FALSE,TRUE,TRUE,654.806014,-63.77917569,144.5909844,-179.9939598,0.309232796,-179.9705802,-7.638269254,4.441034504,3.179397867,-0.045431307,0.60524889,-0.064167142,-32.06191291,63.73792076,51.19027404,-69.72342338,-49.05670166,67.76914101,19.96477775,1,1
91.98408604,6,1572439368,AUT,FALSE,TRUE,TRUE,673.3631406,-65.81117607,144.1275233,-179.9747066,0.246386494,179.9751676,-4.223414764,3.18099995,0.666613739,-0.231021213,0.241420125,-0.034239998,-30.30598526,65.75229492,51.10511284,-64.80501594,-49.14395507,69.68579178,18.28923912,1,1
92.08459902,6,1572439368,AUT,FALSE,TRUE,TRUE,690.3279762,-64.68446434,143.8165906,179.9953732,0.154005128,179.9390186,0.199193695,2.14043104,0.957767565,-0.43684412,-0.254861536,-0.174742621,-28.31134529,67.62458839,50.97088737,-59.97759246,-49.16808654,71.55367698,16.83200569,1,1
92.18514299,6,1572439368,AUT,FALSE,TRUE,TRUE,690.3279762,-64.68446434,143.8165906,179.9953732,0.154005128,179.9390186,0.199193695,2.14043104,0.957767565,-0.43684412,-0.254861536,-0.174742621,-28.31134529,67.62458839,50.97088737,-59.97759246,-49.16808654,71.55367698,16.83200569,1,1
92.28566098,6,1572439368,AUT,FALSE,TRUE,TRUE,703.3118003,-59.62937747,143.4617781,-179.9240586,-0.039085114,179.8975818,3.764157284,5.600809314,1.551401926,0.16838558,-0.519969783,-0.305614983,-26.38086891,69.12702369,50.87323608,-56.08274688,-49.17752929,73.07466888,15.88736,1,1
92.38615298,6,1572439368,AUT,FALSE,TRUE,TRUE,703.3118003,-59.62937747,143.4617781,-179.9240586,-0.039085114,179.8975818,3.764157284,5.600809314,1.551401926,0.16838558,-0.519969783,-0.305614983,-26.38086891,69.12702369,50.87323608,-56.08274688,-49.17752929,73.07466888,15.88736,1,1
92.486619,6,1572439368,AUT,FALSE,TRUE,TRUE,711.5684774,-41.2175666,142.146277,-179.8317077,-0.118357828,179.7744239,3.992662824,6.815908724,-0.088667399,0.287025351,-0.495682949,-0.678913728,-24.05968437,70.1392662,50.88637161,-53.72996292,-49.17805114,73.93894958,16.4325428,1,1
92.5871489,6,1572439369,AUT,FALSE,TRUE,TRUE,711.5684774,-41.2175666,142.146277,-179.8317077,-0.118357828,179.7744239,3.992662824,6.815908724,-0.088667399,0.287025351,-0.495682949,-0.678913728,-24.05968437,70.1392662,50.88637161,-53.72996292,-49.17805114,73.93894958,16.4325428,1,1
92.68761206,6,1572439369,AUT,FALSE,TRUE,TRUE,713.0133472,-10.23220588,142.50923,-179.9188845,-0.116746175,179.7838823,-0.620568189,5.27975131,0.047013269,-0.030606611,0.333187576,-0.517349022,-21.5663578,70.18630485,50.9072216,-53.61818733,-49.18510437,73.98863182,18.98274078,1,1
92.78808999,6,1572439369,AUT,FALSE,TRUE,TRUE,713.0133472,-10.23220588,142.50923,-179.9188845,-0.116746175,179.7838823,-0.620568189,5.27975131,0.047013269,-0.030606611,0.333187576,-0.517349022,-21.5663578,70.18630485,50.9072216,-53.61818733,-49.18510437,73.98863182,18.98274078,1,1
92.88860297,6,1572439369,AUT,FALSE,TRUE,TRUE,712.1728675,25.13340652,145.6050742,-179.7990344,-0.148517549,179.8398277,-3.955233159,8.461533187,1.136143925,0.832650116,0.924030952,-0.568255282,-18.75580788,69.91326713,50.98169518,-53.70974121,-49.11996093,74.21281128,21.74830856,1,1
92.98911786,6,1572439369,AUT,FALSE,TRUE,TRUE,712.1728675,25.13340652,145.6050742,-179.7990344,-0.148517549,179.8398277,-3.955233159,8.461533187,1.136143925,0.832650116,0.924030952,-0.568255282,-18.75580788,69.91326713,50.98169518,-53.70974121,-49.11996093,74.21281128,21.74830856,1,1
93.08958888,6,1572439369,AUT,FALSE,TRUE,TRUE,709.9001534,62.02923188,147.3303498,-179.9658378,-0.145498039,179.8755031,-1.759891981,5.061130206,1.604952383,0.314635546,0.581401375,-0.414016815,-15.73589973,69.76400413,51.00396995,-53.70882454,-49.06884155,74.34206542,24.85621376,1,1
93.19007206,6,1572439369,AUT,FALSE,TRUE,TRUE,705.8654417,85.01860908,146.9242045,179.9271494,-0.44020707,-179.8646832,5.64422717,-3.526709198,1.421015327,-0.776809765,0.274408241,0.153175441,-13.83209266,69.70054092,50.87486686,-53.84515457,-49.0547406,74.57933235,26.96703071,1,1
93.29066896,6,1572439369,AUT,FALSE,TRUE,TRUE,705.8654417,85.01860908,146.9242045,179.9271494,-0.44020707,-179.8646832,5.64422717,-3.526709198,1.421015327,-0.776809765,0.274408241,0.153175441,-13.83209266,69.70054092,50.87486686,-53.84515457,-49.0547406,74.57933235,26.96703071,1,1
93.39127803,6,1572439369,AUT,FALSE,TRUE,TRUE,699.4493849,94.5245063,146.4582893,179.984014,-0.671544249,-179.7312796,11.85043102,-2.166733816,-1.684068186,-0.216701874,-0.18047193,0.175369719,-13.29615211,69.27195739,50.85591545,-55.09669647,-49.01796386,74.34929581,28.22562789,1,1
93.49185801,6,1572439369,AUT,FALSE,TRUE,TRUE,686.71697,98.33025122,147.1144981,-179.9906385,-0.813486644,-179.689668,12.65820152,0.249860672,-0.926867892,0.555166157,-0.235595509,0.121267596,-14.0397789,68.01522102,50.93529167,-58.32697906,-48.86234802,73.34010544,29.83144798,1,1
93.59236002,6,1572439370,AUT,FALSE,TRUE,TRUE,686.71697,98.33025122,147.1144981,-179.9906385,-0.813486644,-179.689668,12.65820152,0.249860672,-0.926867892,0.555166157,-0.235595509,0.121267596,-14.0397789,68.01522102,50.93529167,-58.32697906,-48.86234802,73.34010544,29.83144798,1,1
93.69282293,6,1572439370,AUT,FALSE,TRUE,TRUE,666.7588967,99.11909588,146.5766254,-179.9504414,-0.69973632,-179.6601684,4.989406155,4.394063479,2.560137588,1.520451549,0.780017424,0.07664027,-15.75291138,65.84106445,50.96871414,-64.06892509,-48.71581237,71.04169006,32.03837128,1,1
93.79332995,6,1572439370,AUT,FALSE,TRUE,TRUE,645.1816484,96.38957906,144.6249176,-179.9225638,-0.549900078,-179.6722312,-0.45542127,4.698902903,3.640608851,1.130067764,1.260712298,-0.172192235,-17.83364296,63.60905456,50.98674202,-69.91259766,-48.65338256,68.47807159,34.06063843,1,1
93.89378905,6,1572439370,AUT,FALSE,TRUE,TRUE,645.1816484,96.38957906,144.6249176,-179.9225638,-0.549900078,-179.6722312,-0.45542127,4.698902903,3.640608851,1.130067764,1.260712298,-0.172192235,-17.83364296,63.60905456,50.98674202,-69.91259766,-48.65338256,68.47807159,34.06063843,1,1
93.99426389,6,1572439370,AUT,FALSE,TRUE,TRUE,627.1494572,93.15578359,143.540499,-179.9560063,-0.391707301,-179.7356292,-2.462066602,3.389102883,0.337443675,0.247180007,0.956999204,-0.565475416,-19.56111603,61.82585678,51.08165703,-74.50313873,-48.64428588,66.42551994,35.54114227,1,1
94.094805,6,1572439370,AUT,FALSE,TRUE,TRUE,612.9517605,90.730787,144.3249566,-179.7872864,-0.214797504,-179.8036338,-8.72352856,7.63233491,0.693238314,1.132612195,1.492258893,-0.709979059,-20.94993209,60.321492,51.30760116,-78.03791084,-48.64532409,64.9146286,36.52958908,1,1
94.19527698,6,1572439370,AUT,FALSE,TRUE,TRUE,605.1632018,92.94794353,147.315566,-179.7889224,-0.085959083,-179.9804485,-11.18453057,11.19884422,3.088831416,1.271487921,1.871299756,-1.188612113,-21.5652935,59.36539306,51.68643036,-79.86336823,-48.5521051,64.28139038,37.31917648,1,1
94.29574585,6,1572439370,AUT,FALSE,TRUE,TRUE,605.1632018,92.94794353,147.315566,-179.7889224,-0.085959083,-179.9804485,-11.18453057,11.19884422,3.088831416,1.271487921,1.871299756,-1.188612113,-21.5652935,59.36539306,51.68643036,-79.86336823,-48.5521051,64.28139038,37.31917648,1,1
94.39624596,6,1572439370,AUT,FALSE,TRUE,TRUE,602.617694,101.4071253,149.79081,-179.7367132,-0.033700697,179.8618078,-8.980696921,11.43614133,3.423016952,1.239329304,1.476968736,-1.101477623,-21.13991318,59.12008553,52.06947899,-80.19628486,-48.51955261,64.32468681,38.12622528,1,1
94.49676085,6,1572439370,AUT,FALSE,TRUE,TRUE,602.1979926,115.300656,150.1390767,-179.7827963,-0.026849145,179.7926066,-5.525192123,12.16155134,3.68898982,1.119790535,0.898225652,-0.965012153,-19.80684242,59.30123978,52.15612335,-79.77245636,-48.53403808,64.52072754,39.29443244,1,1
94.5972929,6,1572439371,AUT,FALSE,TRUE,TRUE,602.5304674,133.4120154,148.8926276,-179.8205455,-0.021428739,179.7484425,-4.361872398,8.482135075,2.899387832,0.130710092,0.878375103,-0.872062648,-17.89255371,59.78374557,52.12239189,-78.93549041,-48.65635986,64.75939865,40.73432121,1,1
94.69784999,6,1572439371,AUT,FALSE,TRUE,TRUE,603.2715524,154.0529893,147.3062971,-179.8148047,-0.026767037,179.7205732,-3.421566158,8.590229206,2.363992671,0.130710092,0.878375103,-0.872062648,-15.60174293,60.45628051,52.0592308,-77.72734451,-48.80960815,65.14269104,42.21216431,1,1
94.79835296,6,1572439371,AUT,FALSE,TRUE,TRUE,603.2715524,154.0529893,147.3062971,-179.8148047,-0.026767037,179.7205732,-3.421566158,8.590229206,2.363992671,0.014699985,0.866334633,-0.873108308,-15.60174293,60.45628051,52.0592308,-77.72734451,-48.80960815,65.14269104,42.21216431,1,1
94.89885902,6,1572439371,AUT,FALSE,TRUE,TRUE,604.6021037,177.1167859,146.5798402,-179.8100601,-0.041046906,179.7256869,-2.817544026,8.178749107,0.813634967,-0.129029868,0.839655698,-0.762605855,-12.96785316,61.23403358,51.96504364,-76.03944283,-48.89661437,65.7594944,43.70100059,1,1
94.99942589,6,1572439371,AUT,FALSE,TRUE,TRUE,606.8925386,199.4434018,147.8939938,-179.8801439,-0.027400078,179.7993584,-2.571922278,4.518964488,0.469574814,-0.339505835,0.633552449,-0.548057608,-10.32126731,61.97380142,51.92029838,-73.98078346,-48.92298156,66.70609359,44.9598999,1,1
95.10004306,6,1572439371,AUT,FALSE,TRUE,TRUE,609.655985,218.8816848,149.9779757,-179.8938037,-0.035235821,179.8669013,-0.75178859,4.999562968,1.10901227,-0.28355381,0.425465419,-0.530844341,-7.884194181,62.69533539,51.88308563,-71.7425045,-48.89771301,67.77728119,45.81278915,1,1
95.20088696,6,1572439371,AUT,FALSE,TRUE,TRUE,609.655985,218.8816848,149.9779757,-179.8938037,-0.035235821,179.8669013,-0.75178859,4.999562968,1.10901227,-0.28355381,0.425465419,-0.530844341,-7.884194181,62.69533539,51.88308563,-71.7425045,-48.89771301,67.77728119,45.81278915,1,1
95.30169296,6,1572439371,AUT,FALSE,TRUE,TRUE,610.9871407,236.5848797,150.8239157,-179.9201736,-0.135004625,179.8911372,1.836698332,2.914589227,1.784164341,-0.688022742,0.265518723,-0.470568143,-5.754436106,63.40788459,51.85118408,-69.79839134,-48.84536315,68.67715759,46.56176834,1,1
95.40216589,6,1572439371,AUT,FALSE,TRUE,TRUE,608.7159723,250.9345297,149.4167935,-179.9149849,-0.351876186,-179.9861514,7.246994954,2.723144743,1.235372038,-0.273572789,-0.224971559,-0.096376384,-4.069995113,63.94074211,51.75794449,-68.73153305,-48.84803833,69.19968452,47.45966034,1,1
95.50263691,6,1572439371,AUT,FALSE,TRUE,TRUE,601.1277004,261.7126871,147.6880385,179.9516721,-0.541351034,-179.868033,8.230311928,-1.245653988,-1.766659934,-0.661709495,0.323571144,0.204233009,-3.075042338,63.93502922,51.74760361,-69.19364548,-48.87837707,69.11522369,48.89933967,1,1
95.60311007,6,1572439372,AUT,FALSE,TRUE,TRUE,589.6187061,268.3687884,147.4853747,179.9823438,-0.595268318,-179.747918,9.880470034,-0.885770878,-1.401327095,-0.306277324,0.153410089,0.319803608,-2.7506916,63.24877166,51.81045227,-71.01028289,-48.88261779,68.52042732,50.48130226,1,1
95.70357585,6,1572439372,AUT,FALSE,TRUE,TRUE,589.6187061,268.3687884,147.4853747,179.9823438,-0.595268318,-179.747918,9.880470034,-0.885770878,-1.401327095,-0.306277324,0.153410089,0.319803608,-2.7506916,63.24877166,51.81045227,-71.01028289,-48.88261779,68.52042732,50.48130226,1,1
95.80404305,6,1572439372,AUT,FALSE,TRUE,TRUE,572.8261029,272.5835026,147.0068563,179.981669,-0.595192652,-179.7204364,6.392748923,0.681958237,-0.704542839,0.035789281,0.238975358,0.214755705,-2.94283905,61.97834701,51.88815308,-74.19160766,-48.79874267,67.22817421,52.51539001,1,1
95.90450096,6,1572439372,AUT,FALSE,TRUE,TRUE,553.2179937,274.2090893,145.2432229,-179.9670672,-0.531912345,-179.6477766,2.344367041,3.956836658,0.946717148,0.754865857,0.733537072,0.067591544,-3.374107356,60.44350891,51.87187957,-78.11342124,-48.79131042,65.49193268,54.73211861,1,1
96.00500393,6,1572439372,AUT,FALSE,TRUE,TRUE,533.3836019,273.7286921,142.4365146,-179.9558546,-0.493970657,-179.6691443,-0.044077445,4.398150105,2.43762627,0.572622406,1.08072662,-0.188961185,-3.950893019,58.9088253,51.82300415,-82.16192779,-48.78558654,63.53510628,56.84702453,1,1
96.105474,6,1572439372,AUT,FALSE,TRUE,TRUE,533.3836019,273.7286921,142.4365146,-179.9558546,-0.493970657,-179.6691443,-0.044077445,4.398150105,2.43762627,0.572622406,1.08072662,-0.188961185,-3.950893019,58.9088253,51.82300415,-82.16192779,-48.78558654,63.53510628,56.84702453,1,1
96.20596004,6,1572439372,AUT,FALSE,TRUE,TRUE,515.5354946,272.2647204,140.0562916,-179.8950013,-0.437651545,-179.6891259,-1.431010865,6.958777023,1.833992159,0.872059596,1.593048177,-0.418165365,-4.516530988,57.5004467,51.80575218,-85.81137657,-48.84808227,61.73322143,58.65875244,1,1
96.30643201,6,1572439372,AUT,FALSE,TRUE,TRUE,500.6967991,271.4617329,138.4310459,-179.905394,-0.42310405,-179.712587,-1.461950945,6.572169176,1.590685348,0.847281977,1.531592113,-0.415933708,-4.8654705,56.36275063,51.81235428,-88.65227622,-48.87097229,60.34597434,60.19628563,1,1
96.40690994,6,1572439372,AUT,FALSE,TRUE,TRUE,488.986018,271.3193751,137.4816969,-179.9299446,-0.351993633,-179.7109989,-2.542306268,6.624855853,1.218123745,0.866078244,1.699938749,-0.355624841,-5.021527863,55.44180107,51.81031151,-90.82420463,-48.91991638,59.26636161,61.49478721,1,1
102.859992,7,1572439379,AUT,FALSE,FALSE,TRUE,471.9230268,-400.0380219,169.9281852,-179.998521,-0.009642657,179.9966587,-2.181922988,-2.351056108,2.805045948,-0.522466085,0.690375603,0.193160976,-70.17729263,57.81094436,51.95728798,-78.1809494,-46.69295471,66.34574203,-12.86861573,0.5,1
102.9608519,7,1572439379,AUT,FALSE,TRUE,TRUE,471.9782104,-399.6476809,169.2344501,-179.9743816,-0.043042248,179.9237326,-1.722057866,-0.431688383,2.811907855,-0.312282758,0.462690881,0.040018247,-70.15844764,57.87345314,51.95730171,-78.17987823,-46.69431152,66.35423927,-12.86907234,1,1
103.0615349,7,1572439379,AUT,FALSE,TRUE,TRUE,471.7760618,-399.647096,166.6457119,-179.8852149,-0.165552368,179.8718031,-0.23429928,0.293819982,2.036239967,-0.21732932,0.313406513,-0.0202907,-70.13257828,58.15729179,51.95725021,-78.15322952,-46.91028625,66.34955635,-12.86476364,1,1
103.162003,7,1572439379,AUT,FALSE,TRUE,TRUE,470.8291661,-401.5314258,162.7640815,-179.9398373,-0.334805095,179.8633785,1.068862634,0.576648365,5.450699331,-0.106499738,0.496055022,0.01694816,-70.17231788,58.5885086,51.88958129,-77.99133224,-47.25745422,66.33236961,-12.8651722,1,1
103.262491,7,1572439379,AUT,FALSE,TRUE,TRUE,470.8291661,-401.5314258,162.7640815,-179.9398373,-0.334805095,179.8633785,1.068862634,0.576648365,5.450699331,-0.106499738,0.496055022,0.01694816,-70.17231788,58.5885086,51.88958129,-77.99133224,-47.25745422,66.33236961,-12.8651722,1,1
103.362988,7,1572439379,AUT,FALSE,TRUE,TRUE,470.1800724,-404.2422253,154.5884602,-179.9745567,-0.114836968,179.9056486,-2.272356555,0.230087693,4.527347076,-0.449021077,0.907879138,-0.008737132,-70.21684684,59.23669166,51.45482826,-77.98938904,-47.63420288,65.45992469,-12.94272538,1,1
103.4635448,7,1572439379,AUT,FALSE,TRUE,TRUE,470.747584,-405.0289928,146.3341658,-179.9515651,0.050849013,179.8765147,-1.434048318,1.048688184,0.16299498,-0.440016031,0.076070347,-0.247369465,-70.13023681,59.98416366,51.14564209,-77.97176628,-48.09315124,64.68607178,-12.83417016,1,1
103.5640659,7,1572439380,AUT,FALSE,TRUE,TRUE,472.385219,-404.2370791,141.1992734,-179.9436594,0.095453062,179.858375,-0.520080549,0.742444784,0.189637524,-0.472049979,-0.173720693,-0.232520895,-69.94866371,60.58585739,51.14685745,-77.87274856,-48.58586059,64.40458488,-12.52590066,1,1
103.6645389,7,1572439380,AUT,FALSE,TRUE,TRUE,472.385219,-404.2370791,141.1992734,-179.9436594,0.095453062,179.858375,-0.520080549,0.742444784,0.189637524,-0.472049979,-0.173720693,-0.232520895,-69.94866371,60.58585739,51.14685745,-77.87274856,-48.58586059,64.40458488,-12.52590066,1,1
103.7650518,7,1572439380,AUT,FALSE,TRUE,TRUE,476.5909834,-403.0827376,140.3769755,-179.9391927,0.317178597,179.8784154,-5.1204337,-0.057680819,0.18362524,-0.53563526,0.03700144,-0.149546061,-69.60728416,60.92431526,51.27221146,-77.49892501,-48.79004699,64.34717102,-12.27927132,1,1
103.86554,7,1572439380,AUT,FALSE,TRUE,TRUE,484.9566768,-401.5084104,142.8528735,-179.9913107,0.377931945,179.9745099,-8.886225642,-2.038347753,2.332509538,-0.359326511,0.712750847,0.060413281,-68.67664261,61.21840209,51.38906822,-76.36332321,-48.80894348,64.94155197,-11.99438896,1,1
103.966022,7,1572439380,AUT,FALSE,TRUE,TRUE,498.5845062,-400.4439087,144.7405476,-179.9964631,0.429673537,-179.9515228,-11.68717004,-1.466411213,3.90310558,-0.19516026,1.066649849,0.012085751,-67.03019028,61.94883842,51.35830993,-74.14194259,-48.79684753,65.89750328,-11.87959557,1,1
104.0665429,7,1572439380,AUT,FALSE,TRUE,TRUE,515.5388206,-399.540153,144.9848768,-179.9996078,0.447657258,-179.9874497,-8.924312389,-1.264178581,4.907814523,-0.19516026,1.066649849,0.012085751,-64.95713882,63.15880737,51.26866149,-71.13309974,-48.79864929,67.12239647,-11.93658714,1,1
104.167022,7,1572439380,AUT,FALSE,TRUE,TRUE,515.5388206,-399.540153,144.9848768,-179.9996078,0.447657258,-179.9874497,-8.924312389,-1.264178581,4.907814523,-0.0338734,1.084253131,0.052506929,-64.95713882,63.15880737,51.26866149,-71.13309974,-48.79864929,67.12239647,-11.93658714,1,1
104.2675529,7,1572439380,AUT,FALSE,TRUE,TRUE,534.8802111,-399.0892433,144.1388984,179.9843347,0.417643799,-179.994085,-7.297436303,0.446220994,2.447860801,-0.333607292,0.366358472,0.087761398,-62.43531646,64.73366318,51.04851264,-67.25433197,-48.83521728,68.53864403,-12.15237579,1,1
104.3680239,7,1572439380,AUT,FALSE,TRUE,TRUE,553.034125,-398.9781944,144.1670441,-179.973529,0.368177231,179.9732545,-4.051653318,-0.419142631,2.155701561,-0.426010004,-0.231668976,0.016524111,-60.02000313,66.27008399,50.90716667,-63.33219566,-48.84937316,70.07107544,-12.64535637,1,1
104.4684999,7,1572439380,AUT,FALSE,TRUE,TRUE,570.207603,-398.3669824,145.5812261,-179.9891207,0.297061922,179.9701996,0.394435276,-0.634411481,1.269561276,-0.630178942,-0.92756714,-0.002733887,-57.70578461,67.6557312,50.85363579,-59.41428909,-48.87339477,71.70137786,-13.1129139,1,1
104.5689929,7,1572439381,AUT,FALSE,TRUE,TRUE,570.207603,-398.3669824,145.5812261,-179.9891207,0.297061922,179.9701996,0.394435276,-0.634411481,1.269561276,-0.630178942,-0.92756714,-0.002733887,-57.70578461,67.6557312,50.85363579,-59.41428909,-48.87339477,71.70137786,-13.1129139,1,1
104.6695409,7,1572439381,AUT,FALSE,TRUE,TRUE,583.3047684,-399.51375,147.3563278,-179.983745,0.105921677,-179.9593421,4.318931856,-0.127080799,0.81289433,-0.259296434,-0.952697911,0.011804167,-55.74557648,68.82014808,50.70526543,-55.85691261,-48.8757019,73.25739212,-13.77828369,1,1
104.7701499,7,1572439381,AUT,FALSE,TRUE,TRUE,591.0757471,-402.6610481,147.3892156,-179.9635314,-0.04030194,-179.9884962,7.266651063,2.457903599,1.900013838,0.11912274,-1.269683428,-0.253621615,-54.4681961,69.81523819,50.53409156,-53.08449898,-48.84244628,74.38990402,-14.62931214,1,1
104.8710289,7,1572439381,AUT,FALSE,TRUE,TRUE,595.4782217,-403.4682289,145.7605792,-179.8634959,-0.082124357,179.8464156,7.166052768,6.203773897,0.82660682,0.571261029,-1.227034128,-0.560963369,-53.80036811,70.52310791,50.53451729,-51.55714188,-48.83732666,74.91969223,-15.15093269,1,1
104.9713759,7,1572439381,AUT,FALSE,TRUE,TRUE,595.4782217,-403.4682289,145.7605792,-179.8634959,-0.082124357,179.8464156,7.166052768,6.203773897,0.82660682,0.571261029,-1.227034128,-0.560963369,-53.80036811,70.52310791,50.53451729,-51.55714188,-48.83732666,74.91969223,-15.15093269,1,1
105.0718439,7,1572439381,AUT,FALSE,TRUE,TRUE,600.1920085,-394.0535652,143.4014619,-179.7715214,-0.133657696,179.6500075,2.082263511,6.77275967,-1.505656872,0.150984343,0.155268142,-1.063488643,-53.29822426,70.71747322,50.5946537,-51.58794479,-48.86162292,74.80271186,-14.40325814,1,1
105.172312,7,1572439381,AUT,FALSE,TRUE,TRUE,603.7981021,-380.5155413,143.8842522,-179.7449893,-0.266516215,179.6241015,4.060645719,6.433396184,-0.937764722,0.185354215,0.194828577,-1.121017343,-52.5363533,70.25145034,50.7060894,-52.95245361,-48.8705603,74.54015236,-12.89135742,1,1
105.2728529,7,1572439381,AUT,FALSE,TRUE,TRUE,606.4702796,-362.3296981,145.8046526,-179.7628164,-0.305053162,179.6222126,4.183671204,5.856577201,0.512453805,0.152848338,0.206105146,-1.06987548,-52.03073158,69.32728729,50.87026978,-55.14361153,-48.83401428,73.94461097,-10.72363129,1,1
105.373333,7,1572439381,AUT,FALSE,TRUE,TRUE,606.4702796,-362.3296981,145.8046526,-179.7628164,-0.305053162,179.6222126,4.183671204,5.856577201,0.512453805,0.152848338,0.206105146,-1.06987548,-52.03073158,69.32728729,50.87026978,-55.14361153,-48.83401428,73.94461097,-10.72363129,1,1
105.4738159,7,1572439381,AUT,FALSE,TRUE,TRUE,607.4484936,-340.8094661,147.2376374,-179.7839913,-0.292390912,179.6282038,1.882220707,5.378172097,0.859090177,0.274861028,0.451046894,-0.851758903,-51.64877472,68.14690589,51.05778579,-58.08933792,-48.79209045,72.97478256,-8.121028519,1,1
105.5743189,7,1572439382,AUT,FALSE,TRUE,TRUE,606.9312988,-315.2083455,147.9748813,-179.8435218,-0.288023032,179.6160212,-0.028434822,5.00748365,1.396093081,0.158050698,0.596913365,-0.654256929,-51.21729011,66.75700836,51.30092697,-61.70602684,-48.77330932,71.72291107,-4.939854819,1,1
105.6747971,7,1572439382,AUT,FALSE,TRUE,TRUE,604.9134511,-286.3718368,147.0431611,-179.870472,-0.248635306,179.6159005,-0.79824678,3.611563694,0.691939674,0.002478271,0.546751285,-0.461635805,-50.64760093,65.29662322,51.47003403,-65.71171074,-48.77664916,70.12806358,-1.415938569,1,1
105.7753301,7,1572439382,AUT,FALSE,TRUE,TRUE,604.9134511,-286.3718368,147.0431611,-179.870472,-0.248635306,179.6159005,-0.79824678,3.611563694,0.691939674,0.002478271,0.546751285,-0.461635805,-49.80802231,63.91076316,51.6210926,-69.61069336,-48.82368713,68.44039535,2.306682581,1,1
105.8758969,7,1572439382,AUT,FALSE,TRUE,TRUE,602.6632852,-255.5971151,145.7286952,-179.9089016,-0.145899216,179.6177721,-3.47832494,3.741719883,1.201727367,-0.23867558,0.79346534,-0.303928277,-49.80802231,63.91076316,51.6210926,-69.61069336,-48.82368713,68.44039535,2.306682581,1,1
105.976397,7,1572439382,AUT,FALSE,TRUE,TRUE,601.0299929,-221.9357128,146.4656299,-179.9114993,-0.124750114,179.632413,-4.714505943,3.742084773,1.18378628,-0.210208066,0.92105294,-0.30012814,-48.47724494,62.52213936,51.87914428,-73.05758514,-48.84047424,67.16283646,6.176877594,1,1
106.0768659,7,1572439382,AUT,FALSE,TRUE,TRUE,600.6301615,-192.7050688,147.9134788,-179.8901815,-0.107440482,179.6908982,-6.229242511,5.90893534,3.099155236,0.411931331,1.469000292,-0.272915431,-46.92669983,61.42808647,52.1035469,-75.49663581,-48.83729919,66.32154121,9.480638119,1,1
106.177345,7,1572439382,AUT,FALSE,TRUE,TRUE,601.1112921,-163.1269441,148.2900599,-179.9396191,-0.106268145,179.711575,-4.437130176,3.113781247,3.358328392,0.411931331,1.469000292,-0.272915431,-45.04473152,60.63247032,52.23929672,-77.34527778,-48.82887817,65.62507667,12.75137786,1,1
106.277818,7,1572439382,AUT,FALSE,TRUE,TRUE,601.1112921,-163.1269441,148.2900599,-179.9396191,-0.106268145,179.711575,-4.437130176,3.113781247,3.358328392,-0.235485714,1.215223377,-0.38892165,-45.04473152,60.63247032,52.23929672,-77.34527778,-48.82887817,65.62507667,12.75137786,1,1
106.3782759,7,1572439382,AUT,FALSE,TRUE,TRUE,602.0244188,-134.1408704,146.3983797,-179.8891216,-0.14521026,179.6626802,-3.557211393,3.565708567,2.144546479,-0.228326172,1.069557512,-0.393848538,-42.95756607,60.21331444,52.23059692,-78.72463188,-48.84141357,64.94728889,15.76028594,1,1
106.4787929,7,1572439382,AUT,FALSE,TRUE,TRUE,603.8333943,-107.0212609,143.7308028,-179.8871689,-0.158286076,179.6958695,-3.931323712,3.449599375,2.47077052,-0.444545259,1.333191771,-0.405189896,-40.66876029,60.07439918,52.15795669,-79.57818031,-49.01349243,64.39691505,18.63836403,1,1
106.5792739,7,1572439383,AUT,FALSE,TRUE,TRUE,606.5303186,-82.45941711,141.5548406,-179.9587725,-0.183427353,179.8121059,-2.925544466,2.025908859,2.077318271,-0.461333631,1.370518151,-0.171352205,-38.32938308,60.09993553,51.99122886,-79.87174873,-49.15946228,64.12432708,21.21225814,1,1
106.6798649,7,1572439383,AUT,FALSE,TRUE,TRUE,609.8595821,-65.72128542,139.7214488,179.9762699,-0.091827488,179.9850431,-2.925544466,2.025908859,2.077318271,-0.461333631,1.370518151,-0.171352205,-36.42315216,60.17154579,51.60066833,-79.71212768,-49.17837524,63.88187256,22.87555046,1,1
106.780479,7,1572439383,AUT,FALSE,TRUE,TRUE,609.8595821,-65.72128542,139.7214488,179.9762699,-0.091827488,179.9850431,-1.435196075,-1.775835025,0.904773385,-0.773626022,0.65458326,0.169695777,-36.42315216,60.17154579,51.60066833,-79.71212768,-49.17837524,63.88187256,22.87555046,1,1
106.881321,7,1572439383,AUT,FALSE,TRUE,TRUE,616.1651516,-59.32738962,140.2021221,179.8711884,0.197006072,-179.83678,-5.94979181,-1.867373271,0.936531624,-0.559379901,0.535703619,0.219124605,-35.11644516,60.34261665,51.17781829,-78.75346756,-49.10266296,63.91914024,23.32376861,1,1
106.9818869,7,1572439383,AUT,FALSE,TRUE,TRUE,625.3998024,-59.35734277,142.7164872,179.9577884,0.252105334,-179.8216518,-7.189775682,0.737902835,2.671742855,0.017780846,0.435831962,0.095235778,-34.27041549,60.93579597,51.08651161,-76.68997764,-48.91894958,64.85039978,22.55811081,1,1
107.0824599,7,1572439383,AUT,FALSE,TRUE,TRUE,637.8278332,-62.32603733,145.1160572,179.9819247,0.290187815,-179.8631178,-6.80050409,2.530710191,3.06627424,0.278843795,0.559083783,-0.047149757,-33.4351284,61.97119217,51.12596626,-73.77100983,-48.86056274,66.18301048,21.34544678,1,1
107.18295,7,1572439383,AUT,FALSE,TRUE,TRUE,637.8278332,-62.32603733,145.1160572,179.9819247,0.290187815,-179.8631178,-6.80050409,2.530710191,3.06627424,0.278843795,0.559083783,-0.047149757,-33.4351284,61.97119217,51.12596626,-73.77100983,-48.86056274,66.18301048,21.34544678,1,1
107.2834499,7,1572439383,AUT,FALSE,TRUE,TRUE,652.5979384,-66.02062115,146.2956193,-179.9973426,0.301825544,-179.937423,-6.61574137,2.782072741,1.226740031,0.236130511,0.293147213,-0.104002062,-32.41824417,63.32025833,51.12038383,-70.27261963,-48.85910156,67.71548996,19.84937324,1,1
107.3839428,7,1572439383,AUT,FALSE,TRUE,TRUE,671.6702977,-69.4038629,146.1005788,-179.9930833,0.285497274,-179.9962896,-5.657056376,3.248070098,2.889391042,-0.287762971,0.338075787,-0.15881823,-30.68054008,65.40563507,51.00886574,-65.12161445,-48.93861511,69.62441597,18.00787239,1,1
107.4844129,7,1572439383,AUT,FALSE,TRUE,TRUE,671.6702977,-69.4038629,146.1005788,-179.9930833,0.285497274,-179.9962896,-5.657056376,3.248070098,2.889391042,-0.287762971,0.338075787,-0.15881823,-30.68054008,65.40563507,51.00886574,-65.12161445,-48.93861511,69.62441597,18.00787239,1,1
107.5848811,7,1572439384,AUT,FALSE,TRUE,TRUE,686.2340745,-70.37189949,144.7533878,-179.9749211,0.192862833,179.9882095,-2.245072678,3.908544724,2.255278254,0.041017537,0.245304484,-0.049200623,-29.1136013,67.10514793,50.88029823,-61.0354351,-49.02941162,71.15725937,16.64902839,1,1
107.6854141,7,1572439384,AUT,FALSE,TRUE,TRUE,699.24086,-69.47823922,142.6880642,179.9978386,0.119300713,179.9849352,0.255586596,3.041127128,0.817798706,-0.303168075,-0.23392843,-0.049515518,-27.48609009,68.68097534,50.67682457,-57.21891861,-49.09173156,72.45466919,15.5042633,1,1
107.7858949,7,1572439384,AUT,FALSE,TRUE,TRUE,709.5890145,-67.53020763,141.8088978,-179.9836654,0.022787995,179.9634754,4.348721971,2.620941365,-0.337262685,-0.30068543,-0.766891158,-0.125558604,-26.02818031,69.94622268,50.55861511,-54.00780373,-49.09682373,73.61022148,14.61326866,1,1
107.886364,7,1572439384,AUT,FALSE,TRUE,TRUE,709.5890145,-67.53020763,141.8088978,-179.9836654,0.022787995,179.9634754,4.348721971,2.620941365,-0.337262685,-0.30068543,-0.766891158,-0.125558604,-26.02818031,69.94622268,50.55861511,-54.00780373,-49.09682373,73.61022148,14.61326866,1,1
107.9868701,7,1572439384,AUT,FALSE,TRUE,TRUE,716.1538557,-61.44804733,142.9269991,-179.8864902,-0.074578548,179.9113645,6.155292045,7.09131791,-1.563748887,0.525688735,-0.995041934,-0.349745258,-24.75566139,70.69101677,50.61496124,-51.87143326,-49.09406616,74.57622184,14.26280822,1,1
108.0873489,7,1572439384,AUT,FALSE,TRUE,TRUE,719.2139259,-43.71095446,146.163865,-179.8532682,-0.118335164,179.8430701,1.722351875,7.647134721,1.268002102,0.642918183,-0.125693895,-0.698022364,-23.16509514,70.76662331,50.82276077,-51.14540863,-49.0607611,75.13744468,15.3593708,1,1
108.1878479,7,1572439384,AUT,FALSE,TRUE,TRUE,719.2139259,-43.71095446,146.163865,-179.8532682,-0.118335164,179.8430701,1.722351875,7.647134721,1.268002102,0.642918183,-0.125693895,-0.698022364,-23.16509514,70.76662331,50.82276077,-51.14540863,-49.0607611,75.13744468,15.3593708,1,1
108.2883639,7,1572439384,AUT,FALSE,TRUE,TRUE,719.2054902,-23.6981598,147.6412907,-179.8580147,-0.15089644,179.8609339,-2.821007695,5.19049691,1.072539496,0.240136733,0.794184519,-0.662125149,-21.69355888,70.55094108,50.84063072,-51.40166816,-48.98603759,75.17687187,17.02894935,1,1
108.3888559,7,1572439384,AUT,FALSE,TRUE,TRUE,719.0493847,-2.217180016,148.1725602,-179.8442505,-0.153483072,179.8646639,-4.912451616,5.832550876,2.005936963,0.374018325,1.270700913,-0.655924223,-20.04816055,70.43095664,50.84013977,-51.57949905,-48.94643188,75.14756927,18.78333549,1,1
108.489325,7,1572439384,AUT,FALSE,TRUE,TRUE,719.0493847,-2.217180016,148.1725602,-179.8442505,-0.153483072,179.8646639,-4.912451616,5.832550876,2.005936963,0.374018325,1.270700913,-0.655924223,-17.71984863,70.45933571,50.83004264,-51.58206711,-48.94318542,75.10292358,21.12366371,1,1
108.589992,7,1572439385,AUT,FALSE,TRUE,TRUE,718.5941955,27.30422711,147.7200784,-179.849253,-0.154752128,179.8506416,-4.170821363,7.835305212,2.312232717,0.998739238,1.185817173,-0.589711481,-17.71984863,70.45933571,50.83004264,-51.58206711,-48.94318542,75.10292358,21.12366371,1,1
108.690743,7,1572439385,AUT,FALSE,TRUE,TRUE,717.4765221,51.63213285,146.7183241,-179.9348296,-0.147444531,179.8428975,-1.894188975,4.839512044,1.342999588,0.268030786,0.74463394,-0.476898761,-15.7391304,70.54927597,50.7958477,-51.54022979,-48.95520446,75.02482109,23.13266144,1,1
108.791549,7,1572439385,AUT,FALSE,TRUE,TRUE,715.8041966,72.79377174,146.1182549,-179.9426493,-0.170322844,179.9566622,1.13853379,0.111999467,0.278385088,-0.524099072,0.12355826,-0.120709171,-13.97178383,70.60400848,50.71451111,-51.46202431,-48.99808959,75.04062423,24.83851204,1,1
108.892256,7,1572439385,AUT,FALSE,TRUE,TRUE,713.5745154,85.3451381,146.9112397,179.9498173,-0.365467213,-179.8131347,7.384174902,-4.404780793,-1.012771262,-0.524099072,0.12355826,-0.120709171,-12.79803199,70.51916313,50.61776962,-51.45006637,-48.99160217,75.31581802,26.03887481,1,1
108.992789,7,1572439385,AUT,FALSE,TRUE,TRUE,713.5745154,85.3451381,146.9112397,179.9498173,-0.365467213,-179.8131347,7.384174902,-4.404780793,-1.012771262,-0.977855248,-0.426940937,0.138260627,-12.79803199,70.51916313,50.61776962,-51.45006637,-48.99160217,75.31581802,26.03887481,1,1
109.0932949,7,1572439385,AUT,FALSE,TRUE,TRUE,707.7521391,90.77024156,149.3920639,-179.9783852,-0.627879368,-179.7097353,10.39269161,-1.345380328,-0.773717335,0.0355031,0.056912235,-0.093923684,-12.70538292,69.86534614,50.63727722,-52.68253326,-48.79862731,75.33151474,26.88483238,1,1
109.1937599,7,1572439385,AUT,FALSE,TRUE,TRUE,698.0073773,92.69380051,150.027465,-179.9565548,-0.76635568,-179.730653,10.28147869,2.45854603,0.733377772,0.651241839,0.371125718,-0.174891339,-13.47876892,68.78112259,50.68352279,-55.42189865,-48.57960388,74.49220733,28.02624664,1,1
109.2942491,7,1572439385,AUT,FALSE,TRUE,TRUE,698.0073773,92.69380051,150.027465,-179.9565548,-0.76635568,-179.730653,10.28147869,2.45854603,0.733377772,0.651241839,0.371125718,-0.174891339,-13.47876892,68.78112259,50.68352279,-55.42189865,-48.57960388,74.49220733,28.02624664,1,1
109.394721,7,1572439385,AUT,FALSE,TRUE,TRUE,683.1700893,95.04720525,148.3178536,-179.9377786,-0.745899582,-179.7224745,7.996316469,3.904523914,1.831464184,1.053399619,0.591795047,-0.1419217,-14.68890953,67.27692947,50.71304512,-59.6693367,-48.49893127,72.75835876,29.85258979,1,1
109.4952359,7,1572439385,AUT,FALSE,TRUE,TRUE,664.6572152,96.4887016,145.7509597,-179.9851868,-0.630654266,-179.7215514,3.173436168,-0.941606283,-1.104430456,-0.254069648,0.708284935,-0.153315209,-16.18855018,65.49157562,50.73444099,-64.81481438,-48.4904663,70.52133979,32.02296638,1,1
109.595741,7,1572439386,AUT,FALSE,TRUE,TRUE,664.6572152,96.4887016,145.7509597,-179.9851868,-0.630654266,-179.7215514,3.173436168,-0.941606283,-1.104430456,-0.254069648,0.708284935,-0.153315209,-16.18855018,65.49157562,50.73444099,-64.81481438,-48.4904663,70.52133979,32.02296638,1,1
109.696229,7,1572439386,AUT,FALSE,TRUE,TRUE,641.613218,94.03496049,145.0049831,-179.957666,-0.443013066,-179.6980332,-1.099430081,2.885195009,0.063650947,0.563190517,0.787613345,-0.32839677,-18.30252571,63.07284965,50.81973609,-70.95369987,-48.45938049,67.91063117,34.16620674,1,1
109.796695,7,1572439386,AUT,FALSE,TRUE,TRUE,625.8823508,90.12125178,146.2627952,-179.8699374,-0.382384627,-179.698053,-4.240956355,5.797818381,2.038722186,1.137850436,1.340653151,-0.438372504,-19.89357604,61.33226509,50.98843116,-74.90571556,-48.32089233,66.38064079,35.23191833,1,1
109.897193,7,1572439386,AUT,FALSE,TRUE,TRUE,614.2357867,87.00585359,147.2533012,-179.8711549,-0.203975543,-179.8181965,-8.651102287,8.021988019,3.457674902,1.2239642,1.773007779,-0.788694909,-21.1974575,59.97776756,51.14109993,-77.86707001,-48.20082275,65.06237411,35.97182006,1,1
109.9977229,7,1572439386,AUT,FALSE,TRUE,TRUE,614.2357867,87.00585359,147.2533012,-179.8711549,-0.203975543,-179.8181965,-8.651102287,8.021988019,3.457674902,1.2239642,1.773007779,-0.788694909,-21.76159172,59.32697525,51.26674576,-79.45522613,-48.15016479,64.32016182,36.43975524,1,1
110.0982718,7,1572439386,AUT,FALSE,TRUE,TRUE,607.5729664,87.3642431,147.1228531,-179.7699983,-0.154580663,-179.9497124,-10.64513603,11.85785525,5.822120501,1.59231118,2.165390903,-1.126776697,-21.76159172,59.32697525,51.26674576,-79.45522613,-48.15016479,64.32016182,36.43975524,1,1
110.1987419,7,1572439386,AUT,FALSE,TRUE,TRUE,604.3610775,95.38413718,144.3815356,-179.7410312,-0.180115268,179.8721632,-8.467056152,12.67039855,5.553243733,1.193383309,2.26620014,-1.24158355,-21.28385124,59.42108688,51.33759384,-79.94948044,-48.27223937,63.91310806,37.33326644,1,1
110.2992539,7,1572439386,AUT,FALSE,TRUE,TRUE,602.7630962,111.4900757,140.7651155,-179.7354695,-0.137041566,179.7670668,-4.879400243,13.7240308,2.899890123,1.251873415,1.354055184,-1.049047666,-19.83323364,59.90039978,51.39019775,-79.79834289,-48.63700744,63.69874763,38.91347465,1,1
110.3997478,7,1572439386,AUT,FALSE,TRUE,TRUE,601.6948897,132.5457234,138.9032245,-179.8184587,-0.070348627,179.7309215,-3.339555467,9.869338473,1.531463716,0.714338921,0.756481921,-0.800555772,-17.73245201,60.40379676,51.44304886,-79.20501251,-48.93979614,63.77750244,40.86982727,1,1
110.5003989,7,1572439386,AUT,FALSE,TRUE,TRUE,601.6948897,132.5457234,138.9032245,-179.8184587,-0.070348627,179.7309215,-3.339555467,9.869338473,1.531463716,0.714338921,0.756481921,-0.800555772,-17.73245201,60.40379676,51.44304886,-79.20501251,-48.93979614,63.77750244,40.86982727,1,1
110.601413,7,1572439387,AUT,FALSE,TRUE,TRUE,600.3545149,157.8491274,139.6765923,-179.8156845,-0.048829248,179.7163834,-2.230986435,8.541737593,0.008162297,0.009150694,0.577490494,-0.782195733,-15.11558418,60.82420234,51.52323532,-78.18456802,-49.01304748,64.26249389,42.86581306,1,1
110.7021699,7,1572439387,AUT,FALSE,TRUE,TRUE,599.268365,184.4991165,143.365279,-179.8703335,-0.00295931,179.7822001,-1.856053615,8.072843573,0.676051449,0.129087279,0.457155983,-0.641282262,-12.32152404,61.13064537,51.67062378,-76.78967857,-48.97801208,65.13157081,44.81517906,1,1
110.8026531,7,1572439387,AUT,FALSE,TRUE,TRUE,597.7478722,210.2980111,146.5794799,-179.8875591,-0.037734765,179.8383974,-1.818841973,4.436845981,2.122904039,-0.26945312,0.459173519,-0.426077231,-9.451517481,61.52356109,51.74776153,-75.15025063,-48.83517333,66.08780364,46.53477974,1,1
110.903121,7,1572439387,AUT,FALSE,TRUE,TRUE,597.7478722,210.2980111,146.5794799,-179.8875591,-0.037734765,179.8383974,-1.818841973,4.436845981,2.122904039,-0.26945312,0.459173519,-0.426077231,-6.886395263,62.07979889,51.65162086,-73.490522,-48.79276062,66.83773041,47.91275368,1,1
111.003653,7,1572439387,AUT,FALSE,TRUE,TRUE,596.9157419,232.3248626,147.5672012,-179.9350414,-0.043116415,179.9031815,-1.53770114,3.576666685,2.33438001,-0.365546137,0.490176544,-0.430340639,-6.886395263,62.07979889,51.65162086,-73.490522,-48.79276062,66.83773041,47.91275368,1,1
111.104136,7,1572439387,AUT,FALSE,TRUE,TRUE,595.9156526,250.2283172,146.6660455,-179.9380691,-0.13595244,179.9045397,0.186090359,3.159727216,3.145697814,-0.613273611,0.492799666,-0.356324333,-4.815939325,62.74099044,51.56012535,-72.02550201,-48.7861029,67.408992,48.91621399,1,1
111.204617,7,1572439387,AUT,FALSE,TRUE,TRUE,593.9070833,262.7862336,144.8400341,-179.9616059,-0.286638712,-179.9408345,6.563171906,0.700410009,-0.121134803,-0.777166048,-0.196262055,-0.034020835,-3.2482418,63.25842247,51.39263534,-71.06755256,-48.82883972,67.81157226,49.79048194,1,1
111.3051169,7,1572439387,AUT,FALSE,TRUE,TRUE,586.4947138,272.5644854,143.6387572,179.9695416,-0.505952497,-179.8828261,7.347743658,0.507459226,-0.883229604,-0.571681327,0.324490089,0.209997045,-2.369332119,63.25604324,51.46707801,-71.47778892,-48.83455261,67.79502068,51.03564491,1,1
111.405592,7,1572439387,AUT,FALSE,TRUE,TRUE,586.4947138,272.5644854,143.6387572,179.9695416,-0.505952497,-179.8828261,7.347743658,0.507459226,-0.883229604,-0.571681327,0.324490089,0.209997045,-2.369332119,63.25604324,51.46707801,-71.47778892,-48.83455261,67.79502068,51.03564491,1,1
111.506053,7,1572439387,AUT,FALSE,TRUE,TRUE,575.5872107,278.9011414,144.4764989,179.9524152,-0.524676636,-179.7841236,7.180863404,0.037863697,-1.512552955,-0.490949709,0.223032558,0.377054957,-2.053708644,62.57558097,51.62477302,-73.10751114,-48.86407287,67.31438942,52.58453865,1,1
111.606575,7,1572439388,AUT,FALSE,TRUE,TRUE,560.5810444,281.4393744,145.3954564,179.9155878,-0.531042023,-179.6441598,5.530976804,-0.390107481,-0.471888217,-0.050330435,0.293003176,0.600394064,-2.225668713,61.32410431,51.71090584,-75.91453857,-48.77121093,66.35122146,54.36112747,1,1
111.7070761,7,1572439388,AUT,FALSE,TRUE,TRUE,541.4749201,279.5995859,144.6177378,179.9349816,-0.521451313,-179.6105762,4.35570089,0.295438865,1.36826948,-0.050330435,0.293003176,0.600394064,-2.949423975,59.61523933,51.69687767,-79.94416237,-48.59427612,64.6128582,56.29587822,1,1
111.807539,7,1572439388,AUT,FALSE,TRUE,TRUE,541.4749201,279.5995859,144.6177378,179.9349816,-0.521451313,-179.6105762,4.35570089,0.295438865,1.36826948,-0.011836202,0.482827879,0.386178267,-2.949423975,59.61523933,51.69687767,-79.94416237,-48.59427612,64.6128582,56.29587822,1,1
111.908042,7,1572439388,AUT,FALSE,TRUE,TRUE,522.0162001,275.5122392,141.6658721,179.985724,-0.491071377,-179.6452101,-0.263310678,4.955415662,3.246481644,0.53678281,1.286153432,0.093853713,-3.881023406,57.99035454,51.66389122,-84.17746582,-48.58959045,62.53854675,58.11995544,1,1
112.0085208,7,1572439388,AUT,FALSE,TRUE,TRUE,504.6139573,270.3390082,138.5791775,-179.9332734,-0.448034069,-179.6966985,-0.830433293,5.49697439,2.295529887,0.386853103,1.4698433,-0.271195704,-4.803349681,56.54864959,51.62159729,-87.99566116,-48.69293884,60.58250656,59.65291901,1,1
112.1090178,7,1572439388,AUT,FALSE,TRUE,TRUE,488.9680485,267.4475414,136.8456574,-179.8626111,-0.381915055,-179.7840255,-0.830433293,5.49697439,2.295529887,0.386853103,1.4698433,-0.271195704,-5.4539154,55.2720417,51.69066696,-91.21179543,-48.80031372,58.93464317,61.10520515,1,1
118.1499538,8,1572439394,AUT,FALSE,FALSE,TRUE,471.9358298,-400.0213905,169.9453553,-179.995696,-0.013555868,-179.9983984,-2.294052186,-1.115321301,2.134875887,-0.358462654,0.595240944,0.048212183,-70.14929123,57.78397636,51.90192375,-78.18027305,-46.64499389,66.32525253,-12.89096947,0.5,1
118.2508259,8,1572439394,AUT,FALSE,TRUE,TRUE,472.2215832,-399.3757367,169.260154,-179.9451109,-0.043290064,179.928795,-1.391240972,-0.208663661,2.790154191,-0.340301349,0.379024996,-0.095609912,-70.10115738,57.84509811,51.90123711,-78.17932548,-46.64568054,66.32870636,-12.88782463,1,1
118.351604,8,1572439394,AUT,FALSE,TRUE,TRUE,471.8324111,-399.0177719,165.6108558,-179.9398569,-0.25070432,179.8507675,-0.256644189,-0.424088235,4.644578095,-0.540811034,0.449337144,-0.210360215,-70.02731209,58.18867149,51.84073677,-78.17721748,-46.86860412,66.31255989,-12.76703682,1,1
118.452076,8,1572439394,AUT,FALSE,TRUE,TRUE,472.0496315,-400.4230372,158.4157978,-179.9498029,-0.071760586,179.8583013,-0.613179467,-0.721011742,4.127409211,-0.791308207,0.35677447,-0.236183048,-70.01153297,58.8115139,51.61068649,-78.17629738,-47.32763488,65.63572311,-12.67621079,1,1
118.5525579,8,1572439395,AUT,FALSE,TRUE,TRUE,472.0496315,-400.4230372,158.4157978,-179.9498029,-0.071760586,179.8583013,-0.613179467,-0.721011742,4.127409211,-0.791308207,0.35677447,-0.236183048,-70.01153297,58.8115139,51.61068649,-78.17629738,-47.32763488,65.63572311,-12.67621079,1,1
118.653111,8,1572439395,AUT,FALSE,TRUE,TRUE,471.7100377,-401.8932295,150.0957891,-179.9208665,-0.036777437,179.8796857,-0.270412131,0.575269372,1.787770556,-0.776227599,-0.061562518,-0.364022478,-69.98997574,59.58095856,51.33663254,-78.17214661,-47.91189331,64.98498573,-12.58247681,1,1
118.7535999,8,1572439395,AUT,FALSE,TRUE,TRUE,472.3282597,-402.5048161,142.4640797,-179.9081187,0.068677799,179.829599,-0.122206437,0.908908812,0.219123114,-0.618066347,-0.18944121,-0.361238236,-69.95505294,60.40430488,51.25293045,-78.09416084,-48.52301879,64.46196098,-12.39412308,1,1
118.8540659,8,1572439395,AUT,FALSE,TRUE,TRUE,472.3282597,-402.5048161,142.4640797,-179.9081187,0.068677799,179.829599,-0.122206437,0.908908812,0.219123114,-0.618066347,-0.18944121,-0.361238236,-69.95505294,60.40430488,51.25293045,-78.09416084,-48.52301879,64.46196098,-12.39412308,1,1
118.9545469,8,1572439395,AUT,FALSE,TRUE,TRUE,474.6782143,-402.1522707,141.2168323,-179.9428439,0.218821123,179.86036,-3.278299074,0.584500041,0.625869952,-0.475405542,-0.004616708,-0.231296381,-69.7769474,60.68936576,51.31776352,-77.87582474,-48.73326965,64.35736427,-12.20171128,1,1
119.0550148,8,1572439395,AUT,FALSE,TRUE,TRUE,480.748493,-400.5637389,141.7518894,-179.980811,0.336890695,179.9274832,-8.678845235,-1.664659173,3.091352471,-0.747580018,0.471822679,-0.000140297,-69.119244,60.93615646,51.33289032,-77.18439331,-48.77691833,64.56360855,-11.92008019,1,1
119.1555309,8,1572439395,AUT,FALSE,TRUE,TRUE,480.748493,-400.5637389,141.7518894,-179.980811,0.336890695,179.9274832,-8.678845235,-1.664659173,3.091352471,-0.747580018,0.471822679,-0.000140297,-69.119244,60.93615646,51.33289032,-77.18439331,-48.77691833,64.56360855,-11.92008019,1,1
119.256104,8,1572439395,AUT,FALSE,TRUE,TRUE,495.7573444,-399.1811723,143.1354948,179.9785375,0.434847232,179.9853343,-10.25059379,-3.043046349,2.955506155,-0.935202285,0.426037486,0.061501747,-67.32922439,61.79715843,51.29810829,-74.81315231,-48.77944519,65.50552826,-11.72103539,1,1
119.3566129,8,1572439395,AUT,FALSE,TRUE,TRUE,518.1730034,-398.0709397,144.0267226,179.9887832,0.441753386,179.9884333,-7.667246026,-2.347225205,3.779863977,-0.864176257,0.200845662,0.240613788,-64.55817375,63.3677845,51.19876442,-70.75234451,-48.80049499,67.17432403,-11.78828888,1,1
119.4571679,8,1572439395,AUT,FALSE,TRUE,TRUE,518.1730034,-398.0709397,144.0267226,179.9887832,0.441753386,179.9884333,-7.667246026,-2.347225205,3.779863977,-0.864176257,0.200845662,0.240613788,-64.55817375,63.3677845,51.19876442,-70.75234451,-48.80049499,67.17432403,-11.78828888,1,1
119.5576589,8,1572439396,AUT,FALSE,TRUE,TRUE,537.6653384,-398.2557412,143.5371513,179.9616824,0.424739149,-179.9887233,-4.317570055,-3.25478391,3.169319949,-0.799989028,0.022833391,0.332379296,-62.03194999,64.93654976,50.97655906,-66.80432167,-48.82701599,68.62335205,-12.10219918,1,1
119.6581728,8,1572439396,AUT,FALSE,TRUE,TRUE,557.3331033,-398.3640393,142.4588444,179.9455343,0.370252463,179.9796902,-0.701408567,-1.616657008,-0.472727032,-0.704779852,-0.545990484,0.210056562,-59.43740844,66.66544761,50.72837104,-62.47377548,-48.8345581,70.2279396,-12.61406251,1,1
119.7586889,8,1572439396,AUT,FALSE,TRUE,TRUE,575.3707455,-398.6239143,143.0405987,179.9768135,0.32978748,179.9645994,-2.405833392,2.144452073,0.083078064,-0.00346559,0.208115783,0.197881127,-56.94128036,68.27431984,50.61489944,-58.17141266,-48.84662109,71.88056488,-13.2913044,1,1
119.8592379,8,1572439396,AUT,FALSE,TRUE,TRUE,590.0773074,-399.8652847,145.3514444,179.9956232,0.128495997,179.9946488,-2.405833392,2.144452073,0.083078064,-0.00346559,0.208115783,0.197881127,-54.76954422,69.61333008,50.53585624,-54.0842205,-48.85275146,73.71890716,-14.13410339,1,1
119.959832,8,1572439396,AUT,FALSE,TRUE,TRUE,590.0773074,-399.8652847,145.3514444,179.9956232,0.128495997,179.9946488,0.635189256,2.684395358,2.796505996,0.20162253,0.118425701,0.134969839,-54.76954422,69.61333008,50.53585624,-54.0842205,-48.85275146,73.71890716,-14.13410339,1,1
120.0604959,8,1572439396,AUT,FALSE,TRUE,TRUE,599.1924156,-401.8159316,146.468499,-179.9612461,-0.084900589,179.9408398,8.519809591,3.643018009,1.960655808,0.122561488,-1.050605558,-0.24445957,-53.26527557,70.66524696,50.4582653,-50.9548851,-48.84391845,75.14822159,-14.99444962,1,1
120.1611249,8,1572439396,AUT,FALSE,TRUE,TRUE,603.9384805,-401.1988472,144.9279284,-179.8699589,-0.146327239,179.7923657,8.360913009,7.714068026,1.422905729,0.617208925,-1.053194694,-0.497251009,-52.50219269,71.32536735,50.45575561,-49.51267548,-48.84386352,75.65372314,-15.35502434,1,1
120.2616029,8,1572439396,AUT,FALSE,TRUE,TRUE,606.5263358,-394.7608951,142.3552116,-179.7619392,-0.230384277,179.6194206,5.873853478,6.478214414,-0.792139934,-0.188586709,-0.366208166,-1.012856243,-52.09610023,71.4687561,50.48117866,-49.76468811,-48.84634094,75.52098426,-14.86048164,1,1
120.3620651,8,1572439396,AUT,FALSE,TRUE,TRUE,606.5263358,-394.7608951,142.3552116,-179.7619392,-0.230384277,179.6194206,5.873853478,6.478214414,-0.792139934,-0.188586709,-0.366208166,-1.012856243,-52.09610023,71.4687561,50.48117866,-49.76468811,-48.84634094,75.52098426,-14.86048164,1,1
120.46259,8,1572439396,AUT,FALSE,TRUE,TRUE,608.3040548,-382.9637806,141.3658891,-179.7925296,-0.323579135,179.5796782,6.500068313,5.578961555,0.267517703,-0.509530341,-0.080505014,-0.955887154,-51.79450493,71.05642204,50.51302185,-51.18400497,-48.84933471,75.01377639,-13.43697281,1,1
120.5630679,8,1572439397,AUT,FALSE,TRUE,TRUE,608.3040548,-382.9637806,141.3658891,-179.7925296,-0.323579135,179.5796782,6.500068313,5.578961555,0.267517703,-0.509530341,-0.080505014,-0.955887154,-51.79450493,71.05642204,50.51302185,-51.18400497,-48.84933471,75.01377639,-13.43697281,1,1
120.6635261,8,1572439397,AUT,FALSE,TRUE,TRUE,608.0187351,-358.2156283,144.3930181,-179.8123837,-0.341241386,179.5908244,3.093672482,6.119101347,0.065877508,0.002859584,0.349850088,-0.706831255,-51.71363525,69.76564521,50.73477745,-54.45200844,-48.83534912,74.03455467,-10.9148655,1,1
120.763998,8,1572439397,AUT,FALSE,TRUE,TRUE,606.0845824,-336.1778653,146.9928433,-179.8515627,-0.30302663,179.624729,1.633304184,4.166292158,0.323551293,-0.149560201,0.331827891,-0.551522434,-51.70512428,67.76755485,51.04502792,-59.12007523,-48.73454406,72.59313125,-7.424131394,1,1
120.864466,8,1572439397,AUT,FALSE,TRUE,TRUE,603.2599716,-311.3929492,146.8557022,-179.8924568,-0.235208468,179.624834,-1.770114661,4.382175069,2.959552102,-0.085354903,0.79451713,-0.380783754,-51.56976585,66.24209976,51.22986259,-63.1827507,-48.71120361,70.99926224,-4.264710619,1,1
120.964987,8,1572439397,AUT,FALSE,TRUE,TRUE,603.2599716,-311.3929492,146.8557022,-179.8924568,-0.235208468,179.624834,-1.770114661,4.382175069,2.959552102,-0.085354903,0.79451713,-0.380783754,-51.13056679,64.86805343,51.38345146,-67.12950668,-48.75184204,69.33548241,-0.89302025,1,1
121.0654919,8,1572439397,AUT,FALSE,TRUE,TRUE,600.5083653,-284.0422013,145.3634573,-179.9150859,-0.155108291,179.6170626,-4.803746393,4.25943176,1.67057386,-0.164398773,0.924490314,-0.17989646,-51.13056679,64.86805343,51.38345146,-67.12950668,-48.75184204,69.33548241,-0.89302025,1,1
121.165942,8,1572439397,AUT,FALSE,TRUE,TRUE,598.8003957,-249.1257343,145.7156162,-179.9252411,-0.102882257,179.6539889,-4.803746393,4.25943176,1.67057386,-0.164398773,0.924490314,-0.17989646,-50.00253868,63.27564354,51.60479507,-71.13272209,-48.77332031,67.75179977,3.234670256,1,1
121.266387,8,1572439397,AUT,FALSE,TRUE,TRUE,598.8003957,-249.1257343,145.7156162,-179.9252411,-0.102882257,179.6539889,-3.630761462,2.652909348,0.931139753,-0.433014339,0.690108383,-0.152090718,-50.00253868,63.27564354,51.60479507,-71.13272209,-48.77332031,67.75179977,3.234670256,1,1
121.366833,8,1572439397,AUT,FALSE,TRUE,TRUE,599.2993184,-207.4139318,147.8358703,-179.8934142,-0.122143665,179.6515289,-5.035279132,5.009073621,2.160950992,0.051185578,1.156024593,-0.264268176,-47.94789276,61.76712112,52.00864219,-74.65565986,-48.76823913,66.64191971,7.864367294,1,1
121.4672949,8,1572439397,AUT,FALSE,TRUE,TRUE,599.2993184,-207.4139318,147.8358703,-179.8934142,-0.122143665,179.6515289,-5.035279132,5.009073621,2.160950992,0.051185578,1.156024593,-0.264268176,-47.94789276,61.76712112,52.00864219,-74.65565986,-48.76823913,66.64191971,7.864367294,1,1
121.567766,8,1572439398,AUT,FALSE,TRUE,TRUE,600.0162603,-173.595434,146.593213,-179.8808189,-0.152121523,179.6293847,-4.208072267,5.028165534,2.739400389,0.092553398,1.35696213,-0.236427559,-45.86443176,60.95721931,52.10167923,-76.83369255,-48.78107666,65.69191131,11.53164825,1,1
121.6682689,8,1572439398,AUT,FALSE,TRUE,TRUE,600.0162603,-173.595434,146.593213,-179.8808189,-0.152121523,179.6293847,-4.208072267,5.028165534,2.739400389,0.092553398,1.35696213,-0.236427559,-43.38851509,60.36656684,52.08056488,-78.69873848,-48.90590881,64.62848625,16.07010383,1,1
121.7687819,8,1572439398,AUT,FALSE,TRUE,TRUE,601.2616541,-132.2109763,144.1085285,-179.9633415,-0.140400379,179.665509,-1.987734146,2.820792741,0.99445087,-0.699074595,0.902052559,-0.226248197,-43.38851509,60.36656684,52.08056488,-78.69873848,-48.90590881,64.62848625,16.07010383,1,1
121.8692939,8,1572439398,AUT,FALSE,TRUE,TRUE,601.2616541,-132.2109763,144.1085285,-179.9633415,-0.140400379,179.665509,-1.987734146,2.820792741,0.99445087,-0.699074595,0.902052559,-0.226248197,-40.30224953,59.86664428,52.06703109,-79.9267765,-48.94082336,64.22695999,19.24904251,1,1
121.96999,8,1572439398,AUT,FALSE,TRUE,TRUE,603.1236893,-101.7846539,143.9810621,-179.9347491,-0.19237879,179.7755106,-0.736239122,0.531146335,1.176995705,-1.130765939,0.787553735,-0.06917163,-40.30224953,59.86664428,52.06703109,-79.9267765,-48.94082336,64.22695999,19.24904251,1,1
122.0704911,8,1572439398,AUT,FALSE,TRUE,TRUE,606.000703,-76.42796238,143.3846107,179.9832281,-0.106480924,179.961907,-1.465819041,-1.188658136,1.153110735,-1.020828609,0.801506264,0.159458602,-37.74440918,59.65495148,51.79152488,-80.21971664,-48.93769226,63.98110656,21.88543854,1,1
122.171418,8,1572439398,AUT,FALSE,TRUE,TRUE,606.000703,-76.42796238,143.3846107,179.9832281,-0.106480924,179.961907,-1.465819041,-1.188658136,1.153110735,-1.020828609,0.801506264,0.159458602,-37.74440918,59.65495148,51.79152488,-80.21971664,-48.93769226,63.98110656,21.88543854,1,1
122.272109,8,1572439398,AUT,FALSE,TRUE,TRUE,611.3534271,-69.99914096,144.27896,179.9263428,0.17074993,-179.9218091,-6.032936456,0.145370797,1.263880051,-0.585250651,0.449382584,0.058875041,-36.61091881,59.73806648,51.48982658,-79.48628998,-48.85349304,63.97276726,22.35600013,1,1
122.3726001,8,1572439398,AUT,FALSE,TRUE,TRUE,611.3534271,-69.99914096,144.27896,179.9263428,0.17074993,-179.9218091,-6.032936456,0.145370797,1.263880051,-0.585250651,0.449382584,0.058875041,-35.69976081,60.40674934,51.47176781,-77.33414383,-48.76721191,64.97114639,21.42227554,1,1
122.473134,8,1572439398,AUT,FALSE,TRUE,TRUE,624.5637361,-70.06694748,147.3111567,179.9835024,0.268480189,-179.9211623,-7.681400765,2.606644653,3.636350174,0.015866559,0.620053396,0.043246087,-35.69976081,60.40674934,51.47176781,-77.33414383,-48.76721191,64.97114639,21.42227554,1,1
122.573602,8,1572439399,AUT,FALSE,TRUE,TRUE,637.1912168,-72.04774036,148.7993677,179.9645621,0.297982964,-179.9690794,-8.599383474,3.247503544,2.440916585,0.030490077,0.616638692,0.1246137,-34.46906548,61.80278206,51.4719841,-73.63702469,-48.76066955,66.56227569,20.37242203,1,1
122.674067,8,1572439399,AUT,FALSE,TRUE,TRUE,651.5156539,-74.58107184,150.0771067,179.9792599,0.282815946,179.9891929,-6.044962534,3.694844326,1.024370079,-0.112754421,0.293393534,0.082702416,-33.26777573,63.18404846,51.43208999,-70.04133339,-48.76876098,68.08270797,19.05081138,1,1
122.774544,8,1572439399,AUT,FALSE,TRUE,TRUE,666.4983117,-76.64444883,151.1410233,179.9635641,0.286248853,179.9572679,-3.848852081,2.331482134,0.155552015,-0.482944373,0.004445986,0.105851613,-31.89253807,64.65831413,51.37130127,-66.16854286,-48.80513122,69.64997978,17.70477333,1,1
122.875092,8,1572439399,AUT,FALSE,TRUE,TRUE,666.4983117,-76.64444883,151.1410233,179.9635641,0.286248853,179.9572679,-3.848852081,2.331482134,0.155552015,-0.482944373,0.004445986,0.105851613,-31.89253807,64.65831413,51.37130127,-66.16854286,-48.80513122,69.64997978,17.70477333,1,1
122.975584,8,1572439399,AUT,FALSE,TRUE,TRUE,680.7026879,-78.24937194,151.8939936,179.9934179,0.239492822,179.9640519,-3.100878371,2.704021703,0.931408872,-0.237120431,-0.024026689,0.10349202,-30.43868294,66.09356117,51.24670944,-62.28637962,-48.82337402,71.20166473,16.34075546,1,1
123.0760539,8,1572439399,AUT,FALSE,TRUE,TRUE,693.6839775,-78.80806155,152.3949619,-179.9974055,0.191174096,179.964991,-3.146544736,6.092728171,1.494294526,0.376445322,0.125134744,0.107416647,-28.91380806,67.49683456,51.09533157,-58.49667663,-48.82751586,72.65850677,15.08168106,1,1
123.176517,8,1572439399,AUT,FALSE,TRUE,TRUE,704.9295995,-77.93068226,152.9197249,179.9863002,0.128186114,179.9478057,0.019056498,3.234573224,1.445646403,-0.264284694,-0.366480872,0.030280415,-27.44657707,68.73769569,50.98621673,-55.06607551,-48.82721923,73.9934452,14.05429802,1,1
123.277035,8,1572439399,AUT,FALSE,TRUE,TRUE,704.9295995,-77.93068226,152.9197249,179.9863002,0.128186114,179.9478057,0.019056498,3.234573224,1.445646403,-0.264284694,-0.366480872,0.030280415,-27.44657707,68.73769569,50.98621673,-55.06607551,-48.82721923,73.9934452,14.05429802,1,1
123.377516,8,1572439399,AUT,FALSE,TRUE,TRUE,714.5975909,-69.90331297,152.6419125,-179.8165722,-0.05409909,179.8035291,4.930350342,7.793012351,0.881495342,0.335810324,-0.658743447,-0.468857042,-25.65951347,69.93681908,51.00641441,-52.00284348,-48.82534606,75.25711669,13.45580063,1,1
123.4780679,8,1572439399,AUT,FALSE,TRUE,TRUE,714.5975909,-69.90331297,152.6419125,-179.8165722,-0.05409909,179.8035291,4.930350342,7.793012351,0.881495342,0.335810324,-0.658743447,-0.468857042,-25.65951347,69.93681908,51.00641441,-52.00284348,-48.82534606,75.25711669,13.45580063,1,1
123.578541,8,1572439400,AUT,FALSE,TRUE,TRUE,717.8279669,-47.8967944,150.4656782,-179.8675818,-0.196861001,179.7155688,2.835951952,7.004467504,1.027048512,0.028682415,-0.035379672,-0.530269838,-24.13298378,70.33890838,51.02293854,-51.32878418,-48.83492614,75.45707474,14.55322838,1,1
123.6790249,8,1572439400,AUT,FALSE,TRUE,TRUE,718.0192461,-23.39084947,148.7236581,-179.8687178,-0.212857593,179.6942443,-2.467890433,6.580580593,0.64079793,-0.178909325,1.256774466,-0.389145561,-21.89172821,70.39751701,51.01131019,-51.68892288,-48.89435668,75.21579437,17.090205,1,1
123.779552,8,1572439400,AUT,FALSE,TRUE,TRUE,718.0192461,-23.39084947,148.7236581,-179.8687178,-0.212857593,179.6942443,-2.467890433,6.580580593,0.64079793,-0.178909325,1.256774466,-0.389145561,-19.40380898,70.35920906,50.98452072,-51.94765434,-48.92516235,75.03825531,19.77532883,1,1
123.880265,8,1572439400,AUT,FALSE,TRUE,TRUE,717.7368444,9.010361322,147.9712537,-179.8724652,-0.195730547,179.721946,-2.723320394,3.578918587,0.765495139,-0.724993717,1.13993427,-0.447623909,-19.40380898,70.35920906,50.98452072,-51.94765434,-48.92516235,75.03825531,19.77532883,1,1
123.9808528,8,1572439400,AUT,FALSE,TRUE,TRUE,717.078548,33.68882029,147.9172133,-179.8629993,-0.196179255,179.7452676,-3.413205973,5.2459305,2.541135163,-0.431495756,1.165705538,-0.385017098,-17.429916,70.3578392,50.96056366,-51.94006347,-48.92525573,75.02415848,21.75702553,1,1
124.081641,8,1572439400,AUT,FALSE,TRUE,TRUE,717.078548,33.68882029,147.9172133,-179.8629993,-0.196179255,179.7452676,-3.413205973,5.2459305,2.541135163,-0.431495756,1.165705538,-0.385017098,-17.429916,70.3578392,50.96056366,-51.94006347,-48.92525573,75.02415848,21.75702553,1,1
124.1821051,8,1572439400,AUT,FALSE,TRUE,TRUE,714.6296781,69.80713248,146.5106372,179.9646157,-0.236316706,179.9355159,-0.973806775,2.077053514,1.511029481,-0.006743523,0.904083644,0.220902608,-14.91848602,70.41321029,50.84625434,-51.86072159,-48.93485778,74.98707962,24.83334159,1,1
124.2825689,8,1572439400,AUT,FALSE,TRUE,TRUE,714.6296781,69.80713248,146.5106372,179.9646157,-0.236316706,179.9355159,-0.973806775,2.077053514,1.511029481,-0.006743523,0.904083644,0.220902608,-14.91848602,70.41321029,50.84625434,-51.86072159,-48.93485778,74.98707962,24.83334159,1,1
124.3830359,8,1572439400,AUT,FALSE,TRUE,TRUE,709.5799501,83.9799029,144.4882103,179.9721117,-0.717112789,-179.7178007,12.53788685,-3.508515969,0.914729832,-0.654894305,-0.160002592,0.225656,-13.0963211,70.38344078,50.41905441,-52.04244919,-48.80803161,75.13961448,26.22961807,1,1
124.4835129,8,1572439400,AUT,FALSE,TRUE,TRUE,699.4119314,87.09481344,141.1631608,-179.9757425,-0.821489091,-179.758754,13.14042178,0.798373926,1.165157496,0.304067232,0.224548791,0.031547223,-13.76215095,69.53204498,50.39636421,-55.15381164,-48.78580627,73.90722656,27.58246765,1,1
124.5839989,8,1572439401,AUT,FALSE,TRUE,TRUE,699.4119314,87.09481344,141.1631608,-179.9757425,-0.821489091,-179.758754,13.14042178,0.798373926,1.165157496,0.304067232,0.224548791,0.031547223,-13.76215095,69.53204498,50.39636421,-55.15381164,-48.78580627,73.90722656,27.58246765,1,1
124.6845279,8,1572439401,AUT,FALSE,TRUE,TRUE,681.8049495,89.5223706,139.7175142,-179.986211,-0.766874127,-179.7142751,8.810967102,-1.892214854,-2.648072432,-0.2758313,-0.089720228,0.140496795,-15.22555732,67.74066581,50.45892105,-60.33302078,-48.7983142,71.88246689,29.79124489,1,1
124.7850261,8,1572439401,AUT,FALSE,TRUE,TRUE,681.8049495,89.5223706,139.7175142,-179.986211,-0.766874127,-179.7142751,8.810967102,-1.892214854,-2.648072432,-0.2758313,-0.089720228,0.140496795,-15.22555732,67.74066581,50.45892105,-60.33302078,-48.7983142,71.88246689,29.79124489,1,1
124.8854799,8,1572439401,AUT,FALSE,TRUE,TRUE,652.2389434,88.35904481,143.2051392,-179.9195401,-0.622011241,-179.674316,0.922816741,3.549074816,0.999631747,0.946804517,0.775460371,-0.083636327,-17.41520118,64.4007122,50.76483536,-68.25465088,-48.60775634,68.98624763,32.69318733,1,1
124.9859509,8,1572439401,AUT,FALSE,TRUE,TRUE,652.2389434,88.35904481,143.2051392,-179.9195401,-0.622011241,-179.674316,0.922816741,3.549074816,0.999631747,0.946804517,0.775460371,-0.083636327,-17.41520118,64.4007122,50.76483536,-68.25465088,-48.60775634,68.98624763,32.69318733,1,1
125.0864038,8,1572439401,AUT,FALSE,TRUE,TRUE,622.6220681,84.4916734,144.6420886,-179.9173491,-0.363267533,-179.7643981,-6.246452408,3.40165425,1.661150333,0.260215936,1.508010249,-0.604636021,-20.26238365,61.11924019,50.96560707,-75.81256828,-48.34468872,65.83257064,35.09106331,1,1
125.1868749,8,1572439401,AUT,FALSE,TRUE,TRUE,608.1365146,80.95199211,145.5939338,-179.8128338,-0.064492108,-179.8496201,-6.246452408,3.40165425,1.661150333,0.260215936,1.508010249,-0.604636021,-22.22788581,59.35042419,51.04802169,-79.58147621,-48.24775085,64.06608238,36.00272598,1,1
125.2873929,8,1572439401,AUT,FALSE,TRUE,TRUE,608.1365146,80.95199211,145.5939338,-179.8128338,-0.064492108,-179.8496201,-12.92508289,10.36393146,3.605647744,1.373664002,2.049824664,-0.967072422,-22.22788581,59.35042419,51.04802169,-79.58147621,-48.24775085,64.06608238,36.00272598,1,1
125.3879049,8,1572439401,AUT,FALSE,TRUE,TRUE,604.2970373,88.78864362,146.9628158,-179.7013498,-0.024291179,179.7696843,-7.745608381,13.88613574,2.667870813,1.373664002,2.049824664,-0.967072422,-22.11596946,59.05578804,51.45206108,-80.3140377,-48.13827758,63.76743278,36.71656265,1,1
125.488385,8,1572439401,AUT,FALSE,TRUE,TRUE,604.2970373,88.78864362,146.9628158,-179.7013498,-0.024291179,179.7696843,-7.745608381,13.88613574,2.667870813,1.166341283,1.284295551,-1.478555559,-22.11596946,59.05578804,51.45206108,-80.3140377,-48.13827758,63.76743278,36.71656265,1,1
125.5888541,8,1572439402,AUT,FALSE,TRUE,TRUE,603.6202384,106.2886199,147.1742063,-179.7543177,-0.055691928,179.6478265,-5.330219835,11.16996269,3.142570189,0.348738935,1.003239597,-1.115562382,-20.59804344,59.41521949,51.82181625,-79.85390281,-48.36862792,64.09512748,38.2898323,1,1
125.6893189,8,1572439402,AUT,FALSE,TRUE,TRUE,603.5421822,128.793001,146.4591602,-179.7901767,-0.041362929,179.6443055,-5.314610179,9.285552593,2.909419383,0.190894973,1.039354032,-0.695850655,-18.27623062,59.91717452,51.87902412,-78.95826988,-48.55835632,64.44087066,40.17419357,1,1
125.7898118,8,1572439402,AUT,FALSE,TRUE,TRUE,603.8523442,154.4937663,145.8343803,-179.86433,-0.065258769,179.6421959,-3.460106972,10.66377913,2.662680708,0.343498409,0.886928685,-0.549266476,-15.49696426,60.56116562,51.82414054,-77.57340889,-48.64928466,64.97309989,42.14224319,1,1
125.890656,8,1572439402,AUT,FALSE,TRUE,TRUE,603.8523442,154.4937663,145.8343803,-179.86433,-0.065258769,179.6421959,-3.460106972,10.66377913,2.662680708,0.343498409,0.886928685,-0.549266476,-15.49696426,60.56116562,51.82414054,-77.57340889,-48.64928466,64.97309989,42.14224319,1,1
125.9913769,8,1572439402,AUT,FALSE,TRUE,TRUE,603.6762208,181.342551,145.1293308,-179.8928281,-0.093380041,179.667526,-2.093201735,7.406851088,0.96589107,-0.066646566,0.835272957,-0.494198896,-12.48425559,61.31358489,51.74822845,-75.95185776,-48.73653259,65.60512619,44.02761039,1,1
126.0918529,8,1572439402,AUT,FALSE,TRUE,TRUE,603.3215577,207.589929,144.7654587,-179.9012063,-0.117225803,179.751663,-1.771236556,4.183032292,1.01518274,-0.927474333,0.925751835,-0.34521822,-9.481723019,62.08434791,51.62866974,-74.09862899,-48.81227233,66.36578521,45.75363464,1,1
126.1923199,8,1572439402,AUT,FALSE,TRUE,TRUE,603.5973584,230.3057668,144.7283374,-179.9265099,-0.109024636,179.8276973,-0.132396195,6.230929223,1.924754045,-0.277123987,0.69494137,-0.378849233,-6.765360256,62.83058395,51.45644531,-72.17781028,-48.81521118,67.12157249,47.04993896,1,1
126.2927918,8,1572439402,AUT,FALSE,TRUE,TRUE,603.5973584,230.3057668,144.7283374,-179.9265099,-0.109024636,179.8276973,-0.132396195,6.230929223,1.924754045,-0.277123987,0.69494137,-0.378849233,-6.765360256,62.83058395,51.45644531,-72.17781028,-48.81521118,67.12157249,47.04993896,1,1
126.3933129,8,1572439402,AUT,FALSE,TRUE,TRUE,603.7200703,253.0280313,144.8358615,-179.9823032,-0.157890311,179.9595123,0.969049497,2.276549285,0.195587548,-0.640596822,0.472212446,-0.005492543,-4.008832163,63.66722717,51.29355239,-69.98708839,-48.81315124,68.05419502,48.24629173,1,1
126.49384,8,1572439402,AUT,FALSE,TRUE,TRUE,603.1237717,262.7495018,144.141176,179.9227678,-0.310660764,-179.7893163,8.181047123,-5.394041174,-0.618455491,-1.521856132,-0.351679011,0.268611921,-2.598458856,64.08868675,51.06339226,-68.8856884,-48.75926879,68.63522071,48.82521629,1,1
126.5943139,8,1572439403,AUT,FALSE,TRUE,TRUE,598.3521546,266.0340418,141.9133468,179.9739219,-0.537548637,-179.7284082,7.803046259,-1.867107654,1.219064976,-0.616163174,0.449171604,0.244508139,-2.297351069,64.06241913,50.9895195,-69.38751983,-48.70139282,68.46838646,49.36009254,1,1
126.694783,8,1572439403,AUT,FALSE,TRUE,TRUE,598.3521546,266.0340418,141.9133468,179.9739219,-0.537548637,-179.7284082,7.803046259,-1.867107654,1.219064976,-0.616163174,0.449171604,0.244508139,-2.297351069,64.06241913,50.9895195,-69.38751983,-48.70139282,68.46838646,49.36009254,1,1
126.7952459,8,1572439403,AUT,FALSE,TRUE,TRUE,587.9883833,267.164158,138.3696217,-179.9960809,-0.643061358,-179.7154264,8.275475546,1.358658359,0.318231707,-0.097569637,0.59065452,0.18769074,-2.5863842,63.53909569,50.98885689,-71.52315216,-48.80574096,67.46550293,50.55736198,1,1
126.8957019,8,1572439403,AUT,FALSE,TRUE,TRUE,572.1270273,268.7757857,135.7015386,-179.9518338,-0.660233804,-179.7576203,6.387072864,5.438261904,-0.827213631,0.541624064,0.617427781,0.053847862,-3.0611206,62.46287155,51.02272224,-74.78590278,-48.89251098,65.94668769,52.36450653,1,1
126.996171,8,1572439403,AUT,FALSE,TRUE,TRUE,552.2769785,270.8818918,135.60472,179.9924853,-0.562248839,-179.673459,4.406106441,2.33063123,-2.398670002,0.116337379,0.472981164,0.253785565,-3.48362045,60.85397529,51.12610016,-78.73392906,-48.96530639,64.3227539,54.77825088,1,1
127.0966289,8,1572439403,AUT,FALSE,TRUE,TRUE,552.2769785,270.8818918,135.60472,179.9924853,-0.562248839,-179.673459,4.406106441,2.33063123,-2.398670002,0.116337379,0.472981164,0.253785565,-3.48362045,60.85397529,51.12610016,-78.73392906,-48.96530639,64.3227539,54.77825088,1,1
127.1971259,8,1572439403,AUT,FALSE,TRUE,TRUE,532.1057703,271.4280965,138.0900896,-179.9960451,-0.461910608,-179.6207964,1.157166392,3.696491599,0.240928188,0.559029645,0.711275045,0.220299612,-4.036988063,58.95837364,51.37277756,-82.70524292,-48.88118957,62.85302696,56.96039314,1,1
127.2975991,8,1572439403,AUT,FALSE,TRUE,TRUE,532.1057703,271.4280965,138.0900896,-179.9960451,-0.461910608,-179.6207964,1.157166392,3.696491599,0.240928188,0.559029645,0.711275045,0.220299612,-4.036988063,58.95837364,51.37277756,-82.70524292,-48.88118957,62.85302696,56.96039314,1,1
127.3980799,8,1572439403,AUT,FALSE,TRUE,TRUE,502.00091,269.6776784,142.605335,-179.9625942,-0.373733914,-179.6523408,-0.867908513,3.204689786,2.256979431,0.214268852,0.827240281,-0.179252494,-4.880834194,56.52436638,51.81195259,-87.496875,-48.61029418,60.68310699,59.87146797,1,1
127.4985309,8,1572439403,AUT,FALSE,TRUE,TRUE,502.00091,269.6776784,142.605335,-179.9625942,-0.373733914,-179.6523408,-0.867908513,3.204689786,2.256979431,0.214268852,0.827240281,-0.179252494,-4.880834194,56.52436638,51.81195259,-87.496875,-48.61029418,60.68310699,59.87146797,1,1
127.5990069,8,1572439404,AUT,FALSE,TRUE,TRUE,477.5795313,267.1180028,144.6156485,-179.8906321,-0.163264376,-179.7173978,-4.598983724,8.545511573,1.558532806,1.225550169,1.003340488,-0.423311567,-5.766503906,53.66861114,52.29312973,-93.25093346,-48.44063232,58.61230774,62.19675865,1,1
134.090446,9,1572439410,AUT,FALSE,FALSE,TRUE,471.8787734,-400.0430811,169.8731963,179.996728,-0.018873107,179.9918218,-1.871922949,-1.860747778,3.651047515,-0.367374936,0.784007896,0.169496442,-70.43540268,58.09894066,52.52981643,-78.17945594,-47.23731628,66.61269608,-12.60109864,0.5,1
134.1911321,9,1572439410,AUT,FALSE,TRUE,TRUE,470.9394576,-400.350811,167.2152345,179.9529753,-0.175941362,179.8901912,-0.867265643,-1.737858206,7.846353989,-0.691862477,0.854583607,0.089544567,-70.41202926,58.26231766,52.35714226,-78.18204116,-47.24479797,66.56456909,-12.62532349,1,1
134.2917669,9,1572439410,AUT,FALSE,TRUE,TRUE,470.5232712,-402.4141704,158.1625154,-179.9930782,-0.100928671,179.9414122,-1.324097597,-0.006154396,4.592308019,-0.40941734,0.651663543,-0.057596812,-70.33130035,58.95807838,51.86920853,-78.17884826,-47.69347961,65.752985,-12.66419106,1,1
134.3922739,9,1572439410,AUT,FALSE,TRUE,TRUE,471.2133339,-402.6539276,146.943605,-179.9596393,-0.043462049,179.8740968,-1.324097597,-0.006154396,4.592308019,-0.40941734,0.651663543,-0.057596812,-70.18416939,60.01058578,51.58224563,-78.17059479,-48.43633666,64.94060783,-12.38398819,1,1
134.4927309,9,1572439410,AUT,FALSE,TRUE,TRUE,471.2133339,-402.6539276,146.943605,-179.9596393,-0.043462049,179.8740968,-0.526589796,-0.37500032,3.619305088,-0.78000623,0.198204589,-0.329180977,-70.18416939,60.01058578,51.58224563,-78.17059479,-48.43633666,64.94060783,-12.38398819,1,1
134.5932229,9,1572439411,AUT,FALSE,TRUE,TRUE,472.6196344,-402.6882355,137.0900203,-179.910321,0.060549325,179.8607513,-0.250156335,0.016486049,0.430650027,-0.72380735,-0.187840164,-0.354593742,-70.01312256,61.04787025,51.4405941,-78.07953529,-49.26291503,64.25865211,-12.04057617,1,1
134.693728,9,1572439411,AUT,FALSE,TRUE,TRUE,475.4023537,-403.3781093,132.6763485,-179.9546669,0.194254784,179.8590892,-1.830174353,0.178388162,-0.760124659,-0.601461658,-0.129126146,-0.26358406,-69.77862968,61.76924629,51.47731933,-77.61801681,-49.75082885,64.09264869,-11.85281296,1,1
134.794224,9,1572439411,AUT,FALSE,TRUE,TRUE,480.928598,-403.7535318,133.9884849,-179.9370994,0.303199568,179.9103171,-5.600129245,-0.136478462,-0.106670209,-0.255990328,0.197770446,-0.186153235,-69.2664402,62.12127228,51.63726654,-76.71141471,-49.85311157,64.50072555,-11.85285072,1,1
134.8947029,9,1572439411,AUT,FALSE,TRUE,TRUE,480.928598,-403.7535318,133.9884849,-179.9370994,0.303199568,179.9103171,-5.600129245,-0.136478462,-0.106670209,-0.255990328,0.197770446,-0.186153235,-69.2664402,62.12127228,51.63726654,-76.71141471,-49.85311157,64.50072555,-11.85285072,1,1
134.9951789,9,1572439411,AUT,FALSE,TRUE,TRUE,490.9851388,-403.0929657,138.3886322,-179.9464734,0.360437451,179.9849451,-8.342775874,-0.040083797,1.384157582,0.080895925,0.607353601,-0.167219996,-68.1793087,62.46102791,51.84803924,-75.08729553,-49.78330444,65.44478416,-11.79876366,1,1
135.0956581,9,1572439411,AUT,FALSE,TRUE,TRUE,505.3524542,-400.7136477,142.5096197,-179.9720111,0.389660651,-179.9898174,-6.989847675,-1.201256474,2.069998047,0.004643752,0.389363041,-0.179207175,-66.45645676,63.04016876,51.95166778,-72.80425415,-49.62461242,66.62851982,-11.65390206,1,1
135.19612,9,1572439411,AUT,FALSE,TRUE,TRUE,522.4558527,-397.3871563,145.0947067,-179.9818731,0.380558192,-179.9517156,-4.164303695,-1.980617272,2.314294293,-0.135607151,0.03400374,-0.175746799,-64.26162872,63.93866501,51.93357124,-69.99306221,-49.55529418,67.9088665,-11.48091889,1,1
135.2966409,9,1572439411,AUT,FALSE,TRUE,TRUE,522.4558527,-397.3871563,145.0947067,-179.9818731,0.380558192,-179.9517156,-4.164303695,-1.980617272,2.314294293,-0.135607151,0.03400374,-0.175746799,-61.87744446,65.14004059,51.85727806,-66.71480026,-49.54288513,69.24484519,-11.4242981,1,1
135.3971319,9,1572439411,AUT,FALSE,TRUE,TRUE,540.8935209,-394.0211145,145.9523822,-179.9960709,0.368580067,-179.981887,-3.696286343,-1.447176542,0.188360776,-0.183865165,-0.189164078,-0.089802455,-61.87744446,65.14004059,51.85727806,-66.71480026,-49.54288513,69.24484519,-11.4242981,1,1
135.497611,9,1572439411,AUT,FALSE,TRUE,TRUE,558.0538078,-391.7902624,145.9520264,179.9498624,0.298470886,-179.9840451,0.126614442,-1.193891014,-0.565305824,-0.330075498,-0.784879243,0.068861618,-59.53725357,66.44144668,51.69668884,-63.28231086,-49.55434387,70.58186759,-11.56455918,1,1
135.5980771,9,1572439412,AUT,FALSE,TRUE,TRUE,573.4426636,-391.8070947,145.8648424,179.9496271,0.218935504,-179.9607741,3.53631142,-0.776832976,0.362367718,-0.231012316,-0.736843395,0.063179329,-57.36838073,67.76859512,51.50017089,-59.65474891,-49.56903259,71.94246254,-12.08534203,1,1
135.698539,9,1572439412,AUT,FALSE,TRUE,TRUE,584.8763261,-393.6552282,145.445708,-179.9959561,0.076013357,-179.9716132,5.282651233,0.843509512,0.855779203,-0.064818474,-1.036767355,-0.058251474,-55.65352477,69.00059166,51.31768112,-56.43185806,-49.56932922,73.18422661,-12.87099839,1,1
135.7990301,9,1572439412,AUT,FALSE,TRUE,TRUE,584.8763261,-393.6552282,145.445708,-179.9959561,0.076013357,-179.9716132,5.282651233,0.843509512,0.855779203,-0.064818474,-1.036767355,-0.058251474,-55.65352477,69.00059166,51.31768112,-56.43185806,-49.56932922,73.18422661,-12.87099839,1,1
135.899698,9,1572439412,AUT,FALSE,TRUE,TRUE,592.3344445,-395.6694869,144.6373801,-179.9542604,-0.03086088,179.9278809,6.378793574,3.66424475,0.179584442,0.224932138,-0.968496566,-0.272107626,-54.51642608,69.96318283,51.23900528,-53.96594924,-49.56854919,74.1341629,-13.59107666,1,1
136.000448,9,1572439412,AUT,FALSE,TRUE,TRUE,596.8583403,-394.2540185,144.4351488,-179.8350698,-0.077485866,179.8247684,6.098962816,6.692737384,-0.287073658,0.577067066,-1.05951924,-0.535039949,-53.83832931,70.42476997,51.27742653,-52.84388809,-49.56883483,74.60632095,-13.82205048,1,1
136.101151,9,1572439412,AUT,FALSE,TRUE,TRUE,600.2385899,-386.5934116,144.3394589,-179.809816,-0.172430948,179.6897607,2.444288178,5.359575808,0.977873817,-0.045766381,-0.120264301,-0.87273601,-53.32194099,70.39745864,51.39463005,-53.05795326,-49.5675,74.67085876,-13.13444024,1,1
136.2017169,9,1572439412,AUT,FALSE,TRUE,TRUE,603.7787331,-372.5287799,143.7196948,-179.7923648,-0.28813119,179.641146,2.789708038,6.45686342,1.002964892,-0.045766381,-0.120264301,-0.87273601,-52.70126838,70.01344871,51.44704513,-54.29393577,-49.56740661,74.31902161,-11.58181458,1,1
136.3023539,9,1572439412,AUT,FALSE,TRUE,TRUE,603.7787331,-372.5287799,143.7196948,-179.7923648,-0.28813119,179.641146,2.789708038,6.45686342,1.002964892,0.061314909,0.4003495,-0.888896868,-52.70126838,70.01344871,51.44704513,-54.29393577,-49.56740661,74.31902161,-11.58181458,1,1
136.4028239,9,1572439412,AUT,FALSE,TRUE,TRUE,606.6208449,-353.0634501,142.8494446,-179.8037883,-0.285814633,179.5836226,3.305473123,6.738560268,0.109968896,0.251722626,0.328057695,-0.835146214,-52.13310699,69.27337532,51.54554786,-56.58873252,-49.56264404,73.45480613,-9.289390188,1,1
136.5033181,9,1572439412,AUT,FALSE,TRUE,TRUE,607.9358691,-322.4792417,143.8510101,-179.8370785,-0.294544049,179.5957028,2.671362063,5.552319353,-0.694783143,0.102117833,0.238913875,-0.698948904,-51.60239868,68.13922577,51.71225509,-59.62660331,-49.56336364,72.10524902,-5.580440144,1,1
136.6037869,9,1572439413,AUT,FALSE,TRUE,TRUE,607.9358691,-322.4792417,143.8510101,-179.8370785,-0.294544049,179.5957028,2.671362063,5.552319353,-0.694783143,0.102117833,0.238913875,-0.698948904,-51.60239868,68.13922577,51.71225509,-59.62660331,-49.56336364,72.10524902,-5.580440144,1,1
136.7042739,9,1572439413,AUT,FALSE,TRUE,TRUE,606.8872635,-293.6196856,145.7160668,-179.8349172,-0.303644006,179.5975162,1.302280813,5.215033589,0.695249255,-0.032188707,0.444941385,-0.647279608,-50.87250137,66.2439949,52.10341644,-64.37069549,-49.56086975,70.8716629,-2.098804094,1,1
136.8047409,9,1572439413,AUT,FALSE,TRUE,TRUE,603.9338989,-264.0156128,146.4723407,-179.8345479,-0.291369561,179.632006,-2.249721318,4.886501271,3.288988329,0.15861661,0.896769598,-0.561927952,-50.21644249,64.68815231,52.35635948,-68.35367546,-49.56057861,69.4535511,1.4906147,1,1
136.905261,9,1572439413,AUT,FALSE,TRUE,TRUE,600.1695148,-232.7915982,145.2029655,-179.8864434,-0.209016472,179.604656,-3.656999097,4.268826994,2.886432131,-0.182474498,1.019850638,-0.423023255,-49.33102341,63.26311912,52.50777168,-72.26875991,-49.56286926,67.78172721,5.3122261,1,1
137.0057449,9,1572439413,AUT,FALSE,TRUE,TRUE,600.1695148,-232.7915982,145.2029655,-179.8864434,-0.209016472,179.604656,-3.656999097,4.268826994,2.886432131,-0.182474498,1.019850638,-0.423023255,-48.04715767,62.04384956,52.55005874,-75.67610779,-49.64234436,66.20561142,9.038853831,1,1
137.1062729,9,1572439413,AUT,FALSE,TRUE,TRUE,596.8369949,-201.2939518,143.2328685,-179.8826976,-0.129608058,179.6465356,-6.344961922,5.022901969,1.115103781,0.108043347,1.259805083,-0.312353941,-48.04715767,62.04384956,52.55005874,-75.67610779,-49.64234436,66.20561142,9.038853831,1,1
137.206742,9,1572439413,AUT,FALSE,TRUE,TRUE,595.3842272,-170.0536116,143.0058181,-179.9252219,-0.082496075,179.656984,-4.722771028,2.519390863,1.264196704,-0.480297871,0.942070802,-0.37048133,-46.32696304,61.03992919,52.66309776,-78.22213439,-49.65851623,65.12972717,12.62613373,1,1
137.3072569,9,1572439413,AUT,FALSE,TRUE,TRUE,595.3842272,-170.0536116,143.0058181,-179.9252219,-0.082496075,179.656984,-4.722771028,2.519390863,1.264196704,-0.480297871,0.942070802,-0.37048133,-46.32696304,61.03992919,52.66309776,-78.22213439,-49.65851623,65.12972717,12.62613373,1,1
137.4077599,9,1572439413,AUT,FALSE,TRUE,TRUE,596.6233119,-131.8593262,144.5875365,-179.9614266,-0.047253179,179.7427741,-5.581955735,3.739871912,2.77886249,0.156894651,1.377141525,-0.208193757,-43.57525863,60.10315933,52.82858276,-80.14932861,-49.64846374,64.4569622,16.8024971,1,1
137.508224,9,1572439413,AUT,FALSE,TRUE,TRUE,599.6150507,-105.4766282,145.9877386,-179.9619162,-0.023270005,179.7918467,-6.111797324,4.549084102,2.56934938,0.388176244,1.519493529,-0.203045295,-41.29681091,59.75332374,52.90890655,-80.67700195,-49.60551269,64.33447837,19.47851601,1,1
137.6087449,9,1572439414,AUT,FALSE,TRUE,TRUE,599.6150507,-105.4766282,145.9877386,-179.9619162,-0.023270005,179.7918467,-6.111797324,4.549084102,2.56934938,0.388176244,1.519493529,-0.203045295,-38.42856903,59.69251785,52.88064079,-80.61974258,-49.55311889,64.43496551,22.25765533,1,1
137.709305,9,1572439414,AUT,FALSE,TRUE,TRUE,604.166926,-76.06299804,146.4380779,-179.9917804,-0.091802382,179.8533394,-0.550092287,2.570314614,2.798853238,-0.051882796,0.679660396,0.028612722,-38.42856903,59.69251785,52.88064079,-80.61974258,-49.55311889,64.43496551,22.25765533,1,1
137.8099649,9,1572439414,AUT,FALSE,TRUE,TRUE,612.0028776,-53.8211954,145.7950739,179.9674652,0.228777796,-179.9427275,-0.550092287,2.570314614,2.798853238,-0.051882796,0.679660396,0.028612722,-35.68896675,59.91125221,52.41725807,-79.75290069,-49.57070251,64.34321594,24.23565788,1,1
137.9106429,9,1572439414,AUT,FALSE,TRUE,TRUE,612.0028776,-53.8211954,145.7950739,179.9674652,0.228777796,-179.9427275,-8.285881468,1.053502411,1.053326656,-0.105500738,0.886293325,0.173883146,-35.68896675,59.91125221,52.41725807,-79.75290069,-49.57070251,64.34321594,24.23565788,1,1
138.011337,9,1572439414,AUT,FALSE,TRUE,TRUE,626.0585322,-50.78434591,148.1527346,179.9186863,0.26398982,-179.8659392,-6.615319464,-1.180994647,3.385222012,-0.430951851,0.442086256,0.200580419,-34.02093658,60.82653008,52.13006172,-76.81838035,-49.3506958,65.6230957,23.57135582,1,1
138.111963,9,1572439414,AUT,FALSE,TRUE,TRUE,626.0585322,-50.78434591,148.1527346,179.9186863,0.26398982,-179.8659392,-6.615319464,-1.180994647,3.385222012,-0.430951851,0.442086256,0.200580419,-34.02093658,60.82653008,52.13006172,-76.81838035,-49.3506958,65.6230957,23.57135582,1,1
138.21243,9,1572439414,AUT,FALSE,TRUE,TRUE,644.8773879,-54.7392328,148.8305372,179.9902713,0.288518374,-179.9666353,-6.451320566,4.208139769,2.594596897,0.169753769,0.442425982,-0.038852536,-32.50953712,62.60824127,51.90755424,-72.19383316,-49.30848083,67.36647491,21.74507446,1,1
138.3129909,9,1572439414,AUT,FALSE,TRUE,TRUE,664.6330691,-58.98270675,149.0426097,179.9709405,0.271306571,179.9999373,-4.260547199,2.192303893,0.845599805,-0.337574796,0.25909576,-0.01647925,-30.94552345,64.57672691,51.80021095,-67.29700355,-49.36707092,69.28230857,19.80494384,1,1
138.4134929,9,1572439414,AUT,FALSE,TRUE,TRUE,664.6330691,-58.98270675,149.0426097,179.9709405,0.271306571,179.9999373,-4.260547199,2.192303893,0.845599805,-0.337574796,0.25909576,-0.01647925,-30.94552345,64.57672691,51.80021095,-67.29700355,-49.36707092,69.28230857,19.80494384,1,1
138.5139639,9,1572439414,AUT,FALSE,TRUE,TRUE,682.8198126,-62.9510916,149.0729804,179.9866369,0.193878136,179.9804754,-1.844268631,3.452918009,0.7235996,-0.085693117,0.065255343,-0.009363798,-29.22738189,66.53548622,51.623386,-62.26124496,-49.40514953,71.24043274,17.7932682,1,1
138.614424,9,1572439415,AUT,FALSE,TRUE,TRUE,682.8198126,-62.9510916,149.0729804,179.9866369,0.193878136,179.9804754,-1.844268631,3.452918009,0.7235996,-0.085693117,0.065255343,-0.009363798,-29.22738189,66.53548622,51.623386,-62.26124496,-49.40514953,71.24043274,17.7932682,1,1
138.7149069,9,1572439415,AUT,FALSE,TRUE,TRUE,698.3495973,-63.96880217,148.5638075,-179.9495867,-0.011564169,179.9336324,4.763756728,5.355986435,0.912561969,-0.100413708,-0.505650062,-0.283519635,-27.42864189,68.40443229,51.47776909,-57.38404655,-49.41788818,73.16260414,16.08698158,1,1
138.8153789,9,1572439415,AUT,FALSE,TRUE,TRUE,698.3495973,-63.96880217,148.5638075,-179.9495867,-0.011564169,179.9336324,4.763756728,5.355986435,0.912561969,-0.100413708,-0.505650062,-0.283519635,-27.42864189,68.40443229,51.47776909,-57.38404655,-49.41788818,73.16260414,16.08698158,1,1
138.915885,9,1572439415,AUT,FALSE,TRUE,TRUE,707.7850624,-50.32303693,144.0544807,-179.8487464,-0.132285898,179.7394665,3.716084175,7.245920072,0.593581819,-0.177621288,-0.463660057,-0.554981624,-25.33309249,69.81722946,51.45946655,-54.68931656,-49.55044921,73.92087021,16.16883316,1,1
139.0163579,9,1572439415,AUT,FALSE,TRUE,TRUE,709.9044602,-30.66843368,143.0045959,-179.9187685,-0.099123263,179.7253648,1.478385741,6.208470742,-1.559583018,-0.027111569,-0.242985828,-0.341474709,-23.62692261,70.05006408,51.50418434,-54.41767959,-49.66604187,73.91631774,17.76241035,1,1
139.116822,9,1572439415,AUT,FALSE,TRUE,TRUE,710.637073,-8.310913512,145.9484053,-179.9018916,-0.051914947,179.8110453,-0.800123235,4.019321743,-0.905319041,-0.027111569,-0.242985828,-0.341474709,-21.88371162,69.83690185,51.55564842,-54.41921424,-49.65364379,74.09462585,19.57336235,1,1
139.217308,9,1572439415,AUT,FALSE,TRUE,TRUE,710.637073,-8.310913512,145.9484053,-179.9018916,-0.051914947,179.8110453,-0.800123235,4.019321743,-0.905319041,-0.286142452,-0.20282397,-0.308788976,-21.88371162,69.83690185,51.55564842,-54.41921424,-49.65364379,74.09462585,19.57336235,1,1
139.317786,9,1572439415,AUT,FALSE,TRUE,TRUE,710.4185286,13.08338808,150.1935432,-179.9248245,-0.054616062,179.8440841,-2.610951477,5.903592753,1.273768466,0.311782763,0.352161561,-0.320878015,-20.17256698,69.49652824,51.62480736,-54.42206383,-49.49631958,74.38248138,21.24956016,1,1
139.418257,9,1572439415,AUT,FALSE,TRUE,TRUE,709.2774089,40.49993323,153.8924929,-179.9431037,-0.034306126,179.8481319,-2.999323337,5.645621545,1.302832382,0.398041516,0.375143025,-0.398996583,-17.99047623,69.16741218,51.64630966,-54.43678207,-49.30271301,74.60999107,23.42174263,1,1
139.5187759,9,1572439415,AUT,FALSE,TRUE,TRUE,709.2774089,40.49993323,153.8924929,-179.9431037,-0.034306126,179.8481319,-2.999323337,5.645621545,1.302832382,0.398041516,0.375143025,-0.398996583,-17.99047623,69.16741218,51.64630966,-54.43678207,-49.30271301,74.60999107,23.42174263,1,1
139.619257,9,1572439416,AUT,FALSE,TRUE,TRUE,707.4949352,65.81315531,155.4314334,179.9893174,-0.021459165,179.8967904,-1.44032379,1.896808675,1.543645219,-0.185398299,0.000989368,-0.182569053,-15.85127678,69.03737183,51.64060707,-54.38365288,-49.25732849,74.7398941,25.56085281,1,1
139.7199559,9,1572439416,AUT,FALSE,TRUE,TRUE,704.9332463,82.99532351,155.6424512,179.950188,-0.249903065,-179.8705436,-1.44032379,1.896808675,1.543645219,-0.185398299,0.000989368,-0.182569053,-14.27045059,69.00238724,51.52834053,-54.31811599,-49.25159362,75.02608108,27.04249992,1,1
139.8206201,9,1572439416,AUT,FALSE,TRUE,TRUE,704.9332463,82.99532351,155.6424512,179.950188,-0.249903065,-179.8705436,4.600543314,-1.418422118,0.349967509,-0.43361077,-0.297318448,0.083871975,-14.27045059,69.00238724,51.52834053,-54.31811599,-49.25159362,75.02608108,27.04249992,1,1
139.9214039,9,1572439416,AUT,FALSE,TRUE,TRUE,699.7522369,88.093541,155.8683316,179.9827884,-0.613324711,-179.7529841,10.88338986,-0.992623422,0.008917917,0.034235581,-0.123008612,0.040669685,-14.07952194,68.64799232,51.53357963,-55.21711006,-49.13233703,75.08558235,27.80326881,1,1
140.021956,9,1572439416,AUT,FALSE,TRUE,TRUE,699.7522369,88.093541,155.8683316,179.9827884,-0.613324711,-179.7529841,10.88338986,-0.992623422,0.008917917,0.034235581,-0.123008612,0.040669685,-14.07952194,68.64799232,51.53357963,-55.21711006,-49.13233703,75.08558235,27.80326881,1,1
140.12251,9,1572439416,AUT,FALSE,TRUE,TRUE,683.4891832,90.44063752,153.9805706,-179.9634545,-0.717536456,-179.750016,9.661791145,3.758610726,-0.055833486,0.937448774,0.245494765,-0.055187118,-15.07941856,67.09627304,51.59321479,-59.76826858,-48.97421081,73.39233513,29.69259109,1,1
140.222976,9,1572439416,AUT,FALSE,TRUE,TRUE,683.4891832,90.44063752,153.9805706,-179.9634545,-0.717536456,-179.750016,9.661791145,3.758610726,-0.055833486,0.937448774,0.245494765,-0.055187118,-15.07941856,67.09627304,51.59321479,-59.76826858,-48.97421081,73.39233513,29.69259109,1,1
140.323458,9,1572439416,AUT,FALSE,TRUE,TRUE,683.4891832,90.44063752,153.9805706,-179.9634545,-0.717536456,-179.750016,9.661791145,3.758610726,-0.055833486,0.937448774,0.245494765,-0.055187118,-17.32027244,64.96145782,51.65072136,-65.85614662,-48.94644287,70.81231956,32.17004585,1,1
140.4239509,9,1572439416,AUT,FALSE,TRUE,TRUE,661.2262314,91.08081819,150.8814643,-179.962797,-0.607696714,-179.7027296,2.454639152,1.759492277,1.814718554,0.357884751,0.688148609,-0.157006186,-17.32027244,64.96145782,51.65072136,-65.85614662,-48.94644287,70.81231956,32.17004585,1,1
140.524415,9,1572439416,AUT,FALSE,TRUE,TRUE,629.1439833,86.52892185,148.3734582,-179.9233353,-0.357592294,-179.7462575,-3.436603538,4.83603723,2.023961118,0.605965923,1.059964001,-0.447629081,-20.41124839,61.77513428,51.78496055,-74.24370689,-48.9155548,67.10670318,34.94453316,1,1
140.624944,9,1572439417,AUT,FALSE,TRUE,TRUE,629.1439833,86.52892185,148.3734582,-179.9233353,-0.357592294,-179.7462575,-3.436603538,4.83603723,2.023961118,0.605965923,1.059964001,-0.447629081,-20.41124839,61.77513428,51.78496055,-74.24370689,-48.9155548,67.10670318,34.94453316,1,1
140.7255049,9,1572439417,AUT,FALSE,TRUE,TRUE,613.6802547,83.8431809,148.6922332,-179.8306256,-0.15252362,-179.8744177,-9.585335622,7.998995963,2.522261553,0.921237267,1.607083702,-0.840708421,-21.95778694,60.16138,51.98812523,-78.08020134,-48.85492126,65.36342697,36.03173332,1,1
140.8259869,9,1572439417,AUT,FALSE,TRUE,TRUE,613.6802547,83.8431809,148.6922332,-179.8306256,-0.15252362,-179.8744177,-9.585335622,7.998995963,2.522261553,0.921237267,1.607083702,-0.840708421,-21.95778694,60.16138,51.98812523,-78.08020134,-48.85492126,65.36342697,36.03173332,1,1
140.9264619,9,1572439417,AUT,FALSE,TRUE,TRUE,605.8878853,90.07705648,149.0187508,-179.7550658,-0.106524261,179.8691911,-9.431639248,11.87450099,4.062379503,1.080164903,1.881533755,-1.252809868,-22.3213726,59.49263877,52.23712692,-79.80374679,-48.81960021,64.63380775,37.07988739,1,1
141.0269659,9,1572439417,AUT,FALSE,TRUE,TRUE,604.2822079,110.2360047,148.7849423,-179.7920688,-0.027400187,179.6677356,-5.564236309,10.3016935,2.248481735,1.080164903,1.881533755,-1.252809868,-20.56033287,59.76709099,52.59325561,-79.56667556,-49.0090155,64.66738815,38.87800598,1,1
141.1274478,9,1572439417,AUT,FALSE,TRUE,TRUE,604.2822079,110.2360047,148.7849423,-179.7920688,-0.027400187,179.6677356,-5.564236309,10.3016935,2.248481735,0.279206229,0.944713202,-1.023917993,-20.56033287,59.76709099,52.59325561,-79.56667556,-49.0090155,64.66738815,38.87800598,1,1
141.2279079,9,1572439417,AUT,FALSE,TRUE,TRUE,604.0206266,141.3604262,149.3191443,-179.8624169,0.015560332,179.6387333,-5.642107284,8.513210918,2.185303089,-0.095929292,0.99793262,-0.653689351,-17.33975258,60.31311493,52.66859093,-78.29742507,-49.12998046,65.19914703,41.36372108,1,1
141.3284299,9,1572439417,AUT,FALSE,TRUE,TRUE,604.0206266,141.3604262,149.3191443,-179.8624169,0.015560332,179.6387333,-5.642107284,8.513210918,2.185303089,-0.095929292,0.99793262,-0.653689351,-17.33975258,60.31311493,52.66859093,-78.29742507,-49.12998046,65.19914703,41.36372108,1,1
141.4289289,9,1572439417,AUT,FALSE,TRUE,TRUE,606.0893102,183.0308921,150.4331374,-179.877756,9.67E-05,179.657965,-4.079827461,6.536347772,0.828842269,0.039409876,0.862873817,-0.503475163,-13.45189704,61.18217124,52.59848099,-75.37127838,-49.13000793,66.47268906,44.08777428,1,1
141.529407,9,1572439417,AUT,FALSE,TRUE,TRUE,606.0893102,183.0308921,150.4331374,-179.877756,9.67E-05,179.657965,-4.079827461,6.536347772,0.828842269,0.039409876,0.862873817,-0.503475163,-13.45189704,61.18217124,52.59848099,-75.37127838,-49.13000793,66.47268906,44.08777428,1,1
141.630739,9,1572439418,AUT,FALSE,TRUE,TRUE,609.1761586,215.5469966,150.0850714,-179.9283461,-0.064995161,179.8010047,-1.905239518,5.854201194,3.819514115,-0.063493048,0.973160875,-0.2829056,-8.623247906,62.68028755,52.28540496,-72.170858,-49.13281494,67.72433052,45.78046874,1,1
141.7313299,9,1572439418,AUT,FALSE,TRUE,TRUE,609.1761586,215.5469966,150.0850714,-179.9283461,-0.064995161,179.8010047,-1.905239518,5.854201194,3.819514115,-0.063493048,0.973160875,-0.2829056,-8.623247906,62.68028755,52.28540496,-72.170858,-49.13281494,67.72433052,45.78046874,1,1
141.8318219,9,1572439418,AUT,FALSE,TRUE,TRUE,614.7129196,243.8524431,145.7581791,179.975564,-0.102638641,-179.9553054,1.435464567,-1.227807689,0.703884124,-1.220675007,0.328362395,-0.060036321,-4.584519194,64.3294075,51.53569793,-68.35374069,-49.14328491,68.9050003,46.77133598,1,1
141.9323859,9,1572439418,AUT,FALSE,TRUE,TRUE,616.4819167,254.9940569,141.8306748,-179.994253,-0.360328527,-179.8856007,9.795861492,-1.748708675,-1.311205801,-0.939163385,-0.759555516,-0.01752511,-2.939591213,65.31896324,51.2295742,-66.53765259,-49.12255371,69.48007965,46.96594505,1,1
142.0328801,9,1572439418,AUT,FALSE,TRUE,TRUE,616.4819167,254.9940569,141.8306748,-179.994253,-0.360328527,-179.8856007,9.795861492,-1.748708675,-1.311205801,-0.939163385,-0.759555516,-0.01752511,-2.939591213,65.31896324,51.2295742,-66.53765259,-49.12255371,69.48007965,46.96594505,1,1
142.1333489,9,1572439418,AUT,FALSE,TRUE,TRUE,606.3632257,263.1896213,141.663328,179.9897192,-0.573355446,-179.7537242,9.420029729,0.791119159,-3.108224885,-0.939163385,-0.759555516,-0.01752511,-2.427552794,65.22823677,51.47057304,-67.75445366,-49.24248046,69.28487663,48.49196319,1,1
142.2338231,9,1572439418,AUT,FALSE,TRUE,TRUE,606.3632257,263.1896213,141.663328,179.9897192,-0.573355446,-179.7537242,9.420029729,0.791119159,-3.108224885,-0.136578173,0.069126743,0.223453062,-2.427552794,65.22823677,51.47057304,-67.75445366,-49.24248046,69.28487663,48.49196319,1,1
142.3342929,9,1572439418,AUT,FALSE,TRUE,TRUE,588.2055177,268.15434,147.1840307,179.9761587,-0.585697484,-179.7031657,6.598109935,1.708078568,-3.083124945,-0.136578173,0.069126743,0.223453062,-2.818460081,63.30911407,51.91037979,-71.13031539,-49.06432617,68.45211983,50.71419868,1,1
142.434741,9,1572439418,AUT,FALSE,TRUE,TRUE,588.2055177,268.15434,147.1840307,179.9761587,-0.585697484,-179.7031657,6.598109935,1.708078568,-3.083124945,0.540502621,0.244902266,0.215089738,-2.818460081,63.30911407,51.91037979,-71.13031539,-49.06432617,68.45211983,50.71419868,1,1
142.535208,9,1572439419,AUT,FALSE,TRUE,TRUE,558.987682,269.7542964,149.5379022,179.9807,-0.494318967,-179.6374088,1.387624567,3.194677085,3.142113628,0.718044897,0.651271304,0.078552021,-3.788309094,60.49207877,52.1339035,-77.28280334,-48.72540344,66.15838394,53.92695465,1,1
142.6356881,9,1572439419,AUT,FALSE,TRUE,TRUE,558.987682,269.7542964,149.5379022,179.9807,-0.494318967,-179.6374088,1.387624567,3.194677085,3.142113628,0.718044897,0.651271304,0.078552021,-4.648943706,58.7886589,52.12282104,-81.83635826,-48.69284545,63.92647018,56.02521973,1,1
142.736146,9,1572439419,AUT,FALSE,TRUE,TRUE,537.8147812,268.4984492,146.1193951,-179.9332678,-0.455776225,-179.7521321,-0.440955575,7.448119741,2.088513033,0.930072378,0.862421662,-0.376948772,-4.648943706,58.7886589,52.12282104,-81.83635826,-48.69284545,63.92647018,56.02521973,1,1
142.836611,9,1572439419,AUT,FALSE,TRUE,TRUE,519.8606795,268.1390447,143.4389888,-179.8938564,-0.349985312,-179.7566392,-2.562919114,7.97359367,0.460109761,1.011934829,1.096073831,-0.426283074,-5.145086288,57.45425262,52.14450187,-85.46840057,-48.85338867,62.1387989,57.98901214,1,1
142.9371579,9,1572439419,AUT,FALSE,TRUE,TRUE,505.0450843,269.5083311,142.7039534,-179.9055207,-0.327024904,-179.7704844,-1.540749792,7.908598255,0.525945026,1.026300336,1.122792098,-0.421710551,-5.304096219,56.33337593,52.22906914,-88.11507911,-48.85495422,60.93326912,59.6453968,1,1
143.0376649,9,1572439419,AUT,FALSE,TRUE,TRUE,492.2263239,272.5697749,143.4525572,-179.9438984,-0.312056343,-179.7880179,-1.659695788,5.791814673,-0.207622031,1.026300336,1.122792098,-0.421710551,-5.248031613,55.42643051,52.48323097,-90.14731979,-48.85631103,60.14107933,61.1999794,1,1
149.689867,10,1572439426,AUT,FALSE,FALSE,TRUE,471.886169,-400.052417,169.9075201,179.9904573,-0.017279206,179.9981411,-1.972967526,-1.278233473,2.366158149,-0.248390029,0.709621954,0.146868231,-71.16821136,58.93601989,54.20026359,-78.18006706,-48.82490661,67.38978309,-11.83219986,0.5,1
149.7906249,10,1572439426,AUT,FALSE,FALSE,TRUE,471.886169,-400.052417,169.9075201,179.9904573,-0.017279206,179.9981411,-1.972967526,-1.278233473,2.366158149,-0.248390029,0.709621954,0.146868231,-71.13310318,59.10327988,53.99801903,-78.18409767,-48.83061401,67.36458664,-11.86519661,0.5,1
149.8913929,10,1572439426,AUT,FALSE,TRUE,TRUE,470.039589,-403.2492348,156.3619928,179.98797,-0.103016924,179.9697653,0.661470952,-2.070732449,8.339448157,-0.683619174,0.666487928,0.020587877,-71.04920883,59.86409339,53.31881676,-78.18262825,-49.29210021,66.32795448,-11.97164383,1,1
149.992039,10,1572439426,AUT,FALSE,TRUE,TRUE,470.039589,-403.2492348,156.3619928,179.98797,-0.103016924,179.9697653,-1.063114143,0.01813891,4.803333618,-0.422620137,0.554052502,-0.062991976,-71.04920883,59.86409339,53.31881676,-78.18262825,-49.29210021,66.32795448,-11.97164383,1,1
150.0925119,10,1572439426,AUT,FALSE,TRUE,TRUE,470.2934879,-403.8352866,144.3541823,-179.9494157,-0.068840799,179.9079144,0.136225453,0.065255328,3.846138469,-0.611971501,0.18401398,-0.358437087,-70.93187484,60.97807274,52.99746323,-78.17882423,-50.10342956,65.49953041,-11.73606606,1,1
150.193032,10,1572439426,AUT,FALSE,TRUE,TRUE,472.1699703,-403.7534412,135.0439916,-179.9084854,0.151447437,179.8605663,-1.902760444,0.451630698,-1.291946565,-0.541266378,-0.264366766,-0.359629961,-70.79993591,62.03704834,52.93579559,-78.07253151,-50.92945861,64.79345626,-11.40860138,1,1
150.293498,10,1572439426,AUT,FALSE,TRUE,TRUE,472.1699703,-403.7534412,135.0439916,-179.9084854,0.151447437,179.8605663,-1.902760444,0.451630698,-1.291946565,-0.541266378,-0.264366766,-0.359629961,-70.79993591,62.03704834,52.93579559,-78.07253151,-50.92945861,64.79345626,-11.40860138,1,1
150.3940051,10,1572439426,AUT,FALSE,TRUE,TRUE,479.2346823,-402.7348429,134.3080556,-179.9179569,0.34000388,179.8449503,-6.329231204,0.871619381,-1.463679717,-0.422533391,-0.053524661,-0.293614869,-70.20355682,62.74621238,53.29952201,-77.13773918,-51.37484985,65.12624244,-11.08930779,1,1
150.494483,10,1572439426,AUT,FALSE,TRUE,TRUE,489.6778042,-401.5898203,138.7631633,-179.9488673,0.397804063,-179.959784,-8.265609561,-1.590118349,1.730721482,-0.24706773,0.361660468,-0.158920507,-69.01938514,63.00210113,53.46594772,-75.60064544,-51.35483825,65.9843399,-10.8942112,1,1
150.5949469,10,1572439427,AUT,FALSE,TRUE,TRUE,504.246873,-399.475827,143.0797945,-179.9649747,0.422194653,-179.908968,-9.675065447,-0.648031081,4.62899328,0.305746639,1.026737501,-0.130071585,-67.24955635,63.53545989,53.51731224,-73.26912002,-51.15692504,67.15483703,-10.80185051,1,1
150.69541,10,1572439427,AUT,FALSE,TRUE,TRUE,504.246873,-399.475827,143.0797945,-179.9649747,0.422194653,-179.908968,-9.675065447,-0.648031081,4.62899328,0.305746639,1.026737501,-0.130071585,-67.24955635,63.53545989,53.51731224,-73.26912002,-51.15692504,67.15483703,-10.80185051,1,1
150.795872,10,1572439427,AUT,FALSE,TRUE,TRUE,521.9307316,-396.8493186,145.3157898,-179.9912032,0.444967363,-179.8932108,-8.388828417,-2.559450043,3.594446737,0.071553387,0.961713744,-0.086439966,-64.98814773,64.51393661,53.49771194,-70.27476883,-51.1011145,68.43967438,-10.72451019,1,1
150.8963399,10,1572439427,AUT,FALSE,TRUE,TRUE,547.740198,-394.129612,145.6699098,179.9599229,0.437641212,-179.9305677,-3.826400255,-1.455848227,1.824946941,-0.073885914,-0.01025345,0.113555887,-61.56376076,66.36356048,53.33086052,-65.32386246,-51.11399047,70.30215911,-10.9341568,1,1
150.9968541,10,1572439427,AUT,FALSE,TRUE,TRUE,547.740198,-394.129612,145.6699098,179.9599229,0.437641212,-179.9305677,-3.826400255,-1.455848227,1.824946941,-0.073885914,-0.01025345,0.113555887,-61.56376076,66.36356048,53.33086052,-65.32386246,-51.11399047,70.30215911,-10.9341568,1,1
151.0973399,10,1572439427,AUT,FALSE,TRUE,TRUE,567.4627989,-393.2804203,147.4079375,179.9840242,0.380502161,-179.943925,-0.450242608,-0.960906527,-0.129749984,-0.276096363,-0.652044558,0.063485745,-58.88569221,67.86727638,53.28682937,-60.98131714,-51.14128601,72.08186874,-11.50294647,1,1
151.197804,10,1572439427,AUT,FALSE,TRUE,TRUE,583.6450733,-394.2682473,150.4570603,-179.9651073,0.172958288,-179.9279535,6.225180634,-2.359238031,-0.365642829,-0.385466249,-1.377920867,-0.1187931,-56.54399757,69.15494957,53.23958473,-56.78586845,-51.14100585,73.99591369,-12.39765931,1,1
151.2982759,10,1572439427,AUT,FALSE,TRUE,TRUE,594.1697973,-396.1501636,151.8616723,-179.8825037,-0.056489759,179.9960238,8.792815138,4.41180695,-0.116166603,0.725862642,-1.164921707,-0.49063296,-54.78963546,70.26053123,53.14459762,-53.33112488,-51.11060668,75.49487457,-13.34415551,1,1
151.3987401,10,1572439427,AUT,FALSE,TRUE,TRUE,600.4632401,-394.1235484,150.5271134,-179.7768967,-0.169352217,179.809284,8.792815138,4.41180695,-0.116166603,0.725862642,-1.164921707,-0.49063296,-53.77064323,70.95909691,53.13941688,-51.7076477,-51.09745605,76.13979606,-13.65580674,1,1
151.499193,10,1572439427,AUT,FALSE,TRUE,TRUE,600.4632401,-394.1235484,150.5271134,-179.7768967,-0.169352217,179.809284,10.94954841,7.439686803,0.960615366,0.727937812,-1.422058381,-0.865978307,-53.77064323,70.95909691,53.13941688,-51.7076477,-51.09745605,76.13979606,-13.65580674,1,1
151.599777,10,1572439428,AUT,FALSE,TRUE,TRUE,604.2796812,-383.269211,145.8915615,-179.7509275,-0.275357569,179.6367923,6.541230474,6.729918789,-0.56786929,-0.037926498,-0.274125333,-1.180122208,-53.15749969,71.13208007,53.14097213,-52.34563751,-51.17643127,75.74977111,-12.55225068,1,1
151.7006779,10,1572439428,AUT,FALSE,TRUE,TRUE,604.2796812,-383.269211,145.8915615,-179.7509275,-0.275357569,179.6367923,6.541230474,6.729918789,-0.56786929,-0.037926498,-0.274125333,-1.180122208,-52.87066726,70.72957534,53.15468444,-54.33312263,-51.22500732,74.86027679,-10.73855209,1,1
151.801316,10,1572439428,AUT,FALSE,TRUE,TRUE,605.82805,-368.5368287,142.4387468,-179.7459879,-0.289128391,179.5341391,4.629165711,7.16277306,-1.079599471,-0.138567091,-0.036956381,-1.065164249,-52.87066726,70.72957534,53.15468444,-54.33312263,-51.22500732,74.86027679,-10.73855209,1,1
151.901844,10,1572439428,AUT,FALSE,TRUE,TRUE,606.2525931,-341.4424623,142.0914737,-179.7617046,-0.272865212,179.5165792,2.34715191,7.21826125,-0.395161715,-0.033392926,0.283390951,-0.951856847,-52.58128051,69.38377075,53.3411087,-58.36547928,-51.2263861,73.40386047,-7.343838506,1,1
152.0023119,10,1572439428,AUT,FALSE,TRUE,TRUE,605.3175652,-312.8329953,143.6827775,-179.7746036,-0.279067128,179.4893161,0.972976785,6.849269642,-0.764085152,-0.043565714,0.251276726,-0.885575308,-52.20712738,67.86264496,53.65825309,-62.41039123,-51.21799255,72.14637565,-3.81374245,1,1
152.102802,10,1572439428,AUT,FALSE,TRUE,TRUE,605.3175652,-312.8329953,143.6827775,-179.7746036,-0.279067128,179.4893161,0.972976785,6.849269642,-0.764085152,-0.043565714,0.251276726,-0.885575308,-52.20712738,67.86264496,53.65825309,-62.41039123,-51.21799255,72.14637565,-3.81374245,1,1
152.203299,10,1572439428,AUT,FALSE,TRUE,TRUE,603.1310035,-277.0600112,144.4240867,-179.8233465,-0.250925044,179.4726273,-1.05635887,5.357911921,2.359373058,-0.158151844,0.800541322,-0.640957012,-51.50883293,66.14150962,53.9814846,-67.10498657,-51.215625,70.49028282,0.593247981,1,1
152.303772,10,1572439428,AUT,FALSE,TRUE,TRUE,600.0213616,-239.3275933,143.3649291,-179.8775044,-0.185442727,179.5207898,-4.481964547,3.531852681,2.495666135,-0.164463693,1.115406481,-0.244002771,-50.36899109,64.47234649,54.12275848,-71.67665519,-51.23994873,68.63139267,5.199478906,1,1
152.4042768,10,1572439428,AUT,FALSE,TRUE,TRUE,597.5862697,-202.2686829,142.3094157,-179.9462298,-0.084451432,179.5846745,-5.502705429,2.663477113,2.594350484,-0.719353638,0.961562497,-0.1867138,-48.73681411,63.03370399,54.15006638,-75.48289948,-51.24951782,66.96060562,9.642641825,1,1
152.504745,10,1572439428,AUT,FALSE,TRUE,TRUE,596.994299,-167.0083048,142.7746397,-179.8917532,-0.064581849,179.6171142,-8.167318899,5.972131453,1.238005467,-0.719353638,0.961562497,-0.1867138,-46.71640778,61.97201614,54.28403434,-78.06174774,-51.24782592,65.95358505,13.57367706,1,1
152.6052439,10,1572439429,AUT,FALSE,TRUE,TRUE,596.994299,-167.0083048,142.7746397,-179.8917532,-0.064581849,179.6171142,-8.167318899,5.972131453,1.238005467,0.110268502,1.357286114,-0.183024847,-46.71640778,61.97201614,54.28403434,-78.06174774,-51.24782592,65.95358505,13.57367706,1,1
152.7057109,10,1572439429,AUT,FALSE,TRUE,TRUE,598.2489448,-132.2659314,143.9474017,-179.9112543,-0.055304759,179.6086987,-5.300324065,5.068974594,1.751419919,-0.027400744,1.250821912,-0.284693934,-44.27154808,61.23375549,54.51506309,-79.75176429,-51.24522766,65.39431228,17.34606628,1,1
152.8062661,10,1572439429,AUT,FALSE,TRUE,TRUE,601.3570889,-88.81984288,143.465512,-179.9812707,-0.153480921,179.667566,-3.629188221,2.868960883,3.720676391,-0.45383625,1.386825853,-0.114190008,-40.57273636,60.82209778,54.52103348,-80.78542328,-51.24857849,65.03468513,21.85115433,1,1
152.9067318,10,1572439429,AUT,FALSE,TRUE,TRUE,601.3570889,-88.81984288,143.465512,-179.9812707,-0.153480921,179.667566,-3.629188221,2.868960883,3.720676391,-0.45383625,1.386825853,-0.114190008,-40.57273636,60.82209778,54.52103348,-80.78542328,-51.24857849,65.03468513,21.85115433,1,1
153.0072229,10,1572439429,AUT,FALSE,TRUE,TRUE,605.3776052,-63.4026924,140.6695615,179.9217124,-0.025087959,179.8865612,-5.552107546,0.303908061,3.017482751,-0.527406995,1.425999727,0.37723714,-37.80715828,60.86425438,54.05181083,-80.79560966,-51.3490979,64.61995124,24.47684211,1,1
153.107708,10,1572439429,AUT,FALSE,TRUE,TRUE,615.6497007,-51.17830978,139.9455728,179.8205348,0.385238314,-179.8250413,-13.11957348,-0.148371064,1.26065575,-0.222293899,1.412446503,0.561815276,-35.55390701,61.26464424,53.35359878,-79.23145179,-51.32613647,64.62123528,25.30543441,1,1
153.2081699,10,1572439429,AUT,FALSE,TRUE,TRUE,615.6497007,-51.17830978,139.9455728,179.8205348,0.385238314,-179.8250413,-13.11957348,-0.148371064,1.26065575,-0.222293899,1.412446503,0.561815276,-33.7975914,62.35812378,52.98499031,-75.65154991,-50.94566894,66.08213882,24.16496773,1,1
153.3086369,10,1572439429,AUT,FALSE,TRUE,TRUE,631.5033901,-49.56556722,142.2021222,179.8464326,0.36339443,-179.7918908,-8.795460667,3.852341773,3.393079148,0.820780051,0.807243522,0.315985438,-33.7975914,62.35812378,52.98499031,-75.65154991,-50.94566894,66.08213882,24.16496773,1,1
153.409188,10,1572439429,AUT,FALSE,TRUE,TRUE,654.5091469,-53.1828831,143.7961319,179.906511,0.329125602,-179.8971464,-4.782589602,0.671209949,1.64502732,-0.286212221,0.168454763,0.037054122,-31.88936233,64.50492783,52.92131081,-69.97061576,-50.89697753,68.41321106,21.87930336,1,1
153.5096779,10,1572439429,AUT,FALSE,TRUE,TRUE,672.9120212,-57.96453296,144.7219409,-179.9867504,0.263162686,-179.9202358,-5.117839682,3.581345129,3.135789957,0.142790726,0.384300065,0.044098152,-30.36821937,66.34832039,52.91689911,-65.10140991,-50.98897705,70.38775634,19.78336257,1,1
153.610384,10,1572439430,AUT,FALSE,TRUE,TRUE,689.5739419,-61.78914394,145.1761923,-179.998919,0.207595046,-179.9899343,-2.271005462,5.778405623,1.039217948,0.142790726,0.384300065,0.044098152,-28.82085686,68.12041168,52.8899929,-60.38674049,-51.04026672,72.21126366,17.8657711,1,1
153.71101,10,1572439430,AUT,FALSE,TRUE,TRUE,689.5739419,-61.78914394,145.1761923,-179.998919,0.207595046,-179.9899343,-2.271005462,5.778405623,1.039217948,0.28061278,0.209971473,-0.041195729,-28.82085686,68.12041168,52.8899929,-60.38674049,-51.04026672,72.21126366,17.8657711,1,1
153.8115969,10,1572439430,AUT,FALSE,TRUE,TRUE,702.6617588,-62.37831496,144.3089254,-179.9384611,-0.003345469,179.9317147,3.840590627,5.397052981,2.698863923,-0.070756183,-0.402261336,-0.351447269,-27.21917724,69.72764282,52.85424271,-56.23328018,-51.08315185,73.81284713,16.34429855,1,1
153.912123,10,1572439430,AUT,FALSE,TRUE,TRUE,711.0963703,-53.5237454,141.3618512,-179.7418069,-0.106493175,179.7461243,3.972469463,11.1466918,0.612563161,0.840267611,-0.339345846,-0.77403535,-25.5730751,70.92927933,52.86893348,-53.67200661,-51.15355773,74.596138,15.94782943,1,1
154.012655,10,1572439430,AUT,FALSE,TRUE,TRUE,715.2002432,-33.32305435,138.9946558,-179.8981693,-0.105589736,179.6767311,3.667506978,7.761071516,-0.938984216,0.021322102,-0.368909371,-0.668367621,-23.63931656,71.49607773,52.88842735,-52.74094276,-51.26835937,74.74522934,17.38597069,1,1
154.1131709,10,1572439430,AUT,FALSE,TRUE,TRUE,715.2002432,-33.32305435,138.9946558,-179.8981693,-0.105589736,179.6767311,3.667506978,7.761071516,-0.938984216,0.021322102,-0.368909371,-0.668367621,-23.63931656,71.49607773,52.88842735,-52.74094276,-51.26835937,74.74522934,17.38597069,1,1
154.2136641,10,1572439430,AUT,FALSE,TRUE,TRUE,716.822322,-7.591564932,139.8435594,-179.9011327,-0.053381535,179.7415077,1.746306029,4.27558977,-1.505223365,-0.4410483,-0.457849841,-0.392955718,-21.49822883,71.52486877,52.89265365,-52.51900863,-51.31117858,74.82824478,19.37125168,1,1
154.314131,10,1572439430,AUT,FALSE,TRUE,TRUE,716.7853483,23.38261667,144.7215151,-179.943082,-0.057055238,179.8381593,-1.089619539,4.701892318,1.304907112,0.217185989,0.032202755,-0.236006097,-18.93841438,71.18472862,52.94921264,-52.37607994,-51.18477539,75.23574829,21.87337761,1,1
154.4145949,10,1572439430,AUT,FALSE,TRUE,TRUE,716.7853483,23.38261667,144.7215151,-179.943082,-0.057055238,179.8381593,-1.089619539,4.701892318,1.304907112,0.217185989,0.032202755,-0.236006097,-18.93841438,71.18472862,52.94921264,-52.37607994,-51.18477539,75.23574829,21.87337761,1,1
154.5150909,10,1572439430,AUT,FALSE,TRUE,TRUE,715.476447,46.6773457,148.3103606,-179.9431863,-0.066509151,179.8729641,-0.731334194,2.614054732,1.760603171,-0.228869872,-0.006832754,-0.474135972,-17.06863746,70.88665581,52.99102249,-52.37728157,-51.05527954,75.50368766,23.69972762,1,1
154.615622,10,1572439431,AUT,FALSE,TRUE,TRUE,713.4747224,68.1724317,149.4492543,-179.8547825,-0.107461875,179.920592,-2.271757547,6.297610237,1.856400245,0.687597716,0.458666378,-0.432620478,-15.34157638,70.76987114,52.99628563,-52.39953231,-51.01229553,75.62504539,25.35540504,1,1
154.7161019,10,1572439431,AUT,FALSE,TRUE,TRUE,710.8719429,85.61579102,148.6711751,179.9410851,-0.245361503,-179.9250581,2.088470916,-2.22205623,1.459114435,-0.768285949,0.150888797,0.004283962,-13.85120544,70.77168388,52.89411964,-52.45721397,-51.0115979,75.69284134,27.02729073,1,1
154.81657,10,1572439431,AUT,FALSE,TRUE,TRUE,707.4108524,93.08589003,147.6139056,179.9449051,-0.542367858,-179.7170847,11.39297997,-4.26212567,-1.864243657,-0.768285949,0.150888797,0.004283962,-13.22345352,70.69466629,52.78532409,-52.84237747,-51.0099884,75.81137695,27.87163124,1,1
154.917084,10,1572439431,AUT,FALSE,TRUE,TRUE,707.4108524,93.08589003,147.6139056,179.9449051,-0.542367858,-179.7170847,11.39297997,-4.26212567,-1.864243657,-0.625082383,-0.511151846,0.365635353,-13.22345352,70.69466629,52.78532409,-52.84237747,-51.0099884,75.81137695,27.87163124,1,1
155.017602,10,1572439431,AUT,FALSE,TRUE,TRUE,700.4438508,94.46327799,148.1353455,-179.9844264,-0.786936666,-179.7368069,14.26276046,-0.932200478,-0.952667065,0.032661705,-0.209092449,-0.028638378,-13.73645668,70.04467735,52.87207489,-54.62973976,-50.84341369,75.43731994,28.5944252,1,1
155.1180758,10,1572439431,AUT,FALSE,TRUE,TRUE,687.0776687,95.43248826,147.9390851,-179.9892141,-0.862391272,-179.7129437,14.09031895,-0.798947085,-0.542767022,0.088699594,-0.391191515,-0.079993296,-14.95050773,68.71261596,52.9755764,-58.37506141,-50.74122985,74.16346893,30.21389236,1,1
155.2185891,10,1572439431,AUT,FALSE,TRUE,TRUE,667.7331433,95.9268191,146.2947354,-179.9236914,-0.753680011,-179.6890588,5.032472544,2.095885419,0.876158552,0.088699594,-0.391191515,-0.079993296,-16.7462059,66.79581413,53.03884735,-63.85775756,-50.70351379,71.98223991,32.40365982,1,1
155.3190811,10,1572439431,AUT,FALSE,TRUE,TRUE,667.7331433,95.9268191,146.2947354,-179.9236914,-0.753680011,-179.6890588,5.032472544,2.095885419,0.876158552,0.909765517,0.561104138,-0.185621313,-16.7462059,66.79581413,53.03884735,-63.85775756,-50.70351379,71.98223991,32.40365982,1,1
155.419594,10,1572439431,AUT,FALSE,TRUE,TRUE,640.5064657,94.156292,143.7813537,-179.8952262,-0.539780331,-179.6989099,-2.62113987,6.343595354,1.401700665,1.202238477,1.098784849,-0.210362388,-19.2665554,64.15766029,53.09672813,-71.14507141,-50.68978088,68.84993133,35.16807747,1,1
155.5203929,10,1572439431,AUT,FALSE,TRUE,TRUE,621.4897281,90.32856893,142.4937386,-179.9490027,-0.343611539,-179.7197543,-7.449564872,6.066349697,2.651496366,0.945386045,1.595605701,-0.453467017,-21.13627739,62.28436775,53.12862281,-75.99375343,-50.68721557,66.68576202,36.80117454,1,1
155.621099,10,1572439432,AUT,FALSE,TRUE,TRUE,621.4897281,90.32856893,142.4937386,-179.9490027,-0.343611539,-179.7197543,-7.449564872,6.066349697,2.651496366,0.945386045,1.595605701,-0.453467017,-22.46351852,61.03254776,53.1896244,-79.12899055,-50.68495239,65.13239479,37.5759613,1,1
155.721668,10,1572439432,AUT,FALSE,TRUE,TRUE,609.1792894,87.29352375,141.8782168,-179.8156672,-0.112899265,-179.8575401,-12.14738182,9.627787825,2.934855259,1.095134337,1.954712579,-0.988699413,-22.46351852,61.03254776,53.1896244,-79.12899055,-50.68495239,65.13239479,37.5759613,1,1
155.822201,10,1572439432,AUT,FALSE,TRUE,TRUE,603.9562451,89.46717591,142.9993378,-179.7463202,-0.040776084,179.9806058,-11.10004779,11.79382597,3.48778917,1.122573603,1.856440792,-1.305025568,-22.85175476,60.51867599,53.45837746,-80.34478912,-50.68427673,64.66697959,38.13459549,1,1
155.922657,10,1572439432,AUT,FALSE,TRUE,TRUE,603.3754979,98.95218779,144.4760427,-179.7582338,0.002052167,179.8193351,-8.283473214,13.43555645,3.44166597,1.217885056,1.253161447,-1.197540692,-22.16568946,60.57351837,53.78047599,-80.21951751,-50.7252777,64.82674141,38.94044952,1,1
156.0231459,10,1572439432,AUT,FALSE,TRUE,TRUE,604.0362957,115.6492926,145.1826718,-179.793942,-0.025077803,179.7230913,-4.239104947,9.710908425,2.380516976,0.233789324,0.751550501,-1.048020454,-20.53577843,60.92212143,53.95693016,-79.43371353,-50.77178283,65.23747902,40.20532951,1,1
156.123641,10,1572439432,AUT,FALSE,TRUE,TRUE,604.0362957,115.6492926,145.1826718,-179.793942,-0.025077803,179.7230913,-4.239104947,9.710908425,2.380516976,0.233789324,0.751550501,-1.048020454,-20.53577843,60.92212143,53.95693016,-79.43371353,-50.77178283,65.23747902,40.20532951,1,1
156.224092,10,1572439432,AUT,FALSE,TRUE,TRUE,604.3754798,138.5935757,145.2353154,-179.7707021,-0.04136239,179.6861517,-3.759912015,10.98131403,2.68397082,0.601625414,0.807567982,-0.881833276,-18.10037041,61.43048973,54.01292266,-78.30848694,-50.84939025,65.71769485,41.88828735,1,1
156.324574,10,1572439432,AUT,FALSE,TRUE,TRUE,604.3646855,164.0414271,145.1679523,-179.8479691,-0.036676253,179.6582361,-3.496092671,11.27239705,2.307011729,0.467550286,0.928554078,-0.794218113,-15.34246902,62.01256256,53.98834076,-76.93277549,-50.9035913,66.24183197,43.78382377,1,1
156.425117,10,1572439432,AUT,FALSE,TRUE,TRUE,604.6877953,191.2288221,145.53752,-179.8315148,-0.045569649,179.6829678,-3.16980482,10.467497,2.98662551,0.409370893,0.947026926,-0.79378247,-12.26207084,62.72229309,53.92422866,-75.09032707,-50.93617675,66.99593009,45.49545593,1,1
156.5255821,10,1572439432,AUT,FALSE,TRUE,TRUE,604.6877953,191.2288221,145.53752,-179.8315148,-0.045569649,179.6829678,-3.16980482,10.467497,2.98662551,0.409370893,0.947026926,-0.79378247,-12.26207084,62.72229309,53.92422866,-75.09032707,-50.93617675,66.99593009,45.49545593,1,1
156.6260691,10,1572439433,AUT,FALSE,TRUE,TRUE,605.4506193,223.8556524,146.2273081,-179.864258,-0.066741378,179.7739926,-2.754628554,5.756158522,1.727652184,-0.803316549,0.993563053,-0.594497612,-8.447885513,63.71278267,53.79376602,-72.36423798,-50.94703125,68.12752876,47.34955673,1,1
156.726536,10,1572439433,AUT,FALSE,TRUE,TRUE,605.4506193,223.8556524,146.2273081,-179.864258,-0.066741378,179.7739926,-2.754628554,5.756158522,1.727652184,-0.803316549,0.993563053,-0.594497612,-8.447885513,63.71278267,53.79376602,-72.36423798,-50.94703125,68.12752876,47.34955673,1,1
156.8269389,10,1572439433,AUT,FALSE,TRUE,TRUE,606.618703,254.0794407,146.3254339,179.9921354,-0.258777581,-179.8948758,5.389848023,-3.711570569,0.938252087,-1.235967325,0.049566266,-0.088071982,-5.092063519,64.72378234,53.57125854,-69.03677788,-50.91555541,69.67019463,48.82321129,1,1
156.9274189,10,1572439433,AUT,FALSE,TRUE,TRUE,606.618703,254.0794407,146.3254339,179.9921354,-0.258777581,-179.8948758,5.389848023,-3.711570569,0.938252087,-1.235967325,0.049566266,-0.088071982,-3.151678844,65.29816818,53.18951454,-68.62566261,-50.86874816,69.82334404,49.7107521,1,1
157.027961,10,1572439433,AUT,FALSE,TRUE,TRUE,602.3260673,264.3422362,142.5884581,179.9700531,-0.544023918,-179.6683817,10.15293542,-4.807088367,0.104923807,-0.842756866,-0.033754697,0.012250565,-3.151678844,65.29816818,53.18951454,-68.62566261,-50.86874816,69.82334404,49.7107521,1,1
157.1284149,10,1572439433,AUT,FALSE,TRUE,TRUE,584.4929013,268.0132931,137.7130601,-179.9487331,-0.722921631,-179.6557912,10.15293542,-4.807088367,0.104923807,-0.842756866,-0.033754697,0.012250565,-3.361373519,64.42660904,53.21366729,-72.08187218,-50.98998229,68.29743919,51.84523773,1,1
157.228919,10,1572439433,AUT,FALSE,TRUE,TRUE,584.4929013,268.0132931,137.7130601,-179.9487331,-0.722921631,-179.6557912,10.30105342,0.66609534,-0.569909567,0.150898465,0.273753035,-0.047110335,-3.361373519,64.42660904,53.21366729,-72.08187218,-50.98998229,68.29743919,51.84523773,1,1
157.329396,10,1572439433,AUT,FALSE,TRUE,TRUE,564.4839808,269.1326845,136.335582,-179.9388711,-0.69867177,-179.6560179,5.19198715,4.235078591,0.162188462,0.669787922,0.605338481,-0.214074571,-4.212789913,62.91314278,53.30412941,-76.2652153,-51.02280395,66.54338608,54.17166481,1,1
157.4303191,10,1572439433,AUT,FALSE,TRUE,TRUE,532.5740323,269.3223555,136.3786337,-179.9213595,-0.556274371,-179.6023714,2.24350428,4.431715938,1.13766803,0.669787922,0.605338481,-0.214074571,-5.248093413,60.24410705,53.48374557,-82.73284607,-51.03911315,63.89806709,57.76998939,1,1
157.5310171,10,1572439433,AUT,FALSE,TRUE,TRUE,532.5740323,269.3223555,136.3786337,-179.9213595,-0.556274371,-179.6023714,2.24350428,4.431715938,1.13766803,0.631403137,1.068685108,-0.284410929,-5.248093413,60.24410705,53.48374557,-82.73284607,-51.03911315,63.89806709,57.76998939,1,1
157.6316628,10,1572439434,AUT,FALSE,TRUE,TRUE,509.4395974,267.8573723,136.3531857,-179.9111984,-0.464313832,-179.6236177,-0.198179799,4.649950692,2.070623466,0.386502087,1.307409032,-0.543626446,-6.022049331,58.27888297,53.63991279,-87.31140861,-51.01728881,61.92333298,60.20006561,1,1
157.732127,10,1572439434,AUT,FALSE,TRUE,TRUE,489.6917503,265.5982985,136.4338525,-179.8440493,-0.34493934,-179.6527169,-2.226360521,7.388304241,1.265425657,1.068350498,1.032517917,-0.632655052,-6.689664456,56.55732536,53.78507995,-91.19257278,-51.01651428,60.18047904,62.15951843,1,1
164.170146,11,1572439440,AUT,FALSE,FALSE,TRUE,471.9731263,-399.8899673,169.8453217,-179.9862862,-0.019241532,179.9906812,-4.342801093,-0.588792691,6.064137484,-0.328497307,1.127556538,0.060581294,-71.40602073,59.23835678,54.77244186,-78.18314666,-49.36741149,67.66161232,-11.58255616,0.5,1
164.270957,11,1572439440,AUT,FALSE,TRUE,TRUE,471.1210816,-400.2047432,167.9205185,179.9737202,-0.16677431,179.9262927,-1.660107553,-1.01595073,7.227948731,-0.499181792,0.83927518,0.105747304,-71.38164139,59.32560539,54.62884025,-78.18610954,-49.36976806,67.64964065,-11.60087929,1,1
164.3716729,11,1572439440,AUT,FALSE,TRUE,TRUE,471.1210816,-400.2047432,167.9205185,179.9737202,-0.16677431,179.9262927,-1.660107553,-1.01595073,7.227948731,-0.499181792,0.83927518,0.105747304,-71.38164139,59.32560539,54.62884025,-78.18610954,-49.36976806,67.64964065,-11.60087929,1,1
164.472172,11,1572439440,AUT,FALSE,TRUE,TRUE,472.0073241,-401.8966284,152.7480377,-179.9457215,0.079312079,179.8985458,-3.887546402,-0.08127823,3.488064243,-0.742682341,0.43162465,-0.275849572,-71.12422142,60.53161582,53.85882225,-78.17234916,-50.07799621,66.24569435,-11.52607956,1,1
164.5726399,11,1572439441,AUT,FALSE,TRUE,TRUE,472.0073241,-401.8966284,152.7480377,-179.9457215,0.079312079,179.8985458,-3.887546402,-0.08127823,3.488064243,-0.742682341,0.43162465,-0.275849572,-71.12422142,60.53161582,53.85882225,-78.17234916,-50.07799621,66.24569435,-11.52607956,1,1
164.6731799,11,1572439441,AUT,FALSE,TRUE,TRUE,476.5149766,-401.8240145,140.3806224,-179.9427739,0.142426384,179.8874368,-0.893117647,-0.626338458,-0.341736096,-0.685836005,-0.21083134,-0.212430169,-70.70785331,61.87962799,53.81151581,-77.75981941,-51.17060852,65.72564278,-10.95783578,1,1
164.7736731,11,1572439441,AUT,FALSE,TRUE,TRUE,476.5149766,-401.8240145,140.3806224,-179.9427739,0.142426384,179.8874368,-0.893117647,-0.626338458,-0.341736096,-0.685836005,-0.21083134,-0.212430169,-69.88595238,62.98800773,53.91632538,-76.17314987,-51.65735229,66.03624,-11.00631981,1,1
164.874135,11,1572439441,AUT,FALSE,TRUE,TRUE,484.3434945,-403.4938552,138.684221,-179.9532304,0.371330322,179.9266642,-9.073605055,-0.800935061,1.664589065,-0.336838001,0.610434896,-0.053506402,-69.88595238,62.98800773,53.91632538,-76.17314987,-51.65735229,66.03624,-11.00631981,1,1
164.9745939,11,1572439441,AUT,FALSE,TRUE,TRUE,506.068909,-402.4192358,142.9731904,-179.9882714,0.460782996,-179.9410895,-9.073605055,-0.800935061,1.664589065,-0.336838001,0.610434896,-0.053506402,-67.36484069,64.07716141,54.0410408,-72.52434998,-51.67088195,67.68591957,-10.96046906,1,1
165.075069,11,1572439441,AUT,FALSE,TRUE,TRUE,506.068909,-402.4192358,142.9731904,-179.9882714,0.460782996,-179.9410895,-10.61341783,-2.189399605,3.379479639,-0.083145104,1.102500409,0.016418759,-67.36484069,64.07716141,54.0410408,-72.52434998,-51.67088195,67.68591957,-10.96046906,1,1
165.1755469,11,1572439441,AUT,FALSE,TRUE,TRUE,529.7035546,-400.4409913,144.6169657,179.9668206,0.443032934,-179.9392811,-4.749860498,-2.423549432,2.384985461,-0.215704299,-0.05976154,0.12346085,-64.28276367,65.57861137,53.95750351,-68.28452682,-51.64712951,69.38524361,-11.08428841,1,1
165.2760789,11,1572439441,AUT,FALSE,TRUE,TRUE,529.7035546,-400.4409913,144.6169657,179.9668206,0.443032934,-179.9392811,-4.749860498,-2.423549432,2.384985461,-0.215704299,-0.05976154,0.12346085,-64.28276367,65.57861137,53.95750351,-68.28452682,-51.64712951,69.38524361,-11.08428841,1,1
165.3765509,11,1572439441,AUT,FALSE,TRUE,TRUE,560.222833,-399.1541829,143.0724642,179.9812786,0.363880248,-179.9534201,-1.951766453,-1.264747128,1.668670115,-0.519117091,-0.498832014,0.112229528,-60.80079803,67.59214096,53.63687096,-62.89730872,-51.66632812,71.66593323,-11.78856698,1,1
165.4770648,11,1572439441,AUT,FALSE,TRUE,TRUE,560.222833,-399.1541829,143.0724642,179.9812786,0.363880248,-179.9534201,-1.951766453,-1.264747128,1.668670115,-0.519117091,-0.498832014,0.112229528,-60.80079803,67.59214096,53.63687096,-62.89730872,-51.66632812,71.66593323,-11.78856698,1,1
165.5775309,11,1572439442,AUT,FALSE,TRUE,TRUE,580.0738715,-401.2955959,142.129147,179.9714511,0.202296743,-179.9216995,0.076816834,1.116182803,1.611133558,0.435113495,0.252416933,0.09765817,-57.116399,69.96717224,53.24001388,-56.53204651,-51.67379882,73.51645317,-12.86546746,1,1
165.67799,11,1572439442,AUT,FALSE,TRUE,TRUE,580.0738715,-401.2955959,142.129147,179.9714511,0.202296743,-179.9216995,0.076816834,1.116182803,1.611133558,0.435113495,0.252416933,0.09765817,-57.116399,69.96717224,53.24001388,-56.53204651,-51.67379882,73.51645317,-12.86546746,1,1
165.7784479,11,1572439442,AUT,FALSE,TRUE,TRUE,596.0932498,-406.2345381,142.1288787,-179.915198,0.016081594,179.9634355,4.16656905,4.682524419,0.189961941,0.344590946,-0.839100471,-0.339281105,-54.57511024,71.83353996,53.10409241,-51.25036926,-51.66927246,75.56508407,-14.57796479,1,1
165.8789849,11,1572439442,AUT,FALSE,TRUE,TRUE,603.803145,-403.9176581,143.2325613,-179.7582392,-0.102398561,179.8217348,9.366613349,7.50116212,-0.882253278,0.87974414,-1.351866344,-0.873024702,-53.30028763,72.53302231,53.1971775,-49.12872391,-51.66222473,76.51487961,-14.99818841,1,1
165.9797299,11,1572439442,AUT,FALSE,TRUE,TRUE,603.803145,-403.9176581,143.2325613,-179.7582392,-0.102398561,179.8217348,9.366613349,7.50116212,-0.882253278,0.87974414,-1.351866344,-0.873024702,-53.30028763,72.53302231,53.1971775,-49.12872391,-51.66222473,76.51487961,-14.99818841,1,1
166.080488,11,1572439442,AUT,FALSE,TRUE,TRUE,609.7351691,-389.6619659,145.2515162,-179.724315,-0.269932012,179.7028131,4.551455342,5.685061635,0.730724313,0.225649344,0.012916849,-1.187524299,-52.56482849,72.33701591,53.35434723,-49.73205528,-51.60419494,76.64898491,-13.62325974,1,1
166.1811349,11,1572439442,AUT,FALSE,TRUE,TRUE,609.7351691,-389.6619659,145.2515162,-179.724315,-0.269932012,179.7028131,4.551455342,5.685061635,0.730724313,0.225649344,0.012916849,-1.187524299,-52.56482849,72.33701591,53.35434723,-49.73205528,-51.60419494,76.64898491,-13.62325974,1,1
166.281791,11,1572439442,AUT,FALSE,TRUE,TRUE,612.4379734,-369.1367039,144.967255,-179.7512384,-0.395039114,179.6436862,6.700424404,5.673885858,1.233907972,0.225649344,0.012916849,-1.187524299,-51.92761459,71.35752639,53.41219711,-52.25379868,-51.52033081,75.92083168,-11.12831612,1,1
166.3822649,11,1572439442,AUT,FALSE,TRUE,TRUE,612.4379734,-369.1367039,144.967255,-179.7512384,-0.395039114,179.6436862,6.700424404,5.673885858,1.233907972,0.227787198,-0.044086424,-0.998268574,-51.92761459,71.35752639,53.41219711,-52.25379868,-51.52033081,75.92083168,-11.12831612,1,1
166.482806,11,1572439442,AUT,FALSE,TRUE,TRUE,610.3739192,-328.4676784,140.8529397,-179.8012964,-0.345249674,179.5767109,1.813258373,4.490722935,0.697665953,-0.126509359,0.401734853,-0.749990142,-51.79306641,69.33172302,53.53134384,-59.06288795,-51.52211059,73.21138687,-5.8155716,1,1
166.583282,11,1572439443,AUT,FALSE,TRUE,TRUE,610.3739192,-328.4676784,140.8529397,-179.8012964,-0.345249674,179.5767109,1.813258373,4.490722935,0.697665953,-0.126509359,0.401734853,-0.749990142,-51.79306641,69.33172302,53.53134384,-59.06288795,-51.52211059,73.21138687,-5.8155716,1,1
166.683744,11,1572439443,AUT,FALSE,TRUE,TRUE,606.187969,-294.9029076,140.1187689,-179.8358156,-0.251885393,179.5541273,-0.874433975,4.671446919,-1.162952464,-0.221227824,0.350183479,-0.607574449,-51.62622527,67.50937958,53.76813698,-64.3120388,-51.56958251,71.16120414,-1.468789675,1,1
166.7842109,11,1572439443,AUT,FALSE,TRUE,TRUE,606.187969,-294.9029076,140.1187689,-179.8358156,-0.251885393,179.5541273,-0.874433975,4.671446919,-1.162952464,-0.221227824,0.350183479,-0.607574449,-51.62622527,67.50937958,53.76813698,-64.3120388,-51.56958251,71.16120414,-1.468789675,1,1
166.8846641,11,1572439443,AUT,FALSE,TRUE,TRUE,600.5689313,-247.3484493,144.7921697,-179.8463462,-0.190196307,179.5892213,-4.341696187,4.746059837,2.378616119,0.045043936,1.15459226,-0.465360616,-51.00854301,65.34782638,54.37195244,-69.82698326,-51.61851562,69.22175331,4.420888138,1,1
166.985173,11,1572439443,AUT,FALSE,TRUE,TRUE,596.5361538,-205.255184,145.7225121,-179.8694217,-0.153189466,179.6228367,-5.749459341,5.131625845,5.226305736,0.246617903,1.478859025,-0.344274657,-49.3007904,63.09192466,54.82526207,-75.38398819,-51.61645019,67.58734818,9.452695081,1,1
167.085726,11,1572439443,AUT,FALSE,TRUE,TRUE,596.5361538,-205.255184,145.7225121,-179.8694217,-0.153189466,179.6228367,-5.749459341,5.131625845,5.226305736,0.246617903,1.478859025,-0.344274657,-49.3007904,63.09192466,54.82526207,-75.38398819,-51.61645019,67.58734818,9.452695081,1,1
167.1861999,11,1572439443,AUT,FALSE,TRUE,TRUE,594.6289529,-169.3427923,143.358892,-179.9384425,-0.12009986,179.6216751,-5.111592504,3.861295261,2.79588244,-0.368845183,1.227047536,-0.331627757,-47.30148811,62.04786301,54.83054581,-78.37642364,-51.67133789,66.19294968,13.66070594,1,1
167.286696,11,1572439443,AUT,FALSE,TRUE,TRUE,595.0903261,-129.2156654,141.9134122,-179.9494916,-0.0895328,179.6728566,-7.160073791,4.196839709,4.127457901,-0.368845183,1.227047536,-0.331627757,-44.44527282,61.26513863,54.83152771,-80.58063125,-51.76911071,65.16801109,18.1351799,1,1
167.3872089,11,1572439443,AUT,FALSE,TRUE,TRUE,595.0903261,-129.2156654,141.9134122,-179.9494916,-0.0895328,179.6728566,-7.160073791,4.196839709,4.127457901,-0.373049953,1.670464628,-0.134353438,-44.44527282,61.26513863,54.83152771,-80.58063125,-51.76911071,65.16801109,18.1351799,1,1
167.487782,11,1572439443,AUT,FALSE,TRUE,TRUE,597.5943934,-100.2203699,141.4361932,-179.9656696,-0.122381577,179.7478495,-3.73491035,1.556837785,2.048876988,-0.693538868,1.147535973,-0.07441977,-41.96735458,60.98182526,54.77698402,-81.26553955,-51.78769409,64.86479187,21.14031486,1,1
167.5883219,11,1572439444,AUT,FALSE,TRUE,TRUE,603.2001847,-78.15892529,141.9016941,179.9794968,0.109251656,179.8947103,-6.294284074,-0.975395567,0.787379159,-1.05502751,0.877019341,0.076124057,-39.52738724,60.96100959,54.60499649,-81.00415764,-51.82380065,64.76939621,23.28344879,1,1
167.6888471,11,1572439444,AUT,FALSE,TRUE,TRUE,603.2001847,-78.15892529,141.9016941,179.9794968,0.109251656,179.8947103,-6.294284074,-0.975395567,0.787379159,-1.05502751,0.877019341,0.076124057,-39.52738724,60.96100959,54.60499649,-81.00415764,-51.82380065,64.76939621,23.28344879,1,1
167.7893209,11,1572439444,AUT,FALSE,TRUE,TRUE,614.1692026,-68.54207276,145.4405162,179.8900159,0.304588437,-179.8987844,-11.01280916,-0.752739156,2.438536883,-0.36578823,1.000200879,0.285113839,-37.60340996,61.28397331,54.36927795,-79.06649208,-51.65800048,65.53897476,23.70722579,1,1
167.889869,11,1572439444,AUT,FALSE,TRUE,TRUE,629.8930933,-66.12050515,148.7966698,179.9213756,0.37792362,-179.8766713,-9.912545195,0.917849936,3.955136166,0.108573062,0.931823021,0.254727108,-35.87062225,62.28609809,54.19595146,-75.5783432,-51.4120935,67.00801163,22.74954414,1,1
167.9904931,11,1572439444,AUT,FALSE,TRUE,TRUE,648.1452049,-66.95783224,150.3577999,179.9718556,0.3544529,-179.9231681,-9.912545195,0.917849936,3.955136166,0.108573062,0.931823021,0.254727108,-34.07238006,63.88432388,54.06130714,-71.21234894,-51.35143249,68.78521499,21.16121292,1,1
168.0910149,11,1572439444,AUT,FALSE,TRUE,TRUE,648.1452049,-66.95783224,150.3577999,179.9718556,0.3544529,-179.9231681,-7.235118073,1.943091739,2.890869432,-0.049825499,0.438890102,0.03655213,-34.07238006,63.88432388,54.06130714,-71.21234894,-51.35143249,68.78521499,21.16121292,1,1
168.191689,11,1572439444,AUT,FALSE,TRUE,TRUE,671.6304203,-69.17983855,148.7977144,179.9930614,0.256157219,-179.975608,-3.992024129,3.085348544,3.892220707,-0.206472081,0.355650867,0.00069127,-31.67988052,66.33589554,53.78939209,-65.09436493,-51.45239685,70.99616889,18.9820919,1,1
168.2922521,11,1572439444,AUT,FALSE,TRUE,TRUE,687.4591576,-70.44473306,145.354019,-179.9454132,0.112654848,179.9974856,0.55585198,5.606320526,1.870008187,0.267591144,-0.023157402,-0.061293987,-29.83993492,68.23534584,53.46376076,-60.59968299,-51.51666137,72.44053802,17.35280228,1,1
168.3927329,11,1572439444,AUT,FALSE,TRUE,TRUE,699.107422,-66.46804846,141.4270024,-179.899614,-0.061846617,179.8380861,5.724144979,8.100994211,-0.478235809,0.501553644,-0.697821873,-0.436511233,-28.11636199,69.83494491,53.33497009,-57.12459411,-51.58683654,73.52377281,16.40605545,1,1
168.4932399,11,1572439444,AUT,FALSE,TRUE,TRUE,699.107422,-66.46804846,141.4270024,-179.899614,-0.061846617,179.8380861,5.724144979,8.100994211,-0.478235809,0.501553644,-0.697821873,-0.436511233,-28.11636199,69.83494491,53.33497009,-57.12459411,-51.58683654,73.52377281,16.40605545,1,1
168.5937169,11,1572439445,AUT,FALSE,TRUE,TRUE,706.2004015,-52.81244832,140.1775317,-179.8220384,-0.046688934,179.7464719,3.733606973,7.095300005,-1.095162856,0.068996966,-0.633151522,-0.632793644,-26.33926849,70.69349213,53.45717926,-55.28552398,-51.76544128,74.09747543,16.8284214,1,1
168.6941841,11,1572439445,AUT,FALSE,TRUE,TRUE,710.11716,-32.80823289,142.6473635,-179.8321844,-0.072190586,179.821322,0.929725287,9.957708736,-0.393897733,1.176177446,-0.098761974,-0.497567141,-24.39821091,70.84900016,53.54409141,-54.38583298,-51.8020697,74.62811508,18.17614174,1,1
168.794662,11,1572439445,AUT,FALSE,TRUE,TRUE,710.11716,-32.80823289,142.6473635,-179.8321844,-0.072190586,179.821322,0.929725287,9.957708736,-0.393897733,1.176177446,-0.098761974,-0.497567141,-24.39821091,70.84900016,53.54409141,-54.38583298,-51.8020697,74.62811508,18.17614174,1,1
168.8951778,11,1572439445,AUT,FALSE,TRUE,TRUE,711.018852,-2.078616845,145.1974742,-179.8424613,-0.103184788,179.8271305,-1.328941839,6.349827294,1.182886831,0.3669474,0.181559646,-0.408142748,-21.89751663,70.69985733,53.63147392,-54.25832291,-51.72369873,74.89698486,20.59725036,1,1
168.995671,11,1572439445,AUT,FALSE,TRUE,TRUE,710.5096081,23.73017989,146.0456094,-179.9087418,-0.083016018,179.8450415,-5.030374535,8.413476555,2.18240106,0.998014321,0.972063101,-0.297493216,-19.83389282,70.59429244,53.62265739,-54.32545967,-51.68449951,74.90331916,22.76679268,1,1
169.0961499,11,1572439445,AUT,FALSE,TRUE,TRUE,709.3023263,48.16365257,146.0034363,-179.9168178,-0.110160088,179.898195,-2.451910453,5.192217544,2.479123668,0.508310084,0.568351769,-0.431625653,-17.80910224,70.59206085,53.58041839,-54.28763237,-51.67924255,74.93979721,24.74302368,1,1
169.196645,11,1572439445,AUT,FALSE,TRUE,TRUE,709.3023263,48.16365257,146.0034363,-179.9168178,-0.110160088,179.898195,-2.451910453,5.192217544,2.479123668,0.508310084,0.568351769,-0.431625653,-15.98368263,70.64324684,53.47281761,-54.29909591,-51.67996215,74.95498924,26.52795868,1,1
169.2971499,11,1572439445,AUT,FALSE,TRUE,TRUE,707.0922379,69.76363727,144.8689195,-179.9423552,-0.213465188,179.9953432,0.920886606,-0.033378443,1.693801089,-0.462275005,0.248192659,-0.443464194,-15.98368263,70.64324684,53.47281761,-54.29909591,-51.67996215,74.95498924,26.52795868,1,1
169.39762,11,1572439445,AUT,FALSE,TRUE,TRUE,704.0409335,83.64578711,144.2301335,-179.9488079,-0.472428599,-179.7976334,9.941210373,-3.05815899,-2.190921393,-0.509490949,-0.519433514,-0.126272465,-14.78520126,70.62257881,53.36879425,-54.44915542,-51.68122009,75.12432632,27.81692276,1,1
169.4981759,11,1572439445,AUT,FALSE,TRUE,TRUE,694.822029,91.52107201,146.8370388,-179.9639733,-0.827992383,-179.6593892,16.71693861,-1.231734025,-1.314702017,-0.509490949,-0.519433514,-0.126272465,-14.77497368,69.74708862,53.48729896,-56.39324798,-51.49441955,75.01276016,29.28809166,1,1
169.5986719,11,1572439446,AUT,FALSE,TRUE,TRUE,694.822029,91.52107201,146.8370388,-179.9639733,-0.827992383,-179.6593892,16.71693861,-1.231734025,-1.314702017,0.395926295,-0.578814071,-0.033506133,-14.77497368,69.74708862,53.48729896,-56.39324798,-51.49441955,75.01276016,29.28809166,1,1
169.6990569,11,1572439446,AUT,FALSE,TRUE,TRUE,669.3906641,95.91364745,149.1599174,-179.908572,-0.820068933,-179.6463394,7.738198636,3.829034498,0.597928297,0.395926295,-0.578814071,-0.033506133,-16.7278656,67.03541221,53.61432838,-63.13922767,-51.08805725,72.66690788,32.32606201,1,1
169.799583,11,1572439446,AUT,FALSE,TRUE,TRUE,669.3906641,95.91364745,149.1599174,-179.908572,-0.820068933,-179.6463394,7.738198636,3.829034498,0.597928297,1.312997864,0.427127831,-0.125404266,-16.7278656,67.03541221,53.61432838,-63.13922767,-51.08805725,72.66690788,32.32606201,1,1
169.9003489,11,1572439446,AUT,FALSE,TRUE,TRUE,641.1381268,97.00159339,145.7786218,-179.86222,-0.662907192,-179.6967731,0.751010339,5.802710734,3.678545162,1.500837832,0.892050295,-0.453037013,-19.10737724,64.40200996,53.65739136,-70.68817062,-51.0050061,69.5075592,35.36376457,1,1
170.001102,11,1572439446,AUT,FALSE,TRUE,TRUE,641.1381268,97.00159339,145.7786218,-179.86222,-0.662907192,-179.6967731,0.751010339,5.802710734,3.678545162,1.500837832,0.892050295,-0.453037013,-19.10737724,64.40200996,53.65739136,-70.68817062,-51.0050061,69.5075592,35.36376457,1,1
170.101867,11,1572439446,AUT,FALSE,TRUE,TRUE,608.107944,95.12595493,141.9955149,-179.9051142,-0.306677113,-179.7828192,-7.293858548,5.012610284,1.284172011,0.376602075,1.688608644,-0.636407157,-21.81128082,61.43667641,53.71465759,-78.86198844,-51.12109863,65.69969101,38.54173508,1,1
170.2023571,11,1572439446,AUT,FALSE,TRUE,TRUE,608.107944,95.12595493,141.9955149,-179.9051142,-0.306677113,-179.7828192,-7.293858548,5.012610284,1.284172011,0.376602075,1.688608644,-0.636407157,-23.26545524,59.65251045,54.12731781,-82.34146499,-50.99342651,64.40653152,39.62140274,1,1
170.3028269,11,1572439446,AUT,FALSE,TRUE,TRUE,593.7992143,93.65637825,146.3356834,-179.7988756,-0.029238614,-179.8822323,-12.85921941,11.40913047,2.975388139,1.596496397,1.905004189,-1.182898847,-23.26545524,59.65251045,54.12731781,-82.34146499,-50.99342651,64.40653152,39.62140274,1,1
170.403296,11,1572439446,AUT,FALSE,TRUE,TRUE,593.7992143,93.65637825,146.3356834,-179.7988756,-0.029238614,-179.8822323,-12.85921941,11.40913047,2.975388139,1.596496397,1.905004189,-1.182898847,-23.26545524,59.65251045,54.12731781,-82.34146499,-50.99342651,64.40653152,39.62140274,1,1
170.503809,11,1572439446,AUT,FALSE,TRUE,TRUE,591.0585333,104.1097186,150.7216271,-179.7382443,0.022156464,179.817046,-7.792441772,11.12567932,5.114512225,0.818978788,1.05375961,-1.298283679,-22.82908172,59.27899589,54.69681816,-82.64448509,-50.78766357,64.58138923,40.47526359,1,1
170.604295,11,1572439447,AUT,FALSE,TRUE,TRUE,593.0665196,123.9184227,148.7500517,-179.7716413,0.032669118,179.7262819,-6.711140265,9.811202312,3.010406365,0.259411709,1.119377287,-0.931412469,-20.70545196,60.00172119,54.71916847,-81.52711372,-51.03105468,64.90874748,41.98220329,1,1
170.7048681,11,1572439447,AUT,FALSE,TRUE,TRUE,593.0665196,123.9184227,148.7500517,-179.7716413,0.032669118,179.7262819,-6.711140265,9.811202312,3.010406365,0.259411709,1.119377287,-0.931412469,-20.70545196,60.00172119,54.71916847,-81.52711372,-51.03105468,64.90874748,41.98220329,1,1
170.805341,11,1572439447,AUT,FALSE,TRUE,TRUE,597.5043379,149.1343578,146.7757455,-179.812466,-0.004774225,179.6898381,-3.523468034,10.39165022,2.091425509,0.212603,0.962964224,-0.83432302,-17.62223854,61.13184356,54.61057548,-79.31977501,-51.25428039,65.64698066,43.57165374,1,1
170.905793,11,1572439447,AUT,FALSE,TRUE,TRUE,597.5043379,149.1343578,146.7757455,-179.812466,-0.004774225,179.6898381,-3.523468034,10.39165022,2.091425509,0.212603,0.962964224,-0.83432302,-17.62223854,61.13184356,54.61057548,-79.31977501,-51.25428039,65.64698066,43.57165374,1,1
171.0062621,11,1572439447,AUT,FALSE,TRUE,TRUE,602.2531922,185.9088342,145.2381128,-179.8341535,-0.128207114,179.6907064,-1.160406619,9.975113559,2.887771177,0.174137164,0.945315448,-0.70264832,-13.19647178,62.66182022,54.47858162,-75.93743133,-51.39520202,66.97019462,45.61369972,1,1
171.1067209,11,1572439447,AUT,FALSE,TRUE,TRUE,602.8742918,216.0649625,143.0251837,-179.9031247,-0.176271324,179.7832007,0.290523979,5.693861194,1.455948854,-0.439893231,0.770125489,-0.349752945,-9.68846855,63.76215591,54.26917534,-73.57619476,-51.54688476,67.78082084,47.40863228,1,1
171.207196,11,1572439447,AUT,FALSE,TRUE,TRUE,602.8742918,216.0649625,143.0251837,-179.9031247,-0.176271324,179.7832007,0.290523979,5.693861194,1.455948854,-0.439893231,0.770125489,-0.349752945,-9.68846855,63.76215591,54.26917534,-73.57619476,-51.54688476,67.78082084,47.40863228,1,1
171.307709,11,1572439447,AUT,FALSE,TRUE,TRUE,603.057979,238.0770768,141.1456181,-179.9493111,-0.154160282,179.9966734,1.337664017,1.405374159,1.039416148,-0.692862294,0.511489794,-0.222342538,-6.768611525,64.58550568,53.86468963,-71.54163322,-51.5919342,68.41572418,48.72024879,1,1
171.408164,11,1572439447,AUT,FALSE,TRUE,TRUE,601.2689454,251.8267504,140.1462051,-179.9472166,-0.355401272,-179.8289768,9.109627605,-1.277118649,-0.848466328,-0.812242869,-0.508379848,-0.163476673,-5.079508206,65.05451889,53.68463058,-70.40606231,-51.53844726,68.96830215,49.51035118,1,1
171.5086241,11,1572439447,AUT,FALSE,TRUE,TRUE,601.2689454,251.8267504,140.1462051,-179.9472166,-0.355401272,-179.8289768,9.109627605,-1.277118649,-0.848466328,-0.812242869,-0.508379848,-0.163476673,-4.311951825,64.86179123,53.91901359,-71.15562515,-51.5126239,69.06248245,50.90040664,1,1
171.609123,11,1572439448,AUT,FALSE,TRUE,TRUE,592.2437738,261.2821414,140.5787698,-179.9709784,-0.656842197,-179.7234805,12.8941959,-1.168483316,-3.078344495,-0.210633734,-0.457560544,0.078695612,-4.311951825,64.86179123,53.91901359,-71.15562515,-51.5126239,69.06248245,50.90040664,1,1
171.7096,11,1572439448,AUT,FALSE,TRUE,TRUE,576.2552529,267.4982605,143.1710719,-179.9950351,-0.651273364,-179.6112028,10.00750897,0.182560929,-0.199601497,0.399770504,-0.049751594,0.284375611,-4.345549388,63.65048332,54.26054077,-73.92446136,-51.51757873,68.35143013,53.06080627,1,1
171.8104661,11,1572439448,AUT,FALSE,TRUE,TRUE,553.696418,270.8437901,143.310145,179.989107,-0.655498707,-179.6168049,5.691019254,-0.514714794,1.367610629,0.13571071,0.581163772,0.090238288,-4.835168837,61.90906448,54.40516891,-78.26830444,-51.34426391,66.66645355,55.69484024,1,1
171.9109879,11,1572439448,AUT,FALSE,TRUE,TRUE,530.186057,270.2333058,139.8108296,-179.9218584,-0.595287663,-179.6156949,0.340047051,4.78098712,4.223266919,0.80946533,1.185674664,-0.142923564,-5.572753138,60.12864418,54.29602318,-83.04649887,-51.35854614,64.38164406,58.21217193,1,1
172.0117888,11,1572439448,AUT,FALSE,TRUE,TRUE,530.186057,270.2333058,139.8108296,-179.9218584,-0.595287663,-179.6156949,0.340047051,4.78098712,4.223266919,0.80946533,1.185674664,-0.142923564,-5.572753138,60.12864418,54.29602318,-83.04649887,-51.35854614,64.38164406,58.21217193,1,1
172.112452,11,1572439448,AUT,FALSE,TRUE,TRUE,508.1343779,267.6100305,135.0814353,-179.916832,-0.473660977,-179.6639748,-2.433079417,4.706722836,1.843768341,0.408211913,1.594820403,-0.480219153,-6.337878794,58.56078873,54.14362221,-87.56682357,-51.59481262,61.99918671,60.61259536,1,1
172.212923,11,1572439448,AUT,FALSE,TRUE,TRUE,486.1430132,264.8132799,131.965751,-179.8710556,-0.365373242,-179.7110492,-3.099183893,7.945785815,1.642004352,0.808322785,1.659741405,-0.686214848,-6.962252425,57.2570652,54.16387481,-91.92603378,-51.89860656,59.81473388,62.98186226,1,1
178.6410789,12,1572439455,AUT,FALSE,TRUE,TRUE,471.9267928,-399.952275,169.8875545,-179.9901812,-0.018741527,179.9918599,-2.244569535,-0.212806887,5.182857413,-0.150821581,0.910305132,-0.05625736,-71.2492321,59.03820648,54.39986114,-78.18362732,-49.01041076,67.48456421,-11.75348626,1,1
178.7417789,12,1572439455,AUT,FALSE,TRUE,TRUE,470.2922241,-399.863084,164.8839351,-179.9613325,-0.188501254,179.9086833,-1.902821072,-2.859700863,7.891806405,-0.967316631,1.251182252,-0.033744047,-71.23678665,59.24446106,54.10580177,-78.38770866,-49.08030029,67.20302238,-11.75474968,1,1
178.842304,12,1572439455,AUT,FALSE,TRUE,TRUE,470.2922241,-399.863084,164.8839351,-179.9613325,-0.188501254,179.9086833,-1.902821072,-2.859700863,7.891806405,-0.967316631,1.251182252,-0.033744047,-71.23678665,59.24446106,54.10580177,-78.38770866,-49.08030029,67.20302238,-11.75474968,1,1
178.942795,12,1572439455,AUT,FALSE,TRUE,TRUE,469.9390313,-401.8558256,151.3752525,-179.875654,-0.063878382,179.9136688,-2.803529353,-1.608109991,2.281160383,-0.530659476,0.537298749,-0.147793856,-71.08977241,60.26906662,53.36961479,-78.46616821,-49.73283874,65.94056968,-11.75011826,1,1
179.0432599,12,1572439455,AUT,FALSE,TRUE,TRUE,472.0114665,-404.9934878,140.187966,-179.860754,0.024674061,179.8560457,-1.011715003,0.302672624,1.855056263,-0.573416002,0.140418905,-0.194962772,-70.84975204,61.685606,53.11449165,-77.8066967,-50.61332153,65.40034103,-11.74836388,1,1
179.1437349,12,1572439455,AUT,FALSE,TRUE,TRUE,472.0114665,-404.9934878,140.187966,-179.860754,0.024674061,179.8560457,-1.011715003,0.302672624,1.855056263,-0.573416002,0.140418905,-0.194962772,-70.59178276,62.53678551,53.17779007,-77.01117324,-51.14067077,65.34481544,-11.75016976,1,1
179.244185,12,1572439455,AUT,FALSE,TRUE,TRUE,475.4607146,-407.3836102,135.8676461,-179.9042465,0.205506308,179.8749632,-3.414307484,1.213184557,0.857287286,-0.344884262,0.111735542,-0.122248517,-70.59178276,62.53678551,53.17779007,-77.01117324,-51.14067077,65.34481544,-11.75016976,1,1
179.3446491,12,1572439455,AUT,FALSE,TRUE,TRUE,483.6279017,-407.1865445,135.096833,-179.9156558,0.377669891,179.8554514,-8.716597072,0.236010241,1.177751261,-0.255214316,0.672145953,-0.083540425,-69.80786361,63.20831108,53.30939598,-75.79313278,-51.34186889,65.69927215,-11.67787972,1,1
179.445286,12,1572439455,AUT,FALSE,TRUE,TRUE,483.6279017,-407.1865445,135.096833,-179.9156558,0.377669891,179.8554514,-8.716597072,0.236010241,1.177751261,-0.255214316,0.672145953,-0.083540425,-69.80786361,63.20831108,53.30939598,-75.79313278,-51.34186889,65.69927215,-11.67787972,1,1
179.5457721,12,1572439456,AUT,FALSE,TRUE,TRUE,505.2793753,-404.1490905,136.7179351,-179.9373456,0.428280149,179.9629508,-10.83164933,-0.739356237,3.39218038,-0.287050073,0.874428282,-0.122490415,-67.65362319,64.16241874,53.28339958,-73.06056518,-51.38200195,66.82960739,-11.41764794,1,1
179.646244,12,1572439456,AUT,FALSE,TRUE,TRUE,505.2793753,-404.1490905,136.7179351,-179.9373456,0.428280149,179.9629508,-10.83164933,-0.739356237,3.39218038,-0.287050073,0.874428282,-0.122490415,-63.92824172,65.97118378,53.19308509,-68.11253586,-51.38185363,68.72460136,-11.26948014,1,1
179.7466989,12,1572439456,AUT,FALSE,TRUE,TRUE,529.8174323,-400.4174837,137.8458334,-179.9911812,0.455109748,179.9730219,-5.695052514,-2.803691291,1.370650118,-0.652253524,0.365365513,0.046284715,-63.92824172,65.97118378,53.19308509,-68.11253586,-51.38185363,68.72460136,-11.26948014,1,1
179.8472259,12,1572439456,AUT,FALSE,TRUE,TRUE,560.2338248,-397.9684724,140.9166889,179.9821009,0.348956426,-179.9691367,-0.901291958,-1.646033161,1.743213903,-0.652253524,0.365365513,0.046284715,-59.97349663,68.01396103,53.12985191,-61.98578338,-51.38037048,71.2891777,-11.75555306,1,1
179.9476991,12,1572439456,AUT,FALSE,TRUE,TRUE,560.2338248,-397.9684724,140.9166889,179.9821009,0.348956426,-179.9691367,-0.901291958,-1.646033161,1.743213903,-0.356280997,-0.299135179,0.19613194,-59.97349663,68.01396103,53.12985191,-61.98578338,-51.38037048,71.2891777,-11.75555306,1,1
180.0482399,12,1572439456,AUT,FALSE,TRUE,TRUE,581.5932276,-398.0417885,143.571173,-179.9710398,0.254408499,-179.9906726,-4.242352755,1.431923907,1.917227651,0.13578625,0.13632537,0.050912252,-56.90667343,69.69853248,53.09526214,-56.72093239,-51.36767578,73.45180893,-12.69560853,1,1
180.1487141,12,1572439456,AUT,FALSE,TRUE,TRUE,581.5932276,-398.0417885,143.571173,-179.9710398,0.254408499,-179.9906726,-4.242352755,1.431923907,1.917227651,0.13578625,0.13632537,0.050912252,-56.90667343,69.69853248,53.09526214,-56.72093239,-51.36767578,73.45180893,-12.69560853,1,1
180.249229,12,1572439456,AUT,FALSE,TRUE,TRUE,598.4648425,-398.5271409,142.3182345,-179.9027696,-0.111096873,179.9439187,6.714111191,4.072574186,1.933570147,0.321545974,-0.677831288,-0.230378555,-54.20246773,71.44484367,52.83021698,-51.93010025,-51.36812072,75.25276679,-13.71848374,1,1
180.349705,12,1572439456,AUT,FALSE,TRUE,TRUE,598.4648425,-398.5271409,142.3182345,-179.9027696,-0.111096873,179.9439187,6.714111191,4.072574186,1.933570147,0.321545974,-0.677831288,-0.230378555,-52.47644348,72.83581924,52.60678939,-49.29599418,-51.37214721,75.93846473,-14.26094399,1,1
180.4505029,12,1572439456,AUT,FALSE,TRUE,TRUE,608.2106721,-395.6385108,136.1042705,-179.7891568,-0.223458647,179.7158644,10.42717302,7.24931736,0.225220629,0.220307711,-1.366790952,-0.687839641,-52.47644348,72.83581924,52.60678939,-49.29599418,-51.37214721,75.93846473,-14.26094399,1,1
180.5512691,12,1572439457,AUT,FALSE,TRUE,TRUE,611.1897429,-388.5914731,134.9133661,-179.7601175,-0.254743258,179.6393666,4.246150047,4.614701779,-0.639533786,-0.542983899,0.015064242,-1.007806843,-52.01764755,72.87225265,52.63740005,-49.62306061,-51.38791259,75.79272766,-13.58412094,1,1
180.6519051,12,1572439457,AUT,FALSE,TRUE,TRUE,612.815248,-378.86123,137.4967978,-179.7399242,-0.328075726,179.6547695,4.287107497,6.294266316,-1.072482909,0.082465182,0.203874444,-1.067647997,-51.76886558,72.30940933,52.7633995,-50.77971496,-51.37534973,75.65434799,-12.43051872,1,1
180.7523749,12,1572439457,AUT,FALSE,TRUE,TRUE,612.815248,-378.86123,137.4967978,-179.7399242,-0.328075726,179.6547695,4.287107497,6.294266316,-1.072482909,0.082465182,0.203874444,-1.067647997,-51.68210106,71.33647728,52.94000473,-52.92574653,-51.28679443,75.23763313,-10.68414918,1,1
180.852845,12,1572439457,AUT,FALSE,TRUE,TRUE,613.0064666,-364.9377114,140.6374741,-179.7366768,-0.406137502,179.6392482,4.701062193,5.651290051,2.283608428,0.087186638,0.279680085,-1.087502219,-51.68210106,71.33647728,52.94000473,-52.92574653,-51.28679443,75.23763313,-10.68414918,1,1
180.9533119,12,1572439457,AUT,FALSE,TRUE,TRUE,611.7268825,-346.2182359,140.5328867,-179.7501798,-0.402730712,179.6454079,1.780683748,5.730986326,2.075210246,0.307818432,0.670239986,-0.957333907,-51.6904644,70.17269211,52.97786979,-56.17169151,-51.20172729,74.06907578,-8.233147431,1,1
181.0537961,12,1572439457,AUT,FALSE,TRUE,TRUE,609.3899426,-321.4670788,137.8656322,-179.7765768,-0.34045516,179.5441024,0.781688381,4.459847365,1.290820584,-0.184027436,0.571260831,-0.845888021,-51.63989639,68.93325576,53.07930794,-60.27596741,-51.2030017,72.40040703,-5.040692144,1,1
181.1542819,12,1572439457,AUT,FALSE,TRUE,TRUE,606.3393403,-292.3725664,135.4888009,-179.7935948,-0.254702266,179.5133912,0.781688381,4.459847365,1.290820584,-0.184027436,0.571260831,-0.845888021,-51.35379181,67.55141944,53.24505729,-64.73290443,-51.34183593,70.55995674,-1.317871863,1,1
181.2548211,12,1572439457,AUT,FALSE,TRUE,TRUE,606.3393403,-292.3725664,135.4888009,-179.7935948,-0.254702266,179.5133912,-1.023780815,4.266814144,0.290046055,-0.552098182,0.667954597,-0.7017006,-51.35379181,67.55141944,53.24505729,-64.73290443,-51.34183593,70.55995674,-1.317871863,1,1
181.355293,12,1572439457,AUT,FALSE,TRUE,TRUE,603.7603308,-261.2079932,135.9975799,-179.8207823,-0.159074494,179.5301974,-4.670720344,4.686830557,0.529096391,-0.472666588,1.053156664,-0.501635178,-50.67704086,66.05510559,53.53421058,-68.86249694,-51.45954345,69.02608337,2.5658226,1,1
181.455781,12,1572439457,AUT,FALSE,TRUE,TRUE,602.0579338,-228.8022745,139.7202524,-179.8385065,-0.176233999,179.6011965,-4.101817877,4.263896818,1.612451925,-0.270089484,1.082994056,-0.46974593,-49.52414932,64.52170944,53.93988418,-72.28521537,-51.46447082,68.08945083,6.410549925,1,1
181.5562639,12,1572439458,AUT,FALSE,TRUE,TRUE,600.9861093,-196.8150723,142.4553357,-179.8630235,-0.174372273,179.6478823,-6.070441658,5.396107969,3.548366711,0.317467323,1.481257413,-0.359557934,-48.02787323,63.24152412,54.26636353,-75.09220848,-51.42743591,67.26718254,10.09987907,1,1
181.656733,12,1572439458,AUT,FALSE,TRUE,TRUE,600.9861093,-196.8150723,142.4553357,-179.8630235,-0.174372273,179.6478823,-6.070441658,5.396107969,3.548366711,0.317467323,1.481257413,-0.359557934,-48.02787323,63.24152412,54.26636353,-75.09220848,-51.42743591,67.26718254,10.09987907,1,1
181.757237,12,1572439458,AUT,FALSE,TRUE,TRUE,600.3788163,-165.5331721,141.852503,-179.9205273,-0.147997125,179.6589287,-4.580369191,3.105642762,3.211720443,-0.373171486,1.182669609,-0.377411606,-46.21325111,62.37015381,54.31701049,-77.3490406,-51.42384887,66.30390816,13.66877403,1,1
181.8577719,12,1572439458,AUT,FALSE,TRUE,TRUE,600.8580293,-136.2967681,140.3554673,-179.8551105,-0.136345444,179.6609298,-4.204057613,2.604354555,1.78630472,-0.576759206,1.108155667,-0.3420433,-44.12979354,61.84704666,54.30510749,-78.94848518,-51.47816528,65.54025879,16.78488464,1,1
181.958226,12,1572439458,AUT,FALSE,TRUE,TRUE,602.6153946,-108.8505748,139.5941438,-179.8802124,-0.174755467,179.6782699,-2.995359634,1.597767865,2.245270642,-0.877572927,1.171296905,-0.289811807,-41.88149643,61.55455971,54.28710708,-79.79763908,-51.50039611,65.16238746,19.67557983,1,1
182.0587049,12,1572439458,AUT,FALSE,TRUE,TRUE,602.6153946,-108.8505748,139.5941438,-179.8802124,-0.174755467,179.6782699,-2.995359634,1.597767865,2.245270642,-0.877572927,1.171296905,-0.289811807,-39.66330528,61.42510986,54.20261536,-80.11382561,-51.5154364,64.96974907,22.13685722,1,1
182.1591771,12,1572439458,AUT,FALSE,TRUE,TRUE,605.2445954,-84.68167721,139.1201006,-179.9411921,-0.164375657,179.7502634,-3.409510289,0.988280293,1.576909814,-0.814144351,1.233384416,-0.035116349,-39.66330528,61.42510986,54.20261536,-80.11382561,-51.5154364,64.96974907,22.13685722,1,1
182.2596529,12,1572439458,AUT,FALSE,TRUE,TRUE,612.830211,-66.04358523,141.3877612,179.9774773,0.165330477,-179.967989,-5.689508352,-2.585975755,-0.895385608,-1.276626197,0.469059995,0.056862655,-37.29779778,61.41622123,53.94635582,-79.28611221,-51.51689758,65.11822929,23.81521454,1,1
182.360353,12,1572439458,AUT,FALSE,TRUE,TRUE,623.1697292,-59.69855497,145.248635,179.9565936,0.216957601,-179.9139223,-7.949426555,1.02796045,3.464677869,-0.077823624,0.733752993,0.256862679,-35.75784759,61.85839348,53.85444145,-77.13447074,-51.2301654,66.13010101,23.67625808,1,1
182.4614,12,1572439458,AUT,FALSE,TRUE,TRUE,623.1697292,-59.69855497,145.248635,179.9565936,0.216957601,-179.9139223,-7.949426555,1.02796045,3.464677869,-0.077823624,0.733752993,0.256862679,-35.75784759,61.85839348,53.85444145,-77.13447074,-51.2301654,66.13010101,23.67625808,1,1
182.561975,12,1572439459,AUT,FALSE,TRUE,TRUE,636.5620003,-58.77723931,145.895434,179.9717023,0.215749691,-179.9019675,-7.964703857,1.823398012,5.463148097,0.010581805,0.900736674,0.149626449,-34.33802261,62.94717636,53.65564041,-74.07230301,-51.15232727,67.33684273,22.75236626,1,1
182.6624401,12,1572439459,AUT,FALSE,TRUE,TRUE,651.4764069,-60.43416342,142.5322521,179.9870631,0.228013908,-179.9695559,-4.7069713,0.941475865,2.515182762,-0.543397295,0.330417808,0.027957996,-32.91218261,64.5652153,53.29413871,-70.47771721,-51.1997937,68.37225609,21.42721252,1,1
182.762907,12,1572439459,AUT,FALSE,TRUE,TRUE,666.6012172,-62.10928582,140.0744168,-179.9591816,0.196792652,179.9654677,-3.514306428,4.484456882,1.199902884,-0.087487301,0.319791284,-0.003812926,-31.42996216,66.28129349,53.09174652,-66.59804993,-51.31350219,69.64034958,19.97771072,1,1
182.863395,12,1572439459,AUT,FALSE,TRUE,TRUE,666.6012172,-62.10928582,140.0744168,-179.9591816,0.196792652,179.9654677,-3.514306428,4.484456882,1.199902884,-0.087487301,0.319791284,-0.003812926,-29.89241523,67.67824974,53.10686989,-62.65726433,-51.365083,71.24627266,18.66971969,1,1
182.9638069,12,1572439459,AUT,FALSE,TRUE,TRUE,681.0136547,-62.58156524,141.7427703,-179.9791216,0.169180936,179.9823976,-1.385078933,4.75779512,-1.54342357,0.070282291,-0.194615352,0.032249281,-29.89241523,67.67824974,53.10686989,-62.65726433,-51.365083,71.24627266,18.66971969,1,1
183.0643139,12,1572439459,AUT,FALSE,TRUE,TRUE,693.2151706,-62.18434969,145.7613962,-179.9768679,0.062522453,-179.9735663,1.958064998,2.273050631,0.998720814,-0.042752312,-0.418914356,-0.002469007,-28.41850319,68.68140449,53.15162544,-59.09074516,-51.2809552,72.9410202,17.47607574,1,1
183.1647921,12,1572439459,AUT,FALSE,TRUE,TRUE,701.2580009,-59.30037164,146.8440258,-179.9253785,-0.085559783,179.9910718,4.724893287,4.018607198,3.424935768,0.203356859,-0.5915001,-0.220469759,-27.18154564,69.49856414,53.13589783,-56.57973404,-51.21850891,74.04180221,16.76903343,1,1
183.265285,12,1572439459,AUT,FALSE,TRUE,TRUE,705.9193513,-48.92227383,143.7204909,-179.8221176,-0.0996454,179.816789,4.724893287,4.018607198,3.424935768,0.203356859,-0.5915001,-0.220469759,-25.90621147,70.22636032,53.13354263,-55.34184951,-51.26554138,74.25047035,17.05426598,1,1
183.3657539,12,1572439459,AUT,FALSE,TRUE,TRUE,705.9193513,-48.92227383,143.7204909,-179.8221176,-0.0996454,179.816789,2.292149466,6.484958078,0.928561583,0.189256321,-0.359221166,-0.641495033,-25.90621147,70.22636032,53.13354263,-55.34184951,-51.26554138,74.25047035,17.05426598,1,1
183.466203,12,1572439459,AUT,FALSE,TRUE,TRUE,708.0678868,-27.84522631,141.7480641,-179.8376662,-0.122306438,179.7760773,0.266525282,5.847543363,0.065421069,-0.115566231,-0.042410476,-0.606459717,-24.11873932,70.53492164,53.14043312,-55.01827812,-51.36823059,74.23906517,18.6629734,1,1
183.5666819,12,1572439460,AUT,FALSE,TRUE,TRUE,708.5530954,-8.01780958,142.437062,-179.8515198,-0.107349967,179.7978119,0.266525282,5.847543363,0.065421069,-0.115566231,-0.042410476,-0.606459717,-22.5323822,70.47917633,53.15746536,-55.04431572,-51.36609375,74.26050911,20.30168037,1,1
183.667192,12,1572439460,AUT,FALSE,TRUE,TRUE,708.5530954,-8.01780958,142.437062,-179.8515198,-0.107349967,179.7978119,-2.12580145,6.279248966,0.212447701,0.216306495,0.51528926,-0.577147477,-22.5323822,70.47917633,53.15746536,-55.04431572,-51.36609375,74.26050911,20.30168037,1,1
183.767746,12,1572439460,AUT,FALSE,TRUE,TRUE,708.2879328,19.98005801,144.4928276,-179.881709,-0.094164783,179.8119476,-3.923657493,8.261036968,1.364339487,0.216306495,0.51528926,-0.577147477,-20.30574531,70.31784553,53.21106834,-55.06156769,-51.29892333,74.38016395,22.56549911,1,1
183.8682339,12,1572439460,AUT,FALSE,TRUE,TRUE,708.2879328,19.98005801,144.4928276,-179.881709,-0.094164783,179.8119476,-3.923657493,8.261036968,1.364339487,0.543406225,0.582446331,-0.607498997,-20.30574531,70.31784553,53.21106834,-55.06156769,-51.29892333,74.38016395,22.56549911,1,1
183.96874,12,1572439460,AUT,FALSE,TRUE,TRUE,706.3645627,56.39707165,146.1242957,-179.7989126,-0.092104386,179.8530472,-2.040347173,3.559968634,1.641112229,-0.138129654,0.093766221,-0.515920938,-17.39213676,70.18442344,53.22836151,-55.03995895,-51.26440979,74.51476707,25.43015671,1,1
184.069268,12,1572439460,AUT,FALSE,TRUE,TRUE,704.2370493,78.78625783,146.1222476,-179.852386,-0.125191391,179.9627497,-2.040347173,3.559968634,1.641112229,-0.138129654,0.093766221,-0.515920938,-15.4080986,70.16691055,53.1464344,-54.98499984,-51.26499755,74.57746811,27.33731804,1,1
184.1699269,12,1572439460,AUT,FALSE,TRUE,TRUE,704.2370493,78.78625783,146.1222476,-179.852386,-0.125191391,179.9627497,-0.916015312,3.033719114,1.806448843,0.024155466,0.173811746,-0.37672304,-15.4080986,70.16691055,53.1464344,-54.98499984,-51.26499755,74.57746811,27.33731804,1,1
184.2704461,12,1572439460,AUT,FALSE,TRUE,TRUE,701.4446683,91.82687564,146.0975182,-179.9752357,-0.39159136,-179.8523597,7.207497727,-1.658956287,-0.640493614,-0.528087749,-0.433934617,-0.16297409,-14.24733467,70.13832206,53.07863159,-55.01955184,-51.24810607,74.83436966,28.58008461,1,1
184.3711829,12,1572439460,AUT,FALSE,TRUE,TRUE,695.3193802,96.5462092,148.1325865,-179.9211342,-0.749177347,-179.6921169,14.44458549,-2.965848552,-1.493638056,-0.196060533,-0.557420887,-0.096992553,-14.1716526,69.60019798,53.14690475,-56.13626747,-51.10277343,74.96551208,29.4186264,1,1
184.471843,12,1572439460,AUT,FALSE,TRUE,TRUE,683.4034388,99.54566098,149.8307001,-179.9025219,-0.839172891,-179.7282931,12.19490402,0.06629517,0.541142419,-0.196060533,-0.557420887,-0.096992553,-15.04746208,68.29964332,53.26238136,-59.30837402,-50.84215026,74.04387245,30.86098366,1,1
184.572365,12,1572439461,AUT,FALSE,TRUE,TRUE,683.4034388,99.54566098,149.8307001,-179.9025219,-0.839172891,-179.7282931,12.19490402,0.06629517,0.541142419,0.161543093,-0.118954662,-0.293952712,-15.04746208,68.29964332,53.26238136,-59.30837402,-50.84215026,74.04387245,30.86098366,1,1
184.672823,12,1572439461,AUT,FALSE,TRUE,TRUE,659.9952122,102.8872878,149.0816248,-179.8921912,-0.673421006,-179.7200555,2.617887796,4.664837646,0.525600429,1.187536275,0.718450292,-0.264678346,-16.89879913,65.96251831,53.38299064,-65.69076805,-50.73801635,71.5141365,33.71646423,1,1
184.7733109,12,1572439461,AUT,FALSE,TRUE,TRUE,659.9952122,102.8872878,149.0816248,-179.8921912,-0.673421006,-179.7200555,2.617887796,4.664837646,0.525600429,1.187536275,0.718450292,-0.264678346,-18.64877357,63.99357604,53.39674415,-71.06586341,-50.69445556,69.197089,35.90492706,1,1
184.8738379,12,1572439461,AUT,FALSE,TRUE,TRUE,634.2183751,101.2322047,146.4273865,-179.8340376,-0.498520354,-179.6953353,-4.136223613,4.899104948,1.587237378,1.152218945,1.201754981,-0.336009127,-18.64877357,63.99357604,53.39674415,-71.06586341,-50.69445556,69.197089,35.90492706,1,1
184.9743059,12,1572439461,AUT,FALSE,TRUE,TRUE,618.108438,96.59464785,144.4900288,-179.8879278,-0.24209818,-179.8075259,-8.617391857,4.286051284,2.981678755,0.498398608,1.713169868,-0.756437592,-20.85967598,61.95592461,53.39059868,-76.56663894,-50.6954718,66.56143455,37.56859359,1,1
185.0747859,12,1572439461,AUT,FALSE,TRUE,TRUE,618.108438,96.59464785,144.4900288,-179.8879278,-0.24209818,-179.8075259,-8.617391857,4.286051284,2.981678755,0.498398608,1.713169868,-0.756437592,-20.85967598,61.95592461,53.39059868,-76.56663894,-50.6954718,66.56143455,37.56859359,1,1
185.1752698,12,1572439461,AUT,FALSE,TRUE,TRUE,608.9071294,93.03522335,144.0341509,-179.7678353,-0.07525479,-179.9153279,-11.27554161,10.71287482,3.527668887,1.183262831,1.927388655,-1.174433065,-22.04594536,60.97082176,53.44997978,-79.06094055,-50.69638366,65.34565658,38.02300186,1,1
185.2757339,12,1572439461,AUT,FALSE,TRUE,TRUE,606.387405,100.4264089,143.8638042,-179.6989725,-0.119576959,179.7962131,-7.948575493,12.32631694,4.479017028,1.034298769,1.563700194,-1.34289278,-21.77578468,60.9814167,53.76520843,-79.39544678,-50.71527465,65.22096863,38.67233162,1,1
185.3762329,12,1572439461,AUT,FALSE,TRUE,TRUE,606.387405,100.4264089,143.8638042,-179.6989725,-0.119576959,179.7962131,-7.948575493,12.32631694,4.479017028,1.034298769,1.563700194,-1.34289278,-21.77578468,60.9814167,53.76520843,-79.39544678,-50.71527465,65.22096863,38.67233162,1,1
185.476747,12,1572439461,AUT,FALSE,TRUE,TRUE,606.7936757,124.1857506,141.7550387,-179.7490588,-0.059723446,179.7184131,-4.215960552,7.548559307,1.534792753,-0.118005628,0.825231519,-1.048531047,-19.91487236,61.52269249,53.8733139,-78.70200348,-51.0628601,65.44538154,40.67541046,1,1
185.5772479,12,1572439462,AUT,FALSE,TRUE,TRUE,606.7936757,124.1857506,141.7550387,-179.7490588,-0.059723446,179.7184131,-4.215960552,7.548559307,1.534792753,-0.118005628,0.825231519,-1.048531047,-19.91487236,61.52269249,53.8733139,-78.70200348,-51.0628601,65.44538154,40.67541046,1,1
185.677711,12,1572439462,AUT,FALSE,TRUE,TRUE,607.9408786,158.1301717,141.9951637,-179.7297483,-0.072251921,179.7050544,-2.399617969,10.65870932,1.25860742,0.359445585,0.623734685,-1.018595415,-16.47508049,62.47688255,53.87752991,-76.48980674,-51.14867431,66.26261329,43.01107979,1,1
185.7781789,12,1572439462,AUT,FALSE,TRUE,TRUE,607.9408786,158.1301717,141.9951637,-179.7297483,-0.072251921,179.7050544,-2.399617969,10.65870932,1.25860742,0.359445585,0.623734685,-1.018595415,-16.47508049,62.47688255,53.87752991,-76.48980674,-51.14867431,66.26261329,43.01107979,1,1
185.8786418,12,1572439462,AUT,FALSE,TRUE,TRUE,607.1761765,191.0425935,143.8354941,-179.8021171,-0.072977629,179.733901,-1.5609246,8.176474918,1.298487556,0.351318052,0.505052603,-0.81764371,-12.14980087,63.14940719,53.8982254,-74.54370231,-51.14375244,67.13884506,45.23903846,1,1
185.9791119,12,1572439462,AUT,FALSE,TRUE,TRUE,607.1761765,191.0425935,143.8354941,-179.8021171,-0.072977629,179.733901,-1.5609246,8.176474918,1.298487556,0.351318052,0.505052603,-0.81764371,-12.14980087,63.14940719,53.8982254,-74.54370231,-51.14375244,67.13884506,45.23903846,1,1
186.0796709,12,1572439462,AUT,FALSE,TRUE,TRUE,604.8511201,230.2598175,145.1837499,-179.8690049,-0.104970527,179.8464331,-0.561367289,5.075218944,1.143862945,-0.699172862,0.501613197,-0.439167868,-7.741547006,64.01816483,53.834412,-71.94004211,-51.12927246,68.32544403,47.80245437,1,1
186.1803861,12,1572439462,AUT,FALSE,TRUE,TRUE,604.8511201,230.2598175,145.1837499,-179.8690049,-0.104970527,179.8464331,-0.561367289,5.075218944,1.143862945,-0.699172862,0.501613197,-0.439167868,-7.741547006,64.01816483,53.834412,-71.94004211,-51.12927246,68.32544403,47.80245437,1,1
186.2810709,12,1572439462,AUT,FALSE,TRUE,TRUE,604.847802,256.2272911,146.4875657,-179.938025,-0.122140713,-179.9439392,2.256736727,1.591992281,1.770597218,-0.47382318,0.101053279,-0.30550603,-4.445236588,64.78965568,53.57531318,-69.42576942,-51.03411987,69.4242382,49.15801277,1,1
186.3816299,12,1572439462,AUT,FALSE,TRUE,TRUE,604.847802,256.2272911,146.4875657,-179.938025,-0.122140713,-179.9439392,2.256736727,1.591992281,1.770597218,-0.47382318,0.101053279,-0.30550603,-4.445236588,64.78965568,53.57531318,-69.42576942,-51.03411987,69.4242382,49.15801277,1,1
186.4820759,12,1572439462,AUT,FALSE,TRUE,TRUE,601.7042776,265.9057299,145.1753089,-179.9264915,-0.597047437,-179.6910786,9.800535055,-1.694173689,0.156830556,-0.500646709,0.058673033,-0.083360072,-3.157123944,65.16379166,53.50248069,-68.67991104,-50.95701232,69.9922348,49.79362335,1,1
186.582551,12,1572439463,AUT,FALSE,TRUE,TRUE,601.7042776,265.9057299,145.1753089,-179.9264915,-0.597047437,-179.6910786,9.800535055,-1.694173689,0.156830556,-0.500646709,0.058673033,-0.083360072,-3.157123944,65.16379166,53.50248069,-68.67991104,-50.95701232,69.9922348,49.79362335,1,1
186.6830699,12,1572439463,AUT,FALSE,TRUE,TRUE,584.8764119,269.2271333,140.749066,-179.8981256,-0.62486287,-179.761395,6.876469442,2.459710384,-1.520432849,0.166625322,0.459744877,-0.147127781,-3.530339813,64.36691208,53.55442543,-71.86293869,-51.07493957,68.54310036,51.85837326,1,1
186.783524,12,1572439463,AUT,FALSE,TRUE,TRUE,584.8764119,269.2271333,140.749066,-179.8981256,-0.62486287,-179.761395,6.876469442,2.459710384,-1.520432849,0.166625322,0.459744877,-0.147127781,-3.530339813,64.36691208,53.55442543,-71.86293869,-51.07493957,68.54310036,51.85837326,1,1
186.8839719,12,1572439463,AUT,FALSE,TRUE,TRUE,556.6402901,271.9208009,139.14938,-179.9399167,-0.605103726,-179.6678239,4.147520177,3.077586548,1.158225579,0.414185632,0.760877169,-0.104841196,-4.3083641,62.24177513,53.64995842,-77.54592933,-51.08444824,66.29525642,55.24727783,1,1
186.9844201,12,1572439463,AUT,FALSE,TRUE,TRUE,556.6402901,271.9208009,139.14938,-179.9399167,-0.605103726,-179.6678239,4.147520177,3.077586548,1.158225579,0.414185632,0.760877169,-0.104841196,-4.3083641,62.24177513,53.64995842,-77.54592933,-51.08444824,66.29525642,55.24727783,1,1
187.0848989,12,1572439463,AUT,FALSE,TRUE,TRUE,525.2773988,271.1654321,136.7145993,-179.9135342,-0.517822194,-179.6685146,0.037578003,4.76673446,2.179772166,0.526491724,1.121052972,-0.363690107,-5.301819988,59.74373474,53.65111885,-83.93725319,-51.08323974,63.42782821,58.61383553,1,1
187.1853549,12,1572439463,AUT,FALSE,TRUE,TRUE,503.4998187,269.0005721,134.6242424,-179.8898653,-0.462358444,-179.6761149,-0.912663879,6.086880068,2.288457406,0.601810577,1.504570627,-0.432913691,-6.006709669,58.00428314,53.64999961,-88.34123954,-51.14883911,61.35302581,60.94462623,1,1
187.2858379,12,1572439463,AUT,FALSE,TRUE,TRUE,503.4998187,269.0005721,134.6242424,-179.8898653,-0.462358444,-179.6761149,-0.912663879,6.086880068,2.288457406,0.601810577,1.504570627,-0.432913691,-6.006709669,58.00428314,53.64999961,-88.34123954,-51.14883911,61.35302581,60.94462623,1,1
187.386291,12,1572439463,AUT,FALSE,TRUE,TRUE,486.204705,267.1476083,134.5124721,-179.8656923,-0.336238227,-179.7177577,-1.802466813,6.972984385,1.491330365,0.682799017,1.40009435,-0.583335241,-6.552620313,56.52810516,53.72152404,-91.6647377,-51.16552185,59.78020248,62.71480179,1,1
193.4797959,13,1572439469,AUT,FALSE,FALSE,TRUE,471.9693579,-399.9838567,169.973681,-179.9905403,-0.008736765,179.999106,-2.220171151,-0.52092538,1.618121573,-0.148394112,0.626588252,0.074850185,-71.13644028,58.89812736,54.14550704,-78.18145752,-48.76541564,67.35753479,-11.87073784,0.5,1
193.580579,13,1572439470,AUT,FALSE,FALSE,TRUE,471.9693579,-399.9838567,169.973681,-179.9905403,-0.008736765,179.999106,-2.220171151,-0.52092538,1.618121573,-0.148394112,0.626588252,0.074850185,-71.13644028,58.89812736,54.14550704,-78.18145752,-48.76541564,67.35753479,-11.87073784,0.5,1
193.6814821,13,1572439470,AUT,FALSE,TRUE,TRUE,471.5473452,-399.7016884,164.6225574,-179.8998816,-0.207412906,179.8642803,-1.560160171,-1.188035322,8.816234973,-0.529375165,1.142874556,-0.05430348,-71.12040024,59.22130051,54.13200416,-78.17728614,-49.14777282,67.29878883,-11.79188004,1,1
193.782074,13,1572439470,AUT,FALSE,TRUE,TRUE,471.5473452,-399.7016884,164.6225574,-179.8998816,-0.207412906,179.8642803,-1.560160171,-1.188035322,8.816234973,-0.529375165,1.142874556,-0.05430348,-71.12040024,59.22130051,54.13200416,-78.17728614,-49.14777282,67.29878883,-11.79188004,1,1
193.882565,13,1572439470,AUT,FALSE,TRUE,TRUE,472.2482964,-402.3158246,146.8930812,-179.9300029,0.044620191,179.8877122,-0.682501408,0.773277386,-0.228779032,-0.516930392,-0.04909717,-0.327611024,-70.93679809,60.66182441,53.47242279,-78.15753822,-49.98555175,65.95688781,-11.60813027,1,1
193.9830229,13,1572439470,AUT,FALSE,TRUE,TRUE,472.2482964,-402.3158246,146.8930812,-179.9300029,0.044620191,179.8877122,-0.682501408,0.773277386,-0.228779032,-0.516930392,-0.04909717,-0.327611024,-70.75365944,61.94710464,53.25784263,-77.795755,-50.90269042,65.29908828,-11.40967942,1,1
194.083498,13,1572439470,AUT,FALSE,TRUE,TRUE,473.4896902,-403.7470377,138.1940225,-179.9213527,0.154692206,179.8412257,-0.976846792,0.989665497,-1.25082642,-0.529435357,-0.312502374,-0.304144492,-70.75365944,61.94710464,53.25784263,-77.795755,-50.90269042,65.29908828,-11.40967942,1,1
194.183969,13,1572439470,AUT,FALSE,TRUE,TRUE,480.0796371,-403.1394753,139.4071247,-179.9639817,0.379061138,179.8986026,-9.267279905,-0.678466638,1.771522942,-0.410975696,0.605091731,-0.075961145,-70.18913726,62.35930824,53.45913276,-76.94659424,-51.06460693,65.52230301,-11.22423706,1,1
194.284591,13,1572439470,AUT,FALSE,TRUE,TRUE,480.0796371,-403.1394753,139.4071247,-179.9639817,0.379061138,179.8986026,-9.267279905,-0.678466638,1.771522942,-0.410975696,0.605091731,-0.075961145,-70.18913726,62.35930824,53.45913276,-76.94659424,-51.06460693,65.52230301,-11.22423706,1,1
194.3849959,13,1572439470,AUT,FALSE,TRUE,TRUE,494.5549471,-400.1393485,141.8327942,-179.9616468,0.413257729,-179.9940992,-10.6443963,-1.665575449,4.13926116,-0.120210798,1.095933554,-0.053671422,-68.43038063,62.96341553,53.48062134,-74.91326179,-51.06139343,66.42322654,-10.88104478,1,1
194.485503,13,1572439470,AUT,FALSE,TRUE,TRUE,516.5088345,-397.2130049,142.6878157,-179.9705576,0.436581107,-179.9576129,-10.6443963,-1.665575449,4.13926116,-0.120210798,1.095933554,-0.053671422,-65.68994064,64.25942802,53.35131912,-71.34737434,-51.05936096,67.80424576,-10.74226685,1,1
194.585978,13,1572439471,AUT,FALSE,TRUE,TRUE,516.5088345,-397.2130049,142.6878157,-179.9705576,0.436581107,-179.9576129,-6.983480792,-3.900570024,2.451057194,-0.585500242,-0.097327607,-0.218896717,-65.68994064,64.25942802,53.35131912,-71.34737434,-51.05936096,67.80424576,-10.74226685,1,1
194.6864419,13,1572439471,AUT,FALSE,TRUE,TRUE,539.5013297,-396.4824476,142.1785834,-179.9927429,0.394383958,-179.9354153,-5.773972908,0.134717986,2.804282648,0.247981415,0.826902384,-0.043967593,-62.63673706,65.98499908,53.07773895,-66.76403274,-51.06408508,69.5054924,-11.07045594,1,1
194.786922,13,1572439471,AUT,FALSE,TRUE,TRUE,539.5013297,-396.4824476,142.1785834,-179.9927429,0.394383958,-179.9354153,-5.773972908,0.134717986,2.804282648,0.247981415,0.826902384,-0.043967593,-62.63673706,65.98499908,53.07773895,-66.76403274,-51.06408508,69.5054924,-11.07045594,1,1
194.887419,13,1572439471,AUT,FALSE,TRUE,TRUE,563.6452171,-396.5427997,141.6269647,-179.9560194,0.327252516,-179.9898387,-0.187978294,-1.299055979,0.413219343,-0.46554611,-0.573926046,-0.107738565,-59.37099266,68.02534561,52.85707512,-61.38337211,-51.06734252,71.4362915,-11.82518578,1,1
194.9879301,13,1572439471,AUT,FALSE,TRUE,TRUE,563.6452171,-396.5427997,141.6269647,-179.9560194,0.327252516,-179.9898387,-0.187978294,-1.299055979,0.413219343,-0.46554611,-0.573926046,-0.107738565,-59.37099266,68.02534561,52.85707512,-61.38337211,-51.06734252,71.4362915,-11.82518578,1,1
195.0884309,13,1572439471,AUT,FALSE,TRUE,TRUE,586.7913295,-399.2449889,144.5280685,-179.9382777,0.133930883,-179.9494949,0.98129105,2.285994999,1.408343332,0.293522082,-0.233281317,-0.22889064,-55.91164169,70.10348167,52.72966804,-55.11666069,-51.07655456,74.03241234,-13.21429368,1,1
195.1889169,13,1572439471,AUT,FALSE,TRUE,TRUE,596.4071927,-402.5334969,145.6262556,-179.8991939,-0.078219285,179.987849,9.870879036,2.900126439,0.84546383,0.203407708,-1.4871403,-0.531839408,-54.30718803,71.23579444,52.66392517,-51.64134521,-51.06919372,75.55432777,-14.30160714,1,1
195.289396,13,1572439471,AUT,FALSE,TRUE,TRUE,596.4071927,-402.5334969,145.6262556,-179.8991939,-0.078219285,179.987849,9.870879036,2.900126439,0.84546383,0.203407708,-1.4871403,-0.531839408,-53.64013939,71.87554206,52.65438766,-50.30556221,-51.06850158,76.03675461,-14.72648278,1,1
195.390187,13,1572439471,AUT,FALSE,TRUE,TRUE,600.2370847,-402.446225,143.6019799,-179.8029222,-0.187097072,179.807758,9.218331194,7.076191522,2.332461047,0.640009976,-1.137985146,-0.86778509,-53.64013939,71.87554206,52.65438766,-50.30556221,-51.06850158,76.03675461,-14.72648278,1,1
195.490802,13,1572439471,AUT,FALSE,TRUE,TRUE,602.4620357,-396.3972565,139.953514,-179.7225055,-0.201245802,179.6456205,2.932778346,5.372048172,-0.376115972,-0.335067089,-0.093736402,-1.22096224,-53.33337021,72.05761642,52.64696502,-50.67633018,-51.08773864,75.70794067,-14.20367432,1,1
195.5915029,13,1572439472,AUT,FALSE,TRUE,TRUE,604.7315549,-385.7899642,139.2241018,-179.7307747,-0.237807553,179.6228286,2.156543082,5.752761797,0.004291882,-0.282025492,0.351425937,-1.227793055,-53.00082435,71.72198066,52.67926483,-51.88969116,-51.10331726,75.28061371,-12.94038048,1,1
195.6920559,13,1572439472,AUT,FALSE,TRUE,TRUE,606.8615145,-370.2659585,140.2472963,-179.7410285,-0.278212048,179.6115416,4.307054069,5.169054776,-0.254082069,-0.277634007,-0.045352335,-1.200291874,-52.66081123,70.98819351,52.80901336,-53.84910621,-51.09902709,74.72619896,-11.04644394,1,1
195.7925289,13,1572439472,AUT,FALSE,TRUE,TRUE,606.8615145,-370.2659585,140.2472963,-179.7410285,-0.278212048,179.6115416,4.307054069,5.169054776,-0.254082069,-0.277634007,-0.045352335,-1.200291874,-52.66081123,70.98819351,52.80901336,-53.84910621,-51.09902709,74.72619896,-11.04644394,1,1
195.8930469,13,1572439472,AUT,FALSE,TRUE,TRUE,607.7290961,-343.7685219,140.3090981,-179.7530045,-0.328454741,179.5889756,2.619159629,5.865725412,2.483838809,-0.016654353,0.470378175,-1.064964424,-52.26780624,69.64449005,52.96320991,-57.65604401,-51.07878479,73.45102958,-7.746810156,1,1
195.9935129,13,1572439472,AUT,FALSE,TRUE,TRUE,606.9039634,-316.9227332,138.6254776,-179.7644225,-0.302142803,179.534963,0.548899107,5.911639361,1.568841277,0.071033328,0.582318671,-0.944549624,-51.89346771,68.39641228,53.06277008,-61.52421341,-51.07637878,71.93425026,-4.443406681,1,1
196.093987,13,1572439472,AUT,FALSE,TRUE,TRUE,606.9039634,-316.9227332,138.6254776,-179.7644225,-0.302142803,179.534963,0.548899107,5.911639361,1.568841277,0.071033328,0.582318671,-0.944549624,-51.89346771,68.39641228,53.06277008,-61.52421341,-51.07637878,71.93425026,-4.443406681,1,1
196.1945779,13,1572439472,AUT,FALSE,TRUE,TRUE,604.9560072,-284.3368235,137.3717018,-179.8021348,-0.233410014,179.4932397,-2.183710371,5.296924846,0.93185315,-0.250931599,0.925385295,-0.717571201,-51.27555198,66.89259681,53.22215767,-65.97583923,-51.1033612,70.16229286,-0.394519044,1,1
196.295099,13,1572439472,AUT,FALSE,TRUE,TRUE,602.7269806,-250.3171268,138.6461789,-179.8452202,-0.186414403,179.5234819,-3.686543213,4.709677444,0.350678614,-0.274659824,1.050665395,-0.532631233,-50.31668243,65.29339256,53.49755058,-70.09123535,-51.14062133,68.69588928,3.75185165,1,1
196.3955719,13,1572439472,AUT,FALSE,TRUE,TRUE,600.9038037,-215.1612529,141.6476163,-179.8532062,-0.142901949,179.576731,-5.422781479,4.961775893,1.641080459,-0.126639632,1.229408185,-0.429947832,-48.94667701,63.73829841,53.87510948,-73.66475486,-51.13972595,67.57351913,7.87326965,1,1
196.4960349,13,1572439472,AUT,FALSE,TRUE,TRUE,600.9038037,-215.1612529,141.6476163,-179.8532062,-0.142901949,179.576731,-5.422781479,4.961775893,1.641080459,-0.126639632,1.229408185,-0.429947832,-48.94667701,63.73829841,53.87510948,-73.66475486,-51.13972595,67.57351913,7.87326965,1,1
196.596504,13,1572439473,AUT,FALSE,TRUE,TRUE,599.714249,-173.3936886,144.1173416,-179.8778879,-0.115937764,179.6872955,-6.757760383,4.693920661,2.558390291,0.096562067,1.471048898,-0.258860544,-46.73623809,62.21533928,54.17912864,-77.02216301,-51.12766296,66.47602615,12.67371826,1,1
196.6970038,13,1572439473,AUT,FALSE,TRUE,TRUE,600.2560176,-142.8084309,144.2911755,-179.9383079,-0.078061785,179.7221642,-7.283113778,4.723983232,4.093473121,0.345947903,1.791511456,-0.210474221,-44.65204925,61.47638168,54.25005912,-78.75880623,-51.11488586,65.7615715,16.08524437,1,1
196.7975359,13,1572439473,AUT,FALSE,TRUE,TRUE,602.4632177,-114.0352612,143.4656489,-179.9309549,-0.079259983,179.7054913,-7.054922682,5.921728391,3.887092956,0.345947903,1.791511456,-0.210474221,-42.35328026,61.16145515,54.2325119,-79.66235618,-51.11640197,65.31953316,19.03300323,1,1
196.898073,13,1572439473,AUT,FALSE,TRUE,TRUE,602.4632177,-114.0352612,143.4656489,-179.9309549,-0.079259983,179.7054913,-7.054922682,5.921728391,3.887092956,0.266844396,1.852197966,-0.288983899,-42.35328026,61.16145515,54.2325119,-79.66235618,-51.11640197,65.31953316,19.03300323,1,1
196.998621,13,1572439473,AUT,FALSE,TRUE,TRUE,605.9149442,-88.5432061,142.2911363,-179.9228007,-0.128527161,179.7285814,-3.67704698,3.717235927,3.359995829,-0.466045047,1.416763085,-0.291313067,-39.8972969,61.15292358,54.13221703,-79.84444084,-51.13057434,65.17709884,21.50661964,1,1
197.099107,13,1572439473,AUT,FALSE,TRUE,TRUE,609.1368855,-66.21983301,140.4779953,179.9950334,-0.127408402,179.8133856,-2.199461552,0.320447225,2.807659633,-0.924464862,1.098276682,0.069166515,-37.62438354,61.25750313,53.92749023,-79.79533539,-51.18835693,65.02541542,23.72619094,1,1
197.199656,13,1572439473,AUT,FALSE,TRUE,TRUE,609.1368855,-66.21983301,140.4779953,179.9950334,-0.127408402,179.8133856,-2.199461552,0.320447225,2.807659633,-0.924464862,1.098276682,0.069166515,-37.62438354,61.25750313,53.92749023,-79.79533539,-51.18835693,65.02541542,23.72619094,1,1
197.300318,13,1572439473,AUT,FALSE,TRUE,TRUE,617.0209698,-51.64723817,140.6436141,179.9497947,0.192747274,-179.8851472,-7.148882298,-0.925066136,0.135343094,-0.577210506,0.683055225,0.271241689,-35.45010681,61.47974624,53.45534591,-78.6893692,-51.22800109,65.07704086,24.91539917,1,1
197.4010839,13,1572439473,AUT,FALSE,TRUE,TRUE,628.274121,-50.00942876,143.0648236,179.8787129,0.301672787,-179.8285942,-9.526395145,-0.119483524,2.623123793,-0.165947205,0.67116957,0.313250875,-34.20917358,62.10721664,53.20746002,-76.31142311,-50.98830139,66.00460968,24.30231056,1,1
197.5016909,13,1572439473,AUT,FALSE,TRUE,TRUE,643.1532326,-53.28260362,145.7177291,179.9714449,0.33179108,-179.8416841,-7.400702639,0.857566699,2.340284009,0.002677208,0.43633009,0.079127303,-33.06780739,63.30215149,53.17058372,-72.75138588,-50.89474731,67.54314193,22.73264923,1,1
197.6022949,13,1572439474,AUT,FALSE,TRUE,TRUE,659.1694196,-58.42364549,147.0117654,179.9969497,0.259158731,-179.9125691,-4.411447981,2.955437201,3.854073452,0.002677208,0.43633009,0.079127303,-31.89662704,64.85236702,53.16545104,-68.60653953,-50.88938049,69.2879116,20.88610496,1,1
197.7027569,13,1572439474,AUT,FALSE,TRUE,TRUE,659.1694196,-58.42364549,147.0117654,179.9969497,0.259158731,-179.9125691,-4.411447981,2.955437201,3.854073452,0.186286496,0.275793797,-0.11153706,-31.89662704,64.85236702,53.16545104,-68.60653953,-50.88938049,69.2879116,20.88610496,1,1
197.80322,13,1572439474,AUT,FALSE,TRUE,TRUE,673.7877437,-62.41904623,145.4170138,-179.9692453,0.176898009,-179.9738864,-2.226055579,2.050398737,1.926883205,-0.361514258,-0.027215149,-0.173368232,-30.61980286,66.53828086,53.06742897,-64.59685593,-51.00547302,70.73670273,19.21377296,1,1
197.9037259,13,1572439474,AUT,FALSE,TRUE,TRUE,686.328773,-64.50067435,142.6826844,-179.9937027,0.133278389,-179.991008,-0.500054228,2.210194703,0.733472771,-0.25671983,-0.102311897,-0.036759722,-29.32064896,68.07198257,52.88901443,-61.08301277,-51.13390869,71.84436836,17.93198776,1,1
198.0042679,13,1572439474,AUT,FALSE,TRUE,TRUE,696.9941063,-64.86633454,140.4277323,-179.9302982,0.031380285,179.9744091,1.488753859,4.991665576,-0.039739609,0.105398939,-0.271801652,-0.146669597,-28.03124542,69.39915504,52.71309242,-57.92170372,-51.17938659,72.88082542,16.75785141,1,1
198.104743,13,1572439474,AUT,FALSE,TRUE,TRUE,696.9941063,-64.86633454,140.4277323,-179.9302982,0.031380285,179.9744091,1.488753859,4.991665576,-0.039739609,0.105398939,-0.271801652,-0.146669597,-28.03124542,69.39915504,52.71309242,-57.92170372,-51.17938659,72.88082542,16.75785141,1,1
198.205267,13,1572439474,AUT,FALSE,TRUE,TRUE,704.3996805,-59.65488713,139.6796032,-179.8428741,-0.043898077,179.8534231,3.841731009,8.138469156,-0.96306311,0.497031759,-0.601004297,-0.49042953,-26.77929496,70.30394439,52.72812996,-55.70063209,-51.18056762,73.67560043,16.3015892,1,1
198.3057389,13,1572439474,AUT,FALSE,TRUE,TRUE,708.3498645,-41.45245344,140.9674339,-179.8587977,-0.098149685,179.8141218,3.223754354,5.717733918,0.869274554,-0.120334915,-0.589535971,-0.654058147,-25.41224556,70.58353614,52.81809082,-54.80764961,-51.17788146,74.16103477,17.44615859,1,1
198.4062099,13,1572439474,AUT,FALSE,TRUE,TRUE,708.3498645,-41.45245344,140.9674339,-179.8587977,-0.098149685,179.8141218,3.223754354,5.717733918,0.869274554,-0.120334915,-0.589535971,-0.654058147,-25.41224556,70.58353614,52.81809082,-54.80764961,-51.17788146,74.16103477,17.44615859,1,1
198.5066769,13,1572439474,AUT,FALSE,TRUE,TRUE,708.8021306,-19.58428443,141.5317487,-179.8256505,-0.12809876,179.8043477,-3.18590131,8.813734029,1.442684805,0.866525499,0.837765512,-0.57591635,-23.32692718,70.51955452,52.88944015,-54.87037124,-51.16479675,74.19527435,19.21256446,1,1
198.6072309,13,1572439475,AUT,FALSE,TRUE,TRUE,708.9922976,4.229968095,142.7187496,-179.9098448,-0.073903717,179.8088607,-3.054277997,5.587814552,0.30172619,0.231622736,0.717535008,-0.561936569,-21.44650726,70.39379539,52.90367431,-54.95537796,-51.12855285,74.19444008,21.22880974,1,1
198.707731,13,1572439475,AUT,FALSE,TRUE,TRUE,708.5512897,29.24240416,143.6667431,-179.8437966,-0.085333399,179.8400663,-1.256368914,2.918160673,1.639954133,-0.316613689,0.174631135,-0.517827925,-19.38271179,70.32393608,52.89895019,-54.89902153,-51.09258911,74.28831482,23.15472679,1,1
198.808223,13,1572439475,AUT,FALSE,TRUE,TRUE,707.2816799,53.89355715,143.6119994,-179.8597711,-0.095480296,179.8608535,-1.600805133,3.596012415,2.166675209,-0.213446968,0.186674666,-0.449975154,-17.3747406,70.33807411,52.87843323,-54.84063263,-51.0893811,74.30598564,25.16459999,1,1
198.908704,13,1572439475,AUT,FALSE,TRUE,TRUE,707.2816799,53.89355715,143.6119994,-179.8597711,-0.095480296,179.8608535,-1.600805133,3.596012415,2.166675209,-0.213446968,0.186674666,-0.449975154,-17.3747406,70.33807411,52.87843323,-54.84063263,-51.0893811,74.30598564,25.16459999,1,1
199.0092409,13,1572439475,AUT,FALSE,TRUE,TRUE,705.6715505,75.46743987,143.3159414,-179.9491586,-0.081073606,179.9346526,-1.960001615,3.449651807,1.576944079,0.140589633,0.287592496,-0.191313568,-15.50816688,70.37047004,52.80466003,-54.74555283,-51.09957641,74.30900344,26.99960861,1,1
199.109916,13,1572439475,AUT,FALSE,TRUE,TRUE,704.1494836,90.83042928,143.8082874,-179.9753804,-0.161263679,-179.9177705,2.819833393,0.435173941,0.297126856,-0.31354542,-0.395503314,-0.145512951,-14.08405037,70.37621383,52.71776161,-54.54070244,-51.10064208,74.51194496,28.22707672,1,1
199.2106121,13,1572439475,AUT,FALSE,TRUE,TRUE,700.4789699,97.48099152,144.4352534,-179.9827335,-0.541350486,-179.7441791,11.14765614,-2.914224221,-0.440381387,-0.32670869,-0.42239843,-0.048861323,-13.55856743,70.21310806,52.72333717,-54.86284904,-51.02271606,74.84170989,28.97322006,1,1
199.311214,13,1572439475,AUT,FALSE,TRUE,TRUE,693.307468,98.97771305,144.7581003,-179.9528122,-0.719017325,-179.6937212,11.14765614,-2.914224221,-0.440381387,-0.32670869,-0.42239843,-0.048861323,-14.01495666,69.52056427,52.73888969,-56.69394035,-50.8951538,74.39546585,29.79946403,1,1
199.4118121,13,1572439475,AUT,FALSE,TRUE,TRUE,693.307468,98.97771305,144.7581003,-179.9528122,-0.719017325,-179.6937212,11.05664313,-1.157635471,-0.93545461,0.087127582,-0.013484454,-0.151848385,-14.01495666,69.52056427,52.73888969,-56.69394035,-50.8951538,74.39546585,29.79946403,1,1
199.5122919,13,1572439475,AUT,FALSE,TRUE,TRUE,680.3661117,99.21307365,142.9473224,-179.964274,-0.748490687,-179.6755099,8.695156299,-0.147727306,1.396422774,0.102771303,0.228705006,-0.128050771,-15.14541206,68.37436409,52.75249901,-60.36280746,-50.84894531,72.9712326,31.33094101,1,1
199.6127501,13,1572439476,AUT,FALSE,TRUE,TRUE,663.2743611,98.79022328,139.7493748,-179.9004626,-0.704101496,-179.7370624,3.68634986,4.278686553,1.778342736,0.841772496,0.541657158,-0.185415262,-16.82339859,66.78919487,52.76542511,-65.11625862,-50.85435607,70.93316231,33.13729248,1,1
199.7132349,13,1572439476,AUT,FALSE,TRUE,TRUE,645.0560006,98.08068696,137.0186311,-179.9569368,-0.547585486,-179.7904966,0.028069497,2.400084853,1.122890033,-0.310867385,1.150557703,-0.418359688,-18.44368973,65.15693206,52.77548789,-69.93607406,-50.92792602,68.74199409,35.12702636,1,1
199.8137789,13,1572439476,AUT,FALSE,TRUE,TRUE,645.0560006,98.08068696,137.0186311,-179.9569368,-0.547585486,-179.7904966,0.028069497,2.400084853,1.122890033,-0.310867385,1.150557703,-0.418359688,-18.44368973,65.15693206,52.77548789,-69.93607406,-50.92792602,68.74199409,35.12702636,1,1
199.9142411,13,1572439476,AUT,FALSE,TRUE,TRUE,628.1104275,96.73186632,135.6470914,-179.8809081,-0.432977889,-179.7742848,-4.417969469,6.701044712,1.746852211,0.965107557,1.383383929,-0.327798571,-19.8907093,63.56284675,52.78559189,-74.22293586,-50.97625488,66.90253944,36.68102188,1,1
200.0147269,13,1572439476,AUT,FALSE,TRUE,TRUE,615.9620936,94.8680059,136.1441875,-179.9018002,-0.159292345,-179.8105137,-9.985128296,7.337262619,1.278139627,0.826255291,1.846586462,-0.606922159,-21.03608894,62.21185112,52.80432701,-77.36546516,-50.97387084,65.41880836,37.80015449,1,1
200.115216,13,1572439476,AUT,FALSE,TRUE,TRUE,610.1076189,95.69422683,138.1005748,-179.773718,-0.099601876,-179.9386092,-11.0232071,10.89601679,5.57933727,1.226527553,2.009260983,-1.140115106,-21.54138107,61.51308632,52.99271507,-78.73133354,-50.85268066,64.93493271,38.18954429,1,1
200.2156858,13,1572439476,AUT,FALSE,TRUE,TRUE,610.1076189,95.69422683,138.1005748,-179.773718,-0.099601876,-179.9386092,-11.0232071,10.89601679,5.57933727,1.226527553,2.009260983,-1.140115106,-21.54138107,61.51308632,52.99271507,-78.73133354,-50.85268066,64.93493271,38.18954429,1,1
200.3161519,13,1572439476,AUT,FALSE,TRUE,TRUE,609.0241676,103.3758371,138.615572,-179.7073758,-0.033354026,179.8586754,-7.64472719,13.19743029,4.18487572,1.265589934,1.380597849,-1.349067331,-21.05439491,61.51589813,53.21758118,-78.81930999,-50.87415344,64.87573699,38.80775184,1,1
200.4166529,13,1572439476,AUT,FALSE,TRUE,TRUE,608.7326203,119.4803023,137.7416238,-179.7513687,-0.050384121,179.7285065,-5.645231304,11.41700381,4.140119443,0.63188211,1.069032616,-1.102076577,-19.54839248,61.91593437,53.38304901,-78.27016868,-51.02263366,65.05648269,40.12523231,1,1
200.5172079,13,1572439476,AUT,FALSE,TRUE,TRUE,608.3179161,141.0543125,136.2599623,-179.7626121,-0.094850903,179.7095107,-3.912955781,9.402445495,3.289867565,0.266985479,0.970384254,-0.807866856,-17.33830376,62.47527237,53.39929161,-77.33711357,-51.1733496,65.37633591,41.82961693,1,1
200.6176789,13,1572439477,AUT,FALSE,TRUE,TRUE,607.925453,165.7924346,135.7129996,-179.8831708,-0.092030815,179.7332411,-2.419806333,9.662589345,1.990165856,0.266985479,0.970384254,-0.807866856,-14.60423241,63.05853309,53.35532226,-76.04586983,-51.2709906,65.85823746,43.73029633,1,1
200.718133,13,1572439477,AUT,FALSE,TRUE,TRUE,607.925453,165.7924346,135.7129996,-179.8831708,-0.092030815,179.7332411,-2.419806333,9.662589345,1.990165856,0.2094483,0.92890796,-0.729351394,-14.60423241,63.05853309,53.35532226,-76.04586983,-51.2709906,65.85823746,43.73029633,1,1
200.8185899,13,1572439477,AUT,FALSE,TRUE,TRUE,607.7461039,190.0205013,136.0053156,-179.7984489,-0.098761901,179.7896473,-1.921797929,8.442476737,1.619459911,0.142330187,0.797192651,-0.778182749,-11.89433097,63.63964805,53.28498573,-74.47896537,-51.27803833,66.5155632,45.23308868,1,1
200.9190519,13,1572439477,AUT,FALSE,TRUE,TRUE,607.516936,213.2804438,136.0317575,-179.8543869,-0.12947781,179.846135,-1.384529026,3.961016938,2.489876711,-0.616998036,0.772089853,-0.747658521,-9.213227463,64.29629059,53.20212135,-72.74785995,-51.27353942,67.21704025,46.66187782,1,1
201.019639,13,1572439477,AUT,FALSE,TRUE,TRUE,606.8394622,233.751036,135.4742541,-179.8672177,-0.172921138,179.8773839,-0.405509869,5.141978673,2.073675078,-0.478612646,0.753518784,-0.66164538,-6.818867106,64.96118659,53.10436019,-71.12927512,-51.27377014,67.83276214,47.83568115,1,1
201.120265,13,1572439477,AUT,FALSE,TRUE,TRUE,606.8394622,233.751036,135.4742541,-179.8672177,-0.172921138,179.8773839,-0.405509869,5.141978673,2.073675078,-0.478612646,0.753518784,-0.66164538,-4.788737869,65.52366256,52.97472496,-69.71771393,-51.27627502,68.32236443,48.82345504,1,1
201.2209189,13,1572439477,AUT,FALSE,TRUE,TRUE,605.918463,251.0936846,134.8361024,-179.8993637,-0.182787928,179.9387445,-0.909523418,2.384995993,0.766871379,-0.919211828,0.793109129,-0.469624218,-4.788737869,65.52366256,52.97472496,-69.71771393,-51.27627502,68.32236443,48.82345504,1,1
201.3215299,13,1572439477,AUT,FALSE,TRUE,TRUE,606.4118051,261.8773152,135.837314,-179.9678458,-0.182637643,-179.7971225,3.826896542,0.079356446,-0.127178209,-0.610868931,0.092622426,-0.058049771,-3.261724088,65.87682151,52.79884071,-68.41713867,-51.2617456,68.99620743,49.37187194,1,1
201.422281,13,1572439477,AUT,FALSE,TRUE,TRUE,603.7169513,267.4093734,136.9253498,-179.9667696,-0.419227126,-179.7321832,8.705760514,-1.461782258,0.768617945,-0.69930258,-0.204914878,-0.158499411,-2.655251306,65.88213615,52.84496613,-68.18762054,-51.08292114,69.36542701,49.75076294,1,1
201.522737,13,1572439477,AUT,FALSE,TRUE,TRUE,595.506369,269.9962162,136.0919187,-179.9411411,-0.56627762,-179.6968142,7.95131037,1.015720271,0.500392945,0.054865101,0.306376282,-0.125145694,-2.721286006,65.44501419,52.94626007,-69.61747741,-51.0809436,68.92493019,50.74301033,1,1
201.6232409,13,1572439478,AUT,FALSE,TRUE,TRUE,595.506369,269.9962162,136.0919187,-179.9411411,-0.56627762,-179.6968142,7.95131037,1.015720271,0.500392945,0.054865101,0.306376282,-0.125145694,-2.721286006,65.44501419,52.94626007,-69.61747741,-51.0809436,68.92493019,50.74301033,1,1
201.723727,13,1572439478,AUT,FALSE,TRUE,TRUE,582.2733489,271.949386,134.1108887,-179.9254075,-0.606735999,-179.686528,5.474466756,4.224942104,1.209783591,0.491432512,0.716727782,-0.1868989,-3.076473994,64.54929886,52.94500351,-72.31694526,-51.11031555,67.77360077,52.34510879,1,1
201.8241789,13,1572439478,AUT,FALSE,TRUE,TRUE,565.0977668,273.7821855,131.9980445,-179.9316008,-0.627381848,-179.6517068,3.559683399,4.006931291,0.04592536,0.479013252,0.875395522,-0.148059317,-3.506032556,63.37951927,52.94557686,-75.74541778,-51.17678283,66.3099781,54.42016182,1,1
201.9246719,13,1572439478,AUT,FALSE,TRUE,TRUE,545.8685602,274.3252947,130.503751,-179.9614472,-0.568140734,-179.6105558,2.218903602,1.350458528,-0.426111535,0.479013252,0.875395522,-0.148059317,-4.051689144,61.89148979,52.93766327,-79.71047287,-51.24584289,64.58988991,56.69270782,1,1
202.025192,13,1572439478,AUT,FALSE,TRUE,TRUE,545.8685602,274.3252947,130.503751,-179.9614472,-0.568140734,-179.6105558,2.218903602,1.350458528,-0.426111535,-0.040697108,1.065594534,-0.113197415,-4.051689144,61.89148979,52.93766327,-79.71047287,-51.24584289,64.58988991,56.69270782,1,1
202.1256819,13,1572439478,AUT,FALSE,TRUE,TRUE,521.5304755,272.440551,130.3062171,-179.9044485,-0.458926231,-179.6150811,0.241553399,4.854702697,1.063811357,0.432299379,1.299519322,-0.427159673,-4.92659225,59.80480843,52.99509773,-84.70262947,-51.24906738,62.43529243,59.25648422,1,1
202.226167,13,1572439478,AUT,FALSE,TRUE,TRUE,502.4124132,270.6876772,130.5834004,-179.8985672,-0.441375457,-179.6196439,-0.814642103,7.027845843,3.581579379,1.082379992,1.224592148,-0.382335809,-5.560836406,58.22770729,53.16737709,-88.33200073,-51.24239318,60.89145241,61.22623329,1,1
202.3266299,13,1572439478,AUT,FALSE,TRUE,TRUE,502.4124132,270.6876772,130.5834004,-179.8985672,-0.441375457,-179.6196439,-0.814642103,7.027845843,3.581579379,1.082379992,1.224592148,-0.382335809,-5.560836406,58.22770729,53.16737709,-88.33200073,-51.24239318,60.89145241,61.22623329,1,1
202.4271479,13,1572439478,AUT,FALSE,TRUE,TRUE,485.3542184,267.8677825,130.1889237,-179.8906859,-0.284934475,-179.6751169,-3.366208251,7.017085996,2.258096459,0.73572875,1.661595538,-0.603334504,-6.137460706,56.68730392,53.16838303,-91.83445244,-51.24443664,59.23187141,62.94060516,1,1
208.4599669,14,1572439484,AUT,FALSE,FALSE,TRUE,471.9262831,-400.009643,169.9216736,-179.9979854,-0.016549397,179.9973525,-2.717015174,-1.144398729,2.931524947,-0.22601404,0.790445955,0.13922876,-70.76033706,58.46346016,53.27694168,-78.18055801,-47.94563232,66.95493393,-12.25840416,0.5,1
208.5605481,14,1572439485,AUT,FALSE,TRUE,TRUE,471.5009901,-399.7475801,167.9036996,179.9965245,-0.141706398,179.8652175,-2.525251569,-1.06834689,6.24990431,-0.589345171,0.73593955,-0.021662533,-70.73417244,58.61280212,53.19529953,-78.17792816,-47.95191101,66.949197,-12.26101685,1,1
208.661226,14,1572439485,AUT,FALSE,TRUE,TRUE,471.5883731,-401.1520012,158.1397671,-179.9816115,-0.072426372,179.8982592,-0.132876677,-0.865140304,4.227477056,-0.783147446,0.265993922,-0.262997313,-70.56850548,59.38716659,52.70223312,-78.17584419,-48.44549926,66.11875419,-12.17994805,1,1
208.7619131,14,1572439485,AUT,FALSE,TRUE,TRUE,471.5883731,-401.1520012,158.1397671,-179.9816115,-0.072426372,179.8982592,-0.132876677,-0.865140304,4.227477056,-0.783147446,0.265993922,-0.262997313,-70.53132362,60.2664402,52.46873932,-78.14693984,-49.13899475,65.45704078,-12.05968209,1,1
208.862385,14,1572439485,AUT,FALSE,TRUE,TRUE,471.5637528,-402.473374,148.9837688,-179.9136698,-0.027006552,179.9031818,0.58971778,0.320204928,1.106927723,-0.523120466,-0.041335884,-0.396512744,-70.53132362,60.2664402,52.46873932,-78.14693984,-49.13899475,65.45704078,-12.05968209,1,1
208.9628599,14,1572439485,AUT,FALSE,TRUE,TRUE,471.5637528,-402.473374,148.9837688,-179.9136698,-0.027006552,179.9031818,0.58971778,0.320204928,1.106927723,-0.523120466,-0.041335884,-0.396512744,-70.55025101,61.14452591,52.44203224,-78.11222992,-49.88898193,65.0086029,-11.80902558,1,1
209.0633318,14,1572439485,AUT,FALSE,TRUE,TRUE,471.5713753,-403.3777754,139.9453019,-179.9285622,0.047628457,179.8666228,-0.281932988,0.81741701,-1.045895449,-0.429198622,-0.083152478,-0.384372417,-70.55025101,61.14452591,52.44203224,-78.11222992,-49.88898193,65.0086029,-11.80902558,1,1
209.1637969,14,1572439485,AUT,FALSE,TRUE,TRUE,473.6340215,-403.321854,139.5119122,-179.9303662,0.136992892,179.894917,-3.119094227,0.505834802,1.085259774,-0.233689058,0.086804223,-0.310720761,-70.41439819,61.47371749,52.50746612,-77.85705528,-50.1234906,64.91847724,-11.69279023,1,1
209.2642469,14,1572439485,AUT,FALSE,TRUE,TRUE,473.6340215,-403.321854,139.5119122,-179.9303662,0.136992892,179.894917,-3.119094227,0.505834802,1.085259774,-0.233689058,0.086804223,-0.310720761,-70.41439819,61.47371749,52.50746612,-77.85705528,-50.1234906,64.91847724,-11.69279023,1,1
209.364774,14,1572439485,AUT,FALSE,TRUE,TRUE,480.9138104,-401.3395528,141.0860007,-179.9508667,0.400476508,179.9880477,-12.05557066,-1.383545016,2.749527495,-0.205116957,0.9453274,-0.150644328,-69.72387314,61.64632301,52.57144432,-77.16403427,-50.12310058,65.05410347,-11.40864258,1,1
209.4652689,14,1572439485,AUT,FALSE,TRUE,TRUE,480.9138104,-401.3395528,141.0860007,-179.9508667,0.400476508,179.9880477,-12.05557066,-1.383545016,2.749527495,-0.205116957,0.9453274,-0.150644328,-69.72387314,61.64632301,52.57144432,-77.16403427,-50.12310058,65.05410347,-11.40864258,1,1
209.5657918,14,1572439486,AUT,FALSE,TRUE,TRUE,502.1764097,-398.3297592,143.2383035,-179.9830557,0.410719473,-179.9130747,-11.13871064,-1.435599463,5.064511513,-0.056675755,1.175792741,-0.126741621,-67.63592491,62.4871582,52.57241249,-74.62631263,-50.12301818,66.20479774,-11.0651928,1,1
209.666261,14,1572439486,AUT,FALSE,TRUE,TRUE,525.3533601,-397.9583916,142.0689331,179.9838227,0.409773511,-179.9474793,-11.13871064,-1.435599463,5.064511513,-0.056675755,1.175792741,-0.126741621,-64.12674751,64.55265999,52.25321159,-69.4989315,-50.13239501,68.04030075,-11.29118843,1,1
209.766722,14,1572439486,AUT,FALSE,TRUE,TRUE,525.3533601,-397.9583916,142.0689331,179.9838227,0.409773511,-179.9474793,-3.45798427,-1.461803328,4.258458886,-0.677944079,0.017104793,-0.142845539,-64.12674751,64.55265999,52.25321159,-69.4989315,-50.13239501,68.04030075,-11.29118843,1,1
209.867187,14,1572439486,AUT,FALSE,TRUE,TRUE,555.2938425,-397.7900167,141.6061442,-179.9683443,0.420570374,-179.9992052,-6.157374958,1.620041968,2.990343879,0.004243516,0.464213305,-0.189408704,-60.2543724,67.03970375,52.09468231,-63.21828461,-50.22514709,70.36609954,-12.00464058,1,1
209.9677141,14,1572439486,AUT,FALSE,TRUE,TRUE,555.2938425,-397.7900167,141.6061442,-179.9683443,0.420570374,-179.9992052,-6.157374958,1.620041968,2.990343879,0.004243516,0.464213305,-0.189408704,-60.2543724,67.03970375,52.09468231,-63.21828461,-50.22514709,70.36609954,-12.00464058,1,1
210.068207,14,1572439486,AUT,FALSE,TRUE,TRUE,576.6599915,-398.1866932,142.3445374,-179.9800501,0.26484818,-179.9679525,1.9777903,-0.83848847,-0.180724781,-0.055930072,-0.483880182,-0.216681706,-57.21832809,68.88538971,51.91352462,-57.94317856,-50.24655944,72.47812499,-12.85003166,1,1
210.1686759,14,1572439486,AUT,FALSE,TRUE,TRUE,591.4969837,-399.704194,141.3500219,-179.8635272,-0.058616721,179.9671219,1.9777903,-0.83848847,-0.180724781,-0.055930072,-0.483880182,-0.216681706,-54.82382354,70.54723663,51.67135506,-53.53019714,-50.23883056,74.24441757,-13.93640099,1,1
210.269172,14,1572439486,AUT,FALSE,TRUE,TRUE,591.4969837,-399.704194,141.3500219,-179.8635272,-0.058616721,179.9671219,6.786661966,3.827322515,2.528343585,0.342569324,-0.858063951,-0.611678676,-54.82382354,70.54723663,51.67135506,-53.53019714,-50.23883056,74.24441757,-13.93640099,1,1
210.3696249,14,1572439486,AUT,FALSE,TRUE,TRUE,598.6821834,-399.1782001,138.1490238,-179.8183628,-0.154674933,179.7839944,10.0343386,7.293316935,-0.120386954,0.534020864,-1.337283915,-0.906205163,-53.64133072,71.55478248,51.57213821,-51.45513038,-50.23657836,74.88896141,-14.41063958,1,1
210.470165,14,1572439486,AUT,FALSE,TRUE,TRUE,601.9264437,-391.8130457,137.2548169,-179.7098523,-0.223258894,179.6358599,3.902458054,6.255010263,-0.780267963,0.534020864,-1.337283915,-0.906205163,-53.14457703,71.61379623,51.66000137,-51.6502819,-50.23870971,74.87924194,-13.82835389,1,1
210.57078,14,1572439487,AUT,FALSE,TRUE,TRUE,601.9264437,-391.8130457,137.2548169,-179.7098523,-0.223258894,179.6358599,3.902458054,6.255010263,-0.780267963,-0.150259486,-0.064646712,-1.401557746,-53.14457703,71.61379623,51.66000137,-51.6502819,-50.23870971,74.87924194,-13.82835389,1,1
210.671555,14,1572439487,AUT,FALSE,TRUE,TRUE,604.2386899,-376.1220557,138.6339894,-179.6989975,-0.358598802,179.6144191,5.486352759,6.078759566,1.312154205,-0.058434889,0.144787137,-1.370828146,-52.73022766,70.88099441,51.79717597,-53.52669181,-50.23230468,74.45771026,-11.97347031,1,1
210.7720859,14,1572439487,AUT,FALSE,TRUE,TRUE,604.2386899,-376.1220557,138.6339894,-179.6989975,-0.358598802,179.6144191,5.486352759,6.078759566,1.312154205,-0.058434889,0.144787137,-1.370828146,-52.51514969,69.63944321,51.89284286,-57.09027214,-50.18384948,73.21156196,-9.084213644,1,1
210.872561,14,1572439487,AUT,FALSE,TRUE,TRUE,604.1208675,-352.598033,138.0311576,-179.7329337,-0.399477667,179.5686532,4.729746256,6.423741851,1.881190897,0.084973487,0.27931555,-1.140186287,-52.51514969,69.63944321,51.89284286,-57.09027214,-50.18384948,73.21156196,-9.084213644,1,1
210.973089,14,1572439487,AUT,FALSE,TRUE,TRUE,604.1208675,-352.598033,138.0311576,-179.7329337,-0.399477667,179.5686532,4.729746256,6.423741851,1.881190897,0.084973487,0.27931555,-1.140186287,-52.21587524,67.52341117,52.03049126,-63.55527649,-50.23869873,70.50993461,-3.807088856,1,1
211.073596,14,1572439487,AUT,FALSE,TRUE,TRUE,600.8289053,-312.0261516,135.0424561,-179.8104045,-0.28528365,179.5332724,0.787153005,4.399372169,-0.015634902,-0.396029771,0.391035061,-0.786104646,-52.21587524,67.52341117,52.03049126,-63.55527649,-50.23869873,70.50993461,-3.807088856,1,1
211.1741049,14,1572439487,AUT,FALSE,TRUE,TRUE,597.704162,-275.2499141,136.0240941,-179.8560439,-0.200645173,179.4965585,-3.025013517,5.601045115,0.483717657,-0.157544746,0.882686483,-0.52796911,-51.53623008,65.58699874,52.38364334,-68.70793304,-50.30123291,68.61471748,0.753562544,1,1
211.274596,14,1572439487,AUT,FALSE,TRUE,TRUE,595.681952,-241.1470056,138.9374737,-179.8901031,-0.162521987,179.5642946,-5.329696557,3.656217249,2.478616594,-0.378968285,1.290063297,-0.288586403,-50.42556381,63.89901466,52.77088737,-72.61836891,-50.33219787,67.35189399,4.863225169,1,1
211.375061,14,1572439487,AUT,FALSE,TRUE,TRUE,595.681952,-241.1470056,138.9374737,-179.8901031,-0.162521987,179.5642946,-5.329696557,3.656217249,2.478616594,-0.378968285,1.290063297,-0.288586403,-50.42556381,63.89901466,52.77088737,-72.61836891,-50.33219787,67.35189399,4.863225169,1,1
211.475527,14,1572439487,AUT,FALSE,TRUE,TRUE,594.4708293,-207.0124688,140.2364882,-179.9233079,-0.156074881,179.6385408,-6.942016895,2.814498205,3.753304515,-0.302043133,1.574867226,-0.162814757,-48.82192039,62.52230072,52.97303238,-75.79062996,-50.32966552,66.22186432,8.834563063,1,1
211.576025,14,1572439488,AUT,FALSE,TRUE,TRUE,595.0458787,-172.0319858,138.6953701,-179.91258,-0.08978033,179.6050355,-9.129144911,5.228290689,4.775750277,-0.181522974,1.806166095,-0.138919351,-46.67359542,61.65159301,52.97462882,-78.19693108,-50.33983337,65.05325889,12.71785926,1,1
211.6764939,14,1572439488,AUT,FALSE,TRUE,TRUE,597.972907,-140.645028,136.8498887,-179.935382,-0.076439718,179.6315451,-6.185396976,2.7974539,3.747534588,-0.736144637,1.526914562,-0.183074985,-44.22266922,61.30221748,52.96121864,-79.43413925,-50.48439697,64.39616318,16.11176262,1,1
211.7770579,14,1572439488,AUT,FALSE,TRUE,TRUE,597.972907,-140.645028,136.8498887,-179.935382,-0.076439718,179.6315451,-6.185396976,2.7974539,3.747534588,-0.736144637,1.526914562,-0.183074985,-41.53415679,61.20812301,52.95944366,-79.80103454,-50.58413085,64.22499961,19.09670334,1,1
211.8776069,14,1572439488,AUT,FALSE,TRUE,TRUE,602.6900424,-111.3176965,136.3457532,-179.9573985,-0.073513199,179.6808856,-4.625343895,4.163373619,2.07608392,-0.54186401,1.325128377,-0.179768943,-41.53415679,61.20812301,52.95944366,-79.80103454,-50.58413085,64.22499961,19.09670334,1,1
211.9781311,14,1572439488,AUT,FALSE,TRUE,TRUE,608.1731531,-84.40162509,136.6922317,-179.9646812,-0.048074651,179.7663953,-2.389680203,4.761402263,1.901142152,-0.164884738,0.716261729,-0.117329933,-38.84100952,61.22838249,52.90635223,-79.60597572,-50.60555969,64.28416443,21.62176666,1,1
212.0786109,14,1572439488,AUT,FALSE,TRUE,TRUE,612.0284294,-62.29737777,136.6045536,179.9686847,-0.090867443,179.8726472,-0.524192658,1.025781273,2.783945514,-0.641920197,0.431092156,0.148870737,-36.55330238,61.30141754,52.80169029,-79.3209629,-50.6046643,64.42627944,23.72116127,1,1
212.179074,14,1572439488,AUT,FALSE,TRUE,TRUE,616.5430183,-49.51965672,137.2666397,179.8792557,0.048025024,-179.8588502,-2.668395577,-2.839435059,-0.437648966,-0.751062892,0.333499092,0.394689098,-34.82027435,61.34713439,52.50295486,-78.71923141,-50.59812194,64.54757194,24.91582489,1,1
212.279582,14,1572439488,AUT,FALSE,TRUE,TRUE,616.5430183,-49.51965672,137.2666397,179.8792557,0.048025024,-179.8588502,-2.668395577,-2.839435059,-0.437648966,-0.751062892,0.333499092,0.394689098,-34.82027435,61.34713439,52.50295486,-78.71923141,-50.59812194,64.54757194,24.91582489,1,1
212.3802619,14,1572439488,AUT,FALSE,TRUE,TRUE,624.0953165,-47.60971085,142.1247185,179.8755427,0.147530615,-179.7958313,-4.214648486,-0.893798857,1.132057299,-0.237214252,0.189844522,0.323473574,-33.93907127,61.48775596,52.42394943,-77.13518143,-50.2591333,65.38254318,24.46723251,1,1
212.4809349,14,1572439488,AUT,FALSE,TRUE,TRUE,634.5040946,-51.00806869,146.5923091,179.9622075,0.239783749,-179.8022689,-8.038724016,0.892787696,2.242400713,0.038072098,0.582117196,0.066413062,-33.31904068,62.04131584,52.42969322,-74.72286873,-49.99016601,66.53986015,23.20791778,1,1
212.5815001,14,1572439489,AUT,FALSE,TRUE,TRUE,647.6850032,-56.81841247,148.1848792,179.9876127,0.266170731,-179.8559269,-8.382069812,2.046852096,4.18079859,0.09852152,0.833407216,-0.137339631,-32.57605591,63.19605446,52.39748268,-71.50081558,-49.94480895,67.88916321,21.59598999,1,1
212.6820409,14,1572439489,AUT,FALSE,TRUE,TRUE,647.6850032,-56.81841247,148.1848792,179.9876127,0.266170731,-179.8559269,-8.382069812,2.046852096,4.18079859,0.09852152,0.833407216,-0.137339631,-31.57022667,64.82534065,52.24889603,-67.69709816,-50.04949768,69.20292206,19.82411499,1,1
212.782552,14,1572439489,AUT,FALSE,TRUE,TRUE,662.6214863,-63.04465102,146.877711,-179.9749168,0.315564792,-179.9133266,-6.788457445,3.246907303,3.116629192,0.127003402,0.616320396,-0.25792903,-31.57022667,64.82534065,52.24889603,-67.69709816,-50.04949768,69.20292206,19.82411499,1,1
212.8830709,14,1572439489,AUT,FALSE,TRUE,TRUE,678.2918662,-67.70871207,147.0394394,-179.9421917,0.258942126,-179.9864995,-4.298260147,3.969259041,-1.019590502,0.22713324,-0.003723869,-0.278186799,-30.27627411,66.52716751,52.21297416,-63.35846672,-50.13069763,70.88196258,17.99038009,1,1
212.9835861,14,1572439489,AUT,FALSE,TRUE,TRUE,695.5108988,-69.94970677,150.2597185,-179.9339687,0.107610241,-179.9738834,-4.298260147,3.969259041,-1.019590502,0.22713324,-0.003723869,-0.278186799,-28.41558494,68.24152908,52.22851639,-58.20973434,-50.12901123,73.15324516,16.10704536,1,1
213.0840919,14,1572439489,AUT,FALSE,TRUE,TRUE,695.5108988,-69.94970677,150.2597185,-179.9339687,0.107610241,-179.9738834,1.686846866,3.365264247,0.135205272,0.099353242,-0.595412479,-0.376156678,-28.41558494,68.24152908,52.22851639,-58.20973434,-50.12901123,73.15324516,16.10704536,1,1
213.1845729,14,1572439489,AUT,FALSE,TRUE,TRUE,704.8267904,-67.16088254,151.0451994,-179.92563,-0.056396112,179.9770305,4.246114186,5.651562299,1.683790051,0.562568369,-0.524522567,-0.312948357,-27.02231941,69.28171806,52.22224731,-55.25400009,-50.12064514,74.42194976,15.32939186,1,1
213.2850759,14,1572439489,AUT,FALSE,TRUE,TRUE,710.2843063,-58.80620861,149.5539143,-179.8558078,-0.107762814,179.8551186,3.093324311,7.175670081,0.792631459,0.516847049,-0.365910858,-0.563471701,-25.75902557,69.9932064,52.20378341,-53.6786602,-50.12496826,74.91592254,15.35851593,1,1
213.385541,14,1572439489,AUT,FALSE,TRUE,TRUE,712.503245,-45.09565934,148.1469019,-179.8226081,-0.147369395,179.808109,2.016670176,6.861337599,0.795836702,0.226612683,-0.159806305,-0.731511825,-24.50357666,70.28600578,52.20462112,-53.23685531,-50.16561218,74.99378128,16.28074951,1,1
213.486057,14,1572439489,AUT,FALSE,TRUE,TRUE,712.503245,-45.09565934,148.1469019,-179.8226081,-0.147369395,179.808109,2.016670176,6.861337599,0.795836702,0.226612683,-0.159806305,-0.731511825,-24.50357666,70.28600578,52.20462112,-53.23685531,-50.16561218,74.99378128,16.28074951,1,1
213.5865929,14,1572439490,AUT,FALSE,TRUE,TRUE,712.9454493,-26.29304848,147.7116056,-179.8455155,-0.163599562,179.7699426,-2.896687887,7.340296758,0.666801809,0.352404718,0.96509155,-0.72046751,-23.11131363,70.28835754,52.22980384,-53.37614136,-50.16610656,74.92523689,17.84296417,1,1
213.687063,14,1572439490,AUT,FALSE,TRUE,TRUE,713.1946524,-5.642692996,148.218693,-179.8652366,-0.151111095,179.8078949,-3.501892164,5.027306969,1.168508828,0.078253378,1.169110094,-0.688904089,-21.4537651,70.21305999,52.22974548,-53.46809006,-50.16755126,74.91676025,19.57291259,1,1
213.787528,14,1572439490,AUT,FALSE,TRUE,TRUE,713.0104579,16.46226427,148.6146083,-179.8268913,-0.162741038,179.8267197,-3.766724823,7.488895747,1.757290165,0.449268933,0.99128859,-0.673609473,-19.6853302,70.17742653,52.23101577,-53.46403198,-50.16015197,74.95486221,21.29605293,1,1
213.887996,14,1572439490,AUT,FALSE,TRUE,TRUE,713.0104579,16.46226427,148.6146083,-179.8268913,-0.162741038,179.8267197,-3.766724823,7.488895747,1.757290165,0.449268933,0.99128859,-0.673609473,-17.90599479,70.21926041,52.20577812,-53.45714836,-50.15319763,74.94315834,23.17174873,1,1
213.9884639,14,1572439490,AUT,FALSE,TRUE,TRUE,712.0576337,38.73309866,147.9702196,-179.9016246,-0.205616762,179.8296398,-3.386840943,5.917468449,3.093715049,0.264621326,1.162494278,-0.597290489,-17.90599479,70.21926041,52.20577812,-53.45714836,-50.15319763,74.94315834,23.17174873,1,1
214.0889308,14,1572439490,AUT,FALSE,TRUE,TRUE,710.7161518,60.91183465,146.0503761,-179.8927957,-0.212579901,179.8420132,-0.720236427,2.845053598,1.32114949,-0.525687109,0.644425823,-0.53527229,-16.04153938,70.36343879,52.11110687,-53.41493339,-50.17224243,74.80473747,24.91391258,1,1
214.189625,14,1572439490,AUT,FALSE,TRUE,TRUE,709.3458293,78.93143676,144.4899848,-179.9473824,-0.201399219,179.989374,0.280751883,0.101822415,0.489076839,-0.5517003,0.364507972,-0.165903738,-14.426865,70.47169533,51.91626434,-53.30853081,-50.20513,74.716222,26.45601539,1,1
214.290271,14,1572439490,AUT,FALSE,TRUE,TRUE,707.8496289,89.05586899,144.3831561,-179.9811102,-0.327003072,-179.868523,5.076016619,-1.644496276,0.433334339,-0.728313989,-0.168091226,-0.203427645,-13.44656181,70.4605648,51.7595375,-53.23269081,-50.15420288,74.84616279,27.3037651,1,1
214.390996,14,1572439490,AUT,FALSE,TRUE,TRUE,707.8496289,89.05586899,144.3831561,-179.9811102,-0.327003072,-179.868523,5.076016619,-1.644496276,0.433334339,-0.728313989,-0.168091226,-0.203427645,-13.44656181,70.4605648,51.7595375,-53.23269081,-50.15420288,74.84616279,27.3037651,1,1
214.4914749,14,1572439490,AUT,FALSE,TRUE,TRUE,703.7170511,91.67487708,144.0092903,-179.9398432,-0.704822195,-179.7416533,9.45690084,-0.490730475,2.016616306,-0.239136211,0.342235186,-0.332332506,-13.38716354,70.24232826,51.75181618,-53.89486427,-50.0704486,74.96180419,27.7776535,1,1
214.591953,14,1572439491,AUT,FALSE,TRUE,TRUE,695.1693435,92.76384159,139.9928104,-179.9317913,-0.854788976,-179.7959378,11.30401871,0.706441485,1.819529553,-0.080196776,0.366861068,-0.415436509,-14.1023941,69.67891846,51.72263717,-56.31065483,-50.0507611,73.92943268,28.81400413,1,1
214.6924191,14,1572439491,AUT,FALSE,TRUE,TRUE,677.6042191,93.49916408,133.7111667,-179.9071739,-0.769082503,-179.8035355,11.30401871,0.706441485,1.819529553,-0.080196776,0.366861068,-0.415436509,-15.71803321,68.28608551,51.65381469,-61.42632523,-50.25143188,71.52112999,30.96514778,1,1
214.7930191,14,1572439491,AUT,FALSE,TRUE,TRUE,677.6042191,93.49916408,133.7111667,-179.9071739,-0.769082503,-179.8035355,5.591517796,3.37593058,-0.294866736,0.147102604,1.015390942,-0.280580231,-15.71803321,68.28608551,51.65381469,-61.42632523,-50.25143188,71.52112999,30.96514778,1,1
214.8935061,14,1572439491,AUT,FALSE,TRUE,TRUE,657.1793044,91.86178887,133.8188179,-179.8910102,-0.606520483,-179.7473907,1.409399487,4.596369751,0.143249612,0.371309189,0.899367865,-0.451401285,-17.66383209,66.15407524,51.72712097,-67.08599739,-50.2913562,69.27374268,33.12078895,1,1
214.9939649,14,1572439491,AUT,FALSE,TRUE,TRUE,657.1793044,91.86178887,133.8188179,-179.8910102,-0.606520483,-179.7473907,1.409399487,4.596369751,0.143249612,0.371309189,0.899367865,-0.451401285,-17.66383209,66.15407524,51.72712097,-67.08599739,-50.2913562,69.27374268,33.12078895,1,1
215.0944519,14,1572439491,AUT,FALSE,TRUE,TRUE,637.281451,90.23863253,136.4643486,-179.9223561,-0.496878445,-179.7533676,-1.521830265,3.059390553,2.513234318,0.015746012,1.337533377,-0.635218098,-19.47799072,63.92678947,51.9175724,-72.17066231,-50.12308959,67.41514091,34.97921562,1,1
215.194917,14,1572439491,AUT,FALSE,TRUE,TRUE,620.1288691,88.76422623,136.3286024,-179.8988288,-0.365782496,-179.7717242,-5.520337665,4.219179334,2.767726335,0.457806677,1.46110853,-0.685464231,-20.92409019,62.17034683,51.95272522,-76.39441108,-50.05897338,65.60016174,36.43876648,1,1
215.295399,14,1572439491,AUT,FALSE,TRUE,TRUE,620.1288691,88.76422623,136.3286024,-179.8988288,-0.365782496,-179.7717242,-5.520337665,4.219179334,2.767726335,0.457806677,1.46110853,-0.685464231,-21.81689071,61.15999259,51.91916542,-78.9684082,-50.06992675,64.32767372,37.30269699,1,1
215.3959069,14,1572439491,AUT,FALSE,TRUE,TRUE,609.4736117,87.34051053,135.1579304,-179.865781,-0.240862103,-179.8143771,-8.737804172,5.43716054,3.476646473,0.672587168,2.045065476,-0.753544007,-21.81689071,61.15999259,51.91916542,-78.9684082,-50.06992675,64.32767372,37.30269699,1,1
215.496376,14,1572439491,AUT,FALSE,TRUE,TRUE,606.295729,88.72737459,135.3925521,-179.7456949,-0.107310134,179.9928641,-8.101873565,11.49207858,2.443582286,0.672587168,2.045065476,-0.753544007,-22.11513862,60.81102905,52.02854804,-79.86490631,-50.08002319,63.81066055,37.58213081,1,1
215.596863,14,1572439492,AUT,FALSE,TRUE,TRUE,606.295729,88.72737459,135.3925521,-179.7456949,-0.107310134,179.9928641,-8.101873565,11.49207858,2.443582286,0.964145059,1.284605851,-1.358118363,-22.11513862,60.81102905,52.02854804,-79.86490631,-50.08002319,63.81066055,37.58213081,1,1
215.69735,14,1572439492,AUT,FALSE,TRUE,TRUE,605.1373625,102.7085646,137.0296481,-179.7168224,-0.114147581,179.7943248,-3.981127356,11.27806628,3.383826472,0.694033248,0.881974316,-1.215536137,-21.08746376,60.95476799,52.49411087,-79.66049538,-50.17897155,64.0891468,38.73973961,1,1
215.7978029,14,1572439492,AUT,FALSE,TRUE,TRUE,603.3838781,126.7854805,137.4509925,-179.7352636,-0.114842839,179.7243519,-3.088568509,11.89633908,3.164803221,0.988932056,0.811208716,-0.998453973,-18.80641708,61.26668701,52.70716324,-79.07050552,-50.3017163,64.40663109,40.83001899,1,1
215.898279,14,1572439492,AUT,FALSE,TRUE,TRUE,603.3838781,126.7854805,137.4509925,-179.7352636,-0.114842839,179.7243519,-3.088568509,11.89633908,3.164803221,0.988932056,0.811208716,-0.998453973,-18.80641708,61.26668701,52.70716324,-79.07050552,-50.3017163,64.40663109,40.83001899,1,1
215.9987929,14,1572439492,AUT,FALSE,TRUE,TRUE,601.4346561,150.6208244,137.0758721,-179.8094783,-0.124942835,179.7003845,-2.690330724,10.82324198,3.223723406,0.287027822,0.930419489,-1.079457171,-16.36793976,61.61934471,52.68774147,-78.31209526,-50.33567504,64.67774276,42.82616615,1,1
216.099308,14,1572439492,AUT,FALSE,TRUE,TRUE,599.1572966,175.368628,136.0325474,-179.8114979,-0.1330757,179.7437675,-3.735666652,6.39620161,2.734651197,-0.295133041,1.073194305,-0.874893077,-13.69606133,62.10408897,52.61531753,-77.33234138,-50.42485656,65.02146721,44.77827529,1,1
216.199929,14,1572439492,AUT,FALSE,TRUE,TRUE,597.9306759,200.5227997,134.7694269,-179.8204818,-0.134937657,179.7964874,-3.037268963,7.875893676,3.14585771,0.009438693,1.060465188,-0.867569452,-10.87050476,62.75351143,52.44645767,-75.88850098,-50.48687988,65.49414368,46.57883148,1,1
216.300879,14,1572439492,AUT,FALSE,TRUE,TRUE,597.9306759,200.5227997,134.7694269,-179.8204818,-0.134937657,179.7964874,-3.037268963,7.875893676,3.14585771,0.009438693,1.060465188,-0.867569452,-8.253812025,63.51664238,52.23316497,-74.17214126,-50.52395874,66.02008323,47.89165993,1,1
216.4017251,14,1572439492,AUT,FALSE,TRUE,TRUE,597.9899547,222.3748011,133.3070994,-179.8424545,-0.116688724,179.8500782,-2.397894485,3.577186417,2.299781128,-0.882498277,1.055963626,-0.776600226,-8.253812025,63.51664238,52.23316497,-74.17214126,-50.52395874,66.02008323,47.89165993,1,1
216.5024819,14,1572439492,AUT,FALSE,TRUE,TRUE,599.2307444,239.3888638,132.5135352,-179.8595809,-0.121438066,179.9558879,-1.324551395,2.992233645,1.38803125,-0.642187014,0.805713578,-0.656210643,-6.118718719,64.23053741,52.03869667,-72.40722541,-50.53438476,66.67440491,48.70646438,1,1
216.603014,14,1572439493,AUT,FALSE,TRUE,TRUE,601.456526,252.7093855,133.4122042,-179.9115816,-0.140995154,-179.9079088,2.126523028,1.681315796,-0.106703903,-0.578201512,0.216437343,-0.471421021,-4.332777781,64.86187706,51.96238289,-70.57235069,-50.52785339,67.52690963,49.18486404,1,1
216.7034941,14,1572439493,AUT,FALSE,TRUE,TRUE,601.3497403,261.3148033,134.9304446,-179.9669568,-0.309248577,-179.7825973,7.516761297,-1.304995269,0.094476233,-0.816687242,-0.468650983,-0.241849408,-3.218376156,65.15068016,51.98058243,-69.51697311,-50.40938781,68.23925628,49.53296928,1,1
216.8039789,14,1572439493,AUT,FALSE,TRUE,TRUE,601.3497403,261.3148033,134.9304446,-179.9669568,-0.309248577,-179.7825973,7.516761297,-1.304995269,0.094476233,-0.816687242,-0.468650983,-0.241849408,-3.218376156,65.15068016,51.98058243,-69.51697311,-50.40938781,68.23925628,49.53296928,1,1
216.9044459,14,1572439493,AUT,FALSE,TRUE,TRUE,596.2623495,265.3234455,134.3434062,-179.9618625,-0.537091578,-179.6921204,7.056922892,-0.258955383,2.244712586,-0.372442233,0.474125158,-0.131160033,-2.881971356,65.02796631,52.00948333,-69.98203125,-50.3299237,68.25964279,50.19414024,1,1
217.0049129,14,1572439493,AUT,FALSE,TRUE,TRUE,586.5397334,266.9250646,130.4996171,-179.9621633,-0.653117853,-179.697245,6.703506275,2.215785446,2.074651458,-0.028931889,0.860513796,-0.218806462,-3.064461131,64.5965126,51.92646789,-71.88543663,-50.39917053,67.30087623,51.35259018,1,1
217.105392,14,1572439493,AUT,FALSE,TRUE,TRUE,572.1854746,268.0782799,125.8709394,-179.9148533,-0.61795737,-179.6772349,4.276740096,3.257127343,0.527304402,0.133844678,1.019410759,-0.235441529,-3.472369763,63.81215057,51.85849342,-74.90952301,-50.70666137,65.77075882,53.13682479,1,1
217.205862,14,1572439493,AUT,FALSE,TRUE,TRUE,572.1854746,268.0782799,125.8709394,-179.9148533,-0.61795737,-179.6772349,4.276740096,3.257127343,0.527304402,0.133844678,1.019410759,-0.235441529,-3.472369763,63.81215057,51.85849342,-74.90952301,-50.70666137,65.77075882,53.13682479,1,1
217.3063259,14,1572439493,AUT,FALSE,TRUE,TRUE,556.0340771,268.6658043,124.4698699,-179.9488947,-0.556838468,-179.6544785,3.026474313,4.657472819,-0.579916094,0.509760753,0.912817719,-0.264683246,-3.972821044,62.61297226,51.89186096,-78.26518364,-50.88311828,64.29815139,55.10648803,1,1
217.4068069,14,1572439493,AUT,FALSE,TRUE,TRUE,535.0488621,269.5951859,127.4199011,-179.9300607,-0.469899772,-179.6482946,1.911130855,4.934512695,0.521516479,0.529602767,0.866289254,-0.373205338,-4.596923444,60.71547546,52.18775711,-82.37574577,-50.85557556,62.82891197,57.43279838,1,1
217.507283,14,1572439493,AUT,FALSE,TRUE,TRUE,535.0488621,269.5951859,127.4199011,-179.9300607,-0.469899772,-179.6482946,1.911130855,4.934512695,0.521516479,0.529602767,0.866289254,-0.373205338,-5.006799313,59.14157066,52.48208084,-85.63641586,-50.77233215,61.69379425,59.32837257,1,1
217.6077731,14,1572439494,AUT,FALSE,TRUE,TRUE,517.7663349,270.5803433,129.9653984,-179.9047344,-0.431150986,-179.6374554,0.974740571,6.778999033,3.549462863,1.049494614,0.756900632,-0.350488466,-5.006799313,59.14157066,52.48208084,-85.63641586,-50.77233215,61.69379425,59.32837257,1,1
217.708235,14,1572439494,AUT,FALSE,TRUE,TRUE,500.2462648,270.8052906,130.4175016,-179.9305973,-0.372491092,-179.6333017,-0.696767997,5.069984868,2.475805286,0.725328762,0.846173983,-0.344753182,-5.302362438,57.70336418,52.57460976,-88.7731636,-50.71787292,60.31961746,61.24644813,1,1
217.808717,14,1572439494,AUT,FALSE,TRUE,TRUE,500.2462648,270.8052906,130.4175016,-179.9305973,-0.372491092,-179.6333017,-0.696767997,5.069984868,2.475805286,0.725328762,0.846173983,-0.344753182,-5.608850094,56.23905487,52.59131584,-92.00598678,-50.71855407,58.83606148,63.05400467,1,1
217.9092081,14,1572439494,AUT,FALSE,TRUE,TRUE,483.3475501,269.8945715,130.3134853,-179.937971,-0.267157255,-179.6328362,-1.76031631,5.4067893,1.100682854,0.733604813,0.988451571,-0.364743902,-5.608850094,56.23905487,52.59131584,-92.00598678,-50.71855407,58.83606148,63.05400467,1,1
223.330539,15,1572439499,AUT,FALSE,FALSE,TRUE,471.9258313,-400.0147641,169.9183956,179.997889,-0.014926609,179.9965017,-1.713629309,-1.56783979,3.132555534,-0.273009882,0.689023926,0.146226512,-70.50126228,58.17520294,52.69135323,-78.17984047,-47.38840576,66.68351326,-12.52412568,0.5,1
223.431185,15,1572439499,AUT,FALSE,TRUE,TRUE,470.7286013,-400.3313837,167.821906,179.9517543,-0.236613225,179.9075998,-0.216424484,-1.845101718,8.261493355,-0.738753594,0.774508509,0.03200791,-70.49141922,58.28090858,52.53971099,-78.18325309,-47.39395935,66.73322983,-12.54329338,1,1
223.5318599,15,1572439500,AUT,FALSE,TRUE,TRUE,469.4335535,-403.6225608,155.512366,-179.9981808,-0.164713725,179.9399108,-0.078643131,0.131203692,6.250358188,-0.593436404,0.597110701,-0.112659664,-70.44358749,59.19021263,51.85730552,-78.18293724,-47.92545593,65.65764427,-12.68486596,1,1
223.632411,15,1572439500,AUT,FALSE,TRUE,TRUE,469.4335535,-403.6225608,155.512366,-179.9981808,-0.164713725,179.9399108,-0.078643131,0.131203692,6.250358188,-0.593436404,0.597110701,-0.112659664,-70.44358749,59.19021263,51.85730552,-78.18293724,-47.92545593,65.65764427,-12.68486596,1,1
223.7328749,15,1572439500,AUT,FALSE,TRUE,TRUE,469.466619,-404.8229159,141.5558677,-179.9023855,-0.064315572,179.862409,0.577819294,0.680515752,2.857826791,-0.660319,0.162057591,-0.427137374,-70.40690002,60.53546104,51.55028572,-78.17833671,-48.89897094,64.67216377,-12.46676331,1,1
223.8333359,15,1572439500,AUT,FALSE,TRUE,TRUE,469.876006,-405.0759143,132.983393,-179.891311,-0.025067226,179.8186696,0.577819294,0.680515752,2.857826791,-0.660319,0.162057591,-0.427137374,-70.38569984,61.52846718,51.53757934,-78.13185424,-49.74507751,64.14716148,-12.14523468,1,1
223.9338179,15,1572439500,AUT,FALSE,TRUE,TRUE,469.876006,-405.0759143,132.983393,-179.891311,-0.025067226,179.8186696,1.73000435,0.628696518,1.188483701,-0.701214862,-0.141611863,-0.434315986,-70.38569984,61.52846718,51.53757934,-78.13185424,-49.74507751,64.14716148,-12.14523468,1,1
224.0342879,15,1572439500,AUT,FALSE,TRUE,TRUE,470.5868721,-404.9908103,130.9212344,-179.9150594,0.142643674,179.8279771,-1.750182143,1.267226685,-0.435857134,-0.460721343,-0.157828159,-0.41252591,-70.37561989,61.80795249,51.56935729,-78.10643806,-49.97646606,63.94013443,-12.02907486,1,1
224.134789,15,1572439500,AUT,FALSE,TRUE,TRUE,475.3599522,-403.1904148,134.4176885,-179.9513613,0.291867181,179.920088,-6.486862946,-0.08492277,0.836640602,-0.334666453,0.138104754,-0.22627722,-70.03045349,61.76163826,51.85929679,-77.7363636,-50.00506896,64.21583976,-11.70181275,1,1
224.2353239,15,1572439500,AUT,FALSE,TRUE,TRUE,475.3599522,-403.1904148,134.4176885,-179.9513613,0.291867181,179.920088,-6.486862946,-0.08492277,0.836640602,-0.334666453,0.138104754,-0.22627722,-70.03045349,61.76163826,51.85929679,-77.7363636,-50.00506896,64.21583976,-11.70181275,1,1
224.33585,15,1572439500,AUT,FALSE,TRUE,TRUE,487.3608373,-399.8571035,141.7169761,-179.9732283,0.356203298,-179.974249,-8.051078231,-2.537373687,2.585629987,-0.178839101,0.582557019,-0.170038796,-68.72171745,61.84879417,52.22947426,-76.20699463,-49.83972473,65.33768806,-11.33102418,1,1
224.436306,15,1572439500,AUT,FALSE,TRUE,TRUE,487.3608373,-399.8571035,141.7169761,-179.9732283,0.356203298,-179.974249,-8.051078231,-2.537373687,2.585629987,-0.178839101,0.582557019,-0.170038796,-66.65841293,62.52441559,52.2388504,-73.44688567,-49.65049072,66.77947197,-11.2586792,1,1
224.536809,15,1572439501,AUT,FALSE,TRUE,TRUE,504.185827,-398.1986454,146.2986351,179.9991147,0.303784144,-179.886067,-4.65182803,-3.840986289,4.097045844,-0.287799828,0.278607093,-0.190990044,-66.65841293,62.52441559,52.2388504,-73.44688567,-49.65049072,66.77947197,-11.2586792,1,1
224.637326,15,1572439501,AUT,FALSE,TRUE,TRUE,525.0432464,-397.1991109,146.5094313,-179.9782106,0.430385665,-179.9681969,-6.543445073,-0.653345915,1.100852379,-0.015844765,0.122616887,-0.236847442,-64.10596618,64.02413521,52.12407417,-69.52530899,-49.62643615,68.22335014,-11.46674996,1,1
224.73785,15,1572439501,AUT,FALSE,TRUE,TRUE,525.0432464,-397.1991109,146.5094313,-179.9782106,0.430385665,-179.9681969,-6.543445073,-0.653345915,1.100852379,-0.015844765,0.122616887,-0.236847442,-64.10596618,64.02413521,52.12407417,-69.52530899,-49.62643615,68.22335014,-11.46674996,1,1
224.8383961,15,1572439501,AUT,FALSE,TRUE,TRUE,546.306743,-395.9064,148.5837133,-179.9511618,0.30041525,-179.9380791,-2.397937134,-1.156484244,1.476534876,-0.407065697,-0.52015897,-0.169747692,-61.31797943,65.56179886,52.09950256,-65.32408218,-49.70230224,70.08481864,-11.75949784,1,1
224.9389091,15,1572439501,AUT,FALSE,TRUE,TRUE,564.541705,-396.8146309,149.402928,-179.9505128,0.29358242,-179.9177923,-2.397937134,-1.156484244,1.476534876,-0.407065697,-0.52015897,-0.169747692,-58.79849853,67.10938797,51.91178741,-61.0041069,-49.69862731,71.73363304,-12.42691727,1,1
225.0393839,15,1572439501,AUT,FALSE,TRUE,TRUE,564.541705,-396.8146309,149.402928,-179.9505128,0.29358242,-179.9177923,0.435825314,-0.770857787,1.377876472,-0.05367213,-0.446099238,-0.317145212,-58.79849853,67.10938797,51.91178741,-61.0041069,-49.69862731,71.73363304,-12.42691727,1,1
225.140394,15,1572439501,AUT,FALSE,TRUE,TRUE,580.3890516,-397.5515343,148.6846421,-179.9318984,0.147792756,-179.9711213,3.015371289,-0.19782198,1.838418285,-0.087546892,-0.654080156,-0.406092009,-56.52525215,68.62438888,51.72123642,-57.01658134,-49.71083312,73.28539352,-13.19343682,1,1
225.2413321,15,1572439501,AUT,FALSE,TRUE,TRUE,580.3890516,-397.5515343,148.6846421,-179.9318984,0.147792756,-179.9711213,3.015371289,-0.19782198,1.838418285,-0.087546892,-0.654080156,-0.406092009,-54.82366218,69.88328819,51.50146523,-54.07306251,-49.71657348,74.32482033,-13.80123482,1,1
225.3418679,15,1572439501,AUT,FALSE,TRUE,TRUE,590.5643998,-397.2623257,146.2157518,-179.8405639,-0.060129982,179.9063127,9.151659545,5.398723643,0.026929368,0.527384571,-1.258584497,-0.76689103,-54.82366218,69.88328819,51.50146523,-54.07306251,-49.71657348,74.32482033,-13.80123482,1,1
225.4424369,15,1572439501,AUT,FALSE,TRUE,TRUE,595.8868588,-391.5999054,145.147331,-179.716689,-0.121778944,179.7785681,5.897458128,6.551091114,-2.027518004,0.39687263,-0.790034465,-1.256593084,-54.03167152,70.23152046,51.52626686,-53.45239334,-49.71713928,74.56548271,-13.53709946,1,1
225.5429261,15,1572439502,AUT,FALSE,TRUE,TRUE,595.8868588,-391.5999054,145.147331,-179.716689,-0.121778944,179.7785681,5.897458128,6.551091114,-2.027518004,0.39687263,-0.790034465,-1.256593084,-54.03167152,70.23152046,51.52626686,-53.45239334,-49.71713928,74.56548271,-13.53709946,1,1
225.643388,15,1572439502,AUT,FALSE,TRUE,TRUE,599.3007142,-378.8937328,146.652725,-179.7014985,-0.275732894,179.6658138,4.258689384,5.372715862,-0.227705449,0.033320468,0.026347202,-1.425045337,-53.463414,69.82596703,51.74318848,-54.43412819,-49.70907531,74.54160461,-12.19657174,1,1
225.7438939,15,1572439502,AUT,FALSE,TRUE,TRUE,601.3654136,-357.017006,147.0788252,-179.7044152,-0.316951088,179.6390344,4.315266316,6.418530996,0.623636926,0.363322513,0.06098978,-1.365400837,-52.96404075,68.75313835,51.8396347,-57.26413421,-49.61590576,73.60369491,-9.592956163,1,1
225.8443649,15,1572439502,AUT,FALSE,TRUE,TRUE,601.3654136,-357.017006,147.0788252,-179.7044152,-0.316951088,179.6390344,4.315266316,6.418530996,0.623636926,0.363322513,0.06098978,-1.365400837,-52.96404075,68.75313835,51.8396347,-57.26413421,-49.61590576,73.60369491,-9.592956163,1,1
225.9448268,15,1572439502,AUT,FALSE,TRUE,TRUE,601.0113994,-316.3554572,144.5452328,-179.7638664,-0.290246203,179.5528976,0.906946462,7.016046573,2.389862746,0.504088967,0.647781157,-1.016356071,-52.44512214,67.21732864,52.03238639,-61.86785202,-49.61680114,71.80740966,-5.589088444,1,1
226.045393,15,1572439502,AUT,FALSE,TRUE,TRUE,601.0113994,-316.3554572,144.5452328,-179.7638664,-0.290246203,179.5528976,0.906946462,7.016046573,2.389862746,0.504088967,0.647781157,-1.016356071,-52.44512214,67.21732864,52.03238639,-61.86785202,-49.61680114,71.80740966,-5.589088444,1,1
226.145864,15,1572439502,AUT,FALSE,TRUE,TRUE,598.1101546,-263.4052786,142.6610779,-179.8160677,-0.190826499,179.5280185,-2.788320951,6.376443715,0.510254316,0.222684022,0.759266413,-0.739771112,-51.34577522,64.97656059,52.32507934,-68.52903786,-49.76400695,68.62414513,1.790060806,1,1
226.246367,15,1572439502,AUT,FALSE,TRUE,TRUE,598.1101546,-263.4052786,142.6610779,-179.8160677,-0.190826499,179.5280185,-2.788320951,6.376443715,0.510254316,0.222684022,0.759266413,-0.739771112,-51.34577522,64.97656059,52.32507934,-68.52903786,-49.76400695,68.62414513,1.790060806,1,1
226.346818,15,1572439502,AUT,FALSE,TRUE,TRUE,595.7595283,-216.8570604,145.4281608,-179.8692613,-0.116514971,179.6043376,-4.354572652,3.643776673,2.092562204,-0.239575707,0.920925456,-0.543003132,-49.28222694,62.54936142,52.88414268,-74.53613891,-49.82946899,66.92275429,7.199268719,1,1
226.4472909,15,1572439502,AUT,FALSE,TRUE,TRUE,595.7595283,-216.8570604,145.4281608,-179.8692613,-0.116514971,179.6043376,-4.354572652,3.643776673,2.092562204,-0.239575707,0.920925456,-0.543003132,-49.28222694,62.54936142,52.88414268,-74.53613891,-49.82946899,66.92275429,7.199268719,1,1
226.547765,15,1572439503,AUT,FALSE,TRUE,TRUE,594.7632995,-166.1291993,146.6498327,-179.9019846,-0.111661279,179.6848662,-4.449984255,2.192351776,2.689832622,-0.18595431,0.946621221,-0.28580964,-46.36845703,60.77992744,53.20250244,-78.53858184,-49.81576354,65.48898697,13.12311744,1,1
226.648278,15,1572439503,AUT,FALSE,TRUE,TRUE,595.3459564,-132.2602667,145.239223,-179.925123,-0.093919096,179.6625112,-5.965554235,4.209292052,2.08302359,0.069979249,1.362812441,-0.268788417,-43.93523254,60.12194252,53.18734131,-80.32571754,-49.80838073,64.61067466,16.82079277,1,1
226.7487509,15,1572439503,AUT,FALSE,TRUE,TRUE,597.7681579,-101.0412037,144.0080337,-179.9143868,-0.095092893,179.6976998,-4.583463323,4.590233162,1.273546524,-0.044307507,1.434679055,-0.290939173,-41.2538166,59.85732307,53.14510574,-81.18439865,-49.88608154,64.15859069,20.07090568,1,1
226.8492548,15,1572439503,AUT,FALSE,TRUE,TRUE,597.7681579,-101.0412037,144.0080337,-179.9143868,-0.095092893,179.6976998,-4.583463323,4.590233162,1.273546524,-0.044307507,1.434679055,-0.290939173,-41.2538166,59.85732307,53.14510574,-81.18439865,-49.88608154,64.15859069,20.07090568,1,1
226.9498761,15,1572439503,AUT,FALSE,TRUE,TRUE,601.1373393,-73.7212866,143.6608094,-179.9250929,-0.145282418,179.7392605,-2.3523291,1.866160031,3.811891927,-0.877550698,1.135392494,-0.313273297,-38.68981704,59.81605568,53.10359115,-81.30751762,-49.88978942,64.10877113,22.71992569,1,1
227.0506859,15,1572439503,AUT,FALSE,TRUE,TRUE,603.5097865,-51.72335199,141.5633931,179.9854717,-0.182680487,179.8755583,-0.87377733,-1.009828804,2.988714263,-0.875358947,0.956462989,0.114227115,-36.33220253,59.86885528,52.78206596,-81.29834404,-49.89796875,63.92265586,24.96782799,1,1
227.1514289,15,1572439503,AUT,FALSE,TRUE,TRUE,607.3629909,-39.94372744,138.7384458,179.9343525,0.001064571,-179.857254,-4.052694367,-1.387198653,1.663343652,-0.276821508,0.868261376,0.320516725,-34.61141395,60.01649437,52.13529396,-80.89373817,-49.92000183,63.57909279,26.10722351,1,1
227.2520211,15,1572439503,AUT,FALSE,TRUE,TRUE,607.3629909,-39.94372744,138.7384458,179.9343525,0.001064571,-179.857254,-4.052694367,-1.387198653,1.663343652,-0.276821508,0.868261376,0.320516725,-34.61141395,60.01649437,52.13529396,-80.89373817,-49.92000183,63.57909279,26.10722351,1,1
227.3525059,15,1572439503,AUT,FALSE,TRUE,TRUE,616.8271523,-39.8231715,139.0927225,179.9011867,0.184011431,-179.7785015,-5.255634169,-0.395650294,2.08831569,-0.287947646,0.305737344,0.157479479,-33.54765243,60.59429969,51.63058204,-78.97033424,-49.7117395,64.04450454,25.49975852,1,1
227.453007,15,1572439503,AUT,FALSE,TRUE,TRUE,616.8271523,-39.8231715,139.0927225,179.9011867,0.184011431,-179.7785015,-5.255634169,-0.395650294,2.08831569,-0.287947646,0.305737344,0.157479479,-33.54765243,60.59429969,51.63058204,-78.97033424,-49.7117395,64.04450454,25.49975852,1,1
227.553515,15,1572439504,AUT,FALSE,TRUE,TRUE,635.2021783,-48.56218177,141.3972294,-179.9844379,0.215465401,-179.8408278,-5.738014051,2.148394964,1.931099403,0.144248023,0.405062626,-0.181720764,-32.86664085,61.86811638,51.63546409,-75.47012786,-49.65271545,65.9086853,23.19400978,1,1
227.6539769,15,1572439504,AUT,FALSE,TRUE,TRUE,635.2021783,-48.56218177,141.3972294,-179.9844379,0.215465401,-179.8408278,-5.738014051,2.148394964,1.931099403,0.144248023,0.405062626,-0.181720764,-31.80377884,63.93162689,51.62567939,-70.47999,-49.72937805,67.55928841,21.20196876,1,1
227.7544429,15,1572439504,AUT,FALSE,TRUE,TRUE,652.1061197,-55.5796036,141.4378802,-179.9552089,0.232003112,-179.9615861,-6.013290772,4.186545532,1.651275848,0.089919668,0.406457855,-0.233304683,-31.80377884,63.93162689,51.62567939,-70.47999,-49.72937805,67.55928841,21.20196876,1,1
227.854991,15,1572439504,AUT,FALSE,TRUE,TRUE,672.7428688,-59.71296319,141.6355431,-179.9411165,0.192889977,179.9884014,-4.448070897,6.210735477,1.571550202,0.402472686,0.283651796,-0.239372816,-30.07372398,66.08620719,51.61175423,-65.12695656,-49.82840881,69.66725578,19.08504753,1,1
227.955461,15,1572439504,AUT,FALSE,TRUE,TRUE,672.7428688,-59.71296319,141.6355431,-179.9411165,0.192889977,179.9884014,-4.448070897,6.210735477,1.571550202,0.402472686,0.283651796,-0.239372816,-30.07372398,66.08620719,51.61175423,-65.12695656,-49.82840881,69.66725578,19.08504753,1,1
228.055964,15,1572439504,AUT,FALSE,TRUE,TRUE,691.5664774,-59.36549017,142.776284,-179.9734592,0.100211238,-179.9832441,0.145211374,3.313278914,0.972069099,-0.082236592,-0.28301772,-0.066383092,-28.29447784,67.72681961,51.55972023,-59.81295891,-49.86604248,71.85136871,17.42683296,1,1
228.1564269,15,1572439504,AUT,FALSE,TRUE,TRUE,691.5664774,-59.36549017,142.776284,-179.9734592,0.100211238,-179.9832441,0.145211374,3.313278914,0.972069099,-0.082236592,-0.28301772,-0.066383092,-28.29447784,67.72681961,51.55972023,-59.81295891,-49.86604248,71.85136871,17.42683296,1,1
228.256882,15,1572439504,AUT,FALSE,TRUE,TRUE,702.7642611,-57.19846418,143.43207,-179.9513736,-0.066834876,179.9823351,5.062899704,3.478269942,0.778871985,-0.082236592,-0.28301772,-0.066383092,-26.39296417,69.27803421,51.50158882,-56.26992645,-49.86156555,73.28438759,16.4270153,1,1
228.3573611,15,1572439504,AUT,FALSE,TRUE,TRUE,702.7642611,-57.19846418,143.43207,-179.9513736,-0.066834876,179.9823351,5.062899704,3.478269942,0.778871985,-0.110568593,-0.939061979,-0.268799314,-26.39296417,69.27803421,51.50158882,-56.26992645,-49.86156555,73.28438759,16.4270153,1,1
228.457911,15,1572439504,AUT,FALSE,TRUE,TRUE,708.1563215,-43.67923678,143.666434,-179.7940088,-0.117458897,179.8259666,3.136964875,7.833197257,0.056898786,-0.110568593,-0.939061979,-0.268799314,-24.81766204,69.9165287,51.61338844,-54.72856864,-49.82782653,73.92740364,16.76647568,1,1
228.5583909,15,1572439505,AUT,FALSE,TRUE,TRUE,708.1563215,-43.67923678,143.666434,-179.7940088,-0.117458897,179.8259666,3.136964875,7.833197257,0.056898786,0.521421805,-0.539459,-0.850850377,-24.81766204,69.9165287,51.61338844,-54.72856864,-49.82782653,73.92740364,16.76647568,1,1
228.6588569,15,1572439505,AUT,FALSE,TRUE,TRUE,708.1262728,-15.09581557,146.4167055,-179.8376953,-0.119266301,179.8338753,-2.233908812,5.569977201,0.628533414,0.198678515,0.663521525,-0.795054935,-22.73726692,69.63343849,51.77414589,-55.05820656,-49.81086364,74.02960052,19.24797478,1,1
228.75934,15,1572439505,AUT,FALSE,TRUE,TRUE,708.1262728,-15.09581557,146.4167055,-179.8376953,-0.119266301,179.8338753,-2.233908812,5.569977201,0.628533414,0.198678515,0.663521525,-0.795054935,-22.73726692,69.63343849,51.77414589,-55.05820656,-49.81086364,74.02960052,19.24797478,1,1
228.8602929,15,1572439505,AUT,FALSE,TRUE,TRUE,707.1260359,12.63329257,148.7696233,-179.8383809,-0.12071745,179.8402902,-3.297474314,4.743341457,1.261838811,-0.173523897,0.754650303,-0.924594163,-20.63637199,69.30517044,51.78332291,-55.36830253,-49.66590454,74.07621689,21.54375686,1,1
228.960851,15,1572439505,AUT,FALSE,TRUE,TRUE,707.1260359,12.63329257,148.7696233,-179.8383809,-0.12071745,179.8402902,-3.297474314,4.743341457,1.261838811,-0.173523897,0.754650303,-0.924594163,-20.63637199,69.30517044,51.78332291,-55.36830253,-49.66590454,74.07621689,21.54375686,1,1
229.0614619,15,1572439505,AUT,FALSE,TRUE,TRUE,705.4109415,49.535363,149.4143279,-179.8404332,-0.130208896,179.8639761,-4.186666682,7.989507035,2.647536106,0.710548617,0.947698064,-0.624584004,-18.11393852,69.21233596,51.76440239,-55.39804115,-49.60697937,74.10849609,24.56358261,1,1
229.162008,15,1572439505,AUT,FALSE,TRUE,TRUE,703.5999204,73.66783927,148.5705306,-179.9150278,-0.152968683,179.9353618,-1.498930801,3.307403438,1.921066238,0.15381056,0.51403711,-0.37419516,-15.52737236,69.28737945,51.66902389,-55.29342041,-49.61368652,74.10490837,26.5748188,1,1
229.262475,15,1572439505,AUT,FALSE,TRUE,TRUE,702.2636146,88.47276978,147.4837744,-179.9708465,-0.170600513,-179.9430421,0.831218596,1.095776662,1.189174116,-0.269846265,0.140406228,-0.246765415,-14.13084869,69.37374572,51.49625015,-55.15382538,-49.62458496,74.09514084,27.81288185,1,1
229.3629549,15,1572439505,AUT,FALSE,TRUE,TRUE,702.2636146,88.47276978,147.4837744,-179.9708465,-0.170600513,-179.9430421,0.831218596,1.095776662,1.189174116,-0.269846265,0.140406228,-0.246765415,-14.13084869,69.37374572,51.49625015,-55.15382538,-49.62458496,74.09514084,27.81288185,1,1
229.463464,15,1572439505,AUT,FALSE,TRUE,TRUE,699.9755682,95.25873806,146.3031707,-179.9715277,-0.410923579,-179.7861743,6.796327308,-1.76605767,0.548148018,-0.532250988,-0.18098066,-0.149760596,-13.49047623,69.38915748,51.38782539,-55.28176803,-49.61602661,74.19837456,28.4829895,1,1
229.5639648,15,1572439506,AUT,FALSE,TRUE,TRUE,694.1411306,96.6874457,143.4286681,-179.9433107,-0.745624331,-179.7461712,12.79234455,-1.502255976,-1.233458556,-0.362817338,-0.098727406,-0.211848856,-13.76330795,69.13687706,51.3865036,-56.58014259,-49.5951416,73.85672378,29.11201171,1,1
229.6644819,15,1572439506,AUT,FALSE,TRUE,TRUE,682.839264,96.90668076,140.691368,-179.9351095,-0.775363875,-179.7613338,11.17009601,2.283744645,-0.091269898,0.242527077,0.163689665,-0.234667503,-14.79113044,68.19439773,51.39111786,-59.77567406,-49.60927551,72.50234985,30.41491813,1,1
229.7649999,15,1572439506,AUT,FALSE,TRUE,TRUE,682.839264,96.90668076,140.691368,-179.9351095,-0.775363875,-179.7613338,11.17009601,2.283744645,-0.091269898,0.242527077,0.163689665,-0.234667503,-14.79113044,68.19439773,51.39111786,-59.77567406,-49.60927551,72.50234985,30.41491813,1,1
229.8654759,15,1572439506,AUT,FALSE,TRUE,TRUE,667.5343988,96.71013709,140.7596718,-179.9602103,-0.711520303,-179.6976045,7.803346091,-0.776354301,-1.571942431,-0.221911171,0.016329458,-0.189512772,-16.19079551,66.58582763,51.48690147,-64.01979561,-49.61564208,70.90155601,32.12699317,1,1
229.9659491,15,1572439506,AUT,FALSE,TRUE,TRUE,648.3937381,95.34155649,141.5123152,-179.868876,-0.65291481,-179.6966083,1.090268292,5.011755593,1.325830429,1.099442377,0.739797522,-0.260901553,-17.94520225,64.56099243,51.64716453,-69.07891731,-49.51515014,68.99770088,33.91480179,1,1
230.066426,15,1572439506,AUT,FALSE,TRUE,TRUE,628.8285646,92.66548035,141.1652316,-179.9835263,-0.44645169,-179.7043521,-2.455855326,1.249709277,1.375874998,-0.025890685,0.770267261,-0.495433893,-19.70520515,62.53406639,51.66905136,-74.03773384,-49.43871276,66.80992469,35.71708488,1,1
230.166918,15,1572439506,AUT,FALSE,TRUE,TRUE,612.7125406,88.21450759,141.2020468,-179.8191865,-0.286164295,-179.7047566,-7.845332008,5.505144961,2.144313814,-0.025890685,0.770267261,-0.495433893,-21.32927971,60.79833641,51.69923629,-78.11019401,-49.36506042,65.00839347,36.71940879,1,1
230.267453,15,1572439506,AUT,FALSE,TRUE,TRUE,612.7125406,88.21450759,141.2020468,-179.8191865,-0.286164295,-179.7047566,-7.845332008,5.505144961,2.144313814,0.861429013,1.434615865,-0.651649238,-21.32927971,60.79833641,51.69923629,-78.11019401,-49.36506042,65.00839347,36.71940879,1,1
230.3679368,15,1572439506,AUT,FALSE,TRUE,TRUE,603.2081627,84.40780166,140.4997134,-179.8458563,-0.117408952,-179.8223645,-10.9195693,8.024272927,4.3175961,0.82480793,1.946175175,-1.021247387,-22.46422233,59.77872963,51.69600219,-80.56522292,-49.311958,63.72551307,37.26507225,1,1
230.4684479,15,1572439506,AUT,FALSE,TRUE,TRUE,600.470823,84.47957229,140.2222068,-179.7470033,-0.038557504,-179.972866,-10.22877585,11.71218459,3.588716,1.269647423,1.792417573,-1.332249142,-22.79485244,59.51367073,51.76495857,-81.29360275,-49.30924987,63.29047851,37.38827018,1,1
230.56898,15,1572439507,AUT,FALSE,TRUE,TRUE,600.1814226,92.97736921,140.5751763,-179.6940394,-0.097083242,179.8083362,-4.504838814,11.74455629,3.487937066,0.80860353,0.808529846,-1.405643892,-22.19612503,59.72074584,52.07175178,-81.07815399,-49.34655944,63.46161804,37.98205032,1,1
230.6696041,15,1572439507,AUT,FALSE,TRUE,TRUE,600.1814226,92.97736921,140.5751763,-179.6940394,-0.097083242,179.8083362,-4.504838814,11.74455629,3.487937066,0.80860353,0.808529846,-1.405643892,-20.7118721,60.10383567,52.2810585,-80.78151626,-49.60739135,63.55161666,39.56222419,1,1
230.770263,15,1572439507,AUT,FALSE,TRUE,TRUE,598.8566939,109.6351597,139.1409469,-179.7296558,-0.101719044,179.7037772,-3.644841676,9.618496054,3.309454935,0.104420546,0.826357649,-1.188669918,-20.7118721,60.10383567,52.2810585,-80.78151626,-49.60739135,63.55161666,39.56222419,1,1
230.8710051,15,1572439507,AUT,FALSE,TRUE,TRUE,597.220728,131.5276825,137.1743467,-179.7430331,-0.082017569,179.7033455,-4.932633004,10.92973589,3.756011948,0.417949408,1.130572657,-0.990347696,-18.50372658,60.56165657,52.28822021,-80.23637809,-49.86588317,63.65166092,41.560009,1,1
230.9716389,15,1572439507,AUT,FALSE,TRUE,TRUE,595.9792625,155.6199741,135.8475547,-179.8179881,-0.097016675,179.6933168,-3.300778421,8.109644694,2.118854788,0.057103279,0.906341112,-0.916566955,-15.91501121,61.11103477,52.24570999,-79.26438674,-49.99016052,63.95565605,43.55745735,1,1
231.072264,15,1572439507,AUT,FALSE,TRUE,TRUE,595.0349149,180.7500696,135.6707108,-179.8068395,-0.120585785,179.713865,-1.933723589,9.894925478,2.2059733,0.287597552,0.739724926,-0.80980634,-13.16439514,61.69546279,52.21629066,-77.92113991,-50.05171691,64.52250938,45.40561523,1,1
231.1727469,15,1572439507,AUT,FALSE,TRUE,TRUE,595.0349149,180.7500696,135.6707108,-179.8068395,-0.120585785,179.713865,-1.933723589,9.894925478,2.2059733,0.287597552,0.739724926,-0.80980634,-13.16439514,61.69546279,52.21629066,-77.92113991,-50.05171691,64.52250938,45.40561523,1,1
231.2732499,15,1572439507,AUT,FALSE,TRUE,TRUE,593.060553,207.1917226,135.7163342,-179.8574434,-0.183273384,179.7712543,-0.402932045,4.965507087,1.436738242,-0.43410231,0.694683909,-0.674044126,-10.23041381,62.31223183,52.17702484,-76.42223396,-50.05351867,65.19818916,47.29775619,1,1
231.373718,15,1572439507,AUT,FALSE,TRUE,TRUE,590.7835333,230.7807844,135.6451855,-179.8850964,-0.17057706,179.8716209,0.381970048,6.141419749,1.596520282,-0.151800331,0.557901696,-0.54726617,-7.532391356,62.84716644,52.03014106,-74.99495888,-50.05383728,65.76840706,48.95254783,1,1
231.4742599,15,1572439507,AUT,FALSE,TRUE,TRUE,588.4099972,249.9938288,135.5181471,-179.978153,-0.173995098,-179.9961697,1.355062709,2.015396967,1.083411358,-0.561794385,0.370069251,-0.172334947,-5.259797281,63.30823516,51.8711277,-73.73785858,-50.04383422,66.2959671,50.35545044,1,1
231.574728,15,1572439508,AUT,FALSE,TRUE,TRUE,588.4099972,249.9938288,135.5181471,-179.978153,-0.173995098,-179.9961697,1.355062709,2.015396967,1.083411358,-0.561794385,0.370069251,-0.172334947,-5.259797281,63.30823516,51.8711277,-73.73785858,-50.04383422,66.2959671,50.35545044,1,1
231.675185,15,1572439508,AUT,FALSE,TRUE,TRUE,586.9693234,260.5998234,135.0665316,179.9449662,-0.274346797,-179.7980306,5.508106756,-4.577291468,-0.241968686,-1.66898489,-0.102418787,0.018518855,-3.836662669,63.60170059,51.63111419,-72.86521454,-49.9397882,66.71723099,51.03992957,1,1
231.7756519,15,1572439508,AUT,FALSE,TRUE,TRUE,582.0799036,264.2855218,133.4135115,-179.9663045,-0.536662109,-179.7411314,8.560035187,-0.251798223,1.717516684,-0.606918895,0.221708488,-0.045206238,-3.488196944,63.57078781,51.60041084,-73.28491287,-49.86351013,66.65342102,51.57073746,1,1
231.876133,15,1572439508,AUT,FALSE,TRUE,TRUE,571.5955908,266.6121469,131.4433474,-179.9772602,-0.534702799,-179.7375459,6.85617001,2.124236001,-2.258886752,-0.119958025,0.311264001,-0.041009854,-3.625546644,62.99934768,51.64424286,-75.27217483,-50.00687622,65.73912506,52.90907135,1,1
231.9766209,15,1572439508,AUT,FALSE,TRUE,TRUE,556.4605624,269.1301788,133.9020094,-179.9336133,-0.511872499,-179.7086988,6.85617001,2.124236001,-2.258886752,-0.119958025,0.311264001,-0.041009854,-3.958075331,61.69510231,51.93000755,-78.14880066,-49.99967468,64.82098045,54.6489933,1,1
232.077203,15,1572439508,AUT,FALSE,TRUE,TRUE,556.4605624,269.1301788,133.9020094,-179.9336133,-0.511872499,-179.7086988,5.114522879,3.762995635,-2.410304314,0.274706898,0.305817522,-0.124519183,-3.958075331,61.69510231,51.93000755,-78.14880066,-49.99967468,64.82098045,54.6489933,1,1
232.1776969,15,1572439508,AUT,FALSE,TRUE,TRUE,536.9072314,272.0259276,136.2248585,-179.9509235,-0.525328195,-179.6730766,2.750352918,3.792000659,2.46286611,0.481266847,0.6449463,-0.065818382,-4.2867897,60.03189239,52.22131348,-81.71103516,-49.8605548,63.60544624,56.88523636,1,1
232.2782049,15,1572439508,AUT,FALSE,TRUE,TRUE,517.7735931,272.046851,135.7185587,179.9789149,-0.43860143,-179.6012632,1.155089807,2.173454142,1.306360857,0.202738659,0.788904788,0.086482364,-4.665680694,58.4176197,52.22372017,-85.39459991,-49.83952148,61.97983017,59.05857239,1,1
232.3786929,15,1572439508,AUT,FALSE,TRUE,TRUE,500.1490341,269.2514095,134.4894974,-179.9463057,-0.39469376,-179.6212602,0.635905106,5.243826597,2.7974042,0.628671015,0.759486124,-0.17574273,-5.286367031,56.93408432,52.22432785,-88.94508591,-49.83786804,60.29610328,60.72342338,1,1
232.479059,15,1572439508,AUT,FALSE,TRUE,TRUE,500.1490341,269.2514095,134.4894974,-179.9463057,-0.39469376,-179.6212602,0.635905106,5.243826597,2.7974042,0.628671015,0.759486124,-0.17574273,-5.286367031,56.93408432,52.22432785,-88.94508591,-49.83786804,60.29610328,60.72342338,1,1
232.5795989,15,1572439509,AUT,FALSE,TRUE,TRUE,478.6028192,266.3613897,132.8880324,-179.9137444,-0.322041886,-179.7126746,-2.739890532,6.358415357,0.735306153,0.585196369,1.281771591,-0.40850779,-5.963845825,55.2027935,52.31772194,-93.12357444,-49.9200238,58.22957839,62.8397747,1,1